Time (s),Altitude (m),Velocity (m/s),Angular Velocity (rad/s),Fin Tab Angle (deg),Angular Position (deg)
0.000000000000000000e+00,1.000000000000000021e-02,0.000000000000000000e+00,1.150732880089517038e-04,0.000000000000000000e+00,0.000000000000000000e+00
2.500000000000000052e-03,9.988587501958051673e-03,1.528366411000721230e-02,1.150732880089517038e-04,0.000000000000000000e+00,0.000000000000000000e+00
5.000000000000000104e-03,1.006053269875982654e-02,1.100986087752028053e-01,1.150732880089517038e-04,0.000000000000000000e+00,0.000000000000000000e+00
7.499999999999999722e-03,1.041466880400078628e-02,2.844536520102826649e-01,1.150732880089517038e-04,0.000000000000000000e+00,0.000000000000000000e+00
1.000000000000000021e-02,1.125469183163055158e-02,5.196292695796597139e-01,1.150732880089517038e-04,0.000000000000000000e+00,0.000000000000000000e+00
1.250000000000000069e-02,1.269441803051505127e-02,7.766075703669123032e-01,1.150732880089517038e-04,0.000000000000000000e+00,0.000000000000000000e+00
1.500000000000000118e-02,1.478850529052036511e-02,1.053016362757833946e+00,1.150732880089517038e-04,0.000000000000000000e+00,0.000000000000000000e+00
1.750000000000000167e-02,1.758112932819923604e-02,1.337153231640372475e+00,1.150732880089517038e-04,0.000000000000000000e+00,0.000000000000000000e+00
2.000000000000000042e-02,2.108684410371167856e-02,1.626132318684964329e+00,1.150732880089517038e-04,0.000000000000000000e+00,0.000000000000000000e+00
2.249999999999999917e-02,2.531775567526816859e-02,1.919954697164258484e+00,1.150732880089517038e-04,0.000000000000000000e+00,0.000000000000000000e+00
2.499999999999999792e-02,3.028597331971709383e-02,2.218622603882881350e+00,1.150732880089517038e-04,0.000000000000000000e+00,0.000000000000000000e+00
2.749999999999999667e-02,3.600361265069238620e-02,2.522138382783940980e+00,1.150732880089517038e-04,0.000000000000000000e+00,0.000000000000000000e+00
2.999999999999999542e-02,4.248356831110153276e-02,2.827505335184708368e+00,1.150732880089517038e-04,0.000000000000000000e+00,0.000000000000000000e+00
3.249999999999999417e-02,4.972434886921554831e-02,3.128477020691492250e+00,1.150732880089517038e-04,0.000000000000000000e+00,0.000000000000000000e+00
3.499999999999999639e-02,5.771496430730035931e-02,3.424878129039217178e+00,1.150732880089215087e-04,0.000000000000000000e+00,0.000000000000000000e+00
3.749999999999999861e-02,6.644398687887319299e-02,3.716706733432814325e+00,1.150732880085423632e-04,0.000000000000000000e+00,0.000000000000000000e+00
4.000000000000000083e-02,7.589998438351017174e-02,4.003961430542076982e+00,1.150732880099806658e-04,0.000000000000000000e+00,0.000000000000000000e+00
4.250000000000000305e-02,8.607152138342991088e-02,4.286641161304620695e+00,1.150732880040703952e-04,0.000000000000000000e+00,1.648303434493993854e-05
4.500000000000000527e-02,9.694716000421174651e-02,4.564744868774988973e+00,1.150732879908968103e-04,0.000000000000000000e+00,3.296606869027243959e-05
4.750000000000000749e-02,1.085154595016884771e-01,4.838271297545954752e+00,1.150732880145929974e-04,0.000000000000000000e+00,4.944910303802184072e-05
5.000000000000000971e-02,1.207649759747279755e-01,5.107219181791649021e+00,1.150732879413908109e-04,0.000000000000000000e+00,6.593213738666288295e-05
5.250000000000001193e-02,1.336842623755454540e-01,5.371680210557155277e+00,1.150732879084450782e-04,0.000000000000000000e+00,8.241517174289626096e-05
5.500000000000001416e-02,1.472628286927544772e-01,5.634983918522738833e+00,1.150732879368164942e-04,0.000000000000000000e+00,9.889820610985737223e-05
5.750000000000001638e-02,1.614999056420270418e-01,5.898731702591631709e+00,1.150732879823412896e-04,0.000000000000000000e+00,1.153812404902213501e-04
6.000000000000001860e-02,1.763966052544053142e-01,6.162925019394045023e+00,1.150732882896488002e-04,0.000000000000000000e+00,1.318642748794738478e-04
6.250000000000001388e-02,1.919540406260945298e-01,6.427560916357078824e+00,1.150732884618355822e-04,0.000000000000000000e+00,1.483473092732297824e-04
6.500000000000001610e-02,2.081733151476203580e-01,6.692632997474795786e+00,1.150732887966576909e-04,0.000000000000000000e+00,1.648303436616282676e-04
6.750000000000001832e-02,2.250555150671348925e-01,6.958134969542587811e+00,1.150732883571760286e-04,0.000000000000000000e+00,1.813133780403485408e-04
7.000000000000002054e-02,2.426017123197017622e-01,7.224063117071602314e+00,1.150732887904291256e-04,0.000000000000000000e+00,1.977964124056566097e-04
7.250000000000002276e-02,2.608129709372813965e-01,7.490416000446928457e+00,1.150732888187742904e-04,0.000000000000000000e+00,2.142794467575317389e-04
7.500000000000002498e-02,2.796903524850335998e-01,7.757194035095300144e+00,1.150732897113788299e-04,0.000000000000000000e+00,2.142794467575317389e-04
7.750000000000002720e-02,2.992349205012804769e-01,8.024399032936130993e+00,1.150732901904406478e-04,0.000000000000000000e+00,2.142794467575317389e-04
8.000000000000002942e-02,3.194477439452716450e-01,8.292032902578439391e+00,1.150732915940817807e-04,0.000000000000000000e+00,2.142794467575317389e-04
8.250000000000003164e-02,3.403298955763542355e-01,8.560096424843264273e+00,1.150732929858694397e-04,0.000000000000000000e+00,2.307624810992485714e-04
8.500000000000003386e-02,3.618824498892058150e-01,8.828590138618073624e+00,1.150732942579989904e-04,0.000000000000000000e+00,2.472455154844802917e-04
8.750000000000003608e-02,3.841064826315038205e-01,9.097514436609872135e+00,1.150732943061500351e-04,0.000000000000000000e+00,2.637285499412653439e-04
8.999999999999999667e-02,4.070030704584877146e-01,9.366869597590094187e+00,1.150732946172901733e-04,0.000000000000000000e+00,2.802115844492829061e-04
9.249999999999999889e-02,4.305733184549924153e-01,9.637100527425346286e+00,1.150732929919076733e-04,0.000000000000000000e+00,2.966946189576810233e-04
9.500000000000000111e-02,4.548198932896042601e-01,9.908652170461326847e+00,1.150732912288358341e-04,0.000000000000000000e+00,2.966946189576810233e-04
9.750000000000000333e-02,4.797460968927957370e-01,1.018152475452474093e+01,1.150732873169943617e-04,0.000000000000000000e+00,3.131776531159883073e-04
1.000000000000000056e-01,5.053552316197950089e-01,1.045571808706361772e+01,1.150732822775732514e-04,0.000000000000000000e+00,3.296606868949158498e-04
1.025000000000000078e-01,5.316505988534616645e-01,1.073122974496424042e+01,1.150732817432612904e-04,0.000000000000000000e+00,3.461437203508843934e-04
1.050000000000000100e-01,5.586354925547127870e-01,1.100805826200348925e+01,1.150732800989689222e-04,0.000000000000000000e+00,3.626267535863769557e-04
1.075000000000000122e-01,5.863132052678328154e-01,1.128620439021170441e+01,1.150732775761241690e-04,0.000000000000000000e+00,3.791097867769110149e-04
1.100000000000000006e-01,6.146870315491652637e-01,1.156566912830462002e+01,1.150732792914616764e-04,0.000000000000000000e+00,3.955928201381801908e-04
1.125000000000000028e-01,6.437602099496757546e-01,1.184551522006346858e+01,1.150732863466783575e-04,0.000000000000000000e+00,4.120758537957636635e-04
1.150000000000000050e-01,6.735326877176951443e-01,1.212480547061914038e+01,1.150732943757893029e-04,0.000000000000000000e+00,4.285588877826137524e-04
1.175000000000000072e-01,7.040030760520006314e-01,1.240354138579533938e+01,1.150732902382648869e-04,0.000000000000000000e+00,4.450419220847328110e-04
1.200000000000000094e-01,7.351699900444930158e-01,1.268172487621223965e+01,1.150732935907965453e-04,0.000000000000000000e+00,4.615249567610755794e-04
1.225000000000000117e-01,7.670320503362518805e-01,1.295935966375468951e+01,1.150732943835443029e-04,0.000000000000000000e+00,4.780079918129811014e-04
1.250000000000000000e-01,7.995878877541749974e-01,1.323644982988690622e+01,1.150732960769928256e-04,0.000000000000000000e+00,4.944910272440250758e-04
1.275000000000000022e-01,8.328361425802045526e-01,1.351299816590264946e+01,1.150732993604245389e-04,0.000000000000000000e+00,5.109740630204354182e-04
1.300000000000000044e-01,8.667754613655702656e-01,1.378900624106305806e+01,1.150733012384845159e-04,0.000000000000000000e+00,5.274570991192364207e-04
1.325000000000000067e-01,9.014043472229070764e-01,1.406473035662769178e+01,1.150733032220583978e-04,0.000000000000000000e+00,5.439401354689244079e-04
1.350000000000000089e-01,9.367229072908929144e-01,1.434120755107867318e+01,1.150733068284131146e-04,0.000000000000000000e+00,5.604231720515587614e-04
1.375000000000000111e-01,9.727331527970418668e-01,1.461855147430933677e+01,1.150733082594667273e-04,0.000000000000000000e+00,5.769062090149738083e-04
1.400000000000000133e-01,1.009437249461262454e+00,1.489675982009443089e+01,1.150733090899030465e-04,0.000000000000000000e+00,5.933892463966624524e-04
1.425000000000000155e-01,1.046837356730965674e+00,1.517582940142457559e+01,1.150733106200852097e-04,0.000000000000000000e+00,6.098722841088175450e-04
1.450000000000000178e-01,1.084935625609175780e+00,1.545575620309994314e+01,1.150733133551352569e-04,0.000000000000000000e+00,6.263553219828317704e-04
1.475000000000000200e-01,1.123734196606830604e+00,1.573653545201046455e+01,1.150733116339657718e-04,0.000000000000000000e+00,6.428383596658289803e-04
1.500000000000000222e-01,1.163235197909725738e+00,1.601816213231329655e+01,1.150733009302378287e-04,0.000000000000000000e+00,6.593213971398690981e-04
1.525000000000000244e-01,1.203440745532559530e+00,1.630063699028574575e+01,1.150733062858468920e-04,0.000000000000000000e+00,6.758044347074447468e-04
1.550000000000000266e-01,1.244352963851218519e+00,1.658396372571391808e+01,1.150733041228962195e-04,0.000000000000000000e+00,6.922874722232094094e-04
1.575000000000000289e-01,1.285973982435922869e+00,1.686814212067285368e+01,1.150733071215607686e-04,0.000000000000000000e+00,7.087705097125581366e-04
1.600000000000000311e-01,1.328305930308895766e+00,1.715317195165803099e+01,1.150733181698915708e-04,0.000000000000000000e+00,7.252535470788995737e-04
1.625000000000000333e-01,1.371350935930523152e+00,1.743905298978925700e+01,1.150733142066271076e-04,0.000000000000000000e+00,7.417365842131420570e-04
1.650000000000000355e-01,1.415111127185997519e+00,1.772578500095032794e+01,1.150733110016033910e-04,0.000000000000000000e+00,7.582196211952856122e-04
1.675000000000000377e-01,1.459588631372309209e+00,1.801336774593280765e+01,1.150733015954393109e-04,0.000000000000000000e+00,7.747026581272196564e-04
1.700000000000000400e-01,1.504785575185593860e+00,1.830180098057092408e+01,1.150733069316384042e-04,0.000000000000000000e+00,7.911856950254825011e-04
1.725000000000000422e-01,1.550704084708810493e+00,1.859108445586807790e+01,1.150732778108454012e-04,0.000000000000000000e+00,8.076687318988982510e-04
1.750000000000000444e-01,1.597346285399733778e+00,1.888121791811668260e+01,1.150732710174347186e-04,0.000000000000000000e+00,8.241517689191357916e-04
1.775000000000000466e-01,1.644714302079240076e+00,1.917217440156915842e+01,1.150733002151420944e-04,0.000000000000000000e+00,8.406348061537724688e-04
1.800000000000000488e-01,1.692809981232203720e+00,1.946298724989505757e+01,1.150732983969798964e-04,0.000000000000000000e+00,8.571178434117654628e-04
1.825000000000000511e-01,1.741632347450233986e+00,1.975319223125534762e+01,1.150732903871618407e-04,0.000000000000000000e+00,8.736008808019985958e-04
1.850000000000000533e-01,1.791179880771428978e+00,2.004278882605204259e+01,1.150732982578767577e-04,0.000000000000000000e+00,8.900839183397169429e-04
1.875000000000000555e-01,1.841451059935357737e+00,2.033177651641529593e+01,1.150733507097454795e-04,0.000000000000000000e+00,9.065669559890443627e-04
1.900000000000000577e-01,1.892444362388569834e+00,2.062015478758841880e+01,1.150733612499174998e-04,0.000000000000000000e+00,9.230499935148710720e-04
1.925000000000000600e-01,1.944158264292566107e+00,2.090792312804700259e+01,1.150732986254573845e-04,0.000000000000000000e+00,9.395330308679665943e-04
1.950000000000000622e-01,1.996591240531851108e+00,2.119508102945042793e+01,1.150732949625287544e-04,0.000000000000000000e+00,9.560160683899925245e-04
1.975000000000000644e-01,2.049741764721867643e+00,2.148162798659953410e+01,1.150732448572032261e-04,0.000000000000000000e+00,9.724991062074394774e-04
2.000000000000000666e-01,2.103608309216828509e+00,2.176756349740026408e+01,1.150732752809126221e-04,0.000000000000000000e+00,9.889821445398228311e-04
2.025000000000000688e-01,2.158189345219502897e+00,2.205291104166957439e+01,1.150732656507687176e-04,0.000000000000000000e+00,1.005465183196787475e-03
2.050000000000000711e-01,2.213483584322732067e+00,2.233849885732016460e+01,1.150733075227571787e-04,0.000000000000000000e+00,1.021948222201331073e-03
2.075000000000000733e-01,2.269492154511380200e+00,2.262472328534885690e+01,1.150732553857635766e-04,0.000000000000000000e+00,1.038431261288953180e-03
2.100000000000000755e-01,2.326216646725539849e+00,2.291158329059911836e+01,1.150733005783644453e-04,0.000000000000000000e+00,1.054914300680919077e-03
2.125000000000000777e-01,2.383658649325316681e+00,2.319907786030922736e+01,1.150733227392002609e-04,0.000000000000000000e+00,1.071397340078390987e-03
2.150000000000000799e-01,2.441819748155414693e+00,2.348720601034103694e+01,1.150733022957429498e-04,0.000000000000000000e+00,1.087880379180423658e-03
2.175000000000000822e-01,2.500701526615912051e+00,2.377596678385449636e+01,1.150732839238601316e-04,0.000000000000000000e+00,1.104363417790602811e-03
2.200000000000000844e-01,2.560305565729781740e+00,2.406535925005070808e+01,1.150733443976088345e-04,0.000000000000000000e+00,1.120846455924282264e-03
2.225000000000000866e-01,2.620633444207319140e+00,2.435538250300336216e+01,1.150732272940560683e-04,0.000000000000000000e+00,1.137329493382646444e-03
2.250000000000000888e-01,2.681686738508152423e+00,2.464603566094092812e+01,1.150731246100430830e-04,0.000000000000000000e+00,1.153812530232501288e-03
2.275000000000000910e-01,2.743467022899525709e+00,2.493731786416131513e+01,1.150731880865233807e-04,0.000000000000000000e+00,1.170295566370667178e-03
2.300000000000000100e-01,2.805975869514783838e+00,2.522922827756703512e+01,1.150731814041999442e-04,0.000000000000000000e+00,1.170295566370667178e-03
2.325000000000000122e-01,2.869214822601068970e+00,2.552135318200738467e+01,1.150732680392146446e-04,0.000000000000000000e+00,1.186778599943104189e-03
2.350000000000000144e-01,2.933183974935668292e+00,2.581327880888060378e+01,1.150732698907396949e-04,0.000000000000000000e+00,1.203261631855689255e-03
2.375000000000000167e-01,2.997882827813340256e+00,2.610500425821379977e+01,1.150732717834030214e-04,0.000000000000000000e+00,1.219744661977057191e-03
2.400000000000000189e-01,3.063310880282240856e+00,2.639652865011944627e+01,1.150733070135616013e-04,0.000000000000000000e+00,1.236227690075901702e-03
2.425000000000000211e-01,3.129467629205158197e+00,2.668785112416458460e+01,1.150733140088111686e-04,0.000000000000000000e+00,1.252710716252644629e-03
2.450000000000000233e-01,3.196352569308144265e+00,2.697897084736655060e+01,1.150734333911957889e-04,0.000000000000000000e+00,1.269193741004938456e-03
2.475000000000000255e-01,3.263965193245367047e+00,2.726988700161627222e+01,1.150734041191693629e-04,0.000000000000000000e+00,1.285676765781560479e-03
2.500000000000000000e-01,3.332304991635385516e+00,2.756059878866164681e+01,1.150734695882422613e-04,0.000000000000000000e+00,1.302159791462473683e-03
2.525000000000000022e-01,3.401371453114715671e+00,2.785110545623403411e+01,1.150734553087604081e-04,0.000000000000000000e+00,1.318642819734563293e-03
2.550000000000000044e-01,3.471164064476975231e+00,2.814140627357552660e+01,1.150735061709710238e-04,0.000000000000000000e+00,1.335125852010881926e-03
2.575000000000000067e-01,3.541682310673315737e+00,2.843150050391686889e+01,1.150735332992922874e-04,0.000000000000000000e+00,1.351608891283427941e-03
2.600000000000000089e-01,3.612925674823372013e+00,2.872138742871749528e+01,1.150735703811401201e-04,0.000000000000000000e+00,1.368091939428667985e-03
2.625000000000000111e-01,3.684893638260714699e+00,2.901106634744062518e+01,1.150735878661731813e-04,0.000000000000000000e+00,1.384575002117243315e-03
2.650000000000000133e-01,3.757585680577730791e+00,2.930053657734866235e+01,1.150736156303134385e-04,0.000000000000000000e+00,1.401058081276403090e-03
2.675000000000000155e-01,3.831001279670026793e+00,2.958979745332968037e+01,1.150736901751192186e-04,0.000000000000000000e+00,1.417541179267085578e-03
2.700000000000000178e-01,3.905139911780390438e+00,2.987884832775830191e+01,1.150737514951505059e-04,0.000000000000000000e+00,1.434024296327604054e-03
2.725000000000000200e-01,3.980001051542463308e+00,3.016768857037707008e+01,1.150738519817347830e-04,0.000000000000000000e+00,1.450507433395622310e-03
2.750000000000000222e-01,4.055584172024072842e+00,3.045631756818799829e+01,1.150740061797360608e-04,0.000000000000000000e+00,1.466990592001589508e-03
2.775000000000000244e-01,4.131888744770337851e+00,3.074473472536785934e+01,1.150739009596661128e-04,0.000000000000000000e+00,1.483473772179600119e-03
2.800000000000000266e-01,4.208914239846572869e+00,3.103293946320574648e+01,1.150739579707116690e-04,0.000000000000000000e+00,1.499956982251043729e-03
2.825000000000000289e-01,4.286660125881031291e+00,3.132093122005779406e+01,1.150737701990554401e-04,0.000000000000000000e+00,1.516440226315378306e-03
2.850000000000000311e-01,4.365125870107551265e+00,3.160870945131531329e+01,1.150737502944444403e-04,0.000000000000000000e+00,1.532923517902538618e-03
2.875000000000000333e-01,4.444310938408138512e+00,3.189627362939478061e+01,1.150734837517978571e-04,0.000000000000000000e+00,1.549406866946946657e-03
2.899999999999999800e-01,4.524214795355533170e+00,3.218362324373930505e+01,1.150738709077469212e-04,0.000000000000000000e+00,1.565890287421896950e-03
2.924999999999999822e-01,4.604836914139232462e+00,3.247091594141409843e+01,1.150736934383654863e-04,0.000000000000000000e+00,1.582373784105919933e-03
2.949999999999999845e-01,4.686177321854897215e+00,3.275830941100948479e+01,1.150743421125552477e-04,0.000000000000000000e+00,1.598857374205792841e-03
2.974999999999999867e-01,4.768236270188524806e+00,3.304580323097237482e+01,1.150735128322752631e-04,0.000000000000000000e+00,1.615341059367521705e-03
2.999999999999999889e-01,4.851014009781195568e+00,3.333339699552838198e+01,1.150736174346377201e-04,0.000000000000000000e+00,1.631824867845788323e-03
3.024999999999999911e-01,4.934510790756670318e+00,3.362109804748574504e+01,1.150740966766054856e-04,0.000000000000000000e+00,1.648308812998451134e-03
3.049999999999999933e-01,5.018726889470684682e+00,3.390891388795596129e+01,1.150739263734839186e-04,0.000000000000000000e+00,1.664792911902649537e-03
3.074999999999999956e-01,5.103662592793706487e+00,3.419684433985155181e+01,1.150737306541899568e-04,0.000000000000000000e+00,1.681277175582826609e-03
3.099999999999999978e-01,5.189318187153482143e+00,3.448488922601946882e+01,1.150742180147289943e-04,0.000000000000000000e+00,1.697761623876259569e-03
3.125000000000000000e-01,5.275693958534800387e+00,3.477304836910612806e+01,1.150758389812284762e-04,0.000000000000000000e+00,1.714246269415088328e-03
3.150000000000000022e-01,5.362790192478898099e+00,3.506132159133685633e+01,1.150764963344650310e-04,0.000000000000000000e+00,1.730731122076444332e-03
3.175000000000000044e-01,5.450607174082255035e+00,3.534970871436364348e+01,1.150777607273737227e-04,0.000000000000000000e+00,1.747216187183804267e-03
3.200000000000000067e-01,5.539145187995131003e+00,3.563820955910482269e+01,1.150777666999073883e-04,0.000000000000000000e+00,1.763701470793301810e-03
3.225000000000000089e-01,5.628404518419603875e+00,3.592682394554033465e+01,1.150761354978843096e-04,0.000000000000000000e+00,1.780187005225338740e-03
3.250000000000000111e-01,5.718385449107092455e+00,3.621555169250719075e+01,1.150761373322986032e-04,0.000000000000000000e+00,1.796672821379817703e-03
3.275000000000000133e-01,5.809088263355391746e+00,3.650439261746977593e+01,1.150756945628491755e-04,0.000000000000000000e+00,1.813158956947514763e-03
3.300000000000000155e-01,5.900513244005127333e+00,3.679334653635317665e+01,1.150716741492560961e-04,0.000000000000000000e+00,1.829645428767426698e-03
3.325000000000000178e-01,5.992660673435783458e+00,3.708241326327997456e+01,1.150788416699628905e-04,0.000000000000000000e+00,1.846132315762201437e-03
3.350000000000000200e-01,6.085530833561044517e+00,3.737159261033936275e+01,1.150838629832752090e-04,0.000000000000000000e+00,1.862619581432276494e-03
3.375000000000000222e-01,6.179124005823602772e+00,3.766088438733078902e+01,1.150865134885162766e-04,0.000000000000000000e+00,1.879107208936043466e-03
3.400000000000000244e-01,6.273440471189257295e+00,3.795028840154364502e+01,1.150897178127909188e-04,0.000000000000000000e+00,1.895595187604694719e-03
3.425000000000000266e-01,6.368480510140520856e+00,3.823980445748225065e+01,1.150882096735003299e-04,0.000000000000000000e+00,1.912083531804633068e-03
3.450000000000000289e-01,6.464244402669506506e+00,3.852943235658153043e+01,1.150884804207426233e-04,0.000000000000000000e+00,1.928572279938673946e-03
3.475000000000000311e-01,6.560732428270069860e+00,3.881917189692259029e+01,1.150867603837786899e-04,0.000000000000000000e+00,1.945061452955080660e-03
3.500000000000000333e-01,6.657944865929289691e+00,3.910902287295841262e+01,1.150869584756807296e-04,0.000000000000000000e+00,1.961551098620928010e-03
3.525000000000000355e-01,6.755881993444991629e+00,3.939897434194668335e+01,1.150798733817380933e-04,0.000000000000000000e+00,1.978041260968589014e-03
3.550000000000000377e-01,6.854544050366290442e+00,3.968901522126903103e+01,1.150766057989146884e-04,0.000000000000000000e+00,1.994532019685083240e-03
3.575000000000000400e-01,6.953931259995155933e+00,3.997914513192568364e+01,1.150848786293080068e-04,0.000000000000000000e+00,2.011023459376701846e-03
3.600000000000000422e-01,7.054043844704110278e+00,4.026936372653041474e+01,1.150903143566851572e-04,0.000000000000000000e+00,2.027515572240377612e-03
3.625000000000000444e-01,7.154882026015074281e+00,4.055967068893470184e+01,1.150983710878392781e-04,0.000000000000000000e+00,2.044008372425010472e-03
3.650000000000000466e-01,7.256446024677181583e+00,4.085006573384266204e+01,1.150944363729926106e-04,0.000000000000000000e+00,2.060501862145880467e-03
3.675000000000000488e-01,7.358736060743769514e+00,4.114054860639533473e+01,1.151031937019450670e-04,0.000000000000000000e+00,2.076996111255057474e-03
3.700000000000000511e-01,7.461752353648171798e+00,4.143111908179480452e+01,1.150904421670750330e-04,0.000000000000000000e+00,2.093491118514348350e-03
3.725000000000000533e-01,7.565495122278705686e+00,4.172177696490144427e+01,1.151031223963163612e-04,0.000000000000000000e+00,2.109987023529606015e-03
3.750000000000000555e-01,7.669964585052558625e+00,4.201252208974017321e+01,1.151002894633668561e-04,0.000000000000000000e+00,2.126483824874458427e-03
3.775000000000000577e-01,7.775160959988395071e+00,4.230335431907606392e+01,1.151134700304544932e-04,0.000000000000000000e+00,2.142981592893339858e-03
3.800000000000000600e-01,7.881084464778019161e+00,4.259427354396422061e+01,1.150924050782712346e-04,0.000000000000000000e+00,2.159480328972995626e-03
3.825000000000000622e-01,7.987735316856801937e+00,4.288527968325215767e+01,1.150834696231834765e-04,0.000000000000000000e+00,2.175980226638336672e-03
3.850000000000000644e-01,8.095113733472828699e+00,4.317637268301962195e+01,1.150967452573338560e-04,0.000000000000000000e+00,2.192481439597313876e-03
3.875000000000000666e-01,8.203219931754746952e+00,4.346755251603229908e+01,1.150787539728886379e-04,0.000000000000000000e+00,2.208983972249886803e-03
3.900000000000000688e-01,8.312054128778092021e+00,4.375881918121569925e+01,1.150871650384346510e-04,0.000000000000000000e+00,2.225488012135638707e-03
3.925000000000000711e-01,8.421616541630442043e+00,4.405017270300383103e+01,1.150857690254428542e-04,0.000000000000000000e+00,2.241993626842541266e-03
3.950000000000000733e-01,8.531907387474710447e+00,4.434161313069854060e+01,1.150640995235026201e-04,0.000000000000000000e+00,2.258500935859474642e-03
3.975000000000000755e-01,8.642926883611051991e+00,4.463314053783474833e+01,1.150933581738629958e-04,0.000000000000000000e+00,2.275010171090625227e-03
4.000000000000000777e-01,8.754675248390908493e+00,4.492474758241687027e+01,1.150738473187475693e-04,0.000000000000000000e+00,2.291521286675869597e-03
4.025000000000000799e-01,8.867152657472693988e+00,4.521639392288626169e+01,1.150667971533580114e-04,0.000000000000000000e+00,2.308034527457826154e-03
4.050000000000000822e-01,8.980359210457844910e+00,4.550808958015922911e+01,1.150667134616159846e-04,0.000000000000000000e+00,2.324549992978190531e-03
4.075000000000000844e-01,9.094295030439250027e+00,4.579983412649925612e+01,1.150669961292614599e-04,0.000000000000000000e+00,2.341067830324389601e-03
4.100000000000000866e-01,9.208960239315393537e+00,4.609162691399016154e+01,1.150607409420347096e-04,0.000000000000000000e+00,2.357588107893715534e-03
4.125000000000000888e-01,9.324354957241794750e+00,4.638346707791173174e+01,1.150685037047448963e-04,0.000000000000000000e+00,2.374110956645590024e-03
4.150000000000000910e-01,9.440479302090990288e+00,4.667535354023833349e+01,1.150636016615981262e-04,0.000000000000000000e+00,2.390636468309826485e-03
4.175000000000000933e-01,9.557333388921176009e+00,4.696728501318254700e+01,1.150988157066322058e-04,0.000000000000000000e+00,2.407164781322362977e-03
4.200000000000000955e-01,9.674917329453894155e+00,4.725926000286865758e+01,1.151179084090465823e-04,0.000000000000000000e+00,2.423695807561759667e-03
4.225000000000000977e-01,9.793231231560824313e+00,4.755127681307079257e+01,1.151127471158880274e-04,0.000000000000000000e+00,2.440229512210881704e-03
4.250000000000000999e-01,9.912275198760085004e+00,4.784333354909811220e+01,1.151272446569519351e-04,0.000000000000000000e+00,2.456766025863613319e-03
4.275000000000001021e-01,1.003204932972231234e+01,4.813542812181585617e+01,1.151191784024515236e-04,0.000000000000000000e+00,2.473305317690773723e-03
4.300000000000001044e-01,1.015255371778680704e+01,4.842755825177434303e+01,1.151251821951140912e-04,0.000000000000000000e+00,2.489847546021721654e-03
4.325000000000001066e-01,1.027378845048816380e+01,4.871972147356061811e+01,1.150608156842358395e-04,0.000000000000000000e+00,2.506392784738428834e-03
4.350000000000001088e-01,1.039575360909385537e+01,4.901191514029135021e+01,1.151047643059035613e-04,0.000000000000000000e+00,2.522941344197410923e-03
4.375000000000001110e-01,1.051844926815313741e+01,4.930413642830809806e+01,1.151265234586466764e-04,0.000000000000000000e+00,2.539493150844195080e-03
4.400000000000001132e-01,1.064187549505783537e+01,4.959638234207978513e+01,1.151046810412606188e-04,0.000000000000000000e+00,2.556048123990997158e-03
4.425000000000001155e-01,1.076603234961548416e+01,4.988864971932170533e+01,1.151248190314738991e-04,0.000000000000000000e+00,2.572606397736730988e-03
4.450000000000001177e-01,1.089091988363540331e+01,5.018093523632801833e+01,1.151097652791877968e-04,0.000000000000000000e+00,2.589167932537420839e-03
4.475000000000001199e-01,1.101653814052823321e+01,5.047323541353883769e+01,1.151630202743795009e-04,0.000000000000000000e+00,2.605732820758839725e-03
4.500000000000001221e-01,1.114288715491949233e+01,5.076554662136494045e+01,1.152215651869780024e-04,0.000000000000000000e+00,2.622300850658329519e-03
4.525000000000001243e-01,1.126996695156457662e+01,5.105785486259942729e+01,1.152249321392145366e-04,0.000000000000000000e+00,2.638871942064997290e-03
4.550000000000001266e-01,1.139777751025946628e+01,5.135014732406716575e+01,1.153125412813101345e-04,0.000000000000000000e+00,2.655446205906368887e-03
4.575000000000001288e-01,1.152631879045744157e+01,5.164242215287440985e+01,1.153257272037268668e-04,0.000000000000000000e+00,2.672023559917159445e-03
4.600000000000001310e-01,1.165559074708268028e+01,5.193467767663286594e+01,1.152791585784489615e-04,0.000000000000000000e+00,2.688604085770082697e-03
4.625000000000001332e-01,1.178559333097929240e+01,5.222691239955533860e+01,1.153050247038610760e-04,0.000000000000000000e+00,2.705188162667527315e-03
4.650000000000001354e-01,1.191632648935067351e+01,5.251912499849443350e+01,1.153076373739874094e-04,0.000000000000000000e+00,2.721775875009118176e-03
4.675000000000001377e-01,1.204779016618874188e+01,5.281131431888147887e+01,1.152640604755575447e-04,0.000000000000000000e+00,2.738367515211549003e-03
4.700000000000001399e-01,1.217998430269314980e+01,5.310347937061926871e+01,1.151335528210279790e-04,0.000000000000000000e+00,2.754963412478222615e-03
4.725000000000001421e-01,1.231290883768005173e+01,5.339561932386037313e+01,1.150905390362409199e-04,0.000000000000000000e+00,2.771564305458363697e-03
4.750000000000001443e-01,1.244656370798034750e+01,5.368773350471769845e+01,1.150984592534065322e-04,0.000000000000000000e+00,2.788170553014298822e-03
4.775000000000001465e-01,1.258094884882712883e+01,5.397982139088625786e+01,1.150986199431755318e-04,0.000000000000000000e+00,2.804782476011114228e-03
4.800000000000001488e-01,1.271606419423211420e+01,5.427188260713760570e+01,1.151157168387101202e-04,0.000000000000000000e+00,2.821400256699226061e-03
4.825000000000001510e-01,1.285190964689323145e+01,5.456397004461642553e+01,1.151750319011567999e-04,0.000000000000000000e+00,2.838024254030917150e-03
4.850000000000001532e-01,1.298848544191970333e+01,5.485629901016798016e+01,1.151799300722474654e-04,0.000000000000000000e+00,2.854654555351777891e-03
4.875000000000001554e-01,1.312579220990345164e+01,5.514889340325893130e+01,1.152225287335353638e-04,0.000000000000000000e+00,2.871291454602984804e-03
4.900000000000001577e-01,1.326383061446008860e+01,5.544175336635247220e+01,1.151666449995905367e-04,0.000000000000000000e+00,2.887935230024151964e-03
4.925000000000001599e-01,1.340260131963042767e+01,5.573487916153539601e+01,1.151255474494691187e-04,0.000000000000000000e+00,2.904586488094940567e-03
4.950000000000001621e-01,1.354210499017654712e+01,5.602827116514808381e+01,1.150511360138813441e-04,0.000000000000000000e+00,2.921245596259566726e-03
4.975000000000001643e-01,1.368234229186433915e+01,5.632192986227376963e+01,1.150910330052345450e-04,0.000000000000000000e+00,2.937913232021811382e-03
5.000000000000001110e-01,1.382331389173219804e+01,5.661585584107491087e+01,1.151741708862071950e-04,0.000000000000000000e+00,2.954589727399650582e-03
5.025000000000000577e-01,1.396502045997727492e+01,5.691007209131175415e+01,1.151794291490739191e-04,0.000000000000000000e+00,2.971275126176374688e-03
5.050000000000000044e-01,1.410746274592594318e+01,5.720459881306855010e+01,1.151790125677922688e-04,0.000000000000000000e+00,2.987969568478930638e-03
5.074999999999999512e-01,1.425064152363628800e+01,5.749943209234353247e+01,1.150345278951797552e-04,0.000000000000000000e+00,3.004673303183320269e-03
5.099999999999998979e-01,1.439455755712043228e+01,5.779456755768998732e+01,1.151200510848520288e-04,0.000000000000000000e+00,3.021386874815997891e-03
5.124999999999998446e-01,1.453921159920706074e+01,5.809000039146382477e+01,1.149078275895673676e-04,0.000000000000000000e+00,3.038110187953583369e-03
5.149999999999997913e-01,1.468460439043257360e+01,5.838572534176838502e+01,1.148973594164772469e-04,0.000000000000000000e+00,3.054844106807540812e-03
5.174999999999997380e-01,1.483073665796229612e+01,5.868173673508790245e+01,1.148688993992091060e-04,0.000000000000000000e+00,3.071588764010420563e-03
5.199999999999996847e-01,1.497760911454386346e+01,5.897802848964569478e+01,1.149762210564933329e-04,0.000000000000000000e+00,3.088344275573070251e-03
5.224999999999996314e-01,1.512522245749426197e+01,5.927459412946891604e+01,1.150417076721246340e-04,0.000000000000000000e+00,3.105110500654413228e-03
5.249999999999995781e-01,1.527357736772259678e+01,5.957142679926447215e+01,1.149720703196581602e-04,0.000000000000000000e+00,3.121887245908689951e-03
5.274999999999995248e-01,1.542267457447175083e+01,5.986840471967134647e+01,1.150451379725510889e-04,0.000000000000000000e+00,3.138674701197883762e-03
5.299999999999994715e-01,1.557251407081796124e+01,6.016505585330688177e+01,1.152417664415851826e-04,0.000000000000000000e+00,3.155472608552819559e-03
5.324999999999994182e-01,1.572309497767608910e+01,6.046132093229842752e+01,1.154171321947801025e-04,0.000000000000000000e+00,3.172280286191874431e-03
5.349999999999993650e-01,1.587441632540308412e+01,6.075719188974851903e+01,1.152730904082388032e-04,0.000000000000000000e+00,3.189097176938847800e-03
5.374999999999993117e-01,1.602647712402438884e+01,6.105266037597248641e+01,1.151487258446620742e-04,0.000000000000000000e+00,3.205923483894866297e-03
5.399999999999992584e-01,1.617927636253785906e+01,6.134771777838547990e+01,1.151694594335683053e-04,0.000000000000000000e+00,3.222759574656731876e-03
5.424999999999992051e-01,1.633281300826802251e+01,6.164235524241637165e+01,1.150586453043866899e-04,0.000000000000000000e+00,3.239605144166345530e-03
5.449999999999991518e-01,1.648708600627320919e+01,6.193656369304368070e+01,1.150295985218638514e-04,0.000000000000000000e+00,3.256460052891027579e-03
5.474999999999990985e-01,1.664209427880762604e+01,6.223033384704181969e+01,1.152107673340272949e-04,0.000000000000000000e+00,3.273324238317663979e-03
5.499999999999990452e-01,1.679783672485796941e+01,6.252365509121535325e+01,1.150215489652650598e-04,0.000000000000000000e+00,3.290196797260064396e-03
5.524999999999989919e-01,1.695431221537479871e+01,6.281652370894791204e+01,1.148388679812314457e-04,0.000000000000000000e+00,3.307077995935034376e-03
5.549999999999989386e-01,1.711151962206902866e+01,6.310893913598976468e+01,1.146004028216138275e-04,0.000000000000000000e+00,3.323968029671057773e-03
5.574999999999988853e-01,1.726945780742770609e+01,6.340089344657038595e+01,1.148623588499134336e-04,0.000000000000000000e+00,3.340867095922322137e-03
5.599999999999988320e-01,1.742812561422072548e+01,6.369237889080393700e+01,1.148677959653545642e-04,0.000000000000000000e+00,3.357774157777240927e-03
5.624999999999987788e-01,1.758752186594661282e+01,6.398338790582102575e+01,1.146889123098293768e-04,0.000000000000000000e+00,3.374688984764221810e-03
5.649999999999999467e-01,1.774764536730622311e+01,6.427391312710085458e+01,1.148872153718616748e-04,0.000000000000000000e+00,3.391611353348069225e-03
5.674999999999998934e-01,1.790849492723119596e+01,6.456430752679031571e+01,1.150965098549025436e-04,0.000000000000000000e+00,3.408540502897245382e-03
5.699999999999998401e-01,1.807007060095306628e+01,6.485492414365873515e+01,1.150521005775296309e-04,0.000000000000000000e+00,3.425475478068003461e-03
5.724999999999997868e-01,1.823237294002749920e+01,6.514575604711156132e+01,1.147914086638426807e-04,0.000000000000000000e+00,3.442415870410863929e-03
5.749999999999997335e-01,1.839540247881392787e+01,6.543679654042368554e+01,1.146668436360270338e-04,0.000000000000000000e+00,3.459361601414396789e-03
5.774999999999996803e-01,1.855915973506606065e+01,6.572803917210298152e+01,1.142821495344883628e-04,0.000000000000000000e+00,3.476312474234863684e-03
5.799999999999996270e-01,1.872364521055164133e+01,6.601947774599460672e+01,1.140300124127927489e-04,0.000000000000000000e+00,3.493268719416893573e-03
5.824999999999995737e-01,1.888885939169573547e+01,6.631110633192216142e+01,1.140445161655939037e-04,0.000000000000000000e+00,3.510230105083695686e-03
5.849999999999995204e-01,1.905480275025269776e+01,6.660291927573383930e+01,1.137857598088576317e-04,0.000000000000000000e+00,3.527196070234378446e-03
5.874999999999994671e-01,1.922147574400102243e+01,6.689491120835339188e+01,1.137341489449708104e-04,0.000000000000000000e+00,3.544166353792579070e-03
5.899999999999994138e-01,1.938887881746092390e+01,6.718707705516217743e+01,1.137709259443566470e-04,0.000000000000000000e+00,3.561140403327667237e-03
5.924999999999993605e-01,1.955701240263615759e+01,6.747941204585413288e+01,1.137558617921013288e-04,0.000000000000000000e+00,3.578117283740517209e-03
5.949999999999993072e-01,1.972587691978083058e+01,6.777191172328058144e+01,1.136970312176135425e-04,0.000000000000000000e+00,3.595096381796423785e-03
5.974999999999992539e-01,1.989547277818608606e+01,6.806457195191919141e+01,1.136525092620449578e-04,0.000000000000000000e+00,3.612076676065514858e-03
5.999999999999999778e-01,2.006580037698970287e+01,6.835738892597754557e+01,1.139020165953534363e-04,0.000000000000000000e+00,3.629057535130807925e-03
6.024999999999999245e-01,2.023686009674971231e+01,6.865021135162564292e+01,1.139707927741680032e-04,0.000000000000000000e+00,3.646038477753316392e-03
6.049999999999998712e-01,2.040865179080288527e+01,6.894288932884165888e+01,1.141074644580639656e-04,0.000000000000000000e+00,3.663019303885505732e-03
6.074999999999998179e-01,2.058117509709057913e+01,6.923542096872310481e+01,1.139384519878906159e-04,0.000000000000000000e+00,3.679999997394612418e-03
6.099999999999997646e-01,2.075442964853291627e+01,6.952780385571594479e+01,1.139394165714327251e-04,0.000000000000000000e+00,3.696980892458104698e-03
6.124999999999997113e-01,2.092841507171491955e+01,6.982003505380133390e+01,1.136281585132127320e-04,0.000000000000000000e+00,3.713962244521701404e-03
6.149999999999996581e-01,2.110313098558949463e+01,7.011211111428475817e+01,1.138873555131241232e-04,0.000000000000000000e+00,3.730944638983940773e-03
6.174999999999996048e-01,2.127857700020050302e+01,7.040402808416645541e+01,1.138942523469561608e-04,0.000000000000000000e+00,3.747928113491384022e-03
6.199999999999995515e-01,2.145475271542698081e+01,7.069578151473361061e+01,1.132503582867798442e-04,0.000000000000000000e+00,3.764912993840966587e-03
6.224999999999994982e-01,2.163165771974817275e+01,7.098736647210283479e+01,1.131665475725968643e-04,0.000000000000000000e+00,3.781900509356291452e-03
6.249999999999994449e-01,2.180929158903788689e+01,7.127877754821412282e+01,1.130034449719586416e-04,0.000000000000000000e+00,3.798891369364685092e-03
6.274999999999993916e-01,2.198765388538527787e+01,7.157000887373851583e+01,1.128127301583997151e-04,0.000000000000000000e+00,3.815886230715189245e-03
6.299999999999993383e-01,2.216674415594911807e+01,7.186105413111144458e+01,1.127755507759968219e-04,0.000000000000000000e+00,3.832885869925372908e-03
6.324999999999992850e-01,2.234656193184454764e+01,7.215190656933937419e+01,1.128260722013386648e-04,0.000000000000000000e+00,3.849890896434668159e-03
6.349999999999992317e-01,2.252710672706955464e+01,7.244255901987659740e+01,1.126667138901471873e-04,0.000000000000000000e+00,3.866901947961916709e-03
6.374999999999991784e-01,2.270837803746859862e+01,7.273300391387148522e+01,1.131052516237547053e-04,0.000000000000000000e+00,3.883920124065449661e-03
6.399999999999991251e-01,2.289037530934747977e+01,7.302335091284065527e+01,1.130505748016670759e-04,0.000000000000000000e+00,3.900945786542234835e-03
6.424999999999990719e-01,2.307309853329064353e+01,7.331383711974483219e+01,1.129739798993259107e-04,0.000000000000000000e+00,3.917980095476810212e-03
6.449999999999990186e-01,2.325654805360562705e+01,7.360446455592213510e+01,1.131240769971158735e-04,0.000000000000000000e+00,3.935023873345737909e-03
6.474999999999989653e-01,2.344072422167479886e+01,7.389523031862235314e+01,1.129404440090638902e-04,0.000000000000000000e+00,3.952078266952526418e-03
6.499999999999989120e-01,2.362562738174413823e+01,7.418613173309641695e+01,1.124518033590882622e-04,0.000000000000000000e+00,3.969144373825504377e-03
6.524999999999988587e-01,2.381125786940273414e+01,7.447713453632167102e+01,1.119595322919409694e-04,0.000000000000000000e+00,3.986223428963236136e-03
6.549999999999988054e-01,2.399761590287790369e+01,7.476820547023056918e+01,1.118594050762549699e-04,0.000000000000000000e+00,4.003316163442696696e-03
6.574999999999987521e-01,2.418470165194334598e+01,7.505934354684367804e+01,1.118347449513966039e-04,0.000000000000000000e+00,4.020423364569574581e-03
6.599999999999986988e-01,2.437251528388405930e+01,7.535054774469379879e+01,1.115904396044965432e-04,0.000000000000000000e+00,4.037545520050239006e-03
6.624999999999986455e-01,2.456105696341225553e+01,7.564181700737418623e+01,1.117429611648305488e-04,0.000000000000000000e+00,4.054683251132740369e-03
6.649999999999985922e-01,2.475032685257865595e+01,7.593315024225468335e+01,1.124087646947997222e-04,0.000000000000000000e+00,4.071836988922394179e-03
6.674999999999985389e-01,2.494032511068157021e+01,7.622454632007590192e+01,1.127412402852707085e-04,0.000000000000000000e+00,4.089006554795262746e-03
6.699999999999984857e-01,2.513105189417494501e+01,7.651600407308424678e+01,1.128342840543421113e-04,0.000000000000000000e+00,4.106192123690535940e-03
6.724999999999984324e-01,2.532250735657056495e+01,7.680752229336049197e+01,1.125329713047618264e-04,0.000000000000000000e+00,4.123394250869683378e-03
6.749999999999983791e-01,2.551469164833829240e+01,7.709909973287074081e+01,1.129164900832893272e-04,0.000000000000000000e+00,4.140613593218231067e-03
6.774999999999983258e-01,2.570760491680426796e+01,7.739073510140353562e+01,1.127190310343889558e-04,0.000000000000000000e+00,4.157850360757859610e-03
6.799999999999982725e-01,2.590124730604459558e+01,7.768242706493980165e+01,1.124948740018274379e-04,0.000000000000000000e+00,4.175105459659929179e-03
6.824999999999982192e-01,2.609561895677431309e+01,7.797417424410285491e+01,1.120884412580178108e-04,0.000000000000000000e+00,4.192379645535452767e-03
6.849999999999981659e-01,2.629072000623493466e+01,7.826597521320766759e+01,1.124191985921465479e-04,0.000000000000000000e+00,4.209673832584555700e-03
6.874999999999981126e-01,2.648655058807634433e+01,7.855782849878823981e+01,1.115658110105072659e-04,0.000000000000000000e+00,4.226988330465555194e-03
6.899999999999980593e-01,2.668311083223720814e+01,7.884973257814438341e+01,1.118761428097891789e-04,0.000000000000000000e+00,4.244324752290574293e-03
6.924999999999980060e-01,2.688040086482148894e+01,7.914168587756201134e+01,1.123743934488981143e-04,0.000000000000000000e+00,4.261683555265599610e-03
6.949999999999979527e-01,2.707842080796914530e+01,7.943368677054117200e+01,1.119191559342530150e-04,0.000000000000000000e+00,4.279064752366609943e-03
6.974999999999978995e-01,2.727717077972272364e+01,7.972573357573760688e+01,1.128412165587275334e-04,0.000000000000000000e+00,4.296469482748289069e-03
6.999999999999978462e-01,2.747665089389018789e+01,8.001782455534207372e+01,1.122553659995633948e-04,0.000000000000000000e+00,4.313897620505624877e-03
7.024999999999977929e-01,2.767686126107906830e+01,8.030997685529945329e+01,1.119082163755871388e-04,0.000000000000000000e+00,4.331350681467871153e-03
7.049999999999977396e-01,2.787780205398885158e+01,8.060220798294741940e+01,1.117799192774672333e-04,0.000000000000000000e+00,4.348830531833993221e-03
7.074999999999976863e-01,2.807947346896266083e+01,8.089451664367206263e+01,1.116787794661136264e-04,0.000000000000000000e+00,4.366338740635567622e-03
7.099999999999976330e-01,2.828187569908249088e+01,8.118690149664371347e+01,1.103474335650305767e-04,0.000000000000000000e+00,4.383876453621934378e-03
7.124999999999975797e-01,2.848500893405053347e+01,8.147936115105633803e+01,1.109832307372911895e-04,0.000000000000000000e+00,4.401446928521895487e-03
7.149999999999975264e-01,2.868887336006237021e+01,8.177189416028491564e+01,1.101663377370714524e-04,0.000000000000000000e+00,4.419050780093136677e-03
7.174999999999974731e-01,2.889346915966302376e+01,8.206449901874366049e+01,1.097451361598341676e-04,0.000000000000000000e+00,4.436690766358167975e-03
7.199999999999974198e-01,2.909879651159896952e+01,8.235717415604223390e+01,1.097449300847982257e-04,0.000000000000000000e+00,4.454368784511434330e-03
7.224999999999973666e-01,2.930485559065197876e+01,8.264991792996055153e+01,1.097659817411509290e-04,0.000000000000000000e+00,4.472086972556780886e-03
7.249999999999973133e-01,2.951164656745521953e+01,8.294272862271810709e+01,1.089342551111116493e-04,0.000000000000000000e+00,4.489847015465245339e-03
7.274999999999972600e-01,2.971916960830316867e+01,8.323560443331437853e+01,1.091312358663666220e-04,0.000000000000000000e+00,4.507651555494532856e-03
7.299999999999972067e-01,2.992742489626169800e+01,8.352846095886411604e+01,1.090544234853978346e-04,0.000000000000000000e+00,4.525502301179190785e-03
7.324999999999971534e-01,3.013641221357332256e+01,8.382112436892622043e+01,1.088870760197324498e-04,0.000000000000000000e+00,4.543401329513261158e-03
7.349999999999971001e-01,3.034613107638190499e+01,8.411358798133882431e+01,1.090364973373903097e-04,0.000000000000000000e+00,4.561350767527848175e-03
7.374999999999970468e-01,3.055658098406540901e+01,8.440584976626760749e+01,1.103134133074469683e-04,0.000000000000000000e+00,4.579352694046993563e-03
7.399999999999969935e-01,3.076776143086598836e+01,8.469790758267996011e+01,1.105643212583378376e-04,0.000000000000000000e+00,4.597407871442086430e-03
7.424999999999969402e-01,3.097967190560815354e+01,8.498975917169728689e+01,1.107575077111081239e-04,0.000000000000000000e+00,4.615517855437022837e-03
7.449999999999968869e-01,3.119231189140051441e+01,8.528140214970171940e+01,1.099750050261112986e-04,0.000000000000000000e+00,4.633684640254862042e-03
7.474999999999968336e-01,3.140568086531767378e+01,8.557283399802994950e+01,1.095610817499771526e-04,0.000000000000000000e+00,4.651911862590938675e-03
7.499999999999967804e-01,3.161977829805956830e+01,8.586405205583533018e+01,1.102590721933609247e-04,0.000000000000000000e+00,4.670202299716680328e-03
7.524999999999967271e-01,3.183460365251977819e+01,8.615503561640976216e+01,1.089945865916402452e-04,0.000000000000000000e+00,4.688557172584740217e-03
7.549999999999966738e-01,3.205015632139511439e+01,8.644576293250524657e+01,1.082497465757591810e-04,0.000000000000000000e+00,4.706980238610101661e-03
7.574999999999966205e-01,3.226643566159268772e+01,8.673622955756768249e+01,1.079285448318283760e-04,0.000000000000000000e+00,4.725474737656066779e-03
7.599999999999965672e-01,3.248344101880644530e+01,8.702643087009890621e+01,1.072388365000290130e-04,0.000000000000000000e+00,4.744043380785899211e-03
7.624999999999965139e-01,3.270117172707463737e+01,8.731636206766134478e+01,1.078912316069304396e-04,0.000000000000000000e+00,4.762689088247292792e-03
7.649999999999964606e-01,3.291962710832665095e+01,8.760601816334001057e+01,1.078456814521562004e-04,0.000000000000000000e+00,4.781413723071067413e-03
7.674999999999964073e-01,3.313880647191672324e+01,8.789539398039110552e+01,1.081282451536256769e-04,0.000000000000000000e+00,4.800219375070291332e-03
7.699999999999963540e-01,3.335870911414953355e+01,8.818448414815490821e+01,1.073874874989768762e-04,0.000000000000000000e+00,4.819107933653683437e-03
7.724999999999963007e-01,3.357933431779148492e+01,8.847328309629112653e+01,1.079286296564885435e-04,0.000000000000000000e+00,4.838082740009110039e-03
7.749999999999962474e-01,3.380068135156657405e+01,8.876178505105499994e+01,1.078896231752980771e-04,0.000000000000000000e+00,4.857145236809509714e-03
7.774999999999961942e-01,3.402274946965033564e+01,8.904998403235940430e+01,1.065687596389403334e-04,0.000000000000000000e+00,4.876297810499100049e-03
7.799999999999961409e-01,3.424553791114946932e+01,8.933787384901101802e+01,1.055860034550390182e-04,0.000000000000000000e+00,4.895544768333319648e-03
7.824999999999960876e-01,3.446904589956965026e+01,8.962544809355777886e+01,1.070573613791117633e-04,0.000000000000000000e+00,4.914890484812982178e-03
7.849999999999960343e-01,3.469327264227568008e+01,8.991270014048760117e+01,1.052651321218029350e-04,0.000000000000000000e+00,4.934334941637227682e-03
7.874999999999959810e-01,3.491821732994391425e+01,9.019962314387802849e+01,1.042778757143907910e-04,0.000000000000000000e+00,4.953883799139918373e-03
7.899999999999959277e-01,3.514387913600893398e+01,9.048621003310786648e+01,1.048241959662552246e-04,0.000000000000000000e+00,4.973541081312659456e-03
7.924999999999958744e-01,3.537025721610190487e+01,9.077245351268796014e+01,1.035021210463658961e-04,0.000000000000000000e+00,4.993308924093095569e-03
7.949999999999958211e-01,3.559735070748658359e+01,9.105834605912737345e+01,1.033924974211830079e-04,0.000000000000000000e+00,5.013191574859205552e-03
7.974999999999957678e-01,3.582515872848831862e+01,9.134387991960448971e+01,1.044168334511044890e-04,0.000000000000000000e+00,5.033191525674616910e-03
8.000000000000000444e-01,3.605368037792026570e+01,9.162904711167591643e+01,1.051069290151637541e-04,0.000000000000000000e+00,5.053310731036909920e-03
8.024999999999999911e-01,3.628291472534422724e+01,9.191369062337176388e+01,1.052700410725742697e-04,0.000000000000000000e+00,5.073548381641129930e-03
8.049999999999999378e-01,3.651286029657203613e+01,9.219765052211502621e+01,1.047581812907866656e-04,0.000000000000000000e+00,5.093904941526710556e-03
8.074999999999998845e-01,3.674351537545741309e+01,9.248091425126555976e+01,1.041414613209953654e-04,0.000000000000000000e+00,5.114379920951247181e-03
8.099999999999998312e-01,3.697487821442464195e+01,9.276346920043138766e+01,1.041771175882789328e-04,0.000000000000000000e+00,5.134974766772119371e-03
8.124999999999997780e-01,3.720694703435271578e+01,9.304530274004244461e+01,1.050951090577953965e-04,0.000000000000000000e+00,5.155689094016666606e-03
8.149999999999997247e-01,3.743972002454579950e+01,9.332640225204585249e+01,1.031498701957012071e-04,0.000000000000000000e+00,5.176520577359323104e-03
8.174999999999996714e-01,3.767319534278108506e+01,9.360675516424296916e+01,1.005484074420339151e-04,0.000000000000000000e+00,5.197470630413162686e-03
8.199999999999996181e-01,3.790737111544163440e+01,9.388634898686240149e+01,1.020265252900305370e-04,0.000000000000000000e+00,5.218542439888161980e-03
8.224999999999995648e-01,3.814224543774487586e+01,9.416517134872556483e+01,1.033711687888312430e-04,0.000000000000000000e+00,5.239732058131990958e-03
8.249999999999995115e-01,3.837781637405959145e+01,9.444321003667235459e+01,1.042547999721953338e-04,0.000000000000000000e+00,5.261035238930344970e-03
8.274999999999994582e-01,3.861408195832317602e+01,9.472045303175737274e+01,1.050554781945701533e-04,0.000000000000000000e+00,5.282448853519974667e-03
8.299999999999994049e-01,3.885104019454863788e+01,9.499688854853488351e+01,1.056082927022115853e-04,0.000000000000000000e+00,5.303967731051047532e-03
8.324999999999993516e-01,3.908868905743294420e+01,9.527250507895456622e+01,1.063020592305880717e-04,0.000000000000000000e+00,5.325588801518074157e-03
8.349999999999992983e-01,3.932702649307201881e+01,9.554729143412758674e+01,1.040793722763265776e-04,0.000000000000000000e+00,5.347307205134432806e-03
8.374999999999992450e-01,3.956605041978402681e+01,9.582123678322996341e+01,1.034324054957839724e-04,0.000000000000000000e+00,5.369122600349387868e-03
8.399999999999991918e-01,3.980575872902531387e+01,9.609433069372320801e+01,1.042334202504876514e-04,0.000000000000000000e+00,5.391032210065464618e-03
8.424999999999991385e-01,4.004614928641169058e+01,9.636656317889399759e+01,1.051285354021532496e-04,0.000000000000000000e+00,5.413032132527825432e-03
8.449999999999990852e-01,4.028721993338871954e+01,9.663792335686879653e+01,1.080248060990057096e-04,0.000000000000000000e+00,5.435115396953248829e-03
8.474999999999990319e-01,4.052896848057559964e+01,9.690839434742673575e+01,1.091423787335662571e-04,0.000000000000000000e+00,5.457272007803247622e-03
8.499999999999989786e-01,4.077139269468673177e+01,9.717795804747368038e+01,1.093272921433660226e-04,0.000000000000000000e+00,5.479495162987998123e-03
8.524999999999989253e-01,4.101449029592922102e+01,9.744656833425776199e+01,1.065653928319060901e-04,0.000000000000000000e+00,5.501778527049899087e-03
8.549999999999988720e-01,4.125825885942518312e+01,9.771417636523963779e+01,1.060456476888797751e-04,0.000000000000000000e+00,5.524118777019754699e-03
8.574999999999988187e-01,4.150269586748951411e+01,9.798076135055381997e+01,1.055006225778599283e-04,0.000000000000000000e+00,5.546509562857718581e-03
8.599999999999987654e-01,4.174779875110682781e+01,9.824630366801565629e+01,1.036436863389380452e-04,0.000000000000000000e+00,5.568944344938077384e-03
8.624999999999987121e-01,4.199356489288869909e+01,9.851078493512426348e+01,1.018192296567014881e-04,0.000000000000000000e+00,5.591418246634285820e-03
8.649999999999986589e-01,4.223999163021957060e+01,9.877418807864901851e+01,1.032948059379900008e-04,0.000000000000000000e+00,5.613926128485588474e-03
8.674999999999986056e-01,4.248707625856671655e+01,9.903649740496040010e+01,1.047518032038770395e-04,0.000000000000000000e+00,5.636458113866617096e-03
8.699999999999985523e-01,4.273481603496337300e+01,9.929769865969902298e+01,1.030187475491068809e-04,0.000000000000000000e+00,5.659003263185885535e-03
8.724999999999984990e-01,4.298320818164554424e+01,9.955777908979598578e+01,1.013341270206198549e-04,0.000000000000000000e+00,5.681555713167652996e-03
8.749999999999984457e-01,4.323224988983108119e+01,9.981672749122860466e+01,9.967238850412096763e-05,0.000000000000000000e+00,5.704108166452913353e-03
8.774999999999983924e-01,4.348193832362427003e+01,1.000745342639977764e+02,9.889801943613194457e-05,0.000000000000000000e+00,5.726654011611948675e-03
8.799999999999983391e-01,4.373227062405924670e+01,1.003311914618418825e+02,9.903454352808564493e-05,0.000000000000000000e+00,5.749185148801637217e-03
8.824999999999982858e-01,4.398324391324676697e+01,1.005866928264617570e+02,1.006423294324221675e-04,0.000000000000000000e+00,5.771690904779178989e-03
8.849999999999982325e-01,4.423485529862626464e+01,1.008410338227440377e+02,9.984944634811063842e-05,0.000000000000000000e+00,5.794160550016476396e-03
8.874999999999981792e-01,4.448710187728408982e+01,1.010942116717146320e+02,9.996786597483509410e-05,0.000000000000000000e+00,5.816584554260550294e-03
8.899999999999981259e-01,4.473998074035859673e+01,1.013462253730333629e+02,9.915906624712410972e-05,0.000000000000000000e+00,5.838953587059663927e-03
8.924999999999980727e-01,4.499348897751053045e+01,1.015970757305981635e+02,9.848968195630351916e-05,0.000000000000000000e+00,5.861257684121335028e-03
8.949999999999980194e-01,4.524762368143347402e+01,1.018467653670176105e+02,1.009456657785952761e-04,0.000000000000000000e+00,5.883487964957532894e-03
8.974999999999979661e-01,4.550238195241441730e+01,1.020952987417019528e+02,1.027422439654133822e-04,0.000000000000000000e+00,5.905631459816955940e-03
8.999999999999979128e-01,4.575776090293241793e+01,1.023426821488120879e+02,1.044428102433492890e-04,0.000000000000000000e+00,5.927676414845229995e-03
9.024999999999978595e-01,4.601375766218421148e+01,1.025889228275918015e+02,1.064096823282627968e-04,0.000000000000000000e+00,5.949611359506446796e-03
9.049999999999978062e-01,4.627036937759893220e+01,1.028340298206858279e+02,1.056185736845993006e-04,0.000000000000000000e+00,5.971424251185649887e-03
9.074999999999977529e-01,4.652759322118280494e+01,1.030780148772413725e+02,1.069991070425717702e-04,0.000000000000000000e+00,5.993106258821480521e-03
9.099999999999976996e-01,4.678542639535187675e+01,1.033208915734246034e+02,1.080666217112992688e-04,0.000000000000000000e+00,6.014647304657385826e-03
9.124999999999976463e-01,4.704386613749437629e+01,1.035626752897247655e+02,1.060246865667178524e-04,0.000000000000000000e+00,6.036036389014461968e-03
9.149999999999975930e-01,4.730290972445643405e+01,1.038033831898562198e+02,1.053693974162997390e-04,0.000000000000000000e+00,6.057265442534433622e-03
9.174999999999975397e-01,4.756255447700539207e+01,1.040430341921752984e+02,1.065285369100194083e-04,0.000000000000000000e+00,6.078326148744159566e-03
9.199999999999974865e-01,4.782279776418025108e+01,1.042816489418185029e+02,1.097438956742767942e-04,0.000000000000000000e+00,6.099207430763808023e-03
9.224999999999974332e-01,4.808363700760466486e+01,1.045192535042550190e+02,1.111578265829923126e-04,0.000000000000000000e+00,6.119899056808755441e-03
9.249999999999973799e-01,4.834506972447908879e+01,1.047560068311904473e+02,1.152790737712182248e-04,0.000000000000000000e+00,6.140391540003695657e-03
9.274999999999973266e-01,4.860709388677636866e+01,1.049919990857548697e+02,1.169852178689835477e-04,0.000000000000000000e+00,6.160674724483443387e-03
9.299999999999972733e-01,4.886970760669093039e+01,1.052272571847094724e+02,1.139435312774036789e-04,0.000000000000000000e+00,6.180740169791574569e-03
9.324999999999972200e-01,4.913290906458436069e+01,1.054618095763862442e+02,1.129228692621579418e-04,0.000000000000000000e+00,6.200581831635824590e-03
9.349999999999971667e-01,4.939669651279056950e+01,1.056956861846229856e+02,1.134763516841236046e-04,0.000000000000000000e+00,6.220192852816432312e-03
9.374999999999971134e-01,4.966106827926158473e+01,1.059289183346793806e+02,1.119935790521077733e-04,0.000000000000000000e+00,6.239566160315792101e-03
9.399999999999970601e-01,4.992602277104177233e+01,1.061615386961280052e+02,1.125002864385294407e-04,0.000000000000000000e+00,6.258695345869118819e-03
9.424999999999970068e-01,5.019155847759174094e+01,1.063935812251359749e+02,1.130759851473515373e-04,0.000000000000000000e+00,6.277573888598398689e-03
9.449999999999969535e-01,5.045767397396669196e+01,1.066250811008413564e+02,1.142774712323051746e-04,0.000000000000000000e+00,6.296195627435720657e-03
9.474999999999969003e-01,5.072436792384084470e+01,1.068560746502667200e+02,1.156249857457399471e-04,0.000000000000000000e+00,6.314555103649586651e-03
9.499999999999968470e-01,5.099163908232836206e+01,1.070865992666758331e+02,1.181315781548710489e-04,-1.171874999999999861e-01,6.332646921399500035e-03
9.524999999999967937e-01,5.125948629857355598e+01,1.073166927882922437e+02,-2.103769915676641407e-03,1.992187500000000000e+00,6.267439629030272831e-03
9.549999999999967404e-01,5.152790851630598468e+01,1.075463939658514363e+02,3.586433236851079009e-02,-3.585937500000000000e+01,7.336500552215252831e-03
9.574999999999966871e-01,5.179690477708626162e+01,1.077757428404232627e+02,-5.997493501490898105e-01,6.003515625000001137e+02,-1.038038390959088349e-02
9.599999999999966338e-01,5.206647422335899478e+01,1.080047804580684527e+02,-1.524561770974139030e+00,1.525429687500000227e+03,-1.430859689891244013e-01
9.624999999999965805e-01,5.233661610024102373e+01,1.082335482515633487e+02,-3.724947768273665361e-01,3.712500000000000568e+02,-3.505286720117878896e-01
9.649999999999965272e-01,5.260732975688476643e+01,1.084620882888084594e+02,-1.431959562308984246e-01,1.428515625000000000e+02,-4.031095976255310576e-01
9.674999999999964739e-01,5.287861464788443300e+01,1.086904430948266764e+02,5.294418873142648918e-01,-5.300390625000000000e+02,-4.013967838574751812e-01
9.699999999999964206e-01,5.315047033437328849e+01,1.089186555384708015e+02,3.166417439795654598e-01,-3.164062500000000568e+02,-3.224496978002820979e-01
9.724999999999963674e-01,5.342289648482114472e+01,1.091467687283063270e+02,1.071750519185281414e+00,-1.072500000000000227e+03,-2.426038734072118175e-01
9.749999999999963141e-01,5.369589287556885893e+01,1.093748259081872618e+02,1.175132215437207917e+00,-1.175156250000000227e+03,-6.327352074359557377e-02
9.774999999999962608e-01,5.396945939110338486e+01,1.096028703422589814e+02,9.694453761612376042e-03,-8.437500000000000000e+00,8.597986702410073678e-02
9.799999999999962075e-01,5.424359601633731387e+01,1.098310124015319360e+02,-1.555050740943028087e-01,1.556250000000000000e+02,8.139824774458319367e-02
9.824999999999961542e-01,5.451830324772289060e+01,1.100599015106124483e+02,3.172893950497830962e-01,-3.176953125000000000e+02,7.347615317534771096e-02
9.849999999999961009e-01,5.479358322411634674e+01,1.102897302473393921e+02,1.069992294783807862e+00,-1.070742187500000000e+03,1.530094492885732127e-01
9.874999999999960476e-01,5.506943831891052810e+01,1.105205413817929099e+02,1.210805372299589511e+00,-1.210898437500000000e+03,3.326204198436741866e-01
9.899999999999959943e-01,5.534587101220349581e+01,1.107523772507438196e+02,2.943393162390022244e-01,-2.933203125000000568e+02,4.960858267008422806e-01
9.924999999999959410e-01,5.562288388965774999e+01,1.109852796477674417e+02,1.341226446600379596e+00,-1.342265625000000000e+03,5.823818297820998469e-01
9.949999999999958877e-01,5.590047964107672129e+01,1.112192897237905953e+02,2.434635928370595170e+00,-2.435625000000000000e+03,8.402389456165220150e-01
9.974999999999958344e-01,5.617866105874706051e+01,1.114544478743612785e+02,3.493819194327702604e+00,-3.494765624999999545e+03,1.273758107337686019e+00
9.999999999999957812e-01,5.645743104038036364e+01,1.116907508718018107e+02,4.480014185780618163e+00,-4.480898437500000000e+03,1.875410107522721859e+00
1.002499999999995728e+00,5.673679233654282683e+01,1.119280259843592660e+02,3.912341885610919334e+00,-3.911718750000000000e+03,2.578799640524235937e+00
1.004999999999995675e+00,5.701674742689132103e+01,1.121663836480794316e+02,4.634599423258375595e+00,-4.635234375000000000e+03,3.236257296122960536e+00
1.007499999999995621e+00,5.729729903322655815e+01,1.124058500384264079e+02,5.281418837475589712e+00,-5.281992187500000000e+03,4.006048232013578847e+00
1.009999999999995568e+00,5.757844994146177697e+01,1.126464488894818459e+02,6.119290951154161107e+00,-6.120117187500000000e+03,4.885174929986209058e+00
1.012499999999995515e+00,5.786020299542118295e+01,1.128882013809795382e+02,5.863905836411795747e+00,-5.863593750000000000e+03,5.857231871362079900e+00
1.014999999999995461e+00,5.814256109037456355e+01,1.131311259769077679e+02,4.445513652357051981e+00,-4.443984375000000000e+03,6.744109993912473122e+00
1.017499999999995408e+00,5.842552716619890418e+01,1.133752384328340952e+02,3.252000109109986603e+00,-3.250781250000000000e+03,7.410306341707957323e+00
1.020000000000000018e+00,5.870910420068057789e+01,1.136205520359937680e+02,2.886855164401922913e+00,-2.886445312500000455e+03,7.914324969011075517e+00
1.022499999999999964e+00,5.899329516781791227e+01,1.138665059842520861e+02,2.627138183075337530e+00,-2.626874999999999545e+03,8.362709514389687016e+00
1.024999999999999911e+00,5.927810106047165561e+01,1.141125358359220456e+02,1.332477803038181197e+00,-1.331132812500000000e+03,8.731592781827000493e+00
1.027499999999999858e+00,5.956352207137030064e+01,1.143586456477569158e+02,2.451935643879907367e+00,-2.452968750000000000e+03,8.980582651992937926e+00
1.029999999999999805e+00,5.984955840200395727e+01,1.146048371611204288e+02,3.498948240499622386e+00,-3.499921875000000000e+03,9.403185013657003211e+00
1.032499999999999751e+00,6.013621025679260157e+01,1.148511093085671888e+02,4.588398706866882115e+00,-4.589414062500000909e+03,9.991229884482510926e+00
1.034999999999999698e+00,6.042347783583448972e+01,1.150974580955487028e+02,5.657834994356953473e+00,-5.658867187500000000e+03,1.074831679948827023e+01
1.037499999999999645e+00,6.071136132753456849e+01,1.153438764850498757e+02,6.664639798322131270e+00,-6.665625000000000000e+03,1.166884185636713056e+01
1.039999999999999591e+00,6.099986090097026903e+01,1.155903543815308012e+02,6.505180178644323519e+00,-6.504960937499999091e+03,1.270306240020360811e+01
1.042499999999999538e+00,6.128897669821368055e+01,1.158368785656325599e+02,5.683291530933684221e+00,-5.682421875000000000e+03,1.368597963805097883e+01
1.044999999999999485e+00,6.157870926298536318e+01,1.160817447715352415e+02,6.701598471802205026e+00,-6.702539062500000000e+03,1.460260207329209869e+01
1.047499999999999432e+00,6.186905099385686668e+01,1.163214120819615829e+02,7.291644795426890369e+00,-7.292226562500000909e+03,1.565949021551080378e+01
1.049999999999999378e+00,6.215998887738373213e+01,1.165557530486125017e+02,5.669830053315383367e+00,-5.668125000000000909e+03,1.672723680562806337e+01
1.052499999999999325e+00,6.245150957909562095e+01,1.167847267845080523e+02,6.736473903087414783e+00,-6.737460937500000000e+03,1.763497831725720388e+01
1.054999999999999272e+00,6.274359965344108758e+01,1.170082916562436850e+02,7.732286405659801076e+00,-7.733203125000000000e+03,1.870161736391067109e+01
1.057499999999999218e+00,6.303624555867799018e+01,1.172264119994889313e+02,7.238081787117520705e+00,-7.237500000000000000e+03,1.986615574181611521e+01
1.059999999999999165e+00,6.332943366252812467e+01,1.174390498030403336e+02,6.109620158734014872e+00,-6.108398437499999091e+03,2.092958939042576816e+01
1.062499999999999112e+00,6.362315023648103107e+01,1.176461654586813097e+02,6.110359473084751691e+00,-6.110273437500000000e+03,2.185652271574371852e+01
1.064999999999999059e+00,6.391738145526497306e+01,1.178476939506151524e+02,6.068372277260896119e+00,-6.068320312500000909e+03,2.277939196112771469e+01
1.067499999999999005e+00,6.421211324403044785e+01,1.180433711070147069e+02,6.860670551155692465e+00,-6.861445312500000000e+03,2.372175135949634850e+01
1.069999999999998952e+00,6.450733086011558726e+01,1.182331002015762209e+02,6.061349465090709820e+00,-6.060468750000000909e+03,2.472697433750176899e+01
1.072499999999998899e+00,6.480301940943154193e+01,1.184168388551402700e+02,6.967266594859334639e+00,-6.968085937500000000e+03,2.566673492016146696e+01
1.074999999999998845e+00,6.509916389205004350e+01,1.185945456811950152e+02,5.581500170115321957e+00,-5.580000000000000909e+03,2.666246369302870889e+01
1.077499999999998792e+00,6.539574920511647349e+01,1.187661800737112543e+02,5.332884632856790041e+00,-5.332617187500000000e+03,2.748600914338711476e+01
1.079999999999998739e+00,6.569276014529489771e+01,1.189317041285932248e+02,6.367522544176056343e+00,-6.368554687500000000e+03,2.831354536566471936e+01
1.082499999999998685e+00,6.599018141609420240e+01,1.190910823383487553e+02,7.371674064347967459e+00,-7.372617187500000000e+03,2.929250099847675770e+01
1.084999999999998632e+00,6.628799763332435191e+01,1.192442803815015822e+02,6.865233884115693463e+00,-6.864726562500000000e+03,3.036784602628696206e+01
1.087499999999998579e+00,6.658619332722652473e+01,1.193912641577481111e+02,5.976495300626869955e+00,-5.975507812500000000e+03,3.135246861679926766e+01
1.089999999999998526e+00,6.688475294291851014e+01,1.195320001713276952e+02,6.520714689308845458e+00,-6.521250000000000000e+03,3.225094639692503762e+01
1.092499999999998472e+00,6.718366058932035401e+01,1.196668973220454149e+02,5.305164260900339102e+00,-5.303906250000000000e+03,3.316933148291672495e+01
1.094999999999998419e+00,6.748290306014385465e+01,1.197977142032970903e+02,6.464599107662044375e+00,-6.465703125000000000e+03,3.398542108243694315e+01
1.097499999999998366e+00,6.778247036092255939e+01,1.199246210191359978e+02,6.523095020820067091e+00,-6.523125000000000000e+03,3.493424787481782801e+01
1.099999999999998312e+00,6.808235270053289412e+01,1.200475894684953886e+02,5.264777827790327436e+00,-5.263476562499999091e+03,3.584626273560368048e+01
1.102499999999998259e+00,6.838254021620633694e+01,1.201665792291321395e+02,6.002708593389613156e+00,-6.003398437500000000e+03,3.663806672429146971e+01
1.104999999999998206e+00,6.868302293270910752e+01,1.202815520550972224e+02,7.002680461031777881e+00,-7.003593750000000000e+03,3.754542869069401689e+01
1.107499999999998153e+00,6.898379079345360765e+01,1.203924829108215562e+02,6.286716204310721423e+00,-6.285937500000000000e+03,3.854107402349185207e+01
1.110000000000000098e+00,6.928483367936425452e+01,1.204993469029703022e+02,5.657892928173515301e+00,-5.657226562500000000e+03,3.943355288505643585e+01
1.112500000000000044e+00,6.958614147835945118e+01,1.206032241632120474e+02,6.796998116660172506e+00,-6.798046875000000000e+03,4.029127270548899986e+01
1.114999999999999991e+00,6.988770789486882506e+01,1.207051972373476048e+02,7.448956127498982838e+00,-7.449492187500000909e+03,4.129778627898286203e+01
1.117499999999999938e+00,7.018952815680582091e+01,1.208052456663579193e+02,8.458195763667744060e+00,-8.459179687500000000e+03,4.240950808568005215e+01
1.119999999999999885e+00,7.049159744111844361e+01,1.209033494651020533e+02,8.058235621248256209e+00,-8.057812500000000000e+03,4.362021966028581943e+01
1.122499999999999831e+00,7.079391087493561940e+01,1.209994888515243900e+02,6.729819184905066365e+00,-6.728437499999999091e+03,4.474117946807503188e+01
1.124999999999999778e+00,7.109646353622582637e+01,1.210936449939795665e+02,7.768655153433875249e+00,-7.769648437499999091e+03,4.574592836258473483e+01
1.127499999999999725e+00,7.139925045674569049e+01,1.211858008492440320e+02,8.134445469662718864e+00,-8.134804687500000909e+03,4.687804148349934508e+01
1.129999999999999671e+00,7.170226662644068938e+01,1.212759401537147852e+02,8.595096608777366143e+00,-8.595468750000000000e+03,4.806505581311581921e+01
1.132499999999999618e+00,7.200550699501216911e+01,1.213640475563456391e+02,9.225487162474172109e+00,-9.226054687500000000e+03,4.932303557928770488e+01
1.134999999999999565e+00,7.230896647426344259e+01,1.214501085492043302e+02,9.856255962904008072e+00,-9.856874999999998181e+03,5.067085495678335860e+01
1.137499999999999512e+00,7.261263994021480528e+01,1.215341094574630887e+02,8.420738534819777854e+00,-8.419218750000001819e+03,5.204139232435817064e+01
1.139999999999999458e+00,7.291652223510084241e+01,1.216160373489626920e+02,7.092554543441853099e+00,-7.091132812500000000e+03,5.320799411144296442e+01
1.142499999999999405e+00,7.322060856972288434e+01,1.216951827591404367e+02,8.152878907841321521e+00,-8.153906250000000909e+03,5.426048094456661630e+01
1.144999999999999352e+00,7.352488975288763129e+01,1.217687054506553039e+02,8.965719469685877741e+00,-8.966484375000000000e+03,5.545684838026679842e+01
1.147499999999999298e+00,7.382935137090886712e+01,1.218362833498956803e+02,9.369810518376080921e+00,-9.370195312500000000e+03,5.675619538476745163e+01
1.149999999999999245e+00,7.413397855751473742e+01,1.218979093437085481e+02,8.691368343955435449e+00,-8.690625000000000000e+03,5.807800727737701152e+01
1.152499999999999192e+00,7.443875642675907045e+01,1.219538404940640390e+02,7.173124362747500982e+00,-7.171523437500000000e+03,5.927492392691947032e+01
1.154999999999999138e+00,7.474367307459307597e+01,1.220149214107301958e+02,7.549108175023105716e+00,-7.549453125000000000e+03,6.031511610145533098e+01
1.157499999999999085e+00,7.504874831126885226e+01,1.220863724429558062e+02,7.479386387702416705e+00,-7.479257812500000000e+03,6.139462734644909148e+01
1.159999999999999920e+00,7.535400805993613460e+01,1.221681898248991303e+02,8.588663981247901091e+00,-8.589726562500000000e+03,6.250210681395517298e+01
1.162499999999999867e+00,7.565947651952936326e+01,1.222329623653086514e+02,9.329855829175189186e+00,-9.330585937500000000e+03,6.375649788380187744e+01
1.164999999999999813e+00,7.596507837706190003e+01,1.222660872495071800e+02,9.631432297663774733e+00,-9.631640625000000000e+03,6.510274883599606710e+01
1.167499999999999760e+00,7.627076064117797216e+01,1.222942344078673500e+02,1.066248982830423309e+01,-1.066347656250000000e+04,6.651568167003979681e+01
1.169999999999999707e+00,7.657651086754424341e+01,1.223181436797745931e+02,1.119202003654390509e+01,-1.119246093749999818e+04,6.806008141594168137e+01
1.172499999999999654e+00,7.688231846307036221e+01,1.223378181282911470e+02,9.910112339634164158e+00,-9.908789062500000000e+03,6.962187636734485352e+01
1.174999999999999600e+00,7.718817280433070493e+01,1.223535945162941516e+02,9.692431444698044629e+00,-9.692109375000000000e+03,7.103452883323046763e+01
1.177499999999999547e+00,7.749406527881636464e+01,1.223684823981205767e+02,9.943979914099067230e+00,-9.944179687500001819e+03,7.243130930714525562e+01
1.179999999999999494e+00,7.779999489051466810e+01,1.223832259091203554e+02,1.051804357561491265e+01,-1.051851562500000182e+04,7.387476565883802948e+01
1.182499999999999440e+00,7.810596128019871287e+01,1.223978281821462133e+02,8.624985536904221206e+00,-8.623007812500000000e+03,7.532103422208157895e+01
1.184999999999999387e+00,7.841196409661789346e+01,1.224122925811660707e+02,8.669017624784208564e+00,-8.668945312500000000e+03,7.655878493173700861e+01
1.187499999999999334e+00,7.871800299709390458e+01,1.224266227975105892e+02,7.582652589683542388e+00,-7.581562500000000000e+03,7.776651980853618795e+01
1.189999999999999281e+00,7.902407764832932457e+01,1.224408227280378014e+02,6.714997131267192998e+00,-6.714023437500000000e+03,7.882568654960421384e+01
1.192499999999999227e+00,7.933018772686907027e+01,1.224548964216422320e+02,7.595687346425754605e+00,-7.596562500000000909e+03,7.981706790694268250e+01
1.194999999999999174e+00,7.963633291944172754e+01,1.224688480087585987e+02,6.397713601193520283e+00,-6.396445312500000000e+03,8.086772552934533564e+01
1.197499999999999121e+00,7.994251292313934698e+01,1.224826816897941200e+02,7.559297354600054142e+00,-7.560351562500000000e+03,8.182291610751086353e+01
1.199999999999999956e+00,8.024872744556201098e+01,1.224964016131579001e+02,7.219176444704462625e+00,-7.218750000000000909e+03,8.289644954115391329e+01
1.202499999999999902e+00,8.055497618053105668e+01,1.225096275363168417e+02,6.437194105570737790e+00,-6.436406250000000000e+03,8.390697431611837942e+01
1.204999999999999849e+00,8.086125748332743512e+01,1.225219806573740016e+02,7.156948986071535401e+00,-7.157578125000000000e+03,8.485388379708716400e+01
1.207499999999999796e+00,8.116756917553347250e+01,1.225334672585398437e+02,7.823227135211323180e+00,-7.823789062500000909e+03,8.590265420195909485e+01
1.209999999999999742e+00,8.147390909438836104e+01,1.225440936108817311e+02,8.923831650228365220e+00,-8.924882812500000000e+03,8.706150664787718085e+01
1.212499999999999689e+00,8.178027509280801155e+01,1.225538659693408761e+02,9.935461299993532336e+00,-9.936445312500000000e+03,8.837610060228905695e+01
1.214999999999999636e+00,8.208666503936130709e+01,1.225627906434973085e+02,1.036159959284308663e+01,-1.036195312500000000e+04,8.981771994759927225e+01
1.217499999999999583e+00,8.239307681842846875e+01,1.225708739982981683e+02,1.132691102511840597e+01,-1.132781250000000182e+04,9.133872759760572535e+01
1.219999999999999529e+00,8.269950833030176796e+01,1.225781223286567894e+02,1.052212200133131681e+01,-1.052121093749999818e+04,9.294195650321314872e+01
1.222499999999999476e+00,8.300595749100084220e+01,1.225845419519486370e+02,8.624794917762338642e+00,-8.622890625000000000e+03,9.439419465227021533e+01
1.224999999999999423e+00,8.331242223227839361e+01,1.225901388509659284e+02,8.675225488273831331e+00,-8.675273437500000000e+03,9.563637598001180606e+01
1.227499999999999369e+00,8.361890050049336764e+01,1.225949182407496494e+02,7.457318696505121025e+00,-7.456054687500000000e+03,9.684478148131884723e+01
1.229999999999999316e+00,8.392539025466773239e+01,1.225988848794814032e+02,8.542987175858431925e+00,-8.544023437500000000e+03,9.795241378342571181e+01
1.232499999999999263e+00,8.423188946535664456e+01,1.226020427213392452e+02,9.615192041714223592e+00,-9.616171875000000000e+03,9.921661713056089127e+01
1.234999999999999210e+00,8.453839611268151089e+01,1.226043954568606580e+02,1.060536281050893059e+01,-1.060628906250000000e+04,1.006334325316059477e+02
1.237499999999999156e+00,8.484490818589144112e+01,1.226059466043688246e+02,9.795908301123899875e+00,-9.795000000000000000e+03,1.021352140778407147e+02
1.239999999999999103e+00,8.515142368301715692e+01,1.226066996200532486e+02,7.963538089869775405e+00,-7.961601562500000909e+03,1.034868389032032923e+02
1.242499999999999050e+00,8.545794061057367230e+01,1.226066573950038929e+02,6.652138507800259504e+00,-6.650742187500000000e+03,1.045902568583968701e+02
1.244999999999998996e+00,8.576445698181356647e+01,1.226058217783770488e+02,6.130655121503960636e+00,-6.130078125000000000e+03,1.055294254495849486e+02
1.247499999999998943e+00,8.607097081395126281e+01,1.226041935302379073e+02,5.612070723030083919e+00,-5.611523437500000909e+03,1.063929666649841010e+02
1.249999999999998890e+00,8.637748012554214938e+01,1.226017725542648549e+02,6.131030891964438290e+00,-6.131484375000000000e+03,1.072150411289386369e+02
1.252499999999998836e+00,8.668398293533648769e+01,1.225985724683317244e+02,5.577327461787929153e+00,-5.576718750000000909e+03,1.080771066074791378e+02
1.254999999999999893e+00,8.699047731047298271e+01,1.225946065877779318e+02,5.254658674830213094e+00,-5.254335937500000000e+03,1.088662190015845397e+02
1.257499999999999840e+00,8.729696133066541108e+01,1.225897940520292622e+02,5.849941034659088324e+00,-5.850468750000000000e+03,1.096382997774024517e+02
1.259999999999999787e+00,8.760343279328624533e+01,1.225840533919369193e+02,4.143768641924892471e+00,-4.141992187499999091e+03,1.104212564849463689e+02
1.262499999999999734e+00,8.790988937656005930e+01,1.225773818855348338e+02,4.019083553379088514e+00,-4.018945312500000000e+03,1.110081255348880092e+02
1.264999999999999680e+00,8.821632875154203646e+01,1.225697757688878511e+02,2.603032572745159534e+00,-2.601562500000000000e+03,1.115343914842203787e+02
1.267499999999999627e+00,8.852274857939077890e+01,1.225612307126045835e+02,1.057525353202960705e+00,-1.055976562500000000e+03,1.118507006701736231e+02
1.269999999999999574e+00,8.882914651003071072e+01,1.225517414335890862e+02,1.613277769349001467e+00,-1.613789062500000227e+03,1.120112564972994562e+02
1.272499999999999520e+00,8.913552017955868223e+01,1.225413015688703950e+02,1.393806136624631264e+00,-1.393476562500000000e+03,1.122268764034824926e+02
1.274999999999999467e+00,8.944186720774557386e+01,1.225299044273245386e+02,2.397484107286744326e+00,-2.398476562500000000e+03,1.124504310259456901e+02
1.277499999999999414e+00,8.974818519745383583e+01,1.225175428847363150e+02,3.540502603638548074e+00,-3.541640625000000000e+03,1.128238193205604176e+02
1.279999999999999361e+00,9.005447173363327806e+01,1.225042098852267003e+02,4.630539695736859862e+00,-4.631601562500000000e+03,1.133609249826342449e+02
1.282499999999999307e+00,9.036072438369750159e+01,1.224898985973108694e+02,5.520784863885811689e+00,-5.521640624999999091e+03,1.140492824203341513e+02
1.284999999999999254e+00,9.066694069815977741e+01,1.224746025024810194e+02,4.044128948865831852e+00,-4.042617187500000000e+03,1.147891686442398225e+02
1.287499999999999201e+00,9.097311821147090427e+01,1.224583154449390605e+02,2.429493833666870994e+00,-2.427773437500000000e+03,1.153102549762115530e+02
1.289999999999999147e+00,9.127925444267029320e+01,1.224410307911606282e+02,3.783616423272206930e+00,-3.784921875000000455e+03,1.156940437487147477e+02
1.292499999999999094e+00,9.158534689373497883e+01,1.224227410810140952e+02,3.747960556708672009e+00,-3.747890625000000000e+03,1.162285382715671744e+02
1.294999999999999041e+00,9.189139304779058648e+01,1.224034390725794594e+02,2.815895980702769918e+00,-2.814960937500000000e+03,1.167283880564992700e+02
1.297499999999998987e+00,9.219739037003033388e+01,1.223831175652448593e+02,4.016729779827683089e+00,-4.017890625000000000e+03,1.171626215537998092e+02
1.299999999999998934e+00,9.250333630753672765e+01,1.223617690246128689e+02,2.613800979904113753e+00,-2.612343750000000455e+03,1.176856977915057314e+02
1.302499999999998881e+00,9.280922828860477125e+01,1.223393869219024594e+02,1.052736097453937480e+00,-1.051171875000000000e+03,1.180000961917791074e+02
1.304999999999998828e+00,9.311506372589020941e+01,1.223159643716584526e+02,1.713986277962263216e+00,-1.714570312499999773e+03,1.181607433096708064e+02
1.307499999999998774e+00,9.342084001383541647e+01,1.222914932590451400e+02,3.093100941330713560e+00,-3.094453125000000455e+03,1.184405674221229532e+02
1.309999999999998721e+00,9.372655452636264783e+01,1.222659654794264839e+02,3.783560570966849390e+00,-3.784218750000000000e+03,1.188976190308387118e+02
1.312499999999998668e+00,9.403220461732912838e+01,1.222393382222777376e+02,3.727957602262366610e+00,-3.727851562500000455e+03,1.194302356548245001e+02
1.314999999999998614e+00,9.433778725599211157e+01,1.222103318002886567e+02,2.421824765015461622e+00,-2.420507812500000000e+03,1.199138572898398536e+02
1.317499999999998561e+00,9.464329568004174575e+01,1.221783301285813081e+02,3.750706270822042221e+00,-3.751992187500000455e+03,1.202941779149393824e+02
1.319999999999998508e+00,9.494872239842121076e+01,1.221433278785675469e+02,2.907996668909436533e+00,-2.907070312500000000e+03,1.207960655253047975e+02
1.322499999999998455e+00,9.525405990679841750e+01,1.221053202389140182e+02,2.124158876726930600e+00,-2.123320312500000000e+03,1.211776992266929511e+02
1.324999999999998401e+00,9.555930068902205221e+01,1.220643024403743908e+02,2.899742309578162480e+00,-2.900507812500000000e+03,1.214966345762438351e+02
1.327499999999998348e+00,9.586443721699687615e+01,1.220202697192116830e+02,2.268032487820831555e+00,-2.267343750000000000e+03,1.218819690964240579e+02
1.329999999999998295e+00,9.616946195084621252e+01,1.219732177814893959e+02,7.907891736751304634e-01,-7.892578125000000000e+02,1.221481472896011127e+02
1.332499999999998241e+00,9.647436734020963911e+01,1.219231425928944930e+02,-5.916199932637498105e-01,5.929687500000000000e+02,1.222034406504218254e+02
1.334999999999999964e+00,9.677914582472348570e+01,1.218700401719864033e+02,-1.713760437576429263e+00,1.714804687500000000e+03,1.220671551717373404e+02
1.337499999999999911e+00,9.708378992635356042e+01,1.218153794812667883e+02,-3.070828873697688088e+00,3.072070312500000000e+03,1.217610329348431719e+02
1.339999999999999858e+00,9.738829732631673153e+01,1.217606272503489464e+02,-3.231623343551653260e+00,3.231679687500000455e+03,1.212980211499698413e+02
1.342499999999999805e+00,9.769266779166675008e+01,1.217057763186267749e+02,-3.292726553089852182e+00,3.292734375000000455e+03,1.208156200196099235e+02
1.344999999999999751e+00,9.799690107170393105e+01,1.216508199470492713e+02,-1.998048064524198031e+00,1.996640625000000227e+03,1.203691722119300493e+02
1.347499999999999698e+00,9.830099689915469696e+01,1.215957519102420150e+02,-2.318656008416718262e+00,2.318906250000000000e+03,1.200577346686779947e+02
1.349999999999999645e+00,9.860495499158834320e+01,1.215405668176193075e+02,-1.697043291592634340e+00,1.696406250000000227e+03,1.197310860238834209e+02
1.352499999999999591e+00,9.890877504925195751e+01,1.214851884674854432e+02,-3.013360120807457410e+00,3.014648437500000000e+03,1.194315288918556632e+02
1.354999999999999538e+00,9.921245650944842964e+01,1.214295386133036345e+02,-1.860679930429761653e+00,1.859414062500000000e+03,1.190227626269769559e+02
1.357499999999999485e+00,9.951599868886485467e+01,1.213736093855194014e+02,-5.483188942794754439e-01,5.469140625000001137e+02,1.187859932665781599e+02
1.359999999999999432e+00,9.981940088481877638e+01,1.213173936271093254e+02,-6.960822647668311047e-01,6.962109375000000000e+02,1.186913816789354428e+02
1.362499999999999378e+00,1.001226623771869413e+02,1.212608849917565408e+02,-1.240308333927954809e+00,1.240781250000000000e+03,1.185628201509567106e+02
1.364999999999999325e+00,1.004257824304312265e+02,1.212040778725325652e+02,-7.188864622562115558e-01,7.183593750000000000e+02,1.183907000190574621e+02
1.367499999999999272e+00,1.007287602953941388e+02,1.211469673673187373e+02,-7.293539963911970236e-01,7.292578125000000000e+02,1.182767721923489290e+02
1.369999999999999218e+00,1.010315952110820916e+02,1.210895493709283670e+02,-4.714348646101875207e-01,4.710937499999999432e+02,1.181703292697434904e+02
1.372499999999999165e+00,1.013342864067040239e+02,1.210318205928605977e+02,8.653025341448372654e-01,-8.666015624999998863e+02,1.181363909421759217e+02
1.374999999999999112e+00,1.016368331037106714e+02,1.209737785897224001e+02,4.746945931028745402e-02,-4.664062500000000000e+01,1.182253388592960732e+02
1.377499999999999059e+00,1.019392345179368959e+02,1.209154217992048359e+02,-9.801254093803003498e-01,9.810937500000000000e+02,1.181897497531045929e+02
1.379999999999999005e+00,1.022414898618083186e+02,1.208567495341684577e+02,-2.329069421164718712e+00,2.330390625000000000e+03,1.179958743226740552e+02
1.382499999999998952e+00,1.025435983465281140e+02,1.207977620027966168e+02,-1.995886388397766442e+00,1.995468750000000227e+03,1.176626205627410684e+02
1.384999999999998899e+00,1.028455591843479198e+02,1.207384603672244339e+02,-2.285668601088716390e+00,2.285859375000000000e+03,1.173575824444863116e+02
1.387499999999998845e+00,1.031473715909648519e+02,1.206788467192567254e+02,-1.056416568865210293e+00,1.055156250000000000e+03,1.170605604466452121e+02
1.389999999999998792e+00,1.034490347878430043e+02,1.206189241162355898e+02,-1.601348624949928912e+00,1.601835937500000227e+03,1.168833682111510086e+02
1.392499999999998739e+00,1.037505480045922468e+02,1.205586964318401471e+02,-1.101929797088202045e+00,1.101328125000000000e+03,1.166619373283360090e+02
1.394999999999998685e+00,1.040519104809941098e+02,1.204981684829018320e+02,-5.533880517752257644e-01,5.527734375000000000e+02,1.165143641092497688e+02
1.397499999999998632e+00,1.043531214693852149e+02,1.204373459172732055e+02,-8.421299300780206165e-01,8.423437500000000000e+02,1.164188985522297202e+02
1.399999999999998579e+00,1.046541802366717206e+02,1.203762351584757653e+02,3.582992475520062614e-01,-3.594140625000000000e+02,1.163305406880327695e+02
1.402499999999998526e+00,1.049550860715499994e+02,1.203149307337188105e+02,3.499097392498957682e-01,-3.498046875000000568e+02,1.163760214488161608e+02
1.404999999999998472e+00,1.052558385880175109e+02,1.202535299335939811e+02,5.723962814819818501e-01,-5.725781250000000000e+02,1.164280240294296362e+02
1.407499999999998419e+00,1.055564375516423752e+02,1.201920443708808079e+02,1.283902770937269899e+00,-1.284609375000000227e+03,1.165281958574001351e+02
1.409999999999998366e+00,1.058568827571466073e+02,1.201304858344481659e+02,1.794650912458364500e+00,-1.795078125000000000e+03,1.167245970732600000e+02
1.412499999999998312e+00,1.061571740287897399e+02,1.200688661477788060e+02,1.826212093533348790e+00,-1.826132812499999773e+03,1.169792897933285616e+02
1.414999999999998259e+00,1.064573112203765390e+02,1.200071971065692651e+02,1.131155284754919998e+00,-1.130390625000000000e+03,1.172151966640110885e+02
1.417499999999998206e+00,1.067572942151812896e+02,1.199454905128200295e+02,1.296314567988066102e-02,-1.183593750000000000e+01,1.173374158688838662e+02
1.419999999999998153e+00,1.070571229260237089e+02,1.198837583325268668e+02,-2.745335132399655542e-01,2.748046875000000568e+02,1.173255618567453666e+02
1.422499999999998099e+00,1.073567972958049808e+02,1.198220128649363687e+02,-1.639893338197137451e+00,1.641210937500000000e+03,1.172376054956034466e+02
1.424999999999998046e+00,1.076563172983001522e+02,1.197602665091597487e+02,-2.073561980622747658e+00,2.073984375000000000e+03,1.169833376275553292e+02
1.427499999999997993e+00,1.079556829384148102e+02,1.196985320537815340e+02,-3.359462699911269556e+00,3.360703125000000000e+03,1.166391969919368421e+02
1.429999999999997939e+00,1.082548942531716705e+02,1.196368223980636998e+02,-2.044599500095570122e+00,2.043281249999999773e+03,1.161945818382601487e+02
1.432499999999997886e+00,1.085539513120267401e+02,1.195751508840796760e+02,-3.187006082118788441e+00,3.188085937499999545e+03,1.158601012242337163e+02
1.434999999999997833e+00,1.088528542177546825e+02,1.195135303150171779e+02,-4.133491819481229790e+00,4.134375000000000000e+03,1.153676997796847701e+02
1.437499999999997780e+00,1.091516031049476112e+02,1.194519735988623950e+02,-3.829181236649514819e+00,3.828867187500000000e+03,1.147799935730909482e+02
1.439999999999997726e+00,1.094501981405856270e+02,1.193904937981277214e+02,-4.699980851269620175e+00,4.700742187500000000e+03,1.141984645149035771e+02
1.442499999999997673e+00,1.097486395242869150e+02,1.193291036861222523e+02,-4.022492796587411767e+00,4.021757812500000455e+03,1.135422614933253413e+02
1.444999999999997620e+00,1.100469274875239165e+02,1.192678161020105705e+02,-2.657715162423531119e+00,2.656289062500000000e+03,1.130063955687879371e+02
1.447499999999997566e+00,1.103450622937762233e+02,1.192066433679415951e+02,-1.612265725251360138e+00,1.611210937500000000e+03,1.126570190133594451e+02
1.449999999999997513e+00,1.106430442368880449e+02,1.191455968397119136e+02,-1.345497744012215335e+00,1.345195312500000227e+03,1.124331664990835549e+02
1.452499999999997460e+00,1.109408736247114149e+02,1.190844619600359238e+02,-2.648996871456104962e+00,2.650195312500000000e+03,1.121969877339908237e+02
1.454999999999997407e+00,1.112385500005634498e+02,1.190230198099300623e+02,-1.511885559396495049e+00,1.510664062500000000e+03,1.118526722719319366e+02
1.457499999999997353e+00,1.115360725986491843e+02,1.189612751956797183e+02,-1.842115554782521869e-01,1.828125000000000000e+02,1.116785447872231742e+02
1.459999999999997300e+00,1.118334406657198627e+02,1.188992332423389939e+02,-2.557503096843916635e-01,2.558203125000000000e+02,1.116504150673531086e+02
1.462499999999997247e+00,1.121306534613395485e+02,1.188368990016915774e+02,-1.558158838363172594e+00,1.559414062500000000e+03,1.115723274551560706e+02
1.464999999999997193e+00,1.124277102576721745e+02,1.187742778856457164e+02,-3.344436490609632440e-01,3.331640625000000000e+02,1.113890379872317453e+02
1.467499999999997140e+00,1.127246103409972733e+02,1.187113766945468569e+02,-9.355657876676723994e-01,9.360937500000000000e+02,1.113230364110786184e+02
1.469999999999997087e+00,1.130213530150893462e+02,1.186482023777022334e+02,-1.692466141707324123e+00,1.693125000000000000e+03,1.111657462616565226e+02
1.472499999999997033e+00,1.133179376013100921e+02,1.185847628146736668e+02,-2.904820166673166337e+00,2.906015625000000455e+03,1.108849512904211849e+02
1.474999999999996980e+00,1.136143634412796928e+02,1.185210669556423397e+02,-2.207894989486288040e+00,2.207109375000000000e+03,1.104918871851673714e+02
1.477499999999996927e+00,1.139106298998742659e+02,1.184571254550323829e+02,-1.152355095838377252e+00,1.151250000000000000e+03,1.102112529853148857e+02
1.479999999999996874e+00,1.142067363693368662e+02,1.183929496013025187e+02,1.393356364572810868e-01,-1.406250000000000000e+02,1.100907530805772296e+02
1.482499999999996820e+00,1.145026822702863569e+02,1.183285507965132552e+02,-7.153123971100278089e-01,7.161328125000000000e+02,1.100871595790173814e+02
1.484999999999996767e+00,1.147984670516104870e+02,1.182639399263723021e+02,-7.842734149425839574e-01,7.843359375000000000e+02,1.099862693646603589e+02
1.487499999999996714e+00,1.150940901894762334e+02,1.181991287531298980e+02,4.240230241024091073e-01,-4.251562500000000000e+02,1.099174040342203540e+02
1.489999999999996660e+00,1.153895511900593931e+02,1.181341297922192837e+02,-7.959731509805637595e-01,7.971093750000000000e+02,1.099443017250820844e+02
1.492499999999996607e+00,1.156848495909019050e+02,1.180689552287188064e+02,5.042270483607745879e-01,-5.054296874999999432e+02,1.098777088943218132e+02
1.494999999999996554e+00,1.159799849602569566e+02,1.180036185583103361e+02,-2.697933655712526635e-01,2.704687500000000000e+02,1.099317606000738863e+02
1.497499999999996501e+00,1.162749569003979389e+02,1.179381328168146865e+02,-1.573300052653005210e+00,1.574531250000000000e+03,1.098574547551541940e+02
1.499999999999996447e+00,1.165697650461731456e+02,1.178725118231277946e+02,-5.866416227631296998e-01,5.855859375000001137e+02,1.096700571176580468e+02
1.502499999999996394e+00,1.168644090886352842e+02,1.178070986512033471e+02,-1.502633953346850237e+00,1.503515625000000000e+03,1.095636859837856605e+02
1.504999999999996341e+00,1.171588899043750729e+02,1.177422287933798373e+02,-2.817254522985035425e-01,2.804296875000000000e+02,1.093950844201218757e+02
1.507499999999996287e+00,1.174532088542483734e+02,1.176779063836322052e+02,-1.560872284296842771e+00,1.562109375000000000e+03,1.093218959178458789e+02
1.509999999999996234e+00,1.177473673084186458e+02,1.176141329440663839e+02,-4.002490360655956980e-01,3.990234375000000000e+02,1.091438735113184464e+02
1.512499999999996181e+00,1.180413666399207244e+02,1.175509093114961701e+02,4.276521211276022028e-01,-4.284375000000000000e+02,1.091233598383923038e+02
1.514999999999996128e+00,1.183352082231373572e+02,1.174882340487337302e+02,-8.115318381397013114e-01,8.126953125000000000e+02,1.091554458794246898e+02
1.517499999999996074e+00,1.186288934274190296e+02,1.174261033761844004e+02,5.142377173773363674e-01,-5.155078124999998863e+02,1.090924890015438535e+02
1.519999999999996021e+00,1.189224236118132580e+02,1.173645127830443187e+02,-5.666889116770057466e-02,5.718750000000000000e+01,1.091599119613490103e+02
1.522499999999995968e+00,1.192158001233095490e+02,1.173034554565379324e+02,1.033457693716180348e+00,-1.034531250000000000e+03,1.091994481682669402e+02
1.524999999999995914e+00,1.195090242909026159e+02,1.172429235873064073e+02,1.909388496897332477e+00,-1.910156250000000000e+03,1.093902654251782991e+02
1.527499999999995861e+00,1.198020974232336187e+02,1.171829073261001639e+02,5.970363216484677604e-01,-5.956640625000000000e+02,1.096371497748321673e+02
1.529999999999995808e+00,1.200950208030610042e+02,1.171233947534502704e+02,1.638934085934284912e+00,-1.639921875000000000e+03,1.097715378439580860e+02
1.532499999999995755e+00,1.203877956826689228e+02,1.170643735672000929e+02,2.005076480482169909e+00,-2.005429687500000000e+03,1.100353770654875660e+02
1.534999999999995701e+00,1.206804232831421757e+02,1.170058298691534020e+02,2.471398195551437915e+00,-2.471835937500000000e+03,1.103562718314435358e+02
1.537499999999995648e+00,1.209729047899708263e+02,1.169477485450763652e+02,3.329351826794054503e+00,-3.330117187500000000e+03,1.107583726268185416e+02
1.539999999999995595e+00,1.212652413501444073e+02,1.168901132412888018e+02,1.877950574517475824e+00,-1.876406250000000000e+03,1.112103245042732169e+02
1.542499999999995541e+00,1.215574340689482540e+02,1.168329061087664655e+02,5.247731792529055639e-01,-5.233593750000000000e+02,1.114556262967417695e+02
1.544999999999995488e+00,1.218494840066132099e+02,1.167761094129370747e+02,1.223765064054658791e-01,-1.218750000000000142e+02,1.115360638350055069e+02
1.547499999999995435e+00,1.221413921793547388e+02,1.167197059910240284e+02,-9.959438108355209707e-01,9.970312500000000000e+02,1.115348242740490576e+02
1.549999999999995381e+00,1.224331595607463896e+02,1.166636788899310062e+02,-2.251972253580907690e+00,2.253164062500000000e+03,1.113669194273010419e+02
1.552499999999995328e+00,1.227247870649258630e+02,1.166077484429771403e+02,-8.663914904643621462e-01,8.649609375000000000e+02,1.111032446823062685e+02
1.554999999999995275e+00,1.230162746460777043e+02,1.165516476353324720e+02,-9.184959439554829519e-02,9.105468750000000000e+01,1.110210028605084744e+02
1.557499999999995222e+00,1.233076218794224701e+02,1.164953782968862441e+02,1.199133820246236937e+00,-1.200351562500000227e+03,1.110684866358794523e+02
1.559999999999995168e+00,1.235988283447764928e+02,1.164389424556554786e+02,2.944777212497928787e-02,-2.824218750000000355e+01,1.112232760769066999e+02
1.562499999999995115e+00,1.238898936268319346e+02,1.163823416317130750e+02,-5.855810644911039198e-01,5.861718750000000000e+02,1.112266199356556911e+02
1.564999999999995062e+00,1.241808173142135274e+02,1.163255784244948217e+02,-1.492874359207121193e+00,1.493671875000000227e+03,1.111311166720381181e+02
1.567499999999995008e+00,1.244715990027378609e+02,1.162686564921412753e+02,-4.020441280738786816e-01,4.008984375000000000e+02,1.109693851415848087e+02
1.569999999999994955e+00,1.247622382982006712e+02,1.162115810567560032e+02,4.479643517008794484e-01,-4.487109375000000000e+02,1.109587954627645274e+02
1.572499999999994902e+00,1.250527348199771183e+02,1.161543575295354316e+02,-8.522750745927586413e-01,8.534765625000000000e+02,1.110013915612675675e+02
1.574999999999994849e+00,1.253430882008233027e+02,1.160969911538351198e+02,1.028876191433095721e-01,-1.038281250000000000e+02,1.109291367240462591e+02
1.577499999999994795e+00,1.256332980869248530e+02,1.160394884851149016e+02,-1.141602262629938913e+00,1.142812500000000000e+03,1.109238341959411542e+02
1.579999999999994742e+00,1.259233641412744902e+02,1.159818560249535437e+02,3.168266918838358315e-02,-3.281250000000000000e+01,1.108170350027930766e+02
1.582499999999994689e+00,1.262132860435191333e+02,1.159241017395675613e+02,-6.608028697837287080e-01,6.614062500000000000e+02,1.108198424042856942e+02
1.584999999999994635e+00,1.265030634935866374e+02,1.158662333694867783e+02,-1.716584085463368270e+00,1.717617187500000000e+03,1.107103042978590395e+02
1.587499999999994582e+00,1.267926962108250848e+02,1.158082594491918229e+02,-2.901533853265439777e+00,2.902617187500000000e+03,1.104430125842185078e+02
1.589999999999994529e+00,1.270821839364671462e+02,1.157501896252860405e+02,-2.299996836562138824e+00,2.299335937500000000e+03,1.100620810921606534e+02
1.592499999999994476e+00,1.273715264367423572e+02,1.156920351066216597e+02,-1.387919325321966824e+00,1.386914062500000000e+03,1.097789631974682294e+02
1.594999999999994422e+00,1.276607235064920616e+02,1.156338074583868831e+02,-2.338952299274727142e+00,2.339882812500000000e+03,1.095675006830079212e+02
1.597499999999994369e+00,1.279497749693389892e+02,1.155755178889235566e+02,-2.243139269644097489e+00,2.242968749999999545e+03,1.092522157795743993e+02
1.599999999999994316e+00,1.282386806769784471e+02,1.155171783564746022e+02,-9.092566922103326732e-01,9.078515625000000000e+02,1.089915426123689457e+02
1.602499999999994262e+00,1.285274405305102903e+02,1.154590835729227649e+02,-1.045861409575212342e+00,1.045898437499999773e+03,1.088766689573399447e+02
1.604999999999994209e+00,1.288160554451528981e+02,1.154015070551467801e+02,-1.708179814907875294e+00,1.708828125000000000e+03,1.087247936277170197e+02
1.607499999999994156e+00,1.291045267057024546e+02,1.153444292592100027e+02,-2.893857839036017232e+00,2.895000000000000000e+03,1.084595691117691416e+02
1.609999999999994102e+00,1.293928555476715587e+02,1.152878301534614849e+02,-2.452139508331284912e+00,2.451679687500000000e+03,1.080753663486127039e+02
1.612499999999994049e+00,1.296810431565445185e+02,1.152316899982892835e+02,-3.518363098057039728e+00,3.519375000000000000e+03,1.077058828794490495e+02
1.614999999999993996e+00,1.299690906683869116e+02,1.151759884821256748e+02,-4.612496757640129452e+00,4.613554687500000000e+03,1.071806142313524788e+02
1.617499999999993943e+00,1.302569991683372734e+02,1.151207055720064290e+02,-5.573683808915756543e+00,5.574609375000000000e+03,1.065008440878610685e+02
1.619999999999993889e+00,1.305447696917059375e+02,1.150658217489898476e+02,-5.227404427749882565e+00,5.227031250000000000e+03,1.057243460111069595e+02
1.622499999999993836e+00,1.308324032254351152e+02,1.150113182343057332e+02,-5.166504444817469732e+00,5.166328125000000000e+03,1.049886241097123474e+02
1.624999999999993783e+00,1.311199007097514198e+02,1.149571763387913990e+02,-3.943496002747855833e+00,3.942187500000000455e+03,1.042995244717979801e+02
1.627499999999993729e+00,1.314072630382341629e+02,1.149033776279749475e+02,-4.165101679704619642e+00,4.165312500000000000e+03,1.037401462422288887e+02
1.629999999999993676e+00,1.316944910583164585e+02,1.148499033391842516e+02,-4.530047316855811523e+00,4.530351562500000000e+03,1.031437633592083216e+02
1.632499999999993623e+00,1.319815855705023466e+02,1.147967351020252380e+02,-4.977373924202679767e+00,4.977773437500000909e+03,1.024916327650605012e+02
1.634999999999993570e+00,1.322685473296900511e+02,1.147438551728582041e+02,-5.882427673562438564e+00,5.883281250000000909e+03,1.017596362125722607e+02
1.637499999999993516e+00,1.325553770468416701e+02,1.146912465876365701e+02,-4.590337892280973442e+00,4.588945312500000000e+03,1.009681517144224614e+02
1.639999999999993463e+00,1.328420753910867518e+02,1.146388934771943582e+02,-5.655347106452081718e+00,5.656406250000000909e+03,1.002862547941993370e+02
1.642499999999993410e+00,1.331286429921976548e+02,1.145867800684565054e+02,-6.641569119421989242e+00,6.642539062500000000e+03,9.945285646157270776e+01
1.644999999999993356e+00,1.334150804407233011e+02,1.145348914583804998e+02,-5.990303193187731523e+00,5.989570312500000000e+03,9.853013410257140947e+01
1.647499999999993303e+00,1.337013882905405637e+02,1.144832137390532125e+02,-6.697859860739637128e+00,6.698554687500000909e+03,9.765687559823533093e+01
1.649999999999993250e+00,1.339875670611691305e+02,1.144317334047865842e+02,-7.202792355433285110e+00,7.203281250000000000e+03,9.668790945809519144e+01
1.652499999999993197e+00,1.342736172354521784e+02,1.143803955837050381e+02,-6.833248841447803201e+00,6.832851562500000000e+03,9.567434171748708138e+01
1.654999999999993143e+00,1.345595391196032438e+02,1.143291534801660703e+02,-6.706496791726373807e+00,6.706289062500000000e+03,9.470582977640164302e+01
1.657499999999993090e+00,1.348453329523960633e+02,1.142780060593747464e+02,-7.333524739941006843e+00,7.334062500000000000e+03,9.373080969615232050e+01
1.659999999999993037e+00,1.351309989698846152e+02,1.142269520945047105e+02,-6.132511756110234025e+00,6.131250000000000000e+03,9.272461209281975414e+01
1.662499999999992983e+00,1.354165374050361947e+02,1.141759904237790693e+02,-5.635183864606626791e+00,5.634609374999999091e+03,9.186798822309856405e+01
1.664999999999992930e+00,1.357019484878224489e+02,1.141251194511148839e+02,-6.418696216148230604e+00,6.419414062500000000e+03,9.104099424341015379e+01
1.667499999999992877e+00,1.359872324439556337e+02,1.140743372246523109e+02,-7.238951325561108874e+00,7.239726562500000909e+03,9.009990844026903289e+01
1.669999999999992824e+00,1.362723894941503886e+02,1.140236417616459903e+02,-6.144943898623041356e+00,6.143789062500000000e+03,8.910271699588724914e+01
1.672499999999992770e+00,1.365574198542390434e+02,1.139730311833278620e+02,-5.389589569218285803e+00,5.388750000000000000e+03,8.825132613663232917e+01
1.674999999999992717e+00,1.368423237353011359e+02,1.139225032781475733e+02,-5.408989284464959191e+00,5.408906250000000909e+03,8.748294019364223573e+01
1.677499999999992664e+00,1.371271013426505760e+02,1.138720554704492400e+02,-4.993315180235001982e+00,4.992890625000000000e+03,8.672551146919303733e+01
1.679999999999992610e+00,1.374117528749916346e+02,1.138216849753925430e+02,-5.694860546669163526e+00,5.695546874999999091e+03,8.599122937200779404e+01
1.682499999999992557e+00,1.376962785239425102e+02,1.137713887517423217e+02,-6.577074068207336310e+00,6.577851562500000000e+03,8.515015360717394799e+01
1.684999999999992504e+00,1.379806784734285259e+02,1.137211637066601639e+02,-5.081493439759140252e+00,5.079960937500000000e+03,8.425915759045747677e+01
1.687499999999992450e+00,1.382649528996687138e+02,1.136710067865848117e+02,-4.078392035533985549e+00,4.077304687500000000e+03,8.356633033505003993e+01
1.689999999999992397e+00,1.385491019711703302e+02,1.136209146039369529e+02,-2.812996769032015898e+00,2.811679687500000000e+03,8.302544680740444960e+01
1.692499999999992344e+00,1.388331258477630854e+02,1.135708834587124869e+02,-3.840837647611666128e+00,3.841757812500000000e+03,8.259147672254589168e+01
1.694999999999992291e+00,1.391170246798131416e+02,1.135209092821551025e+02,-4.766524020317246091e+00,4.767421875000000000e+03,8.201321291959052928e+01
1.697499999999992237e+00,1.394007986074033170e+02,1.134709879741478602e+02,-3.341851284495974461e+00,3.340312500000000455e+03,8.137797509762070547e+01
1.699999999999992184e+00,1.396844477604040264e+02,1.134211154783668150e+02,-1.994427808485171427e+00,1.993007812499999773e+03,8.094406077548852352e+01
1.702499999999992131e+00,1.399679722592437656e+02,1.133712964386159996e+02,-2.186798297601803664e+00,2.186953125000000000e+03,8.065317389947274762e+01
1.704999999999992077e+00,1.402513722439958599e+02,1.133215330550675475e+02,-1.538711923001905291e+00,1.537968750000000000e+03,8.036163174497190198e+01
1.707499999999992024e+00,1.405346478494077189e+02,1.132718177265886084e+02,-2.582451324562453632e-01,2.568750000000000000e+02,8.018312460459144120e+01
1.709999999999991971e+00,1.408177991914057259e+02,1.132221431310362618e+02,-1.438550949405198232e+00,1.439648437500000000e+03,8.010834355749092595e+01
1.712499999999991918e+00,1.411008263677364312e+02,1.131725021414106180e+02,-1.384857158439056546e+00,1.384687500000000000e+03,7.990416179180363088e+01
1.714999999999991864e+00,1.413837294585036375e+02,1.131228880786695328e+02,-2.333330895985139541e+00,2.334257812500000000e+03,7.967512456102917895e+01
1.717499999999991811e+00,1.416665085273584168e+02,1.130732946356412754e+02,-2.113927665149762269e+00,2.113593750000000000e+03,7.934776450566000960e+01
1.719999999999991758e+00,1.419491636224366573e+02,1.130237160086895898e+02,-2.911900966033820648e+00,2.912695312499999545e+03,7.901880178701468083e+01
1.722499999999991704e+00,1.422316947776167808e+02,1.129741467788398666e+02,-2.131671337249399834e+00,2.130820312500000000e+03,7.862636133683621154e+01
1.724999999999991651e+00,1.425141020134823862e+02,1.129245820289743847e+02,-2.638957013782192718e+00,2.639414062500000000e+03,7.830396167438405541e+01
1.727499999999991598e+00,1.427963853385601851e+02,1.128750171721471247e+02,-1.466875788648612122e+00,1.465664062499999773e+03,7.796303248971715050e+01
1.729999999999991545e+00,1.430785447501327781e+02,1.128254480848348607e+02,-8.771356000903952621e-01,8.764453125000001137e+02,7.777112825945943086e+01
1.732499999999991491e+00,1.433605802353885679e+02,1.127758709220574076e+02,-3.523977214261078128e-01,3.517968750000000000e+02,7.766157651464250478e+01
1.734999999999991438e+00,1.436424917720605947e+02,1.127262821467121370e+02,-5.099701329326264965e-01,5.101171875000000568e+02,7.760515179485076942e+01
1.737499999999991385e+00,1.439242793292010560e+02,1.126766785082005953e+02,1.190758545380051769e-01,-1.196484375000000000e+02,7.755157972608384398e+01
1.739999999999991331e+00,1.442059428679282860e+02,1.126270571353136773e+02,-9.410874060278727748e-01,9.420703125000000000e+02,7.753358950958791240e+01
1.742499999999991278e+00,1.444874823423656665e+02,1.125774154291063525e+02,-1.716386027096538092e+00,1.717148437500000000e+03,7.737290822359629772e+01
1.744999999999991225e+00,1.447688977003415971e+02,1.125277512579015564e+02,-2.851652826476837710e+00,2.852695312499999545e+03,7.708949821960779047e+01
1.747499999999991172e+00,1.450501888846259817e+02,1.124780629511745786e+02,-3.293127318816412075e+00,3.293554687500000000e+03,7.666580288515821451e+01
1.749999999999991118e+00,1.453313558341048122e+02,1.124283493784178063e+02,-2.184693420692796373e+00,2.183554687500000455e+03,7.622898295288050008e+01
1.752499999999991065e+00,1.456123984851886632e+02,1.123786103887635193e+02,-1.612345400035292808e+00,1.611679687500000227e+03,7.593387547302609164e+01
1.754999999999991012e+00,1.458933167745126411e+02,1.123288456739214212e+02,-1.372120868119867554e+00,1.371796874999999773e+03,7.571024975642522747e+01
1.757499999999990958e+00,1.461741106372292904e+02,1.122790542810774639e+02,-2.438997652970054553e+00,2.439960937500000000e+03,7.547894030499801943e+01
1.759999999999990905e+00,1.464547800060846612e+02,1.122292352389750079e+02,-3.530318498336480815e+00,3.531328125000000455e+03,7.509389841679490019e+01
1.762499999999990852e+00,1.467353248114450821e+02,1.121793877618494122e+02,-4.512567996997328024e+00,4.513476562499999091e+03,7.455588391911679480e+01
1.764999999999990798e+00,1.470157449818461259e+02,1.121295113012239000e+02,-4.613479775871160982e+00,4.613554687500000000e+03,7.390550708830255644e+01
1.767499999999990745e+00,1.472960404446080815e+02,1.120796055685940047e+02,-5.532639389709407496e+00,5.533476562500000000e+03,7.321423366578098069e+01
1.769999999999990692e+00,1.475762111264269549e+02,1.120296703714320614e+02,-4.441190674678709094e+00,4.440000000000000000e+03,7.245617770464383511e+01
1.772499999999990639e+00,1.478562569536080389e+02,1.119797057386246735e+02,-3.226154304542935058e+00,3.224882812500000000e+03,7.185909167941451869e+01
1.774999999999990585e+00,1.481361778525743205e+02,1.119297115916109533e+02,-3.411388604052610241e+00,3.411562500000000000e+03,7.139144204007175176e+01
1.777499999999990532e+00,1.484159737494267688e+02,1.118796876113188148e+02,-3.101403306618480293e+00,3.101015625000000000e+03,7.091345223708893286e+01
1.779999999999990479e+00,1.486956445693667490e+02,1.118296334236928118e+02,-3.764134166818998928e+00,3.764765624999999545e+03,7.044872833090411746e+01
1.782499999999990425e+00,1.489751902366193690e+02,1.117795485351247606e+02,-3.302650380291221488e+00,3.302109375000000455e+03,6.992539356560962460e+01
1.784999999999990372e+00,1.492546106741757228e+02,1.117294325407845719e+02,-2.119615385186151890e+00,2.118398437500000000e+03,6.949216986664576723e+01
1.787499999999990319e+00,1.495339058040369480e+02,1.116792849513335995e+02,-2.828283630083970213e+00,2.828906250000000000e+03,6.916813380188803251e+01
1.789999999999990266e+00,1.498130755468464770e+02,1.116291049653629557e+02,-3.643986941446847982e+00,3.644765625000000455e+03,6.873888174136230589e+01
1.792499999999990212e+00,1.500921198211250953e+02,1.115788917750928277e+02,-2.665719317361761931e+00,2.664726562500000000e+03,6.825072591077511674e+01
1.794999999999990159e+00,1.503710385434474404e+02,1.115286447070281355e+02,-1.877856999063364007e+00,1.876992187499999773e+03,6.789768841559063617e+01
1.797499999999990106e+00,1.506498316287083128e+02,1.114783628873520627e+02,-6.521193400635059145e-01,6.508593750000000000e+02,6.767285111411673881e+01
1.799999999999990052e+00,1.509284989894705973e+02,1.114280451893391302e+02,-1.735687049667587134e+00,1.736718750000000227e+03,6.755007554663055203e+01
1.802499999999989999e+00,1.512070405368644117e+02,1.113777209536429496e+02,-2.727757540405872483e+00,2.728710937500000000e+03,6.727438399331339269e+01
1.804999999999989946e+00,1.514854562878492459e+02,1.113274240107061672e+02,-3.192125767086977373e+00,3.192539062500000000e+03,6.687310259843508220e+01
1.807499999999989893e+00,1.517637463136481131e+02,1.112771598995482094e+02,-3.941859536204508796e+00,3.942539062500000000e+03,6.639588304296465537e+01
1.809999999999989839e+00,1.520419106996242249e+02,1.112269345994972127e+02,-4.145258762611410575e+00,4.145390625000000909e+03,6.582855620574575539e+01
1.812499999999989786e+00,1.523199495463452990e+02,1.111767545685861762e+02,-4.096946455592698655e+00,4.096875000000000000e+03,6.524041662441609901e+01
1.814999999999989733e+00,1.525978629707534822e+02,1.111266265763372445e+02,-3.130658690025565960e+00,3.129609375000000455e+03,6.468957762219500296e+01
1.817499999999989679e+00,1.528756511068690713e+02,1.110765575981072004e+02,-4.121050905814662713e+00,4.121953125000000000e+03,6.421511167967149447e+01
1.819999999999989626e+00,1.531533141061134700e+02,1.110265543864709343e+02,-3.596689664125879204e+00,3.596132812500000000e+03,6.364724182228133742e+01
1.822499999999989573e+00,1.534308521367968581e+02,1.109766239939165473e+02,-3.539745566033527968e+00,3.539648437500000455e+03,6.314048275646374009e+01
1.824999999999989519e+00,1.537082653849410576e+02,1.109267733485993830e+02,-4.433971657299204949e+00,4.434843750000000909e+03,6.261141730914791026e+01
1.827499999999989466e+00,1.539855540537989498e+02,1.108770092861643235e+02,-3.190656920524511442e+00,3.189375000000000000e+03,6.202313630331628502e+01
1.829999999999989413e+00,1.542627183637698920e+02,1.108273388783357518e+02,-3.985585162427756067e+00,3.986367187499999545e+03,6.154897426684482298e+01
1.832499999999989360e+00,1.545397585528639013e+02,1.107777686836499242e+02,-3.308774334072203782e+00,3.308085937499999545e+03,6.100823095535953655e+01
1.834999999999989306e+00,1.548166748753336037e+02,1.107283053305667551e+02,-2.086518002109794878e+00,2.085234375000000000e+03,6.058409698548220490e+01
1.837499999999989253e+00,1.550934676019464007e+02,1.106789550496027061e+02,-3.153165057398526372e+00,3.154218750000000000e+03,6.026309448824772375e+01
1.839999999999989200e+00,1.553701370186738018e+02,1.106297233035685252e+02,-4.216275327316614252e+00,4.217226562500000909e+03,5.978800057841436200e+01
1.842499999999989146e+00,1.556466834248486464e+02,1.105806154704044388e+02,-5.211505756178099524e+00,5.212500000000000000e+03,5.916131547026756010e+01
1.844999999999989093e+00,1.559231071332931435e+02,1.105316369950014348e+02,-4.858280058327089534e+00,4.857890625000000000e+03,5.843473377369538468e+01
1.847499999999989040e+00,1.561994084705693808e+02,1.104827935047620286e+02,-4.630232538498327166e+00,4.629960937500000000e+03,5.775596905044131546e+01
1.849999999999988987e+00,1.564755877772562087e+02,1.104340902416231529e+02,-5.362152858908853403e+00,5.362851562500000909e+03,5.707945705298089223e+01
1.852499999999988933e+00,1.567516454033859361e+02,1.103854710969139887e+02,-5.871885271320397059e+00,5.872382812499999091e+03,5.630423269543677378e+01
1.854999999999988880e+00,1.570275814950878157e+02,1.103368731864593144e+02,-4.557116350676538197e+00,4.555781250000000000e+03,5.551522428329182191e+01
1.857499999999988827e+00,1.573033961023602387e+02,1.102882909034214549e+02,-5.359942112529496150e+00,5.360742187500000000e+03,5.484876193693988000e+01
1.859999999999988773e+00,1.575790892607992646e+02,1.102397175889170597e+02,-5.901495413704659576e+00,5.902031250000000000e+03,5.407430568850036678e+01
1.862499999999988720e+00,1.578546609888945795e+02,1.101911462549364842e+02,-4.954835149133137939e+00,4.953867187500000000e+03,5.327026997646888873e+01
1.864999999999988667e+00,1.581301112875764261e+02,1.101425696975036175e+02,-5.938679529175035832e+00,5.939648437500000000e+03,5.254134939774704094e+01
1.867499999999988614e+00,1.584054401394690501e+02,1.100939798821167130e+02,-5.706588566116443495e+00,5.706328125000000000e+03,5.170913648966654108e+01
1.869999999999988560e+00,1.586806475068189570e+02,1.100453687089362660e+02,-6.433104149954162132e+00,6.433828125000000000e+03,5.087959693544325290e+01
1.872499999999988507e+00,1.589557333314883465e+02,1.099967275844621923e+02,-7.031463093623339766e+00,7.031953125000000000e+03,4.994820881814574420e+01
1.874999999999988454e+00,1.592306975336969117e+02,1.099480478813607789e+02,-7.005719762666873685e+00,7.005585937500000000e+03,4.894995239684165256e+01
1.877499999999988400e+00,1.595055400121153184e+02,1.098993209889280394e+02,-6.450154130593048762e+00,6.449531250000000909e+03,4.797313490157849714e+01
1.879999999999988347e+00,1.597802606438794726e+02,1.098505381384265149e+02,-6.795666354958700417e+00,6.795937500000000000e+03,4.704816633532235670e+01
1.882499999999988294e+00,1.600548592839806190e+02,1.098016900534614990e+02,-7.345461897913814653e+00,7.345898437499999091e+03,4.606574488955014601e+01
1.884999999999988241e+00,1.603293357639904855e+02,1.097527673011561689e+02,-6.417592233186474537e+00,6.416601562500000909e+03,4.505150681040421290e+01
1.887499999999988187e+00,1.606036898919446401e+02,1.097037605839302756e+02,-7.210021919958486514e+00,7.210781250000000000e+03,4.411673283747104790e+01
1.889999999999988134e+00,1.608779214525093550e+02,1.096546600222887946e+02,-6.721445538397270880e+00,6.720937500000000000e+03,4.310772949724690761e+01
1.892499999999988081e+00,1.611520302055140519e+02,1.096054559399706250e+02,-7.476025359247828739e+00,7.476679687499999091e+03,4.212931910197201546e+01
1.894999999999988027e+00,1.614260158865587584e+02,1.095561382642387258e+02,-8.336757917039138377e+00,8.337539062500000000e+03,4.103570832918634181e+01
1.897499999999987974e+00,1.616998782059782798e+02,1.095066971067703605e+02,-7.051143058387300933e+00,7.049765625000000000e+03,3.988606736928736751e+01
1.899999999999987921e+00,1.619736168496298490e+02,1.094571230005521016e+02,-7.355432304010879108e+00,7.355625000000000909e+03,3.887329199513622058e+01
1.902499999999987867e+00,1.622472314779868157e+02,1.094073765096277953e+02,-6.606141325882831872e+00,6.605390624999999091e+03,3.785035735324007078e+01
1.904999999999987814e+00,1.625207216223223838e+02,1.093574151636190521e+02,-5.427489392727841810e+00,5.426249999999999091e+03,3.695272898363781167e+01
1.907499999999987761e+00,1.627940867368493514e+02,1.093072228741449408e+02,-4.722256295503893142e+00,4.721484374999999091e+03,3.621418958595894111e+01
1.909999999999987708e+00,1.630673262345135868e+02,1.092567815363627517e+02,-3.795159062444380726e+00,3.794179687500000000e+03,3.558792938663522420e+01
1.912499999999987654e+00,1.633404394818544461e+02,1.092060712952437314e+02,-3.936501541463222509e+00,3.936562499999999545e+03,3.506376618457454697e+01
1.914999999999987601e+00,1.636134257948178856e+02,1.091550708452098775e+02,-4.244990906220591498e+00,4.245234374999999091e+03,3.451291175612325191e+01
1.917499999999987548e+00,1.638862844356421533e+02,1.091037587638005704e+02,-5.182158070350268986e+00,5.183085937500000000e+03,3.389479528250733154e+01
1.919999999999987494e+00,1.641590146132352288e+02,1.090521143240404598e+02,-4.313045811781801575e+00,4.312148437500000000e+03,3.319742391277927140e+01
1.922499999999987441e+00,1.644316154855129639e+02,1.090001185927822434e+02,-4.309872301884382750e+00,4.309804687499999091e+03,3.260035810517663180e+01
1.924999999999987388e+00,1.647040861638768092e+02,1.089477535204010792e+02,-4.351912404821775660e+00,4.351875000000000000e+03,3.200191827571129721e+01
1.927499999999987335e+00,1.649764257151694551e+02,1.088950024017207880e+02,-3.600528368839833071e+00,3.599765625000000455e+03,3.142360637582105198e+01
1.929999999999987281e+00,1.652486331653004186e+02,1.088418500398977642e+02,-3.475543820384566995e+00,3.475312500000000909e+03,3.093624992731944445e+01
1.932499999999987228e+00,1.655207075029294970e+02,1.087882822689032594e+02,-4.269957463460983149e+00,4.270664062500000909e+03,3.043610426882329634e+01
1.934999999999987175e+00,1.657926476818832668e+02,1.087342862176975160e+02,-4.960549094318302821e+00,4.961132812500000000e+03,2.981978755994293806e+01
1.937499999999987121e+00,1.660644526247563135e+02,1.086798510751946623e+02,-5.870552815505330813e+00,5.871445312500000909e+03,2.909165246781871872e+01
1.939999999999987068e+00,1.663361212283931820e+02,1.086249682869220692e+02,-4.618451079717252661e+00,4.617187499999999091e+03,2.829922620195912586e+01
1.942499999999987015e+00,1.666076523697708751e+02,1.085696320631556944e+02,-5.435697690045566688e+00,5.436445312500000000e+03,2.762399997294186349e+01
1.944999999999986962e+00,1.668790449124128088e+02,1.085138375391954924e+02,-4.577184679407658940e+00,4.576289062499999091e+03,2.688174501613184120e+01
1.947499999999986908e+00,1.671502977085176553e+02,1.084575821739799295e+02,-5.482679625806530233e+00,5.483554687500000909e+03,2.620791297695454958e+01
1.949999999999986855e+00,1.674214096048758336e+02,1.084008643995785093e+02,-4.184225796413398868e+00,4.182890625000000000e+03,2.547149477912162752e+01
1.952499999999986802e+00,1.676923794454433221e+02,1.083436865020598674e+02,-4.780513096320047950e+00,4.781015625000000000e+03,2.486556896902107638e+01
1.954999999999986748e+00,1.679632060821645609e+02,1.082860514446287397e+02,-3.526538376886386494e+00,3.525234375000000455e+03,2.423162166580090826e+01
1.957499999999986695e+00,1.682338883737259891e+02,1.082279629852307465e+02,-4.456813237119726878e+00,4.457695312499999091e+03,2.371179030196964987e+01
1.959999999999986642e+00,1.685044251889072768e+02,1.081694252932854567e+02,-3.556808923211419504e+00,3.555820312500000000e+03,2.311261749963502510e+01
1.962499999999986589e+00,1.687748154076565754e+02,1.081104448133990275e+02,-4.189081947446833709e+00,4.189687499999999091e+03,2.259633422285549287e+01
1.964999999999986535e+00,1.690450579269231355e+02,1.080510287252903083e+02,-4.867068566981910926e+00,4.867734375000000000e+03,2.198149254955938048e+01
1.967499999999986482e+00,1.693151516622796464e+02,1.079911861016067007e+02,-4.834048264526590089e+00,4.833984375000000000e+03,2.128686357454590450e+01
1.969999999999986429e+00,1.695850955531641091e+02,1.079309281138600340e+02,-4.179320125627070226e+00,4.178554687500000000e+03,2.061723525634585741e+01
1.972499999999986375e+00,1.698548885681060199e+02,1.078702676142635113e+02,-4.701910985002802690e+00,4.702382812500000000e+03,2.000542970835934753e+01
1.974999999999986322e+00,1.701245297083837613e+02,1.078092182288298773e+02,-4.116377543121582328e+00,4.115742187500000909e+03,1.935084813603213050e+01
1.977499999999986269e+00,1.703940180099847055e+02,1.077477952528246590e+02,-3.521427379834761506e+00,3.520781250000000000e+03,1.878438653211790310e+01
1.979999999999986215e+00,1.706633525479013826e+02,1.076860147690187830e+02,-4.452679546343249584e+00,4.453593750000000000e+03,1.825478561406180944e+01
1.982499999999986162e+00,1.709325324375857349e+02,1.076238932932328964e+02,-3.508687730514262082e+00,3.507656250000000000e+03,1.764642298971135048e+01
1.984999999999986109e+00,1.712015568364262208e+02,1.075614491740682297e+02,-4.454665315144232807e+00,4.455585937500000000e+03,1.711560596893024311e+01
1.987499999999986056e+00,1.714704249482973353e+02,1.074987009382230667e+02,-3.539181393602391701e+00,3.538242187500000455e+03,1.650317861062729818e+01
1.989999999999986002e+00,1.717391360239325877e+02,1.074356689224581487e+02,-4.353545287223254512e+00,4.354335937500000000e+03,1.596950654229754818e+01
1.992499999999985949e+00,1.720076893654400578e+02,1.073723735054383752e+02,-3.589396337329559650e+00,3.588515625000000000e+03,1.536446417522799734e+01
1.994999999999985896e+00,1.722760843263031632e+02,1.073088365986595107e+02,-3.670292851159291825e+00,3.670312500000000000e+03,1.484562052717427427e+01
1.997499999999985842e+00,1.725443203152725005e+02,1.072450801907643836e+02,-2.531213098898041025e+00,2.529960937500000455e+03,1.435510906102792994e+01
1.999999999999985789e+00,1.728123967962960990e+02,1.071811270293674028e+02,-2.255212543605577658e+00,2.254921875000000000e+03,1.400760982763988594e+01
2.002499999999985736e+00,1.730803132903534447e+02,1.071170010586023693e+02,-1.114393716758601327e+00,1.113164062500000227e+03,1.373081491183508440e+01
2.004999999999985683e+00,1.733480693798604477e+02,1.070527263199796408e+02,-4.952260694396095619e-01,4.945312499999999432e+02,1.360907060213785513e+01
2.007499999999985629e+00,1.736156647053176414e+02,1.069883244008407956e+02,2.756503919019832605e-01,-2.763281250000000000e+02,1.358575784757498184e+01
2.009999999999985576e+00,1.738830989608565574e+02,1.069238165037562993e+02,1.313996599957733880e+00,-1.314960937500000000e+03,1.368792126753674587e+01
2.012499999999985523e+00,1.741503718933615517e+02,1.068592232972477944e+02,2.126658542813609998e+00,-2.127421875000000000e+03,1.393913179011984305e+01
2.014999999999985469e+00,1.744174833010186205e+02,1.067945646558868731e+02,2.611730505533986779e+00,-2.612109375000000000e+03,1.430112422782609727e+01
2.017499999999985416e+00,1.746844330312303839e+02,1.067298597268423208e+02,1.456709964498881904e+00,-1.455468750000000000e+03,1.467864912257968868e+01
2.019999999999985363e+00,1.749512209788212544e+02,1.066651270336792692e+02,1.118410651254009958e+00,-1.117968750000000000e+03,1.490661338873196584e+01
2.022499999999985310e+00,1.752178470850320480e+02,1.066003859887890712e+02,4.270415981565310881e-01,-4.263281250000000000e+02,1.506935557462417208e+01
2.024999999999985256e+00,1.754843113401258563e+02,1.065356564935032821e+02,-5.536738335337459960e-01,5.546484375000000000e+02,1.511566158420094119e+01
2.027499999999985203e+00,1.757506137844407874e+02,1.064709591434460805e+02,-7.998035876044523595e-01,8.000390625000000000e+02,1.503682520136580436e+01
2.029999999999985150e+00,1.760167545102699478e+02,1.064063154330903842e+02,2.635732884240186147e-01,-2.646093750000000000e+02,1.496400786594895571e+01
2.032499999999985096e+00,1.762827336641036879e+02,1.063417473026004672e+02,1.293566954210708886e+00,-1.294570312500000000e+03,1.504978810469015293e+01
2.034999999999985043e+00,1.765485514471721160e+02,1.062772759253015948e+02,1.836883275399612270e+00,-1.837382812500000000e+03,1.527330439748476287e+01
2.037499999999984990e+00,1.768142081129887799e+02,1.062129213276020323e+02,1.133168245776737582e+00,-1.132382812500000000e+03,1.553472399873217036e+01
2.039999999999984936e+00,1.770797039644314737e+02,1.061487025021853015e+02,2.639438787963445110e-01,-2.629687500000000000e+02,1.568255822390677068e+01
2.042499999999984883e+00,1.773450393515578867e+02,1.060846383882256845e+02,1.287007082734524133e+00,-1.288007812500000000e+03,1.576213785840095660e+01
2.044999999999984830e+00,1.776102146720156441e+02,1.060207483694736652e+02,1.727098966377145661e+00,-1.727460937500000000e+03,1.597462349549222083e+01
2.047499999999984777e+00,1.778752303718369205e+02,1.059570509431704437e+02,2.653855350841356930e+00,-2.654765625000000000e+03,1.626827050564316579e+01
2.049999999999984723e+00,1.781400869427376392e+02,1.058935638160931774e+02,1.817146969269669343e+00,-1.816289062500000000e+03,1.663971669831031264e+01
2.052499999999984670e+00,1.784047849256388076e+02,1.058303892122937526e+02,1.458261280142684413e+00,-1.457812500000000000e+03,1.689999735276731130e+01
2.054999999999984617e+00,1.786693252017353188e+02,1.057676253588948185e+02,1.086811159341416033e+00,-1.086328125000000000e+03,1.710450718522507785e+01
2.057499999999984563e+00,1.789337088037206058e+02,1.057052822901043925e+02,9.325848759680988032e-01,-9.323437499999998863e+02,1.725930411588158364e+01
2.059999999999984510e+00,1.791979367890930632e+02,1.056433695278557536e+02,1.453318796144796643e+00,-1.453828124999999773e+03,1.741247559744270035e+01
2.062499999999984457e+00,1.794620102388301746e+02,1.055818959199409051e+02,1.152513507238450918e+00,-1.152187500000000227e+03,1.761447465569634119e+01
2.064999999999984404e+00,1.797259302554656699e+02,1.055208690959218529e+02,1.246093723187833291e-01,-1.235156250000000142e+02,1.774579731376490344e+01
2.067499999999984350e+00,1.799896979599544977e+02,1.054602958080043038e+02,-7.417983659475113623e-01,7.426171875000000000e+02,1.772795766024264807e+01
2.069999999999984297e+00,1.802533144897952297e+02,1.054001824433815386e+02,-3.142527170792825397e-01,3.137109375000000000e+02,1.762364873509698171e+01
2.072499999999984244e+00,1.805167809983706206e+02,1.053405351549177595e+02,-1.049203423137198277e+00,1.049882812499999773e+03,1.754301078157581273e+01
2.074999999999984190e+00,1.807800986540684676e+02,1.052813590219170123e+02,-1.526991588113063791e+00,1.527421875000000000e+03,1.736077944758307012e+01
2.077499999999984137e+00,1.810432686374372224e+02,1.052226585270348380e+02,-4.344280441611250154e-01,4.332421875000000000e+02,1.715934366982473591e+01
2.079999999999984084e+00,1.813062921399560707e+02,1.051644375507898559e+02,5.745749288164003765e-01,-5.755078125000001137e+02,1.711662700167771689e+01
2.082499999999984031e+00,1.815691703622542832e+02,1.051066985550428399e+02,1.156562880083266132e+00,-1.157109375000000000e+03,1.720862745124675897e+01
2.084999999999983977e+00,1.818319045101907818e+02,1.050494424136608416e+02,1.091560304356116173e-01,-1.080468750000000142e+02,1.733156537723350255e+01
2.087499999999983924e+00,1.820944957908668300e+02,1.049926684906887147e+02,-8.741459658013294165e-01,8.750390625000000000e+02,1.730061925175349913e+01
2.089999999999983871e+00,1.823569454092065882e+02,1.049363755549948962e+02,-4.022239312138612966e-01,4.017187499999999432e+02,1.717198689435162606e+01
2.092499999999983817e+00,1.826192545668942557e+02,1.048805620554229989e+02,3.037108577129211118e-01,-3.043359375000000000e+02,1.712035839594804543e+01
2.094999999999983764e+00,1.828814244614331415e+02,1.048252255350460018e+02,1.148820687338697910e+00,-1.149609375000000227e+03,1.717709793384591777e+01
2.097499999999983711e+00,1.831434562835538600e+02,1.047703623781631137e+02,1.422658669036058754e-01,-1.412109375000000000e+02,1.729634202171920165e+01
2.099999999999983658e+00,1.834053512141612998e+02,1.047159675878919955e+02,-5.056012537711264132e-01,5.061328125000000000e+02,1.727826773284329676e+01
2.102499999999983604e+00,1.836671104196676936e+02,1.046620146206597326e+02,9.049683394182461704e-02,-9.105468750000000000e+01,1.720572048420423883e+01
2.104999999999983551e+00,1.839287349794170439e+02,1.046084784345051730e+02,-9.399792932718871175e-01,9.408984375000001137e+02,1.716639018473508216e+01
2.107499999999983498e+00,1.841902259333530196e+02,1.045553550166611387e+02,-1.575911076592739324e+00,1.576523437499999773e+03,1.698799734512300930e+01
2.109999999999983444e+00,1.844515843109766138e+02,1.045026399794059841e+02,-8.035078674274696020e-01,8.027343750000001137e+02,1.676239685491673370e+01
2.112499999999983391e+00,1.847128111306566609e+02,1.044503285551094649e+02,2.534891218724064643e-01,-2.545312500000000000e+02,1.665950648113771138e+01
2.114999999999983338e+00,1.849739073985244886e+02,1.043984151388775956e+02,1.242177900571838078e+00,-1.243125000000000000e+03,1.670937712457658009e+01
2.117499999999983284e+00,1.852348741061246926e+02,1.043468930851215077e+02,9.023639510840408828e-01,-9.019921875000001137e+02,1.686008331182116748e+01
2.119999999999983231e+00,1.854957122277387214e+02,1.042957546567116935e+02,9.099989866011890527e-01,-9.099609375000000000e+02,1.697207601825813938e+01
2.122499999999983178e+00,1.857564227178334022e+02,1.042449915365190094e+02,1.059710765062630067e+00,-1.059843750000000000e+03,1.708958867364415823e+01
2.124999999999983125e+00,1.860170065098037924e+02,1.041945948755167706e+02,1.380533516382913550e+00,-1.380820312500000000e+03,1.723442195957953516e+01
2.127499999999983071e+00,1.862774645146447199e+02,1.041445553245466158e+02,2.218499830772992176e+00,-2.219296875000000000e+03,1.744304812731462562e+01
2.129999999999983018e+00,1.865377976196888028e+02,1.040948630169080928e+02,1.257890586140799183e+00,-1.256835937500000000e+03,1.771464654936358940e+01
2.132499999999982965e+00,1.867980066872349880e+02,1.040455073913493464e+02,1.160236069325067954e+00,-1.160039062500000000e+03,1.787406875382728799e+01
2.134999999999982911e+00,1.870580925529359320e+02,1.039964777459522622e+02,1.106860247383978368e-01,-1.095703125000000000e+02,1.798771786496177327e+01
2.137499999999982858e+00,1.873180560255979117e+02,1.039477631116662906e+02,-8.557631139032222389e-01,8.566406250000001137e+02,1.795079937195429309e+01
2.139999999999982805e+00,1.875778978865363911e+02,1.038993525467390953e+02,-1.136729734703317840e-01,1.128515625000000000e+02,1.782908778370423519e+01
2.142499999999982752e+00,1.878376188897786392e+02,1.038512352094436295e+02,8.421898036365748075e-01,-8.430468750000000000e+02,1.782261045918252407e+01
2.144999999999982698e+00,1.880972197622125179e+02,1.038033999869723374e+02,-4.344205156146019320e-02,4.429687500000000000e+01,1.789489202719095573e+01
2.147499999999982645e+00,1.883567012026995826e+02,1.037558353438295455e+02,6.799457463916145361e-01,-6.806250000000000000e+02,1.789107043914412287e+01
2.149999999999982592e+00,1.886160638811442141e+02,1.037085297678096651e+02,1.311181009380951057e+00,-1.311796875000000000e+03,1.798956842163230618e+01
2.152499999999982538e+00,1.888753084379274583e+02,1.036614614126342389e+02,2.074092630781868341e+00,-2.074804687500000000e+03,1.818428052351398350e+01
2.154999999999982485e+00,1.891344354489106934e+02,1.036146094966870095e+02,3.024338627015563219e+00,-3.025195312500000455e+03,1.849611886806800243e+01
2.157499999999982432e+00,1.893934454494423392e+02,1.035679637496425869e+02,2.334971195425209256e+00,-2.334257812500000000e+03,1.889231070680330760e+01
2.159999999999982379e+00,1.896523389490338047e+02,1.035215136299732990e+02,2.152670176070251795e+00,-2.152382812499999545e+03,1.920502043438679252e+01
2.162499999999982325e+00,1.899111164307832098e+02,1.034752486614674751e+02,2.214852442837569324e+00,-2.214843750000000000e+03,1.949935153270125099e+01
2.164999999999982272e+00,1.901697783516618472e+02,1.034291584413173410e+02,1.304015594404500433e+00,-1.303007812500000000e+03,1.977095203367816367e+01
2.167499999999982219e+00,1.904283251426676316e+02,1.033832326192683837e+02,1.957922993209447071e+00,-1.958554687499999773e+03,1.996179698688056448e+01
2.169999999999982165e+00,1.906867572090046963e+02,1.033374610684795840e+02,1.518631858803497270e+00,-1.518164062500000227e+03,2.021183123152123784e+01
2.172499999999982112e+00,1.909450749306331829e+02,1.032918336812784190e+02,4.705139918106420183e-01,-4.694531250000001137e+02,2.037847180827411364e+01
2.174999999999982059e+00,1.912032786622743856e+02,1.032463404930228705e+02,-5.023324362540700916e-01,5.032031250000001137e+02,2.039611543047160325e+01
2.177499999999982006e+00,1.914613687338498380e+02,1.032009717782599552e+02,1.304991010509185534e-01,-1.310156250000000284e+02,2.032539231817709435e+01
2.179999999999981952e+00,1.917193454511338757e+02,1.031557180893810681e+02,-6.368247954735007932e-01,6.375000000000000000e+02,2.030074511920588520e+01
2.182499999999981899e+00,1.919772090963761855e+02,1.031105700525259294e+02,-1.616749240694726364e+00,1.617656250000000000e+03,2.015832467995349475e+01
2.184999999999981846e+00,1.922349599284499391e+02,1.030655184798919066e+02,-1.511922306547260897e+00,1.511718750000000000e+03,1.990974416532444380e+01
2.187499999999981792e+00,1.924925981833852120e+02,1.030205544119789351e+02,-4.889333424979387388e-01,4.878515624999999432e+02,1.970651504132227316e+01
2.189999999999981739e+00,1.927501240749305964e+02,1.029756690400171379e+02,3.331817488576575004e-01,-3.339843750000000000e+02,1.964495430516309682e+01
2.192499999999981686e+00,1.930075377948641915e+02,1.029308536130507008e+02,7.691019757514314659e-01,-7.694531250000001137e+02,1.968985198963517291e+01
2.194999999999981632e+00,1.932648395131112409e+02,1.028860994470430086e+02,-2.368500472682666391e-02,2.437500000000000355e+01,1.975795650578086793e+01
2.197499999999981579e+00,1.935220293779323981e+02,1.028413979673248804e+02,3.987223336212131763e-01,-3.991406250000000568e+02,1.975142324294064267e+01
2.199999999999981526e+00,1.937791075162552943e+02,1.027967408311135102e+02,-2.493674102601474707e-01,2.499609374999999716e+02,1.977142639203505325e+01
2.202499999999981473e+00,1.940360740343178065e+02,1.027521204904250709e+02,-1.185125659785682739e+00,1.186054687500000227e+03,1.968842177371215740e+01
2.204999999999981419e+00,1.942929290201921049e+02,1.027075295426685102e+02,-1.691139993639849681e-01,1.680468750000000000e+02,1.953411814233481181e+01
2.207499999999981366e+00,1.945496725428821776e+02,1.026629602038760254e+02,4.940704707275433982e-02,-4.957031250000000000e+01,1.950082994460905184e+01
2.209999999999981313e+00,1.948063046520712192e+02,1.026184048880710975e+02,-7.149847335593825237e-01,7.156640625000000000e+02,1.946731714414958603e+01
2.212499999999981259e+00,1.950628253785890820e+02,1.025738562365837652e+02,-7.618643069146717739e-01,7.618359375000001137e+02,1.934705441971424733e+01
2.214999999999981206e+00,1.953192347350156126e+02,1.025293071766513577e+02,-6.077942802659164201e-02,5.999999999999999289e+01,1.924465131122405026e+01
2.217499999999981153e+00,1.955755327164158075e+02,1.024847509166507677e+02,8.141123978380662152e-01,-8.149218750000000000e+02,1.924939352693963812e+01
2.219999999999981100e+00,1.958317193010291533e+02,1.024401809261791101e+02,-2.105518524231473343e-01,2.115234375000000284e+02,1.931875998352871093e+01
2.222499999999981046e+00,1.960877944509090298e+02,1.023955909287510337e+02,-7.240614552496527079e-01,7.245703125000001137e+02,1.925716838873219316e+01
2.224999999999980993e+00,1.963437581125829752e+02,1.023509749785751239e+02,-6.155728114791509942e-01,6.153515625000000000e+02,1.914197495545882788e+01
2.227499999999980940e+00,1.965996102179089178e+02,1.023063274647278860e+02,-1.558441795123079121e+00,1.559296875000000000e+03,1.900844115201564932e+01
2.229999999999980886e+00,1.968553506849026462e+02,1.022616430958931488e+02,-6.288992862617349688e-01,6.278906250000000000e+02,1.880007492799677138e+01
2.232499999999980833e+00,1.971109794185423709e+02,1.022169169340826755e+02,-1.601336139175772777e+00,1.602304687499999773e+03,1.866415057955082801e+01
2.234999999999980780e+00,1.973664963116470972e+02,1.021721443428781271e+02,-1.238841500419162633e+00,1.238437500000000000e+03,1.843162459696537425e+01
2.237499999999980727e+00,1.976219012456283224e+02,1.021273210404393552e+02,-8.265451070567954028e-01,8.260546874999998863e+02,1.825328052798730383e+01
2.239999999999980673e+00,1.978771940913888443e+02,1.020824430700468781e+02,1.607502361359474108e-01,-1.617187500000000284e+02,1.815341523154341630e+01
2.242499999999980620e+00,1.981323747101234858e+02,1.020375068014027704e+02,-1.538986660933385209e-01,1.541015625000000284e+02,1.815381744142930742e+01
2.244999999999980567e+00,1.983874429541276925e+02,1.019925089084774612e+02,2.880683031336458422e-01,-2.883984375000000000e+02,1.813350066258569271e+01
2.247499999999980513e+00,1.986423986675634694e+02,1.019474464070359119e+02,1.219819190672530862e+00,-1.220742187500000000e+03,1.819343727784820430e+01
2.249999999999980460e+00,1.988972416873258453e+02,1.019023166418138544e+02,5.505122772812965914e-01,-5.497265625000000000e+02,1.833594590851916095e+01
2.252499999999980407e+00,1.991519718444474165e+02,1.018571237506869949e+02,6.993157669816348898e-01,-6.993750000000001137e+02,1.840877399458164732e+01
2.254999999999980353e+00,1.994065889861826122e+02,1.018118698591449203e+02,1.024293328434511929e+00,-1.024570312500000000e+03,1.850908063118315283e+01
2.257499999999980300e+00,1.996610929570787789e+02,1.017665501326322897e+02,1.804481760313312755e+00,-1.805156250000000227e+03,1.867138036210698715e+01
2.259999999999980247e+00,1.999154835900817204e+02,1.017211605841753652e+02,1.651502744857296978e+00,-1.651289062500000000e+03,1.891617228447594812e+01
2.262499999999980194e+00,2.001697607086314008e+02,1.016756980199730691e+02,2.107664947959965396e+00,-2.108085937500000455e+03,1.915901463015541850e+01
2.264999999999980140e+00,2.004239241286397544e+02,1.016301600772917197e+02,2.812801877121758665e+00,-2.813437500000000000e+03,1.947610202766490062e+01
2.267499999999980087e+00,2.006779736605735707e+02,1.015845451777419584e+02,3.621929059927432526e+00,-3.622734375000000000e+03,1.989866733568470636e+01
2.269999999999980034e+00,2.009319091113862896e+02,1.015388524836763651e+02,3.109165220437745347e+00,-3.108632812500000000e+03,2.039531368700455971e+01
2.272499999999979980e+00,2.011857302863282655e+02,1.014930818287136702e+02,3.741875144706758860e+00,-3.742499999999999545e+03,2.085559760777684701e+01
2.274999999999979927e+00,2.014394369906425766e+02,1.014472338301065548e+02,3.003853831716939649e+00,-3.003046875000000000e+03,2.136294681349328073e+01
2.277499999999979874e+00,2.016930290315262368e+02,1.014013097594183677e+02,2.064305352685150918e+00,-2.063320312500000000e+03,2.175755262402633505e+01
2.279999999999979821e+00,2.019465062197516829e+02,1.013553116680378992e+02,2.974682726468480531e+00,-2.975507812500000455e+03,2.207713456273524955e+01
2.282499999999979767e+00,2.021998683716946346e+02,1.013092424575312549e+02,1.879616263748236316e+00,-1.878515625000000000e+03,2.246325012567557167e+01
2.284999999999979714e+00,2.024531153113968571e+02,1.012631056185098117e+02,8.385933321044720667e-01,-8.375390625000000000e+02,2.269336033979394074e+01
2.287499999999979661e+00,2.027062468719934145e+02,1.012169054319689678e+02,-7.303427742362078590e-02,7.394531250000001421e+01,2.277769572776162477e+01
2.289999999999979607e+00,2.029592628977807465e+02,1.011706469891771150e+02,8.812751254051640615e-01,-8.821875000000001137e+02,2.279152802910836684e+01
2.292499999999979554e+00,2.032121632462858827e+02,1.011243362474011462e+02,5.438879540508494426e-01,-5.435156250000000000e+02,2.290156674874415543e+01
2.294999999999979501e+00,2.034649477903132322e+02,1.010779796607938295e+02,5.828127068526529619e-01,-5.827734375000000000e+02,2.297553733205115023e+01
2.297499999999979448e+00,2.037176164190898362e+02,1.010315842943661124e+02,1.233458504698631497e+00,-1.234101562500000000e+03,2.307552727134158133e+01
2.299999999999979394e+00,2.039701690398375433e+02,1.009851577412092212e+02,7.533603675490059270e-01,-7.528125000000000000e+02,2.323316235482449343e+01
2.302499999999979341e+00,2.042226055793609589e+02,1.009387096145835301e+02,1.875230800278754328e-01,-1.869140625000000000e+02,2.331903291886392182e+01
2.304999999999979288e+00,2.044749259894050795e+02,1.008922466544499059e+02,2.962950197559767185e-01,-2.963671875000000000e+02,2.334555660350545025e+01
2.307499999999979234e+00,2.047271302347488415e+02,1.008457718791174784e+02,1.164015902713131823e+00,-1.164843750000000000e+03,2.341312599558713714e+01
2.309999999999979181e+00,2.049792182873393926e+02,1.007992875547898564e+02,1.421072528440139315e-01,-1.409765625000000000e+02,2.354499873984682878e+01
2.312499999999979128e+00,2.052311901242686361e+02,1.007527949495921007e+02,-4.826486301808925461e-01,4.831640625000000000e+02,2.354221659405482114e+01
2.314999999999979075e+00,2.054830457253171403e+02,1.007062947001598445e+02,3.496821082764489663e-01,-3.505078125000000000e+02,2.349722624558346240e+01
2.317499999999979021e+00,2.057347850715470372e+02,1.006597868428374198e+02,4.938392265191966501e-01,-4.939453124999999432e+02,2.355086171897438518e+01
2.319999999999978968e+00,2.059864081436945469e+02,1.006132705058153931e+02,-2.262628420350837333e-01,2.268750000000000000e+02,2.359759933854360270e+01
2.322499999999978915e+00,2.062379149197789729e+02,1.005667439567917825e+02,-9.298260640007743882e-01,9.304687500000001137e+02,2.354099361743121932e+01
2.324999999999978861e+00,2.064893053730538384e+02,1.005202048126899683e+02,-1.391299446806664175e+00,1.391718750000000000e+03,2.339077968610144609e+01
2.327499999999978808e+00,2.067405794704954758e+02,1.004736501269517106e+02,-2.066165371953584629e+00,2.066835937500000455e+03,2.316707955492931248e+01
2.329999999999978755e+00,2.069917371713955561e+02,1.004270763671330968e+02,-2.958073747272987220e+00,2.958867187500000000e+03,2.283874448174267613e+01
2.332499999999978701e+00,2.072427784258897816e+02,1.003804794641807518e+02,-1.917866424645830126e+00,1.916718750000000000e+03,2.244468572616460378e+01
2.334999999999978648e+00,2.074937031737005952e+02,1.003338549491960663e+02,-1.000751346979729117e+00,9.997265625000001137e+02,2.219811981305494086e+01
2.337499999999978595e+00,2.077445113430369759e+02,1.002871974929505825e+02,-1.911493744994500865e+00,1.912382812499999773e+03,2.202530203204960912e+01
2.339999999999978542e+00,2.079952028482098854e+02,1.002405007837851514e+02,-9.689634937207772802e-01,9.679687500000001137e+02,2.178142019479546221e+01
2.342499999999978488e+00,2.082457775873357377e+02,1.001937580306636448e+02,-1.821025557271375384e+00,1.821796874999999773e+03,2.161614592265031831e+01
2.344999999999978435e+00,2.084962354411848082e+02,1.001469615476487149e+02,-1.410572864342264587e+00,1.410117187500000227e+03,2.136887362997068962e+01
2.347499999999978382e+00,2.087465762709412900e+02,1.001001032603622036e+02,-1.837926527257593312e+00,1.838320312500000227e+03,2.115427775803702559e+01
2.349999999999978328e+00,2.089967999173115345e+02,1.000531744053565006e+02,-1.193333277890626043e+00,1.192617187500000227e+03,2.091317012604372749e+01
2.352499999999978275e+00,2.092469062036273897e+02,1.000062553670171610e+02,-2.850672550398737348e-01,2.840625000000000000e+02,2.077515599152484782e+01
2.354999999999978222e+00,2.094968952475567505e+02,9.995943633068377210e+01,-1.197514171210461331e+00,1.198359375000000000e+03,2.071020795495814326e+01
2.357499999999978169e+00,2.097467673022693475e+02,9.991272271622327139e+01,-3.301659027648717881e-01,3.292968749999999432e+02,2.057134198669377767e+01
2.359999999999978115e+00,2.099965226344066878e+02,9.986612008282554598e+01,-8.065945670674319334e-01,8.070703125000001137e+02,2.051540836419749780e+01
2.362499999999978062e+00,2.102461615244772588e+02,9.981963364597481814e+01,1.569476416089776727e-01,-1.578515625000000000e+02,2.043805064686259243e+01
2.364999999999978009e+00,2.104956842659395306e+02,9.977326866636813918e+01,-2.120914746931230055e-01,2.123437500000000284e+02,2.045805540125279265e+01
2.367499999999977955e+00,2.107450911652879881e+02,9.972702996590057012e+01,-7.199180125673081410e-01,7.203515625000000000e+02,2.042024863505656640e+01
2.369999999999977902e+00,2.109943825408964244e+02,9.968092227627468560e+01,-6.958993559230538528e-01,6.958593750000000000e+02,2.032640121799763477e+01
2.372499999999977849e+00,2.112435587229613247e+02,9.963495032923462702e+01,-1.065781125412950558e+00,1.066054687500000000e+03,2.022373241852867309e+01
2.374999999999977796e+00,2.114926200534872578e+02,9.958911872531589893e+01,-1.263831336991859455e+00,1.263984375000000000e+03,2.007324655844820427e+01
2.377499999999977742e+00,2.117415668859180471e+02,9.954343201290113541e+01,-1.292883995434381594e+00,1.292812500000000000e+03,1.989998688962275963e+01
2.379999999999977689e+00,2.119903995850281149e+02,9.949789463172741932e+01,-1.768282571089158761e+00,1.768710937500000000e+03,1.970835589200229521e+01
2.382499999999977636e+00,2.122391185266001798e+02,9.945251082807288867e+01,-2.206050140357983302e+00,2.206406250000000000e+03,1.944889763532874838e+01
2.384999999999977582e+00,2.124877240969464651e+02,9.940728476458778573e+01,-1.450839919320969340e+00,1.450078125000000000e+03,1.916531539086991032e+01
2.387499999999977529e+00,2.127362166927770772e+02,9.936222056412036352e+01,-1.242385773994242326e+00,1.242070312500000000e+03,1.897511262506643348e+01
2.389999999999977476e+00,2.129845967209710693e+02,9.931732189457171955e+01,-9.153431708545625156e-01,9.150000000000000000e+02,1.882013811834286798e+01
2.392499999999977423e+00,2.132328645973122718e+02,9.927259204668790460e+01,-1.137148869442856203e+00,1.137304687500000000e+03,1.869573850206177568e+01
2.394999999999977369e+00,2.134810207455677471e+02,9.922803386271137072e+01,-3.074157540858402093e-01,3.065625000000000568e+02,1.857433991216209890e+01
2.397499999999977316e+00,2.137290655964365840e+02,9.918364996296205049e+01,-1.067695606238431072e+00,1.068398437500000000e+03,1.852301340893579251e+01
2.399999999999977263e+00,2.139769995869316688e+02,9.913944237532750492e+01,-1.229662533149779691e+00,1.229765625000000000e+03,1.838035593103806775e+01
2.402499999999977209e+00,2.142248231522021911e+02,9.909529334565883119e+01,-7.194817112795012237e-01,7.189453125000000000e+02,1.823693731072926738e+01
2.404999999999977156e+00,2.144725363089204109e+02,9.905107419682786940e+01,-7.204035134133279783e-01,7.203515625000000000e+02,1.815245959344920124e+01
2.407499999999977103e+00,2.147201388733795113e+02,9.900676957305884685e+01,-6.982111002056586857e-01,6.980859375000000000e+02,1.806936271082077639e+01
2.409999999999977049e+00,2.149676306228794260e+02,9.896236314224709929e+01,-1.032403327953983041e+00,1.032656250000000000e+03,1.797838843532215236e+01
2.412499999999976996e+00,2.152150112933323101e+02,9.891783757896949680e+01,-1.691846457128077574e+00,1.692421875000000000e+03,1.782783120223542639e+01
2.414999999999976943e+00,2.154622805768071885e+02,9.887317467744102828e+01,-2.529587668220827368e+00,2.530312500000000000e+03,1.757438631233301507e+01
2.417499999999976890e+00,2.157094381193945196e+02,9.882835544988756737e+01,-2.284362591383209296e+00,2.284101562500000455e+03,1.723367135789260729e+01
2.419999999999976836e+00,2.159564835193340571e+02,9.878336022489457946e+01,-1.447272689296394965e+00,1.446328125000000227e+03,1.694960646591757936e+01
2.422499999999976783e+00,2.162034163251985319e+02,9.873816816349182091e+01,-1.304204727299015598e+00,1.303945312500000000e+03,1.676696682456368492e+01
2.424999999999976730e+00,2.164502360326150949e+02,9.869275671929727878e+01,-1.906894704328338630e+00,1.907460937499999773e+03,1.658111972335299100e+01
2.427499999999976676e+00,2.166969420798093040e+02,9.864710162683888939e+01,-9.740227127477480984e-01,9.730078124999998863e+02,1.635782914368260066e+01
2.429999999999976623e+00,2.169435338435044685e+02,9.860117732512469502e+01,-1.824886063322483265e+00,1.825664062499999773e+03,1.621383655876039143e+01
2.432499999999976570e+00,2.171900106356222580e+02,9.855495638445181328e+01,-1.375350675269277456e+00,1.374843750000000000e+03,1.598746961515782949e+01
2.434999999999976517e+00,2.174363716987251678e+02,9.850841060049381781e+01,-2.163319296437377748e+00,2.164101562500000000e+03,1.578686571484171175e+01
2.437499999999976463e+00,2.176826162043986130e+02,9.846151083216963684e+01,-2.032752573594231116e+00,2.032617187500000000e+03,1.550014196378249665e+01
2.439999999999976410e+00,2.179287432511899851e+02,9.841422817760914654e+01,-2.691391503049358036e+00,2.692031250000000000e+03,1.520662020891925970e+01
2.442499999999976357e+00,2.181747518655707552e+02,9.836653402748306974e+01,-2.482579501384520881e+00,2.482265625000000455e+03,1.484428597548877171e+01
2.444999999999976303e+00,2.184206410029495373e+02,9.831840099593698312e+01,-2.957628840826208805e+00,2.958046875000000000e+03,1.449027228756641250e+01
2.447499999999976250e+00,2.186664095509586900e+02,9.826980279640832805e+01,-1.985941777310770373e+00,1.984921874999999773e+03,1.411427252336756233e+01
2.449999999999976197e+00,2.189120563323761530e+02,9.822071496693631332e+01,-2.003604788155097349e+00,2.003554687500000227e+03,1.385045829697892472e+01
2.452499999999976144e+00,2.191575801267904069e+02,9.817140811514546783e+01,-2.301994985225626067e+00,2.302265625000000000e+03,1.357469665658820723e+01
2.454999999999976090e+00,2.194029806924654622e+02,9.812217020921401911e+01,-1.683546784379457151e+00,1.682812500000000227e+03,1.328539713515569964e+01
2.457499999999976037e+00,2.196482582032625430e+02,9.807300387502617411e+01,-2.431061879443406681e+00,2.431757812500000000e+03,1.304279274466724914e+01
2.459999999999975984e+00,2.198934128394124627e+02,9.802391111261688650e+01,-3.251031147624759310e+00,3.251835937500000000e+03,1.268556060252235618e+01
2.462499999999975930e+00,2.201384447859457794e+02,9.797489401223046457e+01,-2.965084845105288025e+00,2.964726562500000000e+03,1.224260979942390470e+01
2.464999999999975877e+00,2.203833542333026116e+02,9.792595498828310951e+01,-1.982222121452388963e+00,1.981171875000000000e+03,1.186634131382966117e+01
2.467499999999975824e+00,2.206281413780600076e+02,9.787709626102831351e+01,-1.941202335071243956e+00,1.941093750000000227e+03,1.160608859307420992e+01
2.469999999999975770e+00,2.208728064219904752e+02,9.782831921900518068e+01,-1.322444469236152553e+00,1.321757812500000227e+03,1.137173957492405485e+01
2.472499999999975717e+00,2.211173495699408136e+02,9.777962484665245313e+01,-2.071818933164474075e+00,2.072460937500000000e+03,1.118419031583699663e+01
2.474999999999975664e+00,2.213617710288914964e+02,9.773101340236569001e+01,-2.900484912984729213e+00,2.901210937500000000e+03,1.088087461938274103e+01
2.477499999999975611e+00,2.216060710062666317e+02,9.768248520958327674e+01,-2.486982486926618385e+00,2.486484375000000000e+03,1.049469537509782846e+01
2.479999999999975557e+00,2.218502497104840359e+02,9.763404091697044862e+01,-2.902205057141411970e+00,2.902617187500000000e+03,1.014261804288680224e+01
2.482499999999975504e+00,2.220943073516050958e+02,9.758568085325352115e+01,-2.468439809393139672e+00,2.467968750000000000e+03,9.756593217936385898e+00
2.484999999999975451e+00,2.223382441403966538e+02,9.753740536912815173e+01,-3.094001152617717132e+00,3.094570312500000455e+03,9.399858467706337706e+00
2.487499999999975397e+00,2.225820602883610491e+02,9.748921433937712777e+01,-3.501175381305388079e+00,3.501562500000000000e+03,8.955641764491435453e+00
2.489999999999975344e+00,2.228257560065511029e+02,9.744110770031215907e+01,-4.269474837727585737e+00,4.270195312500000000e+03,8.437065643583370189e+00
2.492499999999975291e+00,2.230693315058957467e+02,9.739308539540445508e+01,-4.810702336682904701e+00,4.811132812500000000e+03,7.809343807958284422e+00
2.494999999999975238e+00,2.233127869972693418e+02,9.734514760871236660e+01,-3.983990819020949203e+00,3.983085937500000000e+03,7.145861570834054710e+00
2.497499999999975184e+00,2.235561226921764728e+02,9.729729474194900263e+01,-3.506523021390388628e+00,3.506015625000000000e+03,6.595511718020649283e+00
2.499999999999975131e+00,2.237993388030496078e+02,9.724952670545330591e+01,-4.279978780811159567e+00,4.280742187500000000e+03,6.074369895774282213e+00
2.502499999999975078e+00,2.240424355334266977e+02,9.720170967136519380e+01,-4.702162739370664646e+00,4.702499999999999091e+03,5.447152283331745615e+00
2.504999999999975024e+00,2.242854126179790910e+02,9.715371007129620295e+01,-4.209696518044097502e+00,4.209140625000000000e+03,4.786541839981504509e+00
2.507499999999974971e+00,2.245282696002332727e+02,9.710552815278310845e+01,-4.899304246433024090e+00,4.899960937500000000e+03,4.159687450870952041e+00
2.509999999999974918e+00,2.247710060246766375e+02,9.705716453867846383e+01,-5.306172191337401145e+00,5.306484375000000000e+03,3.436803010790645541e+00
2.512499999999974865e+00,2.250136214376564396e+02,9.700862069276874422e+01,-6.012159963307444066e+00,6.012773437500000000e+03,2.640811139553010278e+00
2.514999999999974811e+00,2.252561153896518533e+02,9.695989885017372956e+01,-6.655043111790649668e+00,6.655664062500000000e+03,1.738384901742874966e+00
2.517499999999974758e+00,2.254984874372362356e+02,9.691100221700241946e+01,-6.368554716621303236e+00,6.368203124999999091e+03,7.688813609807364502e-01
2.519999999999974705e+00,2.257407371455858822e+02,9.686193501087440438e+01,-6.973574374089242411e+00,6.974062499999999091e+03,-1.885600236662456075e-01
2.522499999999974651e+00,2.259828640908349087e+02,9.681270193183357264e+01,-6.112682720531358527e+00,6.111796875000000909e+03,-1.188882770191425298e+00
2.524999999999974598e+00,2.262248678612526192e+02,9.676330857495122473e+01,-6.035999331769777321e+00,6.035859375000000000e+03,-2.085445933325973833e+00
2.527499999999974545e+00,2.264667480593874132e+02,9.671376064772678660e+01,-6.706840003741152856e+00,6.707460937500000000e+03,-2.997009608185701612e+00
2.529999999999974492e+00,2.267085043021217530e+02,9.666406418356928043e+01,-7.128513962853014085e+00,7.128867187500000909e+03,-4.003706738699899681e+00
2.532499999999974438e+00,2.269501362217105225e+02,9.661422593534219061e+01,-7.717732121556206693e+00,7.718320312500000000e+03,-5.081865271033017883e+00
2.534999999999974385e+00,2.271916434677392260e+02,9.656425337372796491e+01,-7.140017681431776175e+00,7.139414062500000000e+03,-6.211013585680296600e+00
2.537499999999974332e+00,2.274330257089538350e+02,9.651415484991248661e+01,-7.661291613823386193e+00,7.661718750000000000e+03,-7.290538025755813223e+00
2.539999999999974278e+00,2.276742826352606244e+02,9.646393887949739110e+01,-6.556611334366145627e+00,6.555468750000000000e+03,-8.394665191419932171e+00
2.542499999999974225e+00,2.279154139580827518e+02,9.641361466051597517e+01,-5.499929733597502590e+00,5.498789062500000000e+03,-9.331536714105133967e+00
2.544999999999974172e+00,2.281564194120166746e+02,9.636319122478050758e+01,-4.462331548272636894e+00,4.461210937499999091e+03,-1.010736528521905342e+01
2.547499999999974118e+00,2.283972987540613531e+02,9.631267728828724728e+01,-3.773817879972739764e+00,3.773085937500000455e+03,-1.073643595564840680e+01
2.549999999999974065e+00,2.286380517627463291e+02,9.626208110455840483e+01,-3.546657599739465372e+00,3.546328125000000000e+03,-1.127627269988410674e+01
2.552499999999974012e+00,2.288786782287444908e+02,9.621127704683487991e+01,-4.125644496949220752e+00,4.126171875000000000e+03,-1.180980932258867178e+01
2.554999999999973959e+00,2.291191774937536820e+02,9.616013867530112691e+01,-3.785198989500232258e+00,3.784804687499999091e+03,-1.240108079630955906e+01
2.557499999999973905e+00,2.293595487259767083e+02,9.610867359589863668e+01,-3.733674710558884779e+00,3.733593750000000000e+03,-1.295062902645175917e+01
2.559999999999973852e+00,2.295997911132221247e+02,9.605689018573991689e+01,-2.991895966776779048e+00,2.991093750000000000e+03,-1.346885301210331676e+01
2.562499999999973799e+00,2.298399038647037003e+02,9.600479769181015399e+01,-2.097965926176291518e+00,2.097070312500000000e+03,-1.386825056186781602e+01
2.564999999999973745e+00,2.300798862131195790e+02,9.595240578426145817e+01,-2.790292901874027898e+00,2.790937499999999545e+03,-1.418583395175466499e+01
2.567499999999973692e+00,2.303197374154354975e+02,9.589972424327395117e+01,-3.551001664061324448e+00,3.551718750000000000e+03,-1.461284839807716374e+01
2.569999999999973639e+00,2.305594567533025554e+02,9.584676372859641447e+01,-4.069425257649712968e+00,4.069921874999999545e+03,-1.514897949062796378e+01
2.572499999999973586e+00,2.307990435356458931e+02,9.579353601765740223e+01,-3.140270514420699932e+00,3.139335937500000000e+03,-1.571506276671211566e+01
2.574999999999973532e+00,2.310384971015590168e+02,9.574005406539411922e+01,-3.869731677293073879e+00,3.870351562500000455e+03,-1.619640178283142973e+01
2.577499999999973479e+00,2.312778168228731488e+02,9.568633100565619998e+01,-4.587924869562627350e+00,4.588593750000000000e+03,-1.678994333952450901e+01
2.579999999999973426e+00,2.315170021044661723e+02,9.563238082614114433e+01,-5.280482770025261452e+00,5.281171875000000000e+03,-1.749337786175814458e+01
2.582499999999973372e+00,2.317560523867190909e+02,9.557821844558132796e+01,-5.844640275928087547e+00,5.845195312500000000e+03,-1.829910941667897006e+01
2.584999999999973319e+00,2.319949671478958919e+02,9.552385978876064598e+01,-4.817450340981972445e+00,4.816406250000000000e+03,-1.913657744776420699e+01
2.587499999999973266e+00,2.322337459066756082e+02,9.546932176111592128e+01,-4.083007022307826972e+00,4.082226562500000000e+03,-1.982678064286438513e+01
2.589999999999973213e+00,2.324723882242784327e+02,9.541462126096575957e+01,-3.243177995181848239e+00,3.242226562500000455e+03,-2.040091043625353251e+01
2.592499999999973159e+00,2.327108937040662511e+02,9.535977505999751713e+01,-3.106070618062979793e+00,3.105820312499999545e+03,-2.087087198690135637e+01
2.594999999999973106e+00,2.329492619911531506e+02,9.530479957759173715e+01,-3.603566476026351939e+00,3.603984375000000000e+03,-2.134207287469871517e+01
2.597499999999973053e+00,2.331874927715694525e+02,9.524971119472564851e+01,-3.429345528459663228e+00,3.429140624999999545e+03,-2.186648267495896292e+01
2.599999999999972999e+00,2.334255857724300824e+02,9.519452668059626887e+01,-3.450647358690265509e+00,3.450585937499999545e+03,-2.237118094667888357e+01
2.602499999999972946e+00,2.336635407777178841e+02,9.513949116507251347e+01,-3.761779949291749858e+00,3.762070312500000455e+03,-2.288932780902124620e+01
2.604999999999972893e+00,2.339013584114706532e+02,9.508484211238969408e+01,-3.384234968118740472e+00,3.383789062500000000e+03,-2.343142751366850263e+01
2.607499999999972840e+00,2.341390396429575276e+02,9.503058474675651723e+01,-2.784213056841090772e+00,2.783554687499999545e+03,-2.390834089121000261e+01
2.609999999999972786e+00,2.343765854541022975e+02,9.497672338469139675e+01,-3.518711682674329211e+00,3.519375000000000000e+03,-2.433983779394487357e+01
2.612499999999972733e+00,2.346139968369927260e+02,9.492326119383787386e+01,-4.222862381458699410e+00,4.223554687500000000e+03,-2.488245264372610421e+01
2.614999999999972680e+00,2.348512747911228473e+02,9.487020078642876797e+01,-4.909363917257028476e+00,4.910039062500000909e+03,-2.553179221840365543e+01
2.617499999999972626e+00,2.350884203222816211e+02,9.481754434361232597e+01,-5.384607002480862548e+00,5.384999999999999091e+03,-2.627830738062806404e+01
2.619999999999972573e+00,2.353254344415126411e+02,9.476529367912689850e+01,-5.423137923116484238e+00,5.423085937500000000e+03,-2.708193752544445942e+01
2.622499999999972520e+00,2.355623181641648785e+02,9.471345013779280464e+01,-4.920726123623111015e+00,4.920117187500000909e+03,-2.787264677090849574e+01
2.624999999999972466e+00,2.357990725086323778e+02,9.466201438995885553e+01,-5.478071622246438288e+00,5.478515625000000000e+03,-2.862317800216718311e+01
2.627499999999972413e+00,2.360356984944723138e+02,9.461098609716553653e+01,-4.486610517334870707e+00,4.485585937500000000e+03,-2.940496248338029872e+01
2.629999999999972360e+00,2.362721971399547840e+02,9.456036436207300255e+01,-4.133179872734488391e+00,4.132734375000000000e+03,-3.005817549351387541e+01
2.632499999999972307e+00,2.365085694606468678e+02,9.451014717027688050e+01,-3.892625575728534848e+00,3.892382812499999545e+03,-3.066163779574457848e+01
2.634999999999972253e+00,2.367448164664714625e+02,9.446033157845192818e+01,-4.530360201508369045e+00,4.530937500000000000e+03,-3.125858748246323060e+01
2.637499999999972200e+00,2.369809391594564829e+02,9.441091374413387882e+01,-4.807012233116251920e+00,4.807265625000000000e+03,-3.193931926689513645e+01
2.639999999999972147e+00,2.372169385316462353e+02,9.436188933486661767e+01,-3.989701375743465395e+00,3.988828125000000000e+03,-3.262428743508085915e+01
2.642499999999972093e+00,2.374528155640217904e+02,9.431325353761874908e+01,-3.458716084722402773e+00,3.458085937500000000e+03,-3.319571937175926735e+01
2.644999999999972040e+00,2.376885712251628888e+02,9.426500070741175819e+01,-3.854942715269257025e+00,3.855234375000000455e+03,-3.371866273972977979e+01
2.647499999999971987e+00,2.379242064690216409e+02,9.421712436551865721e+01,-4.527960023865616357e+00,4.528593750000000909e+03,-3.431038741825811655e+01
2.649999999999971934e+00,2.381597222329548913e+02,9.416961750939609033e+01,-4.774402194251202047e+00,4.774570312500000000e+03,-3.498840988123053108e+01
2.652499999999971880e+00,2.383951194322721676e+02,9.412241012787507088e+01,-3.792272796807147017e+00,3.791250000000000000e+03,-3.566148763990960902e+01
2.654999999999971827e+00,2.386303987459352243e+02,9.407543778165833714e+01,-3.827799342968620788e+00,3.827812499999999545e+03,-3.622171396896936812e+01
2.657499999999971774e+00,2.388655607619748196e+02,9.402870088691841488e+01,-4.312831905488710760e+00,4.313203125000000909e+03,-3.680220944102406833e+01
2.659999999999971720e+00,2.391006060690664583e+02,9.398219932304800750e+01,-4.267821670485189678e+00,4.267734375000000000e+03,-3.743696784431416091e+01
2.662499999999971667e+00,2.393355352553399769e+02,9.393593259664592665e+01,-4.778794267280995101e+00,4.779257812500000000e+03,-3.808338682008075438e+01
2.664999999999971614e+00,2.395703489074700485e+02,9.388989975573149138e+01,-3.807626874430568797e+00,3.806601562500000455e+03,-3.875567500461398396e+01
2.667499999999971561e+00,2.398050476095444594e+02,9.384409953761287682e+01,-4.050112009918455769e+00,4.050351562500000000e+03,-3.932393575617452797e+01
2.669999999999971507e+00,2.400396319422133615e+02,9.379853002390144923e+01,-3.093093682518128329e+00,3.092109375000000000e+03,-3.988769476036472383e+01
2.672499999999971454e+00,2.402741024810202362e+02,9.375318888668832074e+01,-3.427132984346268341e+00,3.427382812500000000e+03,-4.035249342380107862e+01
2.674999999999971401e+00,2.405084597953908485e+02,9.370807316230305162e+01,-3.418850868181529723e+00,3.418828125000000455e+03,-4.085512053031002466e+01
2.677499999999971347e+00,2.407427044470470889e+02,9.366317950735498243e+01,-3.288467131639333907e+00,3.288281250000000455e+03,-4.135219847399728366e+01
2.679999999999971294e+00,2.409768369891458804e+02,9.361850418273800756e+01,-2.566622744502252029e+00,2.565820312500000000e+03,-4.181004382415794396e+01
2.682499999999971241e+00,2.412108579652859817e+02,9.357404307149190004e+01,-1.892591818008403370e+00,1.891874999999999773e+03,-4.216278320271792523e+01
2.684999999999971187e+00,2.414447679085323557e+02,9.352979159400231879e+01,-1.009472180097581884e+00,1.008515624999999886e+03,-4.240915654882853403e+01
2.687499999999971134e+00,2.416785673402383736e+02,9.348574472695561610e+01,-1.750247311186115873e+00,1.750898437500000000e+03,-4.257954282534684154e+01
2.689999999999971081e+00,2.419122567689308028e+02,9.344189698194506377e+01,-2.309257206487342451e+00,2.309765625000000000e+03,-4.285290998648824257e+01
2.692499999999971028e+00,2.421458366892205447e+02,9.339824264718211566e+01,-1.820050448561936651e+00,1.819453124999999773e+03,-4.317359146250901603e+01
2.694999999999970974e+00,2.423793075813474331e+02,9.335477583671374191e+01,-1.486264234858960531e+00,1.485820312500000227e+03,-4.342756535615859548e+01
2.697499999999970921e+00,2.426126699107170168e+02,9.331149039605327289e+01,-8.498449031666681641e-01,8.491406250000000000e+02,-4.362258822260134394e+01
2.699999999999970868e+00,2.428459241271912390e+02,9.326837991247808191e+01,-1.866394575954590795e-01,1.858593750000000000e+02,-4.372359064638364856e+01
2.702499999999970814e+00,2.430790706651030177e+02,9.322544684446100405e+01,-2.608728614426487069e-01,2.608593750000000000e+02,-4.375207184486099976e+01
2.704999999999970761e+00,2.433121099736003146e+02,9.318269224180920673e+01,-1.054072609398939431e+00,1.054804687500000000e+03,-4.381530498331427026e+01
2.707499999999970708e+00,2.435450424938898664e+02,9.314010731643780616e+01,-1.363941244284378129e+00,1.364179687500000227e+03,-4.397854325724657798e+01
2.709999999999970655e+00,2.437778686451818544e+02,9.309768327702350632e+01,-2.106360359168487406e+00,2.107031250000000000e+03,-4.420125644789284536e+01
2.712499999999970601e+00,2.440105888247145174e+02,9.305541133246954644e+01,-2.685188130669275974e+00,2.685703125000000000e+03,-4.452673320964594694e+01
2.714999999999970548e+00,2.442432034077629055e+02,9.301328274431283205e+01,-2.395243661086104758e+00,2.394843750000000000e+03,-4.490778274999372854e+01
2.717499999999970495e+00,2.444757127477938639e+02,9.297128884050549402e+01,-2.979724968592040391e+00,2.980195312500000000e+03,-4.527519866890804678e+01
2.719999999999970441e+00,2.447081171766187708e+02,9.292942097564102255e+01,-2.082027952894253353e+00,2.081015624999999545e+03,-4.567873779998492978e+01
2.722499999999970388e+00,2.449404170044692250e+02,9.288767059938886916e+01,-2.808854775388729408e+00,2.809570312500000000e+03,-4.600500846976365210e+01
2.724999999999970335e+00,2.451726125202376636e+02,9.284602919851583636e+01,-3.480041280537313320e+00,3.480703125000000000e+03,-4.643474059063222370e+01
2.727499999999970282e+00,2.454047039915763548e+02,9.280448838368732822e+01,-4.072467586763380609e+00,4.072968750000000455e+03,-4.695893198273458324e+01
2.729999999999970228e+00,2.456366916652426653e+02,9.276303990222999118e+01,-3.193675959796808073e+00,3.192773437500000000e+03,-4.752048587226924781e+01
2.732499999999970175e+00,2.458685757674451793e+02,9.272167564205945212e+01,-3.682693705457945832e+00,3.683085937500000000e+03,-4.799923891384169394e+01
2.734999999999970122e+00,2.461003565041733623e+02,9.268038757631373414e+01,-2.759368121645226157e+00,2.758359375000000000e+03,-4.850231530546509617e+01
2.737499999999970068e+00,2.463320340614042436e+02,9.263916779142640223e+01,-3.356341573222857644e+00,3.356835937500000000e+03,-4.892131562771729847e+01
2.739999999999970015e+00,2.465636086053841609e+02,9.259800845276568282e+01,-2.525915021128608551e+00,2.525039062499999545e+03,-4.937975335737710481e+01
2.742499999999969962e+00,2.467950802828251824e+02,9.255690183044541186e+01,-2.371696488940257641e+00,2.371523437500000000e+03,-4.974017258207129544e+01
2.744999999999969909e+00,2.470264492211673826e+02,9.251584027806779886e+01,-2.714885332479822999e+00,2.715117187500000000e+03,-5.009438636921472465e+01
2.747499999999969855e+00,2.472577155287843027e+02,9.247481624436564118e+01,-2.835817007764167563e+00,2.835937500000000000e+03,-5.049066203652122908e+01
2.749999999999969802e+00,2.474888792952281733e+02,9.243382228361116404e+01,-3.302765074801552458e+00,3.303164062500000000e+03,-5.091542136851801814e+01
2.752499999999969749e+00,2.477199405918750301e+02,9.239285569480111349e+01,-2.477194336721713963e+00,2.476289062499999545e+03,-5.136518244961218471e+01
2.754999999999969695e+00,2.479508994876957502e+02,9.235191276700476237e+01,-2.951571748817445773e+00,2.951953125000000000e+03,-5.173818959015041941e+01
2.757499999999969642e+00,2.481817560368510556e+02,9.231098478578577726e+01,-2.091208375233485128e+00,2.090273437500000000e+03,-5.213590789311221130e+01
2.759999999999969589e+00,2.484125102718464859e+02,9.227006328004972602e+01,-2.775815465089852552e+00,2.776406250000000000e+03,-5.245993278558137263e+01
2.762499999999969535e+00,2.486431622041516789e+02,9.222914003272352090e+01,-3.465571729152930658e+00,3.466171875000000455e+03,-5.288235968112310559e+01
2.764999999999969482e+00,2.488737118248455147e+02,9.218820710921723105e+01,-3.932067337396730533e+00,3.932460937500000455e+03,-5.339643766251559498e+01
2.767499999999969429e+00,2.491041591053374873e+02,9.214725687942161869e+01,-4.175841463323409997e+00,4.175976562500000909e+03,-5.397005927591609975e+01
2.769999999999969376e+00,2.493345039981417983e+02,9.210628203827681659e+01,-4.511997764425578872e+00,4.512304687500000909e+03,-5.458143326284660191e+01
2.772499999999969322e+00,2.495647464376992275e+02,9.206527562125168629e+01,-4.537643804090605748e+00,4.537617187500000000e+03,-5.523074138976795666e+01
2.774999999999969269e+00,2.497948863412379410e+02,9.202423102224322804e+01,-4.880327124299316921e+00,4.880625000000000000e+03,-5.589375863426147362e+01
2.777499999999969216e+00,2.500249236096770460e+02,9.198314200188390544e+01,-5.005613384514543185e+00,5.005664062500000000e+03,-5.659864255884549067e+01
2.779999999999969162e+00,2.502548581285501541e+02,9.194200270606022229e+01,-5.296081225430243400e+00,5.296289062500000000e+03,-5.732660153165866035e+01
2.782499999999969109e+00,2.504846897689770060e+02,9.190080767284071328e+01,-5.902435217154847535e+00,5.902968750000000000e+03,-5.810619123661408736e+01
2.784999999999969056e+00,2.507144183886474309e+02,9.185955184537841944e+01,-5.233975597952307268e+00,5.233242187500000909e+03,-5.893118572526574184e+01
2.787499999999969003e+00,2.509440438328483651e+02,9.181823059880699134e+01,-5.249758632985942697e+00,5.249765625000000000e+03,-5.968231692835003344e+01
2.789999999999968949e+00,2.511735659355415180e+02,9.177683970364385857e+01,-5.478015470652844776e+00,5.478164062500000000e+03,-6.044238861141157315e+01
2.792499999999968896e+00,2.514029845203390039e+02,9.173537534062759846e+01,-4.525168510933779586e+00,4.524140625000000000e+03,-6.119675841061387445e+01
2.794999999999968843e+00,2.516322994015446568e+02,9.169383411946343188e+01,-4.706501031383098166e+00,4.706601562500000000e+03,-6.185115888125409356e+01
2.797499999999968789e+00,2.518615103852138475e+02,9.165221301777462770e+01,-4.201480410501111429e+00,4.200937500000000000e+03,-6.250917549496972470e+01
2.799999999999968736e+00,2.520906172700634045e+02,9.161050942581314871e+01,-4.761867989296692194e+00,4.762382812500000000e+03,-6.312918081840749807e+01
2.802499999999968683e+00,2.523196198486081414e+02,9.156872299379644176e+01,-3.825728799222257059e+00,3.824765624999999545e+03,-6.378089228861548321e+01
2.804999999999968630e+00,2.525485179146864425e+02,9.152685395715477057e+01,-4.262171447601523333e+00,4.262578125000000000e+03,-6.434279425943371677e+01
2.807499999999968576e+00,2.527773112609783084e+02,9.148490096096297464e+01,-4.793814018898118867e+00,4.794257812500000000e+03,-6.497016949575238698e+01
2.809999999999968523e+00,2.530059996768929409e+02,9.144286290649975513e+01,-3.923100582360331767e+00,3.922148437499999545e+03,-6.562819959440615492e+01
2.812499999999968470e+00,2.532345829492530527e+02,9.140073897799271663e+01,-4.283534668555573965e+00,4.283789062500000909e+03,-6.620121914478978908e+01
2.814999999999968416e+00,2.534630608629752260e+02,9.135852854089544905e+01,-4.614228484674989694e+00,4.614492187500000000e+03,-6.682480551023944315e+01
2.817499999999968363e+00,2.536914332015010416e+02,9.131623120388971415e+01,-5.185204825670693296e+00,5.185664062500000000e+03,-6.750345195702718115e+01
2.819999999999968310e+00,2.539196997474337252e+02,9.127384682160547413e+01,-4.579925917369572552e+00,4.579218750000000000e+03,-6.822574829162735455e+01
2.822499999999968257e+00,2.541478602831705018e+02,9.123137553482203543e+01,-5.207268222416570502e+00,5.207812500000000000e+03,-6.890111863442814411e+01
2.824999999999968203e+00,2.543759145915902593e+02,9.118881765879342538e+01,-4.879387946027153866e+00,4.878984375000000000e+03,-6.963540238127175996e+01
2.827499999999968150e+00,2.546038624564787654e+02,9.114617377196242387e+01,-4.981820446330384122e+00,4.981875000000000000e+03,-7.033654442876920143e+01
2.829999999999968097e+00,2.548317036631969188e+02,9.110344463374219970e+01,-5.490171291776113627e+00,5.490585937500000000e+03,-7.106546007273546195e+01
2.832499999999968043e+00,2.550594379991090648e+02,9.106063120733128358e+01,-4.539474856525458790e+00,4.538437500000000909e+03,-7.181995302870774367e+01
2.834999999999967990e+00,2.552870652541211314e+02,9.101773470981558489e+01,-4.883062906874651610e+00,4.883320312500000000e+03,-7.247995679580877493e+01
2.837499999999967937e+00,2.555145852212833120e+02,9.097475645397753397e+01,-5.039829543594819938e+00,5.039882812500000909e+03,-7.318314804457575917e+01
2.839999999999967883e+00,2.557419976969982827e+02,9.093169794762101787e+01,-4.885548087335687129e+00,4.885312500000000000e+03,-7.389870715233436727e+01
2.842499999999967830e+00,2.559693024815508977e+02,9.088856088411570511e+01,-5.066438437216506330e+00,5.066601562500000000e+03,-7.460294947918075081e+01
2.844999999999967777e+00,2.561964993795579630e+02,9.084534710846692462e+01,-4.563264697507855239e+00,4.562695312500000000e+03,-7.531093708859059177e+01
2.847499999999967724e+00,2.564235882003428628e+02,9.080205864804744920e+01,-5.110446060657602985e+00,5.110898437500000909e+03,-7.598070501105716801e+01
2.849999999999967670e+00,2.566505687583683653e+02,9.075869760908365436e+01,-4.223328807677711794e+00,4.222382812500000000e+03,-7.668248791105477835e+01
2.852499999999967617e+00,2.568774408733726204e+02,9.071526300853588509e+01,-4.858326408049148171e+00,4.858945312500000000e+03,-7.730619094380205070e+01
2.854999999999967564e+00,2.571042043587564763e+02,9.067175199375137140e+01,-4.695301224734936163e+00,4.695117187500000000e+03,-7.799521323710391130e+01
2.857499999999967510e+00,2.573308590232310280e+02,9.062816414940891718e+01,-4.351318485952000437e+00,4.350937500000000000e+03,-7.865490402005221426e+01
2.859999999999967457e+00,2.575574046744798693e+02,9.058449902185263625e+01,-3.824244134611329837e+00,3.823710937500000000e+03,-7.925916086413587891e+01
2.862499999999967404e+00,2.577838411190276702e+02,9.054075610334750479e+01,-4.237216493501761327e+00,4.237617187500000909e+03,-7.981813504032083983e+01
2.864999999999967351e+00,2.580101681620724889e+02,9.049693477789934093e+01,-4.866123452335903821e+00,4.866679687500000000e+03,-8.044352895593789299e+01
2.867499999999967297e+00,2.582363856072403223e+02,9.045303445052350355e+01,-4.806805989374617560e+00,4.806679687500000000e+03,-8.113705778844924055e+01
2.869999999999967244e+00,2.584624932567182327e+02,9.040905462725557129e+01,-4.049718520534835164e+00,4.048945312500000000e+03,-8.179937699887976521e+01
2.872499999999967191e+00,2.586884909115140658e+02,9.036499486179442897e+01,-3.166726845564694859e+00,3.165820312500000000e+03,-8.234860814714652122e+01
2.874999999999967137e+00,2.589143783715120435e+02,9.032085464143547426e+01,-3.802218549914783363e+00,3.802851562500000455e+03,-8.282009112096551462e+01
2.877499999999967084e+00,2.591401554352354992e+02,9.027663331187909534e+01,-3.982053417062874523e+00,3.982148437500000000e+03,-8.336828853105261317e+01
2.879999999999967031e+00,2.593658218995500988e+02,9.023233030803454824e+01,-3.576718345543143496e+00,3.576210937500000455e+03,-8.392337036752553558e+01
2.882499999999966978e+00,2.595913775599821065e+02,9.018794516048498622e+01,-3.774168443310915944e+00,3.774257812500000000e+03,-8.443970080530847611e+01
2.884999999999966924e+00,2.598168222109183034e+02,9.014347741730793473e+01,-3.585359746909107415e+00,3.585117187499999545e+03,-8.497194806953974933e+01
2.887499999999966871e+00,2.600421556456416852e+02,9.009892672463270458e+01,-3.671440159234201861e+00,3.671484375000000455e+03,-8.548597721901161606e+01
2.889999999999966818e+00,2.602673776565937374e+02,9.005429278181796349e+01,-2.848314566521363389e+00,2.847421875000000000e+03,-8.598284684077995621e+01
2.892499999999966764e+00,2.604924880355225127e+02,9.000957541152978081e+01,-3.168111103409634310e+00,3.168398437500000000e+03,-8.639830546757427499e+01
2.894999999999966711e+00,2.607174865737515574e+02,8.996477439799102171e+01,-3.785323456867399017e+00,3.785859375000000000e+03,-8.686964456479960006e+01
2.897499999999966658e+00,2.609423730620736137e+02,8.991988965092023989e+01,-3.748640553766013017e+00,3.748593750000000000e+03,-8.740878859094364373e+01
2.899999999999966604e+00,2.611671472911689875e+02,8.987492130959537917e+01,-3.246986318559634821e+00,3.246445312500000000e+03,-8.792757918389231975e+01
2.902499999999966551e+00,2.613918090600975574e+02,8.982999576940322584e+01,-3.066761569991411474e+00,3.066562499999999545e+03,-8.838452899917587047e+01
2.904999999999966498e+00,2.616163586107519450e+02,8.978523881135535589e+01,-3.061690278610514682e+00,3.061640625000000000e+03,-8.882122882212887305e+01
2.907499999999966445e+00,2.618407963642786740e+02,8.974064981805940988e+01,-2.992912446693634987e+00,2.992734375000000455e+03,-8.925515363343775732e+01
2.909999999999966391e+00,2.620651227402012751e+02,8.969622807297297129e+01,-2.215192820134457286e+00,2.214375000000000000e+03,-8.965605532696022806e+01
2.912499999999966338e+00,2.622893381562282684e+02,8.965197282989672090e+01,-1.543250805109355417e+00,1.542539062500000000e+03,-8.994811856008233519e+01
2.914999999999966285e+00,2.625134430281653977e+02,8.960788323115995979e+01,-7.697298313112005408e-01,7.688671875000000000e+02,-9.013983265530366396e+01
2.917499999999966231e+00,2.627374377696166334e+02,8.956395834737014638e+01,-1.867441143485918387e-01,1.860937500000000000e+02,-9.022604501276339306e+01
2.919999999999966178e+00,2.629613227918212033e+02,8.952019719268157871e+01,-2.651672910229135316e-01,2.651953125000000000e+02,-9.024960915501854686e+01
2.922499999999966125e+00,2.631850985035373469e+02,8.947659879605609490e+01,-1.009067897980957973e+00,1.009804687500000000e+03,-9.030615926415221395e+01
2.924999999999966072e+00,2.634087653111452596e+02,8.943316236361110327e+01,-1.688369111666449651e+00,1.689023437500000227e+03,-9.046789178145145627e+01
2.927499999999966018e+00,2.636323236192063177e+02,8.938988747305140237e+01,-2.342216522018372160e+00,2.342812500000000000e+03,-9.072674666484365957e+01
2.929999999999965965e+00,2.638557738314677863e+02,8.934677413233481502e+01,-2.312494422793659243e+00,2.312460937500000000e+03,-9.105758791963442889e+01
2.932499999999965912e+00,2.640791163519615452e+02,8.930382281716363480e+01,-1.899579864954155539e+00,1.899140625000000227e+03,-9.137152252992800072e+01
2.934999999999965858e+00,2.643023515861493138e+02,8.926103436410903669e+01,-1.104372823907265211e+00,1.103554687500000000e+03,-9.161326445284039721e+01
2.937499999999965805e+00,2.645254799417592153e+02,8.921840988936929762e+01,-7.754622875103625024e-01,7.750781250000000000e+02,-9.175528653846673421e+01
2.939999999999965752e+00,2.647485018294312908e+02,8.917595069747929415e+01,-1.397450724922115750e-01,1.391015625000000000e+02,-9.183971399343414532e+01
2.942499999999965699e+00,2.649714176631896407e+02,8.913365835992360076e+01,3.502104223767676383e-01,-3.506249999999999432e+02,-9.183700713014613370e+01
2.944999999999965645e+00,2.651942278611327311e+02,8.909153468200666737e+01,4.560597220592251255e-01,-4.560937499999999432e+02,-9.177604220397145696e+01
2.947499999999965592e+00,2.654169328460075690e+02,8.904958172884265366e+01,-3.158150742509512887e-01,3.165234374999999432e+02,-9.172831495662207146e+01
2.949999999999965539e+00,2.656395330458776129e+02,8.900780187559509216e+01,-8.330588663001960992e-01,8.335546875000000000e+02,-9.178346553486119319e+01
2.952499999999965485e+00,2.658620288929600974e+02,8.896616357401029518e+01,-1.213790622918951012e-01,1.205859375000000142e+02,-9.187303871882284056e+01
2.954999999999965432e+00,2.660844207056211985e+02,8.892463373044800790e+01,5.239926660284550675e-01,-5.245312500000000000e+02,-9.186203919135333251e+01
2.957499999999965379e+00,2.663067087551546592e+02,8.888321239668528051e+01,2.998889503109291033e-01,-2.996484375000000000e+02,-9.178627822450097540e+01
2.959999999999965326e+00,2.665288933127221753e+02,8.884189917002404968e+01,9.385605848383348215e-01,-9.391406250000000000e+02,-9.171468757082929812e+01
2.962499999999965272e+00,2.667509746482580226e+02,8.880069333877295890e+01,1.377874586494785225e+00,-1.378242187500000000e+03,-9.155756603075295175e+01
2.964999999999965219e+00,2.669729530297219640e+02,8.875959376294792946e+01,1.990944877727818696e+00,-1.991484375000000455e+03,-9.133156729595972934e+01
2.967499999999965166e+00,2.671948287219838676e+02,8.871859889876884608e+01,2.072359047161299372e+00,-2.072343750000000000e+03,-9.103469525247925276e+01
2.969999999999965112e+00,2.674166019858021741e+02,8.867770674359445593e+01,2.751433502790038954e+00,-2.752031250000000000e+03,-9.070683187148922855e+01
2.972499999999965059e+00,2.676382730767041949e+02,8.863691495048655611e+01,3.250888946959456849e+00,-3.251367187500000000e+03,-9.028730581328409244e+01
2.974999999999965006e+00,2.678598422441343700e+02,8.859622073341658677e+01,2.996583870449739617e+00,-2.996249999999999545e+03,-8.982071725175606502e+01
2.977499999999964952e+00,2.680813097303140466e+02,8.855562087460043585e+01,2.226867029937753983e+00,-2.226093750000000000e+03,-8.940776055623375385e+01
2.979999999999964899e+00,2.683026757692048250e+02,8.851511186468367498e+01,1.468548296164434497e+00,-1.467773437500000227e+03,-8.910537240721872365e+01
2.982499999999964846e+00,2.685239405858847590e+02,8.847469006462902996e+01,1.068782390637344371e+00,-1.068281250000000227e+03,-8.890056107770982408e+01
2.984999999999964793e+00,2.687451043962971085e+02,8.843435177165956418e+01,1.180520876899433080e+00,-1.180546875000000000e+03,-8.873678851404952184e+01
2.987499999999964739e+00,2.689661674070918593e+02,8.839409318108097580e+01,4.052199673467119512e-01,-4.044140625000000000e+02,-8.858595204776177923e+01
2.989999999999964686e+00,2.691871298152992722e+02,8.835391024780288660e+01,-1.347940906592356436e-01,1.352343750000000000e+02,-8.853901989366548264e+01
2.992499999999964633e+00,2.694079918077368916e+02,8.831379885644790306e+01,3.851531474099308960e-01,-3.856640625000000568e+02,-8.853539780089826650e+01
2.994999999999964579e+00,2.696287535609207566e+02,8.827375484101062852e+01,4.494792827870830454e-02,-4.453125000000000711e+01,-8.848520039370679058e+01
2.997499999999964526e+00,2.698494152408584910e+02,8.823377375478411011e+01,-4.828056983650663714e-01,4.832812499999999432e+02,-8.849003898560805226e+01
2.999999999999964473e+00,2.700699770022949906e+02,8.819385100174235959e+01,1.457871973869521165e-01,-1.463671875000000000e+02,-8.853342907114542015e+01
3.002499999999964420e+00,2.702904389860306082e+02,8.815393817963115453e+01,-2.745944039092891864e-01,2.749218750000000000e+02,-8.852080487902628647e+01
3.004999999999964366e+00,2.705108011662036915e+02,8.811398210149685895e+01,-1.007863671326456156e+00,1.008515624999999886e+03,-8.857878186168052537e+01
3.007499999999964313e+00,2.707310634279502892e+02,8.807397075749621251e+01,-1.680478098724174307e+00,1.681054687500000000e+03,-8.874017105240875480e+01
3.009999999999964260e+00,2.709512256262038932e+02,8.803389186229061636e+01,-2.277315296239107667e+00,2.277890625000000000e+03,-8.899572290392666218e+01
3.012499999999964206e+00,2.711712875850548130e+02,8.799373287880024463e+01,-1.568739383968944523e+00,1.567968750000000000e+03,-8.929466888751805698e+01
3.014999999999964153e+00,2.713912490971238753e+02,8.795348100114475187e+01,-9.529172125390411585e-01,9.522656250000001137e+02,-8.949513984183744242e+01
3.017499999999964100e+00,2.716111099227520640e+02,8.791312271791927913e+01,-1.505890734234216488e+00,1.506328125000000000e+03,-8.964537461092857029e+01
3.019999999999964047e+00,2.718308697879957094e+02,8.787264356072331850e+01,-8.023166920336407548e-01,8.015625000000001137e+02,-8.983435850146361190e+01
3.022499999999963993e+00,2.720505283822318461e+02,8.783202825948009718e+01,-6.856090216132315618e-02,6.773437500000000000e+01,-8.992170665229868121e+01
3.024999999999963940e+00,2.722700853561147483e+02,8.779126034573296522e+01,5.963520399182047349e-01,-5.969531250000001137e+02,-8.990638330314300219e+01
3.027499999999963887e+00,2.724895403183930966e+02,8.775032205775031002e+01,1.175637956770503090e+00,-1.176210937500000000e+03,-8.979884137557098711e+01
3.029999999999963833e+00,2.727088928326680275e+02,8.770919441936256078e+01,4.193202704713202555e-01,-4.184765625000000000e+02,-8.965192961288529716e+01
3.032499999999963780e+00,2.729281424144564880e+02,8.766785748389668242e+01,-2.108381181852183595e-01,2.114062500000000000e+02,-8.960967192598711506e+01
3.034999999999963727e+00,2.731472885290891668e+02,8.762629114183508250e+01,-5.836738291014946789e-01,5.839453125000001137e+02,-8.964967951077603914e+01
3.037499999999963674e+00,2.733663305917083903e+02,8.758447558000086985e+01,-1.067625029727783614e+00,1.068046875000000000e+03,-8.974698529549651482e+01
3.039999999999963620e+00,2.735852679682079156e+02,8.754239156224201679e+01,-1.189202761829564858e+00,1.189218750000000000e+03,-8.990213707889103034e+01
3.042499999999963567e+00,2.738040999768093684e+02,8.750002069430557583e+01,-4.888011780631491554e-01,4.880859375000000000e+02,-9.004831785978315395e+01
3.044999999999963514e+00,2.740228258902744756e+02,8.745734549026397531e+01,7.929469633427654873e-02,-7.980468750000000000e+01,-9.009875676013535895e+01
3.047499999999963460e+00,2.742414449381031432e+02,8.741434912480133335e+01,-6.242609043707547656e-01,6.249609375000000000e+02,-9.010914056908595171e+01
3.049999999999963407e+00,2.744599563080466851e+02,8.737101537733171597e+01,-1.314466199527925205e+00,1.315078125000000000e+03,-9.022021080923202874e+01
3.052499999999963354e+00,2.746783591504041624e+02,8.732737567343481544e+01,-1.858592132195661772e+00,1.859062500000000000e+03,-9.042562957710991611e+01
3.054999999999963300e+00,2.748966527428582367e+02,8.728346634562248596e+01,-1.205901264149298324e+00,1.205156250000000000e+03,-9.067041573571667357e+01
3.057499999999963247e+00,2.751148364070442085e+02,8.723928021645008357e+01,-6.019576559699673091e-01,6.012890625000000000e+02,-9.082346849151686285e+01
3.059999999999963194e+00,2.753329094471266671e+02,8.719481067491729220e+01,-1.203979278127399910e+00,1.204570312500000227e+03,-9.092925724227610829e+01
3.062499999999963141e+00,2.755508711509545492e+02,8.715005149930640016e+01,-5.981122434697884183e-01,5.974218750000000000e+02,-9.108236018115999855e+01
3.064999999999963087e+00,2.757687207911853875e+02,8.710499738663594371e+01,-1.173865818867488642e+00,1.174335937500000000e+03,-9.118711474973815712e+01
3.067499999999963034e+00,2.759864576276351045e+02,8.705964349654325929e+01,-4.500175172641626142e-01,4.491796875000000568e+02,-9.133243201039100256e+01
3.069999999999962981e+00,2.762040809084346051e+02,8.701398599336839368e+01,2.522709757318440937e-01,-2.528906250000000000e+02,-9.137500869115613966e+01
3.072499999999962927e+00,2.764215898725699958e+02,8.696802151121643476e+01,9.025923202739345452e-01,-9.031640625000000000e+02,-9.131876677543012022e+01
3.074999999999962874e+00,2.766389837508351093e+02,8.692174707113311172e+01,9.087694299609326842e-01,-9.086718750000000000e+02,-9.119041073172336098e+01
3.077499999999962821e+00,2.768562617667294035e+02,8.687515997794947964e+01,9.808562034254593165e-01,-9.808593750000002274e+02,-9.105921487270104819e+01
3.079999999999962768e+00,2.770734231372573504e+02,8.682825812408053423e+01,1.627947835747528327e+00,-1.628554687500000000e+03,-9.089922736418000682e+01
3.082499999999962714e+00,2.772904670745421072e+02,8.678104006558643846e+01,1.677181580164353258e+00,-1.677187500000000000e+03,-9.066602071905765570e+01
3.084999999999962661e+00,2.775073927873945081e+02,8.673350473764021729e+01,2.200432196514320982e+00,-2.200898437499999545e+03,-9.041052196325051682e+01
3.087499999999962608e+00,2.777241994822268225e+02,8.668565168322135150e+01,1.681215459274137958e+00,-1.680585937500000000e+03,-9.011388567591048115e+01
3.089999999999962554e+00,2.779408863645675183e+02,8.663748079045032569e+01,2.223448171119202676e+00,-2.223984374999999545e+03,-8.985734681056189288e+01
3.092499999999962501e+00,2.781574526400237346e+02,8.658899283378222833e+01,1.538604028651561650e+00,-1.537851562499999773e+03,-8.956284740446284331e+01
3.094999999999962448e+00,2.783738975165048828e+02,8.654018897208695194e+01,8.123779648231296280e-01,-8.116406250000000000e+02,-8.936790697291080221e+01
3.097499999999962395e+00,2.785902202051576069e+02,8.649107127769319447e+01,1.027020045573655560e-01,-1.019531250000000000e+02,-8.927658168116417414e+01
3.099999999999962341e+00,2.788064199228705888e+02,8.644164283165198981e+01,-5.699035877324517552e-01,5.704687500000000000e+02,-8.928570683156540611e+01
3.102499999999962288e+00,2.790224958946349147e+02,8.639190422850175821e+01,-9.018455608806164037e-01,9.021093750000000000e+02,-8.938036468815246849e+01
3.104999999999962235e+00,2.792384473439328190e+02,8.634185707826448208e+01,-9.049736459076831441e-01,9.049218750000001137e+02,-8.951189369971973520e+01
3.107499999999962181e+00,2.794542735026232094e+02,8.629150744791097338e+01,-9.411026517688672044e-01,9.411328125000000000e+02,-8.964482423856388493e+01
3.109999999999962128e+00,2.796699736181835192e+02,8.624086210144278652e+01,-1.362351704797699625e+00,1.362656250000000000e+03,-8.979530632203828588e+01
3.112499999999962075e+00,2.798855469553417947e+02,8.618992840884494910e+01,-1.984810214371936610e+00,1.985390625000000227e+03,-9.001266161687078693e+01
3.114999999999962021e+00,2.801009927976196536e+02,8.613871449204647490e+01,-1.994547621425495354e+00,1.994531249999999773e+03,-9.029935499132280086e+01
3.117499999999961968e+00,2.803163104493428932e+02,8.608722939870179403e+01,-2.109381613654243370e+00,2.109492187500000000e+03,-9.059067142409539031e+01
3.119999999999961915e+00,2.805314992379177284e+02,8.603548281392073704e+01,-2.569925488107471789e+00,2.570273437500000455e+03,-9.090950835230182747e+01
3.122499999999961862e+00,2.807465585152788208e+02,8.598348500449036180e+01,-1.984481910812643690e+00,1.983867187500000227e+03,-9.126033083555358871e+01
3.124999999999961808e+00,2.809614876594262682e+02,8.593124701203136340e+01,-1.976236087612714298e+00,1.976132812500000000e+03,-9.154556462432347530e+01
3.127499999999961755e+00,2.811762860762516425e+02,8.587878008954493225e+01,-1.878167311537281892e+00,1.878046875000000000e+03,-9.182647074579776358e+01
3.129999999999961702e+00,2.813909531999121896e+02,8.582609586464694473e+01,-1.176095114014662268e+00,1.175390625000000000e+03,-9.207343377184636779e+01
3.132499999999961648e+00,2.816054884938471332e+02,8.577320630671044910e+01,-4.840229441622303508e-01,4.832812499999999432e+02,-9.221958050411110719e+01
3.134999999999961595e+00,2.818198914515366482e+02,8.572012339871417907e+01,8.232571784573150531e-02,-8.285156250000000000e+01,-9.227011826883382639e+01
3.137499999999961542e+00,2.820341615963616846e+02,8.566685901007910786e+01,-5.819842286121573727e-01,5.825390625000000000e+02,-9.227878939159695904e+01
3.139999999999961489e+00,2.822482984812422728e+02,8.561342481740452115e+01,-1.017289242631099100e+00,1.017656249999999886e+03,-9.237531547201463411e+01
3.142499999999961435e+00,2.824623016883711557e+02,8.555983298217471145e+01,-1.578042463848996935e+00,1.578515625000000000e+03,-9.253821210266649189e+01
3.144999999999961382e+00,2.826761708306689798e+02,8.550609617172479204e+01,-1.099417666092170398e+00,1.098867187500000227e+03,-9.274767211111000620e+01
3.147499999999961329e+00,2.828899055530997089e+02,8.545222773291645524e+01,-8.588441597219058643e-01,8.585156250000001137e+02,-9.289570021731955762e+01
3.149999999999961275e+00,2.831035055342128430e+02,8.539824107982249757e+01,-4.022875551447083753e-01,4.017187499999999432e+02,-9.300175463285110311e+01
3.152499999999961222e+00,2.833169704918117304e+02,8.534423976182195304e+01,4.385222353928580619e-02,-4.429687500000000000e+01,-9.304229483486057006e+01
3.154999999999961169e+00,2.835303004927241659e+02,8.529032574883187579e+01,-4.222290153030752169e-01,4.225781250000000000e+02,-9.304748986172850778e+01
3.157499999999961116e+00,2.837434957614520386e+02,8.523650986774353555e+01,1.676501971941255498e-01,-1.681640625000000284e+02,-9.308534299793552691e+01
3.159999999999961062e+00,2.839565565494327757e+02,8.518280295368548138e+01,2.407617912411041949e-02,-2.390625000000000355e+01,-9.306158242396132607e+01
3.162499999999961009e+00,2.841694831350769732e+02,8.512921534059947248e+01,-2.463659546700584513e-01,2.465625000000000568e+02,-9.306221447670473879e+01
3.164999999999960956e+00,2.843822758224014819e+02,8.507575716204488003e+01,-8.442732142250652938e-01,8.448046875000001137e+02,-9.311199024849490513e+01
3.167499999999960902e+00,2.845949349406533315e+02,8.502243840468476321e+01,-2.878785336599275491e-01,2.872265625000000000e+02,-9.320992910502694428e+01
3.169999999999960849e+00,2.848074608440945781e+02,8.496926920931205984e+01,-9.084038884702401173e-01,9.090234375000000000e+02,-9.326557448737659684e+01
3.172499999999960796e+00,2.850198539122346801e+02,8.491625921273654853e+01,-9.886949699916796064e-01,9.887109375000000000e+02,-9.339265836582372060e+01
3.174999999999960743e+00,2.852321145485031479e+02,8.486341806170753443e+01,-1.615196776250239274e+00,1.615781250000000000e+03,-9.354871274200240805e+01
3.177499999999960689e+00,2.854442431803876161e+02,8.481075515305293777e+01,-1.525082851057418143e+00,1.524960937500000000e+03,-9.377134991956468468e+01
3.179999999999960636e+00,2.856562402588364193e+02,8.475827996044395718e+01,-8.380638654403417265e-01,8.373046875000001137e+02,-9.396116574983810210e+01
3.182499999999960583e+00,2.858681062584603296e+02,8.470600170479305291e+01,-2.411885487583362853e-01,2.405859374999999716e+02,-9.405444912763880438e+01
3.184999999999960529e+00,2.860798416766600667e+02,8.465392896794807598e+01,-8.041548199751712422e-01,8.046093750000000000e+02,-9.409899660505297447e+01
3.187499999999960476e+00,2.862914470318181657e+02,8.460206953306514777e+01,-1.399637112757502466e-01,1.392187500000000000e+02,-9.418432563808606517e+01
3.189999999999960423e+00,2.865029228615153443e+02,8.455043102490112972e+01,2.827319235263349162e-01,-2.831249999999999432e+02,-9.418125485608774738e+01
3.192499999999960369e+00,2.867142697222093375e+02,8.449902041148629905e+01,9.006696371208279261e-01,-9.011718750000001137e+02,-9.411032751346685643e+01
3.194999999999960316e+00,2.869254881874056196e+02,8.444784405549287953e+01,8.842364015026468183e-01,-8.841796875000000000e+02,-9.397035311983331951e+01
3.197499999999960263e+00,2.871365788460886392e+02,8.439690752084919723e+01,6.790472822646971274e-01,-6.787500000000000000e+02,-9.383833193925190130e+01
3.199999999999960210e+00,2.873475423007749328e+02,8.434621587407445986e+01,1.081222095254395610e+00,-1.081523437500000000e+03,-9.371555405954218543e+01
3.202499999999960156e+00,2.875583791689427358e+02,8.429581171913227422e+01,1.029401244285022887e+00,-1.029257812500000000e+03,-9.354892063412982850e+01
3.204999999999960103e+00,2.877690902118253007e+02,8.424573525497339688e+01,1.495150574089513684e+00,-1.495546875000000000e+03,-9.337227709976087908e+01
3.207499999999960050e+00,2.879796762493588176e+02,8.419598751566186934e+01,9.178361152301398596e-01,-9.172265625000002274e+02,-9.316176647585045600e+01
3.209999999999959996e+00,2.881901381036926750e+02,8.414656875795542135e+01,1.078517736530402837e+00,-1.078593750000000000e+03,-9.301001012830474224e+01
3.212499999999959943e+00,2.884004765973298845e+02,8.409747899916906988e+01,1.059897329419994927e+00,-1.059843750000000000e+03,-9.284030270599812695e+01
3.214999999999959890e+00,2.886106925526290183e+02,8.404871773527409573e+01,1.247517133208986495e+00,-1.247695312500000227e+03,-9.266597286407282752e+01
3.217499999999959837e+00,2.888207867904154114e+02,8.400028402434205077e+01,1.071543497375911924e+00,-1.071328125000000227e+03,-9.247580887373645453e+01
3.219999999999959783e+00,2.890307601288573096e+02,8.395217634543966767e+01,1.134266769783044193e+00,-1.134257812500000227e+03,-9.230274313999494495e+01
3.222499999999959730e+00,2.892406133820456375e+02,8.390439278419212599e+01,5.778294806426329533e-01,-5.772656250000000000e+02,-9.214030931047797424e+01
3.224999999999959677e+00,2.894503473590257272e+02,8.385693092002048843e+01,9.460921767392862503e-01,-9.464062500000000000e+02,-9.202768916349380390e+01
3.227499999999959623e+00,2.896599628626228764e+02,8.380978818601434455e+01,1.379816527382479618e+00,-1.380234375000000000e+03,-9.185910591154235760e+01
3.229999999999959570e+00,2.898694606890784371e+02,8.376296148711976741e+01,1.890513235710894246e+00,-1.890937499999999773e+03,-9.162465268196550028e+01
3.232499999999959517e+00,2.900788416265561409e+02,8.371644710909592391e+01,1.193574416899939150e+00,-1.192851562500000000e+03,-9.135518644275015276e+01
3.234999999999959464e+00,2.902881064534931852e+02,8.367024056246023633e+01,5.669019931045166105e-01,-5.662499999999998863e+02,-9.118391431723681251e+01
3.237499999999959410e+00,2.904972559368204088e+02,8.362433717398579347e+01,8.302774352827817506e-01,-8.305078125000000000e+02,-9.107390498680543089e+01
3.239999999999959357e+00,2.907062908317867596e+02,8.357873225381212023e+01,2.049727658842732669e-01,-2.042578125000000000e+02,-9.095443628570004080e+01
3.242499999999959304e+00,2.909152118818045665e+02,8.353342069761913535e+01,4.582967769841699290e-01,-4.584375000000000000e+02,-9.089649765423797589e+01
3.244999999999959250e+00,2.911240198173747444e+02,8.348839735741216828e+01,-1.893019488049905164e-01,1.898437500000000000e+02,-9.083102994047102641e+01
3.247499999999959197e+00,2.913327153559918656e+02,8.344365663807775491e+01,-2.961477562865988400e-01,2.962500000000000000e+02,-9.084158554603286007e+01
3.249999999999959144e+00,2.915412992010186031e+02,8.339919291575718319e+01,-8.633785182353296284e-01,8.639062500000000000e+02,-9.088241220193701508e+01
3.252499999999959091e+00,2.917497720438639703e+02,8.335503092889416621e+01,-4.663957314826016054e-01,4.659375000000000568e+02,-9.097370053548438307e+01
3.254999999999959037e+00,2.919581346673352868e+02,8.331119175890754036e+01,1.586028495572280317e-01,-1.591406250000000000e+02,-9.099985793135326162e+01
3.257499999999958984e+00,2.921663878719737113e+02,8.326766365733412556e+01,-7.557538640208849579e-02,7.570312500000000000e+01,-9.096327393999879973e+01
3.259999999999958931e+00,2.923745324286106779e+02,8.322443424924119881e+01,5.417235414297191243e-01,-5.422265625000000000e+02,-9.093260220369423052e+01
3.262499999999958877e+00,2.925825690768844538e+02,8.318149092362094166e+01,5.485833150804230174e-01,-5.485546875000000000e+02,-9.083224482173808667e+01
3.264999999999958824e+00,2.927904985247088234e+02,8.313882054612699335e+01,6.253193928947300417e-01,-6.253125000000001137e+02,-9.072846014538345116e+01
3.267499999999958771e+00,2.929983214469290829e+02,8.309640973759371718e+01,1.239748164681472531e+00,-1.240312500000000000e+03,-9.059580484435363701e+01
3.269999999999958717e+00,2.932060384848379044e+02,8.305424493371465644e+01,9.880796204402535476e-01,-9.877734375000001137e+02,-9.040229907968789291e+01
3.272499999999958664e+00,2.934136502456520361e+02,8.301231218175900040e+01,1.593842113476800826e+00,-1.594335937500000000e+03,-9.021709904564416149e+01
3.274999999999958611e+00,2.936211573015935983e+02,8.297059754700180179e+01,1.271301920903142868e+00,-1.270898437500000000e+03,-8.997437693994929475e+01
3.277499999999958558e+00,2.938285601899805215e+02,8.292908680869453519e+01,1.353704279990245674e+00,-1.353750000000000000e+03,-8.976511478959778856e+01
3.279999999999958504e+00,2.940358594125269178e+02,8.288776588602142681e+01,1.948159663661222396e+00,-1.948710937500000000e+03,-8.952710115722720730e+01
3.282499999999958451e+00,2.942430554358375048e+02,8.284662078657352424e+01,1.561299732927273087e+00,-1.560820312500000000e+03,-8.923501680756213261e+01
3.284999999999958398e+00,2.944501486915173132e+02,8.280563739628678377e+01,9.697373249478843382e-01,-9.691406249999998863e+02,-8.900578672534710734e+01
3.287499999999958344e+00,2.946571395758895733e+02,8.276480185072985307e+01,1.534531026181614966e+00,-1.535039062500000227e+03,-8.882455352434975282e+01
3.289999999999958291e+00,2.948640284508707623e+02,8.272410078615000373e+01,8.568951440626929594e-01,-8.561718750000000000e+02,-8.860223637232887484e+01
3.292499999999958238e+00,2.950708156451381114e+02,8.268352090663857723e+01,3.913786318117989382e-01,-3.908203125000000000e+02,-8.847140335139248180e+01
3.294999999999958185e+00,2.952775014542577310e+02,8.264304942891634198e+01,5.352047414644528489e-02,-5.308593750000000711e+01,-8.840409918885684704e+01
3.297499999999958131e+00,2.954840861421514546e+02,8.260267408812188705e+01,-4.564161962115273474e-01,4.569140625000000000e+02,-8.839162163408612116e+01
3.299999999999958078e+00,2.956905699423865599e+02,8.256238314116143329e+01,1.867387157478571091e-01,-1.872656249999999716e+02,-8.841568126228783342e+01
3.302499999999958025e+00,2.958969530587588110e+02,8.252215927527461758e+01,2.603655979921636887e-01,-2.603906250000000568e+02,-8.836537980168718320e+01
3.304999999999957971e+00,2.961032356474275389e+02,8.248199026514326704e+01,8.763744258197165848e-01,-8.769140625000000000e+02,-8.828693914006147736e+01
3.307499999999957918e+00,2.963094178435652566e+02,8.244187264502266999e+01,6.024206954244915035e-01,-6.021093750000000000e+02,-8.814868808211595308e+01
3.309999999999957865e+00,2.965154997736130440e+02,8.240180273175374737e+01,1.143143340085624793e+00,-1.143632812500000000e+03,-8.802376998825411647e+01
3.312499999999957812e+00,2.967214815547865214e+02,8.236177698918413626e+01,5.438899244751773665e-01,-5.432812500000000000e+02,-8.785818588707492438e+01
3.314999999999957758e+00,2.969273632954626123e+02,8.232179173304997732e+01,5.636703073057967028e-01,-5.636718750000000000e+02,-8.775948205635683053e+01
3.317499999999957705e+00,2.971331450948398469e+02,8.228184355948242512e+01,8.000453542272545349e-01,-8.002734375000000000e+02,-8.765119235556888100e+01
3.319999999999957652e+00,2.973388270437470169e+02,8.224192919024169157e+01,1.555013377046895462e-01,-1.548046875000000000e+02,-8.753788333525052678e+01
3.322499999999957598e+00,2.975444092248434913e+02,8.220204535719670957e+01,-1.164252805731609275e-01,1.166015625000000000e+02,-8.750613609901027701e+01
3.324999999999957545e+00,2.977498917126922606e+02,8.216218909089090516e+01,4.471140601853687002e-01,-4.476562500000000568e+02,-8.748673014978385254e+01
3.327499999999957492e+00,2.979552745746269125e+02,8.212235768717947337e+01,-1.942951788396289903e-01,1.948828125000000000e+02,-8.742560976883039814e+01
3.329999999999957438e+00,2.981605578712633928e+02,8.208254836741866711e+01,-3.526525694107234266e-01,3.527343750000000000e+02,-8.744185140289660296e+01
3.332499999999957385e+00,2.983657416563042943e+02,8.204275863434250482e+01,-4.231533414818626215e-01,4.231640625000000000e+02,-8.747856883270850403e+01
3.334999999999957332e+00,2.985708259773626878e+02,8.200298617133807966e+01,1.481266283498313130e-01,-1.485937500000000000e+02,-8.750495891341709864e+01
3.337499999999957279e+00,2.987758108763782161e+02,8.196322884870146197e+01,-1.832855501712482016e-01,1.835156250000000284e+02,-8.747869899507193736e+01
3.339999999999957225e+00,2.989806963899742414e+02,8.192348444066367108e+01,-2.188385869526501826e-01,2.187890625000000284e+02,-8.749100518750996969e+01
3.342499999999957172e+00,2.991854825492121677e+02,8.188375088676353641e+01,-6.070417118574267246e-01,6.073828125000000000e+02,-8.752043083874130502e+01
3.344999999999957119e+00,2.993901693800865473e+02,8.184402622793979276e+01,-1.167352649554488586e+00,1.167890625000000227e+03,-8.761198207820898176e+01
3.347499999999957065e+00,2.995947569037870153e+02,8.180430873020932836e+01,-5.126012363339532696e-01,5.118750000000000000e+02,-8.774520106527666030e+01
3.349999999999957012e+00,2.997992451373493736e+02,8.176459699785867485e+01,-2.054703936879822002e-01,2.050781250000000000e+02,-8.779566645705358496e+01
3.352499999999956959e+00,3.000036340938645480e+02,8.172487883280882670e+01,-4.661652692429298361e-01,4.664062500000000000e+02,-8.782073534839577178e+01
3.354999999999956906e+00,3.002079237444776822e+02,8.168514036111658072e+01,1.438201471039139423e-01,-1.443750000000000000e+02,-8.785549264318703422e+01
3.357499999999956852e+00,3.004121140362469760e+02,8.164537787809737779e+01,-2.236314265273787183e-01,2.239453125000000284e+02,-8.783457312580358689e+01
3.359999999999956799e+00,3.006162049070608759e+02,8.160558770405494045e+01,-6.493995001857015836e-01,6.498046875000000000e+02,-8.786900255681638328e+01
3.362499999999956746e+00,3.008201962856786054e+02,8.156576644677689103e+01,-1.216164910123771481e+00,1.216640625000000000e+03,-8.796983862022329959e+01
3.364999999999956692e+00,3.010240880925651936e+02,8.152591105682031980e+01,-7.573220029047137425e-01,7.567968750000000000e+02,-8.811937710998569173e+01
3.367499999999956639e+00,3.012278802408184788e+02,8.148601895189365507e+01,-3.657525916035491709e-01,3.652734375000000000e+02,-8.820540757509606067e+01
3.369999999999956586e+00,3.014315726372662994e+02,8.144608770852150315e+01,-2.992943036569518656e-01,2.991796875000000568e+02,-8.824604411791125358e+01
3.372499999999956533e+00,3.016351651827242222e+02,8.140611499895608461e+01,-8.316657300661440821e-01,8.321484375000000000e+02,-8.829702694874605129e+01
3.374999999999956479e+00,3.018386577722356492e+02,8.136609863452837033e+01,-2.365840289401264229e-01,2.358984374999999716e+02,-8.838840775347432555e+01
3.377499999999956426e+00,3.020420502955400366e+02,8.132603681473884194e+01,-7.422838167440430901e-01,7.427343750000001137e+02,-8.843036237679996248e+01
3.379999999999956373e+00,3.022453426380128008e+02,8.128592780692567032e+01,-4.837659127339341558e-01,4.833984375000000568e+02,-8.852064928462317539e+01
3.382499999999956319e+00,3.024485346808068584e+02,8.124577023916457108e+01,4.274855735198473949e-02,-4.324218750000000000e+01,-8.856537700508756927e+01
3.384999999999956266e+00,3.026516263018158384e+02,8.120556291875729471e+01,-3.809967139801854197e-01,3.813281250000000000e+02,-8.856578820002785335e+01
3.387499999999956213e+00,3.028546173760024089e+02,8.116530470473378500e+01,-1.470057367855713004e-01,1.467187500000000000e+02,-8.860611151016297526e+01
3.389999999999956160e+00,3.030575077755671600e+02,8.112499476035280566e+01,1.933303515859758070e-01,-1.935937500000000000e+02,-8.860969806137613602e+01
3.392499999999956106e+00,3.032602973707740261e+02,8.108463241988633285e+01,3.322397504583057826e-01,-3.323437500000000000e+02,-8.857134456347357343e+01
3.394999999999956053e+00,3.034629860303014084e+02,8.104421713803697003e+01,6.077723681723636862e-01,-6.079687500000000000e+02,-8.850898486306624591e+01
3.397499999999956000e+00,3.036655736215311094e+02,8.100374851749847949e+01,1.159460485070632485e+00,-1.159921875000000000e+03,-8.839846510702352589e+01
3.399999999999955946e+00,3.038680600109360057e+02,8.096322628617092221e+01,5.236608647767463376e-01,-5.230078125000000000e+02,-8.824764134448219011e+01
3.402499999999955893e+00,3.040704450620370380e+02,8.092261123995561434e+01,3.298733522873177892e-01,-3.296484374999999432e+02,-8.817418483063234191e+01
3.404999999999955840e+00,3.042727285005984754e+02,8.088186271544769568e+01,6.299984260719020401e-01,-6.302343749999998863e+02,-8.811289498453804470e+01
3.407499999999955786e+00,3.044749099915675856e+02,8.084097857449505398e+01,1.224885319658177707e+00,-1.225429687500000000e+03,-8.799931605074469587e+01
3.409999999999955733e+00,3.046769891948660529e+02,8.079995715896885145e+01,8.436999980866857207e-01,-8.432812500000000000e+02,-8.783236213521331592e+01
3.412499999999955680e+00,3.048789657664650008e+02,8.075879711238712844e+01,3.087423327811895657e-01,-3.082031250000000568e+02,-8.772545702305534121e+01
3.414999999999955627e+00,3.050808393591620984e+02,8.071749761193548522e+01,7.807878867552453528e-01,-7.811718750000001137e+02,-8.766299511119309784e+01
3.417499999999955573e+00,3.052826096240648894e+02,8.067605850227587894e+01,2.234404801796024964e-01,-2.227734375000000000e+02,-8.756648687309308343e+01
3.419999999999955520e+00,3.054842762121960504e+02,8.063448000816424610e+01,6.322575298504164998e-01,-6.325781250000000000e+02,-8.751891394839925908e+01
3.422499999999955467e+00,3.056858387754170394e+02,8.059276299535551402e+01,1.225237724002982143e+00,-1.225781250000000000e+03,-8.740701591058872566e+01
3.424999999999955413e+00,3.058872969680616620e+02,8.055090871658292428e+01,8.479716227039308940e-01,-8.475000000000000000e+02,-8.724179290877074777e+01
3.427499999999955360e+00,3.060886504477594485e+02,8.050891868147755304e+01,3.400766195883779819e-01,-3.394921875000000568e+02,-8.713516276110698300e+01
3.429999999999955307e+00,3.062898988760970269e+02,8.046679487628649952e+01,5.446704848840404622e-01,-5.448046875000000000e+02,-8.707851629232875723e+01
3.432499999999955254e+00,3.064910419199572402e+02,8.042453988386637320e+01,5.806800620807011093e-01,-5.806640625000001137e+02,-8.699820909280704484e+01
3.434999999999955200e+00,3.066920792529806477e+02,8.038215670156191095e+01,9.623189822986593089e-01,-9.626953124999998863e+02,-8.690175523858286510e+01
3.437499999999955147e+00,3.068930105565281110e+02,8.033964874351516983e+01,1.477726072699617976e+00,-1.478203125000000000e+03,-8.674645289236046608e+01
3.439999999999955094e+00,3.070938355206928350e+02,8.029701970869315630e+01,1.060034172156955723e+00,-1.059609375000000000e+03,-8.654767565999645740e+01
3.442499999999955040e+00,3.072945538449281457e+02,8.025427347138486311e+01,1.243181381086174930e+00,-1.243359375000000000e+03,-8.638946064698168925e+01
3.444999999999954987e+00,3.074951652385433363e+02,8.021141434840380668e+01,1.034455748907416428e+00,-1.034179687500000000e+03,-8.621782583935033983e+01
3.447499999999954934e+00,3.076956694218632151e+02,8.016844695260461151e+01,1.442764098751995405e+00,-1.443164062499999773e+03,-8.605624089870256910e+01
3.449999999999954881e+00,3.078960661269515526e+02,8.012537631510870995e+01,1.369420715920931286e+00,-1.369335937500000227e+03,-8.585184529121752917e+01
3.452499999999954827e+00,3.080963550956872155e+02,8.008216150383293552e+01,1.906796526726593388e+00,-1.907226562500000227e+03,-8.563827696805724088e+01
3.454999999999954774e+00,3.082965359214597925e+02,8.003876253327892698e+01,1.271869757826326719e+00,-1.271132812500000227e+03,-8.538571416967538141e+01
3.457499999999954721e+00,3.084966081476158024e+02,7.999518624095303210e+01,1.354528279082313880e+00,-1.354570312500000227e+03,-8.520092906712903869e+01
3.459999999999954667e+00,3.086965713349601401e+02,7.995144029152235987e+01,1.925651761311578891e+00,-1.926210937500000227e+03,-8.498851893050763806e+01
3.462499999999954614e+00,3.088964250639062925e+02,7.990753300783009649e+01,1.379627585593971251e+00,-1.379062500000000227e+03,-8.473043259706464880e+01
3.464999999999954561e+00,3.090961689359674551e+02,7.986347313437842388e+01,1.875719411502632994e+00,-1.876171874999999773e+03,-8.451682440778668592e+01
3.467499999999954508e+00,3.092958025748297359e+02,7.981927014455337144e+01,1.229853445321310357e+00,-1.229179687500000227e+03,-8.426904576658814960e+01
3.469999999999954454e+00,3.094953256281839344e+02,7.977493389177864458e+01,8.819535525665089803e-01,-8.816015625000000000e+02,-8.410407390508476055e+01
3.472499999999954401e+00,3.096947377686503842e+02,7.973047494121290413e+01,6.637989667392285575e-01,-6.635156250000000000e+02,-8.398465177224312583e+01
3.474999999999954348e+00,3.098940386956578550e+02,7.968590449585791191e+01,1.156052829845020558e+00,-1.156523437499999773e+03,-8.387339532596011793e+01
3.477499999999954294e+00,3.100932281370202759e+02,7.964123438411468214e+01,5.269017123287769166e-01,-5.261718750000000000e+02,-8.372777201535299696e+01
3.479999999999954241e+00,3.102923058503594689e+02,7.959647671178328210e+01,3.648547910855574061e-01,-3.646875000000000568e+02,-8.365702203049025343e+01
3.482499999999954188e+00,3.104912716237844279e+02,7.955164417361602602e+01,3.037330825012187763e-01,-3.036328125000000000e+02,-8.360606345037280107e+01
3.484999999999954134e+00,3.106901252774608224e+02,7.950674992890498061e+01,8.066902234521783344e-01,-8.071875000000000000e+02,-8.354544183532534873e+01
3.487499999999954081e+00,3.108888666647209789e+02,7.946180757239396542e+01,1.684538618124380438e-01,-1.678125000000000284e+02,-8.344948194915691886e+01
3.489999999999954028e+00,3.110874956730167469e+02,7.941683081399932576e+01,3.259873748192620990e-02,-3.246093750000000000e+01,-8.342850147773188496e+01
3.492499999999953975e+00,3.112860122242195189e+02,7.937183382580400348e+01,-2.987244118496948375e-01,2.989453125000000000e+02,-8.343319403892169817e+01
3.494999999999953921e+00,3.114844162758715242e+02,7.932683109645405750e+01,-8.318119081444055318e-01,8.322656249999998863e+02,-8.349152809867058522e+01
3.497499999999953868e+00,3.116827078219264422e+02,7.928183747663028669e+01,-2.380546877995805000e-01,2.374218750000000000e+02,-8.358957433978794427e+01
3.499999999999953815e+00,3.118808868937092029e+02,7.923686826677263184e+01,-7.535049936481167387e-01,7.539843750000000000e+02,-8.363818686625737087e+01
3.502499999999953761e+00,3.120789535676532296e+02,7.919203680931047984e+01,-3.898214283400354696e-01,3.894140625000000000e+02,-8.373191435993474840e+01
3.504999999999953708e+00,3.122769083003808532e+02,7.914745052305650574e+01,-7.878540354158131143e-02,7.839843750000000000e+01,-8.377494786693920048e+01
3.507499999999953655e+00,3.124747517081459023e+02,7.910311490403515222e+01,5.206034839915751888e-01,-5.211328125000000000e+02,-8.376373928561652349e+01
3.509999999999953602e+00,3.126724844204780993e+02,7.905903463305752155e+01,3.068486621085901866e-01,-3.065625000000000568e+02,-8.369268410994284579e+01
3.512499999999953548e+00,3.128701070780740565e+02,7.901521339373618957e+01,7.868183089198553803e-01,-7.872656250000000000e+02,-8.362946117312310434e+01
3.514999999999953495e+00,3.130676203303616489e+02,7.897165418228210854e+01,2.020502144692101210e-01,-2.014453125000000000e+02,-8.353161398927004200e+01
3.517499999999953442e+00,3.132650248338068195e+02,7.892835906950064384e+01,4.164820008798616469e-01,-4.166015625000000000e+02,-8.349135111927344610e+01
3.519999999999953388e+00,3.134623212496435372e+02,7.888532960555509987e+01,-1.026652319732334062e-01,1.031249999999999858e+02,-8.344379396886321842e+01
3.522499999999953335e+00,3.136595102426230710e+02,7.884256655856874829e+01,4.865651820270122663e-01,-4.871484374999999432e+02,-8.343439197898929649e+01
3.524999999999953282e+00,3.138565924790666486e+02,7.880007021307078219e+01,-9.466705916999940129e-03,9.960937500000000000e+00,-8.337534892336869063e+01
3.527499999999953229e+00,3.140535686256120016e+02,7.875783994846271696e+01,9.259714945996720681e-02,-9.269531250000001421e+01,-8.336760894247470333e+01
3.529999999999953175e+00,3.142504393469212118e+02,7.871587460364477806e+01,-5.118255295977365282e-01,5.123437500000000000e+02,-8.336800524629286713e+01
3.532499999999953122e+00,3.144472053043955952e+02,7.867417227981108852e+01,-2.223221548082725540e-01,2.219531249999999716e+02,-8.342564102564689676e+01
3.534999999999953069e+00,3.146438671543673422e+02,7.863273064002493129e+01,-6.180851591463099037e-01,6.183984375000000000e+02,-8.346363093672771072e+01
3.537499999999953015e+00,3.148404255469953341e+02,7.859154659855677494e+01,-1.188036333981816961e+00,1.188515625000000227e+03,-8.356371231675039724e+01
3.539999999999952962e+00,3.150368811243377536e+02,7.855061652493967017e+01,-5.943861239218160009e-01,5.937890625000000000e+02,-8.370747715330526262e+01
3.542499999999952909e+00,3.152332345191305762e+02,7.850993638155377141e+01,-1.060058271663914864e+00,1.060429687500000000e+03,-8.380010842741494059e+01
3.544999999999952855e+00,3.154294863536759976e+02,7.846950132082248786e+01,-1.232705637749034855e+00,1.232812500000000227e+03,-8.394971736734436263e+01
3.547499999999952802e+00,3.156256372377575303e+02,7.842930599400733627e+01,-9.322768000504126906e-01,9.318750000000001137e+02,-8.410842363021791357e+01
3.549999999999952749e+00,3.158216877675144474e+02,7.838934451869832287e+01,-1.221691491158882092e+00,1.221914062500000000e+03,-8.424283522030545157e+01
3.552499999999952696e+00,3.160176385232291523e+02,7.834959928933548667e+01,-8.285098170464786360e-01,8.280468749999998863e+02,-8.439631350021171841e+01
3.554999999999952642e+00,3.162134900302267511e+02,7.831005377675020895e+01,-2.501666082296913896e-01,2.494921875000000284e+02,-8.448703882370645601e+01
3.557499999999952589e+00,3.164092427849563478e+02,7.827070268752231641e+01,-7.965656792526438768e-01,7.971093750000000000e+02,-8.453094990767500860e+01
3.559999999999952536e+00,3.166048972702630522e+02,7.823154005338530226e+01,-2.070426686412659700e-01,2.063671875000000000e+02,-8.461611734189612832e+01
3.562499999999952482e+00,3.168004539538023892e+02,7.819255964120199565e+01,-4.642916429095182984e-01,4.645312500000001137e+02,-8.464383400715726680e+01
3.564999999999952429e+00,3.169959132874226384e+02,7.815375462101853543e+01,1.100053017555616686e-01,-1.105078124999999858e+02,-8.468120161300058157e+01
3.567499999999952376e+00,3.171912757056398959e+02,7.811511786690078907e+01,-4.425810178320750410e-01,4.430859375000000568e+02,-8.467245438241100430e+01
3.569999999999952323e+00,3.173865416248946190e+02,7.807664165338563578e+01,1.446213646984859658e-01,-1.451953125000000000e+02,-8.470574900637126348e+01
3.572499999999952269e+00,3.175817114420983103e+02,7.803831808413268334e+01,-1.950405048356840254e-01,1.953515625000000284e+02,-8.468458045154767433e+01
3.574999999999952216e+00,3.177767855342301573e+02,7.800013872534398729e+01,-3.463762093508060413e-01,3.465234375000000000e+02,-8.470580864171006397e+01
3.577499999999952163e+00,3.179717642569518716e+02,7.796209491125308944e+01,-4.760674056467398829e-01,4.761328125000000568e+02,-8.474782864197757704e+01
3.579999999999952109e+00,3.181666479441322508e+02,7.792417772383953434e+01,5.118873392493827890e-02,-5.167968750000000000e+01,-8.478687616707247798e+01
3.582499999999952056e+00,3.183614369072395220e+02,7.788637805315030960e+01,-4.069714485235512158e-01,4.073437500000000000e+02,-8.478207581506356405e+01
3.584999999999952003e+00,3.185561314347665984e+02,7.784868632627524221e+01,2.308995274017083821e-02,-2.343750000000000000e+01,-8.481394705056665373e+01
3.587499999999951950e+00,3.187507317911021687e+02,7.781109285457418423e+01,-2.111742498480402852e-01,2.114062500000000000e+02,-8.480538462828333479e+01
3.589999999999951896e+00,3.189452382162812114e+02,7.777358755972223037e+01,-5.088235921412987972e-01,5.090625000000000000e+02,-8.483243345263616675e+01
3.592499999999951843e+00,3.191396509249709652e+02,7.773616019262868804e+01,-2.046736377844076693e-01,2.042578125000000000e+02,-8.488251812747661518e+01
3.594999999999951790e+00,3.193339701061556184e+02,7.769880041407179760e+01,-4.384065084647827959e-01,4.386328124999999432e+02,-8.490622046064993356e+01
3.597499999999951736e+00,3.195281959228733513e+02,7.766149760438999294e+01,1.300303491051273408e-01,-1.305468750000000000e+02,-8.493730928004076475e+01
3.599999999999951683e+00,3.197223285115040312e+02,7.762424105448879175e+01,-3.125881483966420071e-01,3.130078125000000000e+02,-8.491927974255777656e+01
3.602499999999951630e+00,3.199163679815670775e+02,7.758702389012972844e+01,-7.250347302697534024e-01,7.253906250000000000e+02,-8.496390060532530697e+01
3.604999999999951577e+00,3.201103144304741477e+02,7.754984206880273234e+01,-6.569685782466175850e-01,6.568359375000000000e+02,-8.505205474297409296e+01
3.607499999999951523e+00,3.203041679427272470e+02,7.751268882369451774e+01,-1.151492371761013267e+00,1.151953125000000000e+03,-8.514857888036715394e+01
3.609999999999951470e+00,3.204979285859189417e+02,7.747555731418181324e+01,-5.860788714193794213e-01,5.854687500000000000e+02,-8.528158997349675019e+01
3.612499999999951417e+00,3.206915964105621129e+02,7.743844084316256726e+01,-9.794680387494709706e-01,9.798046875000000000e+02,-8.536441764751694450e+01
3.614999999999951363e+00,3.208851714503925336e+02,7.740133245146112984e+01,-1.515911691867505073e+00,1.516406249999999773e+03,-8.550829283010743609e+01
3.617499999999951310e+00,3.210786537216528131e+02,7.736422520802403824e+01,-9.313834360244032107e-01,9.307031250000000000e+02,-8.569269968234532087e+01
3.619999999999951257e+00,3.212720432233438714e+02,7.732711235809894390e+01,-1.200390262367428740e+00,1.200585937500000000e+03,-8.582075354394206101e+01
3.622499999999951203e+00,3.214653399375781078e+02,7.728998692324162789e+01,-6.885793145030678630e-01,6.880078125000000000e+02,-8.596200611087809307e+01
3.624999999999951150e+00,3.216585438289509966e+02,7.725284196834940076e+01,-9.742580878815720880e-01,9.745312500000000000e+02,-8.605557497031797709e+01
3.627499999999951097e+00,3.218516548446551155e+02,7.721567029072124910e+01,-1.496196202866175939e+00,1.496601562500000000e+03,-8.619780831037368785e+01
3.629999999999951044e+00,3.220446729137827333e+02,7.717846469187315961e+01,-9.936154249232235225e-01,9.930468750000001137e+02,-8.638167328381312871e+01
3.632499999999950990e+00,3.222375979475100962e+02,7.714121815957258832e+01,-1.533513431397474980e+00,1.533984375000000000e+03,-8.652713226223454512e+01
3.634999999999950937e+00,3.224304298394873740e+02,7.710392348257690287e+01,-9.404444551153000598e-01,9.398437500000000000e+02,-8.671330658253141621e+01
3.637499999999950884e+00,3.226231684653207026e+02,7.706657363265804861e+01,-1.280015479263813205e+00,1.280273437500000000e+03,-8.684453899136849486e+01
3.639999999999950830e+00,3.228158136830267040e+02,7.702916131424557022e+01,-1.445994306261362050e+00,1.446093750000000227e+03,-8.701889704457727248e+01
3.642499999999950777e+00,3.230083653323055159e+02,7.699167929525303578e+01,-1.355091360123564126e+00,1.354921875000000227e+03,-8.720872354466955301e+01
3.644999999999950724e+00,3.232008232348219394e+02,7.695412038565528690e+01,-1.880505935650713223e+00,1.880976562500000227e+03,-8.740548261144481046e+01
3.647499999999950671e+00,3.233931871942613725e+02,7.691647733702149026e+01,-1.288713048385619064e+00,1.288007812500000000e+03,-8.764139321760883661e+01
3.649999999999950617e+00,3.235854569962409073e+02,7.687874312407298305e+01,-1.521730963261765712e+00,1.521914062500000227e+03,-8.781906641107022438e+01
3.652499999999950564e+00,3.237776324029824764e+02,7.684079028911104103e+01,-9.421373941278063935e-01,9.414843750000000000e+02,-8.800380324061879378e+01
3.654999999999950511e+00,3.239697127293159156e+02,7.680246789768398230e+01,-1.288142741266107283e+00,1.288476562500000227e+03,-8.813543499038009088e+01
3.657499999999950457e+00,3.241616970266733802e+02,7.676373124377293777e+01,-1.522123264169013890e+00,1.522265625000000227e+03,-8.831321789263461142e+01
3.659999999999950404e+00,3.243535842334304107e+02,7.672453394705466678e+01,-9.491156947693006884e-01,9.485156250000000000e+02,-8.849845032238694387e+01
3.662499999999950351e+00,3.245453731713915317e+02,7.668482890356061432e+01,-1.337802237205592215e+00,1.338164062500000000e+03,-8.863276261122422284e+01
3.664999999999950298e+00,3.247370625443734866e+02,7.664456876419266962e+01,-1.838979014799601686e+00,1.839375000000000000e+03,-8.882671498125969833e+01
3.667499999999950244e+00,3.249286509379970767e+02,7.660370702797779074e+01,-1.456394382569843327e+00,1.455937500000000000e+03,-8.906403880976755261e+01
3.669999999999950191e+00,3.251201368224030830e+02,7.656219880148120183e+01,-1.278117370901990624e+00,1.277929687500000000e+03,-8.925317837190436876e+01
3.672499999999950138e+00,3.253115185564856802e+02,7.652000085068291924e+01,-1.416318276677748456e+00,1.416445312500000000e+03,-8.942718270884542164e+01
3.674999999999950084e+00,3.255027943920615598e+02,7.647707187903250770e+01,-1.599224465014919438e+00,1.599375000000000000e+03,-8.962269327229455484e+01
3.677499999999950031e+00,3.256939624789004597e+02,7.643337286472394965e+01,-1.377808284967187324e+00,1.377539062500000000e+03,-8.983152988743556477e+01
3.679999999999949978e+00,3.258850208706145963e+02,7.638886731323110268e+01,-1.817635605003562693e+00,1.818046875000000000e+03,-9.003027065558178776e+01
3.682499999999949925e+00,3.260759675309786303e+02,7.634352112260380352e+01,-1.614373652941694326e+00,1.614140625000000227e+03,-9.027149323966402505e+01
3.684999999999949871e+00,3.262668003399862755e+02,7.629730300249599395e+01,-1.525943099995330732e+00,1.525781250000000227e+03,-9.048746424956998169e+01
3.687499999999949818e+00,3.264575171009483938e+02,7.625018420772200045e+01,-9.718136492378139923e-01,9.712500000000001137e+02,-9.067584511534536773e+01
3.689999999999949765e+00,3.266481155467762392e+02,7.620213860865595734e+01,-1.447184962113439388e+00,1.447617187500000000e+03,-9.081839070060605934e+01
3.692499999999949711e+00,3.268385933464024902e+02,7.615314230900195014e+01,-1.347814523911071261e+00,1.347656250000000227e+03,-9.101084984667366484e+01
3.694999999999949658e+00,3.270289481104304059e+02,7.610317421976606056e+01,-1.837167724585840878e+00,1.837617187500000000e+03,-9.120845927567842182e+01
3.697499999999949605e+00,3.272191773982714267e+02,7.605221577434105029e+01,-1.481759437777018462e+00,1.481367187500000000e+03,-9.144917002073482593e+01
3.699999999999949551e+00,3.274092787244729834e+02,7.600025131707724313e+01,-1.110270816219012691e+00,1.109882812500000227e+03,-9.163860112634256438e+01
3.702499999999949498e+00,3.275992495954066044e+02,7.594775737006671079e+01,-8.325164719040092365e-01,8.321484375000000000e+02,-9.177805842572570327e+01
3.704999999999949445e+00,3.277890892081512106e+02,7.589522772610747836e+01,-3.428341232829293928e-01,3.423046875000000000e+02,-9.187112729996651694e+01
3.707499999999949392e+00,3.279787974805485078e+02,7.584267477503298949e+01,-4.959023142609793044e-01,4.960546874999999432e+02,-9.191516245711007116e+01
3.709999999999949338e+00,3.281683743611866362e+02,7.579011043575178519e+01,-1.352014721785556595e-01,1.347656250000000284e+02,-9.196490793843521772e+01
3.712499999999949285e+00,3.283578198282984886e+02,7.573754656132196317e+01,2.253944112007185696e-01,-2.257031250000000000e+02,-9.196339569890029964e+01
3.714999999999949232e+00,3.285471338896712723e+02,7.568499469175638694e+01,5.774924746180999380e-01,-5.777343750000000000e+02,-9.191090302774162524e+01
3.717499999999949178e+00,3.287363165817462232e+02,7.563246601808020841e+01,8.674527941344649662e-01,-8.676562499999998863e+02,-9.181046103957818616e+01
3.719999999999949125e+00,3.289253679687171257e+02,7.557997133748101248e+01,5.669733797366605099e-01,-5.666015625000001137e+02,-9.168816128917781327e+01
3.722499999999949072e+00,3.291142881415336205e+02,7.552752105265321347e+01,7.729995453899347613e-01,-7.732031250000000000e+02,-9.159311655809565877e+01
3.724999999999949019e+00,3.293030772170504292e+02,7.547512557046087522e+01,3.411019101659803487e-01,-3.406640625000000000e+02,-9.148975682004208920e+01
3.727499999999948965e+00,3.294917353380817531e+02,7.542279503787102612e+01,4.932297040271778066e-01,-4.933593749999999432e+02,-9.142991754561110440e+01
3.729999999999948912e+00,3.296802626727704251e+02,7.537053972071210239e+01,1.067489825401650716e-01,-1.062890625000000000e+02,-9.136620209832030071e+01
3.732499999999948859e+00,3.298686594149005487e+02,7.531836966071283257e+01,-3.873949184450127814e-01,3.877734375000000000e+02,-9.136185260935197050e+01
3.734999999999948805e+00,3.300569257832884773e+02,7.526629493545556215e+01,-1.492417562776675033e-01,1.489453125000000000e+02,-9.140507620649357534e+01
3.737499999999948752e+00,3.302450620220276960e+02,7.521432578475814523e+01,1.087616171481904925e-01,-1.089843750000000000e+02,-9.141375202477723860e+01
3.739999999999948699e+00,3.304330684008181720e+02,7.516247222526651228e+01,-3.764921871659355213e-01,3.768750000000000568e+02,-9.140991288491892419e+01
3.742499999999948646e+00,3.306209452141803240e+02,7.511074388479549668e+01,-2.282129614923805450e-01,2.280468749999999716e+02,-9.145533740160574609e+01
3.744999999999948592e+00,3.308086927805889559e+02,7.505915040110632219e+01,-6.017444315469363536e-01,6.021093750000000000e+02,-9.149677855507955826e+01
3.747499999999948539e+00,3.309963114425578965e+02,7.500770112334421924e+01,-1.036259919848405486e+00,1.036640625000000000e+03,-9.159398873914247474e+01
3.749999999999948486e+00,3.311838015658616996e+02,7.495640535293821927e+01,-1.360345041781640951e+00,1.360664062500000000e+03,-9.175010759181172659e+01
3.752499999999948432e+00,3.313711635255428973e+02,7.490504694087074711e+01,-1.823392827336924871e+00,1.823789062500000000e+03,-9.195733496659779860e+01
3.754999999999948379e+00,3.315583969290028108e+02,7.485340885039686043e+01,-1.582944666025610569e+00,1.582617187500000000e+03,-9.220823753388616240e+01
3.757499999999948326e+00,3.317455010815631340e+02,7.480149934702012615e+01,-1.247720173183949566e+00,1.247343750000000000e+03,-9.242172869882675457e+01
3.759999999999948272e+00,3.319324753095014557e+02,7.474932699178280870e+01,-1.114173974240145082e+00,1.113984375000000000e+03,-9.259386196511664480e+01
3.762499999999948219e+00,3.321193189605859857e+02,7.469690046836228703e+01,-8.159662993765914862e-01,8.156250000000000000e+02,-9.274168289576094537e+01
3.764999999999948166e+00,3.323060314043598282e+02,7.464422862446555484e+01,-3.103440531521910462e-01,3.097265625000000000e+02,-9.284023140902920090e+01
3.767499999999948113e+00,3.324926120325681609e+02,7.459132039689843907e+01,-6.896547066274897331e-01,6.900000000000000000e+02,-9.289522265618764152e+01
3.769999999999948059e+00,3.326790602592686810e+02,7.453818461084348712e+01,-9.249030866403237239e-01,9.250781250000000000e+02,-9.300008061401247517e+01
3.772499999999948006e+00,3.328653755206287315e+02,7.448483043830191264e+01,-1.116326225178508880e+00,1.116445312500000227e+03,-9.313738226517229180e+01
3.774999999999947953e+00,3.330515572759811107e+02,7.443126741911375177e+01,-8.037450679762907502e-01,8.033203125000000000e+02,-9.328591501283807474e+01
3.777499999999947899e+00,3.332376050087542012e+02,7.437750550036612651e+01,-3.044246843930961677e-01,3.038671875000000000e+02,-9.338375617371444548e+01
3.779999999999947846e+00,3.334235182273904456e+02,7.432355472422682396e+01,-7.090813931359005728e-01,7.094531250000000000e+02,-9.343950463908420545e+01
3.782499999999947793e+00,3.336092964653760760e+02,7.426942496680337058e+01,-7.869290847366960939e-01,7.869140625000000000e+02,-9.354279209507529913e+01
3.784999999999947740e+00,3.337949392809039750e+02,7.421512640480762002e+01,-3.265220872536070407e-01,3.260156250000000000e+02,-9.363991873278990852e+01
3.787499999999947686e+00,3.339804462578130710e+02,7.416066946587493192e+01,-5.972499600546365972e-01,5.974218750000000000e+02,-9.369489694402054170e+01
3.789999999999947633e+00,3.341658170060472912e+02,7.410606447312389378e+01,-9.967048421013150472e-01,9.970312500000000000e+02,-9.379295682990601790e+01
3.792499999999947580e+00,3.343510511613423546e+02,7.405132194313823391e+01,-1.457971422803774564e+00,1.458398437499999773e+03,-9.395031930729894043e+01
3.794999999999947526e+00,3.345361483858831093e+02,7.399645271064919427e+01,-1.275653533606087464e+00,1.275468750000000000e+03,-9.415297011223513834e+01
3.797499999999947473e+00,3.347211083691972249e+02,7.394146806810661587e+01,-1.378538026107706482e+00,1.378593750000000000e+03,-9.433879386761074670e+01
3.799999999999947420e+00,3.349059308291973025e+02,7.388637937483957785e+01,-1.772285673205520773e+00,1.772578125000000227e+03,-9.454882445174267502e+01
3.802499999999947367e+00,3.350906155059535081e+02,7.383109780721117943e+01,-1.955143061729147202e+00,1.955273437500000000e+03,-9.480845121683599075e+01
3.804999999999947313e+00,3.352751618166529397e+02,7.377553486476971045e+01,-1.712726307808734028e+00,1.712460937500000000e+03,-9.508050974651524712e+01
3.807499999999947260e+00,3.354595690646139587e+02,7.371970266823976203e+01,-2.153032861777997464e+00,2.153437500000000455e+03,-9.533998485077077589e+01
3.809999999999947207e+00,3.356438365836210096e+02,7.366361349592887109e+01,-2.160186155513835082e+00,2.160117187500000000e+03,-9.564850998528483217e+01
3.812499999999947153e+00,3.358279637383197951e+02,7.360728011834206086e+01,-2.111828434273589128e+00,2.111718750000000000e+03,-9.595627326776849486e+01
3.814999999999947100e+00,3.360119499255254709e+02,7.355071559466175302e+01,-2.419407041001963687e+00,2.419687500000000455e+03,-9.626865666465091920e+01
3.817499999999947047e+00,3.361957945748299039e+02,7.349393318397666519e+01,-2.830911285091687102e+00,2.831250000000000455e+03,-9.662848004287675963e+01
3.819999999999946994e+00,3.363794971491033721e+02,7.343694648908888212e+01,-3.121815587168892403e+00,3.121992187499999545e+03,-9.704335760074999939e+01
3.822499999999946940e+00,3.365630571454635742e+02,7.337976956328799361e+01,-3.466546765748456327e+00,3.466875000000000000e+03,-9.750167411462820155e+01
3.824999999999946887e+00,3.367464740964146586e+02,7.332241685929767527e+01,-3.730070530204030455e+00,3.730312500000000000e+03,-9.800677944694379562e+01
3.827499999999946834e+00,3.369297475708164598e+02,7.326490323745773026e+01,-3.286629066814488187e+00,3.286171875000000000e+03,-9.852678514670056131e+01
3.829999999999946780e+00,3.371128771749258135e+02,7.320724394475168140e+01,-2.874132052073379739e+00,2.873671875000000000e+03,-9.898433807676011043e+01
3.832499999999946727e+00,3.372958625532091901e+02,7.314945415148179109e+01,-2.860950968731178268e+00,2.860898437499999545e+03,-9.939581065039642738e+01
3.834999999999946674e+00,3.374787033879314890e+02,7.309154880344109984e+01,-2.949216063492734019e+00,2.949257812499999545e+03,-9.980876319389423657e+01
3.837499999999946620e+00,3.376613993986164814e+02,7.303354278512853170e+01,-2.447660428533318999e+00,2.447109375000000000e+03,-1.002153395092173724e+02
3.839999999999946567e+00,3.378439503420383403e+02,7.297545106600770737e+01,-2.837485099150862222e+00,2.837812500000000000e+03,-1.005790328718936166e+02
3.842499999999946514e+00,3.380263560123241291e+02,7.291728830391596716e+01,-3.085240980194858817e+00,3.085429687500000455e+03,-1.009940745915017573e+02
3.844999999999946461e+00,3.382086162401706702e+02,7.285906930087809030e+01,-3.214359864144505252e+00,3.214453125000000455e+03,-1.014408921872315119e+02
3.847499999999946407e+00,3.383907308933840454e+02,7.280080899346685896e+01,-3.340876942659071425e+00,3.340898437500000000e+03,-1.019062684330269093e+02
3.849999999999946354e+00,3.385726998771932017e+02,7.274252241017236997e+01,-2.811734711312534163e+00,2.811093750000000000e+03,-1.023686995528955350e+02
3.852499999999946301e+00,3.387545231657899194e+02,7.268471215860390089e+01,-3.179622355495914210e+00,3.179882812500000455e+03,-1.027845056390916767e+02
3.854999999999946247e+00,3.389362024761225030e+02,7.262786776568910341e+01,-3.508176542421073574e+00,3.508476562500000000e+03,-1.032519219947065068e+02
3.857499999999946194e+00,3.391177402204854161e+02,7.257198453305724684e+01,-3.890176607078883464e+00,3.890507812500000455e+03,-1.037683546440109268e+02
3.859999999999946141e+00,3.392991387987423195e+02,7.251705653310058608e+01,-4.233920895233842963e+00,4.234218750000000000e+03,-1.043385414945144447e+02
3.862499999999946088e+00,3.394804005952839248e+02,7.246307669301961596e+01,-4.597635036997293589e+00,4.597968750000000909e+03,-1.049589409107978639e+02
3.864999999999946034e+00,3.396615279761635975e+02,7.241003676031154157e+01,-4.949573667623526241e+00,4.949882812500000000e+03,-1.056314521757827691e+02
3.867499999999945981e+00,3.398425232861320637e+02,7.235792729884971664e+01,-5.297765602387521255e+00,5.298046875000000909e+03,-1.063547219761989595e+02
3.869999999999945928e+00,3.400233888456765499e+02,7.230673766881773190e+01,-5.627779594556438170e+00,5.628046875000000909e+03,-1.071278301448292893e+02
3.872499999999945874e+00,3.402041269479975085e+02,7.225645601247204297e+01,-5.840870821179712458e+00,5.840976562500000000e+03,-1.079450625455068149e+02
3.874999999999945821e+00,3.403847398559607882e+02,7.220706923979260239e+01,-5.241196272349174734e+00,5.240507812500000000e+03,-1.087671729404423360e+02
3.877499999999945768e+00,3.405652297990195621e+02,7.215856300672399470e+01,-5.280530036916518455e+00,5.280468750000000000e+03,-1.095245701941326786e+02
3.879999999999945715e+00,3.407455989699235488e+02,7.211092129419525065e+01,-5.562355498280565413e+00,5.562539062500000000e+03,-1.102961003729122922e+02
3.882499999999945661e+00,3.409258495204502992e+02,7.206412662667540303e+01,-5.288582572751984401e+00,5.288203124999999091e+03,-1.110907565869676006e+02
3.884999999999945608e+00,3.411059835579347350e+02,7.201816025977736047e+01,-5.598782558390322350e+00,5.598984375000000909e+03,-1.118657278093992602e+02
3.887499999999945555e+00,3.412860031420923974e+02,7.197300200613544519e+01,-5.617626462976303969e+00,5.617617187500000000e+03,-1.126765454181064001e+02
3.889999999999945501e+00,3.414659102814142670e+02,7.192863048551083693e+01,-5.770739139354703617e+00,5.770781250000000909e+03,-1.134952108955578183e+02
3.892499999999945448e+00,3.416457069302559262e+02,7.188502306973782652e+01,-5.542580740759255775e+00,5.542265625000000909e+03,-1.143243306411492313e+02
3.894999999999945395e+00,3.418253949857371481e+02,7.184215600431130611e+01,-5.117532721709942223e+00,5.116992187500000909e+03,-1.151150473888146166e+02
3.897499999999945342e+00,3.420049762849354238e+02,7.180000433541077598e+01,-4.529157951289160877e+00,4.528476562500000000e+03,-1.158400305319973285e+02
3.899999999999945288e+00,3.421844526018588226e+02,7.175854191244074798e+01,-4.646447821854021498e+00,4.646484375000000000e+03,-1.165038992356817573e+02
3.902499999999945235e+00,3.423638256170391401e+02,7.171732759705078308e+01,-4.796077469820591688e+00,4.796132812500000000e+03,-1.171863245539161937e+02
3.904999999999945182e+00,3.425430954982180083e+02,7.167594221640490559e+01,-4.255053974033780051e+00,4.254492187500000909e+03,-1.178684285680310211e+02
3.907499999999945128e+00,3.427222618208429594e+02,7.163439136508482363e+01,-4.581891574337935147e+00,4.582148437500000000e+03,-1.185014957991540427e+02
3.909999999999945075e+00,3.429013241744173115e+02,7.159268064160102085e+01,-4.937542723607181827e+00,4.937812500000000000e+03,-1.191832335842267270e+02
3.912499999999945022e+00,3.430802821624814669e+02,7.155081586131690585e+01,-5.277145440906521934e+00,5.277421875000000000e+03,-1.199164416590719213e+02
3.914999999999944968e+00,3.432591354032583126e+02,7.150880308912394412e+01,-5.544267496314301269e+00,5.544492187500000909e+03,-1.206970822617928718e+02
3.917499999999944915e+00,3.434378835302892412e+02,7.146664865314249937e+01,-5.139750957479356508e+00,5.139257812500000000e+03,-1.214952260139095301e+02
3.919999999999944862e+00,3.436165261930867700e+02,7.142435911972293638e+01,-4.556931123306570797e+00,4.556249999999999091e+03,-1.222300111860892144e+02
3.922499999999944809e+00,3.437950630576541471e+02,7.138194107797424692e+01,-4.833687111336221420e+00,4.833867187500000000e+03,-1.229094791503750344e+02
3.924999999999944755e+00,3.439734938064178777e+02,7.133940100719264876e+01,-4.513987827500095307e+00,4.513593749999999091e+03,-1.236101649123619950e+02
3.927499999999944702e+00,3.441518181379935868e+02,7.129674548750155338e+01,-4.514658589144405987e+00,4.514648437500000000e+03,-1.242758515163632183e+02
3.929999999999944649e+00,3.443300357674806378e+02,7.125398107440842921e+01,-4.523413573913466657e+00,4.523320312500000000e+03,-1.249425980086492842e+02
3.932499999999944595e+00,3.445081464263688531e+02,7.121111436376176584e+01,-4.597552942156280409e+00,4.597617187500000000e+03,-1.256134533539488558e+02
3.934999999999944542e+00,3.446861498626560660e+02,7.116815198279866195e+01,-4.942692723138922162e+00,4.942968750000000909e+03,-1.263046272379171029e+02
3.937499999999944489e+00,3.448640458409284406e+02,7.112510059865957146e+01,-5.279282816396873024e+00,5.279531249999999091e+03,-1.270462514635880211e+02
3.939999999999944436e+00,3.450418341424772848e+02,7.108196696777991974e+01,-5.547340297104612183e+00,5.547539062500000000e+03,-1.278352322632881339e+02
3.942499999999944382e+00,3.452195145655385886e+02,7.103875792907403763e+01,-5.170803743576938949e+00,5.170312500000000000e+03,-1.286428504616262671e+02
3.944999999999944329e+00,3.453970869254939089e+02,7.099548038470288702e+01,-4.701156630826030636e+00,4.700625000000000909e+03,-1.293937539915771708e+02
3.947499999999944276e+00,3.455745510549740516e+02,7.095214115550153622e+01,-4.429784217300263727e+00,4.429453125000000000e+03,-1.300838605757886626e+02
3.949999999999944222e+00,3.457519068035900887e+02,7.090874693127786088e+01,-3.897469286335469185e+00,3.896835937500000455e+03,-1.307267342991077328e+02
3.952499999999944169e+00,3.459291540411640540e+02,7.086536037362030527e+01,-4.209283513929475085e+00,4.209492187500000000e+03,-1.313206733988664610e+02
3.954999999999944116e+00,3.461062928502843761e+02,7.082204310291268712e+01,-4.533247885471644700e+00,4.533515625000000909e+03,-1.319607996834410244e+02
3.957499999999944063e+00,3.462833234070467938e+02,7.077880014953875332e+01,-4.675441888000817947e+00,4.675546875000000000e+03,-1.326425770935348396e+02
3.959999999999944009e+00,3.464602459000470844e+02,7.073563640450788625e+01,-4.600022636542304255e+00,4.599843750000000000e+03,-1.333384888071406067e+02
3.962499999999943956e+00,3.466370605300295438e+02,7.069255659886559329e+01,-4.935219077282048339e+00,4.935468750000000000e+03,-1.340375686123139474e+02
3.964999999999943903e+00,3.468137675094579890e+02,7.064956525933210685e+01,-5.254249493578834418e+00,5.254453125000000000e+03,-1.347854437282378797e+02
3.967499999999943849e+00,3.469903670620028038e+02,7.060666673287715867e+01,-5.384525292518524964e+00,5.384648437499999091e+03,-1.355741636013753180e+02
3.969999999999943796e+00,3.471668594220998898e+02,7.056386517677032089e+01,-5.376391981379667229e+00,5.376328124999999091e+03,-1.363779949041837369e+02
3.972499999999943743e+00,3.473432448344635759e+02,7.052116453184078182e+01,-5.429700411539355898e+00,5.429648437500000000e+03,-1.371833817982617347e+02
3.974999999999943689e+00,3.475195235535297797e+02,7.047856849999362794e+01,-5.080184039816281860e+00,5.079726562500000909e+03,-1.379839603383629765e+02
3.977499999999943636e+00,3.476956958428519329e+02,7.043608053928963386e+01,-4.674526844021608341e+00,4.674023437500000000e+03,-1.387324805503176322e+02
3.979999999999943583e+00,3.478717619744845138e+02,7.039370385149999265e+01,-4.611012054751764566e+00,4.610859375000000909e+03,-1.394337564514565599e+02
3.982499999999943530e+00,3.480477222283435026e+02,7.035144139464141233e+01,-4.919864271588531679e+00,4.920117187500000909e+03,-1.401384721234766175e+02
3.984999999999943476e+00,3.482235768916081042e+02,7.030929589877663943e+01,-5.191052733468050739e+00,5.191289062500000000e+03,-1.408873034493516343e+02
3.987499999999943423e+00,3.483993262581565773e+02,7.026726986632323246e+01,-4.854798106773106525e+00,4.854375000000000000e+03,-1.416560421712958657e+02
3.989999999999943370e+00,3.485749706279885345e+02,7.022536555495949528e+01,-4.696987845123020477e+00,4.696757812500000000e+03,-1.423821155916805310e+02
3.992499999999943316e+00,3.487505103066113747e+02,7.018358499423011665e+01,-4.458223348232932537e+00,4.457929687500000000e+03,-1.430828675229307407e+02
3.994999999999943263e+00,3.489259456044784997e+02,7.014192999093543790e+01,-4.055380772866357120e+00,4.054921875000000455e+03,-1.437437077152441134e+02
3.997499999999943210e+00,3.491012768364404906e+02,7.010040214671860781e+01,-3.517176249648474418e+00,3.516562500000000000e+03,-1.443416187359572120e+02
3.999999999999943157e+00,3.492765043212415321e+02,7.005900288539899634e+01,-3.875771329675257171e+00,3.876093750000000000e+03,-1.448907778116231384e+02
4.002499999999943547e+00,3.494516283923455262e+02,7.001790281926852799e+01,-4.226285966308683584e+00,4.226601562500000000e+03,-1.454918446452937815e+02
4.004999999999943938e+00,3.496266499770468954e+02,6.997726291636419660e+01,-4.570239735369098000e+00,4.570546875000000000e+03,-1.461436904051111867e+02
4.007499999999944329e+00,3.498015702183608937e+02,6.993706992043773596e+01,-4.881494106606556471e+00,4.881796875000000000e+03,-1.468444959776573455e+02
4.009999999999944720e+00,3.499763902259293218e+02,6.989731017234804256e+01,-4.931607667003038209e+00,4.931601562500000909e+03,-1.475819840312903182e+02
4.012499999999945111e+00,3.501511110750209355e+02,6.985796962628647577e+01,-5.236873050994319101e+00,5.237109375000000909e+03,-1.483351278522398786e+02
4.014999999999945501e+00,3.503257338055879586e+02,6.981903390426434441e+01,-5.244356186146089449e+00,5.244257812500000909e+03,-1.491228176636144553e+02
4.017499999999945892e+00,3.505002594214482770e+02,6.978048828864119457e+01,-5.303367979624057149e+00,5.303320312500000909e+03,-1.499132081024528418e+02
4.019999999999946283e+00,3.506746888894479071e+02,6.974231777821181311e+01,-5.619316698305132363e+00,5.619609375000000909e+03,-1.507204933469378716e+02
4.022499999999946674e+00,3.508490231387799554e+02,6.970450711494034124e+01,-5.770041559914900198e+00,5.770078125000000909e+03,-1.515681069906490279e+02
4.024999999999947065e+00,3.510232630603450730e+02,6.966704077165211118e+01,-5.556819878911316124e+00,5.556562500000000000e+03,-1.524254740290092798e+02
4.027499999999947455e+00,3.511974095060760988e+02,6.962990298176896431e+01,-5.249763663584317896e+00,5.249414062500000000e+03,-1.532485351142844650e+02
4.029999999999947846e+00,3.513714632883745139e+02,6.959307781944362148e+01,-5.343889242082776825e+00,5.343867187500000000e+03,-1.540398554426680278e+02
4.032499999999948237e+00,3.515454251797635266e+02,6.955654926654045767e+01,-5.586104935297454332e+00,5.586328125000000000e+03,-1.548493341830765644e+02
4.034999999999948628e+00,3.517192959126689971e+02,6.952030119034790800e+01,-5.503513089142877845e+00,5.503359375000000000e+03,-1.556829054165051787e+02
4.037499999999949019e+00,3.518930761791091300e+02,6.948431732379525272e+01,-4.942966883715143034e+00,4.942382812500000000e+03,-1.564883555939031226e+02
4.039999999999949409e+00,3.520667666303648389e+02,6.944858132076141999e+01,-5.265376830262604280e+00,5.265585937500000000e+03,-1.572409386477192186e+02
4.042499999999949800e+00,3.522403678768533268e+02,6.941307689092320743e+01,-5.457603884170254105e+00,5.457773437500000000e+03,-1.580354635644487473e+02
4.044999999999950191e+00,3.524138804882800855e+02,6.937778770088939950e+01,-4.954672567973536168e+00,4.954101562500000000e+03,-1.588344879429195942e+02
4.047499999999950582e+00,3.525873049934811547e+02,6.934269738051058596e+01,-5.279180255787069065e+00,5.279414062500000000e+03,-1.595871162267348780e+02
4.049999999999950973e+00,3.527606418803883912e+02,6.930778967092251719e+01,-5.535735174718457330e+00,5.535937500000000000e+03,-1.603838741235481962e+02
4.052499999999951363e+00,3.529338916004310818e+02,6.927309955149429754e+01,-5.097560811369354461e+00,5.097070312500000000e+03,-1.611943542653668544e+02
4.054999999999951754e+00,3.531070547399653492e+02,6.923864953110820863e+01,-4.605672864841147351e+00,4.605117187500000000e+03,-1.619389192554398278e+02
4.057499999999952145e+00,3.532801318794712415e+02,6.920440476112693773e+01,-4.924533704096048403e+00,4.924804687500000000e+03,-1.626380704050947656e+02
4.059999999999952536e+00,3.534531235123807846e+02,6.917033078912560029e+01,-5.209474700827342986e+00,5.209687500000000000e+03,-1.633814479240794810e+02
4.062499999999952927e+00,3.536260300463893032e+02,6.913639454946256535e+01,-5.007589991973245169e+00,5.007304687500000909e+03,-1.641492759060124058e+02
4.064999999999953317e+00,3.537988518079170603e+02,6.910256620154160601e+01,-5.129507076326802029e+00,5.129531250000000000e+03,-1.648976072773606063e+02
4.067499999999953708e+00,3.539715890511092766e+02,6.906881957730645638e+01,-4.565005930666210077e+00,4.564335937500000000e+03,-1.656402096705083409e+02
4.069999999999954099e+00,3.541442419663409282e+02,6.903513077955281574e+01,-4.857849375594923913e+00,4.858125000000000000e+03,-1.663283399464767740e+02
4.072499999999954490e+00,3.543168106851313155e+02,6.900147728909036005e+01,-4.728972816575653049e+00,4.728750000000000000e+03,-1.670440455503450323e+02
4.074999999999954881e+00,3.544892952833243953e+02,6.896783759018201465e+01,-4.283202907507791757e+00,4.282734375000000000e+03,-1.677298816500970702e+02
4.077499999999955271e+00,3.546616957835111634e+02,6.893419112173839380e+01,-4.451680367191301002e+00,4.451835937500000000e+03,-1.683705222198818205e+02
4.079999999999955662e+00,3.548340121574235582e+02,6.890051828819667890e+01,-4.014895900687595720e+00,4.014375000000000000e+03,-1.690148177443637678e+02
4.082499999999956053e+00,3.550062443283432003e+02,6.886680042871756768e+01,-3.557782801656767635e+00,3.557226562500000000e+03,-1.695946096925497102e+02
4.084999999999956444e+00,3.551783921734362366e+02,6.883301984667650686e+01,-3.776575628061502599e+00,3.776718750000000455e+03,-1.701296929689394517e+02
4.087499999999956835e+00,3.553504555261776545e+02,6.879915981244202783e+01,-3.661843222519700625e+00,3.661640625000000909e+03,-1.706845814258144856e+02
4.089999999999957225e+00,3.555224341787596813e+02,6.876520454451711828e+01,-3.182173042491425186e+00,3.181640625000000000e+03,-1.712102478698592734e+02
4.092499999999957616e+00,3.556943278844591418e+02,6.873113921839924956e+01,-3.487614001324068180e+00,3.487851562500000455e+03,-1.716916163710665444e+02
4.094999999999958007e+00,3.558661363600360801e+02,6.869694996862547498e+01,-3.819873773716104370e+00,3.820195312500000000e+03,-1.722170052379561866e+02
4.097499999999958398e+00,3.560378592881277200e+02,6.866262388615432144e+01,-4.019059397499676223e+00,4.019179687500000000e+03,-1.727850557615526839e+02
4.099999999999958789e+00,3.562094963196422555e+02,6.862814902846220377e+01,-3.539847008053646160e+00,3.539296875000000000e+03,-1.733589020367413696e+02
4.102499999999959179e+00,3.563810470768098071e+02,6.859352830016624125e+01,-3.847036500612531107e+00,3.847265625000000000e+03,-1.738886713907159560e+02
4.104999999999959570e+00,3.565525112047724861e+02,6.855876875116668145e+01,-4.169378079565087880e+00,4.169648437500000000e+03,-1.744623226825445386e+02
4.107499999999959961e+00,3.567238883537295351e+02,6.852386569754109757e+01,-4.292929785511308438e+00,4.293046875000000000e+03,-1.750750683256630964e+02
4.109999999999960352e+00,3.568951781623891861e+02,6.848881484512388340e+01,-4.395082752024355166e+00,4.395117187500000000e+03,-1.757041172424537763e+02
4.112499999999960743e+00,3.570663802589472198e+02,6.845361228817434096e+01,-3.861489049121108241e+00,3.860859375000000455e+03,-1.763264625941353358e+02
4.114999999999961133e+00,3.572374942620568277e+02,6.841825451266808500e+01,-4.211587136546308230e+00,4.211835937500000000e+03,-1.769002108310979509e+02
4.117499999999961524e+00,3.574085197817938138e+02,6.838273834958164343e+01,-4.536787259853634069e+00,4.537031250000000909e+03,-1.775227143172186288e+02
4.119999999999961915e+00,3.575794564205138499e+02,6.834706101481073404e+01,-4.699450252205854106e+00,4.699570312500000909e+03,-1.781859229909732392e+02
4.122499999999962306e+00,3.577503037738348439e+02,6.831122011870715482e+01,-4.441766078326384815e+00,4.441406250000000000e+03,-1.788581587386272247e+02
4.124999999999962697e+00,3.579210614316288002e+02,6.827521366702943340e+01,-3.960167283529238968e+00,3.959648437500000455e+03,-1.794855361616963876e+02
4.127499999999963087e+00,3.580917289789973665e+02,6.823904002457189222e+01,-3.871478652640962803e+00,3.871289062500000000e+03,1.799439967642748002e+02
4.129999999999963478e+00,3.582623059971414818e+02,6.820269787178249032e+01,-4.225169194606147371e+00,4.225429687500000000e+03,1.793724637313216874e+02
4.132499999999963869e+00,3.584327920641388801e+02,6.816618621459930694e+01,-4.569094389353169028e+00,4.569375000000000909e+03,1.787511008372839569e+02
4.134999999999964260e+00,3.586031867557782675e+02,6.812950442782660332e+01,-4.877853629505495725e+00,4.878046875000000000e+03,1.780821385946276791e+02
4.137499999999964650e+00,3.587734896465022416e+02,6.809265227037386126e+01,-4.902772325290745137e+00,4.902773437500000000e+03,1.773786797618893445e+02
4.139999999999965041e+00,3.589437003103737993e+02,6.805562989234786642e+01,-5.090024244712170187e+00,5.090156250000000000e+03,1.766669285230981643e+02
4.142499999999965432e+00,3.591138183220422775e+02,6.801843779684274693e+01,-4.635445548900356094e+00,4.634882812500000000e+03,1.759496680750875726e+02
4.144999999999965823e+00,3.592838432576197079e+02,6.798107685624455598e+01,-4.841499494440800966e+00,4.841601562500000000e+03,1.752766190517332063e+02
4.147499999999966214e+00,3.594537746955778630e+02,6.794354820989309474e+01,-4.592553285438000010e+00,4.592226562500000000e+03,1.745892574248920255e+02
4.149999999999966604e+00,3.596236122174025809e+02,6.790585333279179281e+01,-4.926866642271425789e+00,4.927148437500000000e+03,1.739191031205057811e+02
4.152499999999966995e+00,3.597933554082610499e+02,6.786799110886848041e+01,-5.219146279249684994e+00,5.219414062500000000e+03,1.732028474200274104e+02
4.154999999999967386e+00,3.599630038478034066e+02,6.782996070850998649e+01,-5.096343441494765258e+00,5.096132812500000000e+03,1.724585906606754122e+02
4.157499999999967777e+00,3.601325571168367787e+02,6.779176450339348037e+01,-4.617717452538943945e+00,4.617187499999999091e+03,1.717438485694181054e+02
4.159999999999968168e+00,3.603020148023066440e+02,6.775340519060614497e+01,-4.902418542963472348e+00,4.902656250000000000e+03,1.710732999115302277e+02
4.162499999999968558e+00,3.604713764980438100e+02,6.771488568019199761e+01,-5.087836553333817236e+00,5.087929687500000909e+03,1.703655302874239794e+02
4.164999999999968949e+00,3.606406418052928302e+02,6.767620919800141621e+01,-4.649604844896513711e+00,4.649062500000000000e+03,1.696517353108800137e+02
4.167499999999969340e+00,3.608098103335590849e+02,6.763737930119692976e+01,-4.769354326181885817e+00,4.769414062500000000e+03,1.689829427721190598e+02
4.169999999999969731e+00,3.609788817013926518e+02,6.759839974447992006e+01,-4.227459033105705366e+00,4.226835937500000000e+03,1.683187124753507362e+02
4.172499999999970122e+00,3.611478555368598791e+02,6.755927456371875905e+01,-4.567331453020843313e+00,4.567617187500000909e+03,1.677037979555682625e+02
4.174999999999970512e+00,3.613167314782258472e+02,6.752000790879047543e+01,-4.867082620717899211e+00,4.867265625000000000e+03,1.670417309671761359e+02
4.177499999999970903e+00,3.614855091742306286e+02,6.748060420672119619e+01,-4.813565919113862890e+00,4.813476562500000909e+03,1.663483968764159044e+02
4.179999999999971294e+00,3.616541882848561045e+02,6.744106818523324876e+01,-4.392301075127440946e+00,4.391835937500000000e+03,1.656748638485280196e+02
4.182499999999971685e+00,3.618227684820717514e+02,6.740140481798951555e+01,-3.884104162507425073e+00,3.883593750000000455e+03,1.650647029951150273e+02
4.184999999999972076e+00,3.619912494503828952e+02,6.736161920174737361e+01,-4.218928388943154140e+00,4.219218750000000000e+03,1.645002106630909111e+02
4.187499999999972466e+00,3.621596308870591656e+02,6.732171645567774476e+01,-4.550291639345276806e+00,4.550507812500000000e+03,1.638879991196899937e+02
4.189999999999972857e+00,3.623279125022211815e+02,6.728170190606428491e+01,-4.782981523371075738e+00,4.783125000000000000e+03,1.632316424709743217e+02
4.192499999999973248e+00,3.624960940194505952e+02,6.724158113475910170e+01,-4.258400090377085334e+00,4.257773437500000000e+03,1.625666219551498841e+02
4.194999999999973639e+00,3.626641751764532273e+02,6.720136000214007765e+01,-4.546054816337328219e+00,4.546289062500000000e+03,1.619505903000049898e+02
4.197499999999974030e+00,3.628321557256647338e+02,6.716104439152742600e+01,-4.757326268796053803e+00,4.757460937500000000e+03,1.612959066011119091e+02
4.199999999999974420e+00,3.630000354342673745e+02,6.712064037327986910e+01,-4.234528396876640066e+00,4.233984375000000909e+03,1.606348389227464395e+02
4.202499999999974811e+00,3.631678140849757028e+02,6.708015756886939585e+01,-4.570234450835629403e+00,4.570546875000000000e+03,1.600209803466118785e+02
4.204999999999975202e+00,3.633354914879128614e+02,6.703960539160456733e+01,-4.874514427479003764e+00,4.874765625000000000e+03,1.593600754144483744e+02
4.207499999999975593e+00,3.635030674730646751e+02,6.699898996967384335e+01,-4.877516114895356303e+00,4.877460937500000909e+03,1.586653746696405847e+02
4.209999999999975984e+00,3.636705418858400662e+02,6.695831760420516332e+01,-4.899807694501198796e+00,4.899726562500000000e+03,1.579696802492629786e+02
4.212499999999976374e+00,3.638379145874903884e+02,6.691759470013549560e+01,-5.066119902878411629e+00,5.066250000000000000e+03,1.572661676582500547e+02
4.214999999999976765e+00,3.640051854553192925e+02,6.687682773337405706e+01,-4.768351149671569367e+00,4.768007812500000000e+03,1.565538980893765881e+02
4.217499999999977156e+00,3.641723543828752554e+02,6.683602329481838922e+01,-4.241115969320743417e+00,4.240546875000000000e+03,1.558918389146983259e+02
4.219999999999977547e+00,3.643394212802190850e+02,6.679518794787762204e+01,-4.567877470788198835e+00,4.568203125000000909e+03,1.552777456070284359e+02
4.222499999999977938e+00,3.645063860737395203e+02,6.675432807114273714e+01,-4.863726921740648024e+00,4.863984375000000000e+03,1.546177722015112295e+02
4.224999999999978328e+00,3.646732487057180379e+02,6.671345010078475468e+01,-4.789054833226795260e+00,4.788867187500000909e+03,1.539273728100560561e+02
4.227499999999978719e+00,3.648400091345984606e+02,6.667256059097795173e+01,-4.287036068586205673e+00,4.286484375000000000e+03,1.532615750885298382e+02
4.229999999999979110e+00,3.650066673352733915e+02,6.663166612944459644e+01,-4.429467747206110140e+00,4.429570312500000000e+03,1.526469239187135827e+02
4.232499999999979501e+00,3.651732232990435136e+02,6.659077311170055680e+01,-3.938814641827100171e+00,3.938320312500000000e+03,1.520323732310717446e+02
4.234999999999979892e+00,3.653396770331330004e+02,6.654988793198938879e+01,-4.011998789976329860e+00,4.012031250000000455e+03,1.514699518155961186e+02
4.237499999999980282e+00,3.655060285606908224e+02,6.650901675451591188e+01,-3.596941802327313642e+00,3.596484375000000455e+03,1.509128577388142673e+02
4.239999999999980673e+00,3.656722779201977573e+02,6.646816570501071908e+01,-3.548517470465760493e+00,3.548437500000000000e+03,1.504034359070600431e+02
4.242499999999981064e+00,3.658384251653758383e+02,6.642734068342515741e+01,-3.803952808785826978e+00,3.804140624999999545e+03,1.498910628493404715e+02
4.244999999999981455e+00,3.660044703645838808e+02,6.638654746233589776e+01,-3.896690545642251813e+00,3.896718749999999091e+03,1.493472505425623353e+02
4.247499999999981846e+00,3.661704136005783425e+02,6.634579181153337402e+01,-4.189736998039292892e+00,4.189921875000000909e+03,1.487835739788852436e+02
4.249999999999982236e+00,3.663362549705406082e+02,6.630507946762529059e+01,-4.422361325825397316e+00,4.422539062500000000e+03,1.481797288718852883e+02
4.252499999999982627e+00,3.665019945861544670e+02,6.626441818627000657e+01,-3.923732020041076130e+00,3.923203124999999545e+03,1.475661950316730611e+02
4.254999999999983018e+00,3.666676325803774148e+02,6.622381533334420567e+01,-4.092542921754414031e+00,4.092656250000000455e+03,1.470025648738618997e+02
4.257499999999983409e+00,3.668331691021327856e+02,6.618327578683410195e+01,-3.703028626551342128e+00,3.702539062500000455e+03,1.464327848072856568e+02
4.259999999999983800e+00,3.669986043124162620e+02,6.614280434082417059e+01,-3.223110175644300135e+00,3.222539062500000000e+03,1.459218563257714152e+02
4.262499999999984190e+00,3.671639383841185804e+02,6.610240550787176517e+01,-3.283224154872479872e+00,3.283242187500000000e+03,1.454622677999639677e+02
4.264999999999984581e+00,3.673291715012131817e+02,6.606208343094002089e+01,-2.934683965244273551e+00,2.934257812500000000e+03,1.450072590412314071e+02
4.267499999999984972e+00,3.674943038578676919e+02,6.602184207730809362e+01,-2.542323444402695642e+00,2.541914062500000000e+03,1.446036731893785259e+02
4.269999999999985363e+00,3.676593356580530099e+02,6.598168511913605982e+01,-2.340116799615135967e+00,2.339882812500000000e+03,1.442501842292242031e+02
4.272499999999985754e+00,3.678242671147343685e+02,6.594161588922878536e+01,-2.295542494212867712e+00,2.295468749999999545e+03,1.439205183990896160e+02
4.274999999999986144e+00,3.679890984490157280e+02,6.590163742154418003e+01,-1.964824250167455766e+00,1.964414062500000000e+03,1.436064439096190029e+02
4.277499999999986535e+00,3.681538298894519130e+02,6.586175254505410237e+01,-1.819535202489776848e+00,1.819335937500000227e+03,1.433337206387158744e+02
4.279999999999986926e+00,3.683184616715312814e+02,6.582196378001850690e+01,-1.652216689069186950e+00,1.651992187499999773e+03,1.430824426676939538e+02
4.282499999999987317e+00,3.684829940368765051e+02,6.578227339314356925e+01,-1.841024133068317914e+00,1.841132812500000000e+03,1.428434786320742376e+02
4.284999999999987708e+00,3.686474272326204868e+02,6.574268337237168680e+01,-1.540466974879123097e+00,1.540078125000000000e+03,1.425931583551008259e+02
4.287499999999988098e+00,3.688117615107685197e+02,6.570319560946938964e+01,-1.113907361345155111e+00,1.113398437500000000e+03,1.423899173616763107e+02
4.289999999999988489e+00,3.689759971279698902e+02,6.566381173214152511e+01,-8.742886426889113771e-01,8.739843750000002274e+02,1.422416483735680686e+02
4.292499999999988880e+00,3.691401343447557224e+02,6.562453300757111663e+01,-6.858995859071255197e-01,6.856640625000000000e+02,1.421259020008401990e+02
4.294999999999989271e+00,3.693041734246160672e+02,6.558536037688095632e+01,-9.090164214642417750e-01,9.091406250000000000e+02,1.420236170860666221e+02
4.297499999999989662e+00,3.694681146332077901e+02,6.554629447032625933e+01,-9.627011415169411945e-01,9.626953124999998863e+02,1.418946173156862756e+02
4.299999999999990052e+00,3.696319582376507356e+02,6.550733581382060322e+01,-1.310590253329595445e+00,1.310859375000000000e+03,1.417481754810004588e+02
4.302499999999990443e+00,3.697957045064339923e+02,6.546848786108800766e+01,-1.604830091850035556e+00,1.605117187500000227e+03,1.415533997304153218e+02
4.304999999999990834e+00,3.699593537200680089e+02,6.542975503462945142e+01,-1.475189762350187062e+00,1.475039062500000227e+03,1.413300099380818722e+02
4.307499999999991225e+00,3.701229061674241052e+02,6.539113919909671324e+01,-1.220538793723569437e+00,1.220273437500000000e+03,1.411290879567818024e+02
4.309999999999991616e+00,3.702863621420099207e+02,6.535264207036482276e+01,-9.456381434894358673e-01,9.453515625000001137e+02,1.409651420408301590e+02
4.312499999999992006e+00,3.704497219414961364e+02,6.531426510862873158e+01,-1.221405779838007577e+00,1.221679687500000000e+03,1.408225500022643644e+02
4.314999999999992397e+00,3.706129858670151975e+02,6.527600944118009352e+01,-9.548081096881879670e-01,9.544921875000001137e+02,1.406578211330124759e+02
4.317499999999992788e+00,3.707761542224073423e+02,6.523787612819083392e+01,-1.271327006318201169e+00,1.271601562500000000e+03,1.405121999540458262e+02
4.319999999999993179e+00,3.709392273140749694e+02,6.519986594917214973e+01,-1.334281586341701242e+00,1.334296875000000227e+03,1.403292511877884863e+02
4.322499999999993570e+00,3.711022054502724927e+02,6.516197965034524486e+01,-1.701685557762496748e+00,1.702031250000000000e+03,1.401272337926815510e+02
4.324999999999993960e+00,3.712650889410784885e+02,6.512421784839217764e+01,-2.071803106044282750e+00,2.072109375000000000e+03,1.398723214374927579e+02
4.327499999999994351e+00,3.714278780980802139e+02,6.508658117356826267e+01,-2.437071798911516485e+00,2.437382812500000000e+03,1.395643897828652484e+02
4.329999999999994742e+00,3.715905732344585317e+02,6.504907028954579573e+01,-2.790953425276427424e+00,2.791289062500000000e+03,1.392043626954197748e+02
4.332499999999995133e+00,3.717531746650824402e+02,6.501168590766351940e+01,-3.139973801517069951e+00,3.140273437500000000e+03,1.387936754666019681e+02
4.334999999999995524e+00,3.719156827066240112e+02,6.497442877907376158e+01,-3.475381051925136688e+00,3.475664062500000000e+03,1.383333223208565244e+02
4.337499999999995914e+00,3.720780976776534885e+02,6.493729968786112750e+01,-3.739257136130983650e+00,3.739453125000000000e+03,1.378271425958183158e+02
4.339999999999996305e+00,3.722404198987192672e+02,6.490029944292119524e+01,-3.407964250190273159e+00,3.407578125000000000e+03,1.373023559132934679e+02
4.342499999999996696e+00,3.724026496924157641e+02,6.486342887042366101e+01,-3.257799322950269083e+00,3.257578125000000000e+03,1.368190575706790639e+02
4.344999999999997087e+00,3.725647873833289623e+02,6.482668852151969929e+01,-3.076476426017424437e+00,3.076289062499999545e+03,1.363581698817943675e+02
4.347499999999997478e+00,3.727268332972492999e+02,6.479007868412217874e+01,-3.131309060771152009e+00,3.131250000000000000e+03,1.359154872308236008e+02
4.349999999999997868e+00,3.728887877605177437e+02,6.475359934359845226e+01,-3.449406008091144837e+00,3.449648437500000455e+03,1.354562818395253601e+02
4.352499999999998259e+00,3.730506510959958177e+02,6.471718851243875292e+01,-3.580083865846015456e+00,3.580195312500000000e+03,1.349574810929377406e+02
4.354999999999998650e+00,3.732124234067339899e+02,6.468077643222791551e+01,-3.645776463358947339e+00,3.645820312500000000e+03,1.344419643916091900e+02
4.357499999999999041e+00,3.733741046827128116e+02,6.464435052627318612e+01,-3.295685718915776885e+00,3.295312500000000000e+03,1.339304261587824385e+02
4.359999999999999432e+00,3.735356948819784293e+02,6.460789732335967983e+01,-2.913536097620726739e+00,2.913046875000000000e+03,1.334699675114946160e+02
4.362499999999999822e+00,3.736971939283311599e+02,6.457140223718805316e+01,-2.648787801972364964e+00,2.648437500000000000e+03,1.330603188625431414e+02
4.365000000000000213e+00,3.738586017084334685e+02,6.453484948427366419e+01,-2.298635510192003739e+00,2.298281250000000000e+03,1.326912347271216390e+02
4.367500000000000604e+00,3.740199180688121601e+02,6.449822211724681154e+01,-2.002777833067717062e+00,2.002382812500000000e+03,1.323704114350648240e+02
4.370000000000000995e+00,3.741811428129637420e+02,6.446150200980312661e+01,-2.116118952739885373e+00,2.116171874999999545e+03,1.320785478222122151e+02
4.372500000000001386e+00,3.743422756984005559e+02,6.442466989689397394e+01,-2.345663409180485548e+00,2.345859375000000000e+03,1.317665212887442863e+02
4.375000000000001776e+00,3.745033164338964866e+02,6.438770565224935183e+01,-2.344257082573140138e+00,2.344218750000000455e+03,1.314289548532793788e+02
4.377500000000002167e+00,3.746642646775101184e+02,6.435058853493954700e+01,-2.331901857241883036e+00,2.331796875000000455e+03,1.310918147577549462e+02
4.380000000000002558e+00,3.748251200351363650e+02,6.431329725912581807e+01,-2.237898142522387168e+00,2.237695312500000000e+03,1.307589726665733565e+02
4.382500000000002949e+00,3.749858820591879862e+02,6.427581013989576775e+01,-1.831608937562400286e+00,1.831171875000000000e+03,1.304496318733414455e+02
4.385000000000003340e+00,3.751465502476884808e+02,6.423810523401085959e+01,-1.607850389990108209e+00,1.607578125000000227e+03,1.301925125745254377e+02
4.387500000000003730e+00,3.753071240436546532e+02,6.420016032163974273e+01,-1.502723992186555391e+00,1.502578125000000000e+03,1.299635259813762218e+02
4.390000000000004121e+00,3.754676028344485985e+02,6.416195313072653050e+01,-1.149144532037245092e+00,1.148789062500000000e+03,1.297575969829708242e+02
4.392500000000004512e+00,3.756279859518090234e+02,6.412346159666098799e+01,-7.875388174468845870e-01,7.871484375000000000e+02,1.296025865032319189e+02
4.395000000000004903e+00,3.757882726724614599e+02,6.408466389873021285e+01,-4.386525989521761204e-01,4.382812500000000000e+02,1.294990063669287963e+02
4.397500000000005294e+00,3.759484622187440550e+02,6.404553855549445984e+01,-7.805529559885088231e-02,7.757812500000000000e+01,1.294459900339565763e+02
4.400000000000005684e+00,3.761085537595110964e+02,6.400606452170265470e+01,2.740978185968883651e-01,-2.743359375000000000e+02,1.294443733518605484e+02
4.402500000000006075e+00,3.762685464107314601e+02,6.396621137441427152e+01,6.253349138197371593e-01,-6.256640625000000000e+02,1.294933743872586547e+02
4.405000000000006466e+00,3.764284392023552073e+02,6.392594838362142440e+01,9.681591260095550044e-01,-9.684375000000000000e+02,1.295926939792965982e+02
4.407500000000006857e+00,3.765882310979408771e+02,6.388525497958879384e+01,1.278295505593149306e+00,-1.278515625000000000e+03,1.297404197269531494e+02
4.410000000000007248e+00,3.767479210100620435e+02,6.384411138893919002e+01,1.358119226487054076e+00,-1.358085937500000000e+03,1.299254982852684179e+02
4.412500000000007638e+00,3.769075078023158767e+02,6.380249866990688190e+01,1.680211679731131502e+00,-1.680468750000000000e+03,1.301302515865666578e+02
4.415000000000008029e+00,3.770669902914819431e+02,6.376039891933417181e+01,1.951258717359474648e+00,-1.951523437500000227e+03,1.303801288542350960e+02
4.417500000000008420e+00,3.772263672501541123e+02,6.371779516061084081e+01,1.729625623137381440e+00,-1.729335937500000000e+03,1.306534490590678672e+02
4.420000000000008811e+00,3.773856374089831434e+02,6.367467132529361606e+01,2.024802540895445091e+00,-2.025000000000000227e+03,1.309121272701258647e+02
4.422500000000009202e+00,3.775447994590767848e+02,6.363101263628434623e+01,2.228122259418375162e+00,-2.228320312500000000e+03,1.312110289043444880e+02
4.425000000000009592e+00,3.777038520552825958e+02,6.358680532708051203e+01,1.840313903629486436e+00,-1.839843750000000000e+03,1.315206160010479550e+02
4.427500000000009983e+00,3.778627938185629205e+02,6.354203660935345965e+01,1.564772290494772955e+00,-1.564453125000000227e+03,1.317783184161660586e+02
4.430000000000010374e+00,3.780216233385611986e+02,6.349669507610277464e+01,1.230096148897398933e+00,-1.229648437500000000e+03,1.319947173680572519e+02
4.432500000000010765e+00,3.781803391772244822e+02,6.345077073210490681e+01,1.016857580254936666e+00,-1.016601562499999886e+03,1.321670943134410834e+02
4.435000000000011156e+00,3.783389398723514319e+02,6.340425508317407122e+01,1.305566115613437272e+00,-1.305820312500000227e+03,1.323255890847324281e+02
4.437500000000011546e+00,3.784974239413568853e+02,6.335714108171632830e+01,1.524952451368118744e+00,-1.525078124999999773e+03,1.325245069257737214e+02
4.440000000000011937e+00,3.786557898847405568e+02,6.330942271241305974e+01,1.133351028609000277e+00,-1.132851562500000000e+03,1.327359902282212829e+02
4.442500000000012328e+00,3.788140361884596246e+02,6.326109486093638168e+01,8.210573759049680787e-01,-8.206640624999998863e+02,1.328936674772074582e+02
4.445000000000012719e+00,3.789721613262913706e+02,6.321215372760853057e+01,4.505026533771873121e-01,-4.501171874999999432e+02,1.330044672454872341e+02
4.447500000000013110e+00,3.791301637635546058e+02,6.316259620540137831e+01,8.231797504108778751e-02,-8.191406250000000000e+01,1.330617688721863487e+02
4.450000000000013500e+00,3.792880419569241894e+02,6.311241680745401794e+01,-2.739777408482335641e-01,2.742187500000000568e+02,1.330661241451431351e+02
4.452500000000013891e+00,3.794457943616434932e+02,6.306183284954994406e+01,-6.242259552291860025e-01,6.244921875000000000e+02,1.330189748751863306e+02
4.455000000000014282e+00,3.796034202032490157e+02,6.301106807225659878e+01,-9.662060186245136073e-01,9.664453125000001137e+02,1.329211940988245146e+02
4.457500000000014673e+00,3.797609190318928540e+02,6.296012659598820704e+01,-1.272900175485659702e+00,1.273125000000000000e+03,1.327748059289143328e+02
4.460000000000015064e+00,3.799182904083243102e+02,6.290901305738336902e+01,-1.332480786514196103e+00,1.332539062500000000e+03,1.325919863285767804e+02
4.462500000000015454e+00,3.800755339051813166e+02,6.285773259524170697e+01,-1.643220132419631829e+00,1.643437500000000227e+03,1.323924776944409984e+02
4.465000000000015845e+00,3.802326491081578865e+02,6.280629061523377032e+01,-1.753998446667515587e+00,1.754062500000000000e+03,1.321542865731256029e+02
4.467500000000016236e+00,3.803896356166467854e+02,6.275469294744805637e+01,-1.973248319400766393e+00,1.973437499999999773e+03,1.318965733292959328e+02
4.470000000000016627e+00,3.805464930448181917e+02,6.270294569495975878e+01,-1.899836286600094404e+00,1.899726562500000227e+03,1.316167110427154228e+02
4.472500000000017017e+00,3.807032210222852200e+02,6.265105532581154080e+01,-1.527718020806687393e+00,1.527304687500000000e+03,1.313581320913231991e+02
4.475000000000017408e+00,3.808598191949924967e+02,6.259902845982704633e+01,-1.159435182641372464e+00,1.158984375000000000e+03,1.311549251136985390e+02
4.477500000000017799e+00,3.810162872254287549e+02,6.254687157291198218e+01,-8.054076146952333648e-01,8.049609375000000000e+02,1.310062703825289816e+02
4.480000000000018190e+00,3.811726247921373556e+02,6.249459090095918157e+01,-4.543744051208886692e-01,4.539843750000000568e+02,1.309105432475775785e+02
4.482500000000018581e+00,3.813288315890985132e+02,6.244219241289245304e+01,-1.114204678407191285e-01,1.109765624999999858e+02,1.308672787079788407e+02
4.485000000000018971e+00,3.814849073250643983e+02,6.238968181106683630e+01,2.026685644361496674e-01,-2.029687499999999716e+02,1.308746536932072786e+02
4.487500000000019362e+00,3.816408517228918527e+02,6.233706453305908468e+01,3.245469754825897613e-01,-3.246093750000000000e+02,1.309230502510075667e+02
4.490000000000019753e+00,3.817966645188756729e+02,6.228434575647835203e+01,5.079060341466126172e-01,-5.080078125000000568e+02,1.309925242873032118e+02
4.492500000000020144e+00,3.819523454621540850e+02,6.223153055988245796e+01,3.108557067108529415e-01,-3.105468750000000000e+02,1.310774025861344398e+02
4.495000000000020535e+00,3.821078943144920572e+02,6.217862387859663897e+01,5.549850244384020304e-01,-5.551171875000001137e+02,1.311487100452484071e+02
4.497500000000020925e+00,3.822633108500214689e+02,6.212563085261862028e+01,6.249388741473775877e-01,-6.249609375000000000e+02,1.312515391020986044e+02
4.500000000000021316e+00,3.824185948557740176e+02,6.207255652305369864e+01,9.413319927871169890e-01,-9.416015625000001137e+02,1.313741753002225039e+02
4.502500000000021707e+00,3.825737461470638436e+02,6.201965409512542493e+01,1.138742737933041926e+00,-1.138828125000000227e+03,1.315412248814615737e+02
4.505000000000022098e+00,3.827287654205775880e+02,6.196717294027656919e+01,8.213382265541493421e-01,-8.210156250000000000e+02,1.317215312781012244e+02
4.507500000000022489e+00,3.828836537292405069e+02,6.191511239622737151e+01,4.688286642995318498e-01,-4.683984374999999432e+02,1.318540699858145331e+02
4.510000000000022879e+00,3.830384121241484081e+02,6.186347170881151669e+01,1.351242275968746465e-01,-1.347656250000000284e+02,1.319352284013720578e+02
4.512500000000023270e+00,3.831930416545295088e+02,6.181225016673019468e+01,-1.113821143108464640e-01,1.115625000000000142e+02,1.319700087350831268e+02
4.515000000000023661e+00,3.833475433678889317e+02,6.176144713894019134e+01,1.943183020194053368e-01,-1.945312500000000000e+02,1.319873037945027932e+02
4.517500000000024052e+00,3.835019183102077704e+02,6.171106204220895819e+01,2.672865517841124250e-01,-2.673046875000000000e+02,1.320436292816301886e+02
4.520000000000024443e+00,3.836561675259059712e+02,6.166109390577208416e+01,5.872684697030697842e-01,-5.875781250000001137e+02,1.321203115354265094e+02
4.522500000000024833e+00,3.838102920567570777e+02,6.161154145883932642e+01,8.137935543594299048e-01,-8.139843749999998863e+02,1.322431355758233735e+02
4.525000000000025224e+00,3.839642929410969145e+02,6.156240335348068982e+01,4.601487864812541240e-01,-4.597265625000000568e+02,1.323813670799741544e+02
4.527500000000025615e+00,3.841181712145005349e+02,6.151367915670673625e+01,1.181124562827280400e-01,-1.176562500000000142e+02,1.324672956895474272e+02
4.530000000000026006e+00,3.842719279115541440e+02,6.146536848991689084e+01,-1.835284961587433927e-01,1.837500000000000000e+02,1.325035056503060957e+02
4.532500000000026397e+00,3.844255640658111020e+02,6.141747081515352136e+01,-2.077234663779555235e-01,2.076562500000000000e+02,1.325041537130965992e+02
4.535000000000026787e+00,3.845790807094220440e+02,6.136998546659338416e+01,-3.627250352534541200e-01,3.628125000000000000e+02,1.324974064858479323e+02
4.537500000000027178e+00,3.847324788727390228e+02,6.132291144483390610e+01,-3.455308785286028694e-01,3.454687500000000568e+02,1.324735683139742264e+02
4.540000000000027569e+00,3.848857595834293761e+02,6.127624746129742306e+01,-4.278324533660747275e-01,4.278515625000000000e+02,1.324495590287715174e+02
4.542500000000027960e+00,3.850389238657390365e+02,6.122999181826946113e+01,-1.208715662368998744e-01,1.204687500000000000e+02,1.324270806021550300e+02
4.545000000000028351e+00,3.851919727394634947e+02,6.118414248148825152e+01,1.591635176350010283e-01,-1.593750000000000000e+02,1.324511738613771286e+02
4.547500000000028741e+00,3.853449072190613265e+02,6.113869684767033874e+01,3.414106113312734281e-02,-3.398437500000000000e+01,1.325047456539253119e+02
4.550000000000029132e+00,3.854977283121201026e+02,6.109365169543345786e+01,-1.560742912111234004e-01,1.562109374999999716e+02,1.325375867801000140e+02
4.552500000000029523e+00,3.856504370016470489e+02,6.104874932609849481e+01,-2.649965488234407029e-02,2.636718750000000000e+01,1.325530030237449637e+02
4.555000000000029914e+00,3.858030333721073930e+02,6.100373702618600191e+01,1.135755582535886987e-01,-1.136718749999999858e+02,1.325892680422898025e+02
4.557500000000030305e+00,3.859555171507649334e+02,6.095861848669719052e+01,-1.937765802974423524e-01,1.940625000000000000e+02,1.326321163085098931e+02
4.560000000000030695e+00,3.861078880740997192e+02,6.091339737832996093e+01,-2.736030515555207265e-01,2.736328125000000000e+02,1.326362089445224228e+02
4.562500000000031086e+00,3.862601458878199310e+02,6.086807759777030924e+01,-5.986424067154061390e-01,5.989453125000000000e+02,1.326200545329347733e+02
4.565000000000031477e+00,3.864122903474926716e+02,6.082266318192006338e+01,-8.707503898970940792e-01,8.709375000000001137e+02,1.325563178886528135e+02
4.567500000000031868e+00,3.865643212188957705e+02,6.077715845040951592e+01,-7.013195432866645707e-01,7.011328125000000000e+02,1.324665494565699930e+02
4.570000000000032259e+00,3.867162382787864203e+02,6.073156801786833370e+01,-7.976392705710445563e-01,7.976953125000000000e+02,1.323940697191717106e+02
4.572500000000032649e+00,3.868680413155514657e+02,6.068589652451913707e+01,-4.713537060015243751e-01,4.709765625000000000e+02,1.323219477755123989e+02
4.575000000000033040e+00,3.870197301292116663e+02,6.064014874430115043e+01,-1.653075587864827334e-01,1.649999999999999716e+02,1.322998105697032258e+02
4.577500000000033431e+00,3.871713045317335968e+02,6.059432933532004739e+01,-8.409983411490340455e-02,8.390625000000001421e+01,1.323176429429625216e+02
4.580000000000033822e+00,3.873227643466314021e+02,6.054844278974954364e+01,2.318933385763444766e-01,-2.321484375000000284e+02,1.323567557005574429e+02
4.582500000000034213e+00,3.874741094085823079e+02,6.050249354705192673e+01,4.752874346024787422e-01,-4.754296874999999432e+02,1.324427100189216162e+02
4.585000000000034603e+00,3.876253395633117975e+02,6.045648588257624567e+01,1.706307176094429834e-01,-1.702734375000000284e+02,1.325477064429109362e+02
4.587500000000034994e+00,3.877764546671165817e+02,6.041042389240371335e+01,1.075859650088202696e-01,-1.074609375000000000e+02,1.326145979587961392e+02
4.590000000000035385e+00,3.879274545865213213e+02,6.036431182004938023e+01,-2.049917861368003025e-01,2.051953125000000000e+02,1.326635075368775460e+02
4.592500000000035776e+00,3.880783391987412188e+02,6.031815398225830904e+01,-3.421297781530486803e-01,3.421875000000000000e+02,1.326707061172139674e+02
4.595000000000036167e+00,3.882291083918751724e+02,6.027195492962725609e+01,-4.392502089476836846e-01,4.393359374999999432e+02,1.326584166601569450e+02
4.597500000000036557e+00,3.883797620655141714e+02,6.022571936103555146e+01,-1.236577143496346287e-01,1.232812500000000284e+02,1.326459517555336731e+02
4.600000000000036948e+00,3.885303001310874720e+02,6.017945211499500857e+01,1.387692309987041406e-01,-1.389843750000000000e+02,1.326810099379566736e+02
4.602500000000037339e+00,3.886807225073378618e+02,6.013308262768337897e+01,-7.754001634881066418e-02,7.769531250000000000e+01,1.327404165989489400e+02
4.605000000000037730e+00,3.888310288610645102e+02,6.008654128350625001e+01,2.276165696185683818e-01,-2.278125000000000000e+02,1.327850092627063248e+02
4.607500000000038121e+00,3.889812187661470944e+02,6.003983442275644222e+01,4.515964695730237954e-01,-4.517578125000000000e+02,1.328745733106777323e+02
4.610000000000038511e+00,3.891312918123894065e+02,5.999296835078454393e+01,1.218591032878142411e-01,-1.215234374999999858e+02,1.329799198948660717e+02
4.612500000000038902e+00,3.892812476053026103e+02,5.994594929909342795e+01,-1.545441006601454004e-01,1.548046875000000000e+02,1.330363364080342023e+02
4.615000000000039293e+00,3.894310857660028660e+02,5.989878372009309970e+01,-2.336308811236550986e-02,2.320312500000000355e+01,1.330645208886146520e+02
4.617500000000039684e+00,3.895808059319201675e+02,5.985147836720749126e+01,9.507310885430894642e-02,-9.515624999999998579e+01,1.331130284189508757e+02
4.620000000000040075e+00,3.897304077574939924e+02,5.980404007096039720e+01,-2.246001831311999208e-01,2.248828125000000000e+02,1.331649104316987859e+02
4.622500000000040465e+00,3.898798909142750517e+02,5.975647553959677794e+01,-4.471537792567790159e-01,4.473046875000000000e+02,1.331709046837408152e+02
4.625000000000040856e+00,3.900292550903797064e+02,5.970879130687501402e+01,-1.311083610304984437e-01,1.307812499999999716e+02,1.331614163827932202e+02
4.627500000000041247e+00,3.901784999903004518e+02,5.966099409610889381e+01,1.019098940013220544e-01,-1.020703125000000142e+02,1.331985830218831666e+02
4.630000000000041638e+00,3.903276253354177925e+02,5.961309059583369674e+01,-2.106321234529468511e-01,2.109375000000000000e+02,1.332531215940835523e+02
4.632500000000042029e+00,3.904766308637493921e+02,5.956508737383037300e+01,-3.724958539943580282e-01,3.726562500000000000e+02,1.332647202366114527e+02
4.635000000000042419e+00,3.906255163297378203e+02,5.951699118285246470e+01,-3.035248572782129894e-01,3.033984375000000000e+02,1.332594832193470040e+02
4.637500000000042810e+00,3.907742815048475791e+02,5.946880897253893039e+01,-5.621676846574834574e-01,5.623828125000001137e+02,1.332536163749229559e+02
4.640000000000043201e+00,3.909229261779876197e+02,5.942054774295343123e+01,-6.753730745134882696e-01,6.754687500000000000e+02,1.332130174004401226e+02
4.642500000000043592e+00,3.910714501556267919e+02,5.937221470263568079e+01,-8.854742150591806693e-01,8.855859375000001137e+02,1.331516575997256666e+02
4.645000000000043983e+00,3.912198532623608003e+02,5.932381719967386857e+01,-7.972778947568498475e-01,7.971093750000000000e+02,1.330683686107881840e+02
4.647500000000044373e+00,3.913681353412659405e+02,5.927536280312054373e+01,-4.866784864321423432e-01,4.863281250000000000e+02,1.330068473969091087e+02
4.650000000000044764e+00,3.915162962544287097e+02,5.922685913210028730e+01,-2.345500641614682302e-01,2.342578125000000284e+02,1.329916547708420183e+02
4.652500000000045155e+00,3.916643358900720955e+02,5.917842449675480765e+01,-4.871051533097852659e-01,4.872656250000000000e+02,1.329982643743593940e+02
4.655000000000045546e+00,3.918122545425827639e+02,5.913017397179773837e+01,-2.386568237814156723e-01,2.383593750000000284e+02,1.329832874104275220e+02
4.657500000000045937e+00,3.919600526738579447e+02,5.908211043872794477e+01,-5.015885299726217106e-01,5.017968750000000000e+02,1.329891919541379366e+02
4.660000000000046327e+00,3.921077307529225777e+02,5.903423648823343939e+01,-3.084168552990544931e-01,3.082031250000000568e+02,1.329705256338921231e+02
4.662500000000046718e+00,3.922552892551984201e+02,5.898655472934658661e+01,-5.493385247954212236e-01,5.494921875000000000e+02,1.329665674223024610e+02
4.665000000000047109e+00,3.924027286625662896e+02,5.893906751698580848e+01,-5.954581897290328607e-01,5.954296875000001137e+02,1.329323137122889307e+02
4.667500000000047500e+00,3.925500494627143553e+02,5.889177720122587090e+01,-8.420538399060099044e-01,8.422265625000000000e+02,1.328839885315586287e+02
4.670000000000047891e+00,3.926972521491783255e+02,5.884468602338321830e+01,-5.733875217970647586e-01,5.730468750000000000e+02,1.328156273493374613e+02
4.672500000000048281e+00,3.928443372210941220e+02,5.879779627612933979e+01,-7.351399175547292941e-01,7.352343750000000000e+02,1.327738660078923658e+02
4.675000000000048672e+00,3.929913051832643873e+02,5.875110997605934671e+01,-6.470580326670483107e-01,6.468750000000001137e+02,1.327158845316559734e+02
4.677500000000049063e+00,3.931381565454228735e+02,5.870462907805153918e+01,-9.322936532753733907e-01,9.325781250000000000e+02,1.326585076539336114e+02
4.680000000000049454e+00,3.932848918221112626e+02,5.865835532415684384e+01,-1.084490221382711228e+00,1.084570312500000000e+03,1.325617533317900154e+02
4.682500000000049845e+00,3.934315115321695089e+02,5.861229047100037803e+01,-1.045653688054838382e+00,1.045546875000000000e+03,1.324482140125306273e+02
4.685000000000050235e+00,3.935780161988445798e+02,5.856643625855070212e+01,-1.203647789176719662e+00,1.203750000000000000e+03,1.323338308328123674e+02
4.687500000000050626e+00,3.937244063496906392e+02,5.852079429239518760e+01,-9.345139480604294224e-01,9.342187500000000000e+02,1.322100093634893767e+02
4.690000000000051017e+00,3.938706825162275322e+02,5.847536614699818358e+01,-1.093321192412322507e+00,1.093476562500000000e+03,1.321127434080059970e+02
4.692500000000051408e+00,3.940168452338162410e+02,5.843015310210579116e+01,-1.008081449344499170e+00,1.007929687500000114e+03,1.319995139371389143e+02
4.695000000000051799e+00,3.941628950409009349e+02,5.838515636175316104e+01,-1.282868596039930420e+00,1.283085937500000227e+03,1.318868450996570232e+02
4.697500000000052189e+00,3.943088324788566297e+02,5.834037692034442557e+01,-1.383090787275754741e+00,1.383164062500000227e+03,1.317379856335349473e+02
4.700000000000052580e+00,3.944546580914861238e+02,5.829581578377017337e+01,-1.615587569007482571e+00,1.615781250000000000e+03,1.315691225164838727e+02
4.702500000000052971e+00,3.946003724300073259e+02,5.825154766262421191e+01,-1.568748664730036824e+00,1.568671875000000000e+03,1.313742696298719750e+02
4.705000000000053362e+00,3.947459763054588961e+02,5.820764376144131802e+01,-1.309862559355462697e+00,1.309570312499999773e+03,1.311939272714845686e+02
4.707500000000053753e+00,3.948914706259671448e+02,5.816409965972057705e+01,-1.520008083177505354e+00,1.520156250000000000e+03,1.310369236482863755e+02
4.710000000000054143e+00,3.950368562884073071e+02,5.812091052861526919e+01,-1.201094500796926035e+00,1.200703125000000227e+03,1.308659963884596493e+02
4.712500000000054534e+00,3.951821341774165148e+02,5.807807138112859491e+01,-9.262364678061016932e-01,9.258984375000000000e+02,1.307421841267658635e+02
4.715000000000054925e+00,3.953273051650254502e+02,5.803557683237316667e+01,-1.045652160578090628e+00,1.045664062500000000e+03,1.306465571780301502e+02
4.717500000000055316e+00,3.954723701095477963e+02,5.799342106910751937e+01,-1.200753060762501434e+00,1.200820312500000000e+03,1.305312820649740502e+02
4.720000000000055707e+00,3.956173298545616603e+02,5.795159804048406471e+01,-9.269397702349573276e-01,9.266015625000001137e+02,1.304069551561140656e+02
4.722500000000056097e+00,3.957621852284409556e+02,5.791010156818112620e+01,-1.049168780159531966e+00,1.049179687500000000e+03,1.303104518409256229e+02
4.725000000000056488e+00,3.959069370439845557e+02,5.786892512850929648e+01,-1.188199424883838340e+00,1.188281250000000000e+03,1.301945214077126423e+02
4.727500000000056879e+00,3.960515860975131091e+02,5.782806201697203363e+01,-8.881974156129351927e-01,8.878124999999998863e+02,1.300722972203359973e+02
4.730000000000057270e+00,3.961961331685187133e+02,5.778750541297122112e+01,-8.142719845231642939e-01,8.141015625000000000e+02,1.299875612510296321e+02
4.732500000000057661e+00,3.963405790193246503e+02,5.774724817012404543e+01,-5.075533445765680884e-01,5.071875000000000568e+02,1.299216827459106867e+02
4.735000000000058051e+00,3.964849243942153407e+02,5.770728290061374821e+01,-3.435748733256067666e-01,3.433593750000000000e+02,1.298970407942274221e+02
4.737500000000058442e+00,3.966291700188328946e+02,5.766760185382627668e+01,-4.289726135362817439e-01,4.290234375000000000e+02,1.298881719732984266e+02
4.740000000000058833e+00,3.967733165992424915e+02,5.762819697242931483e+01,-1.483848963249350117e-01,1.480078125000000000e+02,1.298783684860059395e+02
4.742500000000059224e+00,3.969173648212459398e+02,5.758906005769176772e+01,5.913728670917856034e-03,-5.976562500000000888e+00,1.299061931503172218e+02
4.745000000000059615e+00,3.970613153500398198e+02,5.755018262466501255e+01,-3.074641789633199979e-02,3.070312500000000355e+01,1.299502089872314059e+02
4.747500000000060005e+00,3.972051688294420728e+02,5.751155593599447968e+01,1.156906932266380528e-01,-1.157812500000000000e+02,1.299943426542622831e+02
4.750000000000060396e+00,3.973489258813160063e+02,5.747317111407311074e+01,-1.588031264444190183e-01,1.590234375000000000e+02,1.300455683678821401e+02
4.752500000000060787e+00,3.974925870999383051e+02,5.743494289348120674e+01,-5.555578497558570639e-02,5.542968750000000000e+01,1.300677535160190814e+02
4.755000000000061178e+00,3.976361527921114316e+02,5.739679345720396242e+01,1.829931655673550095e-01,-1.831640625000000284e+02,1.301094329983405657e+02
4.757500000000061569e+00,3.977796231559164539e+02,5.735872472948592105e+01,1.900573461355800353e-01,-1.899609375000000000e+02,1.301783872553632762e+02
4.760000000000061959e+00,3.979229983941696673e+02,5.732073846596207289e+01,2.316661985447777128e-01,-2.316796875000000284e+02,1.302488954371812326e+02
4.762500000000062350e+00,3.980662787139892203e+02,5.728283633023336563e+01,4.526463135567643237e-01,-4.528124999999999432e+02,1.303310166875776872e+02
4.765000000000062741e+00,3.982094643266140679e+02,5.724501990772653670e+01,1.440508157624569296e-01,-1.436718750000000000e+02,1.304275494886433933e+02
4.767500000000063132e+00,3.983525554471643773e+02,5.720729059604702371e+01,-3.896559193374132812e-02,3.914062500000000000e+01,1.304815353841103160e+02
4.770000000000063523e+00,3.984955522942092330e+02,5.716964985343206962e+01,1.412824331144385548e-01,-1.414453125000000000e+02,1.305198108718518029e+02
4.772500000000063913e+00,3.986384550900247632e+02,5.713209921025252669e+01,-5.056192863271966043e-02,5.074218749999999289e+01,1.305717292100387397e+02
4.775000000000064304e+00,3.987812640607028243e+02,5.709464008368996701e+01,1.713517330880615641e-01,-1.715624999999999716e+02,1.306083545353115483e+02
4.777500000000064695e+00,3.989239794358480822e+02,5.705727393077414433e+01,1.188667836533036370e-01,-1.187109375000000000e+02,1.306680534905312356e+02
4.780000000000065086e+00,3.990666014486776589e+02,5.702000204951741580e+01,-1.466641230994830958e-01,1.468359375000000000e+02,1.307121049617453536e+02
4.782500000000065477e+00,3.992091303355764467e+02,5.698282567492019979e+01,9.807190901411605433e-03,-9.960937500000000000e+00,1.307302633770771365e+02
4.785000000000065867e+00,3.993515663360279859e+02,5.694574611430594757e+01,-4.740388633181363137e-02,4.746093750000000000e+01,1.307637714623479610e+02
4.787500000000066258e+00,3.994939096927873834e+02,5.690876457083189166e+01,1.623902462426531079e-01,-1.625390625000000284e+02,1.307970726420033429e+02
4.790000000000066649e+00,3.996361606515743574e+02,5.687188222322888009e+01,6.514125053241871799e-02,-6.503906250000000000e+01,1.308504180889604527e+02
4.792500000000067040e+00,3.997783194609951920e+02,5.683510007809798026e+01,-2.074024748740435076e-01,2.076562500000000000e+02,1.308828425454306057e+02
4.795000000000067431e+00,3.999203863720973686e+02,5.679841909083140195e+01,-3.455910079782547051e-01,3.457031249999999432e+02,1.308789407402197185e+02
4.797500000000067821e+00,4.000623616383261947e+02,5.676184027723797954e+01,-4.186736767002845472e-01,4.187109375000000000e+02,1.308561452631111592e+02
4.800000000000068212e+00,4.002042455157088625e+02,5.672536469121105540e+01,-1.679147370714680343e-01,1.675781250000000000e+02,1.308326995255964391e+02
4.802500000000068603e+00,4.003460382684294814e+02,5.668906369724906824e+01,-1.087380841479313603e-01,1.086328125000000000e+02,1.308391521073662318e+02
4.805000000000068994e+00,4.004877404047659866e+02,5.665299315431158789e+01,1.618269046227479580e-01,-1.620703125000000000e+02,1.308606226617628181e+02
4.807500000000069384e+00,4.006293524882455017e+02,5.661713055566932695e+01,6.314851803107161821e-02,-6.304687500000000711e+01,1.309087780385607971e+02
4.810000000000069775e+00,4.007708750257732504e+02,5.658145274625009336e+01,-2.023379577863623768e-01,2.024999999999999716e+02,1.309361607232508788e+02
4.812500000000070166e+00,4.009123084660523091e+02,5.654593614778218580e+01,-3.151605655882614432e-01,3.152343750000000000e+02,1.309290376971556213e+02
4.815000000000070557e+00,4.010536531986687692e+02,5.651055696202308809e+01,-5.183217988440433910e-01,5.184375000000000000e+02,1.309015493410706483e+02
4.817500000000070948e+00,4.011949095536188565e+02,5.647529123130473749e+01,-4.087773964232207513e-01,4.086328124999999432e+02,1.308540707721497540e+02
4.820000000000071338e+00,4.013360778009643468e+02,5.644011499672902943e+01,-1.905162595840538264e-01,1.901953125000000000e+02,1.308253989630169087e+02
4.822500000000071729e+00,4.014771581508689451e+02,5.640500426874449147e+01,-2.424899851137557460e-01,2.424609375000000568e+02,1.308188725854239749e+02
4.825000000000072120e+00,4.016181507535009700e+02,5.636993504712285841e+01,-4.992894008829184549e-01,4.994531249999999432e+02,1.307973433975179489e+02
4.827500000000072511e+00,4.017590556990676873e+02,5.633488352968616653e+01,-3.091681211868106405e-01,3.089062500000000000e+02,1.307523836733564053e+02
4.830000000000072902e+00,4.018998730184789565e+02,5.629982638321205002e+01,-5.322564148301944797e-01,5.323828125000000000e+02,1.307205761383641516e+02
4.832500000000073292e+00,4.020406026845648739e+02,5.626474066414472475e+01,-4.897285268609600228e-01,4.896093750000000568e+02,1.306644231911941461e+02
4.835000000000073683e+00,4.021812446130929288e+02,5.622960410242036744e+01,-2.650625861942849104e-01,2.647265625000000000e+02,1.306195886122268348e+02
4.837500000000074074e+00,4.023217986645548763e+02,5.619439510284543360e+01,-5.489728233596327112e-01,5.491406250000000000e+02,1.305899356831770888e+02
4.840000000000074465e+00,4.024622646458188342e+02,5.615909270286181965e+01,-5.892803644930126872e-01,5.892187500000000000e+02,1.305263984896710667e+02
4.842500000000074856e+00,4.026026423117793911e+02,5.612367686090318131e+01,-7.999151248177631679e-01,8.000390625000000000e+02,1.304507068628932984e+02
4.845000000000075246e+00,4.027429313677574783e+02,5.608812843004359650e+01,-5.080143688515263989e-01,5.076562500000000568e+02,1.303602683367602424e+02
4.847500000000075637e+00,4.028831314717702980e+02,5.605242931104200466e+01,-3.512726863466757443e-01,3.510937500000000000e+02,1.303069647872658550e+02
4.850000000000076028e+00,4.030232422371228154e+02,5.601656223070393281e+01,-3.944324656174147958e-01,3.944531250000000000e+02,1.302689883741139738e+02
4.852500000000076419e+00,4.031632632364308506e+02,5.598054970102229078e+01,-2.309539187985902298e-01,2.307421875000000000e+02,1.302307665776155261e+02
4.855000000000076810e+00,4.033031941401499694e+02,5.594442043665981146e+01,-4.526701848663360339e-01,4.528124999999999432e+02,1.302029068895101602e+02
4.857500000000077200e+00,4.034430346523116668e+02,5.590816723098904362e+01,-1.632057150944905555e-01,1.628906250000000000e+02,1.301588994455730131e+02
4.860000000000077591e+00,4.035827844591040048e+02,5.587178327925727928e+01,-8.061161679736257579e-02,8.050781250000000000e+01,1.301492535552083893e+02
4.862500000000077982e+00,4.037224432298775696e+02,5.583526195451262453e+01,1.974249252813160549e-01,-1.976953125000000000e+02,1.301571659728349459e+02
4.865000000000078373e+00,4.038620106175294495e+02,5.579859688138824936e+01,2.760503246743417072e-01,-2.760937500000000000e+02,1.301978986468895982e+02
4.867500000000078764e+00,4.040014862591239648e+02,5.576178182406832917e+01,5.493923353428152856e-01,-5.496093750000001137e+02,1.302555609094571025e+02
4.870000000000079154e+00,4.041408697762425390e+02,5.572481078440434743e+01,5.825808711914954863e-01,-5.825390625000000000e+02,1.303439986488041598e+02
4.872500000000079545e+00,4.042801607755790201e+02,5.568767790770305481e+01,7.595910921986559483e-01,-7.597265625000000000e+02,1.304411597347275915e+02
4.875000000000079936e+00,4.044193588493017160e+02,5.565037759662705952e+01,5.605148597273020838e-01,-5.602734375000000000e+02,1.305508155797675442e+02
4.877500000000080327e+00,4.045584635757089131e+02,5.561290443894465341e+01,6.443670589179061325e-01,-6.444140625000000000e+02,1.306403811904013992e+02
4.880000000000080718e+00,4.046974745197296102e+02,5.557525340069413033e+01,9.025648997300357301e-01,-9.028125000000000000e+02,1.307469936765101011e+02
4.882500000000081108e+00,4.048363912339135027e+02,5.553741973635565188e+01,8.960017187514953685e-01,-8.958984374999998863e+02,1.308814177315846621e+02
4.885000000000081499e+00,4.049752132590717792e+02,5.549939887946221972e+01,8.555583758654029536e-01,-8.554687500000001137e+02,1.310131648487511313e+02
4.887500000000081890e+00,4.051139401247112346e+02,5.546118652704877405e+01,6.383323663913547108e-01,-6.380859375000000000e+02,1.311327699237630782e+02
4.890000000000082281e+00,4.052525713497389006e+02,5.542277866591103930e+01,9.018365981460489955e-01,-9.019921875000001137e+02,1.312362595304493311e+02
4.892500000000082672e+00,4.053911064432431317e+02,5.538417169964021269e+01,8.914153028670147583e-01,-8.913281250000001137e+02,1.313681009241884681e+02
4.895000000000083062e+00,4.055295449055001882e+02,5.534536222875536993e+01,8.290607661581712584e-01,-8.289843750000001137e+02,1.314962449256425998e+02
4.897500000000083453e+00,4.056678862284048250e+02,5.530634712763304606e+01,5.447034448958723019e-01,-5.443359375000000000e+02,1.316077684562400236e+02
4.900000000000083844e+00,4.058061298961914645e+02,5.526712355726402137e+01,5.524145926836211418e-01,-5.524218750000000000e+02,1.316875727039729043e+02
4.902500000000084235e+00,4.059442753846293499e+02,5.522766278687019081e+01,5.991540801522099446e-01,-5.991796875000000000e+02,1.317693363013356986e+02
4.905000000000084626e+00,4.060823220711081376e+02,5.518793439916650811e+01,8.254942609191504577e-01,-8.257031250000001137e+02,1.318632298924240445e+02
4.907500000000085016e+00,4.062202692834358118e+02,5.514793286065293643e+01,5.372797500672019666e-01,-5.369531250000000000e+02,1.319725055692628359e+02
4.910000000000085407e+00,4.063581163356101342e+02,5.510765266769801229e+01,5.092302945733766517e-01,-5.091796875000001137e+02,1.320485945260000165e+02
4.912500000000085798e+00,4.064958625279681428e+02,5.506708861702820457e+01,3.532290357958913218e-01,-3.529687500000000000e+02,1.321162185457342559e+02
4.915000000000086189e+00,4.066335071480012289e+02,5.502623573296270365e+01,3.777690483112599584e-01,-3.776953125000000000e+02,1.321670757599339936e+02
4.917500000000086580e+00,4.067710494709161821e+02,5.498508934479571053e+01,2.826736556932921696e-01,-2.825390625000000568e+02,1.322173270504462153e+02
4.920000000000086970e+00,4.069084887603906395e+02,5.494364500092682135e+01,5.471353962987360875e-01,-5.473828125000000000e+02,1.322653890142325395e+02
4.922500000000087361e+00,4.070458242691196347e+02,5.490190152311438965e+01,5.698453328809952589e-01,-5.697656250000000000e+02,1.323433109493980737e+02
4.925000000000087752e+00,4.071830552528950875e+02,5.485989951210292048e+01,6.948140322771328981e-01,-6.949218750000000000e+02,1.324276270312976749e+02
4.927500000000088143e+00,4.073201811010981714e+02,5.481766533576424649e+01,7.971317901350256641e-01,-7.972265625000001137e+02,1.325289649973851169e+02
4.930000000000088534e+00,4.074572012314559402e+02,5.477519565769333809e+01,5.072220873401666053e-01,-5.068359375000000568e+02,1.326321179061800137e+02
4.932500000000088924e+00,4.075941150532975712e+02,5.473248704544525367e+01,3.420894221944591473e-01,-3.418359375000000000e+02,1.326976384118889598e+02
4.935000000000089315e+00,4.077309219673583698e+02,5.468953612701132982e+01,4.193379846203045269e-01,-4.194140624999999432e+02,1.327472418028628454e+02
4.937500000000089706e+00,4.078676213659934433e+02,5.464633958564550653e+01,1.684274234256337155e-01,-1.681640625000000284e+02,1.327971926475574378e+02
4.940000000000090097e+00,4.080042126332631938e+02,5.460289404366574928e+01,1.047660538881829972e-01,-1.046484375000000000e+02,1.328171458340480626e+02
4.942500000000090488e+00,4.081406951447702340e+02,5.455919616737835298e+01,-1.699695623959022184e-01,1.701562500000000000e+02,1.328210433707661196e+02
4.945000000000090878e+00,4.082770682677899003e+02,5.451524259269540096e+01,-1.220578278642184544e-01,1.219921875000000000e+02,1.327960021556799859e+02
4.947500000000091269e+00,4.084133313612007896e+02,5.447103002002741334e+01,1.122700830227198465e-01,-1.124999999999999858e+02,1.327837463487895775e+02
4.950000000000091660e+00,4.085494837756440347e+02,5.442655509206606723e+01,-1.503395755832487302e-01,1.505859375000000000e+02,1.327889653034114588e+02
4.952500000000092051e+00,4.086855248529801656e+02,5.438180906432590689e+01,-1.377110419189003787e-02,1.359375000000000000e+01,1.327693484080857900e+02
4.955000000000092442e+00,4.088214539078257985e+02,5.433678290625289975e+01,4.803237592515949284e-02,-4.804687499999999289e+01,1.327669169308572350e+02
4.957500000000092832e+00,4.089572702375707536e+02,5.429147248046834306e+01,-1.633266730096559205e-01,1.634765625000000000e+02,1.327644492669214458e+02
4.960000000000093223e+00,4.090929731291606686e+02,5.424587348508591589e+01,-8.443754657259215646e-02,8.425781250000000000e+01,1.327409519082620477e+02
4.962500000000093614e+00,4.092285618587221165e+02,5.419998156072965401e+01,1.892648413182599354e-01,-1.894921875000000000e+02,1.327351202308069276e+02
4.965000000000094005e+00,4.093640356914403355e+02,5.415379219986471782e+01,2.276066240640892135e-01,-2.275781250000000284e+02,1.327610084416247389e+02
4.967500000000094396e+00,4.094993938811068119e+02,5.410730062365303894e+01,4.243637454462338421e-01,-4.244531250000000000e+02,1.327975489789955645e+02
4.970000000000094786e+00,4.096346356694198221e+02,5.406050184302892347e+01,1.620250601978899807e-01,-1.617187500000000284e+02,1.328474539441490379e+02
4.972500000000095177e+00,4.097697602854565275e+02,5.401339056884125966e+01,6.784196952427908045e-02,-6.773437500000000000e+01,1.328649745411694596e+02
4.975000000000095568e+00,4.099047669449545879e+02,5.396596140881887749e+01,-1.944263423176514349e-01,1.946484375000000284e+02,1.328633688091777856e+02
4.977500000000095959e+00,4.100396548501077518e+02,5.391820881750579986e+01,-2.649741453200716856e-01,2.649609375000000000e+02,1.328300930745435551e+02
4.980000000000096350e+00,4.101744231891887011e+02,5.387012718160696778e+01,-5.412218202508494169e-01,5.414062500000001137e+02,1.327798069195007429e+02
4.982500000000096740e+00,4.103090711363708465e+02,5.382171072258326916e+01,-5.424814073022183880e-01,5.424609374999998863e+02,1.326984952873339125e+02
4.985000000000097131e+00,4.104435978513130294e+02,5.377295358498467692e+01,-5.488743956081166830e-01,5.487890625000000000e+02,1.326167121130250450e+02
4.987500000000097522e+00,4.105780024789630147e+02,5.372384971335730341e+01,-5.856649540329257331e-01,5.855859375000001137e+02,1.325328761161741795e+02
4.990000000000097913e+00,4.107122841490026985e+02,5.367439282262502331e+01,-7.776033200055455508e-01,7.777734375000000000e+02,1.324384927475302050e+02
4.992500000000098304e+00,4.108464419752575054e+02,5.362457637654234333e+01,-5.334726134856916380e-01,5.332031250000000000e+02,1.323304229124183848e+02
4.995000000000098694e+00,4.109804750551032271e+02,5.357439367759007354e+01,-4.955468071201938884e-01,4.954687500000000000e+02,1.322507934694440905e+02
4.997500000000099085e+00,4.111143824690279871e+02,5.352383765819033101e+01,-2.968617425538283561e-01,2.966015624999999432e+02,1.321817471956748591e+02
5.000000000000099476e+00,4.112481632796465192e+02,5.347290093255359977e+01,-5.439083131397244308e-01,5.441015624999998863e+02,1.321266897082615230e+02
5.002500000000099867e+00,4.113818165439358268e+02,5.342179114567277765e+01,-5.583158787836653980e-01,5.582812500000000000e+02,1.320432175908544536e+02
5.005000000000100258e+00,4.115153420558917219e+02,5.337072031784028070e+01,-6.385890367439664983e-01,6.385546875000000000e+02,1.319552749138514969e+02
5.007500000000100648e+00,4.116487399124480362e+02,5.331968768401502956e+01,-9.007344196042708084e-01,9.009375000000000000e+02,1.318494611270346297e+02
5.010000000000101039e+00,4.117820102087065948e+02,5.326869263554354461e+01,-8.934235564656671791e-01,8.933203124999998863e+02,1.317141771759240783e+02
5.012500000000101430e+00,4.119151530383619502e+02,5.321773480683572188e+01,-8.504911753069190894e-01,8.504296875000000000e+02,1.315809074938227639e+02
5.015000000000101821e+00,4.120481684943115965e+02,5.316681396870565379e+01,-6.356223146320812978e-01,6.353906250000000000e+02,1.314593446293266936e+02
5.017500000000102212e+00,4.121810566689464963e+02,5.311592999433386808e+01,-8.943087072566064943e-01,8.944921875000001137e+02,1.313532451475043956e+02
5.020000000000102602e+00,4.123138176543470195e+02,5.306508273045311341e+01,-8.572625532427926576e-01,8.571093749999998863e+02,1.312189779455660243e+02
5.022500000000102993e+00,4.124464515422500313e+02,5.301427220634013793e+01,-6.665857484688568757e-01,6.663281250000000000e+02,1.310949843095040990e+02
5.025000000000103384e+00,4.125789584245620176e+02,5.296349854594249962e+01,-8.709172876890161064e-01,8.710546875000000000e+02,1.309855596933105630e+02
5.027500000000103775e+00,4.127113383935165416e+02,5.291276186940237380e+01,-7.331939267937129801e-01,7.330078124999998863e+02,1.308573957288659528e+02
5.030000000000104166e+00,4.128435915416837361e+02,5.286206245012763816e+01,-6.659538665009103742e-01,6.658593750000001137e+02,1.307468398038716657e+02
5.032500000000104556e+00,4.129757179623800312e+02,5.281140059081136684e+01,-8.685536836725752385e-01,8.687109375000001137e+02,1.306369832207334412e+02
5.035000000000104947e+00,4.131077177496845820e+02,5.276077662378457234e+01,-7.235814117367482812e-01,7.233984375000000000e+02,1.305087924455867778e+02
5.037500000000105338e+00,4.132395909985598905e+02,5.271019103193798117e+01,-6.999324887446073395e-01,6.998437499999998863e+02,1.303976374713474797e+02
5.040000000000105729e+00,4.133713378052343614e+02,5.265964432166060760e+01,-7.799837604531899560e-01,7.800000000000001137e+02,1.302863248314987743e+02
5.042500000000106120e+00,4.135029582672131028e+02,5.260913704511974487e+01,-5.502947947523542105e-01,5.499609375000000000e+02,1.301733890727562653e+02
5.045000000000106510e+00,4.136344524834244112e+02,5.255866985072327680e+01,-5.887440482940411446e-01,5.887500000000000000e+02,1.300851189654510449e+02
5.047500000000106901e+00,4.137658205544381644e+02,5.250824335480442784e+01,-7.723476552031945941e-01,7.725000000000000000e+02,1.299862034611666957e+02
5.050000000000107292e+00,4.138970625823565115e+02,5.245785821996681619e+01,-5.635258578026367537e-01,5.632031250000000000e+02,1.298731726327657441e+02
5.052500000000107683e+00,4.140281786507676429e+02,5.240717705747235300e+01,-6.572506078014136444e-01,6.573046875000000000e+02,1.297806632968251108e+02
5.055000000000108074e+00,4.141591676561820918e+02,5.235585179440447234e+01,-8.743127634067801024e-01,8.744531250000000000e+02,1.296700165596913621e+02
5.057500000000108464e+00,4.142900279793925620e+02,5.230386632490112220e+01,-7.546092181705452706e-01,7.544531250000000000e+02,1.295383055941683779e+02
5.060000000000108855e+00,4.144207579606625700e+02,5.225120409071443817e+01,-6.029449721996673617e-01,6.026953124999998863e+02,1.294250662018569074e+02
5.062500000000109246e+00,4.145513558985781515e+02,5.219784794129592598e+01,-8.218250295091682478e-01,8.219531250000000000e+02,1.293215618525147761e+02
5.065000000000109637e+00,4.146818200484731278e+02,5.214378003686551466e+01,-5.641387091750313942e-01,5.637890625000000000e+02,1.292012386030401956e+02
5.067500000000110028e+00,4.148121486207290332e+02,5.208898198716510564e+01,-6.612548577462580290e-01,6.612890625000000000e+02,1.291068322372667581e+02
5.070000000000110418e+00,4.149423397793846107e+02,5.203343461789569346e+01,-8.714983892052685643e-01,8.716406250000000000e+02,1.289937942951728758e+02
5.072500000000110809e+00,4.150723916401111069e+02,5.197711806466256235e+01,-7.399952090684595030e-01,7.398046875000000000e+02,1.288605118303934773e+02
5.075000000000111200e+00,4.152023022685523870e+02,5.192001182747652166e+01,-6.453705897949364445e-01,6.452343749999998863e+02,1.287450053284729847e+02
5.077500000000111591e+00,4.153320696787104680e+02,5.186209460335575017e+01,-8.853042863732866197e-01,8.854687500000000000e+02,1.286317592802196828e+02
5.080000000000111982e+00,4.154616918308374238e+02,5.180334421114596211e+01,-8.103294146284527599e-01,8.102343750000001137e+02,1.284927292244006196e+02
5.082500000000112372e+00,4.155911666292720952e+02,5.174373772759557966e+01,-5.446044309843850462e-01,5.443359375000000000e+02,1.283706175770377342e+02
5.085000000000112763e+00,4.157204919206073441e+02,5.168325134477547067e+01,-5.593331905519672853e-01,5.593359375000000000e+02,1.282779958460585590e+02
5.087500000000113154e+00,4.158496654913566886e+02,5.162186018876265337e+01,-6.395742068236084377e-01,6.396093750000001137e+02,1.281801853108689784e+02
5.090000000000113545e+00,4.159786850652433259e+02,5.155953837401342810e+01,-8.873736598225195893e-01,8.875781250000000000e+02,1.280638584392688131e+02
5.092500000000113936e+00,4.161075483007081175e+02,5.149625901361209657e+01,-8.210260506864218710e-01,8.208984375000001137e+02,1.279201040689183770e+02
5.095000000000114326e+00,4.162362527884544079e+02,5.143199433058511971e+01,-5.573317327775484387e-01,5.569921875000000000e+02,1.277920003195417422e+02
5.097500000000114717e+00,4.163647960492097013e+02,5.136671548181315217e+01,-6.282136542510563526e-01,6.282421875000000000e+02,1.276911212946957477e+02
5.100000000000115108e+00,4.164931755309146979e+02,5.130039234105754531e+01,-8.804120548460880880e-01,8.806640625000001137e+02,1.275722725164930296e+02
5.102500000000115499e+00,4.166213886411690623e+02,5.123358539650723031e+01,-7.848344880187921868e-01,7.846875000000001137e+02,1.274261556337694685e+02
5.105000000000115890e+00,4.167494347870456295e+02,5.116686814521123239e+01,-5.459063525214370438e-01,5.456250000000000000e+02,1.272981928918431578e+02
5.107500000000116280e+00,4.168773141869901906e+02,5.110023051086974988e+01,-5.659667382289933490e-01,5.658984375000000000e+02,1.271962905596986104e+02
5.110000000000116671e+00,4.170050270344703449e+02,5.103366274174483408e+01,-6.703120547143495145e-01,6.703125000000000000e+02,1.270872920402508726e+02
5.112500000000117062e+00,4.171325734987606779e+02,5.096715549039730320e+01,-8.528979590114389442e-01,8.530078125000000000e+02,1.269585964492992076e+02
5.115000000000117453e+00,4.172599537260129523e+02,5.090069986384541068e+01,-6.625610985929317742e-01,6.623437500000000000e+02,1.268138030429351488e+02
5.117500000000117844e+00,4.173871678404428280e+02,5.083428750155702147e+01,-8.624985716229598420e-01,8.626171874999998863e+02,1.266832561270332462e+02
5.120000000000118234e+00,4.175142159455924684e+02,5.076791032777637014e+01,-7.049732790071813193e-01,7.047656250000000000e+02,1.265333576375819575e+02
5.122500000000118625e+00,4.176410981250186296e+02,5.070156073275465047e+01,-7.608363219040017444e-01,7.607812500000000000e+02,1.263988425733037815e+02
5.125000000000119016e+00,4.177678144434607930e+02,5.063523136117331092e+01,-5.964194864558809428e-01,5.962500000000000000e+02,1.262621550826200547e+02
5.127500000000119407e+00,4.178943649474394988e+02,5.056891521115383625e+01,-7.881233597263566093e-01,7.882031249999998863e+02,1.261369950550523384e+02
5.130000000000119798e+00,4.180207496661180357e+02,5.050260547425587987e+01,-5.609224370210627031e-01,5.606250000000000000e+02,1.259957078683955132e+02
5.132500000000120188e+00,4.181469686118051641e+02,5.043629573135208233e+01,-6.382985881469279699e-01,6.383203125000000000e+02,1.258774142406576999e+02
5.135000000000120579e+00,4.182730217809211126e+02,5.036997971869669755e+01,-8.613873434458915179e-01,8.615625000000000000e+02,1.257408022102775647e+02
5.137500000000120970e+00,4.183989091543311929e+02,5.030365144322775706e+01,-7.085550610757773704e-01,7.083984375000000000e+02,1.255815753416201090e+02
5.140000000000121361e+00,4.185246306981085809e+02,5.023730528118110783e+01,-7.471125314812320228e-01,7.470703125000000000e+02,1.254378972344304515e+02
5.142500000000121751e+00,4.186501863644327841e+02,5.017093578914420249e+01,-6.361785259133070358e-01,6.359765625000000000e+02,1.252921265208337189e+02
5.145000000000122142e+00,4.187755760919831687e+02,5.010453776357359601e+01,-8.535888217350590113e-01,8.537109375000000000e+02,1.251506299995058669e+02
5.147500000000122533e+00,4.189007998065273455e+02,5.003810612962602988e+01,-6.828128124198145077e-01,6.826171875000001137e+02,1.249875996753944634e+02
5.150000000000122924e+00,4.190258574212732583e+02,4.997163612105678254e+01,-8.105045143400347873e-01,8.105859375000000000e+02,1.248392183861416669e+02
5.152500000000123315e+00,4.191507488241807664e+02,4.990490370605718340e+01,-5.812749862161473713e-01,5.810156250000000000e+02,1.246820677404846123e+02
5.155000000000123705e+00,4.192754731221190809e+02,4.983768305208005245e+01,-7.200917229550456433e-01,7.201171875000000000e+02,1.245462671961124528e+02
5.157500000000124096e+00,4.194000290900040682e+02,4.976996609048526921e+01,-7.122866296218667292e-01,7.122656250000000000e+02,1.243923585254903088e+02
5.160000000000124487e+00,4.195244154824763996e+02,4.970174467144440911e+01,-7.342603960115607897e-01,7.341796874999998863e+02,1.242370307099756275e+02
5.162500000000124878e+00,4.196486310337485293e+02,4.963301051044481937e+01,-6.738432788118896566e-01,6.737109375000000000e+02,1.240795502754722861e+02
5.165000000000125269e+00,4.197726744572578923e+02,4.956375521781388471e+01,-8.223744740684757470e-01,8.224218750000001137e+02,1.239224553380993115e+02
5.167500000000125659e+00,4.198965444453841656e+02,4.949397023573824583e+01,-6.049993169937497584e-01,6.046875000000000000e+02,1.237532273024857545e+02
5.170000000000126050e+00,4.200202396690586397e+02,4.942364696626259501e+01,-7.914704913581426249e-01,7.916015625000000000e+02,1.236022275755207573e+02
5.172500000000126441e+00,4.201437587776392206e+02,4.935277657443752020e+01,-5.828424372732894376e-01,5.825390625000000000e+02,1.234339514999478098e+02
5.175000000000126832e+00,4.202671003983182914e+02,4.928135019828085461e+01,-7.196243453362954900e-01,7.196484375000000000e+02,1.232846282660777746e+02
5.177500000000127223e+00,4.203902631360637656e+02,4.920935874403809152e+01,-7.136409573048825283e-01,7.135546875000000000e+02,1.231166399374819207e+02
5.180000000000127613e+00,4.205132455730214929e+02,4.913679306243417955e+01,-7.297503347179153943e-01,7.297265625000001137e+02,1.229468124783114007e+02
5.182500000000128004e+00,4.206360462684224331e+02,4.906364389144822269e+01,-6.875466006217503256e-01,6.874218750000000000e+02,1.227744660608158966e+02
5.185000000000128395e+00,4.207586637582886624e+02,4.898990188103868348e+01,-7.910568387882643826e-01,7.911328125000000000e+02,1.226014889869147595e+02
5.187500000000128786e+00,4.208810965552005428e+02,4.891555754808838685e+01,-5.901915183073030979e-01,5.899218749999998863e+02,1.224207437330203021e+02
5.190000000000129177e+00,4.210033431479870956e+02,4.884060137491717057e+01,-7.398617905543012352e-01,7.399218749999998863e+02,1.222575159858233036e+02
5.192500000000129567e+00,4.211254020016152708e+02,4.876502363866512013e+01,-6.639108460729262751e-01,6.637500000000000000e+02,1.220759211138339282e+02
5.195000000000129958e+00,4.212472715566738657e+02,4.868881459535861467e+01,-8.234732610258440610e-01,8.235937500000000000e+02,1.218956514981079664e+02
5.197500000000130349e+00,4.213689502293527198e+02,4.861196437008296556e+01,-6.220210307294743446e-01,6.217968750000000000e+02,1.217001880997184173e+02
5.200000000000130740e+00,4.214904364111303039e+02,4.853446311464598750e+01,-8.109691024678384874e-01,8.110546875000000000e+02,1.215208176303259933e+02
5.202500000000131131e+00,4.216117284903378959e+02,4.845664931313240231e+01,-6.079593777845608837e-01,6.077343750000000000e+02,1.213223891077412020e+02
5.205000000000131521e+00,4.217328260519611263e+02,4.837886262370285095e+01,-7.809632567568122186e-01,7.810546875000000000e+02,1.211409105635451056e+02
5.207500000000131912e+00,4.218537291594941507e+02,4.830109550690649911e+01,-6.062229885696102105e-01,6.059765624999998863e+02,1.209411963433763049e+02
5.210000000000132303e+00,4.219744378577237285e+02,4.822334077226981464e+01,-7.735351818724175432e-01,7.736718750000000000e+02,1.207550901298326522e+02
5.212500000000132694e+00,4.220949521735986423e+02,4.814559136944335904e+01,-6.153250041790192526e-01,6.151171875000000000e+02,1.205506937735413828e+02
5.215000000000133085e+00,4.222152721165679168e+02,4.806784055934431166e+01,-7.889882151637068741e-01,7.891406250000000000e+02,1.203575810559105861e+02
5.217500000000133475e+00,4.223353976793541733e+02,4.799008172093918034e+01,-6.100483219776891008e-01,6.098437500000001137e+02,1.201459749071474903e+02
5.220000000000133866e+00,4.224553288382399501e+02,4.791230851701563864e+01,-7.753623910203689684e-01,7.754296874999998863e+02,1.199487466756840064e+02
5.222500000000134257e+00,4.225750655537680132e+02,4.783451469117704846e+01,-6.200609680182245231e-01,6.198046875000000000e+02,1.197330373521440521e+02
5.225000000000134648e+00,4.226946077709294514e+02,4.775669423168666583e+01,-7.900655257304796120e-01,7.901953125000001137e+02,1.195284849279258168e+02
5.227500000000135039e+00,4.228139554197737198e+02,4.767884119163120005e+01,-6.168923931050627196e-01,6.166406250000000000e+02,1.193053466283476070e+02
5.230000000000135429e+00,4.229331084155636518e+02,4.760094984615539460e+01,-7.816828038112433319e-01,7.817578125000000000e+02,1.190960110360564954e+02
5.232500000000135820e+00,4.230520666593219516e+02,4.752301450427528806e+01,-6.223318881106290057e-01,6.221484375000000000e+02,1.188680623883367247e+02
5.235000000000136211e+00,4.231708300379057164e+02,4.744502966673008615e+01,-7.868845306555783958e-01,7.870312499999998863e+02,1.186521576651055341e+02
5.237500000000136602e+00,4.232893984244831813e+02,4.736698985142096063e+01,-6.238011406489567534e-01,6.235546875000000000e+02,1.184176327980008807e+02
5.240000000000136993e+00,4.234077716785694179e+02,4.728888974649582622e+01,-7.856924863334966425e-01,7.857421875000000000e+02,1.181958405013515403e+02
5.242500000000137383e+00,4.235259496464472591e+02,4.721072403778211424e+01,-6.272583692968267677e-01,6.270703125000000000e+02,1.179554141629504329e+02
5.245000000000137774e+00,4.236439321611534865e+02,4.713248755724358574e+01,-7.868435676649682131e-01,7.869140625000000000e+02,1.177272647540197283e+02
5.247500000000138165e+00,4.237617190428408094e+02,4.705417511779506157e+01,-6.300892254392868042e-01,6.298828125000000000e+02,1.174805361476687864e+02
5.250000000000138556e+00,4.238793100987238631e+02,4.697578165888481294e+01,-7.868882601390727594e-01,7.870312499999998863e+02,1.172460544060972722e+02
5.252500000000138947e+00,4.239967051044635014e+02,4.689699710987611780e+01,-6.327732620753915294e-01,6.325781250000000000e+02,1.169930356240671898e+02
5.255000000000139337e+00,4.241139027542097892e+02,4.681751205490201784e+01,-7.866169705045988891e-01,7.866796875000001137e+02,1.167520262582637685e+02
5.257500000000139728e+00,4.242309012940117441e+02,4.673732169961262173e+01,-6.356029032669424650e-01,6.353906250000000000e+02,1.164924670399554856e+02
5.260000000000140119e+00,4.243476989579432939e+02,4.665642134958800824e+01,-7.859719245731182635e-01,7.860937500000000000e+02,1.162446085747781410e+02
5.262500000000140510e+00,4.244642939683604936e+02,4.657480626864888507e+01,-6.383461330565010083e-01,6.380859375000000000e+02,1.159782477361381154e+02
5.265000000000140901e+00,4.245806845357982411e+02,4.649247183628609292e+01,-7.850114562943162344e-01,7.851562499999998863e+02,1.157232449703449788e+02
5.267500000000141291e+00,4.246968688592684771e+02,4.640941340793781222e+01,-6.411936125185134783e-01,6.410156250000000000e+02,1.154497928466660852e+02
5.270000000000141682e+00,4.248128451262006138e+02,4.632562647098961861e+01,-7.837057515410644770e-01,7.837500000000001137e+02,1.151873065870919959e+02
5.272500000000142073e+00,4.249286115127797530e+02,4.624110650678214540e+01,-6.442680447919625353e-01,6.440625000000000000e+02,1.149064600903186744e+02
5.275000000000142464e+00,4.250441661839336120e+02,4.615584914584649567e+01,-7.821892633798441796e-01,7.822265625000001137e+02,1.146361136084020131e+02
5.277500000000142855e+00,4.251595072937140571e+02,4.606985003305406678e+01,-6.473230897136361683e-01,6.471093750000000000e+02,1.143475482437472976e+02
5.280000000000143245e+00,4.252746329853357565e+02,4.598310498208780217e+01,-7.802930023096401602e-01,7.803515625000000000e+02,1.140689938609796741e+02
5.282500000000143636e+00,4.253895413916076222e+02,4.589560984452383963e+01,-6.504837427781497983e-01,6.502734375000000000e+02,1.137723918785409438e+02
5.285000000000144027e+00,4.255042306350309786e+02,4.580736066105431092e+01,-7.780738104337715511e-01,7.781250000000000000e+02,1.134852469029161313e+02
5.287500000000144418e+00,4.256186988282804577e+02,4.571835353389796097e+01,-6.538442111805412571e-01,6.536718750000000000e+02,1.131802655834301419e+02
5.290000000000144809e+00,4.257329440743629334e+02,4.562858477605500696e+01,-7.755080322107755775e-01,7.755468750000000000e+02,1.128841202267022368e+02
5.292500000000145199e+00,4.258469644671533274e+02,4.553805078855018706e+01,-6.574176698870783930e-01,6.571875000000000000e+02,1.125704076575858608e+02
5.295000000000145590e+00,4.259607580916194252e+02,4.544674820676357996e+01,-7.727007176797354715e-01,7.727343750000000000e+02,1.122648309038587797e+02
5.297500000000145981e+00,4.260743230244177653e+02,4.535467378197915878e+01,-6.611815275109389489e-01,6.610546875000001137e+02,1.119420084571671907e+02
5.300000000000146372e+00,4.261876573341883159e+02,4.526182452409806700e+01,-7.693829842355588422e-01,7.694531250000001137e+02,1.116265708203032574e+02
5.302500000000146763e+00,4.263007590592195584e+02,4.516782052390853153e+01,-6.650365784527680901e-01,6.649218750000000000e+02,1.112942421031432900e+02
5.305000000000147153e+00,4.264136249076509557e+02,4.507227744611262210e+01,-7.658697819695734488e-01,7.659375000000000000e+02,1.109683361771215289e+02
5.307500000000147544e+00,4.265262510261089801e+02,4.497518551856385471e+01,-6.690917573079184777e-01,6.689062500000000000e+02,1.106258381504750474e+02
5.310000000000147935e+00,4.266386335372516214e+02,4.487653587497081276e+01,-7.621123732002677009e-01,7.621875000000001137e+02,1.102887086359597362e+02
5.312500000000148326e+00,4.267507685420675330e+02,4.477632049294152949e+01,-6.733595123910314229e-01,6.732421875000000000e+02,1.099353340584628569e+02
5.315000000000148717e+00,4.268626521220144241e+02,4.467453236933154415e+01,-7.578069464131407251e-01,7.578515624999998863e+02,1.095862056541304526e+02
5.317500000000149107e+00,4.269742803416054358e+02,4.457116546919125710e+01,-6.781125370102948358e-01,6.779296875000001137e+02,1.092212540303765564e+02
5.320000000000149498e+00,4.270856492508622182e+02,4.446621490098433327e+01,-7.532134092828658423e-01,7.532812500000000000e+02,1.088592653295449963e+02
5.322500000000149889e+00,4.271967548882139454e+02,4.435967687702174089e+01,-6.830353587184456732e-01,6.828515625000000000e+02,1.084819850085391977e+02
5.325000000000150280e+00,4.273075932832926469e+02,4.425154888598780900e+01,-7.482146136928307101e-01,7.482421875000001137e+02,1.081063027899258771e+02
5.327500000000150671e+00,4.274181604601666322e+02,4.414182966600642288e+01,-6.883757321395203022e-01,6.882421875000000000e+02,1.077159262558310502e+02
5.330000000000151061e+00,4.275284524405020079e+02,4.403051937189010090e+01,-7.427250322188634346e-01,7.427343750000001137e+02,1.073256569120067923e+02
5.332500000000151452e+00,4.276384652471510321e+02,4.391761956392945621e+01,-6.939961515147217153e-01,6.938671875000000000e+02,1.069214200531065160e+02
5.335000000000151843e+00,4.277481949077046579e+02,4.380313336595494889e+01,-7.370587892700218857e-01,7.369921875000001137e+02,1.065156565099445629e+02
5.337500000000152234e+00,4.278576374584491759e+02,4.368706546943263191e+01,-6.996915264100400655e-01,6.996093750000001137e+02,1.060967394801167671e+02
5.340000000000152625e+00,4.279667889483263821e+02,4.356942228086080604e+01,-7.313348481144313906e-01,7.312500000000000000e+02,1.056745882652735418e+02
5.342500000000153015e+00,4.280756454432700480e+02,4.345021194236405648e+01,-7.050286775217331492e-01,7.050000000000000000e+02,1.052401647448592286e+02
5.345000000000153406e+00,4.281842030305867866e+02,4.332944446438084185e+01,-7.260809958702404421e-01,7.260937500000001137e+02,1.048007727303091201e+02
5.347500000000153797e+00,4.282924578236763296e+02,4.320713176335583228e+01,-7.093511144193987983e-01,7.092187500000000000e+02,1.043499578897080511e+02
5.350000000000154188e+00,4.284004059668387754e+02,4.308328777813782295e+01,-7.222162515240648784e-01,7.222265625000000000e+02,1.038925442871043572e+02
5.352500000000154579e+00,4.285080436742468351e+02,4.295846447078415054e+01,-7.125768285282512160e-01,7.125000000000001137e+02,1.034243827780687184e+02
5.355000000000154969e+00,4.286153690762678252e+02,4.283320630636396942e+01,-7.193812573773427088e-01,7.192968750000000000e+02,1.029484658596151831e+02
5.357500000000155360e+00,4.287223810889349807e+02,4.270751927713670426e+01,-7.148579522108510220e-01,7.148437500000000000e+02,1.024623725336270752e+02
5.360000000000155751e+00,4.288290786437347606e+02,4.258141022135229292e+01,-7.175328347544317475e-01,7.174218750000000000e+02,1.019676430192476317e+02
5.362500000000156142e+00,4.289354606897256303e+02,4.245488681742207859e+01,-7.160545443535507593e-01,7.160156250000000000e+02,1.014631118921390964e+02
5.365000000000156533e+00,4.290415261956388235e+02,4.232795759258029022e+01,-7.167236646418024826e-01,7.167187500000000000e+02,1.009493271341169702e+02
5.367500000000156923e+00,4.291472741520033196e+02,4.220063192224284165e+01,-7.162787074579458624e-01,7.162499999999998863e+02,1.004258763961006480e+02
5.370000000000157314e+00,4.292527035732659897e+02,4.207292003234878308e+01,-7.164842857308815205e-01,7.164843750000001137e+02,9.989285382182937667e+01
5.372500000000157705e+00,4.293578134999187341e+02,4.194483299846388746e+01,-7.163067253201043094e-01,7.162499999999998863e+02,9.935009331507055208e+01
5.375000000000158096e+00,4.294626030006218116e+02,4.181638274529792199e+01,-7.164155581721262100e-01,7.163671875000000000e+02,9.879759147443148493e+01
5.377500000000158487e+00,4.295670711743263723e+02,4.168758204397716582e+01,-7.163213969340321841e-01,7.162499999999998863e+02,9.823525650998435310e+01
5.380000000000158877e+00,4.296712171523880670e+02,4.155844450946189994e+01,-7.163419887330928493e-01,7.162499999999998863e+02,9.766308026115216023e+01
5.382500000000159268e+00,4.297750401006757102e+02,4.142898459591363292e+01,-7.163216610486620173e-01,7.162499999999998863e+02,9.708101325629220923e+01
5.385000000000159659e+00,4.298785392216653349e+02,4.129921759055363140e+01,-7.162619487046931743e-01,7.162499999999998863e+02,9.648904738312765517e+01
5.387500000000160050e+00,4.299817137565192411e+02,4.116915960678275610e+01,-7.161648881484425910e-01,7.161328125000000000e+02,9.588718509880190766e+01
5.390000000000160441e+00,4.300845629871476490e+02,4.103882757604932863e+01,-7.161710074558542694e-01,7.161328125000000000e+02,9.527543330807293387e+01
5.392500000000160831e+00,4.301870862382480709e+02,4.090823923744878243e+01,-7.161386466009089791e-01,7.161328125000000000e+02,9.465379274346075533e+01
5.395000000000161222e+00,4.302892828793185913e+02,4.077741312672750951e+01,-7.160718203182923070e-01,7.160156250000000000e+02,9.402230583331690639e+01
5.397500000000161613e+00,4.303911523266425547e+02,4.064636856334745829e+01,-7.160950253103378627e-01,7.160156250000000000e+02,9.338102165235906682e+01
5.400000000000162004e+00,4.304926940452405688e+02,4.051512563663548860e+01,-7.160914097937038925e-01,7.160156250000000000e+02,9.272998721777719311e+01
5.402500000000162395e+00,4.305939075553870907e+02,4.038377363490268834e+01,-7.160744249165792441e-01,7.160156250000000000e+02,9.206929850218784850e+01
5.405000000000162785e+00,4.306947926680850856e+02,4.025239756237967725e+01,-7.160452296785264625e-01,7.160156250000000000e+02,9.139907007706392505e+01
5.407500000000163176e+00,4.307953493313752347e+02,4.012101220524890266e+01,-7.160039435178412459e-01,7.158984375000000000e+02,9.071943225511837738e+01
5.410000000000163567e+00,4.308955775305680049e+02,3.998963288008563666e+01,-7.160574154486912812e-01,7.160156250000000000e+02,9.003052594760991667e+01
5.412500000000163958e+00,4.309954772895587780e+02,3.985827541413917174e+01,-7.159995268317969064e-01,7.158984375000000000e+02,8.933250066176995574e+01
5.415000000000164349e+00,4.310950486720932986e+02,3.972695612598120363e+01,-7.160297672348691078e-01,7.160156250000000000e+02,8.862555377692179093e+01
5.417500000000164739e+00,4.311942917829852604e+02,3.959569180509235053e+01,-7.159593052177438688e-01,7.158984375000000000e+02,8.790987118364429875e+01
5.420000000000165130e+00,4.312932067692814826e+02,3.946449969099602129e+01,-7.159753733356486460e-01,7.158984375000000000e+02,8.718568465598146133e+01
5.422500000000165521e+00,4.313917938213748471e+02,3.933339745167487678e+01,-7.159847314061350554e-01,7.158984375000000000e+02,8.645321107635683688e+01
5.425000000000165912e+00,4.314900531740636893e+02,3.920240316139673808e+01,-7.159876233772448639e-01,7.158984375000000000e+02,8.571270583574947466e+01
5.427500000000166303e+00,4.315879851075543456e+02,3.907153527818604033e+01,-7.159859332551034017e-01,7.158984375000000000e+02,8.496444237288950774e+01
5.430000000000166693e+00,4.316855899484078805e+02,3.894081262096104723e+01,-7.159816868599849782e-01,7.158984375000000000e+02,8.420871255900951269e+01
5.432500000000167084e+00,4.317828680704294584e+02,3.881025434615834513e+01,-7.159756679304583038e-01,7.158984375000000000e+02,8.344582592832452406e+01
5.435000000000167475e+00,4.318798198954985992e+02,3.867987992399496022e+01,-7.159675777363295746e-01,7.158984375000000000e+02,8.267610930245295719e+01
5.437500000000167866e+00,4.319764458943400314e+02,3.854970911405541045e+01,-7.159596926716591536e-01,7.158984375000000000e+02,8.189990741066442581e+01
5.440000000000168257e+00,4.320727465872333255e+02,3.841976194046882398e+01,-7.159525957052258471e-01,7.158984375000000000e+02,8.111758133119143110e+01
5.442500000000168647e+00,4.321687225446601133e+02,3.829005866711599282e+01,-7.159463784737478687e-01,7.158984375000000000e+02,8.032950849928948855e+01
5.445000000000169038e+00,4.322643743878894611e+02,3.816061977236599034e+01,-7.159434571618227272e-01,7.158984375000000000e+02,7.953608164082149301e+01
5.447500000000169429e+00,4.323597027894995790e+02,3.803146592342691434e+01,-7.159425291085802501e-01,7.158984375000000000e+02,7.873770818523188098e+01
5.450000000000169820e+00,4.324547084738355238e+02,3.790261795055621974e+01,-7.159686029379785932e-01,7.158984375000000000e+02,7.793480996166630348e+01
5.452500000000170211e+00,4.325493922246050147e+02,3.777418789851092384e+01,-7.160421287214789876e-01,7.160156250000000000e+02,7.712783166170657978e+01
5.455000000000170601e+00,4.326437551900390872e+02,3.764626644291140423e+01,-7.161243557999948939e-01,7.160156250000000000e+02,7.631723427278122074e+01
5.457500000000170992e+00,4.327377986354929931e+02,3.751884274196195435e+01,-7.162521360049726171e-01,7.162499999999998863e+02,7.550349131298108318e+01
5.460000000000171383e+00,4.328315237992781590e+02,3.739190606467517597e+01,-7.163652707523558982e-01,7.162499999999998863e+02,7.468707701722863135e+01
5.462500000000171774e+00,4.329249318929419701e+02,3.726544579617866049e+01,-7.165272758347180915e-01,7.164843750000001137e+02,7.386847774420851920e+01
5.465000000000172165e+00,4.330180241015615366e+02,3.713945144413402488e+01,-7.166908847335223820e-01,7.166015625000001137e+02,7.304817092891916275e+01
5.467500000000172555e+00,4.331108015840539451e+02,3.701391264639030965e+01,-7.168864152097618181e-01,7.168359375000000000e+02,7.222664252682552899e+01
5.470000000000172946e+00,4.332032654735064057e+02,3.688881917953283818e+01,-7.171022843673430236e-01,7.170703125000000000e+02,7.140437064631126418e+01
5.472500000000173337e+00,4.332954168775283961e+02,3.676416096854162419e+01,-7.173487316037945316e-01,7.173046874999998863e+02,7.058183238317168673e+01
5.475000000000173728e+00,4.333872568786282500e+02,3.663992809734875067e+01,-7.176372510322512888e-01,7.175390625000000000e+02,6.975949641685676283e+01
5.477500000000174118e+00,4.334787865346170292e+02,3.651611082029497624e+01,-7.179764552754498430e-01,7.178906250000001137e+02,6.893782195452048711e+01
5.480000000000174509e+00,4.335700068790410455e+02,3.639269957433579350e+01,-7.183747619477240942e-01,7.183593750000000000e+02,6.811725845169983984e+01
5.482500000000174900e+00,4.336609189216457594e+02,3.626968499216995667e+01,-7.188497567199418903e-01,7.188281250000000000e+02,6.729824261854437850e+01
5.485000000000175291e+00,4.337515236488728760e+02,3.614705791603559959e+01,-7.194234522370003271e-01,7.194140625000000000e+02,6.648119402952670498e+01
5.487500000000175682e+00,4.338418220243920018e+02,3.602480941211057086e+01,-7.201232802841576186e-01,7.201171875000000000e+02,6.566651236925945057e+01
5.490000000000176072e+00,4.339318149896690784e+02,3.590293078566442375e+01,-7.209862160317956903e-01,7.209375000000001137e+02,6.485457373780403145e+01
5.492500000000176463e+00,4.340215034645727314e+02,3.578141359668561705e+01,-7.220602661745365580e-01,7.219921875000001137e+02,6.404572646042906570e+01
5.495000000000176854e+00,4.341108883480201825e+02,3.566024967610301388e+01,-7.234146697618615285e-01,7.233984375000000000e+02,6.324028613263434551e+01
5.497500000000177245e+00,4.341999705186639176e+02,3.553943114250155588e+01,-7.251571492864636870e-01,7.251562500000000000e+02,6.243852580035321864e+01
5.500000000000177636e+00,4.342887508356205331e+02,3.541895041930112598e+01,-7.273778860118679246e-01,7.272656250000000000e+02,6.164066325362186660e+01
5.502500000000178026e+00,4.343772301477198994e+02,3.529899067890028874e+01,-7.301877631760920195e-01,7.300781250000001137e+02,6.084687401592663747e+01
5.505000000000178417e+00,4.344654099686327413e+02,3.517978109721492785e+01,-7.338377003228511164e-01,7.338281250000000000e+02,6.005727144983131183e+01
5.507500000000178808e+00,4.345532922085636756e+02,3.506138273536214456e+01,-7.386777041554433154e-01,7.386328125000000000e+02,5.927186690902836830e+01
5.510000000000179199e+00,4.346408789296469877e+02,3.494385531344149598e+01,-7.451281222293156814e-01,7.450781249999998863e+02,5.849054036844318460e+01
5.512500000000179590e+00,4.347281723425210771e+02,3.482725708199140513e+01,-7.537921910571852013e-01,7.537500000000001137e+02,5.771300959839011568e+01
5.515000000000179980e+00,4.348151748025826464e+02,3.471164469600694247e+01,-7.654219023802100175e-01,7.653515625000000000e+02,5.693877702398534524e+01
5.517500000000180371e+00,4.349018888059275696e+02,3.459707309332952008e+01,-7.807918543162147840e-01,7.807031250000000000e+02,5.616709132612053423e+01
5.520000000000180762e+00,4.349883169849915703e+02,3.448359537987989398e+01,-8.003304190972394538e-01,8.002734375000000000e+02,5.539696002660395635e+01
5.522500000000181153e+00,4.350744621039075923e+02,3.437126272157379958e+01,-8.232474290209901291e-01,8.232421875000000000e+02,5.462730898032999249e+01
5.525000000000181544e+00,4.351603270535969727e+02,3.426012424318033567e+01,-8.468724722895430990e-01,8.467968750000001137e+02,5.385730446768095447e+01
5.527500000000181934e+00,4.352459148466116972e+02,3.415022693402301002e+01,-8.670478383545690004e-01,8.669531249999998863e+02,5.308695385426392477e+01
5.530000000000182325e+00,4.353312286117443364e+02,3.404161555915697335e+01,-8.810441569474283252e-01,8.810156250000000000e+02,5.231729181190667077e+01
5.532500000000182716e+00,4.354162715884185673e+02,3.393433257420825555e+01,-8.893726144245762688e-01,8.893359374999998863e+02,5.154998989423016553e+01
5.535000000000183107e+00,4.355010471208684635e+02,3.382841804306589495e+01,-8.938990171359982861e-01,8.937890625000000000e+02,5.078660135296704681e+01
5.537500000000183498e+00,4.355855586521134910e+02,3.372390956056941747e+01,-8.962345622134086920e-01,8.961328124999998863e+02,5.002827526787738321e+01
5.540000000000183888e+00,4.356698097177444424e+02,3.362084218197737329e+01,-8.973490398812579150e-01,8.973046875000000000e+02,4.927581450025206067e+01
5.542500000000184279e+00,4.357538039395367377e+02,3.351924836038251954e+01,-8.978165590049620448e-01,8.977734375000000000e+02,4.852980493003857276e+01
5.545000000000184670e+00,4.358375450189121807e+02,3.341915789294635886e+01,-8.980091386912677498e-01,8.980078125000000000e+02,4.779069395559395872e+01
5.547500000000185061e+00,4.359210367302717373e+02,3.332059787616390167e+01,-8.980541785871201110e-01,8.980078125000000000e+02,4.705883788833531156e+01
5.550000000000185452e+00,4.360042829142211644e+02,3.322359267000435068e+01,-8.980868804331484379e-01,8.980078125000000000e+02,4.633454541355441592e+01
5.552500000000185842e+00,4.360872874513730153e+02,3.312783230343373475e+01,-8.980972220006057105e-01,8.980078125000000000e+02,4.561804899807264491e+01
5.555000000000186233e+00,4.361700531069519116e+02,3.303298844661455291e+01,-8.980850649370770711e-01,8.980078125000000000e+02,4.490955069035133107e+01
5.557500000000186624e+00,4.362525821689191048e+02,3.293905520293249367e+01,-8.980456299771510942e-01,8.980078125000000000e+02,4.420923508440100136e+01
5.560000000000187015e+00,4.363348769104747475e+02,3.284602664524489057e+01,-8.979775336549635778e-01,8.978906250000000000e+02,4.351726992100770985e+01
5.562500000000187406e+00,4.364169395899862707e+02,3.275389682540579628e+01,-8.979613291294189503e-01,8.978906250000000000e+02,4.283380198959830665e+01
5.565000000000187796e+00,4.364987724509418285e+02,3.266265978341205312e+01,-8.979138721325171657e-01,8.978906250000000000e+02,4.215895077987173067e+01
5.567500000000188187e+00,4.365803777219255153e+02,3.257230955646112136e+01,-8.978333278840079368e-01,8.977734375000000000e+02,4.149283485436997410e+01
5.570000000000188578e+00,4.366617576166153185e+02,3.248284018776065807e+01,-8.978063529809978682e-01,8.977734375000000000e+02,4.083555271879357207e+01
5.572500000000188969e+00,4.367429143338032418e+02,3.239424573508951255e+01,-8.977444392039198862e-01,8.976562500000000000e+02,4.018717659848071122e+01
5.575000000000189360e+00,4.368238500574365162e+02,3.230652027926497283e+01,-8.977383755189004555e-01,8.976562500000000000e+02,3.954777552337249347e+01
5.577500000000189750e+00,4.369045669566798438e+02,3.221965793209065509e+01,-8.976960777657649881e-01,8.976562500000000000e+02,3.891739293790337229e+01
5.580000000000190141e+00,4.369850671859971953e+02,3.213365284417514545e+01,-8.976157563015418894e-01,8.975390625000000000e+02,3.829607534545726821e+01
5.582500000000190532e+00,4.370653528852532759e+02,3.204849921234923471e+01,-8.975950862429978860e-01,8.975390625000000000e+02,3.768385196029255724e+01
5.585000000000190923e+00,4.371454261798330663e+02,3.196419128663531595e+01,-8.975351081031353040e-01,8.974218750000000000e+02,3.708072820447669216e+01
5.587500000000191314e+00,4.372252891807788160e+02,3.188072337714252313e+01,-8.975388654807938682e-01,8.974218750000000000e+02,3.648670997504749636e+01
5.590000000000191704e+00,4.373049439849438045e+02,3.179808986034667839e+01,-8.975025253094566224e-01,8.974218750000000000e+02,3.590178008414411437e+01
5.592500000000192095e+00,4.373843926751619051e+02,3.171628518523109364e+01,-8.974272914232205300e-01,8.974218750000000000e+02,3.532592872773637538e+01
5.595000000000192486e+00,4.374636373204322695e+02,3.163530387890015660e+01,-8.973124703940001945e-01,8.973046875000000000e+02,3.475913661179222913e+01
5.597500000000192877e+00,4.375426799761174266e+02,3.155514055194397471e+01,-8.972675020434943693e-01,8.971875000000001137e+02,3.420137060023563436e+01
5.600000000000193268e+00,4.376215226841551953e+02,3.147578990329326842e+01,-8.972921193773214510e-01,8.971875000000001137e+02,3.365257172840480138e+01
5.602500000000193658e+00,4.377001674785193472e+02,3.139733186094494499e+01,-8.972708767105704863e-01,8.971875000000001137e+02,3.311268708482460710e+01
5.605000000000194049e+00,4.377786166788791320e+02,3.131984688059838007e+01,-8.972033608443107378e-01,8.971875000000001137e+02,3.258167764931604182e+01
5.607500000000194440e+00,4.378568727154203089e+02,3.124333043874410265e+01,-8.970893277254448073e-01,8.970703125000001137e+02,3.205949765574662536e+01
5.610000000000194831e+00,4.379349380068490518e+02,3.116777771354838222e+01,-8.970465342780712392e-01,8.969531250000000000e+02,3.154608935246156776e+01
5.612500000000195222e+00,4.380128149596509388e+02,3.109318359400255005e+01,-8.970753448075686753e-01,8.970703125000001137e+02,3.104137047042941688e+01
5.615000000000195612e+00,4.380905059673736446e+02,3.101954268952815497e+01,-8.969352771788936529e-01,8.968359375000001137e+02,3.054526411492782501e+01
5.617500000000196003e+00,4.381680134099332236e+02,3.094684933932553861e+01,-8.969927448631965783e-01,8.969531250000000000e+02,3.005770894156535533e+01
5.620000000000196394e+00,4.382453396529439260e+02,3.087509762174971328e+01,-8.968769245677663537e-01,8.968359375000001137e+02,2.957859957603957213e+01
5.622500000000196785e+00,4.383224870470713199e+02,3.080428136408510298e+01,-8.968382625645250350e-01,8.968359375000001137e+02,2.910787148060410701e+01
5.625000000000197176e+00,4.383994579274101966e+02,3.073439415197178093e+01,-8.967498914482959771e-01,8.967187500000000000e+02,2.864542441116935834e+01
5.627500000000197566e+00,4.384762546128857252e+02,3.066542933890521283e+01,-8.967415720495216513e-01,8.967187500000000000e+02,2.819116806120421970e+01
5.630000000000197957e+00,4.385528794056784818e+02,3.059738005565311170e+01,-8.966837911136530392e-01,8.966015625000000000e+02,2.774499567175754677e+01
5.632500000000198348e+00,4.386293345906730110e+02,3.053023921980577882e+01,-8.967106841453054145e-01,8.966015625000000000e+02,2.730681112951705458e+01
5.635000000000198739e+00,4.387056224349301488e+02,3.046399954527938903e+01,-8.966874500943602389e-01,8.966015625000000000e+02,2.687650244059111770e+01
5.637500000000199130e+00,4.387817451871831622e+02,3.039865355163751204e+01,-8.966145048302839315e-01,8.966015625000000000e+02,2.645397489279477909e+01
5.640000000000199520e+00,4.388577050773572523e+02,3.033419357354573975e+01,-8.964928220024400707e-01,8.964843750000001137e+02,2.603913202249827918e+01
5.642500000000199911e+00,4.389335043161126464e+02,3.027061176982615365e+01,-8.964612704372086904e-01,8.963671875000000000e+02,2.563187021396167964e+01
5.645000000000200302e+00,4.390091450944097460e+02,3.020790013246735484e+01,-8.965213628326157425e-01,8.964843750000001137e+02,2.523206525469480255e+01
5.647500000000200693e+00,4.390846295830973531e+02,3.014605049574009499e+01,-8.963918634957622755e-01,8.963671875000000000e+02,2.483960350307106779e+01
5.650000000000201084e+00,4.391599599325235772e+02,3.008505454510329002e+01,-8.963896115921397012e-01,8.963671875000000000e+02,2.445439741424405966e+01
5.652500000000201474e+00,4.392351382555002033e+02,3.002464098660203007e+01,-8.964104730506003982e-01,8.963671875000000000e+02,2.407629764059378630e+01
5.655000000000201865e+00,4.393101657237070299e+02,2.996454371076584167e+01,-8.964630173732449636e-01,8.963671875000000000e+02,2.370516396314812368e+01
5.657500000000202256e+00,4.393850431274153721e+02,2.990476233863503097e+01,-8.965551533722037059e-01,8.964843750000001137e+02,2.334085797172176058e+01
5.660000000000202647e+00,4.394597712564600442e+02,2.984529739110173097e+01,-8.965423320166499010e-01,8.964843750000001137e+02,2.298324920413647021e+01
5.662500000000203038e+00,4.395343509024850732e+02,2.978615028202770887e+01,-8.965843333023599815e-01,8.964843750000001137e+02,2.263222362213959471e+01
5.665000000000203428e+00,4.396087828611717896e+02,2.972732331079292223e+01,-8.966897749119984162e-01,8.966015625000000000e+02,2.228764924088536858e+01
5.667500000000203819e+00,4.396830679344484452e+02,2.966881965404757793e+01,-8.967035552583860758e-01,8.966015625000000000e+02,2.194940245103225962e+01
5.670000000000204210e+00,4.397572069326784572e+02,2.961064335708503847e+01,-8.967929568888860503e-01,8.967187500000000000e+02,2.161737709316257749e+01
5.672500000000204601e+00,4.398312006768269384e+02,2.955279932420094369e+01,-8.967974399166496191e-01,8.967187500000000000e+02,2.129145490169530319e+01
5.675000000000204992e+00,4.399050500006023299e+02,2.949529330838619501e+01,-8.968890193587107929e-01,8.968359375000001137e+02,2.097153542325134268e+01
5.677500000000205382e+00,4.399787557525723400e+02,2.943813190036159355e+01,-8.969002621582866652e-01,8.968359375000001137e+02,2.065750598716142505e+01
5.680000000000205773e+00,4.400523187982515196e+02,2.938132251675158813e+01,-8.970088371340677602e-01,8.969531250000000000e+02,2.034927220134077430e+01
5.682500000000206164e+00,4.401257400221592775e+02,2.932487338744770256e+01,-8.970393923763968491e-01,8.969531250000000000e+02,2.004672723259637124e+01
5.685000000000206555e+00,4.401990203298454958e+02,2.926879354203698824e+01,-8.971759038422882915e-01,8.970703125000001137e+02,1.974978307882448902e+01
5.687500000000206946e+00,4.402721606498816982e+02,2.921309279514640167e+01,-8.972360744565116564e-01,8.971875000000001137e+02,1.945833890846333958e+01
5.690000000000207336e+00,4.403451619358152698e+02,2.915778173094780001e+01,-8.972181102473336667e-01,8.971875000000001137e+02,1.917231988703031931e+01
5.692500000000207727e+00,4.404180251680841138e+02,2.910287168691931825e+01,-8.973139843581695585e-01,8.973046875000000000e+02,1.889164787211580432e+01
5.695000000000208118e+00,4.404907513558903247e+02,2.904837473620234789e+01,-8.973294789612148437e-01,8.973046875000000000e+02,1.861623133753410286e+01
5.697500000000208509e+00,4.405633415390290679e+02,2.899430366904105583e+01,-8.974625998076082301e-01,8.974218750000000000e+02,1.834599886158288840e+01
5.700000000000208900e+00,4.406357967896704508e+02,2.894067197301733785e+01,-8.973476956738679622e-01,8.973046875000000000e+02,1.808086631671117317e+01
5.702500000000209290e+00,4.407081182439947611e+02,2.888793544517439926e+01,-8.972327393110435256e-01,8.971875000000001137e+02,1.782081774389808615e+01
5.705000000000209681e+00,4.407803086108903017e+02,2.883651594111583449e+01,-8.971220126419878760e-01,8.970703125000001137e+02,1.756580879686178420e+01
5.707500000000210072e+00,4.408523711624083603e+02,2.878637695806669328e+01,-8.970197122576859527e-01,8.969531250000000000e+02,1.731579202591354516e+01
5.710000000000210463e+00,4.409243090791232476e+02,2.873748164165010976e+01,-8.969302739079266784e-01,8.968359375000001137e+02,1.707071711703210681e+01
5.712500000000210854e+00,4.409961254492969829e+02,2.868979286276016438e+01,-8.968580194922382010e-01,8.968359375000001137e+02,1.683053103706372866e+01
5.715000000000211244e+00,4.410678232682358271e+02,2.864327329401470124e+01,-8.966068777241432697e-01,8.966015625000000000e+02,1.659518509908001960e+01
5.717500000000211635e+00,4.411394054378373539e+02,2.859788548529438046e+01,-8.965833848600192058e-01,8.964843750000001137e+02,1.636463788708555711e+01
5.720000000000212026e+00,4.412108747663262420e+02,2.855359193809168517e+01,-8.965897869510621732e-01,8.964843750000001137e+02,1.613880589374213770e+01
5.722500000000212417e+00,4.412822339681746939e+02,2.851035517831290633e+01,-8.964319784246599365e-01,8.963671875000000000e+02,1.591763383652252806e+01
5.725000000000212808e+00,4.413534856642041859e+02,2.846813782768365897e+01,-8.963152648043971604e-01,8.962500000000000000e+02,1.570108076723639456e+01
5.727500000000213198e+00,4.414246323818649103e+02,2.842690267311378705e+01,-8.962433772589853964e-01,8.961328124999998863e+02,1.548908079858555631e+01
5.730000000000213589e+00,4.414956765556871687e+02,2.838661273363034354e+01,-8.962207068175823688e-01,8.961328124999998863e+02,1.528156656113995737e+01
5.732500000000213980e+00,4.415666205278988627e+02,2.834723132529360967e+01,-8.960557631040861892e-01,8.960156250000000000e+02,1.507847593796747354e+01
5.735000000000214371e+00,4.416374665492040208e+02,2.830872212340136684e+01,-8.959513370686829070e-01,8.958984374999998863e+02,1.487976117441938584e+01
5.737500000000214762e+00,4.417082167797152579e+02,2.827104922203375992e+01,-8.959109657075382538e-01,8.958984374999998863e+02,1.468535070635564566e+01
5.740000000000215152e+00,4.417788732900337436e+02,2.823417719106125290e+01,-8.957452641409593408e-01,8.956640625000001137e+02,1.449517856840293106e+01
5.742500000000215543e+00,4.418494380624698010e+02,2.819807112998068988e+01,-8.958482882572921246e-01,8.957812500000001137e+02,1.430918686998146150e+01
5.745000000000215934e+00,4.419199129923966325e+02,2.816269671849032008e+01,-8.956422491826170340e-01,8.955468750000001137e+02,1.412729215838089658e+01
5.747500000000216325e+00,4.419902998897284192e+02,2.812802026425423918e+01,-8.957141651161114604e-01,8.956640625000001137e+02,1.394945658575051439e+01
5.750000000000216716e+00,4.420606004805164844e+02,2.809400874734582843e+01,-8.954731850162378493e-01,8.954296875000001137e+02,1.377559528702769676e+01
5.752500000000217106e+00,4.421308164101840816e+02,2.806064910181204652e+01,-8.954849265764361910e-01,8.954296875000001137e+02,1.360567301952698926e+01
5.755000000000217497e+00,4.422009493097415316e+02,2.802792451242216742e+01,-8.953724000303845409e-01,8.953125000000001137e+02,1.343960317408082794e+01
5.757500000000217888e+00,4.422710007454861625e+02,2.799579775375439539e+01,-8.953327347913524470e-01,8.953125000000001137e+02,1.327733464706023980e+01
5.760000000000218279e+00,4.423409721913096178e+02,2.796423278414239988e+01,-8.951845597484894279e-01,8.950781250000001137e+02,1.311880013990705685e+01
5.762500000000218670e+00,4.424108650316789522e+02,2.793319478193908978e+01,-8.953071296830535930e-01,8.951953125000000000e+02,1.296394021350724124e+01
5.765000000000219060e+00,4.424806805647060060e+02,2.790265017701623407e+01,-8.951497482689049212e-01,8.950781250000001137e+02,1.281267136775687021e+01
5.767500000000219451e+00,4.425504200052924375e+02,2.787256667754062178e+01,-8.950907710597466593e-01,8.950781250000001137e+02,1.266495912453540917e+01
5.770000000000219842e+00,4.426200844883396712e+02,2.784291329235917445e+01,-8.949535464578783905e-01,8.948437500000000000e+02,1.252073307355518672e+01
5.772500000000220233e+00,4.426896750720116529e+02,2.781366034888907635e+01,-8.951073107957441266e-01,8.950781250000001137e+02,1.237993079774117788e+01
5.775000000000220624e+00,4.427591927410402377e+02,2.778477950650747275e+01,-8.948365787830891982e-01,8.947265624999998863e+02,1.224247271347336330e+01
5.777500000000221014e+00,4.428286384100615010e+02,2.775624376587228426e+01,-8.950471194830788013e-01,8.949609375000000000e+02,1.210832962660166778e+01
5.780000000000221405e+00,4.428980129269730242e+02,2.772802747414976920e+01,-8.948525611034477967e-01,8.948437500000000000e+02,1.197740150371130419e+01
5.782500000000221796e+00,4.429673170763019243e+02,2.770010632633059444e+01,-8.947959720829404828e-01,8.947265624999998863e+02,1.184966957457409542e+01
5.785000000000222187e+00,4.430365515825743046e+02,2.767245736286639257e+01,-8.948818376572940103e-01,8.948437500000000000e+02,1.172505561203554514e+01
5.787500000000222578e+00,4.431057171136762918e+02,2.764505896365413662e+01,-8.947688489449385774e-01,8.947265624999998863e+02,1.160349290586445470e+01
5.790000000000222968e+00,4.431748142841985327e+02,2.761789083873469863e+01,-8.948132372242765253e-01,8.947265624999998863e+02,1.148494196757020980e+01
5.792500000000223359e+00,4.432438436587551678e+02,2.759093401559620773e+01,-8.948492064673712054e-01,8.948437500000000000e+02,1.136933033888012545e+01
5.795000000000223750e+00,4.433128057552695509e+02,2.756417082339424596e+01,-8.947163996683252796e-01,8.946093750000000000e+02,1.125661032619353996e+01
5.797500000000224141e+00,4.433817010482184742e+02,2.753758487422317458e+01,-8.949324649709479162e-01,8.948437500000000000e+02,1.114673644356442850e+01
5.800000000000224532e+00,4.434505299718283027e+02,2.751116104154823105e+01,-8.948577893567423169e-01,8.948437500000000000e+02,1.103962879402192598e+01
5.802500000000224922e+00,4.435192929232775327e+02,2.748488952995294454e+01,-8.948669213755422458e-01,8.948437500000000000e+02,1.093526732782117072e+01
5.805000000000225313e+00,4.435879902809681425e+02,2.745876418506046690e+01,-8.949668180744483337e-01,8.949609375000000000e+02,1.083359356676189300e+01
5.807500000000225704e+00,4.436566224054519125e+02,2.743277661345628715e+01,-8.949980282684115718e-01,8.949609375000000000e+02,1.073455570578090423e+01
5.810000000000226095e+00,4.437251896365462471e+02,2.740691885330807764e+01,-8.951363879110350030e-01,8.950781250000001137e+02,1.063811632055278089e+01
5.812500000000226485e+00,4.437936922944017510e+02,2.738118335335013498e+01,-8.952234543112013165e-01,8.951953125000000000e+02,1.054422593733503177e+01
5.815000000000226876e+00,4.438621306805162021e+02,2.735556295038871255e+01,-8.952691910415759846e-01,8.951953125000000000e+02,1.045285489988921590e+01
5.817500000000227267e+00,4.439305050786916240e+02,2.733005084520494776e+01,-8.954489329507047124e-01,8.954296875000001137e+02,1.036396923153453642e+01
5.820000000000227658e+00,4.439988157559300817e+02,2.730464057670351607e+01,-8.954406493428631597e-01,8.954296875000001137e+02,1.027752846660921549e+01
5.822500000000228049e+00,4.440670629632637656e+02,2.727932599412475412e+01,-8.955858476439363391e-01,8.955468750000001137e+02,1.019351969138606862e+01
5.825000000000228439e+00,4.441352469365075422e+02,2.725410126725681081e+01,-8.957282615951254190e-01,8.956640625000001137e+02,1.011189949002216260e+01
5.827500000000228830e+00,4.442033678971678796e+02,2.722896142390843366e+01,-8.958778352335105000e-01,8.957812500000001137e+02,1.003264444863397742e+01
5.830000000000229221e+00,4.442714260549761320e+02,2.720390207825328588e+01,-8.960446086970198509e-01,8.960156250000000000e+02,9.955732545873026140e+00
5.832500000000229612e+00,4.443394216086879283e+02,2.717891881592160530e+01,-8.960750311963043835e-01,8.960156250000000000e+02,9.881148656459158630e+00
5.835000000000230003e+00,4.444073547459913129e+02,2.715400715514224217e+01,-8.963057600753671084e-01,8.962500000000000000e+02,9.808886852330411799e+00
5.837500000000230393e+00,4.444752256433238813e+02,2.712916252003605777e+01,-8.964187955188002155e-01,8.963671875000000000e+02,9.738916609909557209e+00
5.840000000000230784e+00,4.445430344656213606e+02,2.710438021027032107e+01,-8.965858756788958051e-01,8.964843750000001137e+02,9.671240878624066895e+00
5.842500000000231175e+00,4.446107813659880321e+02,2.707965536689449237e+01,-8.968139125819509783e-01,8.967187500000000000e+02,9.605845902568196593e+00
5.845000000000231566e+00,4.446784664852797277e+02,2.705498293429174339e+01,-8.969477764524891317e-01,8.968359375000001137e+02,9.542725406098059082e+00
5.847500000000231957e+00,4.447460899515895107e+02,2.703035761826527406e+01,-8.971545129101102800e-01,8.970703125000001137e+02,9.481888355004358004e+00
5.850000000000232347e+00,4.448136518796262067e+02,2.700577384058879460e+01,-8.972763214525552034e-01,8.971875000000001137e+02,9.423332885754357235e+00
5.852500000000232738e+00,4.448811523700165367e+02,2.698122637539981739e+01,-8.974750333757741672e-01,8.974218750000000000e+02,9.367072644169928353e+00
5.855000000000233129e+00,4.449485915108272138e+02,2.695670967684907637e+01,-8.975902116657675789e-01,8.975390625000000000e+02,9.313110751952573096e+00
5.857500000000233520e+00,4.450159693753403189e+02,2.693221714129988342e+01,-8.977790280722051097e-01,8.977734375000000000e+02,9.261466169093552026e+00
5.860000000000233911e+00,4.450832860200914638e+02,2.690774172801300779e+01,-8.978778850646619292e-01,8.977734375000000000e+02,9.212147592127653439e+00
5.862500000000234301e+00,4.451505414837552621e+02,2.688327592376278119e+01,-8.981964046865802409e-01,8.981250000000000000e+02,9.165174362523069718e+00
5.865000000000234692e+00,4.452177357859463314e+02,2.685881171574678916e+01,-8.982525451956657747e-01,8.982421875000000000e+02,9.120548094621367952e+00
5.867500000000235083e+00,4.452848689259580510e+02,2.683434057629876790e+01,-8.983540956463128557e-01,8.982421875000000000e+02,9.078318082246051191e+00
5.870000000000235474e+00,4.453519408814712506e+02,2.680985346339497610e+01,-8.986463878525807747e-01,8.985937500000000000e+02,9.038494060917338757e+00
5.872500000000235865e+00,4.454189516072740389e+02,2.678534084075903365e+01,-8.986502352169600805e-01,8.985937500000000000e+02,9.001086438702438741e+00
5.875000000000236255e+00,4.454859010340443319e+02,2.676079272109566176e+01,-8.988270925402799261e-01,8.987109374999998863e+02,8.966147553613243559e+00
5.877500000000236646e+00,4.455527890672543094e+02,2.673619873504305389e+01,-8.990130294637062036e-01,8.989453125000000000e+02,8.933682032653150529e+00
5.880000000000237037e+00,4.456196155862626256e+02,2.671154822654361993e+01,-8.990512797893265295e-01,8.989453125000000000e+02,8.903720636089012430e+00
5.882500000000237428e+00,4.456863804436594023e+02,2.668683037349758180e+01,-8.992522343967301879e-01,8.991796875000000000e+02,8.876303598745900914e+00
5.885000000000237819e+00,4.457530834649267604e+02,2.666203432980563548e+01,-8.993136939900813198e-01,8.992968750000000000e+02,8.851446478822557751e+00
5.887500000000238209e+00,4.458197244484647399e+02,2.663714938211957417e+01,-8.994008198579827029e-01,8.992968750000000000e+02,8.829197588968458632e+00
5.890000000000238600e+00,4.458863031660147840e+02,2.661216511259427264e+01,-8.996809561280263434e-01,8.996484375000001137e+02,8.809582215884656620e+00
5.892500000000238991e+00,4.459528193634906188e+02,2.658707155713701553e+01,-8.997156065870591801e-01,8.996484375000001137e+02,8.792624118016107104e+00
5.895000000000239382e+00,4.460192727621989093e+02,2.656185934838362428e+01,-8.999388663603479221e-01,8.998828125000002274e+02,8.778387233305551263e+00
5.897500000000239773e+00,4.460856630604054658e+02,2.653651983390317426e+01,-8.999968239987619079e-01,8.998828125000002274e+02,8.766894185937790240e+00
5.900000000000240163e+00,4.461519899351799268e+02,2.651104516341672124e+01,-9.001072752183204573e-01,8.999999999999998863e+02,8.758197853192537963e+00
5.902500000000240554e+00,4.462182530413344352e+02,2.648536831450121909e+01,-8.999429333245229090e-01,8.998828125000002274e+02,8.752332943450094049e+00
5.905000000000240945e+00,4.462844518031283201e+02,2.645941543471618473e+01,-8.996039402461109002e-01,8.995312500000000000e+02,8.749353068839020864e+00
5.907500000000241336e+00,4.463505855212627011e+02,2.643317251185807137e+01,-8.992054631057038172e-01,8.991796875000000000e+02,8.749270278564427628e+00
5.910000000000241727e+00,4.464166534642367310e+02,2.640663069012859410e+01,-8.986165750254635487e-01,8.985937500000000000e+02,8.752062224624259201e+00
5.912500000000242117e+00,4.464826548814316425e+02,2.637978625996260718e+01,-8.980451568021506903e-01,8.980078125000000000e+02,8.757693894833861847e+00
5.915000000000242508e+00,4.465485890157318067e+02,2.635263994974533475e+01,-8.974671381350061150e-01,8.974218750000000000e+02,8.766089442295518452e+00
5.917500000000242899e+00,4.466144551140347403e+02,2.632519575457954986e+01,-8.969029986777532493e-01,8.968359375000001137e+02,8.777166049139207615e+00
5.920000000000243290e+00,4.466802524346667269e+02,2.629745961302135271e+01,-8.964030277744838848e-01,8.963671875000000000e+02,8.790833256920981498e+00
5.922500000000243681e+00,4.467459802514994749e+02,2.626943819834990279e+01,-8.958985278353566173e-01,8.957812500000001137e+02,8.806998378495887181e+00
5.925000000000244071e+00,4.468116378551738990e+02,2.624113798123094199e+01,-8.955922941620745314e-01,8.955468750000001137e+02,8.825574491990453296e+00
5.927500000000244462e+00,4.468772245521611808e+02,2.621256460909204478e+01,-8.951579016016316670e-01,8.950781250000001137e+02,8.846467248173873088e+00
5.930000000000244853e+00,4.469427396624485596e+02,2.618372257125933089e+01,-8.949194573080038184e-01,8.948437500000000000e+02,8.869619057083452773e+00
5.932500000000245244e+00,4.470081825165315763e+02,2.615461508360069587e+01,-8.946719459800276386e-01,8.946093750000000000e+02,8.894944972500779201e+00
5.935000000000245635e+00,4.470735524522195874e+02,2.612524412170027688e+01,-8.944626724952540187e-01,8.943750000000002274e+02,8.922391068037837769e+00
5.937500000000246025e+00,4.471388488115876498e+02,2.609561054243703992e+01,-8.943291418082128796e-01,8.942578125000001137e+02,8.951901284684566917e+00
5.940000000000246416e+00,4.472040709382666819e+02,2.606571424946734794e+01,-8.941784566648440791e-01,8.941406250000000000e+02,8.983422811262954610e+00
5.942500000000246807e+00,4.472692181751617682e+02,2.603555437315714727e+01,-8.940380042965567764e-01,8.940234375000000000e+02,9.016917861474105678e+00
5.945000000000247198e+00,4.473342898626211763e+02,2.600512944151691030e+01,-8.939292553171978017e-01,8.939062499999998863e+02,9.052347428416503305e+00
5.947500000000247589e+00,4.473992853371156002e+02,2.597443694354758748e+01,-8.938687044629591849e-01,8.937890625000000000e+02,9.089671386403642472e+00
5.950000000000247979e+00,4.474642039275183834e+02,2.594347227324189120e+01,-8.938586037421669683e-01,8.937890625000000000e+02,9.128848928811279961e+00
5.952500000000248370e+00,4.475290449526696648e+02,2.591226778597983582e+01,-8.937766324554669017e-01,8.936718749999998863e+02,9.169851410876432851e+00
5.955000000000248761e+00,4.475938078507060141e+02,2.588085708785001771e+01,-8.937399864682358253e-01,8.936718749999998863e+02,9.212664208818379663e+00
5.957500000000249152e+00,4.476584921041440452e+02,2.584923671436202142e+01,-8.936342252424902544e-01,8.935546874999998863e+02,9.257261089165830015e+00
5.960000000000249543e+00,4.477230971868369807e+02,2.581740320418446899e+01,-8.935750988660274841e-01,8.935546874999998863e+02,9.303626637248431308e+00
5.962500000000249933e+00,4.477876225639912491e+02,2.578535311422660214e+01,-8.934490373861830870e-01,8.934375000000000000e+02,9.351733808435934492e+00
5.965000000000250324e+00,4.478520676922204871e+02,2.575308303369617136e+01,-8.933694135641716549e-01,8.933203124999998863e+02,9.401566304004237651e+00
5.967500000000250715e+00,4.479164320196338167e+02,2.572058959725328009e+01,-8.933348375819102349e-01,8.933203124999998863e+02,9.453091752461276087e+00
5.970000000000251106e+00,4.479807149859566948e+02,2.568786949732776037e+01,-8.932356475071460133e-01,8.932031249999998863e+02,9.506282050246140258e+00
5.972500000000251497e+00,4.480449160226820027e+02,2.565491949555771711e+01,-8.931815114837573510e-01,8.930859375000001137e+02,9.561119722993451475e+00
5.975000000000251887e+00,4.481090345532494439e+02,2.562173643347230367e+01,-8.931716861743799196e-01,8.930859375000001137e+02,9.617571335115590259e+00
5.977500000000252278e+00,4.481730699932509197e+02,2.558831724250384099e+01,-8.930985234316106691e-01,8.930859375000001137e+02,9.675607647374642184e+00
5.980000000000252669e+00,4.482370217506608014e+02,2.555465895327626669e+01,-8.929645010978346509e-01,8.928515625000001137e+02,9.735214408719603085e+00
5.982500000000253060e+00,4.483008892260889979e+02,2.552075870428796733e+01,-8.929784874021488017e-01,8.929687500000000000e+02,9.796367937057434361e+00
5.985000000000253451e+00,4.483646718130552813e+02,2.548661374991641182e+01,-8.928285414002780085e-01,8.927343750000000000e+02,9.859026919574475301e+00
5.987500000000253841e+00,4.484283688982833951e+02,2.545222146779122596e+01,-8.928239333326344340e-01,8.927343750000000000e+02,9.923182205768846131e+00
5.990000000000254232e+00,4.484919798620131246e+02,2.541757936560517450e+01,-8.927597953072308190e-01,8.927343750000000000e+02,9.988787367726548183e+00
5.992500000000254623e+00,4.485555040783290792e+02,2.538268508731391293e+01,-8.926376163481370973e-01,8.926171875000000000e+02,1.005582604064385244e+01
5.995000000000255014e+00,4.486189409155048224e+02,2.534753641889096087e+01,-8.925580476327011903e-01,8.925000000000001137e+02,1.012427687443325830e+01
5.997500000000255405e+00,4.486822897363608149e+02,2.531213129343849388e+01,-8.925195097431390945e-01,8.925000000000001137e+02,1.019410307363021673e+01
6.000000000000255795e+00,4.487455498986350904e+02,2.527646779584867076e+01,-8.923867677341777993e-01,8.923828125000000000e+02,1.026527224850729247e+01
6.002500000000256186e+00,4.488087207599267572e+02,2.524061863633267322e+01,-8.922212552697252885e-01,8.921484374999998863e+02,1.033777697838690379e+01
6.005000000000256577e+00,4.488718019349949486e+02,2.520465728058553267e+01,-8.921185466460256341e-01,8.920312500000000000e+02,1.041159675509739913e+01
6.007500000000256968e+00,4.489347931430222047e+02,2.516858313478398301e+01,-8.919819108844662114e-01,8.919140625000000000e+02,1.048670111992850096e+01
6.010000000000257359e+00,4.489976941016873297e+02,2.513239557143128877e+01,-8.918111350313299157e-01,8.917968750000000000e+02,1.056307513101226192e+01
6.012500000000257749e+00,4.490605045270814344e+02,2.509609392969651154e+01,-8.916067027784618793e-01,8.915625000000001137e+02,1.064070440169772169e+01
6.015000000000258140e+00,4.491232241336248308e+02,2.505967751583671088e+01,-8.914633147215074160e-01,8.914453125000000000e+02,1.071957057906116795e+01
6.017500000000258531e+00,4.491858526339848936e+02,2.502314560358663798e+01,-8.912849615423334981e-01,8.912109375000000000e+02,1.079964516151074605e+01
6.020000000000258922e+00,4.492483897389951153e+02,2.498649743460924100e+01,-8.911654458154073533e-01,8.910937500000000000e+02,1.088091082250200969e+01
6.022500000000259313e+00,4.493108351575751271e+02,2.494973221901357974e+01,-8.910115092889610011e-01,8.909765625000001137e+02,1.096333998951284983e+01
6.025000000000259703e+00,4.493731885966520849e+02,2.491284913585484873e+01,-8.908232421396128364e-01,8.907421875000000000e+02,1.104692058544936728e+01
6.027500000000260094e+00,4.494354497610834756e+02,2.487584733369663681e+01,-8.906927791271580519e-01,8.906249999999998863e+02,1.113163661898581225e+01
6.030000000000260485e+00,4.494976183535810605e+02,2.483872593117383687e+01,-8.905275757136570380e-01,8.905078125000000000e+02,1.121746160735369102e+01
6.032500000000260876e+00,4.495596940746363543e+02,2.480148401753754328e+01,-8.903285903076505470e-01,8.902734375000001137e+02,1.130438475273236598e+01
6.035000000000261267e+00,4.496216766224476942e+02,2.476412065331535572e+01,-8.901861760259480727e-01,8.901562500000001137e+02,1.139239113172891571e+01
6.037500000000261657e+00,4.496835656928486173e+02,2.472663487091908863e+01,-8.900086954384525129e-01,8.899218750000001137e+02,1.148145524705122966e+01
6.040000000000262048e+00,4.497453609792379439e+02,2.468902567530282610e+01,-8.898875660422098655e-01,8.898046875000000000e+02,1.157156293003060021e+01
6.042500000000262439e+00,4.498070621725115643e+02,2.465129204459177714e+01,-8.897317443711518781e-01,8.896875000000000000e+02,1.166268930370586077e+01
6.045000000000262830e+00,4.498686689609957625e+02,2.461343293074028082e+01,-8.895414031924658849e-01,8.894531250000000000e+02,1.175482523078810360e+01
6.047500000000263221e+00,4.499301810303820730e+02,2.457544726027898818e+01,-8.894061598751483722e-01,8.893359374999998863e+02,1.184795735766540759e+01
6.050000000000263611e+00,4.499915980636641848e+02,2.453733393498245974e+01,-8.892345114435363795e-01,8.892187499999998863e+02,1.194206105770496684e+01
6.052500000000264002e+00,4.500529197346102137e+02,2.449898719078551679e+01,-8.890298929287807628e-01,8.889843750000001137e+02,1.203710554498023733e+01
6.055000000000264393e+00,4.501141453470569900e+02,2.446030126859970366e+01,-8.888857858602612350e-01,8.888671875000001137e+02,1.213304564428225518e+01
6.057500000000264784e+00,4.501752740523800185e+02,2.442127502340029821e+01,-8.887240659768157469e-01,8.886328125000000000e+02,1.222982421392531371e+01
6.060000000000265175e+00,4.502363049991772073e+02,2.438190746615215332e+01,-8.886329347907468978e-01,8.886328125000000000e+02,1.232739400792487672e+01
6.062500000000265565e+00,4.502972373336656915e+02,2.434219777531830786e+01,-8.884561975205801376e-01,8.883984375000000000e+02,1.242570057550245011e+01
6.065000000000265956e+00,4.503580702001067948e+02,2.430214530702692954e+01,-8.883621983941265565e-01,8.882812500000000000e+02,1.252470957294918108e+01
6.067500000000266347e+00,4.504188027412553197e+02,2.426174960385255375e+01,-8.882754246928425967e-01,8.881640624999998863e+02,1.262436024631484344e+01
6.070000000000266738e+00,4.504794340988304384e+02,2.422101040225534518e+01,-8.882021902274730429e-01,8.881640624999998863e+02,1.272460579582787688e+01
6.072500000000267129e+00,4.505399634140039780e+02,2.417992763875697904e+01,-8.880733590521519005e-01,8.880468750000000000e+02,1.282540261927286274e+01
6.075000000000267519e+00,4.506003898279039390e+02,2.413850145497321265e+01,-8.879718317977646214e-01,8.879296875000000000e+02,1.292671606877676638e+01
6.077500000000267910e+00,4.506607124821294406e+02,2.409673220142083139e+01,-8.879013113566376347e-01,8.878124999999998863e+02,1.302849601930749834e+01
6.080000000000268301e+00,4.507209305192749866e+02,2.405462044035085611e+01,-8.878670004668250959e-01,8.878124999999998863e+02,1.313069168071067772e+01
6.082500000000268692e+00,4.507810430834610429e+02,2.401216694743196101e+01,-8.878046541324594587e-01,8.876953125000001137e+02,1.323325523589744712e+01
6.085000000000269083e+00,4.508410493208681942e+02,2.396937271248089374e+01,-8.877889247450674315e-01,8.876953125000001137e+02,1.333614768937225215e+01
6.087500000000269473e+00,4.509009483802725526e+02,2.392623893936319845e+01,-8.877568441757250906e-01,8.876953125000001137e+02,1.343931922392310518e+01
6.090000000000269864e+00,4.509607394135807112e+02,2.388276704499394043e+01,-8.877147371884075433e-01,8.876953125000001137e+02,1.354273268407791520e+01
6.092500000000270255e+00,4.510204215763614002e+02,2.383895865752215215e+01,-8.876693785411231552e-01,8.875781250000000000e+02,1.364634974109150356e+01
6.095000000000270646e+00,4.510799940283724254e+02,2.379481561376434584e+01,-8.876904076084802808e-01,8.875781250000000000e+02,1.375012697775157378e+01
6.097500000000271037e+00,4.511394559340805586e+02,2.375033995597645742e+01,-8.877180777250920363e-01,8.876953125000001137e+02,1.385401076697327483e+01
6.100000000000271427e+00,4.511988064631731845e+02,2.370553392797635439e+01,-8.876790781166775668e-01,8.875781250000000000e+02,1.395796345032453090e+01
6.102500000000271818e+00,4.512580447927622345e+02,2.366042816315662733e+01,-8.876833264835587434e-01,8.875781250000000000e+02,1.406195831265711860e+01
6.105000000000272209e+00,4.513171702052405294e+02,2.361505401587023201e+01,-8.876725093326424121e-01,8.875781250000000000e+02,1.416594848545227769e+01
6.107500000000272600e+00,4.513761820316676676e+02,2.356941510514644733e+01,-8.876490237484095935e-01,8.875781250000000000e+02,1.426989941449146393e+01
6.110000000000272991e+00,4.514350796122261613e+02,2.352351518065180258e+01,-8.876166182928971748e-01,8.875781250000000000e+02,1.437377603220593869e+01
6.112500000000273381e+00,4.514938622965445916e+02,2.347735811648499293e+01,-8.875779972868570455e-01,8.874609375000000000e+02,1.447754257440042736e+01
6.115000000000273772e+00,4.515525294440050743e+02,2.343094790489388046e+01,-8.875913934708578035e-01,8.875781250000000000e+02,1.458115920406597787e+01
6.117500000000274163e+00,4.516110804240350944e+02,2.338428864993570144e+01,-8.875481532776484661e-01,8.874609375000000000e+02,1.468458042293509180e+01
6.120000000000274554e+00,4.516695146163834806e+02,2.333738456101849934e+01,-8.875611360967928798e-01,8.874609375000000000e+02,1.478777768183039498e+01
6.122500000000274945e+00,4.517278314113800093e+02,2.329023994648946072e+01,-8.875774418799446952e-01,8.874609375000000000e+02,1.489070102342018309e+01
6.125000000000275335e+00,4.517860302101791490e+02,2.324285920714852338e+01,-8.875994150190432697e-01,8.875781250000000000e+02,1.499331226395614181e+01
6.127500000000275726e+00,4.518441104249875480e+02,2.319524682976038221e+01,-8.875776430587610788e-01,8.874609375000000000e+02,1.509557631531501620e+01
6.130000000000276117e+00,4.519020714792752642e+02,2.314740738062279846e+01,-8.876194306544535895e-01,8.875781250000000000e+02,1.519746254211358583e+01
6.132500000000276508e+00,4.519599128079710226e+02,2.309934549908651391e+01,-8.876235911454095628e-01,8.875781250000000000e+02,1.529892279983320336e+01
6.135000000000276899e+00,4.520176338576411013e+02,2.305106589114315341e+01,-8.876444604779881731e-01,8.875781250000000000e+02,1.539992888181650521e+01
6.137500000000277289e+00,4.520752340866523582e+02,2.300257332312683189e+01,-8.876835177459174719e-01,8.875781250000000000e+02,1.550044019068065460e+01
6.140000000000277680e+00,4.521327129653195698e+02,2.295387261539732648e+01,-8.877430756026635228e-01,8.876953125000001137e+02,1.560041587591892842e+01
6.142500000000278071e+00,4.521900699760369093e+02,2.290496863612422018e+01,-8.877783064785619294e-01,8.876953125000001137e+02,1.569981786370097865e+01
6.145000000000278462e+00,4.522473046133940215e+02,2.285586629518626722e+01,-8.878385952682549265e-01,8.878124999999998863e+02,1.579861597386802607e+01
6.147500000000278852e+00,4.523044163842768626e+02,2.280657053814954338e+01,-8.878809006224341882e-01,8.878124999999998863e+02,1.589677131542388366e+01
6.150000000000279243e+00,4.523614048079534768e+02,2.275708634030832656e+01,-8.878279372828650207e-01,8.878124999999998863e+02,1.599425331636014569e+01
6.152500000000279634e+00,4.524182694266477256e+02,2.270757904869435606e+01,-8.875567709574471165e-01,8.874609375000000000e+02,1.609106104825645644e+01
6.155000000000280025e+00,4.524750103547843310e+02,2.265820593858220633e+01,-8.872051712909948540e-01,8.871093750000000000e+02,1.618720057762568487e+01
6.157500000000280416e+00,4.525316279239344794e+02,2.260896015285064209e+01,-8.867734891522525142e-01,8.867578125000000000e+02,1.628264404364849227e+01
6.160000000000280806e+00,4.525881224485317489e+02,2.255983484696225361e+01,-8.862627193111274337e-01,8.861718750000001137e+02,1.637736359924454987e+01
6.162500000000281197e+00,4.526444942259076925e+02,2.251082319574983615e+01,-8.857600793105083747e-01,8.857031250000000000e+02,1.647132486889000091e+01
6.165000000000281588e+00,4.527007435363440209e+02,2.246191840001343465e+01,-8.852217194333260597e-01,8.851171875000000000e+02,1.656447425406635077e+01
6.167500000000281979e+00,4.527568706431411556e+02,2.241311369285743993e+01,-8.846910238450593766e-01,8.846484375000001137e+02,1.665676607927791153e+01
6.170000000000282370e+00,4.528128757927024708e+02,2.236440234580643249e+01,-8.841248234429943675e-01,8.840624999999998863e+02,1.674814647609259310e+01
6.172500000000282760e+00,4.528687592146338261e+02,2.231577767478273344e+01,-8.835661344679227591e-01,8.834765625000000000e+02,1.683856946791289033e+01
6.175000000000283151e+00,4.529245211218578788e+02,2.226723304577738105e+01,-8.830152184861144171e-01,8.830078124999998863e+02,1.692797732049280057e+01
6.177500000000283542e+00,4.529801617107423226e+02,2.221876188035105670e+01,-8.824306243865589483e-01,8.824218750000000000e+02,1.701631509043039259e+01
6.180000000000283933e+00,4.530356811612420529e+02,2.217035766089464843e+01,-8.818549430543962675e-01,8.818359375000000000e+02,1.710353539489679164e+01
6.182500000000284324e+00,4.530910796370539515e+02,2.212201393567515950e+01,-8.812894239225141924e-01,8.812500000000000000e+02,1.718957875095635046e+01
6.185000000000284714e+00,4.531463572857844042e+02,2.207372432361323433e+01,-8.807333653749577218e-01,8.806640625000001137e+02,1.727438476333676221e+01
6.187500000000285105e+00,4.532015142391287554e+02,2.202548251885754382e+01,-8.801882833524208305e-01,8.800781250000001137e+02,1.735789227060529427e+01
6.190000000000285496e+00,4.532565506130616768e+02,2.197728229508318165e+01,-8.796557236131692381e-01,8.796093750000001137e+02,1.744003911709599919e+01
6.192500000000285887e+00,4.533114665080383929e+02,2.192911750956000461e+01,-8.790972444580980039e-01,8.790234375000000000e+02,1.752076501077204895e+01
6.195000000000286278e+00,4.533662620092060251e+02,2.188098210698841584e+01,-8.785533960377841511e-01,8.784374999999998863e+02,1.760001675024212275e+01
6.197500000000286668e+00,4.534209371866241440e+02,2.183287012313843789e+01,-8.780252430120019103e-01,8.779687500000000000e+02,1.767772794697118144e+01
6.200000000000287059e+00,4.534754920954944737e+02,2.178477568817960019e+01,-8.775349061731151368e-01,8.774999999999998863e+02,1.775383374378898793e+01
6.202500000000287450e+00,4.535299267718045826e+02,2.173662589658448141e+01,-8.771404335227175331e-01,8.770312500000000000e+02,1.782826300794418728e+01
6.205000000000287841e+00,4.535842410038829371e+02,2.168835459507617003e+01,-8.768406594490618655e-01,8.767968750000001137e+02,1.790093796502057799e+01
6.207500000000288232e+00,4.536384344903195256e+02,2.163996595030532788e+01,-8.765644799211527172e-01,8.765625000000000000e+02,1.797178739234466605e+01
6.210000000000288622e+00,4.536925069401054316e+02,2.159146410044704112e+01,-8.763147801704810336e-01,8.762109375000000000e+02,1.804076203591233707e+01
6.212500000000289013e+00,4.537464580725601877e+02,2.154285315196423056e+01,-8.761276910338499091e-01,8.760937500000001137e+02,1.810780853790739897e+01
6.215000000000289404e+00,4.538002876172502624e+02,2.149413717642631738e+01,-8.759391737056408944e-01,8.758593750000000000e+02,1.817286843242576566e+01
6.217500000000289795e+00,4.538539953139003273e+02,2.144532020738292744e+01,-8.757847768690090184e-01,8.757421874999998863e+02,1.823590060018177539e+01
6.220000000000290186e+00,4.539075809122963392e+02,2.139640623727914104e+01,-8.756369414968095954e-01,8.756250000000000000e+02,1.829685527548829072e+01
6.222500000000290576e+00,4.539610441721811185e+02,2.134739921448691646e+01,-8.754993020359855826e-01,8.753906250000000000e+02,1.835569198149040915e+01
6.225000000000290967e+00,4.540143848631424817e+02,2.129830304040679678e+01,-8.754056283198540234e-01,8.753906250000000000e+02,1.841236593836309510e+01
6.227500000000291358e+00,4.540676027644942110e+02,2.124912156661649121e+01,-8.753004291746822041e-01,8.752734375000001137e+02,1.846682689166827629e+01
6.230000000000291749e+00,4.541206976651499758e+02,2.119985859218591884e+01,-8.752172617190245862e-01,8.751562500000001137e+02,1.851904040990480382e+01
6.232500000000292140e+00,4.541736693634903759e+02,2.115051786102842613e+01,-8.751598636086136418e-01,8.751562500000001137e+02,1.856896051298710049e+01
6.235000000000292530e+00,4.542265176672239022e+02,2.110110305935231878e+01,-8.751041024811346825e-01,8.750390625000000000e+02,1.861654275038545947e+01
6.237500000000292921e+00,4.542792423932409633e+02,2.105161781325148951e+01,-8.750819616623528585e-01,8.750390625000000000e+02,1.866174804911345575e+01
6.240000000000293312e+00,4.543318433674623975e+02,2.100206568633539561e+01,-8.750702473353008104e-01,8.750390625000000000e+02,1.870452900934536089e+01
6.242500000000293703e+00,4.543843204246820164e+02,2.095245017746327321e+01,-8.750734031134528301e-01,8.750390625000000000e+02,1.874484613245941489e+01
6.245000000000294094e+00,4.544366734084034078e+02,2.090277471861580949e+01,-8.750956661512482304e-01,8.750390625000000000e+02,1.878265814770782427e+01
6.247500000000294484e+00,4.544889021706715084e+02,2.085304267290668179e+01,-8.751405744435953871e-01,8.750390625000000000e+02,1.881792208168612035e+01
6.250000000000294875e+00,4.545410065718994588e+02,2.080325733265702581e+01,-8.750700539191116345e-01,8.750390625000000000e+02,1.885059396232076168e+01
6.252500000000295266e+00,4.545929864874384521e+02,2.075351824029590730e+01,-8.747476374485096962e-01,8.746875000000000000e+02,1.888066334155426063e+01
6.255000000000295657e+00,4.546448421347050726e+02,2.070391357016012179e+01,-8.742531028329495468e-01,8.742187500000001137e+02,1.890812271522262478e+01
6.257500000000296048e+00,4.546965738420937555e+02,2.065442990929998146e+01,-8.736170477072633389e-01,8.735156250000001137e+02,1.893292994223287806e+01
6.260000000000296438e+00,4.547481819046283817e+02,2.060505413450642109e+01,-8.728928380731194592e-01,8.728125000000001137e+02,1.895502332156000591e+01
6.262500000000296829e+00,4.547996665846917494e+02,2.055577342121188522e+01,-8.720853604934525327e-01,8.719921875000000000e+02,1.897431721051263764e+01
6.265000000000297220e+00,4.548510281127771009e+02,2.050657525184554331e+01,-8.712238718162864659e-01,8.711718750000000000e+02,1.899071745170089187e+01
6.267500000000297611e+00,4.549022666882603403e+02,2.045744742362118274e+01,-8.703125218567161481e-01,8.702343749999998863e+02,1.900411409627894344e+01
6.270000000000298002e+00,4.549533824801911237e+02,2.040837805567680263e+01,-8.693789560851665765e-01,8.692968750000000000e+02,1.901438773842729901e+01
6.272500000000298392e+00,4.550043756281013998e+02,2.035935559545856677e+01,-8.684278511414823543e-01,8.683593750000001137e+02,1.902140167447480579e+01
6.275000000000298783e+00,4.550552462428298668e+02,2.031036882446770875e+01,-8.674625178477939347e-01,8.674218750000001137e+02,1.902501135841437829e+01
6.277500000000299174e+00,4.551059944073599013e+02,2.026140686319975259e+01,-8.664874958726136445e-01,8.664843750000000000e+02,1.902506389637548168e+01
6.280000000000299565e+00,4.551566201776697085e+02,2.021245917517631696e+01,-8.655060493850360581e-01,8.654296875000000000e+02,1.902139699811174722e+01
6.282500000000299956e+00,4.552071235835919083e+02,2.016351557032532327e+01,-8.645444658983457709e-01,8.644921875000000000e+02,1.901383596415241328e+01
6.285000000000300346e+00,4.552575046296811934e+02,2.011456620746874080e+01,-8.635830109540827415e-01,8.635546875000000000e+02,1.900218789960549159e+01
6.287500000000300737e+00,4.553077632960877281e+02,2.006560159600471138e+01,-8.626257236373503501e-01,8.626171874999998863e+02,1.898625901415312001e+01
6.290000000000301128e+00,4.553578995394343565e+02,2.001661259692141925e+01,-8.616744654849207707e-01,8.615625000000000000e+02,1.896584322367178288e+01
6.292500000000301519e+00,4.554079132936958558e+02,1.996759042291986574e+01,-8.607541648036702853e-01,8.607421875000001137e+02,1.894071848698260041e+01
6.295000000000301910e+00,4.554578044710780773e+02,1.991852663791108569e+01,-8.598221314692447992e-01,8.598046875000000000e+02,1.891064407185874785e+01
6.297500000000302300e+00,4.555075729628953809e+02,1.986941315582839707e+01,-8.589031633297318225e-01,8.588671875000001137e+02,1.887538306347661532e+01
6.300000000000302691e+00,4.555572186404449440e+02,1.982024223868710777e+01,-8.580129874196649187e-01,8.579296875000000000e+02,1.883467225367695619e+01
6.302500000000303082e+00,4.556067413578757623e+02,1.977104540269843369e+01,-8.571633756473883148e-01,8.571093749999998863e+02,1.878828712006290047e+01
6.305000000000303473e+00,4.556561410895225777e+02,1.972186074771914122e+01,-8.563285180448739764e-01,8.562890625000000000e+02,1.873601957398413020e+01
6.307500000000303864e+00,4.557054178671971272e+02,1.967269066087524010e+01,-8.555050704228507330e-01,8.554687500000001137e+02,1.867766433182671548e+01
6.310000000000304254e+00,4.557545717286590730e+02,1.962353749428310223e+01,-8.546904865222662018e-01,8.546484375000000000e+02,1.861300744250448247e+01
6.312500000000304645e+00,4.558036027175285199e+02,1.957440356483517263e+01,-8.538809620222878038e-01,8.538281249999998863e+02,1.854182515401193498e+01
6.315000000000305036e+00,4.558525108831979082e+02,1.952529115404184168e+01,-8.530742278270319057e-01,8.530078125000000000e+02,1.846388318495728242e+01
6.317500000000305427e+00,4.559012962807433951e+02,1.947620250798506802e+01,-8.522668491638420996e-01,8.521875000000001137e+02,1.837893625880250781e+01
6.320000000000305818e+00,4.559499589708361782e+02,1.942713983719085391e+01,-8.514571195674049964e-01,8.513671875000000000e+02,1.828672655758117926e+01
6.322500000000306208e+00,4.559984990196537069e+02,1.937810531655206603e+01,-8.506415450628131980e-01,8.505468749999998863e+02,1.818698314267528460e+01
6.325000000000306599e+00,4.560469164987904946e+02,1.932910108534929705e+01,-8.498191517947247808e-01,8.497265625000000000e+02,1.807942065339485538e+01
6.327500000000306990e+00,4.560952114851691022e+02,1.928012924718635546e+01,-8.489870224145530386e-01,8.489062500000000000e+02,1.796373829683931689e+01
6.330000000000307381e+00,4.561433840609508934e+02,1.923119187001964647e+01,-8.481432903877843543e-01,8.480859375000000000e+02,1.783961858319323923e+01
6.332500000000307772e+00,4.561914343134470187e+02,1.918229098614402872e+01,-8.472857136728250138e-01,8.472656250000001137e+02,1.770672598099087836e+01
6.335000000000308162e+00,4.562393623350291705e+02,1.913342859224960435e+01,-8.464126694585006883e-01,8.463281250000000000e+02,1.756470527634584755e+01
6.337500000000308553e+00,4.562871682230406236e+02,1.908460664950538188e+01,-8.455360457349485603e-01,8.455078125000000000e+02,1.741317752231759286e+01
6.340000000000308944e+00,4.563348520797075594e+02,1.903582708367054011e+01,-8.446404367745090624e-01,8.445703125000000000e+02,1.725173436472257293e+01
6.342500000000309335e+00,4.563824140120505604e+02,1.898709178515436236e+01,-8.437365235979646938e-01,8.436328125000000000e+02,1.707994896234384541e+01
6.345000000000309726e+00,4.564298541317962190e+02,1.893840260918148743e+01,-8.428226207175172346e-01,8.428125000000001137e+02,1.689735903722463917e+01
6.347500000000310116e+00,4.564771725552894281e+02,1.888976137592997517e+01,-8.418836960252094048e-01,8.418750000000000000e+02,1.670347563593982443e+01
6.350000000000310507e+00,4.565243694034056148e+02,1.884116987065861437e+01,-8.409340431935121707e-01,8.408203125000000000e+02,1.649778505851485022e+01
6.352500000000310898e+00,4.565714448018571829e+02,1.879263624262451060e+01,-8.399854955288434954e-01,8.398828125000000000e+02,1.627973960968538591e+01
6.355000000000311289e+00,4.566183989031856640e+02,1.874416872588258798e+01,-8.390250361476241370e-01,8.389453125000000000e+02,1.604875433134359852e+01
6.357500000000311680e+00,4.566652318737308747e+02,1.869576917524352311e+01,-8.380515869024296460e-01,8.380078125000000000e+02,1.580421436089341292e+01
6.360000000000312070e+00,4.567119438844426895e+02,1.864743939792926852e+01,-8.370647321651260020e-01,8.369531250000000000e+02,1.554546284417601143e+01
6.362500000000312461e+00,4.567585351107621250e+02,1.859918115384903814e+01,-8.360709712957491435e-01,8.360156250000000000e+02,1.527179516771810874e+01
6.365000000000312852e+00,4.568050057325033890e+02,1.855099615596448004e+01,-8.350613983383459171e-01,8.349609375000000000e+02,1.498245238692051728e+01
6.367500000000313243e+00,4.568513559337365564e+02,1.850288607063315283e+01,-8.340423479323197942e-01,8.340234375000001137e+02,1.467662724573061084e+01
6.370000000000313634e+00,4.568975859026714375e+02,1.845485251794859849e+01,-8.330047345300632955e-01,8.329687500000001137e+02,1.435344909855684925e+01
6.372500000000314024e+00,4.569436958315419588e+02,1.840689707216617776e+01,-8.319552680852694282e-01,8.319140625000001137e+02,1.401198947379638149e+01
6.375000000000314415e+00,4.569896859164919647e+02,1.835902126210570628e+01,-8.308920909152263112e-01,8.308593750000000000e+02,1.365124433470082899e+01
6.377500000000314806e+00,4.570355563574617008e+02,1.831122657153007083e+01,-8.298147376615505610e-01,8.298046875000000000e+02,1.327013486332096193e+01
6.380000000000315197e+00,4.570813073580754917e+02,1.826351443957464582e+01,-8.287220512616667589e-01,8.286328125000001137e+02,1.286750102111694716e+01
6.382500000000315588e+00,4.571269391255303844e+02,1.821588626117841514e+01,-8.276180253894234173e-01,8.275781250000000000e+02,1.244209291723598199e+01
6.385000000000315978e+00,4.571724518704859292e+02,1.816834338750144084e+01,-8.264958251313700988e-01,8.264062500000001137e+02,1.199255947196846961e+01
6.387500000000316369e+00,4.572178458069549265e+02,1.812088712637577714e+01,-8.253591754107529876e-01,8.253515625000001137e+02,1.151744934527446773e+01
6.390000000000316760e+00,4.572631211521954242e+02,1.807351874282970172e+01,-8.242028201660803743e-01,8.241796875000001137e+02,1.101519314775279845e+01
6.392500000000317151e+00,4.573082781266039092e+02,1.802623945951999929e+01,-8.230294095781012231e-01,8.230078125000000000e+02,1.048410105737949571e+01
6.395000000000317542e+00,4.573533169536098058e+02,1.797905045719451778e+01,-8.218380941865529588e-01,8.218359375000000000e+02,9.922343139247631782e+00
6.397500000000317932e+00,4.573982378595707132e+02,1.793195287520006787e+01,-8.206279396355887767e-01,8.205468750000001137e+02,9.327942733112095652e+00
6.400000000000318323e+00,4.574430410736694625e+02,1.788494781196126127e+01,-8.194027916107111675e-01,8.193750000000000000e+02,8.698762643089271052e+00
6.402500000000318714e+00,4.574877268280261546e+02,1.783803968180739474e+01,-8.181621180396968507e-01,8.180859375000000000e+02,8.032500272391679630e+00
6.405000000000319105e+00,4.575322953691353405e+02,1.779123280973740862e+01,-8.169067748702019127e-01,8.167968750000000000e+02,7.326674829651842025e+00
6.407500000000319496e+00,4.575767469506643010e+02,1.774452809706052392e+01,-8.156358759612198916e-01,8.156250000000000000e+02,6.578602881524056478e+00
6.410000000000319886e+00,4.576210818285073287e+02,1.769792639924879296e+01,-8.143468154282561544e-01,8.143359375000000000e+02,5.785387484416296466e+00
6.412500000000320277e+00,4.576653002606716996e+02,1.765142852651598915e+01,-8.130410679545450048e-01,8.129296875000001137e+02,4.943904103506873149e+00
6.415000000000320668e+00,4.577094025071648389e+02,1.760503524445934787e+01,-8.117179002839554069e-01,8.116406250000000000e+02,4.050780944656198201e+00
6.417500000000321059e+00,4.577533888298830789e+02,1.755874727464507146e+01,-8.103754663637610101e-01,8.103515625000001137e+02,3.102386887638743929e+00
6.420000000000321450e+00,4.577972594925020076e+02,1.751256529521505456e+01,-8.090138411286454945e-01,8.089453125000001137e+02,2.094821456268914694e+00
6.422500000000321840e+00,4.578410147603680684e+02,1.746648994150625711e+01,-8.076315312562120097e-01,8.075390625000000000e+02,1.023903293939772974e+00
6.425000000000322231e+00,4.578846549003920927e+02,1.742052180666420469e+01,-8.062273845466484401e-01,8.061328125000000000e+02,-1.148352675800652506e-01
6.427500000000322622e+00,4.579281801809441390e+02,1.737466144223079212e+01,-8.048013683282175812e-01,8.047265625000000000e+02,-1.326147755146532381e+00
6.430000000000323013e+00,4.579715908717496404e+02,1.732890935876689653e+01,-8.033523496320902346e-01,8.033203125000000000e+02,-2.615065371632067315e+00
6.432500000000323404e+00,4.580148872437875411e+02,1.728326602644819587e+01,-8.018795058068650672e-01,8.017968750000000000e+02,-3.986878670333445562e+00
6.435000000000323794e+00,4.580580695691895698e+02,1.723773187566013831e+01,-8.003800885402626575e-01,8.002734375000000000e+02,-5.447102350380176539e+00
6.437500000000324185e+00,4.581011381211409912e+02,1.719230729764270649e+01,-7.988535075714005007e-01,7.987500000000000000e+02,-7.001418623155835519e+00
6.440000000000324576e+00,4.581440931737832898e+02,1.714699264506996101e+01,-7.972987937657820545e-01,7.972265625000001137e+02,-8.655603607335400795e+00
6.442500000000324967e+00,4.581869350021179343e+02,1.710178823263760606e+01,-7.957150311116872876e-01,7.957031250000000000e+02,-1.041542084708874505e+01
6.445000000000325358e+00,4.582296638819119039e+02,1.705669433765564946e+01,-7.941014209040303529e-01,7.940625000000000000e+02,-1.228647968289178927e+01
6.447500000000325748e+00,4.582722800896044077e+02,1.701171120064163134e+01,-7.924544482983999494e-01,7.924218750000000000e+02,-1.427404851729594526e+01
6.450000000000326139e+00,4.583147839022153676e+02,1.696683902592177162e+01,-7.907603812857609826e-01,7.906640625000001137e+02,-1.638281641601045990e+01
6.452500000000326530e+00,4.583571755966860906e+02,1.692206917979173753e+01,-7.890019757996079575e-01,7.889062500000000000e+02,-1.861667556883931240e+01
6.455000000000326921e+00,4.583994554195627984e+02,1.687739320739504478e+01,-7.871767285672999215e-01,7.871484375000000000e+02,-2.097835510933737879e+01
6.457500000000327312e+00,4.584416236057768970e+02,1.683281153724654189e+01,-7.852826402370046699e-01,7.852734375000000000e+02,-2.346903974270119519e+01
6.460000000000327702e+00,4.584836803913208314e+02,1.678832457963250846e+01,-7.833139991937363433e-01,7.832812500000001137e+02,-2.608796640336241879e+01
6.462500000000328093e+00,4.585256260132024977e+02,1.674393272693349033e+01,-7.812638946274476082e-01,7.811718750000001137e+02,-2.883200056565569724e+01
6.465000000000328484e+00,4.585674607094007342e+02,1.669963635393591872e+01,-7.791250269343662493e-01,7.790625000000000000e+02,-3.169525991932072628e+01
6.467500000000328875e+00,4.586091847188214388e+02,1.665543581809146190e+01,-7.768943265973887735e-01,7.768359375000000000e+02,-3.466882502765109564e+01
6.470000000000329266e+00,4.586507982812544810e+02,1.661133145982335790e+01,-7.745641213560288119e-01,7.744921875000000000e+02,-3.774059390500488576e+01
6.472500000000329656e+00,4.586923016373311839e+02,1.656732360281456096e+01,-7.721255969867267810e-01,7.720312499999998863e+02,-4.089527419972628763e+01
6.475000000000330047e+00,4.587336950284827140e+02,1.652341255428263267e+01,-7.695694162475938960e-01,7.694531250000001137e+02,-4.411461669845813560e+01
6.477500000000330438e+00,4.587749786968990975e+02,1.647959860526504627e+01,-7.668865846657649810e-01,7.668750000000000000e+02,-4.737788522767878874e+01
6.480000000000330829e+00,4.588161528854888616e+02,1.643588203088100386e+01,-7.640729986724078548e-01,7.640625000000000000e+02,-5.066255899891792325e+01
6.482500000000331219e+00,4.588572178378393573e+02,1.639226309059142395e+01,-7.611122119424177379e-01,7.610156250000001137e+02,-5.394521138732600463e+01
6.485000000000331610e+00,4.588981737981778792e+02,1.634874202846212299e+01,-7.579861764849871175e-01,7.579687500000000000e+02,-5.720239140021150348e+01
6.487500000000332001e+00,4.589390210113332387e+02,1.630531907342173170e+01,-7.546907708023430361e-01,7.545703125000001137e+02,-6.041159863354157267e+01
6.490000000000332392e+00,4.589797597226981338e+02,1.626199443949023404e+01,-7.511994379114611542e-01,7.511718750000000000e+02,-6.355218433175985382e+01
6.492500000000332783e+00,4.590203901781918034e+02,1.621876832602592700e+01,-7.475086597724912574e-01,7.474218750000000000e+02,-6.660595201549037370e+01
6.495000000000333173e+00,4.590609126242238176e+02,1.617564091796931081e+01,-7.435904357627268757e-01,7.435546875000001137e+02,-6.955770594908017301e+01
6.497500000000333564e+00,4.591013273076579821e+02,1.613261238605462111e+01,-7.394329744391614501e-01,7.393359375000000000e+02,-7.239538218270685377e+01
6.500000000000333955e+00,4.591416344757768684e+02,1.608968288702777372e+01,-7.350385694037403495e-01,7.350000000000000000e+02,-7.511011973017559740e+01
6.502500000000334346e+00,4.591818343771353739e+02,1.604686589433749333e+01,-7.304295744735785911e-01,7.303125000000000000e+02,-7.769603958857810255e+01
6.505000000000334737e+00,4.592219273071578414e+02,1.600417417435545886e+01,-7.255841040643447037e-01,7.255078125000000000e+02,-8.015003291304444133e+01
6.507500000000335127e+00,4.592619135785055278e+02,1.596160679016908546e+01,-7.204984649231228611e-01,7.204687500000000000e+02,-8.247134064367274675e+01
6.510000000000335518e+00,4.593017935014767090e+02,1.591916276856469459e+01,-7.151631502254279793e-01,7.150781250000000000e+02,-8.466121062079771775e+01
6.512500000000335909e+00,4.593415673839162423e+02,1.587684110069711352e+01,-7.095629416278187440e-01,7.094531250000000000e+02,-8.672244812472658282e+01
6.515000000000336300e+00,4.593812355311268902e+02,1.583464074273203970e+01,-7.036952482820533206e-01,7.035937500000000000e+02,-8.865902607623989695e+01
6.517500000000336691e+00,4.594207982457821799e+02,1.579256061648885812e+01,-6.975619602957593424e-01,6.975000000000001137e+02,-9.047579226187126267e+01
6.520000000000337081e+00,4.594602558278409674e+02,1.575059961009716680e+01,-6.911693149507226464e-01,6.910546874999998863e+02,-9.217819033023982911e+01
6.522500000000337472e+00,4.594996085744635366e+02,1.570875657864998765e+01,-6.845230885944464383e-01,6.844921875000001137e+02,-9.377202500828289544e+01
6.525000000000337863e+00,4.595388567799293469e+02,1.566703034483957779e+01,-6.776488741157546958e-01,6.775781250000000000e+02,-9.526327494106462268e+01
6.527500000000338254e+00,4.595780007355564294e+02,1.562541969961455912e+01,-6.705662291851454127e-01,6.705468750000001137e+02,-9.665798440196911656e+01
6.530000000000338645e+00,4.596170407296223743e+02,1.558392340284249400e+01,-6.633141317065871512e-01,6.632812500000001137e+02,-9.796213222939590537e+01
6.532500000000339035e+00,4.596559770472870809e+02,1.554254018396667547e+01,-6.559323816553499498e-01,6.558984375000000000e+02,-9.918158456530883882e+01
6.535000000000339426e+00,4.596948099705169852e+02,1.550126874265886556e+01,-6.484709824868006844e-01,6.483984375000000000e+02,-1.003220288545950893e+02
6.537500000000339817e+00,4.597335397780110497e+02,1.546010774949718503e+01,-6.410010928415341702e-01,6.408984375000000000e+02,-1.013889522950658773e+02
6.540000000000340208e+00,4.597721667881751841e+02,1.541916869518895084e+01,-6.335873659675860248e-01,6.335156250000001137e+02,-1.023876445027398461e+02
6.542500000000340599e+00,4.598106916031853757e+02,1.537849671840837118e+01,-6.262866084699322267e-01,6.262500000000000000e+02,-1.033231541311856176e+02
6.545000000000340989e+00,4.598491148867687457e+02,1.533808482688527164e+01,-6.191526247646575998e-01,6.191015624999998863e+02,-1.042002636728712872e+02
6.547500000000341380e+00,4.598874372852334886e+02,1.529792613790659850e+01,-6.122341627516000306e-01,6.121875000000000000e+02,-1.050234767041298056e+02
6.550000000000341771e+00,4.599256594277416639e+02,1.525801387646327356e+01,-6.054708652322607909e-01,6.053906250000000000e+02,-1.057970103058999740e+02
6.552500000000342162e+00,4.599637819207108578e+02,1.521824918276610283e+01,-5.988042537026099232e-01,5.987109375000000000e+02,-1.065246757644150080e+02
6.555000000000342553e+00,4.600018050315860592e+02,1.517853583243569027e+01,-5.922738184073307321e-01,5.922656250000000000e+02,-1.072099822800599895e+02
6.557500000000342943e+00,4.600397288870776720e+02,1.513887093421305075e+01,-5.859110199467634228e-01,5.858203125000000000e+02,-1.078561983429694777e+02
6.560000000000343334e+00,4.600775536067065445e+02,1.509925166480167036e+01,-5.797513186072745794e-01,5.797265625000000000e+02,-1.084663581201988762e+02
6.562500000000343725e+00,4.601152793029733630e+02,1.505967526807046930e+01,-5.738107266980742027e-01,5.737500000000000000e+02,-1.090432785435709917e+02
6.565000000000344116e+00,4.601529060815261687e+02,1.502013905430392704e+01,-5.681097604564024905e-01,5.680078125000000000e+02,-1.095895525945816757e+02
6.567500000000344507e+00,4.601904340413259433e+02,1.498064039950487469e+01,-5.626582989036952309e-01,5.626171875000000000e+02,-1.101075730500819816e+02
6.570000000000344897e+00,4.602278632748105451e+02,1.494117674477045199e+01,-5.574548525100289087e-01,5.573437500000000000e+02,-1.105995335718215529e+02
6.572500000000345288e+00,4.602651938680572243e+02,1.490174559570839108e+01,-5.525063965100883712e-01,5.524218750000000000e+02,-1.110674373933614305e+02
6.575000000000345679e+00,4.603024259009434900e+02,1.486234452188947586e+01,-5.478028232388407748e-01,5.477343750000000000e+02,-1.115131211473760686e+02
6.577500000000346070e+00,4.603395594473066694e+02,1.482297115636240292e+01,-5.433373554471770950e-01,5.432812500000000000e+02,-1.119382524401158889e+02
6.580000000000346461e+00,4.603765945751024447e+02,1.478362319522216595e+01,-5.391007756110739457e-01,5.390625000000001137e+02,-1.123443508437215144e+02
6.582500000000346851e+00,4.604135313465623085e+02,1.474429839719835300e+01,-5.350815596282842979e-01,5.349609375000000000e+02,-1.127327992921410953e+02
6.585000000000347242e+00,4.604503698183497136e+02,1.470499458330294473e+01,-5.312746636667728950e-01,5.312109375000000000e+02,-1.131048575743436544e+02
6.587500000000347633e+00,4.604871100417157663e+02,1.466570963651996351e+01,-5.276581228632439835e-01,5.275781250000000000e+02,-1.134616758451803378e+02
6.590000000000348024e+00,4.605237520626540118e+02,1.462644150152723910e+01,-5.242254192098383392e-01,5.241796875000001137e+02,-1.138042926305648876e+02
6.592500000000348415e+00,4.605602959220544221e+02,1.458719114973234277e+01,-5.209606740285374071e-01,5.208984375000000000e+02,-1.141336587718946447e+02
6.595000000000348805e+00,4.605967416632645381e+02,1.454795874893594210e+01,-5.178559891827202444e-01,5.178515625000000000e+02,-1.144506379683496107e+02
6.597500000000349196e+00,4.606330893177321855e+02,1.450874406057145549e+01,-5.149056597319611184e-01,5.148046875000000000e+02,-1.147560252123000595e+02
6.600000000000349587e+00,4.606693389621261758e+02,1.446959330667518806e+01,-5.122374121325498075e-01,5.122265625000001137e+02,-1.150505516568628650e+02
6.602500000000349978e+00,4.607054907433360427e+02,1.443065481717033549e+01,-5.099653398848257302e-01,5.098828125000000568e+02,-1.153349247388355252e+02
6.605000000000350369e+00,4.607415454786951727e+02,1.439222467295610741e+01,-5.080480687968080833e-01,5.080078125000000568e+02,-1.156097970144937648e+02
6.607500000000350759e+00,4.607775044191541838e+02,1.435427606818085522e+01,-5.064343820811869623e-01,5.063671875000000000e+02,-1.158757494050547052e+02
6.610000000000351150e+00,4.608133687493472053e+02,1.431677536631780789e+01,-5.050905700274030963e-01,5.050781250000000000e+02,-1.161332918446254183e+02
6.612500000000351541e+00,4.608491395703821922e+02,1.427968990980217612e+01,-5.039810598740147585e-01,5.039062500000000568e+02,-1.163828818784095915e+02
6.615000000000351932e+00,4.608848179022472209e+02,1.424298794630984055e+01,-5.030850758584874960e-01,5.029687500000000000e+02,-1.166249295102488475e+02
6.617500000000352323e+00,4.609204046860328390e+02,1.420663855575832635e+01,-5.023791773046809572e-01,5.022656250000000568e+02,-1.168598103917312301e+02
6.620000000000352713e+00,4.609559007859722328e+02,1.417061157801611060e+01,-5.018424132484066158e-01,5.017968750000000000e+02,-1.170878656459394591e+02
6.622500000000353104e+00,4.609913069913010304e+02,1.413487754131524277e+01,-5.014562505960711292e-01,5.014453125000000000e+02,-1.173094059644964773e+02
6.625000000000353495e+00,4.610266240179385022e+02,1.409940759138403976e+01,-5.012093193880522435e-01,5.010937500000000568e+02,-1.175247158692083076e+02
6.627500000000353886e+00,4.610618525099919793e+02,1.406417342135551785e+01,-5.010968392181590625e-01,5.010937500000000568e+02,-1.177340609404799778e+02
6.630000000000354277e+00,4.610969930410863071e+02,1.402914720251499681e+01,-5.011003777063784970e-01,5.010937500000000568e+02,-1.179376897146455434e+02
6.632500000000354667e+00,4.611320461155208932e+02,1.399430151596255989e+01,-5.012181775458692812e-01,5.012109375000000000e+02,-1.181358283312795550e+02
6.635000000000355058e+00,4.611670121692562248e+02,1.395960928528349676e+01,-5.014442533597890383e-01,5.013281250000000000e+02,-1.183286908781210514e+02
6.637500000000355449e+00,4.612018915707326983e+02,1.392504371031525601e+01,-5.017788900338175928e-01,5.016796875000000568e+02,-1.185164779777315545e+02
6.640000000000355840e+00,4.612366846215245459e+02,1.389057820211871785e+01,-5.022135984423258259e-01,5.021484374999999432e+02,-1.186993790241794784e+02
6.642500000000356231e+00,4.612713915568318725e+02,1.385618631924268662e+01,-5.027457659431761039e-01,5.027343749999999432e+02,-1.188775678629110359e+02
6.645000000000356621e+00,4.613060125458139282e+02,1.382184170538747559e+01,-5.033736094874802225e-01,5.033203125000000000e+02,-1.190512066814163745e+02
6.647500000000357012e+00,4.613405476917676538e+02,1.378751802856544373e+01,-5.041011291280228512e-01,5.040234375000000000e+02,-1.192204475543358484e+02
6.650000000000357403e+00,4.613749970321549085e+02,1.375318892184557029e+01,-5.048518241157775588e-01,5.048437499999999432e+02,-1.193854348565303667e+02
6.652500000000357794e+00,4.614093605415466754e+02,1.371889839850995330e+01,-5.055463251929434021e-01,5.055468750000000568e+02,-1.195463068169581646e+02
6.655000000000358185e+00,4.614436383809906488e+02,1.368470726733657017e+01,-5.061896390836443382e-01,5.061328125000000000e+02,-1.197031957124412145e+02
6.657500000000358575e+00,4.614778307983917784e+02,1.365061451298855921e+01,-5.067871950851433605e-01,5.067187499999999432e+02,-1.198562320208131240e+02
6.660000000000358966e+00,4.615119380391234358e+02,1.361661913207219854e+01,-5.073389003358299565e-01,5.073046875000000000e+02,-1.200055437173167263e+02
6.662500000000359357e+00,4.615459603460571998e+02,1.358272013292536151e+01,-5.078450719356821796e-01,5.077734375000000000e+02,-1.201512537623008399e+02
6.665000000000359748e+00,4.615798979595920741e+02,1.354891653540637542e+01,-5.083108802447692254e-01,5.082421875000000000e+02,-1.202934808612891828e+02
6.667500000000360139e+00,4.616137511176830230e+02,1.351520737069433409e+01,-5.087366251796667793e-01,5.087109374999999432e+02,-1.204323415864412112e+02
6.670000000000360529e+00,4.616475200558692791e+02,1.348159168109150308e+01,-5.091224063029961000e-01,0.000000000000000000e+00,-1.205679478874050687e+02
6.672500000000360920e+00,4.616812050073020828e+02,1.344806851982969320e+01,-5.078877543600380795e-01,0.000000000000000000e+00,-1.207001976321476207e+02
6.675000000000361311e+00,4.617148062027718538e+02,1.341463695088269503e+01,-5.066394268402041323e-01,0.000000000000000000e+00,-1.208285018440992786e+02
6.677500000000361702e+00,4.617483238707348505e+02,1.338129604876688816e+01,-5.053775133090380178e-01,0.000000000000000000e+00,-1.209530150877207149e+02
6.680000000000362093e+00,4.617817582373394885e+02,1.334804489835531882e+01,-5.041024728440079983e-01,0.000000000000000000e+00,-1.210738844156185934e+02
6.682500000000362483e+00,4.618151095264522610e+02,1.331488259470183344e+01,-5.028142526681558255e-01,0.000000000000000000e+00,-1.211912499701271173e+02
6.685000000000362874e+00,4.618483779596828072e+02,1.328180824287303885e+01,-5.015128336667871167e-01,0.000000000000000000e+00,-1.213052452676854926e+02
6.687500000000363265e+00,4.618815637564090935e+02,1.324882095778053248e+01,-5.001985015102211607e-01,0.000000000000000000e+00,-1.214159976270851615e+02
6.690000000000363656e+00,4.619146671338019132e+02,1.321591986401731056e+01,-4.988717309177116976e-01,0.000000000000000000e+00,-1.215236285039036943e+02
6.692500000000364047e+00,4.619476883068488178e+02,1.318310409569823882e+01,-4.975323830697300220e-01,0.000000000000000000e+00,-1.216282538352409688e+02
6.695000000000364437e+00,4.619806274883779906e+02,1.315037279630577771e+01,-4.961806631500939591e-01,0.000000000000000000e+00,-1.217299842816750299e+02
6.697500000000364828e+00,4.620134848890816102e+02,1.311772511853973988e+01,-4.948167388504018938e-01,0.000000000000000000e+00,-1.218289255365248209e+02
6.700000000000365219e+00,4.620462607175387006e+02,1.308516022416911895e+01,-4.934332515644275774e-01,0.000000000000000000e+00,-1.219251786988127861e+02
6.702500000000365610e+00,4.620789551806413442e+02,1.305268307276429596e+01,-4.920226333531746432e-01,0.000000000000000000e+00,-1.220188405680888337e+02
6.705000000000366001e+00,4.621115685032692113e+02,1.302029791496471134e+01,-4.905856369254526506e-01,0.000000000000000000e+00,-1.221100037134914658e+02
6.707500000000366391e+00,4.621441009143532028e+02,1.298800289985638834e+01,-4.891229944148021702e-01,0.000000000000000000e+00,-1.221987566025356244e+02
6.710000000000366782e+00,4.621765526382152416e+02,1.295579620875160742e+01,-4.876350599692141907e-01,0.000000000000000000e+00,-1.222851837558218620e+02
6.712500000000367173e+00,4.622089238946484784e+02,1.292367605466541391e+01,-4.861222323828173209e-01,0.000000000000000000e+00,-1.223693659957127409e+02
6.715000000000367564e+00,4.622412148989964180e+02,1.289164068180523692e+01,-4.845851403675753843e-01,0.000000000000000000e+00,-1.224513805887579281e+02
6.717500000000367955e+00,4.622734258622303969e+02,1.285968836507467650e+01,-4.830245096526024073e-01,0.000000000000000000e+00,-1.225313015099420397e+02
6.720000000000368345e+00,4.623055569910262648e+02,1.282781740959333128e+01,-4.814406637317604765e-01,0.000000000000000000e+00,-1.226091995551005454e+02
6.722500000000368736e+00,4.623376084878394181e+02,1.279602615022919032e+01,-4.798340281585879441e-01,0.000000000000000000e+00,-1.226851425143274952e+02
6.725000000000369127e+00,4.623695805509792081e+02,1.276431295114787012e+01,-4.782050246391292281e-01,0.000000000000000000e+00,-1.227591953052965295e+02
6.727500000000369518e+00,4.624014733746816432e+02,1.273267620537218825e+01,-4.765542616905387718e-01,0.000000000000000000e+00,-1.228314201300099455e+02
6.730000000000369909e+00,4.624332871491815240e+02,1.270111433435445214e+01,-4.748823129473949134e-01,0.000000000000000000e+00,-1.229018765932989226e+02
6.732500000000370299e+00,4.624650220607830988e+02,1.266962578756380786e+01,-4.731894848201128601e-01,0.000000000000000000e+00,-1.229706218967663176e+02
6.735000000000370690e+00,4.624966782919300385e+02,1.263820904208342988e+01,-4.714762329055748324e-01,0.000000000000000000e+00,-1.230377108891717057e+02
6.737500000000371081e+00,4.625282560212741032e+02,1.260686260221840449e+01,-4.697431220286473752e-01,0.000000000000000000e+00,-1.231031961529496073e+02
6.740000000000371472e+00,4.625597554237431268e+02,1.257558499911733740e+01,-4.679904619889201367e-01,0.000000000000000000e+00,-1.231671281733116246e+02
6.742500000000371863e+00,4.625911766706077515e+02,1.254437479040492853e+01,-4.662187055126255086e-01,0.000000000000000000e+00,-1.232295554274666642e+02
6.745000000000372253e+00,4.626225199295475932e+02,1.251323055982222954e+01,-4.644281650188326060e-01,0.000000000000000000e+00,-1.232905244492562531e+02
6.747500000000372644e+00,4.626537853647162137e+02,1.248215091687763945e+01,-4.626193909879800503e-01,0.000000000000000000e+00,-1.233500799324179980e+02
6.750000000000373035e+00,4.626849731368052971e+02,1.245113449650942350e+01,-4.608244862360725835e-01,0.000000000000000000e+00,-1.234082649199399810e+02
6.752500000000373426e+00,4.627160834035535117e+02,1.242018263676229495e+01,-4.590746306386204734e-01,0.000000000000000000e+00,-1.234651244189052193e+02
6.755000000000373817e+00,4.627471163275939148e+02,1.238929315384482344e+01,-4.573686020317215273e-01,0.000000000000000000e+00,-1.235207027235755106e+02
6.757500000000374207e+00,4.627780720611165748e+02,1.235845943409692005e+01,-4.557055353009438203e-01,0.000000000000000000e+00,-1.235750417921720867e+02
6.760000000000374598e+00,4.628089507398076989e+02,1.232767491460892906e+01,-4.540841645069392807e-01,0.000000000000000000e+00,-1.236281813634956990e+02
6.762500000000374989e+00,4.628397524829725853e+02,1.229693307636160249e+01,-4.525042612110784512e-01,0.000000000000000000e+00,-1.236801591309679935e+02
6.765000000000375380e+00,4.628704773936415222e+02,1.226622743750122346e+01,-4.509650354300584474e-01,0.000000000000000000e+00,-1.237310108138998146e+02
6.767500000000375771e+00,4.629011255586590892e+02,1.223555154675414158e+01,-4.494663529698921800e-01,0.000000000000000000e+00,-1.237807702909368146e+02
6.770000000000376161e+00,4.629316970487567460e+02,1.220489897698366200e+01,-4.480080889248259091e-01,0.000000000000000000e+00,-1.238294697354405685e+02
6.772500000000376552e+00,4.629621919186097898e+02,1.217426331888416158e+01,-4.465899734410893052e-01,0.000000000000000000e+00,-1.238771396953422936e+02
6.775000000000376943e+00,4.629926102068782257e+02,1.214363817482025354e+01,-4.452122329955032765e-01,0.000000000000000000e+00,-1.239238091507867665e+02
6.777500000000377334e+00,4.630229519362328006e+02,1.211301715280705693e+01,-4.438754506651823584e-01,0.000000000000000000e+00,-1.239695056496608316e+02
6.780000000000377725e+00,4.630532171133654629e+02,1.208239386063521970e+01,-4.425797396650182347e-01,0.000000000000000000e+00,-1.240142554165694833e+02
6.782500000000378115e+00,4.630834057289858379e+02,1.205176190013881232e+01,-4.413260012026570811e-01,0.000000000000000000e+00,-1.240580833682799096e+02
6.785000000000378506e+00,4.631135177578029243e+02,1.202111486160814380e+01,-4.401149537744357132e-01,0.000000000000000000e+00,-1.241010132900412231e+02
6.787500000000378897e+00,4.631435531584933187e+02,1.199044631834532204e+01,-4.389476533378598444e-01,0.000000000000000000e+00,-1.241430678619328631e+02
6.790000000000379288e+00,4.631735118736556274e+02,1.195974982136608489e+01,-4.378250960802871905e-01,0.000000000000000000e+00,-1.241842687120230835e+02
6.792500000000379679e+00,4.632033938297518603e+02,1.192901889424896211e+01,-4.367485855681382811e-01,0.000000000000000000e+00,-1.242246365250410491e+02
6.795000000000380069e+00,4.632331989370360361e+02,1.189824702813076485e+01,-4.357196023180408551e-01,0.000000000000000000e+00,-1.242641911324362525e+02
6.797500000000380460e+00,4.632629270894701676e+02,1.186742767684838284e+01,-4.347398678027113994e-01,0.000000000000000000e+00,-1.243029515232790914e+02
6.800000000000380851e+00,4.632925781646284236e+02,1.183655425223264679e+01,-4.338033516608633677e-01,0.000000000000000000e+00,-1.243409359948154531e+02
6.802500000000381242e+00,4.633221520244100020e+02,1.180563586834181677e+01,-4.329034128929569181e-01,0.000000000000000000e+00,-1.243781631886285624e+02
6.805000000000381633e+00,4.633516485699834107e+02,1.177468356476478029e+01,-4.320410332714696988e-01,0.000000000000000000e+00,-1.244146515587681847e+02
6.807500000000382023e+00,4.633810677144595047e+02,1.174369364044462749e+01,-4.312173720984298630e-01,0.000000000000000000e+00,-1.244504190051409438e+02
6.810000000000382414e+00,4.634104093616920181e+02,1.171266238550804673e+01,-4.304335351462793002e-01,0.000000000000000000e+00,-1.244854828665761630e+02
6.812500000000382805e+00,4.634396734062546557e+02,1.168158607986988073e+01,-4.296905618952789330e-01,0.000000000000000000e+00,-1.245198599921901774e+02
6.815000000000383196e+00,4.634688597334147744e+02,1.165046099188696971e+01,-4.289897898444280377e-01,0.000000000000000000e+00,-1.245535667532218582e+02
6.817500000000383586e+00,4.634979682191038250e+02,1.161928337705915659e+01,-4.283324138574474138e-01,0.000000000000000000e+00,-1.245866191344427278e+02
6.820000000000383977e+00,4.635269987298843830e+02,1.158804947678116193e+01,-4.277200043576974142e-01,0.000000000000000000e+00,-1.246190326719053019e+02
6.822500000000384368e+00,4.635559511229142799e+02,1.155675551714475446e+01,-4.271538860637531521e-01,0.000000000000000000e+00,-1.246508225845545041e+02
6.825000000000384759e+00,4.635848252459077230e+02,1.152539770779377548e+01,-4.266355520065949203e-01,0.000000000000000000e+00,-1.246820037641834062e+02
6.827500000000385150e+00,4.636136209370935148e+02,1.149397224083000779e+01,-4.261666022086995631e-01,0.000000000000000000e+00,-1.247125907548998356e+02
6.830000000000385540e+00,4.636423380251705453e+02,1.146247528977061769e+01,-4.257486616262261547e-01,0.000000000000000000e+00,-1.247425978701457296e+02
6.832500000000385931e+00,4.636709763292608386e+02,1.143090300855935126e+01,-4.253834862008299411e-01,0.000000000000000000e+00,-1.247720391672890088e+02
6.835000000000386322e+00,4.636995356588600998e+02,1.139925153063312813e+01,-4.250730580413282778e-01,0.000000000000000000e+00,-1.248009284664960319e+02
6.837500000000386713e+00,4.637280158137859303e+02,1.136751696804275014e+01,-4.248190062154562074e-01,0.000000000000000000e+00,-1.248292794506605219e+02
6.840000000000387104e+00,4.637564165841238832e+02,1.133569541062924557e+01,-4.246232132958742689e-01,0.000000000000000000e+00,-1.248571056050872414e+02
6.842500000000387494e+00,4.637847377501714163e+02,1.130378292525606376e+01,-4.244877593011994188e-01,0.000000000000000000e+00,-1.248844202843257563e+02
6.845000000000387885e+00,4.638129790823801955e+02,1.127177555509874018e+01,-4.244148611356660106e-01,0.000000000000000000e+00,-1.249112366758099029e+02
6.847500000000388276e+00,4.638411403412964660e+02,1.123966931899580679e+01,-4.244064945603787664e-01,0.000000000000000000e+00,-1.249375679682506473e+02
6.850000000000388667e+00,4.638692212774997188e+02,1.120746021085550126e+01,-4.243504278871360058e-01,0.000000000000000000e+00,-1.249634273501406483e+02
6.852500000000389058e+00,4.638972216468986289e+02,1.117538112754209223e+01,-4.241412438821778874e-01,0.000000000000000000e+00,-1.249888342547134101e+02
6.855000000000389448e+00,4.639251420222784077e+02,1.114365360756440637e+01,-4.237903364223600811e-01,0.000000000000000000e+00,-1.250138100000900039e+02
6.857500000000389839e+00,4.639529832711326094e+02,1.111225778129149511e+01,-4.233082839038284084e-01,0.000000000000000000e+00,-1.250383749700823302e+02
6.860000000000390230e+00,4.639807462117349814e+02,1.108117457459736066e+01,-4.227053132590896656e-01,0.000000000000000000e+00,-1.250625486559616775e+02
6.862500000000390621e+00,4.640084316151113057e+02,1.105038567895969415e+01,-4.219904340557659173e-01,0.000000000000000000e+00,-1.250863496965355210e+02
6.865000000000391012e+00,4.640360402069372299e+02,1.101987352297839706e+01,-4.211726198454104897e-01,0.000000000000000000e+00,-1.251097959061750515e+02
6.867500000000391402e+00,4.640635726693657830e+02,1.098962124509936444e+01,-4.202599490341373811e-01,0.000000000000000000e+00,-1.251329043840948572e+02
6.870000000000391793e+00,4.640910296427867365e+02,1.095961266709542237e+01,-4.192598272786749458e-01,0.000000000000000000e+00,-1.251556914026662923e+02
6.872500000000392184e+00,4.641184117275211634e+02,1.092983226993211154e+01,-4.181794959611293550e-01,0.000000000000000000e+00,-1.251781725267327232e+02
6.875000000000392575e+00,4.641457194854561408e+02,1.090026516991299133e+01,-4.170252749188814168e-01,0.000000000000000000e+00,-1.252003626753140253e+02
6.877500000000392966e+00,4.641729534416199954e+02,1.087089709585412933e+01,-4.158033513520485447e-01,0.000000000000000000e+00,-1.252222760386602971e+02
6.880000000000393356e+00,4.642001140857011592e+02,1.084171436731153548e+01,-4.145192188995904803e-01,0.000000000000000000e+00,-1.252439261710610481e+02
6.882500000000393747e+00,4.642272018735132519e+02,1.081270387373243125e+01,-4.131782244310414076e-01,0.000000000000000000e+00,-1.252653259786413145e+02
6.885000000000394138e+00,4.642542172284083790e+02,1.078385305449426035e+01,-4.117850180893393164e-01,0.000000000000000000e+00,-1.252864877789255758e+02
6.887500000000394529e+00,4.642811605426412029e+02,1.075514987980264969e+01,-4.103441330722431002e-01,0.000000000000000000e+00,-1.253074232851289764e+02
6.890000000000394920e+00,4.643080321786854370e+02,1.072658283242453692e+01,-4.088597646639068328e-01,0.000000000000000000e+00,-1.253281436425702822e+02
6.892500000000395310e+00,4.643348324705053756e+02,1.069814089023671144e+01,-4.073356272703961278e-01,0.000000000000000000e+00,-1.253486594386214676e+02
6.895000000000395701e+00,4.643615617247841669e+02,1.066981350957352781e+01,-4.057752250681428419e-01,0.000000000000000000e+00,-1.253689807022730349e+02
6.897500000000396092e+00,4.643882202221108173e+02,1.064159060935591228e+01,-4.041818515930326039e-01,0.000000000000000000e+00,-1.253891169466624405e+02
6.900000000000396483e+00,4.644148082181281438e+02,1.061346255599118571e+01,-4.025684610181171630e-01,0.000000000000000000e+00,-1.254090771136595635e+02
6.902500000000396874e+00,4.644413259432581071e+02,1.058540357767380868e+01,-4.009463298444455592e-01,0.000000000000000000e+00,-1.254288679985460391e+02
6.905000000000397264e+00,4.644677735487962877e+02,1.055739346230985554e+01,-3.993157000799382739e-01,0.000000000000000000e+00,-1.254484955444623466e+02
6.907500000000397655e+00,4.644941511563256427e+02,1.052943120119138598e+01,-3.976771981538899103e-01,0.000000000000000000e+00,-1.254679654557380104e+02
6.910000000000398046e+00,4.645204588849170477e+02,1.050151580279342589e+01,-3.960311643224656564e-01,0.000000000000000000e+00,-1.254872833126793097e+02
6.912500000000398437e+00,4.645466968511722712e+02,1.047364629258999003e+01,-3.943778844124544158e-01,0.000000000000000000e+00,-1.255064545198999326e+02
6.915000000000398828e+00,4.645728651692662652e+02,1.044582171287355443e+01,-3.927177763485677486e-01,0.000000000000000000e+00,-1.255254843044710924e+02
6.917500000000399218e+00,4.645989639509891731e+02,1.041804112257877257e+01,-3.910511884673449901e-01,0.000000000000000000e+00,-1.255443777354445984e+02
6.920000000000399609e+00,4.646249933057878252e+02,1.039030359711097340e+01,-3.893785356111983398e-01,0.000000000000000000e+00,-1.255631397374059190e+02
6.922500000000400000e+00,4.646509533408068364e+02,1.036260822817875926e+01,-3.877001202420576331e-01,0.000000000000000000e+00,-1.255817750899603880e+02
6.925000000000400391e+00,4.646768441609291926e+02,1.033495412362966270e+01,-3.860163325748324770e-01,0.000000000000000000e+00,-1.256002884284427950e+02
6.927500000000400782e+00,4.647026658688166094e+02,1.030734040728989953e+01,-3.843276145829663260e-01,0.000000000000000000e+00,-1.256186842582417853e+02
6.930000000000401172e+00,4.647284185649493224e+02,1.027976621880865515e+01,-3.826342128601065151e-01,0.000000000000000000e+00,-1.256369669581801531e+02
6.932500000000401563e+00,4.647541023476655937e+02,1.025223071350605508e+01,-3.809365606563699380e-01,0.000000000000000000e+00,-1.256551407932234810e+02
6.935000000000401954e+00,4.647797173132008766e+02,1.022473306222331857e+01,-3.792349203778173639e-01,0.000000000000000000e+00,-1.256732098790468086e+02
6.937500000000402345e+00,4.648052635557262988e+02,1.019727245117855396e+01,-3.775296632417250442e-01,0.000000000000000000e+00,-1.256911782381964429e+02
6.940000000000402736e+00,4.648307411673873162e+02,1.016984808182661659e+01,-3.758211001576546861e-01,0.000000000000000000e+00,-1.257090497736464840e+02
6.942500000000403126e+00,4.648561502383415132e+02,1.014245917072056891e+01,-3.741096037570307287e-01,0.000000000000000000e+00,-1.257268282801387755e+02
6.945000000000403517e+00,4.648814908567963471e+02,1.011510494937876103e+01,-3.723954417437385644e-01,0.000000000000000000e+00,-1.257445174512737225e+02
6.947500000000403908e+00,4.649067631090465511e+02,1.008778466415486186e+01,-3.706789288201289834e-01,0.000000000000000000e+00,-1.257621208574476697e+02
6.950000000000404299e+00,4.649319670795110255e+02,1.006049757611228657e+01,-3.689634267975825388e-01,0.000000000000000000e+00,-1.257796419866335498e+02
6.952500000000404690e+00,4.649571028506369430e+02,1.003324080181994482e+01,-3.672515733317281983e-01,0.000000000000000000e+00,-1.257970834388527805e+02
6.955000000000405080e+00,4.649821704955423911e+02,1.000601159164101794e+01,-3.655434930049634712e-01,0.000000000000000000e+00,-1.258144473622748052e+02
6.957500000000405471e+00,4.650071700828312942e+02,9.978809406717562780e+00,-3.638390233396111006e-01,0.000000000000000000e+00,-1.258317358484403599e+02
6.960000000000405862e+00,4.650321016797644234e+02,9.951633715232874877e+00,-3.621382120062272003e-01,0.000000000000000000e+00,-1.258489508670526504e+02
6.962500000000406253e+00,4.650569653522769045e+02,9.924483992267820298e+00,-3.604409137268266838e-01,0.000000000000000000e+00,-1.258660943171111342e+02
6.965000000000406644e+00,4.650817611649954415e+02,9.897359719660013155e+00,-3.587472256065634135e-01,0.000000000000000000e+00,-1.258831680052081623e+02
6.967500000000407034e+00,4.651064891812550854e+02,9.870260385862801300e+00,-3.570571374225239847e-01,0.000000000000000000e+00,-1.259001736741023905e+02
6.970000000000407425e+00,4.651311494631157188e+02,9.843185485807600443e+00,-3.553705179456247976e-01,0.000000000000000000e+00,-1.259171129869380081e+02
6.972500000000407816e+00,4.651557420713781994e+02,9.816134520766718552e+00,-3.536873835093065077e-01,0.000000000000000000e+00,-1.259339875335402610e+02
6.975000000000408207e+00,4.651802670656000487e+02,9.789106998217917521e+00,-3.520079049717148578e-01,0.000000000000000000e+00,-1.259507988317978260e+02
6.977500000000408598e+00,4.652047245041110273e+02,9.762102431710722783e+00,-3.503319007413164266e-01,0.000000000000000000e+00,-1.259675483462514478e+02
6.980000000000408988e+00,4.652291144440280846e+02,9.735120340734574995e+00,-3.486595070289249532e-01,0.000000000000000000e+00,-1.259842374713264661e+02
6.982500000000409379e+00,4.652534369412701949e+02,9.708160250588226958e+00,-3.469906401457916179e-01,0.000000000000000000e+00,-1.260008675616193159e+02
6.985000000000409770e+00,4.652776920505729095e+02,9.681221692251153144e+00,-3.453253336837441845e-01,0.000000000000000000e+00,-1.260174398962647331e+02
6.987500000000410161e+00,4.653018798255022830e+02,9.654304202256277279e+00,-3.436638047984487687e-01,0.000000000000000000e+00,-1.260339557197195433e+02
6.990000000000410552e+00,4.653260003184689140e+02,9.627407322563945158e+00,-3.420059920379749929e-01,0.000000000000000000e+00,-1.260504162495316507e+02
6.992500000000410942e+00,4.653500535807412462e+02,9.600530600437627626e+00,-3.403518595324788176e-01,0.000000000000000000e+00,-1.260668226384917432e+02
6.995000000000411333e+00,4.653740396624588698e+02,9.573673588322238359e+00,-3.387014718231544097e-01,0.000000000000000000e+00,-1.260831760077920052e+02
6.997500000000411724e+00,4.653979586126453682e+02,9.546835843722941917e+00,-3.370549391021677166e-01,0.000000000000000000e+00,-1.260994774240342906e+02
7.000000000000412115e+00,4.654218104792208806e+02,9.520016929086626334e+00,-3.354048562858646387e-01,0.000000000000000000e+00,-1.261157279743891451e+02
7.002500000000412506e+00,4.654455953102364560e+02,9.493232867838537814e+00,-3.337453687276022984e-01,0.000000000000000000e+00,-1.261319311262336953e+02
7.005000000000412896e+00,4.654693132093153167e+02,9.466496572699471201e+00,-3.320784611424714150e-01,0.000000000000000000e+00,-1.261480912553517442e+02
7.007500000000413287e+00,4.654929642930671889e+02,9.439803197649291988e+00,-3.304063616584827501e-01,0.000000000000000000e+00,-1.261642126722805699e+02
7.010000000000413678e+00,4.655165486661310297e+02,9.413148149710595547e+00,-3.287310294330086924e-01,0.000000000000000000e+00,-1.261802996200530771e+02
7.012500000000414069e+00,4.655400664218052498e+02,9.386527084496663065e+00,-3.270545548264258140e-01,0.000000000000000000e+00,-1.261963562669673422e+02
7.015000000000414460e+00,4.655635176426666817e+02,9.359935902272484398e+00,-3.253787322781545588e-01,0.000000000000000000e+00,-1.262123867256293863e+02
7.017500000000414850e+00,4.655869024011802253e+02,9.333370744499934091e+00,-3.237058169349795178e-01,0.000000000000000000e+00,-1.262283950192127691e+02
7.020000000000415241e+00,4.656102207603001375e+02,9.306827990827878594e+00,-3.220375320504970107e-01,0.000000000000000000e+00,-1.262443851071192142e+02
7.022500000000415632e+00,4.656334727740639323e+02,9.280304256471517022e+00,-3.203758252810038343e-01,0.000000000000000000e+00,-1.262603608487759033e+02
7.025000000000416023e+00,4.656566584881798008e+02,9.253796389906675302e+00,-3.187223987285324189e-01,0.000000000000000000e+00,-1.262763260030181272e+02
7.027500000000416414e+00,4.656797779406088011e+02,9.227301470791481108e+00,-3.170788494022889759e-01,0.000000000000000000e+00,-1.262922841969324139e+02
7.030000000000416804e+00,4.657028311621415355e+02,9.200816808009117054e+00,-3.154465320696104857e-01,0.000000000000000000e+00,-1.263082388999329169e+02
7.032500000000417195e+00,4.657258181769702787e+02,9.174339937711842197e+00,-3.138265424671306536e-01,0.000000000000000000e+00,-1.263241933790175580e+02
7.035000000000417586e+00,4.657487390032559915e+02,9.147868621236128206e+00,-3.122197593975317154e-01,0.000000000000000000e+00,-1.263401506670904695e+02
7.037500000000417977e+00,4.657715936536900472e+02,9.121400842758102812e+00,-3.106266522360538462e-01,0.000000000000000000e+00,-1.263561135329166518e+02
7.040000000000418368e+00,4.657943821360498191e+02,9.094934806562154250e+00,-3.090474161316173474e-01,0.000000000000000000e+00,-1.263720843945631742e+02
7.042500000000418758e+00,4.658171044537474472e+02,9.068468933812278365e+00,-3.074818126163210708e-01,0.000000000000000000e+00,-1.263880653056425842e+02
7.045000000000419149e+00,4.658397606063698504e+02,9.042001858745061682e+00,-3.059290034660753221e-01,0.000000000000000000e+00,-1.264040578873067346e+02
7.047500000000419540e+00,4.658623505902091892e+02,9.015532424239085074e+00,-3.043877952443362345e-01,0.000000000000000000e+00,-1.264200632596735545e+02
7.050000000000419931e+00,4.658848743987815624e+02,8.989059676765391416e+00,-3.028565720221137458e-01,0.000000000000000000e+00,-1.264360820080424759e+02
7.052500000000420322e+00,4.659073320236732911e+02,8.962588759470905941e+00,-3.013346154480375239e-01,0.000000000000000000e+00,-1.264521146672484946e+02
7.055000000000420712e+00,4.659297234754832857e+02,8.936125257911193387e+00,-2.998215491621657458e-01,0.000000000000000000e+00,-1.264681617305250683e+02
7.057500000000421103e+00,4.659520487726885563e+02,8.909669079384984869e+00,-2.983167350030145881e-01,0.000000000000000000e+00,-1.264842235359719638e+02
7.060000000000421494e+00,4.659743079335612492e+02,8.883220178299445990e+00,-2.968195220004204993e-01,0.000000000000000000e+00,-1.265003002048673011e+02
7.062500000000421885e+00,4.659965009762859722e+02,8.856778555501026773e+00,-2.953290207207680540e-01,0.000000000000000000e+00,-1.265163916824921699e+02
7.065000000000422276e+00,4.660186279190756409e+02,8.830344257571377753e+00,-2.938446188135190318e-01,0.000000000000000000e+00,-1.265324976699515531e+02
7.067500000000422666e+00,4.660406887802852793e+02,8.803917376098537417e+00,-2.923650659774849059e-01,0.000000000000000000e+00,-1.265486177163911634e+02
7.070000000000423057e+00,4.660626835785241155e+02,8.777498046932910469e+00,-2.908895823688992244e-01,0.000000000000000000e+00,-1.265647511150776126e+02
7.072500000000423448e+00,4.660846123327658574e+02,8.751086449435808490e+00,-2.894167809031050198e-01,0.000000000000000000e+00,-1.265808969374556057e+02
7.075000000000423839e+00,4.661064750624570365e+02,8.724682805736472702e+00,-2.879455957123703280e-01,0.000000000000000000e+00,-1.265970540462923992e+02
7.077500000000424230e+00,4.661282717876235324e+02,8.698287380006794578e+00,-2.864746396505640780e-01,0.000000000000000000e+00,-1.266132210449076467e+02
7.080000000000424620e+00,4.661500025289751648e+02,8.671900477767692905e+00,-2.850026190411781846e-01,0.000000000000000000e+00,-1.266293963186488440e+02
7.082500000000425011e+00,4.661716673080088071e+02,8.645522445241597964e+00,-2.835279975237973149e-01,0.000000000000000000e+00,-1.266455780249782208e+02
7.085000000000425402e+00,4.661932661471096822e+02,8.619153668761875053e+00,-2.820493272308268740e-01,0.000000000000000000e+00,-1.266617640586225946e+02
7.087500000000425793e+00,4.662147990696514057e+02,8.592794574254144280e+00,-2.805650725518183397e-01,0.000000000000000000e+00,-1.266779520877769016e+02
7.090000000000426184e+00,4.662362661000947242e+02,8.566445626800941682e+00,-2.790734640889823703e-01,0.000000000000000000e+00,-1.266941395256165919e+02
7.092500000000426574e+00,4.662576672640860806e+02,8.540107322620198005e+00,-2.775728787864467639e-01,0.000000000000000000e+00,-1.267103235480618935e+02
7.095000000000426965e+00,4.662790025885133218e+02,8.513780133421226637e+00,-2.760615268356588214e-01,0.000000000000000000e+00,-1.267265010773145377e+02
7.097500000000427356e+00,4.663002721014492522e+02,8.487464619204411420e+00,-2.745377597096233524e-01,0.000000000000000000e+00,-1.267426687929555555e+02
7.100000000000427747e+00,4.663214758324218678e+02,8.461161394584307160e+00,-2.729926368774839296e-01,0.000000000000000000e+00,-1.267588231182342184e+02
7.102500000000428138e+00,4.663426138123395503e+02,8.434868485732772925e+00,-2.714157687723785517e-01,0.000000000000000000e+00,-1.267749582244841235e+02
7.105000000000428528e+00,4.663636860646625450e+02,8.408584291564659807e+00,-2.698026562377032755e-01,0.000000000000000000e+00,-1.267910670084915949e+02
7.107500000000428919e+00,4.663846926118712304e+02,8.382310074591041271e+00,-2.681494937327846273e-01,0.000000000000000000e+00,-1.268071418059179649e+02
7.110000000000429310e+00,4.664056334796594001e+02,8.356047199927690627e+00,-2.664519422318026298e-01,0.000000000000000000e+00,-1.268231744776415582e+02
7.112500000000429701e+00,4.664265086971930714e+02,8.329797139420731966e+00,-2.647055892814314526e-01,0.000000000000000000e+00,-1.268391563188409634e+02
7.115000000000430092e+00,4.664473182973798089e+02,8.303561476345548087e+00,-2.629062912578394862e-01,0.000000000000000000e+00,-1.268550781128495117e+02
7.117500000000430482e+00,4.664680623171500997e+02,8.277341910609891329e+00,-2.610497036627168477e-01,0.000000000000000000e+00,-1.268709301140316938e+02
7.120000000000430873e+00,4.664887407977520297e+02,8.251140264386659595e+00,-2.591313738188172344e-01,0.000000000000000000e+00,-1.268867021164659974e+02
7.122500000000431264e+00,4.665093537850603411e+02,8.224958488106873133e+00,-2.571470208896291521e-01,0.000000000000000000e+00,-1.269023833380980335e+02
7.125000000000431655e+00,4.665299013299005537e+02,8.198798666740509944e+00,-2.550921227791752566e-01,0.000000000000000000e+00,-1.269179625523774178e+02
7.127500000000432046e+00,4.665503834883889454e+02,8.172663026304499923e+00,-2.529620234790278532e-01,0.000000000000000000e+00,-1.269334279864696242e+02
7.130000000000432436e+00,4.665708003222889033e+02,8.146553940532793803e+00,-2.507524526173850465e-01,0.000000000000000000e+00,-1.269487673241523851e+02
7.132500000000432827e+00,4.665911518993840446e+02,8.120473937655615870e+00,-2.484587313950014364e-01,0.000000000000000000e+00,-1.269639677716708661e+02
7.135000000000433218e+00,4.666114382938682752e+02,8.094425707226514888e+00,-2.460759563330152389e-01,0.000000000000000000e+00,-1.269790160033223430e+02
7.137500000000433609e+00,4.666316595867530737e+02,8.068412106964094832e+00,-2.435994350953003817e-01,0.000000000000000000e+00,-1.269938981094416448e+02
7.140000000000434000e+00,4.666518158662916562e+02,8.042436169564499693e+00,-2.410243526078758025e-01,0.000000000000000000e+00,-1.270085996585682437e+02
7.142500000000434390e+00,4.666719072284202525e+02,8.016501109445345108e+00,-2.383458416277713376e-01,0.000000000000000000e+00,-1.270231056781962167e+02
7.145000000000434781e+00,4.666919337772162635e+02,7.990610329388721844e+00,-2.355587806815684637e-01,0.000000000000000000e+00,-1.270374006192058971e+02
7.147500000000435172e+00,4.667118956253728470e+02,7.964767427069202377e+00,-2.326579171077062802e-01,0.000000000000000000e+00,-1.270514683634721536e+02
7.150000000000435563e+00,4.667317928946897609e+02,7.938976201434210012e+00,-2.297494919757946397e-01,0.000000000000000000e+00,-1.270652925424064392e+02
7.152500000000435953e+00,4.667516257157880091e+02,7.913225212583953727e+00,-2.269412276913513327e-01,0.000000000000000000e+00,-1.270788793729024633e+02
7.155000000000436344e+00,4.667713941739864367e+02,7.887499771338654320e+00,-2.242301116688459883e-01,0.000000000000000000e+00,-1.270922439991466462e+02
7.157500000000436735e+00,4.667910983327038252e+02,7.861799088864349194e+00,-2.216128653173856100e-01,0.000000000000000000e+00,-1.271054010676394483e+02
7.160000000000437126e+00,4.668107382534004159e+02,7.836122400220854267e+00,-2.190867063287418315e-01,0.000000000000000000e+00,-1.271183647073203815e+02
7.162500000000437517e+00,4.668303139956373684e+02,7.810468963693295130e+00,-2.166484858419607251e-01,0.000000000000000000e+00,-1.271311486130747568e+02
7.165000000000437907e+00,4.668498256171344565e+02,7.784838060120343073e+00,-2.142958897906632187e-01,0.000000000000000000e+00,-1.271437659672511842e+02
7.167500000000438298e+00,4.668692731738260022e+02,7.759228992243951240e+00,-2.120260088552289035e-01,0.000000000000000000e+00,-1.271562295640236897e+02
7.170000000000438689e+00,4.668886567199153887e+02,7.733641084060950632e+00,-2.098363074354178404e-01,0.000000000000000000e+00,-1.271685517465062532e+02
7.172500000000439080e+00,4.669079763079277541e+02,7.708073680179538201e+00,-2.077240443423322702e-01,0.000000000000000000e+00,-1.271807444591386798e+02
7.175000000000439471e+00,4.669272319887611502e+02,7.682526145190031741e+00,-2.056868230540107589e-01,0.000000000000000000e+00,-1.271928192161078073e+02
7.177500000000439861e+00,4.669464238117361106e+02,7.656997863041575592e+00,-2.037223400296814257e-01,0.000000000000000000e+00,-1.272047871465002373e+02
7.180000000000440252e+00,4.669655518246438533e+02,7.631488236429555982e+00,-2.018281426985176763e-01,0.000000000000000000e+00,-1.272166590016197318e+02
7.182500000000440643e+00,4.669846160737927221e+02,7.605996686192098011e+00,-2.000019747179000440e-01,0.000000000000000000e+00,-1.272284451728633314e+02
7.185000000000441034e+00,4.670036166040530929e+02,7.580522650714378585e+00,-1.982415667729807429e-01,0.000000000000000000e+00,-1.272401556581128688e+02
7.187500000000441425e+00,4.670225534589010863e+02,7.555065585344346246e+00,-1.965450172506704174e-01,0.000000000000000000e+00,-1.272518001111096879e+02
7.190000000000441815e+00,4.670414266804605177e+02,7.529624961819664009e+00,-1.949099700487455511e-01,0.000000000000000000e+00,-1.272633879146586224e+02
7.192500000000442206e+00,4.670602363095436544e+02,7.504200267697090254e+00,-1.933345974858870775e-01,0.000000000000000000e+00,-1.272749280533619185e+02
7.195000000000442597e+00,4.670789823856904377e+02,7.478791005796182390e+00,-1.918166652775176728e-01,0.000000000000000000e+00,-1.272864292303226676e+02
7.197500000000442988e+00,4.670976649472061695e+02,7.453396693653580485e+00,-1.903541917543166984e-01,0.000000000000000000e+00,-1.272978997920668007e+02
7.200000000000443379e+00,4.671162840311981768e+02,7.428016862985856505e+00,-1.889267788233136847e-01,0.000000000000000000e+00,-1.273093477321915827e+02
7.202500000000443769e+00,4.671348396738598012e+02,7.402654985066041249e+00,-1.875147454173478612e-01,0.000000000000000000e+00,-1.273207766564746066e+02
7.205000000000444160e+00,4.671533319241000868e+02,7.377314693109085830e+00,-1.861176947749698107e-01,0.000000000000000000e+00,-1.273321883696848005e+02
7.207500000000444551e+00,4.671717608357507743e+02,7.351995752866987033e+00,-1.847352924445646305e-01,0.000000000000000000e+00,-1.273435846113034415e+02
7.210000000000444942e+00,4.671901264620596521e+02,7.326697933057715773e+00,-1.833674465889768290e-01,0.000000000000000000e+00,-1.273549670704040153e+02
7.212500000000445333e+00,4.672084288556980027e+02,7.301421005327075164e+00,-1.820141298562570620e-01,0.000000000000000000e+00,-1.273663374329236859e+02
7.215000000000445723e+00,4.672266680687677649e+02,7.276164744206118584e+00,-1.806747062588562047e-01,0.000000000000000000e+00,-1.273776973516471287e+02
7.217500000000446114e+00,4.672448441528089234e+02,7.250928927070819263e+00,-1.793492288785724087e-01,0.000000000000000000e+00,-1.273890483832328044e+02
7.220000000000446505e+00,4.672629571588064437e+02,7.225713334103219587e+00,-1.780372494950420159e-01,0.000000000000000000e+00,-1.274003920966667351e+02
7.222500000000446896e+00,4.672810071371973208e+02,7.200517748250748085e+00,-1.767386231133881158e-01,0.000000000000000000e+00,-1.274117299637668310e+02
7.225000000000447287e+00,4.672989941378774574e+02,7.175341955187015230e+00,-1.754530780711380522e-01,0.000000000000000000e+00,-1.274230634806867783e+02
7.227500000000447677e+00,4.673169182102085415e+02,7.150185743272108319e+00,-1.741803700407029698e-01,0.000000000000000000e+00,-1.274343940504522834e+02
7.230000000000448068e+00,4.673347794030245268e+02,7.125048903510635689e+00,-1.729202371604124655e-01,0.000000000000000000e+00,-1.274457230620899253e+02
7.232500000000448459e+00,4.673525777646385109e+02,7.099931229512278286e+00,-1.716724791667808558e-01,0.000000000000000000e+00,-1.274570518516281226e+02
7.235000000000448850e+00,4.673703133428489878e+02,7.074832517452751546e+00,-1.704368833635081792e-01,0.000000000000000000e+00,-1.274683817296343591e+02
7.237500000000449241e+00,4.673879861849462714e+02,7.049752566034507062e+00,-1.692131337628227650e-01,0.000000000000000000e+00,-1.274797139564771840e+02
7.240000000000449631e+00,4.674055963377189755e+02,7.024691176447817931e+00,-1.680011466129651965e-01,0.000000000000000000e+00,-1.274910497742034750e+02
7.242500000000450022e+00,4.674231438474599827e+02,6.999648152328265205e+00,-1.668004413554506349e-01,0.000000000000000000e+00,-1.275023903948463442e+02
7.245000000000450413e+00,4.674406287599726966e+02,6.974623299715227098e+00,-1.656110227478756469e-01,0.000000000000000000e+00,-1.275137369587556861e+02
7.247500000000450804e+00,4.674580511205768971e+02,6.949616427016252374e+00,-1.644324201224206250e-01,0.000000000000000000e+00,-1.275250905964780515e+02
7.250000000000451195e+00,4.674754109741147658e+02,6.924627344965725406e+00,-1.633230364087639719e-01,0.000000000000000000e+00,-1.275364526497300659e+02
7.252500000000451585e+00,4.674927083633843949e+02,6.899634147243629556e+00,-1.623330881764391553e-01,0.000000000000000000e+00,-1.275478368298635843e+02
7.255000000000451976e+00,4.675099432552552798e+02,6.874617176017220999e+00,-1.614512495429540340e-01,0.000000000000000000e+00,-1.275592606333979973e+02
7.257500000000452367e+00,4.675271155920823958e+02,6.849579260884622656e+00,-1.606666521109658685e-01,0.000000000000000000e+00,-1.275707400685868294e+02
7.260000000000452758e+00,4.675442253228282539e+02,6.824522574876356273e+00,-1.599686705144623966e-01,0.000000000000000000e+00,-1.275822896676604614e+02
7.262500000000453149e+00,4.675612724017851747e+02,6.799449177066073879e+00,-1.593466808214774599e-01,0.000000000000000000e+00,-1.275939225791190950e+02
7.265000000000453539e+00,4.675782567882718013e+02,6.774360852244019959e+00,-1.587895634514095156e-01,0.000000000000000000e+00,-1.276056505106878802e+02
7.267500000000453930e+00,4.675951784458894736e+02,6.749259103108104618e+00,-1.582851820556934463e-01,0.000000000000000000e+00,-1.276174836520034717e+02
7.270000000000454321e+00,4.676120373418563645e+02,6.724145230436585408e+00,-1.578197710716554569e-01,0.000000000000000000e+00,-1.276294305114681578e+02
7.272500000000454712e+00,4.676288334465552907e+02,6.699020438111331188e+00,-1.573771573271581237e-01,0.000000000000000000e+00,-1.276414976366645959e+02
7.275000000000455103e+00,4.676455667333598285e+02,6.673885965358802963e+00,-1.569384997240907964e-01,0.000000000000000000e+00,-1.276536892208353606e+02
7.277500000000455493e+00,4.676622371788068335e+02,6.648743241902916878e+00,-1.564822096849147193e-01,0.000000000000000000e+00,-1.276660066259988895e+02
7.280000000000455884e+00,4.676788447631673193e+02,6.623594049304773357e+00,-1.559850018149064321e-01,0.000000000000000000e+00,-1.276784479017517668e+02
7.282500000000456275e+00,4.676953894714167745e+02,6.598440654266149785e+00,-1.554235761039318431e-01,0.000000000000000000e+00,-1.276910074550020227e+02
7.285000000000456666e+00,4.677118712945086259e+02,6.573285863269734186e+00,-1.547780606051286367e-01,0.000000000000000000e+00,-1.277036759672897972e+02
7.287500000000457057e+00,4.677282902307211430e+02,6.548132945840943187e+00,-1.540353609557430503e-01,0.000000000000000000e+00,-1.277164408486145533e+02
7.290000000000457447e+00,4.677446462867218884e+02,6.522985400306168913e+00,-1.531918281960972239e-01,0.000000000000000000e+00,-1.277292872296303017e+02
7.292500000000457838e+00,4.677609394779561285e+02,6.497846591389097703e+00,-1.522537716759848891e-01,0.000000000000000000e+00,-1.277421993481539317e+02
7.295000000000458229e+00,4.677771698280767509e+02,6.472719347299816128e+00,-1.512356297939827510e-01,0.000000000000000000e+00,-1.277551620539675952e+02
7.297500000000458620e+00,4.677933373673796495e+02,6.447605625659885042e+00,-1.501566456239244174e-01,0.000000000000000000e+00,-1.277681620453212048e+02
7.300000000000459011e+00,4.678094421304761568e+02,6.422506324941136491e+00,-1.490536191088894791e-01,0.000000000000000000e+00,-1.277811887790542329e+02
7.302500000000459401e+00,4.678254841533199624e+02,6.397417799882284761e+00,-1.479496805008315430e-01,0.000000000000000000e+00,-1.277942388229796222e+02
7.305000000000459792e+00,4.678414634588416448e+02,6.372336301268467729e+00,-1.468449830934178968e-01,0.000000000000000000e+00,-1.278073111133172830e+02
7.307500000000460183e+00,4.678573800645682468e+02,6.347261760296490252e+00,-1.457396629349738959e-01,0.000000000000000000e+00,-1.278204046194925780e+02
7.310000000000460574e+00,4.678732339878554285e+02,6.322194109260781403e+00,-1.446338367702756644e-01,0.000000000000000000e+00,-1.278335183412921197e+02
7.312500000000460965e+00,4.678890252458901386e+02,6.297133281503958457e+00,-1.435276784472805656e-01,0.000000000000000000e+00,-1.278466513078121238e+02
7.315000000000461355e+00,4.679047538556933432e+02,6.272079211367547202e+00,-1.424213288611049233e-01,0.000000000000000000e+00,-1.278598025886134337e+02
7.317500000000461746e+00,4.679204198341223560e+02,6.247031834142686257e+00,-1.413149565249665340e-01,0.000000000000000000e+00,-1.278729712849052902e+02
7.320000000000462137e+00,4.679360231978732827e+02,6.221991086021182227e+00,-1.402086663271736311e-01,0.000000000000000000e+00,-1.278861565428858000e+02
7.322500000000462528e+00,4.679515639634831814e+02,6.196956904047045356e+00,-1.391027265697414306e-01,0.000000000000000000e+00,-1.278993575315722211e+02
7.325000000000462919e+00,4.679670421473321085e+02,6.171929226068285423e+00,-1.379972301178873373e-01,0.000000000000000000e+00,-1.279125734768269780e+02
7.327500000000463309e+00,4.679824577656452789e+02,6.146907990689339130e+00,-1.368923967812722409e-01,0.000000000000000000e+00,-1.279258036283220150e+02
7.330000000000463700e+00,4.679978108344948282e+02,6.121893137224147630e+00,-1.357883511031387769e-01,0.000000000000000000e+00,-1.279390472869339277e+02
7.332500000000464091e+00,4.680131013698014613e+02,6.096884605649918853e+00,-1.346853137667602396e-01,0.000000000000000000e+00,-1.279523037838251298e+02
7.335000000000464482e+00,4.680283293873362709e+02,6.071882336561699844e+00,-1.335834567959900687e-01,0.000000000000000000e+00,-1.279655724985003786e+02
7.337500000000464873e+00,4.680434949027221592e+02,6.046886271127856816e+00,-1.324829584195359455e-01,0.000000000000000000e+00,-1.279788528481346219e+02
7.340000000000465263e+00,4.680585979314352585e+02,6.021896351046586382e+00,-1.313840397191180231e-01,0.000000000000000000e+00,-1.279921442994428702e+02
7.342500000000465654e+00,4.680736384888061821e+02,5.996912518503474843e+00,-1.302868726213758654e-01,0.000000000000000000e+00,-1.280054463566073082e+02
7.345000000000466045e+00,4.680886165900213314e+02,5.971934716130286702e+00,-1.291916451093020335e-01,0.000000000000000000e+00,-1.280187585683114264e+02
7.347500000000466436e+00,4.681035322501238625e+02,5.946962886965144968e+00,-1.280985393101337355e-01,0.000000000000000000e+00,-1.280320805304374971e+02
7.350000000000466827e+00,4.681183854840147660e+02,5.921996974413900716e+00,-1.270096040310794705e-01,0.000000000000000000e+00,-1.280454118845810285e+02
7.352500000000467217e+00,4.681331763063565745e+02,5.897035142012787112e+00,-1.259286044054601650e-01,0.000000000000000000e+00,-1.280587531469726343e+02
7.355000000000467608e+00,4.681479047253221779e+02,5.872075296138501876e+00,-1.248587488993406214e-01,0.000000000000000000e+00,-1.280721054807413282e+02
7.357500000000467999e+00,4.681625707456473151e+02,5.847117068146860497e+00,-1.238040000736124191e-01,0.000000000000000000e+00,-1.280854704940228146e+02
7.360000000000468390e+00,4.681771743711975660e+02,5.822160186378527946e+00,-1.227690273539487620e-01,0.000000000000000000e+00,-1.280988503382761508e+02
7.362500000000468781e+00,4.681917156052196560e+02,5.797204493890804500e+00,-1.217592487177109328e-01,0.000000000000000000e+00,-1.281122478199158650e+02
7.365000000000469171e+00,4.682061944506401119e+02,5.772249970667644448e+00,-1.207809310325865665e-01,0.000000000000000000e+00,-1.281256664876127331e+02
7.367500000000469562e+00,4.682206109104217830e+02,5.747296760681412486e+00,-1.198411232623022155e-01,0.000000000000000000e+00,-1.281391107473148452e+02
7.370000000000469953e+00,4.682349649879909634e+02,5.722345203687489779e+00,-1.189475802929590015e-01,0.000000000000000000e+00,-1.281525859687250772e+02
7.372500000000470344e+00,4.682492566877467652e+02,5.697395870740836088e+00,-1.181084340584351855e-01,0.000000000000000000e+00,-1.281660985627086973e+02
7.375000000000470735e+00,4.682634860156604759e+02,5.672449601849460343e+00,-1.173317902597732360e-01,0.000000000000000000e+00,-1.281796560068256667e+02
7.377500000000471125e+00,4.682776529799783702e+02,5.647507590588555892e+00,-1.166251425214258064e-01,0.000000000000000000e+00,-1.281932668220842118e+02
7.380000000000471516e+00,4.682917575921605930e+02,5.622571387276894761e+00,-1.159945351817297382e-01,0.000000000000000000e+00,-1.282069404476183081e+02
7.382500000000471907e+00,4.683057998677113574e+02,5.597642834870478090e+00,-1.154436199281582143e-01,0.000000000000000000e+00,-1.282206869982852595e+02
7.385000000000472298e+00,4.683197798269073928e+02,5.572724052449228083e+00,-1.149728518208619626e-01,0.000000000000000000e+00,-1.282345169008401342e+02
7.387500000000472689e+00,4.683336974954696643e+02,5.547817386409521490e+00,-1.145787504605516177e-01,0.000000000000000000e+00,-1.282484404244052030e+02
7.390000000000473079e+00,4.683475529050890600e+02,5.522925321863566772e+00,-1.142538805373243260e-01,0.000000000000000000e+00,-1.282624671239842939e+02
7.392500000000473470e+00,4.683613460937090167e+02,5.498050360639669343e+00,-1.139872196243271324e-01,0.000000000000000000e+00,-1.282766053198239149e+02
7.395000000000473861e+00,4.683750771054884581e+02,5.473194882430905572e+00,-1.137651711934107579e-01,0.000000000000000000e+00,-1.282908616413628238e+02
7.397500000000474252e+00,4.683887459904156003e+02,5.448361012711988138e+00,-1.135728893311168525e-01,0.000000000000000000e+00,-1.283052407536630994e+02
7.400000000000474643e+00,4.684023528036051403e+02,5.423550521295296356e+00,-1.133695469081971441e-01,0.000000000000000000e+00,-1.283197453444563223e+02
7.402500000000475033e+00,4.684158976024003778e+02,5.398735385759453997e+00,-1.130773932234944157e-01,0.000000000000000000e+00,-1.283343710330875922e+02
7.405000000000475424e+00,4.684293803443034676e+02,5.373889502644306759e+00,-1.126275625740036646e-01,0.000000000000000000e+00,-1.283491024419722351e+02
7.407500000000475815e+00,4.684428009557325936e+02,5.349020806079058943e+00,-1.119851293216356236e-01,0.000000000000000000e+00,-1.283639145206194598e+02
7.410000000000476206e+00,4.684561593856858508e+02,5.324140830013221581e+00,-1.111697581201950003e-01,0.000000000000000000e+00,-1.283787786819542305e+02
7.412500000000476597e+00,4.684694556131745458e+02,5.299261277158773709e+00,-1.102367866147478809e-01,0.000000000000000000e+00,-1.283936706603927291e+02
7.415000000000476987e+00,4.684826896452262304e+02,5.274390741768317348e+00,-1.092443615835936160e-01,0.000000000000000000e+00,-1.284085746447842951e+02
7.417500000000477378e+00,4.684958615080249160e+02,5.249533775779295475e+00,-1.082355102326557211e-01,0.000000000000000000e+00,-1.284234829235801101e+02
7.420000000000477769e+00,4.685089712367706625e+02,5.224691285363600279e+00,-1.072364284823219688e-01,0.000000000000000000e+00,-1.284383935328701796e+02
7.422500000000478160e+00,4.685220188673114876e+02,5.199862011904181180e+00,-1.062606403178300712e-01,0.000000000000000000e+00,-1.284533079416852104e+02
7.425000000000478551e+00,4.685350044315356399e+02,5.175043575422494158e+00,-1.053136844679101597e-01,0.000000000000000000e+00,-1.284682293714377010e+02
7.427500000000478941e+00,4.685479279549518878e+02,5.150232978245872673e+00,-1.043962688161782781e-01,0.000000000000000000e+00,-1.284831617505054169e+02
7.430000000000479332e+00,4.685607894553182859e+02,5.125426819095953768e+00,-1.035064253809531293e-01,0.000000000000000000e+00,-1.284981090755730122e+02
7.432500000000479723e+00,4.685735889416945383e+02,5.100621360949826766e+00,-1.026407485735519182e-01,0.000000000000000000e+00,-1.285130750628754583e+02
7.435000000000480114e+00,4.685863264136140174e+02,5.075812536739088721e+00,-1.017952393213864964e-01,0.000000000000000000e+00,-1.285280629605754541e+02
7.437500000000480505e+00,4.685990018602520308e+02,5.050995933436619900e+00,-1.009657806172819250e-01,0.000000000000000000e+00,-1.285430754717863522e+02
7.440000000000480895e+00,4.686116152595488984e+02,5.026166770936541184e+00,-1.001484484221397270e-01,0.000000000000000000e+00,-1.285581147481503308e+02
7.442500000000481286e+00,4.686241665772803344e+02,5.001319880499479176e+00,-9.933980898151176242e-02,0.000000000000000000e+00,-1.285731824187904806e+02
7.445000000000481677e+00,4.686366557660733747e+02,4.976449682709023214e+00,-9.853699657594550132e-02,0.000000000000000000e+00,-1.285882796666840875e+02
7.447500000000482068e+00,4.686490827643670514e+02,4.951550163452478337e+00,-9.773786118043198412e-02,0.000000000000000000e+00,-1.286034073116267678e+02
7.450000000000482459e+00,4.686614474953110516e+02,4.926614846525393610e+00,-9.694148254613615956e-02,0.000000000000000000e+00,-1.286185659170703275e+02
7.452500000000482849e+00,4.686737498670914306e+02,4.901666731406926658e+00,-9.614809444938246519e-02,0.000000000000000000e+00,-1.286337559123051619e+02
7.455000000000483240e+00,4.686859898768441326e+02,4.876733015941438154e+00,-9.535778271379609372e-02,0.000000000000000000e+00,-1.286489777159287371e+02
7.457500000000483631e+00,4.686981675603003055e+02,4.851813231120046588e+00,-9.457060323870337959e-02,0.000000000000000000e+00,-1.286642317516442233e+02
7.460000000000484022e+00,4.687102829520244995e+02,4.826906918462008811e+00,-9.378655282449722963e-02,0.000000000000000000e+00,-1.286795184424815375e+02
7.462500000000484413e+00,4.687223360854409862e+02,4.802013629842342368e+00,-9.300572340599759513e-02,0.000000000000000000e+00,-1.286948382122905343e+02
7.465000000000484803e+00,4.687343269928595078e+02,4.777132927323611611e+00,-9.222810762016744879e-02,0.000000000000000000e+00,-1.287101914870685277e+02
7.467500000000485194e+00,4.687462557055007437e+02,4.752264382992016145e+00,-9.145369992982346763e-02,0.000000000000000000e+00,-1.287255786906695789e+02
7.470000000000485585e+00,4.687581222535212078e+02,4.727407578798056953e+00,-9.068253139305779142e-02,0.000000000000000000e+00,-1.287410002385174437e+02
7.472500000000485976e+00,4.687699266660377475e+02,4.702562106401929398e+00,-8.991457969752864043e-02,0.000000000000000000e+00,-1.287564565477717053e+02
7.475000000000486367e+00,4.687816689711518734e+02,4.677727567024113853e+00,-8.914981937198535045e-02,0.000000000000000000e+00,-1.287719480298255235e+02
7.477500000000486757e+00,4.687933491959734624e+02,4.652903571301322927e+00,-8.838826446495479106e-02,0.000000000000000000e+00,-1.287874750861836333e+02
7.480000000000487148e+00,4.688049673666442914e+02,4.628089739148152582e+00,-8.762984860292510891e-02,0.000000000000000000e+00,-1.288030381207184405e+02
7.482500000000487539e+00,4.688165235083611719e+02,4.603285699624863447e+00,-8.687453023209648628e-02,0.000000000000000000e+00,-1.288186375178388232e+02
7.485000000000487930e+00,4.688280176453986314e+02,4.578491090811592557e+00,-8.612226182579757472e-02,0.000000000000000000e+00,-1.288342736572290050e+02
7.487500000000488320e+00,4.688394498011315363e+02,4.553705559689462667e+00,-8.537298372233134702e-02,0.000000000000000000e+00,-1.288499469094490451e+02
7.490000000000488711e+00,4.688508199980571476e+02,4.528928762029085675e+00,-8.462658871844486175e-02,0.000000000000000000e+00,-1.288656576309045363e+02
7.492500000000489102e+00,4.688621282578171758e+02,4.504160362286898867e+00,-8.388302284684151511e-02,0.000000000000000000e+00,-1.288814061612542616e+02
7.495000000000489493e+00,4.688733746012192114e+02,4.479400033509848278e+00,-8.314217141449498083e-02,0.000000000000000000e+00,-1.288971928276043570e+02
7.497500000000489884e+00,4.688845590482584385e+02,4.454647457249052422e+00,-8.240393646040507225e-02,0.000000000000000000e+00,-1.289130179404676824e+02
7.500000000000490274e+00,4.688956816181386671e+02,4.429902323483053017e+00,-8.166899402518930373e-02,0.000000000000000000e+00,-1.289288817967646708e+02
7.502500000000490665e+00,4.689067423290632632e+02,4.405160617503909748e+00,-8.093795002112973147e-02,0.000000000000000000e+00,-1.289447849035086051e+02
7.505000000000491056e+00,4.689177411854829529e+02,4.380418401359982283e+00,-8.021054860927336050e-02,0.000000000000000000e+00,-1.289607278358791120e+02
7.507500000000491447e+00,4.689286781860090514e+02,4.355675474371431655e+00,-7.948651981147482337e-02,0.000000000000000000e+00,-1.289767111342486317e+02
7.510000000000491838e+00,4.689395533287502076e+02,4.330931634080412707e+00,-7.876561569899566406e-02,0.000000000000000000e+00,-1.289927353026634194e+02
7.512500000000492228e+00,4.689503666113079134e+02,4.306186676220287168e+00,-7.804761366835874514e-02,0.000000000000000000e+00,-1.290088008112204250e+02
7.515000000000492619e+00,4.689611180307718996e+02,4.281440394685740891e+00,-7.733231311933684571e-02,0.000000000000000000e+00,-1.290249081042034618e+02
7.517500000000493010e+00,4.689718075837157016e+02,4.256692581503608075e+00,-7.661952372669898759e-02,0.000000000000000000e+00,-1.290410575981805152e+02
7.520000000000493401e+00,4.689824352661917715e+02,4.231943026804165342e+00,-7.590908066161938805e-02,0.000000000000000000e+00,-1.290572496885678504e+02
7.522500000000493792e+00,4.689930010737268162e+02,4.207191518792647855e+00,-7.520079625696900194e-02,0.000000000000000000e+00,-1.290734847447278355e+02
7.525000000000494182e+00,4.690035050013169098e+02,4.182437843720650861e+00,-7.449452148129188933e-02,0.000000000000000000e+00,-1.290897631194241342e+02
7.527500000000494573e+00,4.690139470434227746e+02,4.157681785857282541e+00,-7.379008472718928680e-02,0.000000000000000000e+00,-1.291060851410394434e+02
7.530000000000494964e+00,4.690243271939645524e+02,4.132923127459784851e+00,-7.308729604662550505e-02,0.000000000000000000e+00,-1.291224511177633190e+02
7.532500000000495355e+00,4.690346454463169721e+02,4.108161648743379857e+00,-7.238598550199358550e-02,0.000000000000000000e+00,-1.291388613332679540e+02
7.535000000000495746e+00,4.690449017933040636e+02,4.083397127850203923e+00,-7.168601144796472868e-02,0.000000000000000000e+00,-1.291553160501907769e+02
7.537500000000496136e+00,4.690550962271940421e+02,4.058629340817076603e+00,-7.098722477934858721e-02,0.000000000000000000e+00,-1.291718155112298803e+02
7.540000000000496527e+00,4.690652287396940778e+02,4.033858061542002105e+00,-7.028946562459674474e-02,0.000000000000000000e+00,-1.291883599422720579e+02
7.542500000000496918e+00,4.690752993219447831e+02,4.009083061749243448e+00,-6.959256258929275019e-02,0.000000000000000000e+00,-1.292049495470512852e+02
7.545000000000497309e+00,4.690853079645149251e+02,3.984304110952816114e+00,-6.889641681043490173e-02,0.000000000000000000e+00,-1.292215845066071154e+02
7.547500000000497700e+00,4.690952546573957420e+02,3.959520976418323013e+00,-6.820086383538130625e-02,0.000000000000000000e+00,-1.292382649914586068e+02
7.550000000000498090e+00,4.691051393899953155e+02,3.934733423123049967e+00,-6.750630988217559691e-02,0.000000000000000000e+00,-1.292549911524774302e+02
7.552500000000498481e+00,4.691149621512452654e+02,3.909943181453579442e+00,-6.681331121015395003e-02,0.000000000000000000e+00,-1.292717632084887498e+02
7.555000000000498872e+00,4.691247229364234386e+02,3.885152089925874019e+00,-6.612175755647664577e-02,0.000000000000000000e+00,-1.292885814119269128e+02
7.557500000000499263e+00,4.691344217433653512e+02,3.860360078089788427e+00,-6.543163514626851307e-02,0.000000000000000000e+00,-1.293054460056933692e+02
7.560000000000499654e+00,4.691440585697303050e+02,3.835567075477419596e+00,-6.474286197144385469e-02,0.000000000000000000e+00,-1.293223572250368250e+02
7.562500000000500044e+00,4.691536334130015007e+02,3.810773011600926186e+00,-6.405542036592934418e-02,0.000000000000000000e+00,-1.293393152992777289e+02
7.565000000000500435e+00,4.691631462704858109e+02,3.785977815950317460e+00,-6.336925634019700826e-02,0.000000000000000000e+00,-1.293563204528510369e+02
7.567500000000500826e+00,4.691725971393138934e+02,3.761181417991322995e+00,-6.268427416976457556e-02,0.000000000000000000e+00,-1.293733729049856152e+02
7.570000000000501217e+00,4.691819860164399643e+02,3.736383747163238400e+00,-6.200045602411929924e-02,0.000000000000000000e+00,-1.293904728610260122e+02
7.572500000000501608e+00,4.691913128986419679e+02,3.711584732876763937e+00,-6.131774732920618198e-02,0.000000000000000000e+00,-1.294076205243889035e+02
7.575000000000501998e+00,4.692005777825212363e+02,3.686784304511833366e+00,-6.063611620606152580e-02,0.000000000000000000e+00,-1.294248160909785668e+02
7.577500000000502389e+00,4.692097806645026026e+02,3.661982391415481874e+00,-5.995546556064075550e-02,0.000000000000000000e+00,-1.294420597518604836e+02
7.580000000000502780e+00,4.692189215408342307e+02,3.637178922899700240e+00,-5.927578480039671222e-02,0.000000000000000000e+00,-1.294593516858171540e+02
7.582500000000503171e+00,4.692280004075875013e+02,3.612373828239233031e+00,-5.859700828534606526e-02,0.000000000000000000e+00,-1.294766920705251891e+02
7.585000000000503562e+00,4.692370172606570122e+02,3.587567036669426557e+00,-5.791911297153728294e-02,0.000000000000000000e+00,-1.294940810753607252e+02
7.587500000000503952e+00,4.692459720957604077e+02,3.562758477384059486e+00,-5.724200735890266206e-02,0.000000000000000000e+00,-1.295115188633639320e+02
7.590000000000504343e+00,4.692548649084383214e+02,3.537948079533139278e+00,-5.656565785281505998e-02,0.000000000000000000e+00,-1.295290055890512235e+02
7.592500000000504734e+00,4.692636956940542063e+02,3.513135772220664421e+00,-5.589005777888583770e-02,0.000000000000000000e+00,-1.295465413987497811e+02
7.595000000000505125e+00,4.692724644477942206e+02,3.488321484502405312e+00,-5.521511782040310762e-02,0.000000000000000000e+00,-1.295641264393294705e+02
7.597500000000505516e+00,4.692811711646672279e+02,3.463505145383674488e+00,-5.454079425305008444e-02,0.000000000000000000e+00,-1.295817608448333829e+02
7.600000000000505906e+00,4.692898158395045130e+02,3.438686683817038237e+00,-5.387477376142477820e-02,0.000000000000000000e+00,-1.295994447673146794e+02
7.602500000000506297e+00,4.692983984684901770e+02,3.413887276363453793e+00,-5.322504054090462094e-02,0.000000000000000000e+00,-1.296171796179258422e+02
7.605000000000506688e+00,4.693069191211328643e+02,3.389125047955122483e+00,-5.259170454040610482e-02,0.000000000000000000e+00,-1.296349673993736928e+02
7.607500000000507079e+00,4.693153778878315165e+02,3.364395641199895426e+00,-5.197451062179412468e-02,0.000000000000000000e+00,-1.296528101589470623e+02
7.610000000000507470e+00,4.693237748482757183e+02,3.339695014915741833e+00,-5.137280192963393499e-02,0.000000000000000000e+00,-1.296707099262493443e+02
7.612500000000507860e+00,4.693321100722248502e+02,3.315019425473161530e+00,-5.078551076551078569e-02,0.000000000000000000e+00,-1.296886686562574198e+02
7.615000000000508251e+00,4.693403836202422212e+02,3.290365411304285281e+00,-5.021114488834896999e-02,0.000000000000000000e+00,-1.297066881668793599e+02
7.617500000000508642e+00,4.693485955443928788e+02,3.265729781797447107e+00,-4.964781884732421408e-02,0.000000000000000000e+00,-1.297247700728506459e+02
7.620000000000509033e+00,4.693567458889161230e+02,3.241109612142190510e+00,-4.909320808322400337e-02,0.000000000000000000e+00,-1.297429157222915705e+02
7.622500000000509424e+00,4.693648346908896087e+02,3.216502246077949323e+00,-4.854464532127276272e-02,0.000000000000000000e+00,-1.297611261338198858e+02
7.625000000000509814e+00,4.693728619809051565e+02,3.191905308935111485e+00,-4.799913903807465770e-02,0.000000000000000000e+00,-1.297794019453523902e+02
7.627500000000510205e+00,4.693808277837841842e+02,3.167316733900468417e+00,-4.745354173233352207e-02,0.000000000000000000e+00,-1.297977433689386544e+02
7.630000000000510596e+00,4.693887321193671482e+02,3.142734805310186896e+00,-4.690477484700752292e-02,0.000000000000000000e+00,-1.298161501777403544e+02
7.632500000000510987e+00,4.693965750034228677e+02,3.118158224563887693e+00,-4.635023250415386264e-02,0.000000000000000000e+00,-1.298346217288857645e+02
7.635000000000511378e+00,4.694043564487375875e+02,3.093586208329530685e+00,-4.578852235971159201e-02,0.000000000000000000e+00,-1.298531570595586118e+02
7.637500000000511768e+00,4.694120764664723993e+02,3.069018637944258110e+00,-4.522066885731498842e-02,0.000000000000000000e+00,-1.298717551121303302e+02
7.640000000000512159e+00,4.694197350679320948e+02,3.044456298856206278e+00,-4.465246763323917067e-02,0.000000000000000000e+00,-1.298904151498332737e+02
7.642500000000512550e+00,4.694273322670018160e+02,3.019901288124303917e+00,-4.409800752387157963e-02,0.000000000000000000e+00,-1.299091375348137376e+02
7.645000000000512941e+00,4.694348680837028382e+02,2.995357795742634721e+00,-4.358138613373508524e-02,0.000000000000000000e+00,-1.299279249076737983e+02
7.647500000000513332e+00,4.694423425502330929e+02,2.970833415112306142e+00,-4.311829622857295263e-02,0.000000000000000000e+00,-1.299467830024410091e+02
7.650000000000513722e+00,4.694497557198398567e+02,2.946339108823222031e+00,-4.267222177327077010e-02,0.000000000000000000e+00,-1.299657167447310542e+02
7.652500000000514113e+00,4.694571076742819287e+02,2.921873683018056500e+00,-4.220598339917016467e-02,0.000000000000000000e+00,-1.299847250230723148e+02
7.655000000000514504e+00,4.694643984762410014e+02,2.897427916715242358e+00,-4.169416589163405656e-02,0.000000000000000000e+00,-1.300038027304930210e+02
7.657500000000514895e+00,4.694716281746489130e+02,2.873000903207962864e+00,-4.112416921137152653e-02,0.000000000000000000e+00,-1.300229422682697589e+02
7.660000000000515286e+00,4.694787968154436157e+02,2.848590633115598347e+00,-4.049772642990804444e-02,0.000000000000000000e+00,-1.300421357054188150e+02
7.662500000000515676e+00,4.694859044391375846e+02,2.824194639915764693e+00,-3.982520395714467254e-02,0.000000000000000000e+00,-1.300613764710691669e+02
7.665000000000516067e+00,4.694929510800528760e+02,2.799810601286099487e+00,-3.911882864134965526e-02,0.000000000000000000e+00,-1.300806599801842935e+02
7.667500000000516458e+00,4.694999367669284425e+02,2.775436670112115589e+00,-3.838897913065865419e-02,0.000000000000000000e+00,-1.300999834238246819e+02
7.670000000000516849e+00,4.695068615241956991e+02,2.751071554335796865e+00,-3.764303303560886244e-02,0.000000000000000000e+00,-1.301193452632298033e+02
7.672500000000517240e+00,4.695137253733530542e+02,2.726714461147008439e+00,-3.688569633734166409e-02,0.000000000000000000e+00,-1.301387447160714430e+02
7.675000000000517630e+00,4.695205283341628615e+02,2.702364999020865355e+00,-3.611969146486588428e-02,0.000000000000000000e+00,-1.301581813892937021e+02
7.677500000000518021e+00,4.695272704255994540e+02,2.678023084021288636e+00,-3.534636975820119181e-02,0.000000000000000000e+00,-1.301776550242391295e+02
7.680000000000518412e+00,4.695339516665724204e+02,2.653688865270026120e+00,-3.456623724051938185e-02,0.000000000000000000e+00,-1.301971653604653625e+02
7.682500000000518803e+00,4.695405720764746320e+02,2.629362670256437440e+00,-3.377930487947006233e-02,0.000000000000000000e+00,-1.302167120382285361e+02
7.685000000000519194e+00,4.695471316756041915e+02,2.605044964360115234e+00,-3.298526364912154202e-02,0.000000000000000000e+00,-1.302362945729502144e+02
7.687500000000519584e+00,4.695536304854769583e+02,2.580736265562434184e+00,-3.218363770318530964e-02,0.000000000000000000e+00,-1.302559123293531798e+02
7.690000000000519975e+00,4.695600685288983982e+02,2.556437104364352564e+00,-3.137392645008114933e-02,0.000000000000000000e+00,-1.302755645193446696e+02
7.692500000000520366e+00,4.695664458300293518e+02,2.532148058094823906e+00,-3.055550714599479176e-02,0.000000000000000000e+00,-1.302952502096201215e+02
7.695000000000520757e+00,4.695727624144987544e+02,2.507869745304978082e+00,-2.972779277805041170e-02,0.000000000000000000e+00,-1.303149683172231050e+02
7.697500000000521148e+00,4.695790183095033399e+02,2.483602820539458911e+00,-2.889027531452121114e-02,0.000000000000000000e+00,-1.303347176231930291e+02
7.700000000000521538e+00,4.695852135438954633e+02,2.459347971024436585e+00,-2.804551282304300341e-02,0.000000000000000000e+00,-1.303544967970747450e+02
7.702500000000521929e+00,4.695913481480589553e+02,2.435102270070189867e+00,-2.719643336765965522e-02,0.000000000000000000e+00,-1.303743049590210603e+02
7.705000000000522320e+00,4.695974221412615179e+02,2.410862423609142269e+00,-2.634292363619946536e-02,0.000000000000000000e+00,-1.303941414201277098e+02
7.707500000000522711e+00,4.696034355382341801e+02,2.386628599470547840e+00,-2.548494476903217371e-02,0.000000000000000000e+00,-1.304140054700094424e+02
7.710000000000523102e+00,4.696093883541286118e+02,2.362400967365928306e+00,-2.462241736674274789e-02,0.000000000000000000e+00,-1.304338963814693670e+02
7.712500000000523492e+00,4.696152806045218426e+02,2.338179698952534302e+00,-2.375526080106916960e-02,0.000000000000000000e+00,-1.304538134089480081e+02
7.715000000000523883e+00,4.696211123054211498e+02,2.313964967896233293e+00,-2.288343318500027021e-02,0.000000000000000000e+00,-1.304737557850326937e+02
7.717500000000524274e+00,4.696268834732692312e+02,2.289756949933654084e+00,-2.200684030418521495e-02,0.000000000000000000e+00,-1.304937227245791007e+02
7.720000000000524665e+00,4.696325941249492644e+02,2.265555822933464913e+00,-2.112545707068745962e-02,0.000000000000000000e+00,-1.305137134230215565e+02
7.722500000000525056e+00,4.696382442777903066e+02,2.241361766956683876e+00,-2.023922848408966566e-02,0.000000000000000000e+00,-1.305337270618902892e+02
7.725000000000525446e+00,4.696438339495729224e+02,2.217174964315956842e+00,-1.934811792960627191e-02,0.000000000000000000e+00,-1.305537628020321677e+02
7.727500000000525837e+00,4.696493631585346407e+02,2.192995599633777992e+00,-1.845206613578033797e-02,0.000000000000000000e+00,-1.305738197907493827e+02
7.730000000000526228e+00,4.696548319233759798e+02,2.168823859899636108e+00,-1.755098719906747137e-02,0.000000000000000000e+00,-1.305938971596835358e+02
7.732500000000526619e+00,4.696602402632663029e+02,2.144659934526042200e+00,-1.664489975713389497e-02,0.000000000000000000e+00,-1.306139940141924001e+02
7.735000000000527010e+00,4.696655881978498428e+02,2.120504015403478437e+00,-1.573374625968228246e-02,0.000000000000000000e+00,-1.306341094548055253e+02
7.737500000000527400e+00,4.696708757472519551e+02,2.096356296954207110e+00,-1.481747800345419898e-02,0.000000000000000000e+00,-1.306542425573178150e+02
7.740000000000527791e+00,4.696761029320855982e+02,2.072216976185010218e+00,-1.389608052346100187e-02,0.000000000000000000e+00,-1.306743923875623068e+02
7.742500000000528182e+00,4.696812697734577569e+02,2.048086252738847701e+00,-1.296952111467093542e-02,0.000000000000000000e+00,-1.306945579931814052e+02
7.745000000000528573e+00,4.696863762929759218e+02,2.023964328945427216e+00,-1.203777338462564545e-02,0.000000000000000000e+00,-1.307147384080094241e+02
7.747500000000528964e+00,4.696914225127549685e+02,1.999851409870717411e+00,-1.110078390259968198e-02,0.000000000000000000e+00,-1.307349326502660460e+02
7.750000000000529354e+00,4.696964084554241481e+02,1.975747703365456909e+00,-1.017704393657572516e-02,0.000000000000000000e+00,-1.307551397928301355e+02
7.752500000000529745e+00,4.697013341424352575e+02,1.951629001159682186e+00,-9.284540233903574441e-03,0.000000000000000000e+00,-1.307753627013933340e+02
7.755000000000530136e+00,4.697061995107231951e+02,1.927473073192618180e+00,-8.422700460966161054e-03,0.000000000000000000e+00,-1.307956055993829239e+02
7.757500000000530527e+00,4.697110044690053314e+02,1.903282945101962831e+00,-7.591349970233928629e-03,0.000000000000000000e+00,-1.308158724831492634e+02
7.760000000000530918e+00,4.697157489334255160e+02,1.879061402026136696e+00,-6.790851372711619906e-03,0.000000000000000000e+00,-1.308361671564162805e+02
7.762500000000531308e+00,4.697204328269560847e+02,1.854810993352399073e+00,-6.022294419789024807e-03,0.000000000000000000e+00,-1.308564932771671749e+02
7.765000000000531699e+00,4.697250560788107236e+02,1.830534036097245743e+00,-5.287754884066214744e-03,0.000000000000000000e+00,-1.308768544289048634e+02
7.767500000000532090e+00,4.697296186238652353e+02,1.806232617304453836e+00,-4.590770711286801253e-03,0.000000000000000000e+00,-1.308972542320443324e+02
7.770000000000532481e+00,4.697341204020841019e+02,1.781908596651840648e+00,-3.936787112293203134e-03,0.000000000000000000e+00,-1.309176965254770835e+02
7.772500000000532872e+00,4.697385613579540404e+02,1.757563611953307570e+00,-3.333549457751197511e-03,0.000000000000000000e+00,-1.309381856276040139e+02
7.775000000000533262e+00,4.697429414399340999e+02,1.733199092652927931e+00,-2.791221835615801360e-03,0.000000000000000000e+00,-1.309587267024696189e+02
7.777500000000533653e+00,4.697472605999460598e+02,1.708816289496722041e+00,-2.321640055297332066e-03,0.000000000000000000e+00,-1.309793262025932563e+02
7.780000000000534044e+00,4.697515187929507192e+02,1.684416330711058229e+00,-1.936196150306898709e-03,0.000000000000000000e+00,-1.309999922967870134e+02
7.782500000000534435e+00,4.697557159766824384e+02,1.660000312093922847e+00,-1.642272807961177522e-03,0.000000000000000000e+00,-1.310207350763698742e+02
7.785000000000534826e+00,4.697598521116286179e+02,1.635569414656999454e+00,-1.439214358732042627e-03,0.000000000000000000e+00,-1.310415662991301815e+02
7.787500000000535216e+00,4.697639271613131200e+02,1.611125017993221720e+00,-1.316216133856221941e-03,0.000000000000000000e+00,-1.310624984903837458e+02
7.790000000000535607e+00,4.697679410928463426e+02,1.586668755109437168e+00,-1.236247482757560920e-03,0.000000000000000000e+00,-1.310835435228954395e+02
7.792500000000535998e+00,4.697718938775615243e+02,1.562202462530506875e+00,-1.168314942454834384e-03,0.000000000000000000e+00,-1.311047087508143250e+02
7.795000000000536389e+00,4.697757854914606241e+02,1.537728027295499622e+00,-1.108309586070079216e-03,0.000000000000000000e+00,-1.311259988786507051e+02
7.797500000000536780e+00,4.697796159152307496e+02,1.513247186388087195e+00,-1.054050874869365273e-03,0.000000000000000000e+00,-1.311474176219073229e+02
7.800000000000537170e+00,4.697833851337555870e+02,1.488761349640819853e+00,-1.004648346131603110e-03,0.000000000000000000e+00,-1.311689680133936520e+02
7.802500000000537561e+00,4.697870931352262573e+02,1.464271615245457347e+00,-9.581656822823576445e-04,0.000000000000000000e+00,-1.311906525610122571e+02
7.805000000000537952e+00,4.697907399104249748e+02,1.439778590795718571e+00,-8.943051585746693158e-04,0.000000000000000000e+00,-1.312124730099071428e+02
7.807500000000538343e+00,4.697943254512614999e+02,1.415282350658232158e+00,-8.048723376040541836e-04,0.000000000000000000e+00,-1.312344275651666976e+02
7.810000000000538734e+00,4.697978497496274599e+02,1.390782631595774310e+00,-6.881873310711910134e-04,0.000000000000000000e+00,-1.312565135979891693e+02
7.812500000000539124e+00,4.698013127965814419e+02,1.366278885963355449e+00,-5.431124238083386837e-04,0.000000000000000000e+00,-1.312787279899108626e+02
7.815000000000539515e+00,4.698047145816689749e+02,1.341770335106938328e+00,-3.688441586694046087e-04,0.000000000000000000e+00,-1.313010672511777557e+02
7.817500000000539906e+00,4.698080550923740475e+02,1.317256016148525166e+00,-1.647793225794576548e-04,0.000000000000000000e+00,-1.313235276079146843e+02
7.820000000000540297e+00,4.698113343136821527e+02,1.292734818693167309e+00,6.948389070653246836e-05,0.000000000000000000e+00,-1.313461050647493380e+02
7.822500000000540687e+00,4.698145522277286545e+02,1.268205510578945594e+00,3.342368735373817145e-04,0.000000000000000000e+00,-1.313687954635452115e+02
7.825000000000541078e+00,4.698177088135056465e+02,1.243666753499515387e+00,6.296430508881992964e-04,0.000000000000000000e+00,-1.313915945194231938e+02
7.827500000000541469e+00,4.698208040466026887e+02,1.219117110207729615e+00,9.557411898236038532e-04,0.000000000000000000e+00,-1.314144978625849660e+02
7.830000000000541860e+00,4.698238378989610737e+02,1.194555044145098943e+00,1.312453604147113513e-03,0.000000000000000000e+00,-1.314375010680693379e+02
7.832500000000542251e+00,4.698268103386220105e+02,1.169978909400794631e+00,1.699631368545336451e-03,0.000000000000000000e+00,-1.314605996847987797e+02
7.835000000000542641e+00,4.698297213294451922e+02,1.145386936609611883e+00,2.117013719584173118e-03,0.000000000000000000e+00,-1.314837892598593498e+02
7.837500000000543032e+00,4.698325708307924060e+02,1.120777220224693060e+00,2.564229713707103734e-03,0.000000000000000000e+00,-1.315070653607166662e+02
7.840000000000543423e+00,4.698353587971805609e+02,1.096147707095158408e+00,3.040848158262474815e-03,0.000000000000000000e+00,-1.315304236007383167e+02
7.842500000000543814e+00,4.698380851779065779e+02,1.071496185882021779e+00,3.546340847370055456e-03,0.000000000000000000e+00,-1.315538596551355397e+02
7.845000000000544205e+00,4.698407499166460752e+02,1.046820277000829025e+00,4.080079860469847629e-03,0.000000000000000000e+00,-1.315773692828041703e+02
7.847500000000544595e+00,4.698433529510271569e+02,1.022117422890514105e+00,4.641375075055747743e-03,0.000000000000000000e+00,-1.316009483472480781e+02
7.850000000000544986e+00,4.698458942121802124e+02,9.973848784837440196e-01,5.208185679249317107e-03,0.000000000000000000e+00,-1.316245929101731633e+02
7.852500000000545377e+00,4.698483736257781516e+02,9.726459862428846748e-01,5.758712706256450056e-03,0.000000000000000000e+00,-1.316483034734000910e+02
7.855000000000545768e+00,4.698507912027137650e+02,9.479253264987730354e-01,6.292551919670026292e-03,0.000000000000000000e+00,-1.316720823871929440e+02
7.857500000000546159e+00,4.698531469880139753e+02,9.232219376900969721e-01,6.809266990941064898e-03,0.000000000000000000e+00,-1.316959320859946843e+02
7.860000000000546549e+00,4.698554410243236816e+02,8.985348963367705277e-01,7.308430060785102954e-03,0.000000000000000000e+00,-1.317198550930271779e+02
7.862500000000546940e+00,4.698576733520003472e+02,8.738633159384355809e-01,7.789634339539270973e-03,0.000000000000000000e+00,-1.317438540167283065e+02
7.865000000000547331e+00,4.698598440092056876e+02,8.492063458922206598e-01,8.252411821132902420e-03,0.000000000000000000e+00,-1.317679315432065437e+02
7.867500000000547722e+00,4.698619530319949718e+02,8.245631704315119492e-01,8.696335001074459448e-03,0.000000000000000000e+00,-1.317920904456246660e+02
7.870000000000548113e+00,4.698640004544034241e+02,7.999330075880028978e-01,9.120955599872625566e-03,0.000000000000000000e+00,-1.318163335760565360e+02
7.872500000000548503e+00,4.698659863085301254e+02,7.753151081797217126e-01,9.525813187266335413e-03,0.000000000000000000e+00,-1.318406638606983279e+02
7.875000000000548894e+00,4.698679106246195829e+02,7.507087548282929124e-01,9.910434788561364727e-03,0.000000000000000000e+00,-1.318650843036815843e+02
7.877500000000549285e+00,4.698697734311404588e+02,7.261132610094036544e-01,1.027432484676438912e-02,0.000000000000000000e+00,-1.318895979829569001e+02
7.880000000000549676e+00,4.698715747548623085e+02,7.015279701411909485e-01,1.061697821607682224e-02,0.000000000000000000e+00,-1.319142080477171532e+02
7.882500000000550067e+00,4.698733146209299321e+02,6.769522547160954362e-01,1.093787683268259911e-02,0.000000000000000000e+00,-1.319389177172309928e+02
7.885000000000550457e+00,4.698749930529355652e+02,6.523855154827240543e-01,1.123649253771806349e-02,0.000000000000000000e+00,-1.319637302740257212e+02
7.887500000000550848e+00,4.698766100729890809e+02,6.278271806853410464e-01,1.151228186741242408e-02,0.000000000000000000e+00,-1.319886490603883544e+02
7.890000000000551239e+00,4.698781657017863154e+02,6.032767053697637438e-01,1.176469353578692319e-02,0.000000000000000000e+00,-1.320136774738687393e+02
7.892500000000551630e+00,4.698796599586756884e+02,5.787335707656990902e-01,1.199317897305593981e-02,0.000000000000000000e+00,-1.320388189572600766e+02
7.895000000000552021e+00,4.698810928617234026e+02,5.541972837567877841e-01,1.219719043881753104e-02,0.000000000000000000e+00,-1.320640769882687948e+02
7.897500000000552411e+00,4.698824644277772222e+02,5.296673764507809912e-01,1.237621750023393946e-02,0.000000000000000000e+00,-1.320894550696274052e+02
7.900000000000552802e+00,4.698837746725293982e+02,5.051434058632661150e-01,1.254263165116061528e-02,0.000000000000000000e+00,-1.321149566655969352e+02
7.902500000000553193e+00,4.698850236103910447e+02,4.806221936486023139e-01,1.270919642464424411e-02,0.000000000000000000e+00,-1.321405827965674291e+02
7.905000000000553584e+00,4.698862112451458870e+02,4.561008455587840515e-01,1.287596159124082366e-02,0.000000000000000000e+00,-1.321663334814784889e+02
7.907500000000553975e+00,4.698873375764517277e+02,4.315793571850856658e-01,1.304298619923534644e-02,0.000000000000000000e+00,-1.321922087293079642e+02
7.910000000000554365e+00,4.698884026039554556e+02,4.070577243021967218e-01,1.321032385898603806e-02,0.000000000000000000e+00,-1.322182085396005391e+02
7.912500000000554756e+00,4.698894063272935568e+02,3.825359428614338309e-01,1.337802997848021661e-02,0.000000000000000000e+00,-1.322443329026546905e+02
7.915000000000555147e+00,4.698903487460924566e+02,3.580140089840593287e-01,1.354615735134183548e-02,0.000000000000000000e+00,-1.322705817977818299e+02
7.917500000000555538e+00,4.698912298599689166e+02,3.334919189547078666e-01,1.371476339769784301e-02,0.000000000000000000e+00,-1.322969551957223473e+02
7.920000000000555929e+00,4.698920496685306034e+02,3.089696692149210833e-01,1.388390065489763028e-02,0.000000000000000000e+00,-1.323234530558501660e+02
7.922500000000556319e+00,4.698928081713762595e+02,2.844472563567935763e-01,1.405362704848187039e-02,0.000000000000000000e+00,-1.323500753300109807e+02
7.925000000000556710e+00,4.698935053680963279e+02,2.599246771167282311e-01,1.422398547110427167e-02,0.000000000000000000e+00,-1.323768219587172155e+02
7.927500000000557101e+00,4.698941412582730663e+02,2.354019283693059295e-01,1.439503847055599584e-02,0.000000000000000000e+00,-1.324036928752436779e+02
7.930000000000557492e+00,4.698947158414810019e+02,2.108790071212661432e-01,1.456682798498886572e-02,0.000000000000000000e+00,-1.324306880012204886e+02
7.932500000000557883e+00,4.698952291172873288e+02,1.863559105056003529e-01,1.473941757819726729e-02,0.000000000000000000e+00,-1.324578072495420429e+02
7.935000000000558273e+00,4.698956810852520221e+02,1.618326357757548795e-01,1.491285342534961166e-02,0.000000000000000000e+00,-1.324850505236389608e+02
7.937500000000558664e+00,4.698960717449283493e+02,1.373091802999469868e-01,1.508717986400815239e-02,0.000000000000000000e+00,-1.325124177166046309e+02
7.940000000000559055e+00,4.698964010958630411e+02,1.127855415555934632e-01,1.526246071980012428e-02,0.000000000000000000e+00,-1.325399087145809744e+02
7.942500000000559446e+00,4.698966691375965752e+02,8.826171712385208479e-02,1.543873778996088415e-02,0.000000000000000000e+00,-1.325675233919126299e+02
7.945000000000559837e+00,4.698968758696634609e+02,6.373770468427150671e-02,1.561605980116575337e-02,0.000000000000000000e+00,-1.325952616145119975e+02
7.947500000000560227e+00,4.698970212915924094e+02,3.921350200954922677e-02,1.579447943104289251e-02,0.000000000000000000e+00,-1.326231232395418260e+02
7.950000000000560618e+00,4.698971054029066181e+02,1.468910696040402752e-02,1.596030072724506643e-02,0.000000000000000000e+00,-1.326511081624892086e+02
