Time (s),Altitude (m),Velocity (m/s),Angular Velocity (rad/s),Fin Tab Angle (deg),Angular Position (deg)
0.000000000000000000e+00,1.000000000000000000e+00,1.000000000000000000e+02,0.000000000000000000e+00,0.000000000000000000e+00,0.000000000000000000e+00
2.500000000000000052e-03,1.249986790447079388e+00,1.000118012745392519e+02,-2.152505619770172420e-14,0.000000000000000000e+00,0.000000000000000000e+00
5.000000000000000104e-03,1.500047828272447870e+00,1.001024241369166390e+02,-2.387411899713314577e-13,0.000000000000000000e+00,2.827693721192347445e-14
7.499999999999999722e-03,1.750380171841268151e+00,1.002718763319023623e+02,3.612751814212075012e-13,0.000000000000000000e+00,1.710997322397317703e-13
1.000000000000000021e-02,2.001180898444166356e+00,1.005201648354634898e+02,8.556559069409546798e-13,0.000000000000000000e+00,5.361979479118736277e-13
1.250000000000000069e-02,2.252644641231924538e+00,1.008079094051965967e+02,4.627158683457969310e-12,0.000000000000000000e+00,1.276211578468433711e-12
1.500000000000000118e-02,2.504827785938675611e+00,1.010957253226528820e+02,2.166205233596945445e-12,0.000000000000000000e+00,2.307433718216247896e-12
1.750000000000000167e-02,2.757730510909258026e+00,1.013836125486833168e+02,8.699115544386220482e-13,0.000000000000000000e+00,3.831219789197598159e-12
2.000000000000000042e-02,3.011352994393927229e+00,1.016715710459986752e+02,-3.239733474319555449e-12,0.000000000000000000e+00,6.077466860339212146e-12
2.249999999999999917e-02,3.265695416568661358e+00,1.019596330905467738e+02,-1.246426512802172125e-12,0.000000000000000000e+00,9.354922142633798233e-12
2.499999999999999792e-02,3.520758070951660823e+00,1.022478309693423455e+02,-1.258831337981897172e-11,0.000000000000000000e+00,1.388759923977567633e-11
2.749999999999999667e-02,3.776541297115257212e+00,1.025361646595356007e+02,-1.940853676487154193e-11,0.000000000000000000e+00,2.028065801077874034e-11
2.999999999999999889e-02,4.033045434575366350e+00,1.028246341390001390e+02,-1.409270230736418304e-11,0.000000000000000000e+00,2.912129231968217937e-11
3.250000000000000111e-02,4.290270822524402838e+00,1.031132350943542946e+02,-1.440619864658206686e-11,0.000000000000000000e+00,4.071154981348220754e-11
3.500000000000000333e-02,4.548217785035224558e+00,1.034019632107860360e+02,3.825440808252987325e-13,0.000000000000000000e+00,5.536752546784350382e-11
3.750000000000000555e-02,4.806886639996616140e+00,1.036908184638231347e+02,-1.197537854405109291e-11,0.000000000000000000e+00,7.345936928832261883e-11
4.000000000000000083e-02,5.066277705236119644e+00,1.039798008288789788e+02,-9.836454063231970507e-12,0.000000000000000000e+00,9.550341586364466634e-11
4.250000000000000305e-02,5.326391301132368028e+00,1.042689520953918532e+02,2.404887416572922211e-13,0.000000000000000000e+00,1.220352936006541674e-10
4.500000000000000527e-02,5.587227894789263516e+00,1.045583140659025361e+02,3.404045333892452126e-11,0.000000000000000000e+00,1.536058099709680008e-10
4.750000000000000749e-02,5.848788012964029726e+00,1.048478867355676556e+02,1.190206567991404729e-11,0.000000000000000000e+00,1.903861301943360843e-10
5.000000000000000278e-02,6.111072182401092512e+00,1.051376700977609175e+02,6.068897203188586138e-11,0.000000000000000000e+00,2.329179719513611088e-10
5.250000000000000500e-02,6.374080929442213161e+00,1.054276579442089599e+02,1.006474187714196228e-10,0.000000000000000000e+00,2.813728908582572528e-10
5.500000000000000722e-02,6.637814758635392387e+00,1.057178440598509468e+02,1.156982842030450037e-10,0.000000000000000000e+00,3.359048436209024300e-10
5.750000000000000944e-02,6.902274165648875304e+00,1.060082284363722920e+02,1.021732250129830149e-10,0.000000000000000000e+00,3.968102698899980697e-10
5.999999999999999778e-02,7.167459646130029505e+00,1.062988110653008533e+02,6.005203836026364180e-11,0.000000000000000000e+00,4.647422496755118662e-10
6.250000000000000000e-02,7.433371695924527955e+00,1.065895954522565319e+02,1.754190815653155801e-10,0.000000000000000000e+00,5.407410568244821691e-10
6.500000000000000222e-02,7.700010823193048637e+00,1.068805851038936652e+02,2.831663474238202113e-10,0.000000000000000000e+00,6.243493146949969690e-10
6.750000000000000444e-02,7.967377541094019300e+00,1.071717800137072487e+02,3.635555978210272618e-10,0.000000000000000000e+00,7.149033269306436933e-10
7.000000000000000666e-02,8.235472362767943366e+00,1.074631801737753563e+02,3.077058514217094254e-10,0.000000000000000000e+00,8.120793260073541403e-10
7.250000000000000888e-02,8.504295801563632295e+00,1.077547892167956576e+02,2.918108151202069823e-10,0.000000000000000000e+00,9.169424281891459315e-10
7.500000000000001110e-02,8.773848383589838207e+00,1.080466107765384152e+02,4.504643606658107008e-10,0.000000000000000000e+00,1.030220180868871716e-09
7.750000000000001332e-02,9.044130640134980581e+00,1.083386448470745052e+02,5.134069074012773535e-10,0.000000000000000000e+00,1.151100471332360193e-09
8.000000000000000167e-02,9.315143102472559278e+00,1.086308914223005075e+02,6.987989679254953046e-10,0.000000000000000000e+00,1.279496071052498868e-09
8.250000000000000389e-02,9.586886301733287041e+00,1.089233484566345851e+02,7.855619486810978663e-10,0.000000000000000000e+00,1.414263975114611726e-09
8.500000000000000611e-02,9.859360761873212198e+00,1.092160139037733870e+02,6.598534409666546084e-10,0.000000000000000000e+00,1.554737806935536245e-09
8.750000000000000833e-02,1.013256700392009257e+01,1.095088877562480008e+02,5.847287185885361137e-10,0.000000000000000000e+00,1.702596492995628976e-09
8.999999999999999667e-02,1.040650554888290635e+01,1.098019700064125317e+02,4.997553801914461289e-10,0.000000000000000000e+00,1.858391401753811353e-09
9.249999999999999889e-02,1.068117691772610556e+01,1.100952602414335360e+02,4.369094631936053450e-10,0.000000000000000000e+00,2.023626925261582450e-09
9.500000000000000111e-02,1.095658162997273699e+01,1.103887580482591630e+02,2.831796110835559046e-10,0.000000000000000000e+00,2.199893129745399623e-09
9.750000000000000333e-02,1.123272020454761488e+01,1.106824634186472736e+02,3.466993820993981785e-10,0.000000000000000000e+00,2.388510774696666143e-09
1.000000000000000056e-01,1.150959316035484648e+01,1.109763763441691395e+02,3.804881440200375819e-10,0.000000000000000000e+00,2.589233235482211761e-09
1.025000000000000078e-01,1.178720101630547745e+01,1.112704972664240444e+02,5.913055424504748810e-10,0.000000000000000000e+00,2.802839722835716800e-09
1.050000000000000100e-01,1.206554429286940433e+01,1.115648266270603557e+02,7.310757860359038853e-10,0.000000000000000000e+00,3.028989431691964075e-09
1.075000000000000122e-01,1.234462351113766587e+01,1.118593644174480630e+02,4.331394959285964088e-10,0.000000000000000000e+00,3.267078090754355449e-09
1.100000000000000006e-01,1.262443919217961152e+01,1.121541106287637888e+02,9.288933390483948533e-10,0.000000000000000000e+00,3.519340890843851613e-09
1.125000000000000028e-01,1.290499185733126630e+01,1.124490698747556081e+02,1.366491141840479360e-09,0.000000000000000000e+00,3.783198686433780031e-09
1.150000000000000050e-01,1.318628204413405491e+01,1.127442467705316176e+02,1.758966630532774064e-09,0.000000000000000000e+00,4.056591289762362701e-09
1.175000000000000072e-01,1.346831029670842206e+01,1.130396413090496708e+02,1.989975389708068240e-09,0.000000000000000000e+00,4.337605840321369546e-09
1.199999999999999956e-01,1.375107715915709150e+01,1.133352534830649176e+02,2.374323899360221838e-09,0.000000000000000000e+00,4.624396080758065316e-09
1.224999999999999978e-01,1.403458317525392651e+01,1.136310783136083842e+02,2.553789011757889975e-09,0.000000000000000000e+00,4.915653920345765804e-09
1.250000000000000000e-01,1.431882887130175774e+01,1.139271108200415910e+02,2.210385808742417466e-09,0.000000000000000000e+00,5.210720024859783768e-09
1.275000000000000022e-01,1.460381476648456633e+01,1.142233509922769059e+02,1.972155387867015819e-09,0.000000000000000000e+00,5.511205029846826028e-09
1.300000000000000044e-01,1.488954137996100080e+01,1.145197988200222881e+02,2.017431392518127540e-09,0.000000000000000000e+00,5.819040314732034070e-09
1.325000000000000067e-01,1.517600923094934195e+01,1.148164556609682450e+02,2.315748513045494318e-09,0.000000000000000000e+00,6.133572348695128240e-09
1.350000000000000089e-01,1.546321884344451014e+01,1.151133228731281122e+02,2.245337091611314835e-09,0.000000000000000000e+00,6.453729266001103338e-09
1.375000000000000111e-01,1.575117074336878886e+01,1.154104004463930977e+02,2.266578244359641213e-09,0.000000000000000000e+00,6.780208127482419394e-09
1.400000000000000133e-01,1.603986545661906504e+01,1.157076883704414882e+02,1.931952151643767105e-09,0.000000000000000000e+00,7.112812331767629348e-09
1.425000000000000155e-01,1.632930350900879191e+01,1.160051857144349441e+02,2.182690413039624884e-09,0.000000000000000000e+00,7.453544111985557928e-09
1.450000000000000178e-01,1.661948542309431076e+01,1.163028915471277003e+02,2.474941909769293294e-09,0.000000000000000000e+00,7.801684076706328790e-09
1.475000000000000200e-01,1.691041172009096272e+01,1.166008058572570576e+02,2.231187264236361481e-09,0.000000000000000000e+00,8.156024171060096777e-09
1.499999999999999944e-01,1.720208292118580573e+01,1.168989286333438997e+02,2.608643043729125516e-09,0.000000000000000000e+00,8.517872403945325213e-09
1.524999999999999967e-01,1.749449954769797344e+01,1.171972624386799566e+02,2.330204444073563430e-09,0.000000000000000000e+00,8.885742354926345989e-09
1.549999999999999989e-01,1.778766212995663665e+01,1.174958098372451900e+02,2.091935219470934786e-09,0.000000000000000000e+00,9.261371683162595079e-09
1.575000000000000011e-01,1.808157120193874690e+01,1.177945708182798086e+02,1.477666556210637953e-09,0.000000000000000000e+00,9.646292512162812195e-09
1.600000000000000033e-01,1.837622729759423024e+01,1.180935453707941463e+02,1.218268882230013116e-09,0.000000000000000000e+00,1.004385064533074247e-08
1.625000000000000056e-01,1.867163095043427390e+01,1.183927269038204741e+02,1.137410532368236486e-09,0.000000000000000000e+00,1.045550275349791911e-08
1.650000000000000078e-01,1.896778267084400582e+01,1.186921088241873576e+02,1.362118535514572552e-09,0.000000000000000000e+00,1.088076478254276619e-08
1.675000000000000100e-01,1.926468295978342837e+01,1.189916911172087026e+02,2.177064534558264424e-09,0.000000000000000000e+00,1.132012664884789089e-08
1.700000000000000122e-01,1.956233231817570228e+01,1.192914737679741819e+02,2.513602457415207290e-09,0.000000000000000000e+00,1.177043374749971158e-08
1.725000000000000144e-01,1.986073124703704451e+01,1.195914588494334652e+02,2.404209369587299533e-09,0.000000000000000000e+00,1.223087508759984498e-08
1.750000000000000167e-01,2.015988025467586553e+01,1.198916484350489498e+02,1.354374348360137482e-09,0.000000000000000000e+00,1.270251802516649521e-08
1.775000000000000189e-01,2.045977985234433660e+01,1.201920425103536587e+02,1.264467883040132505e-09,0.000000000000000000e+00,1.318891379900356384e-08
1.799999999999999933e-01,2.076043055125831671e+01,1.204926410606424838e+02,1.539368520993112478e-09,0.000000000000000000e+00,1.369103430452717536e-08
1.824999999999999956e-01,2.106183286303806312e+01,1.207934511335080430e+02,1.843093532546760376e-09,0.000000000000000000e+00,1.420831549619345897e-08
1.849999999999999978e-01,2.136398732405906387e+01,1.210944797786172700e+02,2.630157187623785590e-09,0.000000000000000000e+00,1.474091582464785052e-08
1.875000000000000000e-01,2.166689448074516378e+01,1.213957269840705067e+02,3.102988510410288650e-09,0.000000000000000000e+00,1.528647706018333720e-08
1.900000000000000022e-01,2.197055487949031516e+01,1.216971927377167191e+02,3.588012713588687700e-09,0.000000000000000000e+00,1.584172295180493527e-08
1.925000000000000044e-01,2.227496906586240399e+01,1.219988642950524280e+02,3.946195773634469749e-09,0.000000000000000000e+00,1.640495710451369453e-08
1.950000000000000067e-01,2.258013754070274715e+01,1.223007289074185309e+02,3.512812966524064836e-09,0.000000000000000000e+00,1.697658561782022722e-08
1.975000000000000089e-01,2.288606078663820753e+01,1.226027865559534575e+02,2.956471307127693978e-09,0.000000000000000000e+00,1.755725907521803068e-08
2.000000000000000111e-01,2.319273928624835435e+01,1.229050372215511260e+02,3.750704539174411962e-09,0.000000000000000000e+00,1.815002834922555579e-08
2.025000000000000133e-01,2.350017352254875291e+01,1.232074886294662406e+02,2.822238255325701692e-09,0.000000000000000000e+00,1.875182173786562770e-08
2.050000000000000155e-01,2.380836400569354794e+01,1.235101485072207907e+02,3.273842699882462154e-09,0.000000000000000000e+00,1.936615296436630856e-08
2.075000000000000178e-01,2.411731125684824306e+01,1.238130168387966563e+02,2.580378099726058823e-09,0.000000000000000000e+00,1.999192861910054170e-08
2.099999999999999922e-01,2.442701579713813231e+01,1.241160936079122905e+02,4.165519914604972079e-09,0.000000000000000000e+00,2.063114675570643867e-08
2.124999999999999944e-01,2.473747814771595088e+01,1.244193798907968187e+02,4.606124842817787722e-09,0.000000000000000000e+00,2.127931023105339362e-08
2.149999999999999967e-01,2.504869883352906257e+01,1.247228767638543445e+02,3.372335867244601374e-09,0.000000000000000000e+00,2.193435336025269429e-08
2.174999999999999989e-01,2.536067838104358785e+01,1.250265842106812499e+02,3.009875786603880556e-09,0.000000000000000000e+00,2.260158833786655061e-08
2.200000000000000011e-01,2.567341731668447480e+01,1.253305022146028023e+02,4.514324507155293417e-09,0.000000000000000000e+00,2.328302045494813305e-08
2.225000000000000033e-01,2.598691616685662709e+01,1.256346311075344175e+02,6.567880096140349929e-09,0.000000000000000000e+00,2.397355969990847121e-08
2.250000000000000056e-01,2.630117545914711741e+01,1.259389712213247350e+02,4.910384669775206714e-09,0.000000000000000000e+00,2.466732523674202565e-08
2.275000000000000078e-01,2.661619572159833425e+01,1.262435225387935986e+02,5.150464542428596464e-09,0.000000000000000000e+00,2.536833894697534851e-08
2.300000000000000100e-01,2.693197748220955745e+01,1.265482850424843093e+02,6.384483237366933377e-09,0.000000000000000000e+00,2.607752130585871340e-08
2.325000000000000122e-01,2.724852126854127121e+01,1.268532523930752376e+02,5.417868585993370948e-09,0.000000000000000000e+00,2.679121801786135546e-08
2.350000000000000144e-01,2.756582758591787297e+01,1.271584182490763482e+02,6.528102737137304537e-09,0.000000000000000000e+00,2.751022072513894398e-08
2.375000000000000167e-01,2.788389693059086838e+01,1.274637825893099290e+02,7.207309545683131185e-09,0.000000000000000000e+00,2.823275162814687074e-08
2.399999999999999911e-01,2.820272979875865005e+01,1.277693453923215401e+02,7.325541408047868428e-09,0.000000000000000000e+00,2.895624073577187920e-08
2.424999999999999933e-01,2.852232668720697006e+01,1.280751168974803136e+02,7.157235329726656583e-09,0.000000000000000000e+00,2.967903814506809973e-08
2.449999999999999956e-01,2.884268812868818799e+01,1.283811073471782720e+02,6.500304003334806364e-09,0.000000000000000000e+00,3.040508447968972033e-08
2.474999999999999978e-01,2.916381467055385102e+01,1.286873167241567444e+02,6.082147761488465274e-09,0.000000000000000000e+00,3.113371617549644683e-08
2.500000000000000000e-01,2.948570686011218811e+01,1.289937450108611472e+02,6.143555358169619538e-09,0.000000000000000000e+00,3.186569199797930697e-08
2.525000000000000022e-01,2.980836524446585400e+01,1.293003896044527608e+02,6.048502501265632163e-09,0.000000000000000000e+00,3.260261298314580780e-08
2.550000000000000044e-01,3.013179036159826651e+01,1.296072479010889538e+02,5.714508571501617762e-09,0.000000000000000000e+00,3.334393869792620127e-08
2.575000000000000067e-01,3.045598274575594999e+01,1.299143198812367643e+02,3.981780575682542761e-09,0.000000000000000000e+00,3.409239443104101638e-08
2.600000000000000089e-01,3.078094293113642266e+01,1.302216055250625288e+02,5.263859109465737715e-09,0.000000000000000000e+00,3.485130426972990939e-08
2.625000000000000111e-01,3.110667145159683500e+01,1.305291001615734103e+02,2.894413760386346219e-09,0.000000000000000000e+00,3.561717523501516761e-08
2.650000000000000133e-01,3.143316882461726891e+01,1.308367991181153229e+02,8.167024231523819111e-10,0.000000000000000000e+00,3.639742584305159272e-08
2.675000000000000155e-01,3.176043556098485254e+01,1.311447023718718015e+02,2.626612931494408394e-09,0.000000000000000000e+00,3.719799886493021013e-08
2.700000000000000178e-01,3.208847217142949404e+01,1.314528098997229506e+02,2.350135726271346198e-09,0.000000000000000000e+00,3.801567488494417962e-08
2.725000000000000200e-01,3.241727916711215585e+01,1.317611295047205715e+02,5.212015793397402024e-09,0.000000000000000000e+00,3.884863067698269929e-08
2.750000000000000222e-01,3.274685708660951633e+01,1.320696689921529412e+02,5.297742144940543385e-09,0.000000000000000000e+00,3.969072387605180855e-08
2.775000000000000244e-01,3.307720647961621552e+01,1.323784283418634402e+02,5.798499222880235473e-09,0.000000000000000000e+00,4.054300327599172845e-08
2.800000000000000266e-01,3.340832789577633122e+01,1.326874075333778649e+02,4.430294436462135636e-09,0.000000000000000000e+00,4.140408057351435235e-08
2.825000000000000289e-01,3.374022188448459758e+01,1.329966033777883183e+02,8.516724113211466523e-09,0.000000000000000000e+00,4.227550859536519423e-08
2.850000000000000311e-01,3.407288898396213739e+01,1.333060126849809421e+02,9.034914250501701057e-09,0.000000000000000000e+00,4.314764986161152339e-08
2.875000000000000333e-01,3.440632972785296317e+01,1.336156354321649360e+02,1.187797513679717179e-08,0.000000000000000000e+00,4.401975520734306212e-08
2.899999999999999800e-01,3.474054464974392431e+01,1.339254715962289026e+02,1.262449025815576032e-08,0.000000000000000000e+00,4.488295035410655355e-08
2.924999999999999822e-01,3.507553428321946143e+01,1.342355220424015840e+02,9.375313473806965502e-09,0.000000000000000000e+00,4.573719002495316269e-08
2.949999999999999845e-01,3.541129916492484142e+01,1.345457876359667182e+02,1.099929076882385204e-08,0.000000000000000000e+00,4.659047569385918655e-08
2.974999999999999867e-01,3.574783983271520782e+01,1.348562683534187840e+02,1.068631680989386158e-08,0.000000000000000000e+00,4.743912956952149844e-08
2.999999999999999889e-01,3.608515682438674332e+01,1.351669641709241034e+02,7.920624206152481289e-09,0.000000000000000000e+00,4.828127816928426263e-08
3.024999999999999911e-01,3.642325067751571765e+01,1.354778725013339624e+02,6.596707080509191583e-09,0.000000000000000000e+00,4.912494011698795441e-08
3.049999999999999933e-01,3.676212192062060780e+01,1.357889907564705538e+02,8.254644112369770557e-09,0.000000000000000000e+00,4.997416116513174955e-08
3.074999999999999956e-01,3.710177107849853684e+01,1.361003189104400803e+02,1.050530934899181302e-08,0.000000000000000000e+00,5.082241595549227361e-08
3.099999999999999978e-01,3.744219867588170558e+01,1.364118569370182570e+02,8.626957941095901072e-09,0.000000000000000000e+00,5.166772256844690842e-08
3.125000000000000000e-01,3.778340523783521121e+01,1.367236111898726847e+02,1.021954204696330611e-08,0.000000000000000000e+00,5.251414028398386394e-08
3.150000000000000022e-01,3.812539131175502405e+01,1.370355880244271134e+02,8.947298593498770539e-09,0.000000000000000000e+00,5.335783945348380981e-08
3.175000000000000044e-01,3.846815745408174791e+01,1.373477874166501636e+02,1.117519217988284263e-08,0.000000000000000000e+00,5.420131734321332503e-08
3.200000000000000067e-01,3.881170422119571839e+01,1.376602093421669792e+02,7.424444751774094296e-09,0.000000000000000000e+00,5.503654957579336715e-08
3.225000000000000089e-01,3.915603216918170659e+01,1.379728500245256271e+02,1.102231605435991022e-08,0.000000000000000000e+00,5.587363769944210297e-08
3.250000000000000111e-01,3.950114184089228786e+01,1.382857056858681801e+02,4.587832391757547833e-09,0.000000000000000000e+00,5.670564157237569787e-08
3.275000000000000133e-01,3.984703377375957700e+01,1.385987762991616705e+02,1.055780268672263873e-09,0.000000000000000000e+00,5.754504621211623882e-08
3.300000000000000155e-01,4.019370850514791016e+01,1.389120618370299667e+02,-2.079626969778868286e-09,0.000000000000000000e+00,5.840283778886919447e-08
3.325000000000000178e-01,4.054116657232835763e+01,1.392255618777005850e+02,2.560143693647964015e-09,0.000000000000000000e+00,5.928291976879310901e-08
3.350000000000000200e-01,4.088940851111923536e+01,1.395392759990362208e+02,1.316627400164246461e-10,0.000000000000000000e+00,6.017572115867070101e-08
3.375000000000000222e-01,4.123843485670605702e+01,1.398532041725929105e+02,-6.120403193519396277e-09,0.000000000000000000e+00,6.108644538145164760e-08
3.400000000000000244e-01,4.158824614420304044e+01,1.401673463695813666e+02,-2.647674388354794973e-09,0.000000000000000000e+00,6.202914170896931752e-08
3.425000000000000266e-01,4.193884290881609189e+01,1.404817051835607344e+02,-8.453680705189133863e-11,0.000000000000000000e+00,6.299746218994102384e-08
3.450000000000000289e-01,4.229022569488493133e+01,1.407962832086593892e+02,1.161548042187243530e-09,0.000000000000000000e+00,6.398508640902422413e-08
3.475000000000000311e-01,4.264239505042122147e+01,1.411110804164480328e+02,6.674700118784315231e-09,0.000000000000000000e+00,6.499094626839880597e-08
3.499999999999999778e-01,4.299535152336533628e+01,1.414260967781425791e+02,8.339796975483298424e-09,0.000000000000000000e+00,6.600277998687232091e-08
3.524999999999999800e-01,4.334909566156163407e+01,1.417413318824846726e+02,1.266482095583525092e-08,0.000000000000000000e+00,6.701449088360905854e-08
3.549999999999999822e-01,4.370362801144002418e+01,1.420567853178491475e+02,1.466379528439391831e-08,0.000000000000000000e+00,6.802280449868727620e-08
3.574999999999999845e-01,4.405894911881110687e+01,1.423724570543685104e+02,8.601649902376164752e-09,0.000000000000000000e+00,6.902156614825832896e-08
3.599999999999999867e-01,4.441505952941061963e+01,1.426883470618212755e+02,9.276816833304282110e-09,0.000000000000000000e+00,7.002137154826388417e-08
3.624999999999999889e-01,4.477195978890866712e+01,1.430044554719164580e+02,1.113589488618378339e-08,0.000000000000000000e+00,7.101996579402054531e-08
3.649999999999999911e-01,4.512965044346844223e+01,1.433207824161622739e+02,8.493476162166935866e-09,0.000000000000000000e+00,7.201692414454964449e-08
3.674999999999999933e-01,4.548813203940768801e+01,1.436373278635058739e+02,1.402010889295121262e-08,0.000000000000000000e+00,7.301929308875138860e-08
3.699999999999999956e-01,4.584740512296632886e+01,1.439540917825396775e+02,1.789279049135990448e-08,0.000000000000000000e+00,7.401309260065504977e-08
3.724999999999999978e-01,4.620747024002883308e+01,1.442710697130577273e+02,1.901580166937752656e-08,0.000000000000000000e+00,7.499230522957252626e-08
3.750000000000000000e-01,4.656832792085433681e+01,1.445882571932283724e+02,1.874548820510114695e-08,0.000000000000000000e+00,7.595201657360665794e-08
3.775000000000000022e-01,4.692997868929743532e+01,1.449056541886317859e+02,1.352242396607224063e-08,0.000000000000000000e+00,7.689683202466741559e-08
3.800000000000000044e-01,4.729242306912647109e+01,1.452232606644944042e+02,1.008585608676204524e-08,0.000000000000000000e+00,7.783424337308840885e-08
3.825000000000000067e-01,4.765566158444889311e+01,1.455410834074710351e+02,8.794002693100924981e-09,0.000000000000000000e+00,7.877048926445002263e-08
3.850000000000000089e-01,4.801969478323159990e+01,1.458591292060837645e+02,1.194751806126149981e-08,0.000000000000000000e+00,7.970705996307918999e-08
3.875000000000000111e-01,4.838452322309527887e+01,1.461773980278959471e+02,1.160193250700042481e-08,0.000000000000000000e+00,8.064067273112128137e-08
3.900000000000000133e-01,4.875014746157929579e+01,1.464958898401066847e+02,1.370866568389079473e-08,0.000000000000000000e+00,8.157098660485315007e-08
3.925000000000000155e-01,4.911656805588140884e+01,1.468146004580182762e+02,1.146118164458134663e-08,0.000000000000000000e+00,8.249235772828462542e-08
3.950000000000000178e-01,4.948378554854259903e+01,1.471335256954011470e+02,2.085966663832206260e-08,0.000000000000000000e+00,8.340571599487739753e-08
3.975000000000000200e-01,4.985180047609129161e+01,1.474526655165740578e+02,1.579986904833362611e-08,0.000000000000000000e+00,8.429685998028771567e-08
4.000000000000000222e-01,5.022061337496649713e+01,1.477720198855054718e+02,1.872701106806504944e-08,0.000000000000000000e+00,8.517623388489075992e-08
4.025000000000000244e-01,5.059022478150872359e+01,1.480915886341290388e+02,1.731677057659701086e-08,0.000000000000000000e+00,8.604000909373363315e-08
4.050000000000000266e-01,5.096063523150507990e+01,1.484113715940898999e+02,2.466555521703803577e-08,0.000000000000000000e+00,8.688590281955135020e-08
4.075000000000000289e-01,5.133184526046290586e+01,1.487313687283972286e+02,2.427445704817156403e-08,0.000000000000000000e+00,8.770540391942149097e-08
4.099999999999999756e-01,5.170385540379686518e+01,1.490515799997074566e+02,2.182481436489118805e-08,0.000000000000000000e+00,8.849691340529910144e-08
4.124999999999999778e-01,5.207666619676291475e+01,1.493720043277336629e+02,2.195650240661873816e-08,0.000000000000000000e+00,8.926619736086168475e-08
4.149999999999999800e-01,5.245027817086264577e+01,1.496926406316078442e+02,1.832493649631232783e-08,0.000000000000000000e+00,9.001344400364546702e-08
4.174999999999999822e-01,5.282469185601367201e+01,1.500134888725932001e+02,1.100938037283916229e-08,0.000000000000000000e+00,9.073803465761490585e-08
4.199999999999999845e-01,5.319990778203659687e+01,1.503345490116155929e+02,1.001756088090642791e-08,0.000000000000000000e+00,9.145626314961257723e-08
4.224999999999999867e-01,5.357592647888370152e+01,1.506558246836343642e+02,4.253801420945036945e-09,0.000000000000000000e+00,9.216801915840233242e-08
4.249999999999999889e-01,5.395274848930722555e+01,1.509773195244923443e+02,1.068019093531715122e-08,0.000000000000000000e+00,9.288245772465557348e-08
4.274999999999999911e-01,5.433037436120756070e+01,1.512990334959710026e+02,7.702089104581829872e-09,0.000000000000000000e+00,9.358861972876806256e-08
4.299999999999999933e-01,5.470880464238936725e+01,1.516209665595145850e+02,2.699410555821750977e-09,0.000000000000000000e+00,9.429140132277396734e-08
4.324999999999999956e-01,5.508803988032565968e+01,1.519431149147478095e+02,4.272009874128984995e-09,0.000000000000000000e+00,9.499939757948660593e-08
4.349999999999999978e-01,5.546808060918766614e+01,1.522654747599008829e+02,-7.055181490304774129e-09,0.000000000000000000e+00,9.570938925038196829e-08
4.375000000000000000e-01,5.584892735767677863e+01,1.525880460537684655e+02,-3.816332431788237577e-09,0.000000000000000000e+00,9.644244723697118280e-08
4.400000000000000022e-01,5.623058065439118991e+01,1.529108287548148155e+02,-1.116667636031456031e-08,0.000000000000000000e+00,9.719322131966456628e-08
4.425000000000000044e-01,5.661304102773394931e+01,1.532338213629618338e+02,-7.546095108113759122e-09,0.000000000000000000e+00,9.796962856198024508e-08
4.450000000000000067e-01,5.699630900088432384e+01,1.535570223774438432e+02,-5.294093000472605498e-09,0.000000000000000000e+00,9.876672567167913626e-08
4.475000000000000089e-01,5.738038509483368443e+01,1.538804317551914380e+02,-7.844896172289636524e-09,0.000000000000000000e+00,9.957878060565255597e-08
4.500000000000000111e-01,5.776526983046555586e+01,1.542040494528094712e+02,-9.524080880485124314e-09,0.000000000000000000e+00,1.004134089715536577e-07
4.525000000000000133e-01,5.815096372906435818e+01,1.545278835817910306e+02,-2.108858584379050630e-08,0.000000000000000000e+00,1.012692453442030684e-07
4.550000000000000155e-01,5.853746734043333078e+01,1.548519422559138548e+02,-2.264886398412586424e-08,0.000000000000000000e+00,1.021658944590308999e-07
4.575000000000000178e-01,5.892478122591241174e+01,1.551762254348113572e+02,-2.874264745329233333e-08,0.000000000000000000e+00,1.031054256803230615e-07
4.600000000000000200e-01,5.931290594674040051e+01,1.555007330777702350e+02,-3.374733627781470234e-08,0.000000000000000000e+00,1.040959203602889140e-07
4.625000000000000222e-01,5.970184206344152500e+01,1.558254553398278404e+02,-2.323406096001355091e-08,0.000000000000000000e+00,1.051449936186923537e-07
4.650000000000000244e-01,6.009159010202130702e+01,1.561503823728113787e+02,-2.148207988312940066e-08,0.000000000000000000e+00,1.062392729257867983e-07
4.675000000000000266e-01,6.048215057438086006e+01,1.564755141305966788e+02,-2.346072546549026402e-08,0.000000000000000000e+00,1.073788986054950690e-07
4.699999999999999734e-01,6.087352399230580602e+01,1.568008505667514498e+02,-2.558126023317876639e-08,0.000000000000000000e+00,1.085635160128496319e-07
4.724999999999999756e-01,6.126571086772671748e+01,1.571263958145548543e+02,-2.770012585781470393e-08,0.000000000000000000e+00,1.097971380225930005e-07
4.749999999999999778e-01,6.165871172713078607e+01,1.574521540083609352e+02,-2.843314209297624186e-08,0.000000000000000000e+00,1.110838311519177146e-07
4.774999999999999800e-01,6.205252710285732576e+01,1.577781251029581142e+02,-4.037733179823966840e-08,0.000000000000000000e+00,1.124185156164078687e-07
4.799999999999999822e-01,6.244715752713246104e+01,1.581043090528311268e+02,-3.177566923223532100e-08,0.000000000000000000e+00,1.138209134437218086e-07
4.824999999999999845e-01,6.284260353216605210e+01,1.584307073759346736e+02,-2.739395842022214098e-08,0.000000000000000000e+00,1.152825323807561432e-07
4.849999999999999867e-01,6.323886565554278150e+01,1.587573215905123050e+02,-2.708057573638351096e-08,0.000000000000000000e+00,1.167979759143439160e-07
4.874999999999999889e-01,6.363594443696547387e+01,1.590841516510664633e+02,-1.396448386743006173e-08,0.000000000000000000e+00,1.183649485706640809e-07
4.899999999999999911e-01,6.403384041602303967e+01,1.594111975118010207e+02,-2.286527140006608554e-08,0.000000000000000000e+00,1.199684984363938221e-07
4.924999999999999933e-01,6.443255413225729455e+01,1.597384602075694886e+02,-7.580516105587714015e-09,0.000000000000000000e+00,1.216155659356803505e-07
4.949999999999999956e-01,6.483208612888923028e+01,1.600659407733870694e+02,1.293618895726760953e-08,0.000000000000000000e+00,1.232860470203245503e-07
4.974999999999999978e-01,6.523243695056784475e+01,1.603936391632872756e+02,-5.666387140754191427e-09,0.000000000000000000e+00,1.249557921494457391e-07
5.000000000000000000e-01,6.563360714182705635e+01,1.607215553310240352e+02,-2.287603909778801322e-08,0.000000000000000000e+00,1.266482792776297291e-07
5.024999999999999467e-01,6.603559724659076835e+01,1.610496813204389639e+02,-3.418173849532999533e-08,0.000000000000000000e+00,1.283866896356834107e-07
5.049999999999998934e-01,6.643840778090027754e+01,1.613780091727834360e+02,-3.417236102653004050e-08,0.000000000000000000e+00,1.301812122811868483e-07
5.074999999999998401e-01,6.684203924938412911e+01,1.617065388374419967e+02,-1.768430977981594028e-08,0.000000000000000000e+00,1.320291492046450478e-07
5.100000000000000089e-01,6.724649215654423529e+01,1.620352702635628077e+02,-9.091546108213339861e-09,0.000000000000000000e+00,1.339170146685404920e-07
5.124999999999999556e-01,6.765176700736424209e+01,1.623642131477942030e+02,-8.621304255839005189e-09,0.000000000000000000e+00,1.358317294415577109e-07
5.149999999999999023e-01,6.805786434091874071e+01,1.626933771895395466e+02,1.017117596790664499e-08,0.000000000000000000e+00,1.377684091057535404e-07
5.174999999999998490e-01,6.846478471007472422e+01,1.630227623416569713e+02,1.738429305926689808e-08,0.000000000000000000e+00,1.397094403600357269e-07
5.200000000000000178e-01,6.887252866758117875e+01,1.633523685567010659e+02,1.416479570368850837e-08,0.000000000000000000e+00,1.416412154776211828e-07
5.224999999999999645e-01,6.928109676601449962e+01,1.636821949269588856e+02,2.334852144310044017e-08,0.000000000000000000e+00,1.435685700897119944e-07
5.249999999999999112e-01,6.969048955481281382e+01,1.640122405443222249e+02,1.481439461233706587e-08,0.000000000000000000e+00,1.454820080360622768e-07
5.274999999999998579e-01,7.010070758206632036e+01,1.643425053603541244e+02,1.634198943817405931e-08,0.000000000000000000e+00,1.473908093277157451e-07
5.300000000000000266e-01,7.051175139574405648e+01,1.646729893263909048e+02,1.798232836565774129e-08,0.000000000000000000e+00,1.492933069128666082e-07
5.324999999999999734e-01,7.092362154329866542e+01,1.650036860801352816e+02,2.935964877229187815e-08,0.000000000000000000e+00,1.511889060212314842e-07
5.349999999999999201e-01,7.133631854989783960e+01,1.653345892572390028e+02,8.454364509827543785e-09,0.000000000000000000e+00,1.530614136479611324e-07
5.374999999999998668e-01,7.174984293157032766e+01,1.656656988055644888e+02,-1.060524753636680619e-08,0.000000000000000000e+00,1.549353481379618370e-07
5.400000000000000355e-01,7.216419520421443679e+01,1.659970146727683300e+02,1.083345287948290217e-08,0.000000000000000000e+00,1.568322946881267263e-07
5.424999999999999822e-01,7.257937588400072570e+01,1.663285432606403162e+02,-2.133660765509042242e-09,0.000000000000000000e+00,1.587259628261657967e-07
5.449999999999999289e-01,7.299538550962580530e+01,1.666602909728176201e+02,4.364430765135327564e-09,0.000000000000000000e+00,1.606353573566785663e-07
5.474999999999998757e-01,7.341222462887211009e+01,1.669922577595252164e+02,2.688111582156249239e-08,0.000000000000000000e+00,1.625503332664477131e-07
5.500000000000000444e-01,7.382989378939758751e+01,1.673244435707731839e+02,3.939626645086931448e-08,0.000000000000000000e+00,1.644495991741285017e-07
5.524999999999999911e-01,7.424839353866657632e+01,1.676568472623441437e+02,4.279360005019287368e-08,0.000000000000000000e+00,1.663174807657276447e-07
5.549999999999999378e-01,7.466772442017749256e+01,1.679894676895946475e+02,4.112557122267144176e-08,0.000000000000000000e+00,1.681521607824125462e-07
5.574999999999998845e-01,7.508788697574057380e+01,1.683223048015895529e+02,1.650347973791075420e-08,0.000000000000000000e+00,1.699558195289513714e-07
5.600000000000000533e-01,7.550888174703861466e+01,1.686553585472171619e+02,1.599118428856007715e-08,0.000000000000000000e+00,1.717510070568765545e-07
5.625000000000000000e-01,7.593070927565214845e+01,1.689886292863854180e+02,1.106498299591724629e-08,0.000000000000000000e+00,1.735346131626847188e-07
5.649999999999999467e-01,7.635337010447697992e+01,1.693221173790685441e+02,1.911748867735356202e-08,0.000000000000000000e+00,1.753136364898113143e-07
5.674999999999998934e-01,7.677686477686771127e+01,1.696558227739623703e+02,7.556611170933235162e-09,0.000000000000000000e+00,1.770790431923938634e-07
5.699999999999999512e-01,7.720119383605057806e+01,1.699897454196183446e+02,-5.441771064140074207e-09,0.000000000000000000e+00,1.788443104640062328e-07
5.724999999999998979e-01,7.762635782488322889e+01,1.703238814257421438e+02,1.590989331784723129e-08,0.000000000000000000e+00,1.806174261091109648e-07
5.749999999999998446e-01,7.805235727261886325e+01,1.706582269008176240e+02,2.878979668949987660e-08,0.000000000000000000e+00,1.823849725057870957e-07
5.774999999999997913e-01,7.847919270289942517e+01,1.709927817913176114e+02,3.760939152695865678e-08,0.000000000000000000e+00,1.841328964457435364e-07
5.799999999999999600e-01,7.890686463923293559e+01,1.713275460435747561e+02,2.145035403338788863e-08,0.000000000000000000e+00,1.858526635297773773e-07
5.824999999999999067e-01,7.933537360547990147e+01,1.716625273943608363e+02,1.270558515558830718e-08,0.000000000000000000e+00,1.875584008995024688e-07
5.849999999999998535e-01,7.976472015271454552e+01,1.719977335827639422e+02,3.228831900893164160e-08,0.000000000000000000e+00,1.892596690907604330e-07
5.874999999999998002e-01,8.019490484300224864e+01,1.723331645585026877e+02,2.230936706940948552e-08,0.000000000000000000e+00,1.909366617301494668e-07
5.899999999999999689e-01,8.062592823828268251e+01,1.726688202711304712e+02,3.572695434164521185e-08,0.000000000000000000e+00,1.926024886253807467e-07
5.924999999999999156e-01,8.105779090008672938e+01,1.730046961496530287e+02,4.295628306040408853e-08,0.000000000000000000e+00,1.942424906422233491e-07
5.949999999999998623e-01,8.149049337395037185e+01,1.733407876217306693e+02,4.228727080958628913e-08,0.000000000000000000e+00,1.958499718213526528e-07
5.974999999999998090e-01,8.192403619882747989e+01,1.736770946346283324e+02,3.088889910664309291e-08,0.000000000000000000e+00,1.974277691640721036e-07
5.999999999999999778e-01,8.235841991354006097e+01,1.740136171355124191e+02,2.987850612945086785e-08,0.000000000000000000e+00,1.989824595449021700e-07
6.024999999999999245e-01,8.279364505680992181e+01,1.743503555850709290e+02,-3.510738550939114042e-09,0.000000000000000000e+00,2.005156362307994549e-07
6.049999999999998712e-01,8.322971216902972458e+01,1.746873104441826854e+02,1.850713518410531587e-08,0.000000000000000000e+00,2.020552104596340503e-07
6.074999999999998179e-01,8.366662179119330744e+01,1.750244816601312721e+02,2.278722046691742754e-08,0.000000000000000000e+00,2.035825218615162711e-07
6.099999999999999867e-01,8.410437446416275975e+01,1.753618691801201521e+02,3.493238862672807785e-08,0.000000000000000000e+00,2.050937374234019874e-07
6.124999999999999334e-01,8.454297072879963082e+01,1.756994750585924976e+02,1.437935120175636785e-08,0.000000000000000000e+00,2.065811438188083053e-07
6.149999999999998801e-01,8.498241113323099682e+01,1.760373013506677466e+02,2.019275380741360144e-08,0.000000000000000000e+00,2.080586205358377756e-07
6.174999999999998268e-01,8.542269622846129096e+01,1.763753480043991715e+02,-4.704575389987552835e-09,0.000000000000000000e+00,2.095173904960107095e-07
6.199999999999999956e-01,8.586382656536503077e+01,1.767136149677413641e+02,-1.180327891135712805e-08,0.000000000000000000e+00,2.109808571808677517e-07
6.224999999999999423e-01,8.630580269472778809e+01,1.770521028493447488e+02,-5.857705425433934213e-09,0.000000000000000000e+00,2.124534894276384307e-07
6.249999999999998890e-01,8.674862516952445901e+01,1.773908122580955933e+02,-4.244833987107973239e-08,0.000000000000000000e+00,2.139325760831770054e-07
6.274999999999998357e-01,8.719229454354342579e+01,1.777297431422199452e+02,-9.053665221107791740e-09,0.000000000000000000e+00,2.154445137399035435e-07
6.300000000000000044e-01,8.763681137044359559e+01,1.780688954499012766e+02,-2.710463719934093591e-08,0.000000000000000000e+00,2.169614888172354959e-07
6.324999999999999512e-01,8.808217620367150857e+01,1.784082678047338106e+02,1.881076891209662603e-09,0.000000000000000000e+00,2.184992828814538984e-07
6.349999999999998979e-01,8.852838959189440970e+01,1.787478588300181173e+02,-1.525222748320861531e-08,0.000000000000000000e+00,2.200358801890551206e-07
6.374999999999998446e-01,8.897545208175857567e+01,1.790876684733252091e+02,-3.539334380109402090e-08,0.000000000000000000e+00,2.215804767001188238e-07
6.400000000000000133e-01,8.942336421977921646e+01,1.794276966822117458e+02,-4.466914822960386645e-08,0.000000000000000000e+00,2.231484306928784356e-07
6.424999999999999600e-01,8.987212655228255187e+01,1.797679424803354209e+02,-5.328773961322715747e-08,0.000000000000000000e+00,2.247498860860000567e-07
6.449999999999999067e-01,9.032173962222061903e+01,1.801084048911650370e+02,-5.084023639645163328e-08,0.000000000000000000e+00,2.263874873829495186e-07
6.474999999999998535e-01,9.077220397109508099e+01,1.804490838618798136e+02,-1.979039564249085945e-08,0.000000000000000000e+00,2.280562506344004875e-07
6.500000000000000222e-01,9.122352014027558198e+01,1.807899793396497046e+02,-1.956794109393368868e-08,0.000000000000000000e+00,2.297350030252349079e-07
6.524999999999999689e-01,9.167568867134728805e+01,1.811310968364388714e+02,-2.220894939457777910e-08,0.000000000000000000e+00,2.314255700558333140e-07
6.549999999999999156e-01,9.212871012529808468e+01,1.814724418659331207e+02,-7.535968545670370758e-09,0.000000000000000000e+00,2.331296263306365485e-07
6.574999999999998623e-01,9.258258507093113110e+01,1.818140143779697837e+02,-2.349323391472902692e-08,0.000000000000000000e+00,2.348316591057035991e-07
6.600000000000000311e-01,9.303731407692424682e+01,1.821558143223891761e+02,-3.899380940426133054e-08,0.000000000000000000e+00,2.365474320123107364e-07
6.624999999999999778e-01,9.349289771156851714e+01,1.824978374696674734e+02,-4.001265109545800616e-08,0.000000000000000000e+00,2.382819796915204964e-07
6.649999999999999245e-01,9.394933652835854332e+01,1.828400795891104735e+02,-4.403585729983862754e-08,0.000000000000000000e+00,2.400387416489818837e-07
6.674999999999998712e-01,9.440663107469511317e+01,1.831825406287486828e+02,-7.398875323296179322e-08,0.000000000000000000e+00,2.418210132358651116e-07
6.700000000000000400e-01,9.486478189784911308e+01,1.835252205365827081e+02,-5.065000037162696421e-08,0.000000000000000000e+00,2.436432467672427603e-07
6.724999999999999867e-01,9.532378954504015667e+01,1.838681205230191438e+02,-2.184195105284443565e-08,0.000000000000000000e+00,2.454858771669108425e-07
6.749999999999999334e-01,9.578365456778962539e+01,1.842112417989729920e+02,-1.114902211431909516e-08,0.000000000000000000e+00,2.473359147577387780e-07
6.774999999999998801e-01,9.624437751929205831e+01,1.845545843131967274e+02,5.413352808596837016e-09,0.000000000000000000e+00,2.491811282708465943e-07
6.800000000000000488e-01,9.670595895261396890e+01,1.848981480144608440e+02,-1.399970877574465348e-08,0.000000000000000000e+00,2.510134648859995216e-07
6.824999999999999956e-01,9.716839942062948410e+01,1.852419318245689510e+02,-1.487300077934369090e-08,0.000000000000000000e+00,2.528457591175642678e-07
6.849999999999999423e-01,9.763169947247976665e+01,1.855859346651121484e+02,1.725239898458779815e-08,0.000000000000000000e+00,2.546759272008243618e-07
6.874999999999998890e-01,9.809585965571147881e+01,1.859301564845644066e+02,3.993289728256120593e-08,0.000000000000000000e+00,2.564862815465876062e-07
6.899999999999999467e-01,9.856088051774251824e+01,1.862745972314344840e+02,3.598256303218739262e-08,0.000000000000000000e+00,2.582625723676996994e-07
6.924999999999998934e-01,9.902676260615163528e+01,1.866192614883399017e+02,2.620544342028528546e-08,0.000000000000000000e+00,2.600038361128775601e-07
6.949999999999998401e-01,9.949350648465649272e+01,1.869641538394519955e+02,9.571082843578068416e-09,0.000000000000000000e+00,2.617191892593153912e-07
6.974999999999997868e-01,9.996111272346456644e+01,1.873092742356791689e+02,4.999999975641436833e+00,0.000000000000000000e+00,2.634169487066863167e-07
6.999999999999999556e-01,1.004295818926606785e+02,1.876546226279102996e+02,3.869619180806679992e+00,0.000000000000000000e+00,6.809891934216045772e-01
7.024999999999999023e-01,1.008989145619158165e+02,1.880001942842520180e+02,2.992722575837782895e+00,-1.411373761472272705e-02,1.207894794800807192e+00
7.049999999999998490e-01,1.013691112843322060e+02,1.883459844501461760e+02,2.311749941556227927e+00,-5.344439542857716552e-02,1.615246021650772024e+00
7.074999999999997957e-01,1.018401726061368038e+02,1.886919930394622327e+02,1.780863268970623192e+00,-1.264611758185454349e-01,1.929689414586284624e+00
7.099999999999999645e-01,1.023120990733366540e+02,1.890382199586896661e+02,1.363611262805939583e+00,-2.393522034163608203e-01,2.171595896715956098e+00
7.124999999999999112e-01,1.027848912317747931e+02,1.893846662869697752e+02,1.031069741166504627e+00,-3.963517181792590161e-01,2.356347802086438570e+00
7.149999999999998579e-01,1.032585496311802160e+02,1.897313330993175668e+02,7.603579333468308832e-01,-6.000404020247708248e-01,2.495371167608388951e+00
7.174999999999998046e-01,1.037330748227031592e+02,1.900782202889473922e+02,5.334516553743193779e-01,-8.516184125979748831e-01,2.596964682899030930e+00
7.199999999999999734e-01,1.042084673572250324e+02,1.904253277460936715e+02,3.362324580220019676e-01,-8.516184125979748831e-01,2.666965958965409556e+00
7.224999999999999201e-01,1.046847277854626981e+02,1.907726571405752907e+02,1.840626413509083847e-01,-8.516184125979748831e-01,2.710106945581379989e+00
7.249999999999998668e-01,1.051618566641068924e+02,1.911202101408371732e+02,6.672269633373463515e-02,-8.375046749832522064e-01,2.732525022471211873e+00
7.274999999999998135e-01,1.056398545521070957e+02,1.914679866320930159e+02,-1.537995691848495494e-02,-7.981740171693924024e-01,2.739234307053297623e+00
7.299999999999999822e-01,1.061187220081250899e+02,1.918159864983215641e+02,-9.009640043993459579e-02,-7.251572367794258955e-01,2.734288186161816014e+00
7.324999999999999289e-01,1.065984595904781429e+02,1.921642087609145335e+02,-1.467543623110983408e-01,-6.122662091816120089e-01,2.719843254493066631e+00
7.349999999999998757e-01,1.070790678541659275e+02,1.925126524404131487e+02,-1.666765426593935784e-01,-4.552666944187149234e-01,2.697882832770282846e+00
7.374999999999998224e-01,1.075605473526635052e+02,1.928613174185578600e+02,-1.679291548319185035e-01,-3.183294457020757751e-01,2.673647655162630699e+00
7.399999999999999911e-01,1.080428986391501667e+02,1.932102035770444104e+02,-1.565933247878376622e-01,-3.183294457020757751e-01,2.649624063621147219e+00
7.424999999999999378e-01,1.085261222664492351e+02,1.935593098340415565e+02,-1.479319105109924704e-01,-3.183294457020757751e-01,2.627141619718896592e+00
7.449999999999998845e-01,1.090102187837060086e+02,1.939086351079398298e+02,-1.413256784056855508e-01,-3.042157080873530428e-01,2.605836404642884130e+00
7.474999999999998312e-01,1.094951887383957256e+02,1.942581792811036792e+02,-1.350128248195878178e-01,-2.648850502734932388e-01,2.585468736418286895e+00
7.500000000000000000e-01,1.099810326776998011e+02,1.946079422363762035e+02,-1.266196001977935304e-01,-1.918682698835267320e-01,2.566070397128129787e+00
7.524999999999999467e-01,1.104677511484694463e+02,1.949579232565857865e+02,-1.135376124484577531e-01,-7.897724228571281757e-02,2.548020609282028559e+00
7.549999999999998934e-01,1.109553446951565832e+02,1.953081216250512568e+02,-9.318473808462832131e-02,-4.188551501027302365e-02,2.532071552861758335e+00
7.574999999999998401e-01,1.114438138610658768e+02,1.956585372260805684e+02,-9.726699092072599306e-02,-4.188551501027302365e-02,2.518274554765361106e+00
7.600000000000000089e-01,1.119331591892131854e+02,1.960091699447789040e+02,-1.051940819459428467e-01,-4.188551501027302365e-02,2.505046811663534267e+00
7.624999999999999556e-01,1.124233812226701161e+02,1.963600251498171190e+02,-7.472069644308594605e-02,-4.188551501027302365e-02,2.489137733373427253e+00
7.649999999999999023e-01,1.129144805234702034e+02,1.967111082121034826e+02,-7.884701722910547605e-02,-4.188551501027302365e-02,2.477986560485411438e+00
7.674999999999998490e-01,1.134064576611936417e+02,1.970624190214078624e+02,-8.298811780669633487e-02,-4.188551501027302365e-02,2.466244101024899216e+00
7.700000000000000178e-01,1.138993132051456030e+02,1.974139574682531872e+02,-8.714396868985006817e-02,-4.188551501027302365e-02,2.453908309213310268e+00
7.724999999999999645e-01,1.143930477239954371e+02,1.977657176470074489e+02,-9.131469715746494409e-02,-4.188551501027302365e-02,2.440977136621620858e+00
7.749999999999999112e-01,1.148876617657920463e+02,1.981176936512497946e+02,-9.550022368218273605e-02,-4.188551501027302365e-02,2.427448527800592615e+00
7.774999999999998579e-01,1.153831558700365605e+02,1.984698853712706068e+02,-8.220574950345324594e-02,-4.188551501027302365e-02,2.413111492241301725e+00
7.800000000000000266e-01,1.158795305759562808e+02,1.988222926981684680e+02,-8.642104270710375402e-02,-4.188551501027302365e-02,2.400889044155688712e+00
7.824999999999999734e-01,1.163767864226215778e+02,1.991749173638090440e+02,-9.065129997458208633e-02,-4.188551501027302365e-02,2.388062970799502249e+00
7.849999999999999201e-01,1.168749239552922177e+02,1.995277611016664139e+02,-9.489660044637027170e-02,-4.188551501027302365e-02,2.374631199028420347e+00
7.874999999999998668e-01,1.173739437215886312e+02,1.998808238066501985e+02,-9.915691857676994792e-02,-4.188551501027302365e-02,2.360591646848435587e+00
7.900000000000000355e-01,1.178738462688691442e+02,2.002341053745425370e+02,-7.208988877990976651e-02,-4.188551501027302365e-02,2.345561664972183102e+00
7.924999999999999822e-01,1.183746321442354201e+02,2.005876057575598566e+02,-7.638027728227549107e-02,-4.188551501027302365e-02,2.334792053298126113e+00
7.949999999999999289e-01,1.188763018947264669e+02,2.009413249093789489e+02,-8.068582381127503700e-02,-4.188551501027302365e-02,2.323408398542887721e+00
7.974999999999998757e-01,1.193788560672067973e+02,2.012952627293803118e+02,-8.500655605375345703e-02,-4.188551501027302365e-02,2.311408598164353734e+00
8.000000000000000444e-01,1.198822952082898894e+02,2.016494191178830420e+02,-8.934241881648963268e-02,-4.188551501027302365e-02,2.298790551260886161e+00
8.024999999999999911e-01,1.203866198645672938e+02,2.020037976047394181e+02,-9.369346012145787772e-02,-4.188551501027302365e-02,2.285552154343825304e+00
8.049999999999999378e-01,1.208918305951220020e+02,2.023584017221859312e+02,-9.805984820877611252e-02,-4.188551501027302365e-02,2.271691293542885237e+00
8.074999999999998845e-01,1.213979279639764997e+02,2.027132313758345674e+02,-7.085960733137371126e-02,-4.188551501027302365e-02,2.256821773696921607e+00
8.100000000000000533e-01,1.219049125349178979e+02,2.030682864724372223e+02,-7.525649126209688067e-02,-4.188551501027302365e-02,2.246235731007311109e+00
8.125000000000000000e-01,1.224127848711450781e+02,2.034235612255681360e+02,-7.966879677526809977e-02,-4.188551501027302365e-02,2.235020853656542794e+00
8.149999999999999467e-01,1.229215455156379448e+02,2.037790498486338038e+02,-8.409653507964438834e-02,-4.188551501027302365e-02,2.223175004839321289e+00
8.174999999999998934e-01,1.234311950030188143e+02,2.041347522501300205e+02,-8.853965661346921423e-02,-4.188551501027302365e-02,2.210696046813489080e+00
8.199999999999999512e-01,1.239417338676821601e+02,2.044906683398242251e+02,-9.299822398199635021e-02,-4.188551501027302365e-02,2.197581834312881011e+00
8.224999999999998979e-01,1.244531626439876533e+02,2.048468010713701233e+02,-9.747230505510366683e-02,-4.188551501027302365e-02,2.183830222592616277e+00
8.249999999999998446e-01,1.249654818767539268e+02,2.052031534007210496e+02,-1.060262416081081960e-01,-4.188551501027302365e-02,2.170677426971978186e+00
8.274999999999997913e-01,1.254786921149270000e+02,2.055597252433056781e+02,-7.324158039639776241e-02,-4.188551501027302365e-02,2.154637601541437242e+00
8.299999999999999600e-01,1.259927939072421026e+02,2.059165165158505317e+02,-7.776237760828788592e-02,-4.188551501027302365e-02,2.143722538701008151e+00
8.324999999999999067e-01,1.265077878023873836e+02,2.062735296991417613e+02,-8.229874869784949143e-02,-4.188551501027302365e-02,2.132161421463752315e+00
8.349999999999998535e-01,1.270236743578429071e+02,2.066307672764546339e+02,-8.685072626465598078e-02,-4.188551501027302365e-02,2.119952075231828381e+00
8.374999999999998002e-01,1.275404541345493357e+02,2.069882291706073829e+02,-9.141848928848568534e-02,-4.188551501027302365e-02,2.107092319494419996e+00
8.399999999999999689e-01,1.280581276932552726e+02,2.073459153058104505e+02,-9.600187931035596145e-02,-4.188551501027302365e-02,2.093579965040674118e+00
8.424999999999999156e-01,1.285766955943703351e+02,2.077038232037221235e+02,-8.581976876973600177e-02,-4.188551501027302365e-02,2.078658319936059318e+00
8.449999999999998623e-01,1.290961583896802267e+02,2.080619503870105120e+02,-9.043477504300369285e-02,-4.188551501027302365e-02,2.065952582177291053e+00
8.474999999999998090e-01,1.296165166273569014e+02,2.084202967835468314e+02,-9.506555664793112093e-02,-4.188551501027302365e-02,2.052587652650388783e+00
8.499999999999999778e-01,1.301377708553929438e+02,2.087788623228269671e+02,-9.971228687505931387e-02,-4.188551501027302365e-02,2.038561324947553377e+00
8.524999999999999245e-01,1.306599216215216757e+02,2.091376455954274434e+02,-7.073065420473634290e-02,-4.188551501027302365e-02,2.023460099937759882e+00
8.549999999999998712e-01,1.311829694685994241e+02,2.094966451931874474e+02,-7.540919826968173201e-02,-4.188551501027302365e-02,2.012926054885328941e+00
8.574999999999998179e-01,1.317069149374009669e+02,2.098558610501024759e+02,-8.010375595812051219e-02,-4.188551501027302365e-02,2.001723937963968858e+00
8.599999999999999867e-01,1.322317585685372023e+02,2.102152931018405013e+02,-8.481427260792955003e-02,-4.188551501027302365e-02,1.989851518563651611e+00
8.624999999999999334e-01,1.327575009025938186e+02,2.105749434468000629e+02,-8.954080362167438079e-02,-4.188551501027302365e-02,1.977306564467286254e+00
8.649999999999998801e-01,1.332841424875873884e+02,2.109348141857051075e+02,-9.428342359334826450e-02,-4.188551501027302365e-02,1.964086834078212274e+00
8.674999999999998268e-01,1.338116838744689119e+02,2.112949052601137510e+02,-9.904212138069745652e-02,-4.188551501027302365e-02,1.950190073404034496e+00
8.699999999999999956e-01,1.343401256140443820e+02,2.116552166130819614e+02,-6.976996645023746113e-02,-4.188551501027302365e-02,1.935197085960689733e+00
8.724999999999999423e-01,1.348694682572497641e+02,2.120157525364558921e+02,-7.456096337632954485e-02,-4.188551501027302365e-02,1.924818952456280208e+00
8.749999999999998890e-01,1.353997123701439875e+02,2.123765173253120224e+02,-7.936826934163737635e-02,-4.188551501027302365e-02,1.913757000503386818e+00
8.774999999999998357e-01,1.359308585248619750e+02,2.127375109298785389e+02,-8.419173339630074693e-02,-4.188551501027302365e-02,1.902008964357758902e+00
8.800000000000000044e-01,1.364629072934150997e+02,2.130987333020920005e+02,-8.903143839504371049e-02,-4.188551501027302365e-02,1.889572559902460647e+00
8.824999999999999512e-01,1.369958592472108876e+02,2.134601766417227964e+02,-9.388753183741906094e-02,-4.188551501027302365e-02,1.876445517733815072e+00
8.849999999999998979e-01,1.375297149303231663e+02,2.138218331480809979e+02,-9.875998647197826996e-02,-4.188551501027302365e-02,1.862625542622729613e+00
8.874999999999998446e-01,1.380644748756417926e+02,2.141837027746941544e+02,-6.906297996739292622e-02,-4.188551501027302365e-02,1.847685965961710863e+00
8.900000000000000133e-01,1.386001396159414014e+02,2.145457854766530374e+02,-7.396819037313812073e-02,-4.188551501027302365e-02,1.837429873657457247e+00
8.924999999999999600e-01,1.391367096841358091e+02,2.149080852237245836e+02,-7.888985644186431723e-02,-4.188551501027302365e-02,1.826473928057082308e+00
8.949999999999999067e-01,1.396741856271191295e+02,2.152706059885362322e+02,-8.382796604641491733e-02,-4.188551501027302365e-02,1.814815820227771104e+00
8.974999999999998535e-01,1.402125679974133732e+02,2.156333477329903872e+02,-8.878258366205823982e-02,-4.188551501027302365e-02,1.802453227467017749e+00
9.000000000000000222e-01,1.407518573474464176e+02,2.159963104203924615e+02,-9.375375526667391324e-02,-4.188551501027302365e-02,1.789383834201970336e+00
9.024999999999999689e-01,1.412920542295928783e+02,2.163594946224713453e+02,-9.874148937209793753e-02,-4.188551501027302365e-02,1.775605313932047125e+00
9.049999999999999156e-01,1.418331591982708915e+02,2.167229009128318182e+02,-6.851981859678779596e-02,-4.188551501027302365e-02,1.760682210076659260e+00
9.074999999999998623e-01,1.423751728086826915e+02,2.170865292598060421e+02,-7.354091242379218185e-02,-4.188551501027302365e-02,1.750526767614933643e+00
9.100000000000000311e-01,1.429180956159520974e+02,2.174503796331829335e+02,-7.857867657261502492e-02,-4.188551501027302365e-02,1.739655140772990327e+00
9.124999999999999778e-01,1.434619281752848963e+02,2.178144545128323841e+02,-8.363320662622394930e-02,-4.188551501027302365e-02,1.728064972237369989e+00
9.149999999999999245e-01,1.440066710506221170e+02,2.181787563807662593e+02,-8.870441772892308230e-02,-4.188551501027302365e-02,1.715753905949351621e+00
9.174999999999998712e-01,1.445523248094199005e+02,2.185432852123510656e+02,-9.379246499498740397e-02,-4.188551501027302365e-02,1.702719578141844714e+00
9.200000000000000400e-01,1.450988900190737070e+02,2.189080409843949440e+02,-9.889736931670692344e-02,-4.188551501027302365e-02,1.688959608616857677e+00
9.224999999999999867e-01,1.456463672465098966e+02,2.192730170870490554e+02,-6.807642805754851589e-02,-4.188551501027302365e-02,1.674028755643801603e+00
9.249999999999999334e-01,1.461947570354748507e+02,2.196382069100424417e+02,-7.321497495299858493e-02,-4.188551501027302365e-02,1.663961385248652336e+00
9.274999999999998801e-01,1.467440599202565465e+02,2.200036104316452565e+02,-7.837052651130996250e-02,-4.188551501027302365e-02,1.653161205835002256e+00
9.300000000000000488e-01,1.472942764350893583e+02,2.203692276312282559e+02,-8.354302657497646167e-02,-4.188551501027302365e-02,1.641625811535737833e+00
9.324999999999999956e-01,1.478454071144982436e+02,2.207350639568253143e+02,-8.873254415984165033e-02,-4.188551501027302365e-02,1.629352800323858652e+00
9.349999999999999423e-01,1.483974525121531940e+02,2.211011248593701453e+02,-9.393903925688365519e-02,-4.188551501027302365e-02,1.616339764303387216e+00
9.374999999999998890e-01,1.489504131894879038e+02,2.214674103241630121e+02,-9.916265700388506021e-02,-4.188551501027302365e-02,1.602584283365474205e+00
9.399999999999999467e-01,1.495042897078996589e+02,2.218339203374900706e+02,-6.768635317052046352e-02,-4.188551501027302365e-02,1.587630507638348121e+00
9.424999999999998934e-01,1.500590826287812263e+02,2.222006553520418208e+02,-7.294422995335847482e-02,-4.188551501027302365e-02,1.577644785796291638e+00
9.449999999999998401e-01,1.506147925151278457e+02,2.225676158219838499e+02,-7.821929867541883852e-02,-4.188551501027302365e-02,1.566909317217479947e+00
9.474999999999997868e-01,1.511714199305718296e+02,2.229348017372093409e+02,-8.351158328131269570e-02,-4.188551501027302365e-02,1.555421657668985880e+00
9.499999999999999556e-01,1.517289654387207634e+02,2.233022130886427021e+02,-8.882109962004690329e-02,-4.188551501027302365e-02,1.543179352257782355e+00
9.524999999999999023e-01,1.522874296030949495e+02,2.236698488269393010e+02,-9.414786984808164172e-02,-4.188551501027302365e-02,1.530179945366182848e+00
9.549999999999998490e-01,1.528468129835400191e+02,2.240377079033991947e+02,-9.949207474220643499e-02,-4.188551501027302365e-02,1.516420986094667800e+00
9.574999999999997957e-01,1.534071161383968729e+02,2.244057903108738969e+02,-6.731723987138418797e-02,-4.188551501027302365e-02,1.501435370529096147e+00
9.599999999999999645e-01,1.539683396259891595e+02,2.247740960430444375e+02,-7.269613911240165038e-02,-4.188551501027302365e-02,1.491529127733713267e+00
9.624999999999999112e-01,1.545304840044915125e+02,2.251426229612004022e+02,-7.809247713600434015e-02,-4.188551501027302365e-02,1.480855880680694403e+00
9.649999999999998579e-01,1.550935498245772806e+02,2.255113689267215591e+02,-8.350615140756560695e-02,-4.188551501027302365e-02,1.469413136616303461e+00
9.674999999999998046e-01,1.556575376338614944e+02,2.258803339343093626e+02,-8.893731136029825457e-02,-4.188551501027302365e-02,1.457198416869740720e+00
9.699999999999999734e-01,1.562224479799461676e+02,2.262495179789823112e+02,-9.438602606522987493e-02,-4.188551501027302365e-02,1.444209209298511043e+00
9.724999999999999201e-01,1.567882814106347951e+02,2.266189244751956835e+02,-9.985236778509129496e-02,-4.188551501027302365e-02,1.430443011426085098e+00
9.749999999999998668e-01,1.573550384857215363e+02,2.269885568387460637e+02,-6.694499944241528999e-02,-4.188551501027302365e-02,1.415420963820479550e+00
9.774999999999998135e-01,1.579227197698731118e+02,2.273584150673152635e+02,-7.244644155538693120e-02,-4.188551501027302365e-02,1.405594914494818326e+00
9.799999999999999822e-01,1.584913258277505577e+02,2.277284991586529941e+02,-7.796558259548194703e-02,-4.188551501027302365e-02,1.394984296952736180e+00
9.824999999999999289e-01,1.590608572241283127e+02,2.280988110180795161e+02,-8.350252843080868681e-02,-4.188551501027302365e-02,1.383586578311359672e+00
9.849999999999998757e-01,1.596313145304718262e+02,2.284693525517649562e+02,-8.905708622666676233e-02,-4.188551501027302365e-02,1.371399213911385750e+00
9.874999999999998224e-01,1.602026983209659363e+02,2.288401237588284403e+02,-9.462941649142726785e-02,-4.188551501027302365e-02,1.358419665076815441e+00
9.899999999999999911e-01,1.607750091697932930e+02,2.292111246381982710e+02,-1.002196180269509657e-01,-4.188551501027302365e-02,1.344645374955232509e+00
9.924999999999999378e-01,1.613482476508533523e+02,2.295823507040402376e+02,-6.655227528298833517e-02,-4.188551501027302365e-02,1.329585252942425466e+00
9.949999999999998845e-01,1.619224143223000851e+02,2.299537974690549333e+02,-7.217815475869163167e-02,-4.188551501027302365e-02,1.319842064744878085e+00
9.974999999999998312e-01,1.624975097358791061e+02,2.303254649295075467e+02,-7.782192704457696619e-02,-4.188551501027302365e-02,1.309296429345927493e+00
1.000000000000000000e+00,1.630735344433265652e+02,2.306973530814703395e+02,-8.348368288350288546e-02,-4.188551501027302365e-02,1.297945762535232861e+00
1.002499999999999947e+00,1.636504889965150653e+02,2.310694642635852176e+02,-8.916335682356670012e-02,-4.188551501027302365e-02,1.285787474569889621e+00
1.004999999999999893e+00,1.642283739555306283e+02,2.314418008145020451e+02,-9.486113642379680189e-02,-4.188551501027302365e-02,1.272818973700302836e+00
1.007499999999999840e+00,1.648071898837925744e+02,2.318143627295482645e+02,-1.005769783880767210e-01,-4.188551501027302365e-02,1.259037666176306747e+00
1.010000000000000009e+00,1.653869373447081443e+02,2.321871500034008307e+02,-6.612682199527100679e-02,-4.188551501027302365e-02,1.243939835336930866e+00
1.012499999999999956e+00,1.659676169017159282e+02,2.325601633538724400e+02,-7.187879196040121432e-02,-4.188551501027302365e-02,1.234283478592283823e+00
1.014999999999999902e+00,1.665492291207802396e+02,2.329334034983286301e+02,-7.764885542949946651e-02,-4.188551501027302365e-02,1.223806473237799786e+00
1.017499999999999849e+00,1.671317745688819514e+02,2.333068704294842064e+02,-8.343707985764078905e-02,-4.188551501027302365e-02,1.212506199377703542e+00
1.020000000000000018e+00,1.677152538129829793e+02,2.336805641390401433e+02,-8.924352750606574791e-02,-4.188551501027302365e-02,1.200380025453179123e+00
1.022499999999999964e+00,1.682996674202011604e+02,2.340544874536880400e+02,-9.506820667478464715e-02,-4.188551501027302365e-02,1.187425312349582596e+00
1.024999999999999911e+00,1.688850159675860709e+02,2.344286431997707325e+02,-1.009112355332723032e-01,-4.188551501027302365e-02,1.173639422017960898e+00
1.027499999999999858e+00,1.694713000362100956e+02,2.348030313662960111e+02,-6.565805491692175422e-02,-4.188551501027302365e-02,1.158505624202035955e+00
1.030000000000000027e+00,1.700585202071174251e+02,2.351776519407139574e+02,-7.153780636040904528e-02,-4.188551501027302365e-02,1.148941022249082122e+00
1.032499999999999973e+00,1.706466770609245316e+02,2.355524985851953375e+02,-7.743596856395583428e-02,-4.188551501027302365e-02,1.138537251441552600e+00
1.034999999999999920e+00,1.712357711560135556e+02,2.359275649586291763e+02,-8.335250502837068809e-02,-4.188551501027302365e-02,1.127291644298872297e+00
1.037499999999999867e+00,1.718258030416956785e+02,2.363028510412238461e+02,-8.928751822927567805e-02,-4.188551501027302365e-02,1.115201539385145990e+00
1.040000000000000036e+00,1.724167732672316617e+02,2.366783568114288983e+02,-9.524097581443309590e-02,-4.188551501027302365e-02,1.102264264229821711e+00
1.042499999999999982e+00,1.730086823821196162e+02,2.370540869191907802e+02,-1.012129788186082041e-01,-4.188551501027302365e-02,1.088477127824347690e+00
1.044999999999999929e+00,1.736015309522028929e+02,2.374300460138662743e+02,-6.513870414412886722e-02,-4.188551501027302365e-02,1.073310036178115601e+00
1.047499999999999876e+00,1.741953195499346805e+02,2.378062340703343978e+02,-7.114785489621376635e-02,-4.188551501027302365e-02,1.063842712044689609e+00
1.050000000000000044e+00,1.747900487477042759e+02,2.381826510611200831e+02,-7.717558717941656876e-02,-4.188551501027302365e-02,1.053517423750096604e+00
1.052499999999999991e+00,1.753857191178391304e+02,2.385592970902470142e+02,-8.322200485882980114e-02,-4.188551501027302365e-02,1.042331459073717603e+00
1.054999999999999938e+00,1.759823312330608189e+02,2.389361722598243887e+02,-8.928713817436220723e-02,-4.188551501027302365e-02,1.030282100424211977e+00
1.057499999999999885e+00,1.765798856662013918e+02,2.393132765357615881e+02,-9.537098504093700913e-02,-4.188551501027302365e-02,1.017366616349305142e+00
1.060000000000000053e+00,1.771783829900063552e+02,2.396906098813669246e+02,-1.014735729011990439e-01,-4.188551501027302365e-02,1.003582286158021253e+00
1.062500000000000000e+00,1.777778237772051568e+02,2.400681734945656842e+02,-6.456156800752753389e-02,-4.188551501027302365e-02,9.883852991422652501e-01
1.064999999999999947e+00,1.783782086047706912e+02,2.404459685710642134e+02,-7.070180975005745105e-02,-4.188551501027302365e-02,9.790213645848444557e-01
1.067499999999999893e+00,1.789795380513365899e+02,2.408239950669096174e+02,-7.686092748626066617e-02,-4.188551501027302365e-02,9.687803504279708378e-01
1.070000000000000062e+00,1.795818126954250715e+02,2.412022529351329752e+02,-8.303898101129479625e-02,-4.188551501027302365e-02,9.576594981754551483e-01
1.072500000000000009e+00,1.801850331151457851e+02,2.415807374316931941e+02,-8.923593679361453701e-02,-4.188551501027302365e-02,9.456560505150485296e-01
1.074999999999999956e+00,1.807891998720038771e+02,2.419594438081021792e+02,-9.545180585117396532e-02,-4.188551501027302365e-02,9.327672495772504346e-01
1.077499999999999902e+00,1.813943135206665147e+02,2.423383720064580871e+02,-1.016867009706348690e-01,-4.188551501027302365e-02,9.189903258776588313e-01
1.080000000000000071e+00,1.820003746156543798e+02,2.427175219657147807e+02,-6.392062819596068535e-02,-4.188551501027302365e-02,9.037673927159362020e-01
1.082500000000000018e+00,1.826073837115904723e+02,2.430968977319097917e+02,-7.019365056436210892e-02,-4.188551501027302365e-02,8.945134061771732314e-01
1.084999999999999964e+00,1.832153413773640978e+02,2.434765033489030941e+02,-7.648578752820592297e-02,-4.188551501027302365e-02,8.843629362391132176e-01
1.087499999999999911e+00,1.838242481875635121e+02,2.438563387473980413e+02,-8.279702029343859182e-02,-4.188551501027302365e-02,8.733131987461651979e-01
1.090000000000000080e+00,1.844341047166015244e+02,2.442364038544078824e+02,-8.912744590359936159e-02,-4.188551501027302365e-02,8.613613964995728844e-01
1.092500000000000027e+00,1.850449115387186794e+02,2.446166987893061275e+02,-9.547712926361086316e-02,-4.188551501027302365e-02,8.485047262723610650e-01
1.094999999999999973e+00,1.856566692286501734e+02,2.449972236679405739e+02,-1.018459575991159383e-01,-4.188551501027302365e-02,8.347403729608563472e-01
1.097499999999999920e+00,1.862693783612083962e+02,2.453779784068235017e+02,-6.321025167617205787e-02,-4.188551501027302365e-02,8.194960249958269660e-01
1.100000000000000089e+00,1.868830395109949336e+02,2.457589629184437285e+02,-6.961771662932107751e-02,-4.188551501027302365e-02,8.103590630972186126e-01
1.102500000000000036e+00,1.874976532523314177e+02,2.461401761678409343e+02,-7.604450890563897725e-02,-4.188551501027302365e-02,8.003059526563955917e-01
1.104999999999999982e+00,1.881132201559964869e+02,2.465216171158519955e+02,-8.249067861624106990e-02,-4.188551501027302365e-02,7.893338616383220874e-01
1.107499999999999929e+00,1.887297407911808307e+02,2.469032856629681589e+02,-8.895625393255934821e-02,-4.188551501027302365e-02,7.774399600273660393e-01
1.110000000000000098e+00,1.893472157268242029e+02,2.472851817055647530e+02,-9.544132848784281364e-02,-4.188551501027302365e-02,7.646214013169885249e-01
1.112500000000000044e+00,1.899656455315122514e+02,2.476673036591471089e+02,-1.019458399172861462e-01,-4.188551501027302365e-02,7.508753428283134745e-01
1.114999999999999991e+00,1.905850307683755602e+02,2.480496499348123223e+02,-6.242514442946275888e-02,-4.188551501027302365e-02,7.356146662285990567e-01
1.117499999999999938e+00,1.912053719981538222e+02,2.484322204160762624e+02,-6.896866429598305648e-02,-4.188551501027302365e-02,7.266023741555760473e-01
1.120000000000000107e+00,1.918266697812932193e+02,2.488150149819460353e+02,-7.553182768951967330e-02,-4.188551501027302365e-02,7.166540061810934281e-01
1.122500000000000053e+00,1.924489246780789244e+02,2.491980358134282199e+02,-8.211463145912430150e-02,-4.188551501027302365e-02,7.057666835641581704e-01
1.125000000000000000e+00,1.930721372565762408e+02,2.495812850876509970e+02,-8.871696310045656952e-02,-4.188551501027302365e-02,6.939375314143689799e-01
1.127499999999999947e+00,1.936963080878172150e+02,2.499647626714819353e+02,-9.533899489509643776e-02,-4.188551501027302365e-02,6.811636919133924328e-01
1.129999999999999893e+00,1.943214377424985173e+02,2.503484684274482674e+02,-1.019807275008428882e-01,-4.188551501027302365e-02,6.674422690966773652e-01
1.132499999999999840e+00,1.949475267911276433e+02,2.507324047251032937e+02,-6.155945456211622119e-02,-4.188551501027302365e-02,6.521709815429498347e-01
1.134999999999999787e+00,1.955745758126707585e+02,2.511165739302006727e+02,-6.824072935501569737e-02,-4.188551501027302365e-02,6.432916517236845211e-01
1.137499999999999734e+00,1.962025853893121905e+02,2.515009758927072312e+02,-7.494180352794950484e-02,-4.188551501027302365e-02,6.334560537087681187e-01
1.139999999999999902e+00,1.968315561028584284e+02,2.518856104578961776e+02,-8.166270810347379949e-02,-4.188551501027302365e-02,6.226612975080059176e-01
1.142499999999999849e+00,1.974614885344683159e+02,2.522704733365386289e+02,-8.840355037522372450e-02,-4.188551501027302365e-02,6.109044767300226830e-01
1.144999999999999796e+00,1.980923832504026052e+02,2.526555602339926736e+02,-9.516424219104088755e-02,-4.188551501027302365e-02,5.981826719994123298e-01
1.147499999999999742e+00,1.987242408106126845e+02,2.530408709801680800e+02,-1.019449035813767140e-01,-4.188551501027302365e-02,5.844929678220955882e-01
1.149999999999999911e+00,1.993570617746218829e+02,2.534264054003292301e+02,-6.060757251788881361e-02,-4.188551501027302365e-02,5.692174971914051307e-01
1.152499999999999858e+00,1.999908467015984570e+02,2.538121646660912063e+02,-6.742824223752610924e-02,-4.188551501027302365e-02,5.604801898875040322e-01
1.154999999999999805e+00,2.006255961550021425e+02,2.541981499447195461e+02,-7.426884962592293637e-02,-4.188551501027302365e-02,5.507662027701076823e-01
1.157499999999999751e+00,2.012613106997590364e+02,2.545843610480967243e+02,-8.112967737141278668e-02,-4.188551501027302365e-02,5.400726113148901497e-01
1.159999999999999920e+00,2.018979909003223838e+02,2.549707977834560211e+02,-8.801056099622454887e-02,-4.188551501027302365e-02,5.283964653475375917e-01
1.162499999999999867e+00,2.025356373207244758e+02,2.553574609735057095e+02,-9.491160367363479788e-02,-4.188551501027302365e-02,5.157348308932042658e-01
1.164999999999999813e+00,2.031742505280825526e+02,2.557443514367004695e+02,-1.018328328869415461e-01,-4.188551501027302365e-02,5.020847486204008669e-01
1.167499999999999760e+00,2.038138310904632817e+02,2.561314689670237499e+02,-5.956383461251112121e-02,-4.188551501027302365e-02,4.868123757828349829e-01
1.169999999999999929e+00,2.044543795754155440e+02,2.565188133536547070e+02,-6.652548662300848681e-02,-4.188551501027302365e-02,4.782270326007583838e-01
1.172499999999999876e+00,2.050958965501562830e+02,2.569063875449954821e+02,-7.350741857970763404e-02,-4.188551501027302365e-02,4.686443729047852225e-01
1.174999999999999822e+00,2.057383825924673033e+02,2.572941944857194017e+02,-8.050971914119567363e-02,-4.188551501027302365e-02,4.580614290638306274e-01
1.177499999999999769e+00,2.063818382840959487e+02,2.576822339525837151e+02,-8.753229887365211737e-02,-4.188551501027302365e-02,4.464752211907107582e-01
1.179999999999999938e+00,2.070262642062290581e+02,2.580705057178408879e+02,-9.457523480339842525e-02,-4.188551501027302365e-02,4.338827825753826528e-01
1.182499999999999885e+00,2.076716609390852852e+02,2.584590032120317460e+02,-1.016386362024012530e-01,-4.188551501027302365e-02,4.202811316181133683e-01
1.184999999999999831e+00,2.083180290400547108e+02,2.588477198597155962e+02,-5.842187798228654777e-02,-4.188551501027302365e-02,4.050200113716406203e-01
1.187499999999999778e+00,2.089653690568835032e+02,2.592366554174691373e+02,-6.552615898029337527e-02,-4.188551501027302365e-02,3.965975480071252668e-01
1.189999999999999947e+00,2.096136815367068209e+02,2.596258096374648403e+02,-7.265106573723233152e-02,-4.188551501027302365e-02,3.871569115978371056e-01
1.192499999999999893e+00,2.102629670262400623e+02,2.600151855065180939e+02,-7.979649308151547105e-02,-4.188551501027302365e-02,3.766950992959824385e-01
1.194999999999999840e+00,2.109132260829357506e+02,2.604047860082248462e+02,-8.696251712230661235e-02,-4.188551501027302365e-02,3.652091070265452988e-01
1.197499999999999787e+00,2.115644592682291432e+02,2.607946108835836867e+02,-9.414919001370099239e-02,-4.188551501027302365e-02,3.526959367064367856e-01
1.199999999999999956e+00,2.122166671429055782e+02,2.611846598695297530e+02,-1.013565534193765216e-01,-4.188551501027302365e-02,3.391525684117740469e-01
1.202499999999999902e+00,2.128698502671043684e+02,2.615749329242843260e+02,-5.717601500928812253e-02,-4.188551501027302365e-02,3.239118719844944483e-01
1.204999999999999849e+00,2.135240092010859314e+02,2.619654300022904749e+02,-6.442482703359560248e-02,-4.188551501027302365e-02,3.156642563594492246e-01
1.207499999999999796e+00,2.141791445047529692e+02,2.623561508290029565e+02,-7.169438935329082441e-02,-4.188551501027302365e-02,3.063773886914339384e-01
1.209999999999999964e+00,2.148352567373197246e+02,2.627470951260026482e+02,-7.898467726203663164e-02,-4.188551501027302365e-02,2.960482387609310595e-01
1.212499999999999911e+00,2.154923464574598881e+02,2.631382651360898421e+02,-8.629585037803375047e-02,-4.188551501027302365e-02,2.846737805773191798e-01
1.214999999999999858e+00,2.161504142320031576e+02,2.635296630992399400e+02,-9.362785747644127021e-02,-4.188551501027302365e-02,2.722509719608603995e-01
1.217499999999999805e+00,2.168094606306690082e+02,2.639212887274171635e+02,-1.009808280788732915e-01,-4.188551501027302365e-02,2.587767750953714474e-01
1.219999999999999973e+00,2.174694862224548615e+02,2.643131417290678655e+02,-1.142934260430360088e-01,-4.188551501027302365e-02,2.462850282612900621e-01
1.222499999999999920e+00,2.181304915752620559e+02,2.647052159674639142e+02,-5.803200514611420169e-02,-4.188551501027302365e-02,2.290720899398316357e-01
1.224999999999999867e+00,2.187924772357465031e+02,2.650975053014106493e+02,-6.544785272172443102e-02,-4.188551501027302365e-02,2.206943659501341692e-01
1.227499999999999813e+00,2.194554437414750510e+02,2.654900094275527636e+02,-7.288474620889333344e-02,-4.188551501027302365e-02,2.112530522086776275e-01
1.229999999999999982e+00,2.201193916292544941e+02,2.658827280394164632e+02,-8.034274313175079896e-02,-4.188551501027302365e-02,2.007450833662291767e-01
1.232499999999999929e+00,2.207843214353818837e+02,2.662756649608195403e+02,-8.782182629601031909e-02,-4.188551501027302365e-02,1.891673888034133555e-01
1.234999999999999876e+00,2.214502337098880389e+02,2.666688240138127526e+02,-9.532200106672449047e-02,-4.188551501027302365e-02,1.765168978562627333e-01
1.237499999999999822e+00,2.221171290079242624e+02,2.670622048852099510e+02,-1.028433799242117475e-01,-4.188551501027302365e-02,1.627905426552792301e-01
1.239999999999999991e+00,2.227850078838573324e+02,2.674558072591381688e+02,-5.527577909673697665e-02,-4.188551501027302365e-02,1.472661952371960847e-01
1.242499999999999938e+00,2.234538708913017615e+02,2.678496314416225914e+02,-6.283969667233453571e-02,-4.188551501027302365e-02,1.392741614365624880e-01
1.244999999999999885e+00,2.241237185852667153e+02,2.682436777362731846e+02,-7.042489923819106323e-02,-4.188551501027302365e-02,1.301970064631434443e-01
1.247499999999999831e+00,2.247945515208490974e+02,2.686379458199810983e+02,-7.803150663387908859e-02,-4.188551501027302365e-02,1.200316354415914000e-01
1.250000000000000000e+00,2.254663702523368158e+02,2.690324353672951361e+02,-8.565940357135815031e-02,-4.188551501027302365e-02,1.087749518816549521e-01
1.252499999999999947e+00,2.261391753332229086e+02,2.694271463746695758e+02,-9.330877589959842011e-02,-4.188551501027302365e-02,9.642385066516462322e-02
1.254999999999999893e+00,2.268129673173179413e+02,2.698220788365843532e+02,-1.009795299367659688e-01,-4.188551501027302365e-02,8.297522175465539551e-02
1.257499999999999840e+00,2.274877467580698465e+02,2.702172324213382240e+02,-1.148301435385690877e-01,-4.188551501027302365e-02,7.058369999170945042e-02
1.260000000000000009e+00,2.281635142080961032e+02,2.706126067952243375e+02,-5.483518973729728518e-02,-4.188551501027302365e-02,5.321412169050124263e-02
1.262499999999999956e+00,2.288402702189643776e+02,2.710081981930786696e+02,-6.257057703953586292e-02,-4.188551501027302365e-02,4.527205750228851383e-02
1.264999999999999902e+00,2.295180153293636067e+02,2.714040028471426353e+02,-7.032751116317001450e-02,-4.188551501027302365e-02,3.621998949255490069e-02
1.267499999999999849e+00,2.301967500722409170e+02,2.718000204170585334e+02,-7.810608733597838860e-02,-4.188551501027302365e-02,2.605478346062196221e-02
1.270000000000000018e+00,2.308764749796912668e+02,2.721962505607810385e+02,-8.590642555371792721e-02,-4.188551501027302365e-02,1.477330357285570189e-02
1.272499999999999964e+00,2.315571905831801303e+02,2.725926965553507557e+02,-9.372845832994515514e-02,-4.188551501027302365e-02,2.372405640295154310e-03
1.274999999999999911e+00,2.322388974260225041e+02,2.729893616774402290e+02,-1.015722472144221650e-01,-4.188551501027302365e-02,-1.115105983728246174e-02
1.277499999999999858e+00,2.329215960558412633e+02,2.733862455826367182e+02,-5.164550021716306921e-02,-4.188551501027302365e-02,-2.656201699914834818e-02
1.280000000000000027e+00,2.336052870193975082e+02,2.737833479253488917e+02,-5.953303523118404217e-02,-4.188551501027302365e-02,-3.406068096388844418e-02
1.282499999999999973e+00,2.342899708626636937e+02,2.741806695770916917e+02,-6.744241809598050530e-02,-4.188551501027302365e-02,-4.269138892333952662e-02
1.284999999999999920e+00,2.349756481350214585e+02,2.745782114087710397e+02,-7.537373620383221173e-02,-4.188551501027302365e-02,-5.245731285716381809e-02
1.287499999999999867e+00,2.356623193867223733e+02,2.749759730722256563e+02,-8.332704493661699519e-02,-4.188551501027302365e-02,-6.336162696592931298e-02
1.290000000000000036e+00,2.363499851671472243e+02,2.753739542184795255e+02,-9.130234915629109604e-02,-4.188551501027302365e-02,-7.540751275232888962e-02
1.292499999999999982e+00,2.370386460246330671e+02,2.757721517684990999e+02,-9.929973171184951208e-02,-4.188551501027302365e-02,-8.859815728547887348e-02
1.294999999999999929e+00,2.377283024970618328e+02,2.761705626421159536e+02,-1.136191831995241597e-01,-4.188551501027302365e-02,-1.006775316148769278e-01
1.297499999999999876e+00,2.384189551175420831e+02,2.765691864876363866e+02,-5.038851369536459512e-02,-4.188551501027302365e-02,-1.179583997769584197e-01
1.300000000000000044e+00,2.391106044183029837e+02,2.769680229529238318e+02,-5.845230126055739328e-02,-4.188551501027302365e-02,-1.252945391595353397e-01
1.302499999999999991e+00,2.398032509306665361e+02,2.773670712643276488e+02,-6.653843005147964951e-02,-4.188551501027302365e-02,-1.337882459816834846e-01
1.304999999999999938e+00,2.404968951835951430e+02,2.777663306477651304e+02,-7.464675729144577832e-02,-4.188551501027302365e-02,-1.434427377819774696e-01
1.307499999999999885e+00,2.411915377045674234e+02,2.781658007497906624e+02,-8.277744459467392679e-02,-4.188551501027302365e-02,-1.542612378533369799e-01
1.310000000000000053e+00,2.418871790201781948e+02,2.785654812167248906e+02,-9.093051603194363119e-02,-4.188551501027302365e-02,-1.662469755282752482e-01
1.312500000000000000e+00,2.425838196562941107e+02,2.789653741966084226e+02,-9.910593837931234995e-02,-4.188551501027302365e-02,-1.794031859891264402e-01
1.314999999999999947e+00,2.432814601466796773e+02,2.793654818379831113e+02,-1.137213180233370008e-01,-4.188551501027302365e-02,-1.913963595167376686e-01
1.317499999999999893e+00,2.439801010277871569e+02,2.797658037878038613e+02,-4.805473218984354644e-02,-4.188551501027302365e-02,-2.087504279207662294e-01
1.320000000000000062e+00,2.446797428351862607e+02,2.801663396929645273e+02,-5.629773295432621838e-02,-4.188551501027302365e-02,-2.157718517290760640e-01
1.322500000000000009e+00,2.453803861036561216e+02,2.805670906811608916e+02,-6.456336154783552661e-02,-4.188551501027302365e-02,-2.239767570699390531e-01
1.324999999999999956e+00,2.460820313722915387e+02,2.809680578803242383e+02,-7.285161498155759419e-02,-4.188551501027302365e-02,-2.333684121303410686e-01
1.327499999999999902e+00,2.467846791814183689e+02,2.813692409374095860e+02,-8.116258667271557259e-02,-4.188551501027302365e-02,-2.439500921894547925e-01
1.330000000000000071e+00,2.474883300704799183e+02,2.817706394993954291e+02,-8.949625918413031678e-02,-4.188551501027302365e-02,-2.557250790891451575e-01
1.332500000000000018e+00,2.481929845777428056e+02,2.821722485119627777e+02,-9.785274072317837191e-02,-4.188551501027302365e-02,-2.686966621682888579e-01
1.334999999999999964e+00,2.488986432240887154e+02,2.825740629199046907e+02,-4.924734764193558489e-02,-4.188551501027302365e-02,-2.836963829129161008e-01
1.337499999999999911e+00,2.496053065228034882e+02,2.829760823684121078e+02,-5.764951840317189546e-02,-4.188551501027302365e-02,-2.909074383094769067e-01
1.340000000000000080e+00,2.503129749862858660e+02,2.833783065024259145e+02,-6.607455088130717580e-02,-4.188551501027302365e-02,-2.993249985427302584e-01
1.342500000000000027e+00,2.510216491261886631e+02,2.837807372401688326e+02,-7.452254795517844477e-02,-4.188551501027302365e-02,-3.089523802513846062e-01
1.344999999999999973e+00,2.517313294612571042e+02,2.841833765002175483e+02,-8.299361929077392341e-02,-4.188551501027302365e-02,-3.197929076624967393e-01
1.347499999999999920e+00,2.524420165125943072e+02,2.845862239277930712e+02,-9.148764826352960566e-02,-4.188551501027302365e-02,-3.318499118568588591e-01
1.350000000000000089e+00,2.531537108004162633e+02,2.849892791677380046e+02,-1.000048475967021122e-01,-4.188551501027302365e-02,-3.451267311106692159e-01
1.352500000000000036e+00,2.538664128441154730e+02,2.853925429023279889e+02,-1.152610885143345448e-01,-4.188551501027302365e-02,-3.570935032797177833e-01
1.354999999999999982e+00,2.545801231658385291e+02,2.857960158136052655e+02,-4.347474787920790895e-02,-4.188551501027302365e-02,-3.748067680118182254e-01
1.357499999999999929e+00,2.552948422883236219e+02,2.861996975452604488e+02,-5.206156236670833604e-02,-4.188551501027302365e-02,-3.812143162391999351e-01
1.360000000000000098e+00,2.560105707334176941e+02,2.866035877402132428e+02,-6.067168930528195336e-02,-4.188551501027302365e-02,-3.888551047944409644e-01
1.362500000000000044e+00,2.567273090222217320e+02,2.870076883978757678e+02,-6.930518132417752553e-02,-4.188551501027302365e-02,-3.977325089229085675e-01
1.364999999999999991e+00,2.574450576832164188e+02,2.874120015172634339e+02,-7.796198594580627805e-02,-4.188551501027302365e-02,-4.078499122058263371e-01
1.367499999999999938e+00,2.581638172473507780e+02,2.878165267391350426e+02,-8.664225753184871814e-02,-4.188551501027302365e-02,-4.192107015000883230e-01
1.370000000000000107e+00,2.588835882446750816e+02,2.882212637031240092e+02,-9.534603699628049767e-02,-4.188551501027302365e-02,-4.318182763911696531e-01
1.372500000000000053e+00,2.596043712039705724e+02,2.886262061683549405e+02,-6.514942304890807001e-02,-4.188551501027302365e-02,-4.461407299841375074e-01
1.375000000000000000e+00,2.603261666324730186e+02,2.890313478879969580e+02,-7.390034779297177669e-02,-4.188551501027302365e-02,-4.556758364417643481e-01
1.377499999999999947e+00,2.610489750281085435e+02,2.894366884937844020e+02,-8.267497226724196402e-02,-4.188551501027302365e-02,-4.664679675542347526e-01
1.379999999999999893e+00,2.617727968878819524e+02,2.898422276163508968e+02,-9.147321250915928237e-02,-4.188551501027302365e-02,-4.785205516838217932e-01
1.382499999999999840e+00,2.624976327081602676e+02,2.902479694752450428e+02,-1.002952097628752731e-01,-4.188551501027302365e-02,-4.918370256751186664e-01
1.384999999999999787e+00,2.632234830004953778e+02,2.906539182885583159e+02,-1.160914893795716996e-01,-4.188551501027302365e-02,-5.037009660363450658e-01
1.387499999999999734e+00,2.639503482820596787e+02,2.910600736820695715e+02,-3.843954738916581515e-02,-4.188551501027302365e-02,-5.216718171754755051e-01
1.389999999999999902e+00,2.646782290690881609e+02,2.914664352787146981e+02,-4.733313996614312708e-02,-4.188551501027302365e-02,-5.274011779289852209e-01
1.392499999999999849e+00,2.654071258768513530e+02,2.918730023747700102e+02,-5.625065031676925592e-02,-4.188551501027302365e-02,-5.344082438859566464e-01
1.394999999999999796e+00,2.661370392185317542e+02,2.922797742631057645e+02,-6.519224610937314479e-02,-4.188551501027302365e-02,-5.426964887840909357e-01
1.397499999999999742e+00,2.668679696058889022e+02,2.926867505566096952e+02,-7.415777197389011866e-02,-4.188551501027302365e-02,-5.522693977663045706e-01
1.399999999999999911e+00,2.675999175497126430e+02,2.930939308642902006e+02,-8.314744213131174122e-02,-4.188551501027302365e-02,-5.631304573324202867e-01
1.402499999999999858e+00,2.683328835599132844e+02,2.935013163997367656e+02,-9.216125609946164421e-02,-4.188551501027302365e-02,-5.752831694012230379e-01
1.404999999999999805e+00,2.690668681510578040e+02,2.939089083724125544e+02,-1.011993198209518996e-01,-4.188551501027302365e-02,-5.887310398942694478e-01
1.407499999999999751e+00,2.698018718390089816e+02,2.943167063785626851e+02,-3.607174906659121882e-02,-4.188551501027302365e-02,-6.045083442538247143e-01
1.409999999999999920e+00,2.705378951386171593e+02,2.947247100092189385e+02,-4.515831267547103234e-02,-4.188551501027302365e-02,-6.099284551439710933e-01
1.412499999999999867e+00,2.712749385633273960e+02,2.951329127803100505e+02,-5.426927850477764048e-02,-4.188551501027302365e-02,-6.166542794772501557e-01
1.414999999999999813e+00,2.720130026042403415e+02,2.955413082011944539e+02,-6.340466815011364110e-02,-4.188551501027302365e-02,-6.246893504984109002e-01
1.417499999999999760e+00,2.727520877427361938e+02,2.959498958437576448e+02,-7.256446892946280536e-02,-4.188551501027302365e-02,-6.340372194389111149e-01
1.419999999999999929e+00,2.734921944591214356e+02,2.963586752732763898e+02,-8.174876045711466921e-02,-4.188551501027302365e-02,-6.447014332135831971e-01
1.422499999999999876e+00,2.742333232330149144e+02,2.967676525032139239e+02,-9.095765919330145444e-02,-4.188551501027302365e-02,-6.566855532239072035e-01
1.424999999999999822e+00,2.749754745655861257e+02,2.971768335407924724e+02,-1.001911802466393109e-01,-4.188551501027302365e-02,-6.699931487424521936e-01
1.427499999999999769e+00,2.757186489660949178e+02,2.975862179311866385e+02,-3.238355734530255770e-02,-4.188551501027302365e-02,-6.857104174686714515e-01
1.429999999999999938e+00,2.764628469426592687e+02,2.979958052110776521e+02,-4.166651110168935468e-02,-4.188551501027302365e-02,-6.906349195238676852e-01
1.432499999999999885e+00,2.772080690021603004e+02,2.984055937329911217e+02,-5.097427146129931974e-02,-4.188551501027302365e-02,-6.968936305572680512e-01
1.434999999999999831e+00,2.779543156461679700e+02,2.988155818401152146e+02,-6.030686657245640236e-02,-4.188551501027302365e-02,-7.044901492667974274e-01
1.437499999999999778e+00,2.787015873733652711e+02,2.992257690411533986e+02,-6.966439704090136853e-02,-4.188551501027302365e-02,-7.134280795174333667e-01
1.439999999999999947e+00,2.794498846812012971e+02,2.996361548344847279e+02,-7.904690720795186365e-02,-4.188551501027302365e-02,-7.237110375658097894e-01
1.442499999999999893e+00,2.801992080659055659e+02,3.000467393592985559e+02,-8.845438628408064385e-02,-4.188551501027302365e-02,-7.353426451236292349e-01
1.444999999999999840e+00,2.809495580247074145e+02,3.004575227434471572e+02,-9.788692596765508069e-02,-4.188551501027302365e-02,-7.483265243614185547e-01
1.447499999999999787e+00,2.817009350544500421e+02,3.008685044512906188e+02,-1.145357213270203761e-01,-4.188551501027302365e-02,-7.595758174719721145e-01
1.449999999999999956e+00,2.824533396506305962e+02,3.012796839345709827e+02,-2.497823120890801940e-02,-4.188551501027302365e-02,-7.776365158852091009e-01
1.452499999999999902e+00,2.832067723071313026e+02,3.016910568480743677e+02,-3.448629029382083849e-02,-4.188551501027302365e-02,-7.815401640053983856e-01
1.454999999999999849e+00,2.839612335031415000e+02,3.021026188325220687e+02,-4.401969886631358631e-02,-4.188551501027302365e-02,-7.868106440245878908e-01
1.457499999999999796e+00,2.847167237110024871e+02,3.025143692976627676e+02,-5.357835298599792490e-02,-4.188551501027302365e-02,-7.934516246934165684e-01
1.459999999999999964e+00,2.854732434015713807e+02,3.029263076380090638e+02,-6.316250341758408715e-02,-4.188551501027302365e-02,-8.014667711200261779e-01
1.462499999999999911e+00,2.862307930445541047e+02,3.033384391788636094e+02,-7.277202378096861435e-02,-4.188551501027302365e-02,-8.108597647103547024e-01
1.464999999999999858e+00,2.869893731289679408e+02,3.037507692299035966e+02,-8.240700358522067004e-02,-4.188551501027302365e-02,-8.216342852772352545e-01
1.467499999999999805e+00,2.877489841507161827e+02,3.041632971373478540e+02,-9.206768669621187562e-02,-4.188551501027302365e-02,-8.337940258188998310e-01
1.469999999999999973e+00,2.885096266040575870e+02,3.045760222293144466e+02,-1.017540223608823929e-01,-4.188551501027302365e-02,-8.473426841222143624e-01
1.472499999999999920e+00,2.892713009814701763e+02,3.049889423751380946e+02,-2.330405296711098029e-02,-4.188551501027302365e-02,-8.635632383325937411e-01
1.474999999999999867e+00,2.900340077686395261e+02,3.054020554237816327e+02,-3.304171448633748398e-02,-4.188551501027302365e-02,-8.672700039264312766e-01
1.477499999999999813e+00,2.907977474576329087e+02,3.058153792003493550e+02,-4.280521552799044366e-02,-4.188551501027302365e-02,-8.723767899415331151e-01
1.479999999999999982e+00,2.915625205881522675e+02,3.062289303694221871e+02,-5.259455896332443370e-02,-4.188551501027302365e-02,-8.788873240284392763e-01
1.482499999999999929e+00,2.923283277264847015e+02,3.066427091800538847e+02,-6.240973795289769810e-02,-4.188551501027302365e-02,-8.868053329433098764e-01
1.484999999999999876e+00,2.930951694411904782e+02,3.070567159448604571e+02,-7.225089421034863735e-02,-4.188551501027302365e-02,-8.961345515126903916e-01
1.487499999999999822e+00,2.938630463021103765e+02,3.074709505844232922e+02,-8.211805656748205617e-02,-4.188551501027302365e-02,-9.068787234127428931e-01
1.489999999999999991e+00,2.946319588788849728e+02,3.078854130156215660e+02,-9.201137352041768858e-02,-4.188551501027302365e-02,-9.190415990680232960e-01
1.492499999999999938e+00,2.954019077408580642e+02,3.083001017667114638e+02,-1.019308988721932818e-01,-4.188551501027302365e-02,-9.326269377141014338e-01
1.494999999999999885e+00,2.961728934522932377e+02,3.087150153620272590e+02,-2.548523806237910916e-02,-4.188551501027302365e-02,-9.488871362937569831e-01
1.497499999999999831e+00,2.969449165752478166e+02,3.091301537063542924e+02,-7.035457236661738278e+00,-4.188551501027302365e-02,-9.529512356262451744e-01
1.500000000000000000e+00,2.977179776715389607e+02,3.095455167006788884e+02,-2.659304008088564153e+00,-4.188551501027302365e-02,-1.840858916798139511e+00
1.502499999999999947e+00,2.984920773028935059e+02,3.099611067902782793e+02,-1.010003551421921664e+00,-2.777177739555029487e-02,-2.176533524864732172e+00
1.504999999999999893e+00,2.992672160397239054e+02,3.103769264194210109e+02,-3.860577092390542475e-01,1.155888041830413666e-02,-2.304013432321200039e+00
1.507499999999999840e+00,3.000433944558246253e+02,3.107929754912410658e+02,-1.430243191721031204e-01,8.457566080827239041e-02,-2.352540330683142944e+00
1.510000000000000009e+00,3.008206131247459894e+02,3.112092539076373896e+02,-6.879238996849362797e-02,1.974666884060878036e-01,-2.368673532250493707e+00
1.512499999999999956e+00,3.015988726196495691e+02,3.116257592616870511e+02,-1.193374404716808501e-02,3.544662031689860826e-01,-2.376851498841233479e+00
1.514999999999999902e+00,3.023781735053466377e+02,3.120424891505923028e+02,8.314882439669955827e-02,5.581548870144978913e-01,-2.375640861596671982e+00
1.517499999999999849e+00,3.031585163431238925e+02,3.124594434882271798e+02,1.935805733501459458e-01,8.097328975877018387e-01,-2.362400322779010686e+00
1.520000000000000018e+00,3.039399016940556066e+02,3.128766221932099825e+02,2.460747069274991650e-01,8.097328975877018387e-01,-2.333118685772071821e+00
1.522499999999999964e+00,3.047223301189614517e+02,3.132940243314459963e+02,2.660653369369155308e-01,8.097328975877018387e-01,-2.297210044946835783e+00
1.524999999999999911e+00,3.055058021754626907e+02,3.137116489739026406e+02,2.738977176292264892e-01,7.956191599729790509e-01,-2.258774298230543653e+00
1.527499999999999858e+00,3.062903184197806468e+02,3.141294960538454006e+02,2.741291366602470192e-01,7.562885021591191359e-01,-2.219428709898236818e+00
1.530000000000000027e+00,3.070758794079723089e+02,3.145475655090615419e+02,2.660331691593029735e-01,6.832717217691525180e-01,-2.180282269640728021e+00
1.532499999999999973e+00,3.078624856960290117e+02,3.149658586801151046e+02,2.474612124301388272e-01,5.703806941713385203e-01,-2.142586958217040927e+00
1.534999999999999920e+00,3.086501378447089223e+02,3.153843769127389010e+02,2.162159408727738208e-01,4.133811794084414348e-01,-2.107903940756630679e+00
1.537499999999999867e+00,3.094388364166375709e+02,3.158031201593047967e+02,1.704985765201856573e-01,2.096924955629194676e-01,-2.078098284485863090e+00
1.540000000000000036e+00,3.102285819743240154e+02,3.162220883766685233e+02,1.090139359456410578e-01,-1.090466485295135679e-02,-2.055279005969833150e+00
1.542499999999999982e+00,3.110193750802129102e+02,3.166412821859360065e+02,1.069806086393759736e-02,-1.090466485295135679e-02,-2.038315601302068458e+00
1.544999999999999929e+00,3.118112162989711464e+02,3.170607022126587822e+02,7.997379490818825459e-03,-1.090466485295135679e-02,-2.036808509575735116e+00
1.547499999999999876e+00,3.126041061961238938e+02,3.174803484259721813e+02,5.289906575242557182e-03,-1.090466485295135679e-02,-2.035693312776002628e+00
1.550000000000000044e+00,3.133980453371210615e+02,3.179002207984800634e+02,2.575555346634947947e-03,-1.090466485295135679e-02,-2.034971027472026517e+00
1.552499999999999991e+00,3.141930342873049540e+02,3.183203186562208202e+02,-1.455292690643534073e-04,-1.090466485295135679e-02,-2.034642674223232639e+00
1.554999999999999938e+00,3.149890736096785986e+02,3.187406413278505397e+02,-2.873500042997021060e-03,-1.090466485295135679e-02,-2.034709274157996184e+00
1.557499999999999885e+00,3.157861638662649284e+02,3.191611887941322721e+02,-5.608427624050588145e-03,-1.090466485295135679e-02,-2.035171847248077093e+00
1.560000000000000053e+00,3.165843056190403217e+02,3.195819610382975497e+02,-8.350279691331188858e-03,-1.090466485295135679e-02,-2.036031421627820137e+00
1.562500000000000000e+00,3.173834994298330230e+02,3.200029563311858283e+02,-1.109894500894181152e-02,-1.090466485295135679e-02,-2.037289027361086635e+00
1.564999999999999947e+00,3.181837458544176798e+02,3.204241729452172649e+02,-1.385471090774704171e-02,-1.090466485295135679e-02,-2.038945689474886969e+00
1.567499999999999893e+00,3.189850454460896572e+02,3.208456108683518551e+02,-1.661745152471947456e-02,-1.090466485295135679e-02,-2.041002437674691805e+00
1.570000000000000062e+00,3.197873987581153870e+02,3.212672700895790285e+02,-1.938714417869026943e-02,-1.090466485295135679e-02,-2.043460309983693879e+00
1.572500000000000009e+00,3.205908063439899820e+02,3.216891547015161450e+02,-2.216396442857284516e-02,-1.090466485295135679e-02,-2.046320336337622781e+00
1.574999999999999956e+00,3.213952687715856200e+02,3.221112687987719028e+02,-2.494784339193208828e-02,-1.090466485295135679e-02,-2.049583553239892275e+00
1.577499999999999902e+00,3.222007866138857821e+02,3.225336100090625564e+02,-2.773890773227280157e-02,-1.090466485295135679e-02,-2.053250994352361580e+00
1.580000000000000071e+00,3.230073604341249620e+02,3.229561733734290101e+02,-3.053705043938116995e-02,-1.090466485295135679e-02,-2.057323704188337210e+00
1.582500000000000018e+00,3.238149907883724268e+02,3.233789568308137632e+02,-3.334244883460529135e-02,-1.090466485295135679e-02,-2.061802719819996188e+00
1.584999999999999964e+00,3.246236782248351460e+02,3.238019581198130368e+02,-3.615508729570986873e-02,-1.090466485295135679e-02,-2.066689081858640531e+00
1.587499999999999911e+00,3.254334232880605100e+02,3.242251771847086843e+02,-3.897494081199157079e-02,-1.090466485295135679e-02,-2.071983833641605877e+00
1.590000000000000080e+00,3.262442265224558469e+02,3.246486139680695828e+02,-4.180216106837722490e-02,-1.090466485295135679e-02,-2.077688021136866681e+00
1.592500000000000027e+00,3.270560884722951300e+02,3.250722685927909197e+02,-4.463666830147932502e-02,-1.090466485295135679e-02,-2.083802691967965082e+00
1.594999999999999973e+00,3.278690096823426643e+02,3.254961411797126516e+02,-4.747857116252211102e-02,-1.090466485295135679e-02,-2.090328894429088091e+00
1.597499999999999920e+00,3.286829906974682558e+02,3.259202316652929312e+02,-5.032783421316596589e-02,-1.090466485295135679e-02,-2.097267674413089367e+00
1.600000000000000089e+00,3.294980320623811281e+02,3.263445399829404892e+02,-5.318453554269506056e-02,-1.090466485295135679e-02,-2.104620085473361879e+00
1.602500000000000036e+00,3.303141343215248753e+02,3.267690645059078633e+02,-5.604855978334431776e-02,-1.090466485295135679e-02,-2.112387175378028115e+00
1.604999999999999982e+00,3.311312980137017803e+02,3.271938036036902417e+02,-5.892019180055113603e-02,-1.090466485295135679e-02,-2.120569995142466801e+00
1.607499999999999929e+00,3.319495236753055565e+02,3.276187571989273692e+02,-6.179933495711311536e-02,-1.090466485295135679e-02,-2.129169606321823061e+00
1.610000000000000098e+00,3.327688118425343191e+02,3.280439252100707677e+02,-6.468598214806972613e-02,-1.090466485295135679e-02,-2.138187059956664804e+00
1.612500000000000044e+00,3.335891630516801456e+02,3.284693123575518712e+02,-6.758026210351347762e-02,-1.090466485295135679e-02,-2.147623415531475732e+00
1.614999999999999991e+00,3.344105778556894961e+02,3.288949233584717149e+02,-7.048215173749772244e-02,-1.090466485295135679e-02,-2.157479731387987876e+00
1.617499999999999938e+00,3.352330568141438789e+02,3.293207581190031874e+02,-7.339166465508641102e-02,-1.090466485295135679e-02,-2.167757067096636181e+00
1.620000000000000107e+00,3.360566004863869694e+02,3.297468165400954376e+02,-7.630888923158954396e-02,-1.090466485295135679e-02,-2.178456482539600447e+00
1.622500000000000053e+00,3.368812094313356056e+02,3.301730956996235022e+02,-7.923382296854679374e-02,-1.090466485295135679e-02,-2.189579043084481036e+00
1.625000000000000000e+00,3.377068841977522311e+02,3.305995926691404065e+02,-8.216657061288872022e-02,-1.090466485295135679e-02,-2.201125811996937909e+00
1.627499999999999947e+00,3.385336253300965836e+02,3.310263073314669668e+02,-8.510702610400522339e-02,-1.090466485295135679e-02,-2.213097850745262107e+00
1.629999999999999893e+00,3.393614333725314509e+02,3.314532395628045833e+02,-8.805532410942890076e-02,-1.090466485295135679e-02,-2.225496222845351202e+00
1.632499999999999840e+00,3.401903088689392121e+02,3.318803897487990753e+02,-9.101143134683432889e-02,-1.090466485295135679e-02,-2.238321992060424925e+00
1.634999999999999787e+00,3.410202523646836426e+02,3.323077582686849496e+02,-9.397544483200341581e-02,-1.090466485295135679e-02,-2.251576228240626421e+00
1.637499999999999734e+00,3.418512644055193164e+02,3.327353449781990093e+02,-9.694751202269638601e-02,-1.090466485295135679e-02,-2.265260002399725359e+00
1.639999999999999902e+00,3.426833455368358159e+02,3.331631497261892605e+02,-9.992741184618644801e-02,-1.090466485295135679e-02,-2.279374387080244979e+00
1.642499999999999849e+00,3.435164963035605297e+02,3.335911710661929419e+02,-1.827631180339685246e-02,-1.090466485295135679e-02,-2.295199427610635112e+00
1.644999999999999796e+00,3.443507172456990020e+02,3.340194075440668371e+02,-2.127227522554291095e-02,-1.090466485295135679e-02,-2.298051373237199435e+00
1.647499999999999742e+00,3.451860089009991839e+02,3.344478589860963780e+02,-2.427626627941174842e-02,-1.090466485295135679e-02,-2.301337125097867364e+00
1.649999999999999911e+00,3.460223718067701952e+02,3.348765252108242407e+02,-2.728848820973021200e-02,-1.090466485295135679e-02,-2.305057761461895005e+00
1.652499999999999858e+00,3.468598065001465898e+02,3.353054105738067960e+02,-3.030876937365777762e-02,-1.090466485295135679e-02,-2.309214357954758157e+00
1.654999999999999805e+00,3.476983135337396220e+02,3.357345194237339001e+02,-3.333728015774414799e-02,-1.090466485295135679e-02,-2.313807989735209514e+00
1.657499999999999751e+00,3.485378934661528092e+02,3.361638515569729861e+02,-3.637395881192948682e-02,-1.090466485295135679e-02,-2.318839736494648918e+00
1.659999999999999920e+00,3.493785468554760882e+02,3.365934067618019299e+02,-3.941880501702699907e-02,-1.090466485295135679e-02,-2.324310673396718485e+00
1.662499999999999867e+00,3.502202742590499724e+02,3.370231813772800820e+02,-4.247194304652322089e-02,-1.090466485295135679e-02,-2.330221881130157158e+00
1.664999999999999813e+00,3.510630762215823211e+02,3.374531717335528924e+02,-4.553341427430479538e-02,-1.090466485295135679e-02,-2.336574440296334210e+00
1.667499999999999760e+00,3.519069532822921929e+02,3.378833775932747585e+02,-4.860319750557940549e-02,-1.090466485295135679e-02,-2.343369430408117626e+00
1.669999999999999929e+00,3.527519059798007106e+02,3.383137987109183769e+02,-5.168142366376517194e-02,-1.090466485295135679e-02,-2.350607935968777706e+00
1.672499999999999876e+00,3.535979348521818793e+02,3.387444359795716764e+02,-5.476788366127624541e-02,-1.090466485295135679e-02,-2.358291041054669357e+00
1.674999999999999822e+00,3.544450404482962540e+02,3.391752858739941985e+02,-5.786284937713308957e-02,-1.090466485295135679e-02,-2.366419832949943292e+00
1.677499999999999769e+00,3.552932232860204067e+02,3.396063592045616133e+02,-6.096628894010739513e-02,-1.090466485295135679e-02,-2.374995396379088852e+00
1.679999999999999938e+00,3.561424839421034108e+02,3.400376670704960702e+02,-6.407812732229793695e-02,-1.090466485295135679e-02,-2.384018818122266126e+00
1.682499999999999885e+00,3.569928230027141467e+02,3.404692116137923676e+02,-6.719857180184200807e-02,-1.090466485295135679e-02,-2.393491188215583154e+00
1.684999999999999831e+00,3.578442410582957223e+02,3.409009915768737642e+02,-7.032757979187241604e-02,-1.090466485295135679e-02,-2.403413597060790607e+00
1.687499999999999778e+00,3.586967386972864347e+02,3.413330067607741967e+02,-7.346525233639378261e-02,-1.090466485295135679e-02,-2.413787135800825823e+00
1.689999999999999947e+00,3.595503165076231653e+02,3.417652569596778562e+02,-7.661146000729544825e-02,-1.090466485295135679e-02,-2.424612898360006596e+00
1.692499999999999893e+00,3.604049750769884213e+02,3.421977461880380247e+02,-7.976624302149172563e-02,-1.090466485295135679e-02,-2.435891978987517081e+00
1.694999999999999840e+00,3.612607150073677076e+02,3.426304784557414109e+02,-8.292971825647550699e-02,-1.090466485295135679e-02,-2.447625473338563840e+00
1.697499999999999787e+00,3.621175369062351024e+02,3.430634535410753188e+02,-8.610205968393108700e-02,-1.090466485295135679e-02,-2.459814479025702827e+00
1.699999999999999956e+00,3.629754413805067657e+02,3.434966712167674245e+02,-8.928300544100159497e-02,-1.090466485295135679e-02,-2.472460094530255059e+00
1.702499999999999902e+00,3.638344290363061759e+02,3.439301277036835813e+02,-9.247267063523824382e-02,-1.090466485295135679e-02,-2.485563420752744612e+00
1.704999999999999849e+00,3.646945004667232979e+02,3.443638192170815273e+02,-9.567109999665610043e-02,-1.090466485295135679e-02,-2.499125558399140523e+00
1.707499999999999796e+00,3.655556562591872307e+02,3.447977455139211997e+02,-9.887830425170583692e-02,-1.090466485295135679e-02,-2.513147613554409965e+00
1.709999999999999964e+00,3.664178970005173710e+02,3.452319063469341245e+02,-1.752348419655050393e-02,-1.090466485295135679e-02,-2.528908727636519860e+00
1.712499999999999911e+00,3.672812232769948650e+02,3.456663027896439644e+02,-2.074855111401857979e-02,-1.090466485295135679e-02,-2.531736785567552772e+00
1.714999999999999858e+00,3.681456356791243820e+02,3.461009365453100486e+02,-2.398229887881789257e-02,-1.090466485295135679e-02,-2.535028086874028475e+00
1.717499999999999805e+00,3.690111348012320605e+02,3.465358086676276912e+02,-2.722506117082726038e-02,-1.090466485295135679e-02,-2.538783742082036277e+00
1.719999999999999973e+00,3.698777212388770295e+02,3.469709189425206546e+02,-3.047659138774510418e-02,-1.090466485295135679e-02,-2.543004866568501665e+00
1.722499999999999920e+00,3.707453955872503570e+02,3.474062664187629252e+02,-3.373729498906520574e-02,-1.090466485295135679e-02,-2.547692575914425106e+00
1.724999999999999867e+00,3.716141584383629493e+02,3.478418500524945784e+02,-3.700685511154297447e-02,-1.090466485295135679e-02,-2.552847986034859407e+00
1.727499999999999813e+00,3.724840103824653283e+02,3.482776695910531544e+02,-4.028551549500812567e-02,-1.090466485295135679e-02,-2.558472214637574460e+00
1.729999999999999982e+00,3.733549520091759746e+02,3.487137247805311517e+02,-4.357306902983265617e-02,-1.090466485295135679e-02,-2.564566385896846157e+00
1.732499999999999929e+00,3.742269839077117695e+02,3.491500191151621948e+02,-4.686973278545382426e-02,-1.090466485295135679e-02,-2.571131622561782848e+00
1.734999999999999876e+00,3.751001066798126544e+02,3.495865560900890614e+02,-5.017551701156362787e-02,-1.090466485295135679e-02,-2.578169045737078946e+00
1.737499999999999822e+00,3.759743209319357220e+02,3.500233354533951911e+02,-5.349037929004458319e-02,-1.090466485295135679e-02,-2.585679782138037730e+00
1.739999999999999991e+00,3.768496272699097744e+02,3.504603569548741007e+02,-5.681430233913351002e-02,-1.090466485295135679e-02,-2.593664958961099387e+00
1.742499999999999938e+00,3.777260262987282431e+02,3.508976169833197787e+02,-6.014740664250817909e-02,-1.090466485295135679e-02,-2.602125711949762277e+00
1.744999999999999885e+00,3.786035186109608048e+02,3.513351119291083364e+02,-6.348951526227947229e-02,-1.090466485295135679e-02,-2.611063175325480934e+00
1.747499999999999831e+00,3.794821047937612093e+02,3.517728415477610042e+02,-6.684090427745868757e-02,-1.090466485295135679e-02,-2.620478495602715618e+00
1.750000000000000000e+00,3.803617854336739015e+02,3.522108055977646472e+02,-7.020144138034706272e-02,-1.090466485295135679e-02,-2.630372803097892564e+00
1.752499999999999947e+00,3.812425611166154908e+02,3.526490054362228079e+02,-7.357095722101193724e-02,-1.090466485295135679e-02,-2.640747238349823167e+00
1.754999999999999893e+00,3.821244324346035341e+02,3.530874433045116234e+02,-7.694969083278044297e-02,-1.090466485295135679e-02,-2.651602947297048818e+00
1.757499999999999840e+00,3.830073999825308420e+02,3.535261193341148100e+02,-8.033763997285968406e-02,-1.090466485295135679e-02,-2.662941077527965383e+00
1.760000000000000009e+00,3.838914643556786359e+02,3.539650334685347843e+02,-8.373468772773290381e-02,-1.090466485295135679e-02,-2.674762778354228487e+00
1.762499999999999956e+00,3.847766261491606201e+02,3.544041850312433439e+02,-8.714086762350473081e-02,-1.090466485295135679e-02,-2.687069201082158187e+00
1.764999999999999902e+00,3.856628859559281750e+02,3.548435733517895301e+02,-9.055630763790484261e-02,-1.090466485295135679e-02,-2.699861498617268207e+00
1.767499999999999849e+00,3.865502443677640372e+02,3.552831982358524101e+02,-9.398079779338870676e-02,-1.090466485295135679e-02,-2.713140838032670032e+00
1.770000000000000018e+00,3.874387019759686837e+02,3.557230594955639162e+02,-9.741461067080477154e-02,-1.090466485295135679e-02,-2.726908373976259625e+00
1.772499999999999964e+00,3.883282593721627336e+02,3.561631628527632074e+02,-2.434638335405248100e-02,-1.090466485295135679e-02,-2.742418388225571046e+00
1.774999999999999911e+00,3.892189171709546258e+02,3.566035174743051925e+02,-2.779858646750078821e-02,-1.090466485295135679e-02,-2.746203563883895082e+00
1.777499999999999858e+00,3.901106759993471087e+02,3.570441236464459962e+02,-3.125984968821542143e-02,-1.090466485295135679e-02,-2.750480456142344377e+00
1.780000000000000027e+00,3.910035364861587368e+02,3.574849817574101962e+02,-3.473039572113694601e-02,-1.090466485295135679e-02,-2.755250227078826608e+00
1.782499999999999973e+00,3.918974992609933565e+02,3.579260886866151736e+02,-3.821012077522452366e-02,-1.090466485295135679e-02,-2.760514061115095785e+00
1.784999999999999920e+00,3.927925649425975507e+02,3.583674413219653729e+02,-4.169914609390082405e-02,-1.090466485295135679e-02,-2.766273128619122446e+00
1.787499999999999867e+00,3.936887341451928819e+02,3.588090395905061314e+02,-4.519724927307006840e-02,-1.090466485295135679e-02,-2.772528625166877259e+00
1.790000000000000036e+00,3.945860074828237885e+02,3.592508834286654746e+02,-4.870447761979455198e-02,-1.090466485295135679e-02,-2.779281727475935160e+00
1.792499999999999982e+00,3.954843855700972881e+02,3.596929750908175265e+02,-5.222094187889819716e-02,-1.090466485295135679e-02,-2.786533628523978567e+00
1.794999999999999929e+00,3.963838690282792641e+02,3.601353163333799330e+02,-5.574646731377348730e-02,-1.090466485295135679e-02,-2.794285509644973242e+00
1.797499999999999876e+00,3.972844584812587527e+02,3.605779072314349492e+02,-5.928118533560904069e-02,-1.090466485295135679e-02,-2.802538564109988251e+00
1.800000000000000044e+00,3.981861545531640445e+02,3.610207477963916176e+02,-6.282518098001629858e-02,-1.090466485295135679e-02,-2.811293972300092037e+00
1.802499999999999991e+00,3.990889578681549779e+02,3.614638379861330577e+02,-6.637838203699393536e-02,-1.090466485295135679e-02,-2.820552941060540775e+00
1.804999999999999938e+00,3.999928690502537165e+02,3.619071777694407501e+02,-6.994064517605354248e-02,-1.090466485295135679e-02,-2.830316673279694051e+00
1.807499999999999885e+00,4.008978887234515582e+02,3.623507671635730958e+02,-7.351217033422302594e-02,-1.090466485295135679e-02,-2.840586365619327314e+00
1.810000000000000053e+00,4.018040175117884019e+02,3.627946061957632082e+02,-7.709268979532597765e-02,-1.090466485295135679e-02,-2.851363235331552559e+00
1.812500000000000000e+00,4.027112560395254377e+02,3.632386972681383668e+02,-8.068239192873297161e-02,-1.090466485295135679e-02,-2.862648480046518618e+00
1.814999999999999947e+00,4.036196049393246881e+02,3.636830427935946091e+02,-8.428112724125803867e-02,-1.090466485295135679e-02,-2.874443323244829873e+00
1.817499999999999893e+00,4.045290648473494457e+02,3.641276428307430137e+02,-8.788903617852111827e-02,-1.090466485295135679e-02,-2.886748975132860551e+00
1.820000000000000062e+00,4.054396363999151731e+02,3.645724974475832028e+02,-9.150605652964506620e-02,-1.090466485295135679e-02,-2.899566650995029526e+00
1.822500000000000009e+00,4.063513202333564323e+02,3.650176042239864387e+02,-9.513211994193687682e-02,-1.090466485295135679e-02,-2.912897581005449155e+00
1.824999999999999956e+00,4.072641169754394355e+02,3.654629607484492340e+02,-9.876730365404529088e-02,-1.090466485295135679e-02,-2.926742973798944547e+00
1.827499999999999902e+00,4.081780272505860125e+02,3.659085671160746074e+02,-1.086248308270820750e-01,-1.090466485295135679e-02,-2.937815803583263996e+00
1.830000000000000071e+00,4.090930516838420772e+02,3.663544241486831083e+02,-1.423115731707452758e-02,-1.090466485295135679e-02,-2.954956588927699190e+00
1.832500000000000018e+00,4.100091909026309054e+02,3.668005337581107028e+02,-1.789327230298163804e-02,-1.090466485295135679e-02,-2.957195350933765177e+00
1.834999999999999964e+00,4.109264455394000493e+02,3.672468970625436668e+02,-2.156454741123934107e-02,-1.090466485295135679e-02,-2.959953508174187231e+00
1.837499999999999911e+00,4.118448162284635714e+02,3.676935142429574057e+02,-2.524473898081295437e-02,-1.090466485295135679e-02,-2.963232312811633129e+00
1.840000000000000080e+00,4.127643036045926692e+02,3.681403854450508675e+02,-2.893397419980720670e-02,-1.090466485295135679e-02,-2.967032999425601059e+00
1.842500000000000027e+00,4.136849083029487701e+02,3.685875111915143520e+02,-3.263212063861264944e-02,-1.090466485295135679e-02,-2.971356814373335542e+00
1.844999999999999973e+00,4.146066309603787658e+02,3.690348920117183980e+02,-3.633931763383155267e-02,-1.090466485295135679e-02,-2.976204995255727681e+00
1.847499999999999920e+00,4.155294722146590516e+02,3.694825280703698809e+02,-4.005537821179382119e-02,-1.090466485295135679e-02,-2.981578784810787308e+00
1.850000000000000089e+00,4.164534327039809796e+02,3.699304195377682731e+02,-4.378037758189742140e-02,-1.090466485295135679e-02,-2.987479429614736670e+00
1.852500000000000036e+00,4.173785130670752892e+02,3.703785683600518155e+02,-4.751429160215836500e-02,-1.090466485295135679e-02,-2.993908185640972608e+00
1.854999999999999982e+00,4.183047139493294821e+02,3.708269764874855809e+02,-5.125697704064675897e-02,-1.090466485295135679e-02,-3.000866295184334120e+00
1.857499999999999929e+00,4.192320359991092005e+02,3.712756441043651989e+02,-5.500862548762183724e-02,-1.090466485295135679e-02,-3.008355002558277036e+00
1.860000000000000098e+00,4.201604798652441559e+02,3.717245713983974724e+02,-5.876897375366639531e-02,-1.090466485295135679e-02,-3.016375564610140447e+00
1.862500000000000044e+00,4.210900461969082471e+02,3.721737565381837953e+02,-6.253791378034985471e-02,-1.090466485295135679e-02,-3.024929245057854210e+00
1.864999999999999991e+00,4.220207356366555587e+02,3.726231976932018597e+02,-6.631585229786485236e-02,-1.090466485295135679e-02,-3.034017285396028107e+00
1.867499999999999938e+00,4.229525488251889556e+02,3.730728961043641903e+02,-7.010234302886733659e-02,-1.090466485295135679e-02,-3.043640960441034160e+00
1.870000000000000107e+00,4.238854864066941559e+02,3.735228531723674905e+02,-7.389771250658414004e-02,-1.090466485295135679e-02,-3.053801532226456672e+00
1.872500000000000053e+00,4.248195490278054081e+02,3.739730697343189831e+02,-7.770177222777754911e-02,-1.090466485295135679e-02,-3.064500250933212211e+00
1.875000000000000000e+00,4.257547373380311342e+02,3.744235466722497563e+02,-8.151457684506693835e-02,-1.090466485295135679e-02,-3.075738388571051640e+00
1.877499999999999947e+00,4.266910519884302744e+02,3.748742841951204241e+02,-8.533609102926099921e-02,-1.090466485295135679e-02,-3.087517221919533927e+00
1.879999999999999893e+00,4.276284936305826818e+02,3.753252825093748015e+02,-8.916608493077227138e-02,-1.090466485295135679e-02,-3.099838020986359410e+00
1.882499999999999840e+00,4.285670629166307890e+02,3.757765425806522330e+02,-9.300471840730273332e-02,-1.090466485295135679e-02,-3.112702047079813017e+00
1.884999999999999787e+00,4.295067605018990662e+02,3.762280653717742211e+02,-9.685185793286736622e-02,-1.090466485295135679e-02,-3.126110573572047802e+00
1.887499999999999734e+00,4.304475870432996771e+02,3.766798510790550267e+02,-1.007075439854482751e-01,-1.090466485295135679e-02,-3.140064867599802412e+00
1.889999999999999902e+00,4.313895431982330138e+02,3.771318998943260112e+02,-2.187494258032490757e-02,-1.090466485295135679e-02,-3.155802352366246399e+00
1.892499999999999849e+00,4.323326296246515312e+02,3.775842132065240548e+02,-2.574769623364571089e-02,-1.090466485295135679e-02,-3.159003808260026247e+00
1.894999999999999796e+00,4.332768469851911846e+02,3.780367923988002872e+02,-2.962892011276686138e-02,-1.090466485295135679e-02,-3.162754865414409977e+00
1.897499999999999742e+00,4.342221959446530946e+02,3.784896376453860967e+02,-3.351848406665337843e-02,-1.090466485295135679e-02,-3.167056806511564737e+00
1.899999999999999911e+00,4.351686771682690846e+02,3.789427491125867391e+02,-3.741645258013549108e-02,-1.090466485295135679e-02,-3.171910895871396630e+00
1.902499999999999858e+00,4.361162913215896992e+02,3.793961254705381521e+02,-4.132277635280698358e-02,-1.090466485295135679e-02,-3.177318421092536038e+00
1.904999999999999805e+00,4.370650390657525008e+02,3.798497660906328406e+02,-4.523756843385704635e-02,-1.090466485295135679e-02,-3.183280663760291951e+00
1.907499999999999751e+00,4.380149210617707922e+02,3.803036714924162993e+02,-4.916068538916384956e-02,-1.090466485295135679e-02,-3.189798890877371562e+00
1.909999999999999920e+00,4.389659379716483727e+02,3.807578418781296818e+02,-5.309201105922513320e-02,-1.090466485295135679e-02,-3.196874391888239408e+00
1.912499999999999867e+00,4.399180904579289972e+02,3.812122775405453581e+02,-5.703170626947889899e-02,-1.090466485295135679e-02,-3.204508457812019984e+00
1.914999999999999813e+00,4.408713791840325484e+02,3.816669787447418685e+02,-6.097952038126579211e-02,-1.090466485295135679e-02,-3.212702372477576951e+00
1.917499999999999760e+00,4.418258048138762888e+02,3.821219455967956264e+02,-6.493573346825409764e-02,-1.090466485295135679e-02,-3.221457414198531488e+00
1.919999999999999929e+00,4.427813680116369142e+02,3.825771781922328501e+02,-6.889997467129144182e-02,-1.090466485295135679e-02,-3.230774869645751668e+00
1.922499999999999876e+00,4.437380694417994391e+02,3.830326778323262715e+02,-7.287248658142771174e-02,-1.090466485295135679e-02,-3.240656022531366531e+00
1.924999999999999822e+00,4.446959097733254112e+02,3.834884458070633286e+02,-7.685303658426828610e-02,-1.090466485295135679e-02,-3.251102161347447339e+00
1.927499999999999769e+00,4.456548896770893862e+02,3.839444821780716097e+02,-8.084162818258155969e-02,-1.090466485295135679e-02,-3.262114590911572520e+00
1.929999999999999938e+00,4.466150098241128603e+02,3.844007869941713125e+02,-8.483840728193017822e-02,-1.090466485295135679e-02,-3.273694585515166899e+00
1.932499999999999885e+00,4.475762708855694996e+02,3.848573608898846601e+02,-8.884329510075991698e-02,-1.090466485295135679e-02,-3.285843425936049389e+00
1.934999999999999831e+00,4.485386735348173488e+02,3.853142044888720079e+02,-9.285615428151076933e-02,-1.090466485295135679e-02,-3.298562428015301418e+00
1.937499999999999778e+00,4.495022184461253687e+02,3.857713178038522983e+02,-9.687709666910633566e-02,-1.090466485295135679e-02,-3.311852871912010610e+00
1.939999999999999947e+00,4.504669062937372246e+02,3.862287009615224065e+02,-1.009058535559696212e-01,-1.090466485295135679e-02,-3.325716058023922450e+00
1.942499999999999893e+00,4.514327377528005059e+02,3.866863537325557445e+02,-1.112444349273338795e-01,-1.090466485295135679e-02,-3.336963405155041862e+00
1.944999999999999840e+00,4.523997134964983502e+02,3.871442755010501173e+02,-1.973124368261139350e-02,-1.090466485295135679e-02,-3.354200555212734969e+00
1.947499999999999787e+00,4.533678341973092643e+02,3.876024663095537903e+02,-2.378413563906171813e-02,-1.090466485295135679e-02,-3.357001820985955121e+00
1.949999999999999956e+00,4.543371005278112875e+02,3.880609261134488293e+02,-2.784473771095626049e-02,-1.090466485295135679e-02,-3.360381001603971463e+00
1.952499999999999902e+00,4.553075131604289822e+02,3.885196543037417882e+02,-3.191325882256940832e-02,-1.090466485295135679e-02,-3.364339386639743523e+00
1.954999999999999849e+00,4.562790727655000751e+02,3.889786502601968436e+02,-3.598978731780590190e-02,-1.090466485295135679e-02,-3.368878280997360530e+00
1.957499999999999796e+00,4.572517800123983420e+02,3.894379139041003555e+02,-4.007413633356954330e-02,-1.090466485295135679e-02,-3.373998999803564214e+00
1.959999999999999964e+00,4.582256355702941164e+02,3.898974451456053316e+02,-4.416629334587890421e-02,-1.090466485295135679e-02,-3.379702845248547138e+00
1.962499999999999911e+00,4.592006401082360298e+02,3.903572456285742760e+02,-4.826633453474779567e-02,-1.090466485295135679e-02,-3.385991105762616638e+00
1.964999999999999858e+00,4.601767943011391253e+02,3.908173169884773301e+02,-5.237436630543498839e-02,-1.090466485295135679e-02,-3.392865101217959367e+00
1.967499999999999805e+00,4.611540988261315306e+02,3.912776591080995559e+02,-5.649006000021587759e-02,-1.090466485295135679e-02,-3.400326136685957845e+00
1.969999999999999973e+00,4.621325543600434003e+02,3.917382718615932617e+02,-6.061346225898993356e-02,-1.090466485295135679e-02,-3.408375527381727554e+00
1.972499999999999920e+00,4.631121615793984461e+02,3.921991553233481227e+02,-6.474476422413871779e-02,-1.090466485295135679e-02,-3.417014580846706284e+00
1.974999999999999867e+00,4.640929211611121445e+02,3.926603095603862243e+02,-6.888391922309987370e-02,-1.090466485295135679e-02,-3.426244612574229187e+00
1.977499999999999813e+00,4.650748337820988922e+02,3.931217346183473182e+02,-7.303089543094123948e-02,-1.090466485295135679e-02,-3.436066942376452715e+00
1.979999999999999982e+00,4.660579001196999798e+02,3.935834307500392129e+02,-7.718578289072719478e-02,-1.090466485295135679e-02,-3.446482885589397860e+00
1.982499999999999929e+00,4.670421208514248974e+02,3.940453974994478585e+02,-8.134839720948013053e-02,-1.090466485295135679e-02,-3.457493767314644195e+00
1.984999999999999876e+00,4.680274966533917222e+02,3.945076344221574800e+02,-8.551880550660025115e-02,-1.090466485295135679e-02,-3.469100901536092518e+00
1.987499999999999822e+00,4.690140282009427892e+02,3.949701413566496626e+02,-8.969699097568935298e-02,-1.090466485295135679e-02,-3.481305608737394142e+00
1.989999999999999991e+00,4.700017161690153671e+02,3.954329181402026734e+02,-9.388296803658775780e-02,-1.090466485295135679e-02,-3.494109223423612853e+00
1.992499999999999938e+00,4.709905612320706041e+02,3.958959635090157008e+02,-9.807673994917096016e-02,-1.090466485295135679e-02,-3.507513071648076242e+00
1.994999999999999885e+00,4.719805640602986614e+02,3.963592761975645544e+02,-1.022783857295885973e-01,-1.090466485295135679e-02,-3.521518485351519789e+00
1.997499999999999831e+00,4.729717253219040458e+02,3.968228560391008273e+02,-2.688377378192600975e-02,-1.090466485295135679e-02,-3.537298092475180677e+00
2.000000000000000000e+00,4.739640456846751135e+02,3.972867028667238856e+02,-3.110090968515838786e-02,-1.090466485295135679e-02,-3.541105597657674853e+00
2.002499999999999947e+00,4.749575258161019633e+02,3.977508184375092242e+02,-3.532596299345143465e-02,-1.090466485295135679e-02,-3.545518663770047763e+00
2.004999999999999893e+00,4.759521663900126214e+02,3.982152045110757399e+02,-3.955884056019321610e-02,-1.090466485295135679e-02,-3.550538631123024924e+00
2.007499999999999840e+00,4.769479680825719470e+02,3.986798609266849098e+02,-4.379973816079069798e-02,-1.090466485295135679e-02,-3.556166841850333160e+00
2.009999999999999787e+00,4.779449315695448490e+02,3.991447875273948966e+02,-4.804856120576275064e-02,-1.090466485295135679e-02,-3.562404648821712705e+00
2.012499999999999734e+00,4.789430575263092464e+02,3.996099843607425441e+02,-5.230542521462926836e-02,-1.090466485295135679e-02,-3.569253398409972355e+00
2.014999999999999680e+00,4.799423466287196334e+02,4.000754516426247278e+02,-5.657022311837539563e-02,-1.090466485295135679e-02,-3.576714443525267573e+00
2.017499999999999627e+00,4.809427995528329802e+02,4.005411893044950489e+02,-6.084298127529399330e-02,-1.090466485295135679e-02,-3.584789143476298623e+00
2.020000000000000018e+00,4.819444169745224258e+02,4.010071972434739109e+02,-6.512380300655977450e-02,-1.090466485295135679e-02,-3.593478855249311543e+00
2.022499999999999964e+00,4.829471995694048587e+02,4.014734752896242753e+02,-6.941274068613571824e-02,-1.090466485295135679e-02,-3.602784941489598936e+00
2.024999999999999911e+00,4.839511480126317906e+02,4.019400232814361971e+02,-7.370979279743622437e-02,-1.090466485295135679e-02,-3.612708767259404485e+00
2.027499999999999858e+00,4.849562629790041797e+02,4.024068411111811656e+02,-7.801488275561128949e-02,-1.090466485295135679e-02,-3.623251699174647733e+00
2.029999999999999805e+00,4.859625451430583212e+02,4.028739286804303106e+02,-8.232821868278646094e-02,-1.090466485295135679e-02,-3.634415107361676167e+00
2.032499999999999751e+00,4.869699951789755801e+02,4.033412840632045686e+02,-8.664981138671139227e-02,-1.090466485295135679e-02,-3.646200368847363205e+00
2.034999999999999698e+00,4.879786137542715778e+02,4.038089053432929063e+02,-9.097966562655684930e-02,-1.090466485295135679e-02,-3.658608858261067631e+00
2.037499999999999645e+00,4.889884015336480161e+02,4.042767924528497474e+02,-9.531791784569910997e-02,-1.090466485295135679e-02,-3.671641955628113685e+00
2.040000000000000036e+00,4.899993591816444223e+02,4.047449453360361531e+02,-9.966461500632146919e-02,-1.090466485295135679e-02,-3.685301048757068099e+00
2.042499999999999982e+00,4.910114873628312466e+02,4.052133665901026234e+02,-1.102923317818965132e-01,-1.090466485295135679e-02,-3.696602918731301202e+00
2.044999999999999929e+00,4.920247867509481239e+02,4.056820588245426507e+02,-2.478067523877007516e-02,-1.090466485295135679e-02,-3.713638018488156778e+00
2.047499999999999876e+00,4.930392580234318984e+02,4.061510220195775105e+02,-2.915274110056014639e-02,-1.090466485295135679e-02,-3.717205360573748951e+00
2.049999999999999822e+00,4.940549018583209886e+02,4.066202574045228744e+02,-3.353340839269988716e-02,-1.090466485295135679e-02,-3.721404256372477626e+00
2.052499999999999769e+00,4.950717189373096971e+02,4.070897668072932447e+02,-3.792275858524508242e-02,-1.090466485295135679e-02,-3.726236106481506827e+00
2.054999999999999716e+00,4.960897099455390276e+02,4.075595505439907242e+02,-4.232078219190972546e-02,-1.090466485295135679e-02,-3.731702313007466465e+00
2.057499999999999662e+00,4.971088755688654715e+02,4.080296087386622048e+02,-4.672743604124984101e-02,-1.090466485295135679e-02,-3.737804281902620929e+00
2.060000000000000053e+00,4.981292164934624225e+02,4.084999414466907979e+02,-5.114305581697010938e-02,-1.090466485295135679e-02,-3.744543421963125507e+00
2.062500000000000000e+00,4.991507334056411196e+02,4.089705486278919011e+02,-5.556757234800639711e-02,-1.090466485295135679e-02,-3.751921144487837978e+00
2.064999999999999947e+00,5.001734269915114055e+02,4.094414302535944330e+02,-6.000107057913382780e-02,-1.090466485295135679e-02,-3.759938864119622970e+00
2.067499999999999893e+00,5.011972979371313954e+02,4.099125862242203766e+02,-6.444347073241513124e-02,-1.090466485295135679e-02,-3.768598000559646000e+00
2.069999999999999840e+00,5.022223469282562860e+02,4.103840164320030226e+02,-6.889514312708200361e-02,-1.090466485295135679e-02,-3.777899977411886212e+00
2.072499999999999787e+00,5.032485746504481199e+02,4.108557190822043026e+02,-7.335591268215795047e-02,-1.090466485295135679e-02,-3.787846220715984646e+00
2.074999999999999734e+00,5.042759817828394375e+02,4.113276923824152504e+02,-7.782602903899495106e-02,-1.090466485295135679e-02,-3.798438159722861140e+00
2.077499999999999680e+00,5.053045690021253336e+02,4.117999364597443446e+02,-8.230535287073319217e-02,-1.090466485295135679e-02,-3.809677225908667531e+00
2.080000000000000071e+00,5.063343369853236027e+02,4.122724514499676616e+02,-8.679415852972956202e-02,-1.090466485295135679e-02,-3.821564852707188376e+00
2.082500000000000018e+00,5.073652864099182693e+02,4.127452394610791657e+02,-9.129240932899658489e-02,-1.090466485295135679e-02,-3.834102477228956918e+00
2.084999999999999964e+00,5.083974179606296957e+02,4.132183025049585012e+02,-9.580022655573772195e-02,-1.090466485295135679e-02,-3.847291536580740523e+00
2.087499999999999911e+00,5.094307323249033743e+02,4.136916405096242215e+02,-1.003176845352020813e-01,-1.090466485295135679e-02,-3.861133471571505549e+00
2.089999999999999858e+00,5.104652301902720524e+02,4.141652536230481587e+02,-3.065822989664102050e-02,-1.090466485295135679e-02,-3.876699059781519185e+00
2.092499999999999805e+00,5.115009122446176661e+02,4.146391422631286900e+02,-3.519507862206839449e-02,-1.090466485295135679e-02,-3.881221977662332456e+00
2.094999999999999751e+00,5.125377791771413740e+02,4.151133068696368014e+02,-3.974180028211406202e-02,-1.090466485295135679e-02,-3.886402100205585519e+00
2.097499999999999698e+00,5.135758316778570816e+02,4.155877476163722690e+02,-4.429850226654909184e-02,-1.090466485295135679e-02,-3.892240876406747319e+00
2.100000000000000089e+00,5.146150704372150813e+02,4.160624646796661068e+02,-4.886526918892744598e-02,-1.090466485295135679e-02,-3.898739756120620292e+00
2.102500000000000036e+00,5.156554961461168887e+02,4.165374583964089084e+02,-5.344205920769839330e-02,-1.090466485295135679e-02,-3.905900191671651367e+00
2.104999999999999982e+00,5.166971094964678741e+02,4.170127291037130135e+02,-5.802914456841606894e-02,-1.090466485295135679e-02,-3.913723638033436369e+00
2.107499999999999929e+00,5.177399111808455245e+02,4.174882769789478516e+02,-6.262661164471729214e-02,-1.090466485295135679e-02,-3.922211548760706545e+00
2.109999999999999876e+00,5.187839018922693413e+02,4.179641021977213313e+02,-6.723415031220990323e-02,-1.090466485295135679e-02,-3.931365382078764181e+00
2.112499999999999822e+00,5.198290823240695318e+02,4.184402028934312057e+02,-7.185226261108741685e-02,-1.090466485295135679e-02,-3.941186594834221069e+00
2.114999999999999769e+00,5.208754531628482027e+02,4.189165771958179221e+02,-7.648086438577644808e-02,-1.090466485295135679e-02,-3.951676646633974332e+00
2.117499999999999716e+00,5.219230150927157865e+02,4.193932252679120438e+02,-8.112015699895057386e-02,-1.090466485295135679e-02,-3.962836998798189292e+00
2.120000000000000107e+00,5.229717687981875542e+02,4.198701470805295344e+02,-8.576997291589479044e-02,-1.090466485295135679e-02,-3.974669113422062861e+00
2.122500000000000053e+00,5.240217149633178906e+02,4.203473445553742636e+02,-9.043077662933464433e-02,-1.090466485295135679e-02,-3.987174453155761356e+00
2.125000000000000000e+00,5.250728542798425451e+02,4.208248200192629724e+02,-9.510251930505639328e-02,-1.090466485295135679e-02,-4.000354483233266478e+00
2.127499999999999947e+00,5.261251874428120345e+02,4.213025735622917409e+02,-9.978505915664728776e-02,-1.090466485295135679e-02,-4.014210668589664799e+00
2.129999999999999893e+00,5.271787151474974280e+02,4.217806053094983554e+02,-3.275650238819882709e-02,-1.090466485295135679e-02,-4.029767061073447287e+00
2.132499999999999840e+00,5.282334380894807282e+02,4.222589154382733341e+02,-3.746120583908720686e-02,-1.090466485295135679e-02,-4.034703850081776011e+00
2.134999999999999787e+00,5.292893569648455241e+02,4.227375041168536995e+02,-4.217709251931188452e-02,-1.090466485295135679e-02,-4.040321194386938153e+00
2.137499999999999734e+00,5.303464724700230590e+02,4.232163714412575359e+02,-4.690428415094419906e-02,-1.090466485295135679e-02,-4.046620564378931029e+00
2.140000000000000124e+00,5.314047853016788849e+02,4.236955174958227985e+02,-5.164309400617345808e-02,-1.090466485295135679e-02,-4.053603431314965810e+00
2.142500000000000071e+00,5.324642961567345765e+02,4.241749431840888747e+02,-5.639314349069205617e-02,-1.090466485295135679e-02,-4.061271267800328211e+00
2.145000000000000018e+00,5.335250057352030808e+02,4.246546493980551418e+02,-6.115476093057234386e-02,-1.090466485295135679e-02,-4.069625547636365859e+00
2.147499999999999964e+00,5.345869147384297548e+02,4.251346361871177919e+02,-6.592782612291205047e-02,-1.090466485295135679e-02,-4.078667745880050433e+00
2.149999999999999911e+00,5.356500238678768255e+02,4.256149035883383931e+02,-7.071267588970883700e-02,-1.090466485295135679e-02,-4.088399338021238449e+00
2.152499999999999858e+00,5.367143338249486533e+02,4.260954493426217482e+02,-7.550941542884143098e-02,-1.090466485295135679e-02,-4.098821802614084575e+00
2.154999999999999805e+00,5.377798453030713972e+02,4.265762708744411498e+02,-8.031785381619535591e-02,-1.090466485295135679e-02,-4.109936617673144887e+00
2.157499999999999751e+00,5.388465589908885249e+02,4.270573674373769677e+02,-8.513841974951019687e-02,-1.090466485295135679e-02,-4.121745262399444165e+00
2.160000000000000142e+00,5.399144755761097940e+02,4.275387389296232641e+02,-8.997086720201369348e-02,-1.090466485295135679e-02,-4.134249216173619068e+00
2.162500000000000089e+00,5.409835957462073566e+02,4.280203878812606604e+02,-9.481519448183529930e-02,-1.090466485295135679e-02,-4.147449964143842038e+00
2.165000000000000036e+00,5.420539201976272352e+02,4.285023168779762273e+02,-9.967158415972823815e-02,-1.090466485295135679e-02,-4.161348987592814019e+00
2.167499999999999982e+00,5.431254496304550230e+02,4.289845258670210910e+02,-3.533343709692739198e-02,-1.090466485295135679e-02,-4.176923232380778117e+00
2.169999999999999929e+00,5.441981847446384108e+02,4.294670147845602060e+02,-4.021422515389756064e-02,-1.090466485295135679e-02,-4.182307563156315133e+00
2.172499999999999876e+00,5.452721262399646776e+02,4.299497836440159517e+02,-4.510761450834598757e-02,-1.090466485295135679e-02,-4.188394637926799113e+00
2.174999999999999822e+00,5.463472748163374035e+02,4.304328324502878900e+02,-5.001326489735598291e-02,-1.090466485295135679e-02,-4.195185950455360135e+00
2.177499999999999769e+00,5.474236311735739946e+02,4.309161611120425164e+02,-5.493111145434545484e-02,-1.090466485295135679e-02,-4.202682994126836213e+00
2.180000000000000160e+00,5.485011960112591396e+02,4.313997695296926622e+02,-5.986137280985746878e-02,-1.090466485295135679e-02,-4.210887266400862750e+00
2.182500000000000107e+00,5.495799700287626592e+02,4.318836582223795517e+02,-6.480420864434861816e-02,-1.090466485295135679e-02,-4.219800264982473514e+00
2.185000000000000053e+00,5.506599539273806840e+02,4.323678277031090147e+02,-6.975971110221798610e-02,-1.090466485295135679e-02,-4.229423495903809282e+00
2.187500000000000000e+00,5.517411484090184786e+02,4.328522778540502145e+02,-7.472778008295911933e-02,-1.090466485295135679e-02,-4.239758460625706604e+00
2.189999999999999947e+00,5.528235541751078017e+02,4.333370080362315662e+02,-7.970853453979355463e-02,-1.090466485295135679e-02,-4.250806663334635083e+00
2.192499999999999893e+00,5.539071719245573604e+02,4.338220146055148803e+02,-8.470189514506459849e-02,-1.090466485295135679e-02,-4.262569616477569490e+00
2.194999999999999840e+00,5.549920023457925708e+02,4.343072949449821181e+02,-8.970776578131922641e-02,-1.090466485295135679e-02,-4.275048833728273934e+00
2.197499999999999787e+00,5.560780461231607887e+02,4.347928488445380140e+02,-9.472628056122345264e-02,-1.090466485295135679e-02,-4.288245821592337137e+00
2.200000000000000178e+00,5.571653039404832271e+02,4.352786761650684184e+02,-9.975763608555932027e-02,-1.090466485295135679e-02,-4.302162097429100385e+00
2.202500000000000124e+00,5.582537764813893091e+02,4.357647792626320893e+02,-3.836497236624954871e-02,-1.090466485295135679e-02,-4.317724489018372580e+00
2.205000000000000071e+00,5.593434644379191241e+02,4.362511604959686338e+02,-4.342218663559319763e-02,-1.090466485295135679e-02,-4.323565070980630587e+00
2.207500000000000018e+00,5.604343685053379431e+02,4.367378197359844876e+02,-4.849201265007352379e-02,-1.090466485295135679e-02,-4.330129538074712237e+00
2.209999999999999964e+00,5.615264893785910090e+02,4.372247568593327287e+02,-5.357487429822292008e-02,-1.090466485295135679e-02,-4.337419418316742714e+00
2.212499999999999911e+00,5.626198277523176330e+02,4.377119717449795644e+02,-5.867037369957051746e-02,-1.090466485295135679e-02,-4.345436247009347497e+00
2.214999999999999858e+00,5.637143843208559701e+02,4.381994642799209601e+02,-6.377869730224942912e-02,-1.090466485295135679e-02,-4.354181561518795540e+00
2.217499999999999805e+00,5.648101597782704175e+02,4.386872343644760690e+02,-6.889986591393772175e-02,-1.090466485295135679e-02,-4.363656903359640182e+00
2.220000000000000195e+00,5.659071548183818550e+02,4.391752819091444735e+02,-7.403412164320608002e-02,-1.090466485295135679e-02,-4.373863817412130039e+00
2.222500000000000142e+00,5.670053701348239201e+02,4.396636073409385403e+02,-7.918092547024740968e-02,-1.090466485295135679e-02,-4.384803868968546681e+00
2.225000000000000089e+00,5.681048064224974041e+02,4.401522105408266725e+02,-8.434060078700059138e-02,-1.090466485295135679e-02,-4.396478607242403136e+00
2.227500000000000036e+00,5.692054643754786412e+02,4.406410910423769565e+02,-8.951284108895905811e-02,-1.090466485295135679e-02,-4.408889584705666387e+00
2.229999999999999982e+00,5.703073446870378120e+02,4.411302487639694050e+02,-9.469805920409703204e-02,-1.090466485295135679e-02,-4.422038363731481958e+00
2.232499999999999929e+00,5.714104480500494674e+02,4.416196811716552588e+02,-9.989590084911416368e-02,-1.090466485295135679e-02,-4.435926513020614692e+00
2.234999999999999876e+00,5.725147751485518484e+02,4.421093857662090727e+02,-4.171978886820056770e-02,-1.090466485295135679e-02,-4.451427685107117505e+00
2.237499999999999822e+00,5.736203266630081998e+02,4.425993625476186253e+02,-4.694309983788778895e-02,-1.090466485295135679e-02,-4.457717554487159006e+00
2.240000000000000213e+00,5.747271032738912027e+02,4.430896115329795748e+02,-5.217914571236165894e-02,-1.090466485295135679e-02,-4.464751525195305604e+00
2.242500000000000160e+00,5.758351056618909070e+02,4.435801354038364934e+02,-5.742762192775054814e-02,-1.090466485295135679e-02,-4.472531196579267565e+00
2.245000000000000107e+00,5.769443345170856219e+02,4.440709368598359674e+02,-6.268877947283693630e-02,-1.090466485295135679e-02,-4.481058148953373177e+00
2.247500000000000053e+00,5.780547905334743746e+02,4.445620159716449393e+02,-6.796233753361306806e-02,-1.090466485295135679e-02,-4.490333973452638183e+00
2.250000000000000000e+00,5.791664744052419564e+02,4.450533728275284489e+02,-7.324836401923646989e-02,-1.090466485295135679e-02,-4.500360253718925563e+00
2.252499999999999947e+00,5.802793868267985999e+02,4.455450074360074382e+02,-7.854688033645097767e-02,-1.090466485295135679e-02,-4.511138598206716921e+00
2.254999999999999893e+00,5.813935284924867801e+02,4.460369198229610674e+02,-8.385778296561857692e-02,-1.090466485295135679e-02,-4.522670612758064479e+00
2.257499999999999840e+00,5.825089000968297341e+02,4.465291101239186560e+02,-8.918103543351735274e-02,-1.090466485295135679e-02,-4.534957900233341554e+00
2.259999999999999787e+00,5.836255023346773214e+02,4.470215784789382383e+02,-9.451655581044333954e-02,-1.090466485295135679e-02,-4.548002069581065676e+00
2.262499999999999734e+00,5.847433359012826486e+02,4.475143253998816135e+02,-9.986426205678168577e-02,-1.090466485295135679e-02,-4.561804732437565235e+00
2.264999999999999680e+00,5.858624014935315927e+02,4.480073514169780537e+02,-4.515103153575602407e-02,-1.090466485295135679e-02,-4.577183830087435901e+00
2.267499999999999627e+00,5.869826998092764825e+02,4.485006567334128249e+02,-5.052305547114462059e-02,-1.090466485295135679e-02,-4.583901391497691158e+00
2.270000000000000018e+00,5.881042315468860124e+02,4.489942415670519154e+02,-5.590698800376402156e-02,-1.090466485295135679e-02,-4.591382301153731582e+00
2.272499999999999964e+00,5.892269974051428107e+02,4.494881039524211133e+02,-6.130302975857866710e-02,-1.090466485295135679e-02,-4.599628192821362482e+00
2.274999999999999911e+00,5.903509980757054336e+02,4.499822419354325689e+02,-6.671081638180002826e-02,-1.090466485295135679e-02,-4.608640699512697836e+00
2.277499999999999858e+00,5.914762342477083621e+02,4.504766557692842639e+02,-7.213048413159049710e-02,-1.090466485295135679e-02,-4.618421445507342682e+00
2.279999999999999805e+00,5.926027066109254520e+02,4.509713457165801742e+02,-7.756187089514723909e-02,-1.090466485295135679e-02,-4.628972053287789379e+00
2.282499999999999751e+00,5.937304158559431926e+02,4.514663144599697375e+02,-8.300495721655830328e-02,-1.090466485295135679e-02,-4.640294159658013839e+00
2.284999999999999698e+00,5.948593626824946341e+02,4.519615646908174540e+02,-8.845972940767192483e-02,-1.090466485295135679e-02,-4.652389398199083814e+00
2.287499999999999645e+00,5.959895477944600088e+02,4.524570966954144637e+02,-9.392594681106275489e-02,-1.090466485295135679e-02,-4.665259412173127451e+00
2.290000000000000036e+00,5.971209718964374815e+02,4.529529107649109960e+02,-9.940357873890144635e-02,-1.090466485295135679e-02,-4.678905835911068678e+00
2.292499999999999982e+00,5.982536356937467872e+02,4.534490071172584749e+02,-1.107427912638004053e-01,-1.090466485295135679e-02,-4.691123530936340380e+00
2.294999999999999929e+00,5.993875398921782107e+02,4.539453859645064426e+02,-4.920771467660675635e-02,-1.090466485295135679e-02,-4.708005850904721790e+00
2.297499999999999876e+00,6.005226851981381060e+02,4.544420476024765776e+02,-5.471930422720133746e-02,-1.090466485295135679e-02,-4.715225113988448236e+00
2.299999999999999822e+00,6.016590723187708818e+02,4.549389923241890870e+02,-6.024227619992805066e-02,-1.090466485295135679e-02,-4.723227373036942289e+00
2.302499999999999769e+00,6.027967019464225586e+02,4.554359719252315131e+02,-6.577629183067984497e-02,-1.090466485295135679e-02,-4.732014286143758852e+00
2.304999999999999716e+00,6.039355739018734539e+02,4.559327381050300119e+02,-7.132096920704741883e-02,-1.090466485295135679e-02,-4.741587494852175233e+00
2.307499999999999662e+00,6.050756876516481952e+02,4.564292909977472164e+02,-7.687666714931841450e-02,-1.090466485295135679e-02,-4.751948643099968450e+00
2.310000000000000053e+00,6.062170426626031485e+02,4.569256307295998454e+02,-8.244305462807299811e-02,-1.090466485295135679e-02,-4.763099366285682201e+00
2.312500000000000000e+00,6.073596383537944803e+02,4.574209875969953032e+02,-8.802004474193618477e-02,-1.090466485295135679e-02,-4.775041309302986647e+00
2.314999999999999947e+00,6.085034714422761226e+02,4.579145916077366110e+02,-9.360781398718989732e-02,-1.090466485295135679e-02,-4.787776122530856604e+00
2.317499999999999893e+00,6.096485375457124292e+02,4.584064424141573113e+02,-9.920589705355416232e-02,-1.090466485295135679e-02,-4.801305427344217058e+00
2.319999999999999840e+00,6.107948322808919102e+02,4.588965396556087626e+02,-1.104683166099053732e-01,-1.090466485295135679e-02,-4.813565618373814026e+00
2.322499999999999787e+00,6.119423512714178059e+02,4.593850065702363281e+02,-5.330976246261975859e-02,-1.090466485295135679e-02,-4.830275431036864298e+00
2.324999999999999734e+00,6.130910905738683141e+02,4.598719664281504720e+02,-5.893808728418129667e-02,-1.090466485295135679e-02,-4.838013835638090399e+00
2.327499999999999680e+00,6.142410464204070877e+02,4.603574188914524257e+02,-6.457646864621106875e-02,-1.090466485295135679e-02,-4.846553184978908746e+00
2.330000000000000071e+00,6.153922150423587709e+02,4.608413636146474914e+02,-7.022486069670565156e-02,-1.090466485295135679e-02,-4.855895087090685180e+00
2.332500000000000018e+00,6.165445925902475892e+02,4.613225213668180231e+02,-7.588273107457622901e-02,-1.090466485295135679e-02,-4.866041129049252234e+00
2.334999999999999964e+00,6.176981707245023472e+02,4.617996124773252404e+02,-8.155018126881194429e-02,-1.090466485295135679e-02,-4.876992901932005076e+00
2.337499999999999911e+00,6.188529392779164482e+02,4.622726358752726128e+02,-8.722689482553627749e-02,-1.090466485295135679e-02,-4.888751966915561908e+00
2.339999999999999858e+00,6.200088880805951703e+02,4.627415904709445158e+02,-9.291269710014006533e-02,-1.090466485295135679e-02,-4.901319873633887880e+00
2.342499999999999805e+00,6.211660070420069815e+02,4.632077887954651487e+02,-9.860763871107647294e-02,-1.090466485295135679e-02,-4.914698149651315795e+00
2.344999999999999751e+00,6.223242906800799119e+02,4.636725438189089914e+02,-5.859652913993430856e-02,-1.090466485295135679e-02,-4.929536780015843611e+00
2.347499999999999698e+00,6.234837353863285898e+02,4.641358551232172545e+02,-6.430933009753522778e-02,-1.090466485295135679e-02,-4.937990730746212975e+00
2.350000000000000089e+00,6.246443375512122884e+02,4.645977222705471377e+02,-7.003087484664609341e-02,-1.090466485295135679e-02,-4.947259644855794392e+00
2.352500000000000036e+00,6.258060934567382674e+02,4.650564272589834331e+02,-7.576112436833599972e-02,-1.090466485295135679e-02,-4.957345037253407583e+00
2.354999999999999982e+00,6.269689933547268765e+02,4.655102515497301852e+02,-8.149982731517063650e-02,-1.090466485295135679e-02,-4.968248396454506555e+00
2.357499999999999929e+00,6.281330250426877910e+02,4.659591938213365552e+02,-8.724679562310977410e-02,-1.090466485295135679e-02,-4.979971212992861496e+00
2.359999999999999876e+00,6.292981763148195569e+02,4.664032527371950323e+02,-9.300188128302860902e-02,-1.090466485295135679e-02,-4.992514950068017043e+00
2.362499999999999822e+00,6.304644350960001020e+02,4.668445715495923878e+02,-9.876501547644606083e-02,-1.090466485295135679e-02,-5.005881057393186673e+00
2.364999999999999769e+00,6.316317968358628150e+02,4.672852941701135592e+02,-6.095017719658530481e-02,-1.090466485295135679e-02,-5.020683200684443293e+00
2.367499999999999716e+00,6.328002600437557703e+02,4.677254202878372666e+02,-6.672945310826471077e-02,-1.090466485295135679e-02,-5.029453679356173268e+00
2.370000000000000107e+00,6.339698232282426034e+02,4.681649495803047216e+02,-7.251662588289034539e-02,-1.090466485295135679e-02,-5.039050858490313978e+00
2.372500000000000053e+00,6.351404846315349459e+02,4.685996332597815126e+02,-7.831162280415139565e-02,-1.090466485295135679e-02,-5.049476165902293090e+00
2.375000000000000000e+00,6.363122275818714115e+02,4.690252213949680709e+02,-8.411423294230219172e-02,-1.090466485295135679e-02,-5.060731021851669453e+00
2.377499999999999947e+00,6.374850293391534706e+02,4.694417118004820964e+02,-8.992423196112510342e-02,-1.090466485295135679e-02,-5.072816800691033912e+00
2.379999999999999893e+00,6.386588671578170988e+02,4.698491022873278666e+02,-9.574116359294355949e-02,-1.090466485295135679e-02,-5.085734844707903157e+00
2.382499999999999840e+00,6.398337185566412018e+02,4.702517075915815781e+02,-1.015650769141470677e-01,-1.090466485295135679e-02,-5.099486480613458106e+00
2.384999999999999787e+00,6.410095762024194528e+02,4.706538436128113858e+02,-6.113777250501549465e-02,-1.090466485295135679e-02,-5.114667246690665081e+00
2.387499999999999734e+00,6.421864389217699909e+02,4.710555100423231920e+02,-6.697577186659488258e-02,-1.090466485295135679e-02,-5.123462458776763206e+00
2.390000000000000124e+00,6.433643055405376572e+02,4.714567065691707057e+02,-7.282071539262745252e-02,-1.090466485295135679e-02,-5.133095200163075411e+00
2.392500000000000071e+00,6.445431748871234277e+02,4.718574862373861833e+02,-7.867279654675464473e-02,-1.090466485295135679e-02,-5.143566791872095756e+00
2.395000000000000018e+00,6.457230459764423358e+02,4.722579021060750506e+02,-8.453186120678482518e-02,-1.090466485295135679e-02,-5.154878546987965215e+00
2.397499999999999964e+00,6.469039178988325602e+02,4.726579538901431192e+02,-9.039803790870298839e-02,-1.090466485295135679e-02,-5.167031773849246612e+00
2.399999999999999911e+00,6.480857897438918371e+02,4.730576414558576062e+02,-9.627125207758351066e-02,-1.090466485295135679e-02,-5.180027790986509117e+00
2.402499999999999858e+00,6.492686606015145117e+02,4.734569387779814633e+02,-1.021516948803657676e-01,-1.090466485295135679e-02,-5.193867918146819029e+00
2.404999999999999805e+00,6.504525294652383991e+02,4.738558175903401661e+02,-6.375449259164336913e-02,-1.090466485295135679e-02,-5.209117322757032653e+00
2.407499999999999751e+00,6.516373952886377765e+02,4.742542780979849226e+02,-6.964926968116903760e-02,-1.090466485295135679e-02,-5.218304777048371257e+00
2.410000000000000142e+00,6.528232570258093119e+02,4.746523200955208495e+02,-7.555145372608491894e-02,-1.090466485295135679e-02,-5.228340281421961500e+00
2.412500000000000089e+00,6.540101136327397171e+02,4.750499817276829617e+02,-8.146084709666999435e-02,-1.090466485295135679e-02,-5.239225155951759305e+00
2.415000000000000036e+00,6.551979641995586690e+02,4.754473011601263579e+02,-8.737771882016323599e-02,-1.090466485295135679e-02,-5.250960719102287122e+00
2.417499999999999982e+00,6.563868078706519782e+02,4.758442781959495846e+02,-9.330198313873161453e-02,-1.090466485295135679e-02,-5.263548296011199668e+00
2.419999999999999929e+00,6.575766437899205812e+02,4.762409126505777408e+02,-9.923366152875158497e-02,-1.090466485295135679e-02,-5.276989203529278250e+00
2.422499999999999876e+00,6.587674711022895053e+02,4.766372280144400975e+02,-1.100502932137547435e-01,-1.090466485295135679e-02,-5.289688608641666789e+00
2.424999999999999822e+00,6.599592890353227403e+02,4.770332477980620070e+02,-6.750587953340285441e-02,-1.090466485295135679e-02,-5.306110818913749583e+00
2.427499999999999769e+00,6.611520968499904711e+02,4.774289718683775732e+02,-7.346039854872292441e-02,-1.090466485295135679e-02,-5.315870923183978469e+00
2.430000000000000160e+00,6.623458938069388751e+02,4.778244001065618249e+02,-7.942296435536963517e-02,-1.090466485295135679e-02,-5.326489639947831201e+00
2.432500000000000107e+00,6.635406791657609347e+02,4.782195201909539151e+02,-8.539338396936038689e-02,-1.090466485295135679e-02,-5.337968297059769718e+00
2.435000000000000053e+00,6.647364521429113893e+02,4.786143198110355002e+02,-9.137162170973725517e-02,-1.090466485295135679e-02,-5.350308211284762194e+00
2.437500000000000000e+00,6.659332119371796352e+02,4.790087988850766010e+02,-9.735802310208037380e-02,-1.090466485295135679e-02,-5.363510712521460277e+00
2.439999999999999947e+00,6.671309577471591865e+02,4.794029573456223829e+02,-8.067827273094149709e-02,-1.090466485295135679e-02,-5.377847849803958802e+00
2.442499999999999893e+00,6.683296887727941566e+02,4.797968193216008785e+02,-8.668082190600573389e-02,-1.090466485295135679e-02,-5.389530869982472439e+00
2.444999999999999840e+00,6.695294042987828789e+02,4.801904089545392935e+02,-9.269164226781979876e-02,-1.090466485295135679e-02,-5.402080450283729185e+00
2.447499999999999787e+00,6.707301036442532904e+02,4.805837262214299699e+02,-9.871091803855755464e-02,-1.090466485295135679e-02,-5.415497918935371580e+00
2.450000000000000178e+00,6.719317861282825106e+02,4.809767711118762463e+02,-1.093499555531847883e-01,-1.090466485295135679e-02,-5.428315944590527131e+00
2.452500000000000124e+00,6.731344510685927389e+02,4.813695222765521180e+02,-7.082582719472760302e-02,-1.090466485295135679e-02,-5.444652544241392000e+00
2.455000000000000071e+00,6.743380977079699505e+02,4.817619583704836259e+02,-7.687082797991295902e-02,-1.090466485295135679e-02,-5.454957888137492716e+00
2.457500000000000018e+00,6.755427252587404610e+02,4.821540794034584110e+02,-8.292460678243307459e-02,-1.090466485295135679e-02,-5.466136418261007712e+00
2.459999999999999964e+00,6.767483329332604853e+02,4.825458853930844043e+02,-8.898724415478784233e-02,-1.090466485295135679e-02,-5.478189461937496674e+00
2.462499999999999911e+00,6.779549199446473722e+02,4.829373877848141206e+02,-9.505888612989907283e-02,-1.090466485295135679e-02,-5.491118343758921938e+00
2.464999999999999858e+00,6.791624855461742527e+02,4.833285980314909125e+02,-1.011398055613609431e-01,-1.090466485295135679e-02,-5.504924387236898475e+00
2.467499999999999805e+00,6.803710290074980094e+02,4.837195161695203183e+02,-7.046375985934907882e-02,-1.090466485295135679e-02,-5.520063384113138127e+00
2.470000000000000195e+00,6.815805495983685205e+02,4.841101422370614387e+02,-7.656328535327998341e-02,-1.090466485295135679e-02,-5.530360041788886072e+00
2.472500000000000142e+00,6.827910465911604661e+02,4.845005167331740381e+02,-8.267225457813293099e-02,-1.090466485295135679e-02,-5.541537820560210825e+00
2.475000000000000089e+00,6.840025194003713978e+02,4.848906801681762317e+02,-8.879048745661287378e-02,-1.090466485295135679e-02,-5.553598044495704933e+00
2.477500000000000036e+00,6.852149674983804744e+02,4.852806325973579646e+02,-9.491827758561006967e-02,-1.090466485295135679e-02,-5.566542032768099446e+00
2.479999999999999982e+00,6.864283903577036199e+02,4.856703740724880731e+02,-1.010560350190939094e-01,-1.090466485295135679e-02,-5.580371103601510008e+00
2.482499999999999929e+00,6.876427874516084557e+02,4.860599146399089818e+02,-7.225875992933919467e-02,-1.090466485295135679e-02,-5.595515365686381415e+00
2.484999999999999876e+00,6.888581582885789203e+02,4.864492643411750805e+02,-7.841604288417573787e-02,-1.090466485295135679e-02,-5.606111849489108678e+00
2.487499999999999822e+00,6.900745023914644207e+02,4.868384232103250042e+02,-8.458341964355170495e-02,-1.090466485295135679e-02,-5.617597365250160735e+00
2.490000000000000213e+00,6.912918192832078148e+02,4.872273912796512150e+02,-9.076088218858971435e-02,-1.090466485295135679e-02,-5.629973228126635476e+00
2.492500000000000160e+00,6.925101084872557067e+02,4.876161754352351068e+02,-9.694847126110159308e-02,-1.090466485295135679e-02,-5.643240748600241830e+00
2.495000000000000107e+00,6.937293695511950773e+02,4.880047825577410094e+02,-8.835634173010790959e-02,-1.090466485295135679e-02,-5.658155828379557661e+00
2.497500000000000053e+00,6.949496020324530718e+02,4.883932126601029040e+02,-9.456462466687673429e-02,-1.090466485295135679e-02,-5.671091545735704287e+00
2.500000000000000000e+00,6.961708054884836656e+02,4.887814657448842013e+02,-1.007833545931477448e-01,-1.090466485295135679e-02,-5.684922859700540343e+00
2.502499999999999947e+00,6.973929794767892645e+02,4.891695425713458576e+02,-7.462846507123234441e-02,-1.090466485295135679e-02,-5.700044489158727856e+00
2.504999999999999893e+00,6.986161235575384580e+02,4.895574438873465510e+02,-8.086836071497920109e-02,-1.090466485295135679e-02,-5.711031091084124434e+00
2.507499999999999840e+00,6.998402372919408663e+02,4.899451696625674231e+02,-8.711906786812972925e-02,-1.090466485295135679e-02,-5.722917212909079510e+00
2.509999999999999787e+00,7.010653202411241409e+02,4.903327198562846547e+02,-9.338030158750587617e-02,-1.090466485295135679e-02,-5.735704167353341987e+00
2.512499999999999734e+00,7.022913719645933952e+02,4.907200701896236410e+02,-9.965240394529024937e-02,-1.090466485295135679e-02,-5.749393258416451324e+00
2.514999999999999680e+00,7.035183919366756982e+02,4.911071963663263773e+02,-7.548343695599459002e-02,-1.090466485295135679e-02,-5.764353266685214194e+00
2.517499999999999627e+00,7.047463795969343892e+02,4.914940983022817136e+02,-8.177764112734318969e-02,-1.090466485295135679e-02,-5.775487531378315609e+00
2.520000000000000018e+00,7.059753343847170299e+02,4.918807759027994848e+02,-8.808243745879845710e-02,-1.090466485295135679e-02,-5.787527854623588652e+00
2.522499999999999964e+00,7.072052557395313670e+02,4.922672355285408230e+02,-9.439836484634242519e-02,-1.090466485295135679e-02,-5.800475538726981739e+00
2.524999999999999911e+00,7.084361431233140820e+02,4.926534835312290852e+02,-1.007254670682850434e-01,-1.090466485295135679e-02,-5.814331881105007760e+00
2.527499999999999858e+00,7.096679960069409390e+02,4.930395197874670998e+02,-7.793564275494034577e-02,-1.090466485295135679e-02,-5.829447565579233270e+00
2.529999999999999805e+00,7.109008138609679008e+02,4.934253441607715445e+02,-8.428525625961184875e-02,-1.090466485295135679e-02,-5.840951779234645258e+00
2.532499999999999751e+00,7.121345961570033296e+02,4.938109787908493331e+02,-9.064599702905618006e-02,-1.090466485295135679e-02,-5.853368574847017669e+00
2.534999999999999698e+00,7.133693424445101527e+02,4.941964458170900230e+02,-9.701807787960257945e-02,-1.090466485295135679e-02,-5.866699251330730114e+00
2.537499999999999645e+00,7.146050523043992371e+02,4.945817450970370714e+02,-1.069390189762875615e-01,-1.090466485295135679e-02,-5.879909939584963219e+00
2.540000000000000036e+00,7.158417253172225401e+02,4.949668764835842012e+02,-1.016001497518729951e-01,-1.090466485295135679e-02,-5.894245227247137286e+00
2.542499999999999982e+00,7.170793610626254804e+02,4.953518312495946248e+02,-8.067678632204147715e-02,-1.090466485295135679e-02,-5.909476472606304931e+00
2.544999999999999929e+00,7.183179590897710796e+02,4.957366006637886358e+02,-8.709394566098380142e-02,-1.090466485295135679e-02,-5.921385872424408170e+00
2.547499999999999876e+00,7.195575189351902736e+02,4.961211845684248374e+02,-9.352235638189795863e-02,-1.090466485295135679e-02,-5.934215682785866974e+00
2.549999999999999822e+00,7.207980401350191642e+02,4.965055828052093148e+02,-9.996228646421077835e-02,-1.090466485295135679e-02,-5.947967214582333462e+00
2.552499999999999769e+00,7.220395222253571319e+02,4.968898009349616700e+02,-8.088312058361156465e-02,-1.090466485295135679e-02,-5.962943971070719051e+00
2.554999999999999716e+00,7.232819647619809302e+02,4.972738445202238609e+02,-8.734570075462481931e-02,-1.090466485295135679e-02,-5.974884984295544044e+00
2.557499999999999662e+00,7.245253673084429238e+02,4.976577134101410138e+02,-9.381973674640659011e-02,-1.090466485295135679e-02,-5.987751658535372279e+00
2.560000000000000053e+00,7.257697294279211064e+02,4.980414074593089708e+02,-1.003047917516419751e-01,-1.090466485295135679e-02,-6.001545296738548529e+00
2.562500000000000000e+00,7.270150506838045885e+02,4.984249356831345494e+02,-8.259052138985217839e-02,-1.090466485295135679e-02,-6.016552317856588061e+00
2.564999999999999947e+00,7.282613306712747772e+02,4.988083071064141336e+02,-8.909845638108676580e-02,-1.090466485295135679e-02,-6.028735069156084592e+00
2.567499999999999893e+00,7.295085689982591930e+02,4.991915216080666369e+02,-9.561732379817695915e-02,-1.090466485295135679e-02,-6.041848753870091571e+00
2.569999999999999840e+00,7.307567652723882929e+02,4.995745790762760521e+02,-8.920504835757084305e-02,-1.090466485295135679e-02,-6.056049211248717867e+00
2.572499999999999787e+00,7.320059191011451958e+02,4.999574814988254730e+02,-9.574614844399892410e-02,-1.090466485295135679e-02,-6.069174407797368609e+00
2.574999999999999734e+00,7.332560300991082158e+02,5.003402308796197531e+02,-8.974687140535715646e-02,-1.090466485295135679e-02,-6.083384346185011005e+00
2.577499999999999680e+00,7.345070978836267841e+02,5.007228271414311962e+02,-9.631032656568337680e-02,-1.090466485295135679e-02,-6.096582324773724082e+00
2.580000000000000071e+00,7.357591220718642262e+02,5.011052702195528354e+02,-9.353694574335998102e-02,-1.090466485295135679e-02,-6.111206379018717882e+00
2.582500000000000018e+00,7.370121022809656779e+02,5.014875622624384164e+02,-1.001222599934727675e-01,-1.090466485295135679e-02,-6.124941484630353372e+00
2.584999999999999964e+00,7.382660381356788548e+02,5.018697054338742873e+02,-8.578900818306699205e-02,-1.090466485295135679e-02,-6.139860302238117740e+00
2.587499999999999911e+00,7.395209292638091938e+02,5.022516997112468857e+02,-9.239592270987706524e-02,-1.090466485295135679e-02,-6.152478518867403601e+00
2.589999999999999858e+00,7.407767752931135874e+02,5.026335450874020125e+02,-9.901364045215926835e-02,-1.090466485295135679e-02,-6.166039596925006805e+00
2.592499999999999805e+00,7.420335758517026079e+02,5.030152473825776838e+02,-1.083556095057506968e-01,-1.090466485295135679e-02,-6.179788387477110234e+00
2.594999999999999751e+00,7.432913305881183987e+02,5.033968124328390559e+02,-9.776169335323055265e-02,-1.090466485295135679e-02,-6.195079508601622820e+00
2.597499999999999698e+00,7.445500391592674987e+02,5.037782402771472903e+02,-1.070047014027005472e-01,-1.090466485295135679e-02,-6.208677793071210260e+00
2.600000000000000089e+00,7.458097012221613795e+02,5.041595309699100085e+02,-9.727332751924634702e-02,-1.090466485295135679e-02,-6.223792664150622045e+00
2.602500000000000036e+00,7.470703164337012367e+02,5.045406804971669885e+02,-1.064349107895415786e-01,-1.090466485295135679e-02,-6.237343349277402638e+00
2.604999999999999982e+00,7.483318844366378926e+02,5.049216848581302770e+02,-9.744225686255653107e-02,-1.090466485295135679e-02,-6.252389431833039524e+00
2.607499999999999929e+00,7.495944048681056984e+02,5.053025441476704600e+02,-1.065355635593482619e-01,-1.090466485295135679e-02,-6.265981662800380825e+00
2.609999999999999876e+00,7.508578773654830911e+02,5.056832584728742859e+02,-9.818661752989789326e-02,-1.090466485295135679e-02,-6.281051592489885316e+00
2.612499999999999822e+00,7.521223015672514975e+02,5.060638411724114007e+02,-1.073198896202164632e-01,-1.090466485295135679e-02,-6.294749500602552672e+00
2.614999999999999769e+00,7.533876771585963752e+02,5.064443055939197507e+02,-9.892450378583510229e-02,-1.090466485295135679e-02,-6.309916676943061020e+00
2.617499999999999716e+00,7.546540038438935198e+02,5.068246518726096497e+02,-1.081105555077436498e-01,-1.090466485295135679e-02,-6.323706175156649678e+00
2.620000000000000107e+00,7.559212813278729755e+02,5.072048801620906602e+02,-9.964197507812500021e-02,-1.090466485295135679e-02,-6.338973296186003026e+00
2.622500000000000053e+00,7.571895093158035479e+02,5.075849930697132777e+02,-1.088597416506072724e-01,-1.090466485295135679e-02,-6.352851361231335758e+00
2.625000000000000000e+00,7.584586875219492867e+02,5.079649932115806905e+02,-1.003347935758193143e-01,-1.090466485295135679e-02,-6.368212441875782837e+00
2.627499999999999947e+00,7.597288156644945047e+02,5.083448807633061506e+02,-8.988659057476708347e-02,-1.090466485295135679e-02,-6.383032419528539947e+00
2.629999999999999893e+00,7.609998934620647333e+02,5.087246559061360927e+02,-9.666525728308127119e-02,-1.090466485295135679e-02,-6.396154365740935432e+00
2.632499999999999840e+00,7.622719206332027397e+02,5.091043101948305889e+02,-9.612032935059121319e-02,-1.090466485295135679e-02,-6.410630328262402422e+00
2.634999999999999787e+00,7.635448968666210021e+02,5.094838351845497186e+02,-9.325226807457925871e-02,-1.090466485295135679e-02,-6.424749659953971737e+00
2.637499999999999734e+00,7.648188218391770761e+02,5.098632310618468750e+02,-1.000591275966112026e-01,-1.090466485295135679e-02,-6.438337099446965972e+00
2.640000000000000124e+00,7.660936952281953154e+02,5.102424980119678821e+02,-8.978570933595225734e-02,-1.090466485295135679e-02,-6.453088139517348054e+00
2.642500000000000071e+00,7.673695167119058169e+02,5.106216433117406268e+02,-9.661029593273208482e-02,-1.090466485295135679e-02,-6.466167821086184375e+00
2.645000000000000018e+00,7.686462859938951624e+02,5.110006742370637767e+02,-9.376843956337690966e-02,-1.090466485295135679e-02,-6.480335375250682262e+00
2.647499999999999964e+00,7.699240027883303128e+02,5.113795909686251662e+02,-1.006107249959902195e-01,-1.090466485295135679e-02,-6.493974847919467663e+00
2.649999999999999911e+00,7.712026668098278606e+02,5.117583936820226995e+02,-9.034771184489472085e-02,-1.090466485295135679e-02,-6.508783477840382581e+00
2.652499999999999858e+00,7.724822777738286277e+02,5.121370887456965875e+02,-9.720742031211433709e-02,-1.090466485295135679e-02,-6.521922263363452821e+00
2.654999999999999805e+00,7.737628354179502139e+02,5.125156825216719199e+02,-9.676951749697651484e-02,-1.090466485295135679e-02,-6.536425811202546399e+00
2.657499999999999751e+00,7.750443394890653508e+02,5.128941751656390124e+02,-9.400200886129822520e-02,-1.090466485295135679e-02,-6.550589609773570743e+00
2.660000000000000142e+00,7.763267897344253470e+02,5.132725668208917114e+02,-1.008872142479900896e-01,-1.090466485295135679e-02,-6.564236781333637083e+00
2.662500000000000089e+00,7.776101859022178360e+02,5.136508668792153003e+02,-9.070257756087854450e-02,-1.090466485295135679e-02,-6.579059299709378195e+00
2.665000000000000036e+00,7.788945277734530919e+02,5.140290847238277365e+02,-9.760482637899652036e-02,-1.090466485295135679e-02,-6.592224255273348987e+00
2.667499999999999982e+00,7.801798151426673940e+02,5.144072204736989988e+02,-9.721568035439515088e-02,-1.090466485295135679e-02,-6.606760313351903058e+00
2.669999999999999929e+00,7.814660478046877188e+02,5.147852742363072593e+02,-9.687028490575148865e-02,-1.090466485295135679e-02,-6.621234367701690715e+00
2.672499999999999876e+00,7.827532255533701573e+02,5.151632263781876873e+02,-9.419621939044516001e-02,-1.090466485295135679e-02,-6.635384350265275621e+00
2.674999999999999822e+00,7.840413481135485654e+02,5.155410572482210227e+02,-1.011308043195496831e-01,-1.090466485295135679e-02,-6.649032453795480357e+00
2.677499999999999769e+00,7.853304151820823336e+02,5.159187669073274947e+02,-9.104901712493780608e-02,-1.090466485295135679e-02,-6.663863154194132221e+00
2.680000000000000160e+00,7.866204264559739840e+02,5.162963554020357151e+02,-9.799967681823304466e-02,-1.090466485295135679e-02,-6.677052679953543013e+00
2.682500000000000107e+00,7.879113816313115422e+02,5.166738064175884801e+02,-9.767106845066504672e-02,-1.090466485295135679e-02,-6.691620666556509889e+00
2.685000000000000053e+00,7.892032803468759994e+02,5.170511036211668170e+02,-9.738113136701831429e-02,-1.090466485295135679e-02,-6.706136632258844266e+00
2.687500000000000000e+00,7.904961222181391349e+02,5.174282470102674552e+02,-9.712625390522360014e-02,-1.090466485295135679e-02,-6.720606418272814686e+00
2.689999999999999947e+00,7.917899068605584034e+02,5.178052365677807529e+02,-9.454059332906178392e-02,-1.090466485295135679e-02,-6.734767738100529755e+00
2.692499999999999893e+00,7.930846338896333236e+02,5.181820737325098207e+02,-1.015300170977807975e-01,-1.090466485295135679e-02,-6.748441638072074866e+00
2.694999999999999840e+00,7.943803029259365758e+02,5.185587599300502006e+02,-9.153852858430426565e-02,-1.090466485295135679e-02,-6.763306843860207529e+00
2.697499999999999787e+00,7.956769135920212648e+02,5.189352951046236058e+02,-9.854314908592397282e-02,-1.090466485295135679e-02,-6.776545745353961259e+00
2.700000000000000178e+00,7.969744655102947490e+02,5.193116791878587719e+02,-1.079433026196797984e-01,-1.090466485295135679e-02,-6.790153848351617505e+00
2.702500000000000124e+00,7.982729583039580348e+02,5.196879276629847482e+02,-1.002211537992908214e-01,-1.090466485295135679e-02,-6.805265677250506684e+00
2.705000000000000071e+00,7.995723916506361775e+02,5.200640560040372975e+02,-1.096704689503486957e-01,-1.090466485295135679e-02,-6.819101034759264657e+00
2.707500000000000018e+00,8.008727652499431997e+02,5.204400641151868285e+02,-1.017514695592836027e-01,-1.090466485295135679e-02,-6.834450485675998443e+00
2.709999999999999964e+00,8.021740788012466510e+02,5.208159518910950965e+02,-9.184716906113986334e-02,-1.090466485295135679e-02,-6.849336295659667506e+00
2.712499999999999911e+00,8.034763320053087909e+02,5.211917458104676371e+02,-9.889702237738688673e-02,-1.090466485295135679e-02,-6.862610214215959736e+00
2.714999999999999858e+00,8.047795246559480802e+02,5.215674723503877885e+02,-1.083422724775315316e-01,-1.090466485295135679e-02,-6.876261829399790138e+00
2.717499999999999805e+00,8.060836565846507256e+02,5.219431313925813356e+02,-1.006748729861373648e-01,-1.090466485295135679e-02,-6.891424591665210819e+00
2.720000000000000195e+00,8.073887276226040512e+02,5.223187228143332277e+02,-1.101715518347421152e-01,-1.090466485295135679e-02,-6.905319818440518453e+00
2.722500000000000142e+00,8.086947376008172341e+02,5.226942485939119933e+02,-1.022919043115912835e-01,-1.090466485295135679e-02,-6.920737117337914412e+00
2.725000000000000089e+00,8.100016863573698629e+02,5.230697107070499214e+02,-9.241374707022632917e-02,-1.090466485295135679e-02,-6.935698219684083732e+00
2.727500000000000036e+00,8.113095737330228303e+02,5.234451090223442407e+02,-9.950854110298422428e-02,-1.090466485295135679e-02,-6.949052435550592932e+00
2.729999999999999982e+00,8.126183995682060868e+02,5.238204434071598143e+02,-1.090050822218534415e-01,-1.090466485295135679e-02,-6.962790896261683571e+00
2.732499999999999929e+00,8.139281637032179333e+02,5.241957169281392908e+02,-1.013498752456795243e-01,-1.090466485295135679e-02,-6.978049519025661951e+00
2.734999999999999876e+00,8.152388659892558280e+02,5.245709326516607689e+02,-9.169562468564083912e-02,-1.090466485295135679e-02,-6.992876581442522443e+00
2.737499999999999822e+00,8.165505062817509270e+02,5.249460904442036053e+02,-9.882071620941856871e-02,-1.090466485295135679e-02,-7.006132089706603061e+00
2.740000000000000213e+00,8.178630844358009426e+02,5.253211901738583265e+02,-1.083288678747256206e-01,-1.090466485295135679e-02,-7.019782906032842718e+00
2.742500000000000160e+00,8.191766003043758246e+02,5.256962029520700526e+02,-1.008283479802349197e-01,-1.090466485295135679e-02,-7.034954536611127907e+00
2.745000000000000107e+00,8.204910536391747655e+02,5.260710998867796206e+02,-9.132550121818336364e-02,-1.090466485295135679e-02,-7.049712315586183387e+00
2.747500000000000053e+00,8.218064441505085824e+02,5.264458808425489451e+02,-9.848117396191749529e-02,-1.090466485295135679e-02,-7.062922597400666191e+00
2.750000000000000000e+00,8.231227715483572638e+02,5.268205456916858793e+02,-1.080094659162550430e-01,-1.090466485295135679e-02,-7.076536919823847249e+00
2.752499999999999947e+00,8.244400355422349094e+02,5.271950919173925740e+02,-1.006131634589108176e-01,-1.090466485295135679e-02,-7.091674600522267724e+00
2.754999999999999893e+00,8.257582358329468661e+02,5.275695170098387052e+02,-1.102019149416806482e-01,-1.090466485295135679e-02,-7.105587249428225505e+00
2.757499999999999840e+00,8.270773721175975197e+02,5.279438208612756398e+02,-1.025424185764160362e-01,-1.090466485295135679e-02,-7.121036114237299763e+00
2.759999999999999787e+00,8.283974440930247738e+02,5.283180033706389622e+02,-9.285930474758541386e-02,-1.090466485295135679e-02,-7.136058749118869393e+00
2.762499999999999734e+00,8.297184514561381548e+02,5.286920695464680193e+02,-1.000626042890968015e-01,-1.090466485295135679e-02,-7.149506647208146326e+00
2.764999999999999680e+00,8.310403939215256059e+02,5.290660244074449565e+02,-1.096685142106354482e-01,-1.090466485295135679e-02,-7.163358433519546153e+00
2.767499999999999627e+00,8.323632712108565102e+02,5.294398678791711745e+02,-1.021396628393958783e-01,-1.090466485295135679e-02,-7.178748072556917492e+00
2.770000000000000018e+00,8.336870830456189196e+02,5.298135998964588680e+02,-9.258308239483768742e-02,-1.090466485295135679e-02,-7.193726643250162311e+00
2.772499999999999964e+00,8.350118291470639633e+02,5.301872191552618006e+02,-9.981903891310442423e-02,-1.090466485295135679e-02,-7.207150399481879077e+00
2.774999999999999911e+00,8.363375092319278110e+02,5.305607243588904112e+02,-1.094501271730273784e-01,-1.090466485295135679e-02,-7.220985946443479797e+00
2.777499999999999858e+00,8.376641230150474939e+02,5.309341154658483219e+02,-1.020088585807444326e-01,-1.090466485295135679e-02,-7.236362643298115849e+00
2.779999999999999805e+00,8.389916702111597715e+02,5.313073924431511159e+02,-9.253385585008010172e-02,-1.090466485295135679e-02,-7.251339057642403496e+00
2.782499999999999751e+00,8.403201505361676027e+02,5.316805751426629740e+02,-9.980366600365700447e-02,-1.090466485295135679e-02,-7.264773434375066508e+00
2.784999999999999698e+00,8.416495637756864880e+02,5.320536834293625361e+02,-1.094663537859452418e-01,-1.090466485295135679e-02,-7.278626010984926786e+00
2.787499999999999645e+00,8.429799097436836064e+02,5.324267173036859049e+02,-1.020807033180790580e-01,-1.090466485295135679e-02,-7.294024215377560516e+00
2.790000000000000036e+00,8.443111882541301156e+02,5.327996767711260873e+02,-9.265416820982717849e-02,-1.090466485295135679e-02,-7.309029681351497665e+00
2.792499999999999982e+00,8.456433991218517576e+02,5.331725753052216987e+02,-9.995888681115358554e-02,-1.090466485295135679e-02,-7.322500670662528854e+00
2.794999999999999929e+00,8.469765422089684535e+02,5.335454263911479984e+02,-1.096575438244007938e-01,-1.090466485295135679e-02,-7.336395177982120153e+00
2.797499999999999876e+00,8.483106173968755002e+02,5.339182300589610577e+02,-1.023047302650023083e-01,-1.090466485295135679e-02,-7.351840703667174459e+00
2.799999999999999822e+00,8.496456245670470935e+02,5.342909863448213628e+02,-9.290311577324840420e-02,-1.090466485295135679e-02,-7.366898678252188581e+00
2.802499999999999769e+00,8.509815636014900520e+02,5.346637023321510469e+02,-1.002438490128065018e-01,-1.090466485295135679e-02,-7.380425848278016510e+00
2.804999999999999716e+00,8.523184344070382394e+02,5.350363851101996033e+02,-9.120013896966677747e-02,-1.090466485295135679e-02,-7.395194935011148551e+00
2.807499999999999662e+00,8.536562369006960580e+02,5.354090347294800267e+02,-9.855907169538294377e-02,-1.090466485295135679e-02,-7.408488529387975419e+00
2.810000000000000053e+00,8.549949709995962621e+02,5.357816512432310674e+02,-1.082799149493799545e-01,-1.090466485295135679e-02,-7.422223673620318429e+00
2.812500000000000000e+00,8.563346366200991042e+02,5.361542202096457004e+02,-1.011982589295875729e-01,-1.090466485295135679e-02,-7.437509876596948288e+00
2.814999999999999947e+00,8.576752336278174198e+02,5.365267271856901061e+02,-9.206489476479542966e-02,-1.090466485295135679e-02,-7.452438065302650294e+00
2.817499999999999893e+00,8.590167618678043482e+02,5.368991722236307851e+02,-9.946164448052126350e-02,-1.090466485295135679e-02,-7.465876473923740875e+00
2.819999999999999840e+00,8.603592211852447917e+02,5.372715553747017339e+02,-1.092374397978051193e-01,-1.090466485295135679e-02,-7.479757171991898268e+00
2.822499999999999787e+00,8.617026114239840808e+02,5.376438532373529142e+02,-1.020910168986185057e-01,-1.090466485295135679e-02,-7.495198003547230314e+00
2.824999999999999734e+00,8.630469323456724169e+02,5.380160424048731329e+02,-1.027555302195735099e-01,-1.090466485295135679e-02,-7.509290156077320866e+00
2.827499999999999680e+00,8.643921836785947335e+02,5.383881229163049511e+02,-1.033891379191998472e-01,-1.090466485295135679e-02,-7.523477842073888588e+00
2.830000000000000071e+00,8.657383651511323706e+02,5.387600948085035952e+02,-1.062044136175907122e-01,-1.090466485295135679e-02,-7.538014740701691530e+00
2.832500000000000018e+00,8.670854764924723668e+02,5.391319695671417094e+02,-9.951708732239436528e-02,-1.090466485295135679e-02,-7.553054309705134806e+00
2.834999999999999964e+00,8.684335174726326159e+02,5.395037597619680128e+02,-1.093510157182951137e-01,-1.090466485295135679e-02,-7.566973865250683495e+00
2.837499999999999911e+00,8.697824878814146814e+02,5.398754669447756669e+02,-1.022772892248468013e-01,-1.090466485295135679e-02,-7.582460824160032864e+00
2.839999999999999858e+00,8.711323875110838344e+02,5.402470911314552495e+02,-1.030004717403671527e-01,-1.090466485295135679e-02,-7.596608236831267291e+00
2.842499999999999805e+00,8.724832161542144604e+02,5.406186332012184721e+02,-1.058919952790676605e-01,-1.090466485295135679e-02,-7.611115282477334709e+00
2.844999999999999751e+00,8.738349736063559021e+02,5.409900939476273152e+02,-9.930780273261913260e-02,-1.090466485295135679e-02,-7.626134639124585668e+00
2.847499999999999698e+00,8.751876596642098320e+02,5.413614733872441320e+02,-1.091874391816270717e-01,-1.090466485295135679e-02,-7.640048384927912828e+00
2.850000000000000089e+00,8.765412741245178267e+02,5.417327715311638485e+02,-1.021995599831920370e-01,-1.090466485295135679e-02,-7.655534800343955837e+00
2.852500000000000036e+00,8.778958167835079394e+02,5.421039797985575888e+02,-1.029851389180411192e-01,-1.090466485295135679e-02,-7.669693457949719573e+00
2.854999999999999982e+00,8.792512874072791647e+02,5.424750896004778724e+02,-1.059358248344641207e-01,-1.090466485295135679e-02,-7.684219420733945149e+00
2.857499999999999929e+00,8.806076857496641423e+02,5.428461009273282798e+02,-9.941269514616962732e-02,-1.090466485295135679e-02,-7.699265157715055707e+00
2.859999999999999876e+00,8.819650115644675452e+02,5.432170137628623934e+02,-1.093456472262059331e-01,-1.090466485295135679e-02,-7.713213054927500423e+00
2.862499999999999822e+00,8.833232646064760729e+02,5.435878444876295816e+02,-1.024067017259777668e-01,-1.090466485295135679e-02,-7.728740285576600755e+00
2.864999999999999769e+00,8.846824446879927564e+02,5.439586094786029662e+02,-1.032392621720852749e-01,-1.090466485295135679e-02,-7.742945374319753604e+00
2.867499999999999716e+00,8.860425516446690608e+02,5.443293087086267406e+02,-1.062388881157655257e-01,-1.090466485295135679e-02,-7.757523736972968820e+00
2.870000000000000107e+00,8.874035853120857382e+02,5.446999421456656592e+02,-9.974802884387394541e-02,-1.090466485295135679e-02,-7.772628046895098564e+00
2.872500000000000053e+00,8.887655455247337386e+02,5.450704936485335566e+02,-9.117195856187268466e-02,-1.090466485295135679e-02,-7.787441168793199253e+00
2.875000000000000000e+00,8.901284320604808045e+02,5.454409470692809236e+02,-9.880304805383743894e-02,-1.090466485295135679e-02,-7.800845644531666068e+00
2.877499999999999947e+00,8.914922446740938540e+02,5.458113023566287438e+02,-1.087949675852634968e-01,-1.090466485295135679e-02,-7.814730776868548112e+00
2.879999999999999893e+00,8.928569831202057685e+02,5.461815594518961916e+02,-1.020339899807081591e-01,-1.090466485295135679e-02,-7.830200623437314711e+00
2.882499999999999840e+00,8.942226471541654291e+02,5.465517320688820746e+02,-1.029811782827124433e-01,-1.090466485295135679e-02,-7.844373594224828494e+00
2.884999999999999787e+00,8.955892365795178875e+02,5.469218339219956988e+02,-1.060817874534591976e-01,-1.090466485295135679e-02,-7.858932964197328452e+00
2.887499999999999734e+00,8.969567512193209495e+02,5.472918649534848328e+02,-9.972056334364030883e-02,-1.090466485295135679e-02,-7.874030626914366060e+00
2.890000000000000124e+00,8.983251908964878112e+02,5.476618251046521664e+02,-9.126333890906962454e-02,-1.090466485295135679e-02,-7.888852047192107975e+00
2.892500000000000071e+00,8.996945554334859025e+02,5.480317095533057454e+02,-9.896942511559683742e-02,-1.090466485295135679e-02,-7.902281090507091932e+00
2.895000000000000018e+00,9.010648446359169839e+02,5.484015134766020765e+02,-1.090357086998807457e-01,-1.090466485295135679e-02,-7.916200855640354028e+00
2.897499999999999964e+00,9.024360583024325706e+02,5.487712368117349797e+02,-1.023600219247521731e-01,-1.090466485295135679e-02,-7.931714154652977022e+00
2.899999999999999911e+00,9.038081962315264946e+02,5.491408794963807622e+02,-1.033814020729472566e-01,-1.090466485295135679e-02,-7.945940801000135778e+00
2.902499999999999858e+00,9.051812582217876297e+02,5.495104454676642263e+02,-9.747072732366093839e-02,-1.090466485295135679e-02,-7.960668231711045983e+00
2.904999999999999805e+00,9.065552440856877183e+02,5.498799386648552172e+02,-1.075461303240511091e-01,-1.090466485295135679e-02,-7.974384786028487326e+00
2.907499999999999751e+00,9.079301536412590394e+02,5.502493590338087870e+02,-1.011337183936622530e-01,-1.090466485295135679e-02,-7.989692068037564709e+00
2.910000000000000142e+00,9.093059867064016544e+02,5.506187065240483207e+02,-9.260384540027487288e-02,-1.090466485295135679e-02,-8.004720354423325190e+00
2.912500000000000089e+00,9.106827430994842416e+02,5.509879905742219535e+02,-1.003961650003981076e-01,-1.090466485295135679e-02,-8.018342436656427097e+00
2.915000000000000036e+00,9.120604226720570296e+02,5.513572206298279070e+02,-9.201968353174318216e-02,-1.090466485295135679e-02,-8.033262123420321643e+00
2.917499999999999982e+00,9.134390252891143973e+02,5.517263966589350730e+02,-9.983320312742126335e-02,-1.090466485295135679e-02,-8.046798770884690200e+00
2.919999999999999929e+00,9.148185508155730759e+02,5.520955186348198822e+02,-9.158337804750471545e-02,-1.090466485295135679e-02,-8.061634453554527013e+00
2.922499999999999876e+00,9.161989991148711852e+02,5.524645638831808583e+02,-9.941801378903339370e-02,-1.090466485295135679e-02,-8.075106162226056483e+00
2.924999999999999822e+00,9.175803699708761769e+02,5.528335097292857654e+02,-9.127261718632348475e-02,-1.090466485295135679e-02,-8.089878630704740559e+00
2.927499999999999769e+00,9.189626631350722619e+02,5.532023561566361423e+02,-9.912844000014228718e-02,-1.090466485295135679e-02,-8.103302744785493061e+00
2.930000000000000160e+00,9.203458783589071572e+02,5.535711031571356671e+02,-1.093348646175327926e-01,-1.090466485295135679e-02,-8.117240222048673459e+00
2.932500000000000107e+00,9.217300153954806774e+02,5.539397774356513082e+02,-1.028817676013642074e-01,-1.090466485295135679e-02,-8.132787088343871318e+00
2.935000000000000053e+00,9.231150740916363020e+02,5.543084057102003044e+02,-1.062603060370995028e-01,-1.090466485295135679e-02,-8.147329735802994577e+00
2.937500000000000000e+00,9.245010543323776346e+02,5.546769880065671714e+02,-1.002409945139310921e-01,-1.090466485295135679e-02,-8.162444863870838674e+00
2.939999999999999947e+00,9.258879560027756952e+02,5.550455243585006428e+02,-9.209393101692657513e-02,-1.090466485295135679e-02,-8.177323845505757305e+00
2.942499999999999893e+00,9.272757789868493319e+02,5.554139965185559049e+02,-1.000123979125899926e-01,-1.090466485295135679e-02,-8.190852683880143204e+00
2.944999999999999840e+00,9.286645231045247328e+02,5.557823862430813051e+02,-9.194357371137637513e-02,-1.090466485295135679e-02,-8.205693102619900259e+00
2.947499999999999787e+00,9.300541881497404120e+02,5.561506935848584590e+02,-9.988272326862165928e-02,-1.090466485295135679e-02,-8.219195019093444188e+00
2.950000000000000178e+00,9.314447739165715348e+02,5.565189186046784471e+02,-9.187730295518237167e-02,-1.090466485295135679e-02,-8.234010698240441073e+00
2.952500000000000124e+00,9.328362802004456853e+02,5.568870804807571631e+02,-9.983699672947007886e-02,-1.090466485295135679e-02,-8.247497280575002421e+00
2.955000000000000071e+00,9.342287068640431471e+02,5.572551984026264336e+02,-9.188267939562794195e-02,-1.090466485295135679e-02,-8.262299968538664885e+00
2.957500000000000018e+00,9.356220537975292473e+02,5.576232724625010633e+02,-9.986228729580180763e-02,-1.090466485295135679e-02,-8.275781027400539003e+00
2.959999999999999964e+00,9.370163208913035078e+02,5.579913027616433965e+02,-9.194812064854523959e-02,-1.090466485295135679e-02,-8.290580652940837680e+00
2.962499999999999911e+00,9.384115080346157356e+02,5.583592668751833799e+02,-9.994777265070649286e-02,-1.090466485295135679e-02,-8.304064531069888844e+00
2.964999999999999858e+00,9.398076150378935836e+02,5.587271423785246043e+02,-9.206524414666474032e-02,-1.090466485295135679e-02,-8.318869544559321483e+00
2.967499999999999805e+00,9.412046416796725907e+02,5.590949293824357937e+02,-1.000848197132564177e-01,-1.090466485295135679e-02,-8.332363329942722885e+00
2.970000000000000195e+00,9.426025877387652372e+02,5.594626280017795352e+02,-9.222587543076711525e-02,-1.090466485295135679e-02,-8.347180874721484400e+00
2.972500000000000142e+00,9.440014529958228877e+02,5.598302630347312743e+02,-1.002649556383416601e-01,-1.090466485295135679e-02,-8.360690560458808207e+00
2.975000000000000089e+00,9.454012373184208400e+02,5.601978592906100403e+02,-9.242333106144202948e-02,-1.090466485295135679e-02,-8.375526767561179753e+00
2.977500000000000036e+00,9.468019406096957482e+02,5.605654169101076150e+02,-1.004819698348726198e-01,-1.090466485295135679e-02,-8.389057502665913546e+00
2.979999999999999982e+00,9.482035627731381737e+02,5.609329360386205963e+02,-9.265220948712586668e-02,-1.090466485295135679e-02,-8.403917526878597499e+00
2.982499999999999929e+00,9.496061037118306558e+02,5.613004044568732525e+02,-1.007296329789651029e-01,-1.090466485295135679e-02,-8.417473683901345538e+00
2.984999999999999876e+00,9.510095632858153749e+02,5.616678099436762750e+02,-9.290691532374373285e-02,-1.090466485295135679e-02,-8.432361983742588052e+00
2.987499999999999822e+00,9.524139413378455856e+02,5.620351526454552413e+02,-1.010035776477821862e-01,-1.090466485295135679e-02,-8.445947325461867550e+00
2.990000000000000213e+00,9.538192377110424331e+02,5.624024327085531922e+02,-9.318397739838817084e-02,-1.090466485295135679e-02,-8.460867686823235090e+00
2.992500000000000160e+00,9.552254522491140278e+02,5.627696538420524348e+02,-1.012992934591030042e-01,-1.090466485295135679e-02,-8.474485362150058876e+00
2.995000000000000107e+00,9.566325848086424912e+02,5.631368197582390849e+02,-9.347981221277994190e-02,-1.090466485295135679e-02,-8.489440968740582960e+00
2.997500000000000053e+00,9.580406352516700963e+02,5.635039306059750288e+02,4.898386475465019707e+00,-1.090466485295135679e-02,-8.503093749570577842e+00
3.000000000000000000e+00,9.594496034406088256e+02,5.638709865308478584e+02,4.271156909707872984e+00,-1.090466485295135679e-02,-7.821391839980542215e+00
3.002499999999999947e+00,9.608594892379128396e+02,5.642379824124622019e+02,3.723604549566068123e+00,-2.501840246767408557e-02,-7.227017258584249149e+00
3.004999999999999893e+00,9.622702924878817612e+02,5.646049130174894799e+02,3.235320934817619509e+00,-6.434906028152852231e-02,-6.709203197669402208e+00
3.007499999999999840e+00,9.636820130273110863e+02,5.649717783254624237e+02,2.780402473078775749e+00,-1.373658406714895475e-01,-6.260281647511978242e+00
3.009999999999999787e+00,9.650946506929490170e+02,5.653385783236517454e+02,2.330011707696966194e+00,-2.502568682692979385e-01,-5.876389261661018715e+00
3.012499999999999734e+00,9.665082053220685339e+02,5.657053218484119270e+02,1.854368312732989965e+00,-2.764224817606171780e-01,-5.557824352126668366e+00
3.014999999999999680e+00,9.679226767829683240e+02,5.660720177468363090e+02,1.419555726203817869e+00,-2.764224817606171780e-01,-5.306102218329831643e+00
3.017499999999999627e+00,9.693380649565934846e+02,5.664386660438584613e+02,1.039389221961668497e+00,-2.764224817606171780e-01,-5.114932973969446905e+00
3.020000000000000018e+00,9.707543697239597122e+02,5.668052667773066560e+02,7.069214476359950705e-01,-2.764224817606171780e-01,-4.976707898408069930e+00
3.022499999999999964e+00,9.721715909662596005e+02,5.671718212150825593e+02,4.160924067098424883e-01,-2.623087441458944458e-01,-4.884785464656861365e+00
3.024999999999999911e+00,9.735897285690921308e+02,5.675383306410196838e+02,1.719447838702869713e-01,-2.229780863320399986e-01,-4.833039198816023507e+00
3.027499999999999858e+00,9.750087824199717943e+02,5.679047951395176597e+02,-1.085596011429743046e-02,-1.499613059420789318e-01,-4.814606541051670519e+00
3.029999999999999805e+00,9.764287524066331798e+02,5.682712148131339518e+02,-1.258637401062862593e-01,-3.707027834427046448e-02,-4.819932191159896462e+00
3.032499999999999751e+00,9.778496384164863002e+02,5.686375803187809197e+02,-1.372395978281820972e-01,-3.555163281201673131e-02,-4.838406856834384762e+00
3.034999999999999698e+00,9.792714403040333764e+02,5.690038823304488460e+02,-1.461217146889633167e-01,-3.555163281201673131e-02,-4.858425219028958963e+00
3.037499999999999645e+00,9.806941579106229483e+02,5.693701210054083504e+02,-1.539395447889645163e-01,-3.555163281201673131e-02,-4.879675510659686744e+00
3.040000000000000036e+00,9.821177910780101001e+02,5.697362965215180566e+02,-1.608281241482296953e-01,-3.555163281201673131e-02,-4.902009567922213762e+00
3.042499999999999982e+00,9.835423396488623666e+02,5.701024164317792611e+02,-1.669048047268066048e-01,-3.555163281201673131e-02,-4.925297996386388100e+00
3.044999999999999929e+00,9.849678034921744256e+02,5.704684883053403155e+02,-1.722720743368416907e-01,-3.555163281201673131e-02,-4.949427758011593070e+00
3.047499999999999876e+00,9.863941824879806290e+02,5.708345123704119715e+02,-1.770195334060947201e-01,-3.555163281201673131e-02,-4.974300095609261341e+00
3.049999999999999822e+00,9.878214765168927443e+02,5.712004888697828164e+02,-1.812251797188004221e-01,-3.555163281201673131e-02,-4.999828743863525382e+00
3.052499999999999769e+00,9.892496854601675977e+02,5.715664185370112591e+02,-1.849577982446584945e-01,-3.555163281201673131e-02,-5.025938316666556105e+00
3.054999999999999716e+00,9.906788092013874802e+02,5.719323021164021839e+02,-1.882749100647093110e-01,-3.555163281201673131e-02,-5.052562964403143120e+00
3.057499999999999662e+00,9.921088476254836905e+02,5.722981398762103709e+02,-1.912259280249199445e-01,-3.555163281201673131e-02,-5.079644745947252460e+00
3.060000000000000053e+00,9.935398006180564607e+02,5.726639320858668043e+02,-1.938563951934978158e-01,-3.555163281201673131e-02,-5.107132764694032545e+00
3.062500000000000000e+00,9.949716680658491441e+02,5.730296863736291471e+02,-1.962067608153541531e-01,-3.555163281201673131e-02,-5.134982456386516958e+00
3.064999999999999947e+00,9.964044498820986746e+02,5.733954103721390538e+02,-1.983120198772868603e-01,-3.555163281201673131e-02,-5.163154893679314128e+00
3.067499999999999893e+00,9.978381459912450282e+02,5.737611043679020213e+02,-2.002024869999316226e-01,-3.555163281201673131e-02,-5.191615992023947079e+00
3.069999999999999840e+00,9.992727563184438395e+02,5.741267686460612367e+02,-2.019050115980541293e-01,-3.555163281201673131e-02,-5.220335959464588171e+00
3.072499999999999787e+00,1.000708280788628485e+03,5.744923880704557178e+02,-2.034432321660607779e-01,-3.555163281201673131e-02,-5.249288687809819720e+00
3.074999999999999734e+00,1.002144719272835573e+03,5.748579469879103954e+02,-2.048378297328503350e-01,-3.555163281201673131e-02,-5.278451409464254063e+00
3.077499999999999680e+00,1.003582071619898215e+03,5.752234454369619243e+02,-2.061059842603719106e-01,-3.555163281201673131e-02,-5.307804184475672926e+00
3.080000000000000071e+00,1.005020337678788337e+03,5.755888835735916018e+02,-2.072639902316933125e-01,-3.555163281201673131e-02,-5.337329567008551656e+00
3.082500000000000018e+00,1.006459517299477170e+03,5.759542714871168982e+02,-2.083254818090373717e-01,-3.555163281201673131e-02,-5.367012313039446703e+00
3.084999999999999964e+00,1.007899610367107812e+03,5.763196192554077015e+02,-2.093021468888351388e-01,-3.555163281201673131e-02,-5.396839050356655676e+00
3.087499999999999911e+00,1.009340616781440417e+03,5.766849270894949768e+02,-2.102046731233723209e-01,-3.555163281201673131e-02,-5.426798082014201441e+00
3.089999999999999858e+00,1.010782536442753781e+03,5.770501951835130967e+02,-2.110420361278997070e-01,-3.555163281201673131e-02,-5.456879208320832397e+00
3.092499999999999805e+00,1.012225369251975621e+03,5.774154264903340845e+02,-2.118224138532517897e-01,-3.555163281201673131e-02,-5.487073479647627039e+00
3.094999999999999751e+00,1.013669115120210222e+03,5.777806239429427251e+02,-2.125524437081797446e-01,-3.555163281201673131e-02,-5.517373063888091345e+00
3.097499999999999698e+00,1.015113773962903792e+03,5.781457876755920324e+02,-2.132386088795373558e-01,-3.555163281201673131e-02,-5.547771087635535281e+00
3.100000000000000089e+00,1.016559345695825982e+03,5.785109178008767685e+02,-2.138861652639406086e-01,-3.555163281201673131e-02,-5.578261521739957374e+00
3.102500000000000036e+00,1.018005830235325561e+03,5.788760193860816798e+02,-2.144993874443910931e-01,-3.555163281201673131e-02,-5.608839136380407098e+00
3.104999999999999982e+00,1.019453227515434264e+03,5.792410974756680844e+02,-2.150826461275206769e-01,-3.555163281201673131e-02,-5.639499290485792571e+00
3.107499999999999929e+00,1.020901537477446482e+03,5.796061521140242121e+02,-2.156392918510694479e-01,-3.555163281201673131e-02,-5.670237927297099745e+00
3.109999999999999876e+00,1.022350760062749941e+03,5.799711833206778238e+02,-2.161725879077915358e-01,-3.555163281201673131e-02,-5.701051491940048344e+00
3.112499999999999822e+00,1.023800895211893589e+03,5.803361770709582288e+02,-2.166851808385916178e-01,-3.555163281201673131e-02,-5.731936869094987230e+00
3.114999999999999769e+00,1.025251942816186329e+03,5.807011193127186743e+02,-2.171796880011293840e-01,-3.555163281201673131e-02,-5.762891308787007283e+00
3.117499999999999716e+00,1.026703902746829726e+03,5.810660099872815181e+02,-2.176579308079208686e-01,-3.555163281201673131e-02,-5.793912431704338672e+00
3.120000000000000107e+00,1.028156774874865505e+03,5.814308490123434012e+02,-2.181220253899372741e-01,-3.555163281201673131e-02,-5.824998131068489293e+00
3.122500000000000053e+00,1.029610559069671126e+03,5.817956131783882938e+02,-2.185728253761676232e-01,-3.555163281201673131e-02,-5.856146574166102958e+00
3.125000000000000000e+00,1.031065255119248150e+03,5.821602792477516459e+02,-2.190118787990964488e-01,-3.555163281201673131e-02,-5.887356114005574348e+00
3.127499999999999947e+00,1.032520862778269020e+03,5.825248470581198035e+02,-2.194409250703032721e-01,-3.555163281201673131e-02,-5.918625283589126873e+00
3.129999999999999893e+00,1.033977381800987359e+03,5.828893164260990716e+02,-2.198607389174939697e-01,-3.555163281201673131e-02,-5.949952817864640586e+00
3.132499999999999840e+00,1.035434811941322550e+03,5.832536893058519354e+02,-2.202723370952550108e-01,-3.555163281201673131e-02,-5.981337624807345321e+00
3.134999999999999787e+00,1.036893152960246880e+03,5.836179676331830706e+02,-2.206760255176612173e-01,-3.555163281201673131e-02,-6.012778725037036587e+00
3.137499999999999734e+00,1.038352404621247842e+03,5.839821511705192734e+02,-2.210733671110806930e-01,-3.555163281201673131e-02,-6.044275242462050279e+00
3.140000000000000124e+00,1.039812566687212211e+03,5.843462396639017697e+02,-2.214644943196229787e-01,-3.555163281201673131e-02,-6.075826424478695031e+00
3.142500000000000071e+00,1.041273638921145675e+03,5.847102450900325721e+02,-2.218498375618062901e-01,-3.555163281201673131e-02,-6.107431615285261017e+00
3.145000000000000018e+00,1.042735621128360208e+03,5.850741794160226164e+02,-2.222299420432834738e-01,-3.555163281201673131e-02,-6.139090205261368283e+00
3.147499999999999964e+00,1.044198513130944548e+03,5.854380423529328255e+02,-2.226053210433987517e-01,-3.555163281201673131e-02,-6.170801699769685733e+00
3.149999999999999911e+00,1.045662314750258247e+03,5.858018336019906656e+02,-2.229763713116920398e-01,-3.555163281201673131e-02,-6.202565644488688967e+00
3.152499999999999858e+00,1.047127025808349799e+03,5.861655758774440983e+02,-2.233436342974754463e-01,-3.555163281201673131e-02,-6.234381645420262075e+00
3.154999999999999805e+00,1.048592646207304824e+03,5.865292918940465370e+02,-2.237071164858697725e-01,-3.555163281201673131e-02,-6.266249353399597766e+00
3.157499999999999751e+00,1.050059175881305009e+03,5.868929813495600456e+02,-2.240670760484569923e-01,-3.555163281201673131e-02,-6.298168474833175878e+00
3.160000000000000142e+00,1.051526614763776479e+03,5.872566439412778436e+02,-2.244239432234366727e-01,-3.555163281201673131e-02,-6.330138784740188207e+00
3.162500000000000089e+00,1.052994962787549184e+03,5.876202819595853271e+02,-2.247774938626651842e-01,-3.555163281201673131e-02,-6.362160037601844564e+00
3.165000000000000036e+00,1.054464219893801555e+03,5.879838976971426519e+02,-2.251282596969764738e-01,-3.555163281201673131e-02,-6.394232047079788650e+00
3.167499999999999982e+00,1.055934386026662423e+03,5.883474908577591123e+02,-2.254766808717194870e-01,-3.555163281201673131e-02,-6.426354661210729624e+00
3.169999999999999929e+00,1.057405461129522337e+03,5.887110611494914565e+02,-2.258223406850570492e-01,-3.555163281201673131e-02,-6.458527764662236770e+00
3.172499999999999876e+00,1.058877445144958756e+03,5.890746068886802504e+02,-2.261656664509006376e-01,-3.555163281201673131e-02,-6.490751251307049330e+00
3.174999999999999822e+00,1.060350338009931647e+03,5.894381263991939477e+02,-2.265068999906947600e-01,-3.555163281201673131e-02,-6.523025052378735644e+00
3.177499999999999769e+00,1.061824139658714330e+03,5.898016194130871099e+02,-2.268460776660762568e-01,-3.555163281201673131e-02,-6.555349102579874909e+00
3.180000000000000160e+00,1.063298850024916874e+03,5.901650856749133709e+02,-2.271831536513956584e-01,-3.555163281201673131e-02,-6.587723366136123637e+00
3.182500000000000107e+00,1.064774469040286249e+03,5.905285052318508860e+02,-2.275186397429931062e-01,-3.555163281201673131e-02,-6.620147836348386328e+00
3.185000000000000053e+00,1.066250996566783670e+03,5.908918581412715412e+02,-2.278520641219446419e-01,-3.555163281201673131e-02,-6.652622498064917345e+00
3.187500000000000000e+00,1.067728432437663059e+03,5.912551441855289340e+02,-2.281842055375557787e-01,-3.555163281201673131e-02,-6.685147374680838084e+00
3.189999999999999947e+00,1.069206776485643331e+03,5.916183631653484554e+02,-2.285146511986789197e-01,-3.555163281201673131e-02,-6.717722483590837790e+00
3.192499999999999893e+00,1.070686028544203964e+03,5.919815348601812275e+02,-2.288435139289312081e-01,-3.555163281201673131e-02,-6.750347840919391551e+00
3.194999999999999840e+00,1.072166188516448074e+03,5.923446790752296920e+02,-2.291711297537907810e-01,-3.555163281201673131e-02,-6.783023509660129235e+00
3.197499999999999787e+00,1.073647256333597625e+03,5.927077956814231356e+02,-2.294978559784124350e-01,-3.555163281201673131e-02,-6.815749544093665513e+00
3.200000000000000178e+00,1.075129231926564898e+03,5.930708845700688698e+02,-2.298234244403523641e-01,-3.555163281201673131e-02,-6.848525995087572760e+00
3.202500000000000124e+00,1.076612115226340393e+03,5.934339510911335083e+02,-2.301478141178100734e-01,-3.555163281201673131e-02,-6.881352941504808030e+00
3.205000000000000071e+00,1.078095906182795716e+03,5.937970006202511968e+02,-2.304714501860268550e-01,-3.555163281201673131e-02,-6.914230466816310816e+00
3.207500000000000018e+00,1.079580604753425177e+03,5.941600331217389339e+02,-2.307940766107600128e-01,-3.555163281201673131e-02,-6.947158666424265050e+00
3.209999999999999964e+00,1.081066210895646236e+03,5.945230485826581344e+02,-2.311162363907796058e-01,-3.555163281201673131e-02,-6.980137622973138889e+00
3.212499999999999911e+00,1.082552724566451616e+03,5.948860405115605090e+02,-2.314374659729863115e-01,-3.555163281201673131e-02,-7.013167438365604411e+00
3.214999999999999858e+00,1.084040145700049834e+03,5.952490024391911447e+02,-2.317582659264265932e-01,-3.555163281201673131e-02,-7.046248209754073066e+00
3.217499999999999805e+00,1.085528474221462602e+03,5.956119344232599815e+02,-2.320783366779158308e-01,-3.555163281201673131e-02,-7.079380047373509122e+00
3.220000000000000195e+00,1.087017710055873522e+03,5.959748365444371530e+02,-2.323982171545045383e-01,-3.555163281201673131e-02,-7.112563061398330611e+00
3.222500000000000142e+00,1.088507853127904582e+03,5.963376965597727803e+02,-2.327177340677203388e-01,-3.555163281201673131e-02,-7.145797362674261244e+00
3.225000000000000089e+00,1.089998903319112287e+03,5.967005022445905524e+02,-2.330370198078111910e-01,-3.555163281201673131e-02,-7.179083073150810179e+00
3.227500000000000036e+00,1.091490860493746823e+03,5.970632537393742041e+02,-2.333561765592367943e-01,-3.555163281201673131e-02,-7.212420303259006182e+00
3.229999999999999982e+00,1.092983724516416714e+03,5.974259512036028354e+02,-2.336751897137801515e-01,-3.555163281201673131e-02,-7.245809160744619781e+00
3.232499999999999929e+00,1.094477495251358960e+03,5.977885822656648998e+02,-2.339939529102408877e-01,-3.555163281201673131e-02,-7.279249766954161593e+00
3.234999999999999876e+00,1.095972172519211654e+03,5.981511345695566888e+02,-2.343132017732146577e-01,-3.555163281201673131e-02,-7.312742229263952787e+00
3.237499999999999822e+00,1.097467756123192885e+03,5.985136083248233945e+02,-2.346323178259833719e-01,-3.555163281201673131e-02,-7.346286667937915738e+00
3.240000000000000213e+00,1.098964245867055297e+03,5.988760037544846000e+02,-2.349516945018341740e-01,-3.555163281201673131e-02,-7.379883190229181267e+00
3.242500000000000160e+00,1.100461641554434436e+03,5.992383101797983045e+02,-2.352717562479628988e-01,-3.555163281201673131e-02,-7.413531907546750510e+00
3.245000000000000107e+00,1.101959942951246148e+03,5.996005169328391275e+02,-2.355922439586858874e-01,-3.555163281201673131e-02,-7.447232926024563326e+00
3.247500000000000053e+00,1.103459149808453958e+03,5.999626242713101192e+02,-2.359130537319325815e-01,-3.555163281201673131e-02,-7.480986346890615479e+00
3.250000000000000000e+00,1.104959261877671452e+03,6.003246324626705928e+02,-2.362345646690759415e-01,-3.555163281201673131e-02,-7.514792269886404696e+00
3.252499999999999947e+00,1.106460278912544481e+03,6.006865635314181873e+02,-2.365563641846647469e-01,-3.555163281201673131e-02,-7.548650792689096001e+00
3.254999999999999893e+00,1.107962200743754920e+03,6.010484395137718820e+02,-2.368792751448410283e-01,-3.555163281201673131e-02,-7.582562005702526697e+00
3.257499999999999840e+00,1.109465027233754199e+03,6.014102607053762313e+02,-2.372030497682103001e-01,-3.555163281201673131e-02,-7.616526002409701235e+00
3.259999999999999787e+00,1.110968758245733170e+03,6.017720274053987168e+02,-2.375278674463321971e-01,-3.555163281201673131e-02,-7.650542871844340453e+00
3.262499999999999734e+00,1.112473393644470889e+03,6.021337533191991724e+02,-2.378534853019587947e-01,-3.555163281201673131e-02,-7.684612707266700760e+00
3.264999999999999680e+00,1.113978933342552409e+03,6.024954521530953571e+02,-2.381800243775284709e-01,-3.555163281201673131e-02,-7.718735581831667858e+00
3.267499999999999627e+00,1.115485377272449114e+03,6.028571242089852831e+02,-2.385079964692736754e-01,-3.555163281201673131e-02,-7.752911584698231273e+00
3.270000000000000018e+00,1.116992725367385901e+03,6.032187697854507178e+02,-2.388369013587476886e-01,-3.555163281201673131e-02,-7.787140792146775681e+00
3.272499999999999964e+00,1.118500977562459184e+03,6.035804072028173550e+02,-2.391670300431751606e-01,-3.555163281201673131e-02,-7.821423272802992877e+00
3.274999999999999911e+00,1.120010133856773336e+03,6.039420547805970045e+02,-2.394990035767283754e-01,-3.555163281201673131e-02,-7.855759109755519276e+00
3.277499999999999858e+00,1.121520194275895619e+03,6.043037128064323724e+02,-2.398320317210894670e-01,-3.555163281201673131e-02,-7.890148360675906858e+00
3.279999999999999805e+00,1.123031158846105200e+03,6.046653815579202274e+02,-2.401655506741973700e-01,-3.555163281201673131e-02,-7.924591064348797786e+00
3.282499999999999751e+00,1.124543027593309489e+03,6.050270443315422426e+02,-2.404960555796568089e-01,-3.555163281201673131e-02,-7.959086919164398921e+00
3.284999999999999698e+00,1.126055800484501106e+03,6.053886844025289520e+02,-2.408242968189266975e-01,-3.555163281201673131e-02,-7.993635404924331667e+00
3.287499999999999645e+00,1.127569477463064004e+03,6.057503020104619509e+02,-2.411505186358336161e-01,-3.555163281201673131e-02,-8.028236039658057877e+00
3.290000000000000036e+00,1.129084058472972401e+03,6.061118973794161775e+02,-2.414755795752505374e-01,-3.555163281201673131e-02,-8.062888373299736955e+00
3.292499999999999982e+00,1.130599543458176413e+03,6.064734615170658572e+02,-2.417994490324890389e-01,-3.555163281201673131e-02,-8.097592015523595421e+00
3.294999999999999929e+00,1.132115932330839087e+03,6.068349854124440981e+02,-2.421225158976894609e-01,-3.555163281201673131e-02,-8.132346620322991271e+00
3.297499999999999876e+00,1.133633224990458530e+03,6.071964692423542829e+02,-2.424453361076741587e-01,-3.555163281201673131e-02,-8.167151885599949424e+00
3.299999999999999822e+00,1.135151421336966678e+03,6.075579131677116038e+02,-2.427684544799230681e-01,-3.555163281201673131e-02,-8.202007561283375381e+00
3.302499999999999769e+00,1.136670521270035124e+03,6.079193068720552446e+02,-2.430916745374764043e-01,-3.555163281201673131e-02,-8.236913418403755571e+00
3.304999999999999716e+00,1.138190524652964541e+03,6.082806400182465723e+02,-2.434152778672507011e-01,-3.555163281201673131e-02,-8.271869263035421582e+00
3.307499999999999662e+00,1.139711431334424788e+03,6.086419127126937383e+02,-2.437393469548062575e-01,-3.555163281201673131e-02,-8.306874921877419382e+00
3.310000000000000053e+00,1.141233241163341063e+03,6.090031250458582690e+02,-2.440643520771288155e-01,-3.555163281201673131e-02,-8.341930253769643144e+00
3.312500000000000000e+00,1.142755953987730436e+03,6.093642590934913414e+02,-2.443906693159445809e-01,-3.555163281201673131e-02,-8.377035141655587935e+00
3.314999999999999947e+00,1.144279569592610869e+03,6.097252969099361053e+02,-2.447184926865106913e-01,-3.555163281201673131e-02,-8.412189487297704105e+00
3.317499999999999893e+00,1.145804087737425789e+03,6.100862385279958744e+02,-2.450472685392808547e-01,-3.555163281201673131e-02,-8.447393201624262105e+00
3.319999999999999840e+00,1.147329508181692745e+03,6.104470839643462341e+02,-2.453776684533791330e-01,-3.555163281201673131e-02,-8.482646203763284376e+00
3.322499999999999787e+00,1.148855830686769878e+03,6.108078621275293472e+02,-2.457096348975102429e-01,-3.555163281201673131e-02,-8.517948448152655061e+00
3.324999999999999734e+00,1.150383055115478783e+03,6.111686019176354421e+02,-2.460433336837473950e-01,-3.555163281201673131e-02,-8.553299893785281327e+00
3.327499999999999680e+00,1.151911181371882094e+03,6.115293033187650735e+02,-2.463790490845930159e-01,-3.555163281201673131e-02,-8.588700534633076700e+00
3.330000000000000071e+00,1.153440209359991286e+03,6.118899662985049872e+02,-2.467161807921069705e-01,-3.555163281201673131e-02,-8.624150339495482598e+00
3.332500000000000018e+00,1.154970138984208234e+03,6.122505984354473867e+02,-2.470554833594086064e-01,-3.555163281201673131e-02,-8.659649316523124085e+00
3.334999999999999964e+00,1.156500970175575048e+03,6.126112072998862459e+02,-2.473970231015498733e-01,-3.555163281201673131e-02,-8.695197489351372155e+00
3.337499999999999911e+00,1.158032702875878613e+03,6.129717928279925445e+02,-2.477402451251621840e-01,-3.555163281201673131e-02,-8.730794873636645193e+00
3.339999999999999858e+00,1.159565337026737780e+03,6.133323549472949026e+02,-2.480851359040677773e-01,-3.555163281201673131e-02,-8.766441490177998119e+00
3.342499999999999805e+00,1.161098872570689764e+03,6.136929111887791350e+02,-2.484324503971980236e-01,-3.555163281201673131e-02,-8.802137388598328727e+00
3.344999999999999751e+00,1.162633309511883226e+03,6.140534790799384837e+02,-2.487819365517942305e-01,-3.555163281201673131e-02,-8.837882627508031774e+00
3.347499999999999698e+00,1.164168647879393120e+03,6.144140585314961527e+02,-2.491334821373453190e-01,-3.555163281201673131e-02,-8.873677292155210949e+00
3.350000000000000089e+00,1.165704887702069527e+03,6.147746494469382696e+02,-2.494872431668891111e-01,-3.555163281201673131e-02,-8.909521410609071879e+00
3.352500000000000036e+00,1.167242029007920337e+03,6.151352422271002069e+02,-2.498429754825341464e-01,-3.555163281201673131e-02,-8.945415077817646221e+00
3.354999999999999982e+00,1.168780071791361479e+03,6.154958272707091282e+02,-2.502011326959314164e-01,-3.555163281201673131e-02,-8.981358402574562305e+00
3.357499999999999929e+00,1.170319016032991613e+03,6.158564044689557022e+02,-2.505617339783639541e-01,-3.555163281201673131e-02,-9.017351458475598491e+00
3.359999999999999876e+00,1.171858861713135184e+03,6.162169737133046965e+02,-2.509246310432439730e-01,-3.555163281201673131e-02,-9.053394353518378068e+00
3.362499999999999822e+00,1.173399608811391772e+03,6.165775276048996147e+02,-2.512891900533478773e-01,-3.555163281201673131e-02,-9.089487221684265705e+00
3.364999999999999769e+00,1.174941257281496291e+03,6.169380587454329543e+02,-2.516565663669615427e-01,-3.555163281201673131e-02,-9.125630169054709029e+00
3.367499999999999716e+00,1.176483807066511190e+03,6.172985670312867796e+02,-2.520259382349192556e-01,-3.555163281201673131e-02,-9.161823352492149297e+00
3.370000000000000107e+00,1.178027258109242894e+03,6.176590523628015035e+02,-2.523977867820432208e-01,-3.555163281201673131e-02,-9.198066880224519792e+00
3.372500000000000053e+00,1.179571610351800473e+03,6.180195074337516417e+02,-2.527716476222853781e-01,-3.555163281201673131e-02,-9.234360903947372634e+00
3.375000000000000000e+00,1.181116863710742791e+03,6.183799249420964088e+02,-2.531474661111106639e-01,-3.555163281201673131e-02,-9.270705565140044513e+00
3.377499999999999947e+00,1.182663018092115635e+03,6.187403048083693875e+02,-2.535256441481140155e-01,-3.555163281201673131e-02,-9.307101022436233606e+00
3.379999999999999893e+00,1.184210073401772433e+03,6.191006469592662143e+02,-2.539056966307539631e-01,-3.555163281201673131e-02,-9.343547452457789504e+00
3.382499999999999840e+00,1.185758029543402927e+03,6.194609196328548251e+02,-2.542874166476817299e-01,-3.555163281201673131e-02,-9.380044979423681539e+00
3.384999999999999787e+00,1.187306886309278525e+03,6.198210910704239041e+02,-2.546715616104147650e-01,-3.555163281201673131e-02,-9.416593755892462170e+00
3.387499999999999734e+00,1.188856643446276621e+03,6.201811612182217459e+02,-2.550573770473971158e-01,-3.555163281201673131e-02,-9.453193975205250510e+00
3.390000000000000124e+00,1.190407300701146141e+03,6.205411300330929407e+02,-2.554452472467449997e-01,-3.555163281201673131e-02,-9.489845808092143287e+00
3.392500000000000071e+00,1.191958857822286745e+03,6.209010255505929763e+02,-2.558344747780603723e-01,-3.555163281201673131e-02,-9.526549423610919831e+00
3.395000000000000018e+00,1.193511314656549303e+03,6.212608758240780844e+02,-2.562259060587889214e-01,-3.555163281201673131e-02,-9.563305005185595675e+00
3.397499999999999964e+00,1.195064671090822230e+03,6.216206808546522780e+02,-2.566187834088115016e-01,-3.555163281201673131e-02,-9.600112741544405637e+00
3.399999999999999911e+00,1.196618927012002132e+03,6.219804406542999686e+02,-2.570134220191462870e-01,-3.555163281201673131e-02,-9.636972776519433737e+00
3.402499999999999858e+00,1.198174082307500385e+03,6.223401628831578591e+02,-2.574097003501589209e-01,-3.555163281201673131e-02,-9.673885304972646537e+00
3.404999999999999805e+00,1.199730136891598477e+03,6.226998552166410263e+02,-2.578078404278963953e-01,-3.555163281201673131e-02,-9.710850530204350406e+00
3.407499999999999751e+00,1.201287090689585739e+03,6.230595177067418717e+02,-2.582072600333156775e-01,-3.555163281201673131e-02,-9.747868630118755817e+00
3.410000000000000142e+00,1.202844943626886788e+03,6.234191504197660834e+02,-2.586082488390946121e-01,-3.555163281201673131e-02,-9.784939797888103641e+00
3.412500000000000089e+00,1.204403695629370077e+03,6.237787577462191848e+02,-2.590108950980749003e-01,-3.555163281201673131e-02,-9.822064215722122071e+00
3.415000000000000036e+00,1.205963346638243365e+03,6.241383440890238035e+02,-2.594147800817453997e-01,-3.555163281201673131e-02,-9.859242043159163416e+00
3.417499999999999982e+00,1.207523896601102251e+03,6.244979095517870746e+02,-2.598197996944983101e-01,-3.555163281201673131e-02,-9.896473466658909146e+00
3.419999999999999929e+00,1.209085345465808132e+03,6.248574542476476381e+02,-2.602261372182905208e-01,-3.555163281201673131e-02,-9.933758677988892671e+00
3.422499999999999876e+00,1.210647693182486591e+03,6.252170098952149146e+02,-2.606342343941319695e-01,-3.555163281201673131e-02,-9.971097842676309497e+00
3.424999999999999822e+00,1.212210939812483048e+03,6.255766082295210708e+02,-2.610429892772331839e-01,-3.555163281201673131e-02,-1.000849117699423552e+01
3.427499999999999769e+00,1.213775085462600600e+03,6.259362494070010143e+02,-2.614531659038130673e-01,-3.555163281201673131e-02,-1.004593880080256518e+01
3.430000000000000160e+00,1.215340130240039116e+03,6.262959335946204646e+02,-2.618642334415347550e-01,-3.555163281201673131e-02,-1.008344092395972424e+01
3.432500000000000107e+00,1.216906074250363872e+03,6.266556280555147396e+02,-2.622763706135136652e-01,-3.555163281201673131e-02,-1.012099773613553921e+01
3.435000000000000053e+00,1.218472917484053824e+03,6.270153000516778548e+02,-2.626897617109874572e-01,-3.555163281201673131e-02,-1.015860939169065880e+01
3.437500000000000000e+00,1.220040659885044533e+03,6.273749497558989106e+02,-2.631036052285600779e-01,-3.555163281201673131e-02,-1.019627606446807100e+01
3.439999999999999947e+00,1.221609301397705167e+03,6.277345773468093739e+02,-2.635187421455305601e-01,-3.555163281201673131e-02,-1.023399790026122425e+01
3.442499999999999893e+00,1.223178841966663185e+03,6.280941799203909568e+02,-2.639343580786296384e-01,-3.555163281201673131e-02,-1.027177506597387691e+01
3.444999999999999840e+00,1.224749281526167579e+03,6.284537545748348748e+02,-2.643505459880803321e-01,-3.555163281201673131e-02,-1.030960773139050879e+01
3.447499999999999787e+00,1.226320620006527179e+03,6.288133014962695597e+02,-2.647674655562521351e-01,-3.555163281201673131e-02,-1.034749603749316549e+01
3.450000000000000178e+00,1.227892857338513977e+03,6.291728208714355333e+02,-2.651849908722775373e-01,-3.555163281201673131e-02,-1.038544009085126341e+01
3.452500000000000124e+00,1.229465993452689645e+03,6.295323020324553909e+02,-2.656030585043334669e-01,-3.555163281201673131e-02,-1.042344005349026048e+01
3.455000000000000071e+00,1.231040028241981645e+03,6.298917343083325022e+02,-2.660216719478271652e-01,-3.555163281201673131e-02,-1.046149606032603607e+01
3.457500000000000018e+00,1.232614961584277808e+03,6.302511178791364728e+02,-2.664405037208703586e-01,-3.555163281201673131e-02,-1.049960820998470901e+01
3.459999999999999964e+00,1.234190793357917073e+03,6.306104529217736854e+02,-2.668595843919292498e-01,-3.555163281201673131e-02,-1.053777663724539337e+01
3.462499999999999911e+00,1.235767523440631066e+03,6.309697228262784847e+02,-2.672790765855463935e-01,-3.555163281201673131e-02,-1.057600139975446218e+01
3.464999999999999858e+00,1.237345151651665219e+03,6.313289109731321105e+02,-2.676988778104743005e-01,-3.555163281201673131e-02,-1.061428263908384118e+01
3.467499999999999805e+00,1.238923677786714734e+03,6.316880175182102448e+02,-2.681191648270264127e-01,-3.555163281201673131e-02,-1.065262044392457419e+01
3.470000000000000195e+00,1.240503101641862713e+03,6.320470426114405882e+02,-2.685393805149441926e-01,-3.555163281201673131e-02,-1.069101493829921878e+01
3.472500000000000142e+00,1.242083423015512153e+03,6.324060175837012139e+02,-2.689594800003455299e-01,-3.555163281201673131e-02,-1.072946621522371835e+01
3.475000000000000089e+00,1.243664641815894811e+03,6.327649737633591940e+02,-2.693798236123828294e-01,-3.555163281201673131e-02,-1.076797432969818580e+01
3.477500000000000036e+00,1.245246757996107590e+03,6.331239112861303511e+02,-2.698001736530790118e-01,-3.555163281201673131e-02,-1.080653936606428367e+01
3.479999999999999982e+00,1.246829771509583907e+03,6.334828302780728109e+02,-2.702203804269781018e-01,-3.555163281201673131e-02,-1.084516139617186248e+01
3.482499999999999929e+00,1.248413682309935893e+03,6.338417288085041719e+02,-2.706405600666036970e-01,-3.555163281201673131e-02,-1.088384050169135620e+01
3.484999999999999876e+00,1.249998490343875801e+03,6.342006049350403600e+02,-2.710604023493187187e-01,-3.555163281201673131e-02,-1.092257673173169330e+01
3.487499999999999822e+00,1.251584195555450606e+03,6.345594587505538584e+02,-2.714798499649868080e-01,-3.555163281201673131e-02,-1.096137013929424420e+01
3.490000000000000213e+00,1.253170797888932157e+03,6.349182903365900756e+02,-2.718995365496916228e-01,-3.555163281201673131e-02,-1.100022076584769160e+01
3.492500000000000160e+00,1.254758297290073415e+03,6.352771203222414442e+02,-2.723188992206667658e-01,-3.555163281201673131e-02,-1.103912868533492642e+01
3.495000000000000107e+00,1.256346693776964685e+03,6.356359693292139355e+02,-2.727377940240202081e-01,-3.555163281201673131e-02,-1.107809394280369020e+01
3.497500000000000053e+00,1.257935987397191866e+03,6.359948374086802687e+02,-2.731564618302354530e-01,-3.555163281201673131e-02,-1.111711658296803940e+01
3.500000000000000000e+00,1.259526178198459320e+03,6.363537245984333595e+02,-2.735743789211169674e-01,-3.555163281201673131e-02,-1.115619661380625161e+01
3.502499999999999947e+00,1.261117266228762901e+03,6.367126341220936183e+02,-2.739918495673623888e-01,-3.555163281201673131e-02,-1.119533408820464615e+01
3.504999999999999893e+00,1.262709251547376425e+03,6.370715691894530437e+02,-2.744085953658356170e-01,-3.555163281201673131e-02,-1.123452905446360006e+01
3.507499999999999840e+00,1.264302134218163474e+03,6.374305298003235976e+02,-2.748214833743464758e-01,-3.555163281201673131e-02,-1.127378131582595344e+01
3.509999999999999787e+00,1.265895914304975577e+03,6.377895159407986512e+02,-2.752302051350756784e-01,-3.555163281201673131e-02,-1.131309044654397411e+01
3.512499999999999734e+00,1.267490591870133585e+03,6.381485036974974037e+02,-2.756351388309546957e-01,-3.555163281201673131e-02,-1.135245597767043257e+01
3.514999999999999680e+00,1.269086166892036317e+03,6.385074691410212608e+02,-2.760366423256962465e-01,-3.555163281201673131e-02,-1.139187748373326592e+01
3.517499999999999627e+00,1.270682639314871267e+03,6.388664122133989167e+02,-2.764347704900421143e-01,-3.555163281201673131e-02,-1.143135458170331553e+01
3.520000000000000018e+00,1.272280009082673132e+03,6.392253328451579364e+02,-2.768299603539184917e-01,-3.555163281201673131e-02,-1.147088689838462550e+01
3.522499999999999964e+00,1.273878276139496165e+03,6.395842341282486814e+02,-2.772225683698548160e-01,-3.555163281201673131e-02,-1.151047413990311341e+01
3.524999999999999911e+00,1.275477440440323107e+03,6.399431191448688878e+02,-2.776124030228651618e-01,-3.555163281201673131e-02,-1.155011603554738464e+01
3.527499999999999858e+00,1.277077501944433152e+03,6.403019877950181353e+02,-2.780001067006970250e-01,-3.555163281201673131e-02,-1.158981232687151852e+01
3.529999999999999805e+00,1.278678460610851289e+03,6.406608399703028454e+02,-2.783856443688334514e-01,-3.555163281201673131e-02,-1.162956279731993092e+01
3.532499999999999751e+00,1.280280316396990202e+03,6.410196541718240724e+02,-2.787688818961687742e-01,-3.555163281201673131e-02,-1.166936725066445568e+01
3.534999999999999698e+00,1.281883069184909800e+03,6.413784088885545316e+02,-2.791504731660879868e-01,-3.555163281201673131e-02,-1.170922552082214807e+01
3.537499999999999645e+00,1.283486718825820617e+03,6.417371039820001215e+02,-2.795303565055707873e-01,-3.555163281201673131e-02,-1.174913751829113373e+01
3.540000000000000036e+00,1.285091265170584393e+03,6.420957393065352790e+02,-2.799082998876536998e-01,-3.555163281201673131e-02,-1.178910307502253119e+01
3.542499999999999982e+00,1.286696708069686792e+03,6.424543145900257741e+02,-2.802844602642735605e-01,-3.555163281201673131e-02,-1.182912206690208556e+01
3.544999999999999929e+00,1.288303047372808351e+03,6.428128295578462712e+02,-2.806594912523496799e-01,-3.555163281201673131e-02,-1.186919440504201617e+01
3.547499999999999876e+00,1.289910282929073446e+03,6.431712840538792761e+02,-2.810327673644043567e-01,-3.555163281201673131e-02,-1.190932001075691105e+01
3.549999999999999822e+00,1.291518414587212419e+03,6.435296779196519310e+02,-2.814042599334980466e-01,-3.555163281201673131e-02,-1.194949881853782436e+01
3.552499999999999769e+00,1.293127442196991296e+03,6.438880338989846450e+02,-2.817746513207476378e-01,-3.555163281201673131e-02,-1.198973073586479821e+01
3.554999999999999716e+00,1.294737365688170712e+03,6.442463747397504221e+02,-2.821440461890507567e-01,-3.555163281201673131e-02,-1.203001571923202562e+01
3.557499999999999662e+00,1.296348185022820189e+03,6.446047002925125753e+02,-2.825123035483273481e-01,-3.555163281201673131e-02,-1.207035377487060757e+01
3.560000000000000053e+00,1.297959900162636359e+03,6.449630104077516535e+02,-2.828792489612241279e-01,-3.555163281201673131e-02,-1.211074488430189611e+01
3.562500000000000000e+00,1.299572511067491860e+03,6.453212817868255797e+02,-2.832453303710673609e-01,-3.555163281201673131e-02,-1.215118898404644199e+01
3.564999999999999947e+00,1.301186017615631044e+03,6.456794911300619333e+02,-2.836103937032428135e-01,-3.555163281201673131e-02,-1.219168608289301226e+01
3.567499999999999893e+00,1.302800419651878656e+03,6.460376382873204193e+02,-2.839742945960619380e-01,-3.555163281201673131e-02,-1.223223618416702685e+01
3.569999999999999840e+00,1.304415717020685406e+03,6.463957231117522042e+02,-2.843370325953520905e-01,-3.555163281201673131e-02,-1.227283926847880657e+01
3.572499999999999787e+00,1.306031909566207560e+03,6.467537465890076191e+02,-2.846989644523253427e-01,-3.555163281201673131e-02,-1.231349533276016750e+01
3.574999999999999734e+00,1.307648997136209346e+03,6.471117097126445969e+02,-2.850602695256139185e-01,-3.555163281201673131e-02,-1.235420440092101657e+01
3.577499999999999680e+00,1.309266979579733061e+03,6.474696123557779401e+02,-2.854205259724705845e-01,-3.555163281201673131e-02,-1.239496649435712250e+01
3.580000000000000071e+00,1.310885856745508363e+03,6.478274543985835408e+02,-2.857803753139021574e-01,-3.555163281201673131e-02,-1.243578163480023235e+01
3.582500000000000018e+00,1.312505628483574128e+03,6.481852614333563452e+02,-2.861392613100705029e-01,-3.555163281201673131e-02,-1.247664984630964469e+01
3.584999999999999964e+00,1.314126294733924169e+03,6.485430590674687892e+02,-2.864973182616570857e-01,-3.555163281201673131e-02,-1.251757115843143708e+01
3.587499999999999911e+00,1.315747855473008485e+03,6.489008472193302168e+02,-2.868549083531789501e-01,-3.555163281201673131e-02,-1.255854561106541567e+01
3.589999999999999858e+00,1.317370310677077441e+03,6.492586258181887615e+02,-2.872116590289452431e-01,-3.555163281201673131e-02,-1.259957326008937528e+01
3.592499999999999805e+00,1.318993660320676781e+03,6.496163702307602534e+02,-2.875679641232086747e-01,-3.555163281201673131e-02,-1.264065413907390045e+01
3.594999999999999751e+00,1.320617904291950026e+03,6.499740558298742599e+02,-2.879237116875872915e-01,-3.555163281201673131e-02,-1.268178829441618660e+01
3.597499999999999698e+00,1.322243042443833929e+03,6.503316825683740490e+02,-2.882792052861984922e-01,-3.555163281201673131e-02,-1.272297577841472815e+01
3.600000000000000089e+00,1.323869074629154056e+03,6.506892504096475705e+02,-2.886338715422743784e-01,-3.555163281201673131e-02,-1.276421667220052392e+01
3.602500000000000036e+00,1.325496000700541344e+03,6.510467575992283855e+02,-2.889882605407967930e-01,-3.555163281201673131e-02,-1.280551103849691508e+01
3.604999999999999982e+00,1.327123820504499463e+03,6.514042023923019542e+02,-2.893422985725744301e-01,-3.555163281201673131e-02,-1.284685889812753778e+01
3.607499999999999929e+00,1.328752533885035064e+03,6.517615847885967924e+02,-2.896959232630186287e-01,-3.555163281201673131e-02,-1.288826031607465339e+01
3.609999999999999876e+00,1.330382140686160255e+03,6.521189048036459326e+02,-2.900496771343265001e-01,-3.555163281201673131e-02,-1.292971537537407478e+01
3.612499999999999822e+00,1.332012640753571759e+03,6.524761886469956380e+02,-2.904029167473903827e-01,-3.555163281201673131e-02,-1.297122413472330216e+01
3.614999999999999769e+00,1.333644034024946450e+03,6.528334625464858618e+02,-2.907558944220747232e-01,-3.555163281201673131e-02,-1.301278667860352733e+01
3.617499999999999716e+00,1.335276320475455350e+03,6.531907265608683701e+02,-2.911089246935410491e-01,-3.555163281201673131e-02,-1.305440307343517325e+01
3.620000000000000107e+00,1.336909500080422504e+03,6.535479807599662081e+02,-2.914621706662113287e-01,-3.555163281201673131e-02,-1.309607338394178555e+01
3.622500000000000053e+00,1.338543572814783374e+03,6.539052161343959142e+02,-2.918150444451989567e-01,-3.555163281201673131e-02,-1.313779768705326845e+01
3.625000000000000000e+00,1.340178538621775033e+03,6.542624236837572198e+02,-2.921681171498992091e-01,-3.555163281201673131e-02,-1.317957605688972400e+01
3.627499999999999947e+00,1.341814397431889574e+03,6.546196035086785514e+02,-2.925207428699597711e-01,-3.555163281201673131e-02,-1.322140857141101300e+01
3.629999999999999893e+00,1.343451149175876253e+03,6.549767557207454729e+02,-2.928741366441228733e-01,-3.555163281201673131e-02,-1.326329529383970041e+01
3.632499999999999840e+00,1.345088793786451561e+03,6.553339073543546647e+02,-2.932273713017666261e-01,-3.555163281201673131e-02,-1.330523632257951583e+01
3.634999999999999787e+00,1.346727331291111568e+03,6.556910854592423448e+02,-2.935809424184916416e-01,-3.555163281201673131e-02,-1.334723173245655659e+01
3.637499999999999734e+00,1.348366761756115693e+03,6.560482901832446032e+02,-2.939346892566827019e-01,-3.555163281201673131e-02,-1.338928158664099932e+01
3.640000000000000124e+00,1.350007085248100111e+03,6.564055216835815827e+02,-2.942889309684089127e-01,-3.555163281201673131e-02,-1.343138597739755724e+01
3.642500000000000071e+00,1.351648301834707127e+03,6.567627899135769667e+02,-2.946436122238372257e-01,-3.555163281201673131e-02,-1.347354498347409724e+01
3.645000000000000018e+00,1.353290411618356302e+03,6.571201048323445093e+02,-2.949988483413957252e-01,-3.555163281201673131e-02,-1.351575867553194854e+01
3.647499999999999964e+00,1.354933414715869731e+03,6.574774666206066058e+02,-2.953546798927045303e-01,-3.555163281201673131e-02,-1.355802715069673603e+01
3.649999999999999911e+00,1.356577311244526982e+03,6.578348754647465739e+02,-2.957103297878761472e-01,-3.555163281201673131e-02,-1.360035048210145447e+01
3.652499999999999858e+00,1.358222101319620833e+03,6.581922923086058290e+02,-2.960668679722001095e-01,-3.555163281201673131e-02,-1.364272873825055576e+01
3.654999999999999805e+00,1.359867784919159476e+03,6.585496780932450065e+02,-2.964243715618634645e-01,-3.555163281201673131e-02,-1.368516200777784064e+01
3.657499999999999751e+00,1.361514361965598255e+03,6.589070330034331846e+02,-2.967825042340112573e-01,-3.555163281201673131e-02,-1.372765036321770715e+01
3.660000000000000142e+00,1.363161832381857948e+03,6.592643572256216657e+02,-2.971415540232070218e-01,-3.555163281201673131e-02,-1.377019387509893100e+01
3.662500000000000089e+00,1.364810196092249271e+03,6.596216657434572426e+02,-2.975010322116048433e-01,-3.555163281201673131e-02,-1.381279265451554572e+01
3.665000000000000036e+00,1.366459453073489385e+03,6.599789735432060525e+02,-2.978610591461357537e-01,-3.555163281201673131e-02,-1.385544675060313757e+01
3.667499999999999982e+00,1.368109603323890497e+03,6.603362808174914562e+02,-2.982220742998142882e-01,-3.555163281201673131e-02,-1.389815624167058949e+01
3.669999999999999929e+00,1.369760646842250253e+03,6.606935877605664018e+02,-2.985838102548714623e-01,-3.555163281201673131e-02,-1.394092119419999243e+01
3.672499999999999876e+00,1.371412583626797186e+03,6.610508777154680047e+02,-2.989467985296528907e-01,-3.555163281201673131e-02,-1.398374167455052586e+01
3.674999999999999822e+00,1.373065413617093782e+03,6.614081340195565417e+02,-2.993105126007972183e-01,-3.555163281201673131e-02,-1.402661776706772834e+01
3.677499999999999769e+00,1.374719136729118873e+03,6.617653568565864362e+02,-2.996754475919786720e-01,-3.555163281201673131e-02,-1.406954953825613508e+01
3.680000000000000160e+00,1.376373752879306949e+03,6.621225464052652114e+02,-3.000417072659961604e-01,-3.555163281201673131e-02,-1.411253706497368121e+01
3.682500000000000107e+00,1.378029261983308288e+03,6.624796831883752475e+02,-3.004090564870394164e-01,-3.555163281201673131e-02,-1.415558042498560276e+01
3.685000000000000053e+00,1.379685663888222052e+03,6.628367477128314249e+02,-3.007773686118809242e-01,-3.555163281201673131e-02,-1.419867968638795830e+01
3.687500000000000000e+00,1.381342958413490578e+03,6.631937401329714703e+02,-3.011466058200133467e-01,-3.555163281201673131e-02,-1.424183491836100224e+01
3.689999999999999947e+00,1.383001145378939555e+03,6.635506605967296991e+02,-3.015170853077476232e-01,-3.555163281201673131e-02,-1.428504617254275288e+01
3.692499999999999893e+00,1.384660224607204100e+03,6.639075483586458404e+02,-3.018886920826028275e-01,-3.555163281201673131e-02,-1.432831350584867458e+01
3.694999999999999840e+00,1.386320196058565898e+03,6.642644426791531487e+02,-3.022615343990208148e-01,-3.555163281201673131e-02,-1.437163700649268350e+01
3.697499999999999787e+00,1.387981059749508177e+03,6.646213437064541267e+02,-3.026355874545887392e-01,-3.555163281201673131e-02,-1.441501673845022857e+01
3.700000000000000178e+00,1.389642815696877051e+03,6.649782515803469778e+02,-3.030110980488269212e-01,-3.555163281201673131e-02,-1.445845275872801672e+01
3.702500000000000124e+00,1.391305463916765802e+03,6.653351488013466906e+02,-3.033880008522663041e-01,-3.555163281201673131e-02,-1.450194516748384821e+01
3.705000000000000071e+00,1.392969004363700833e+03,6.656920178579190406e+02,-3.037662917795290185e-01,-3.555163281201673131e-02,-1.454549399272162979e+01
3.707500000000000018e+00,1.394633436967334319e+03,6.660488588591040298e+02,-3.041459441930796648e-01,-3.555163281201673131e-02,-1.458909935788044443e+01
3.709999999999999964e+00,1.396298761657586965e+03,6.664056719073915929e+02,-3.045270459775552552e-01,-3.555163281201673131e-02,-1.463276129443117668e+01
3.712499999999999911e+00,1.397964978363203727e+03,6.667624342339194072e+02,-3.049097664359729509e-01,-3.555163281201673131e-02,-1.467647990172988948e+01
3.714999999999999858e+00,1.399632086932907896e+03,6.671191230595796924e+02,-3.052939968200805154e-01,-3.555163281201673131e-02,-1.472025524518032569e+01
3.717499999999999805e+00,1.401300087182986772e+03,6.674757384507422557e+02,-3.056798621732064736e-01,-3.555163281201673131e-02,-1.476408740727814717e+01
3.720000000000000195e+00,1.402968978929889317e+03,6.678322804659761687e+02,-3.060670894534625042e-01,-3.555163281201673131e-02,-1.480797644779588573e+01
3.722500000000000142e+00,1.404638761992348236e+03,6.681887834141446092e+02,-3.064558610887997414e-01,-3.555163281201673131e-02,-1.485192244611397605e+01
3.725000000000000089e+00,1.406309436309473085e+03,6.685452816050582214e+02,-3.068459986877774548e-01,-3.555163281201673131e-02,-1.489592546645775428e+01
3.727500000000000036e+00,1.407981001869398369e+03,6.689017750901866748e+02,-3.072378485738672671e-01,-3.555163281201673131e-02,-1.493998556680045375e+01
3.729999999999999982e+00,1.409653458660389333e+03,6.692582639148834005e+02,-3.076315728065395216e-01,-3.555163281201673131e-02,-1.498410289274443130e+01
3.732499999999999929e+00,1.411326806670606175e+03,6.696147447209594930e+02,-3.080245627870301650e-01,-3.555163281201673131e-02,-1.502827746406141607e+01
3.734999999999999876e+00,1.413001045876017542e+03,6.699712134313908791e+02,-3.084159650510870931e-01,-3.555163281201673131e-02,-1.507250904553502657e+01
3.737499999999999822e+00,1.414676176245628085e+03,6.703276690810207583e+02,-3.088057151349097862e-01,-3.555163281201673131e-02,-1.511679727143072327e+01
3.740000000000000213e+00,1.416352197746935872e+03,6.706841116885453857e+02,-3.091942417526294951e-01,-3.555163281201673131e-02,-1.516114176879995235e+01
3.742500000000000160e+00,1.418029110345547451e+03,6.710405125610602681e+02,-3.095818490584478222e-01,-3.555163281201673131e-02,-1.520554221883460322e+01
3.745000000000000107e+00,1.419706913906400587e+03,6.713968430467259623e+02,-3.099688686853039887e-01,-3.555163281201673131e-02,-1.524999835420935490e+01
3.747500000000000053e+00,1.421385608253518740e+03,6.717531031312739742e+02,-3.103556693735025074e-01,-3.555163281201673131e-02,-1.529450994599050695e+01
3.750000000000000000e+00,1.423065193210891948e+03,6.721092927950456897e+02,-3.107421546440534144e-01,-3.555163281201673131e-02,-1.533907682127793670e+01
3.752499999999999947e+00,1.424745668603905187e+03,6.724654352087200095e+02,-3.111283233816572458e-01,-3.555163281201673131e-02,-1.538369882382888143e+01
3.754999999999999893e+00,1.426427034339298871e+03,6.728215535438988582e+02,-3.115150923414322648e-01,-3.555163281201673131e-02,-1.542837583483868791e+01
3.757499999999999840e+00,1.428109290356865358e+03,6.731776477774626528e+02,-3.119020185825592817e-01,-3.555163281201673131e-02,-1.547310773885380719e+01
3.759999999999999787e+00,1.429792436596335392e+03,6.735337178830890252e+02,-3.122896842124965322e-01,-3.555163281201673131e-02,-1.551789445470076245e+01
3.762499999999999734e+00,1.431476472998275767e+03,6.738897782472339486e+02,-3.126775865240551400e-01,-3.555163281201673131e-02,-1.556273594014711392e+01
3.764999999999999680e+00,1.433161399553778438e+03,6.742458432576128189e+02,-3.130664096646990635e-01,-3.555163281201673131e-02,-1.560763215619407518e+01
3.767499999999999627e+00,1.434847216274445145e+03,6.746019128907618096e+02,-3.134559181323806065e-01,-3.555163281201673131e-02,-1.565258308423904943e+01
3.770000000000000018e+00,1.436533923171821243e+03,6.749579871248740801e+02,-3.138462741874442075e-01,-3.555163281201673131e-02,-1.569758874552894667e+01
3.772499999999999964e+00,1.438221520255214728e+03,6.753140310399223836e+02,-3.142371685947104587e-01,-3.555163281201673131e-02,-1.574264912425909380e+01
3.774999999999999911e+00,1.439910007411379411e+03,6.756700097081478589e+02,-3.146297067177314943e-01,-3.555163281201673131e-02,-1.578776426401333310e+01
3.777499999999999858e+00,1.441599384477180365e+03,6.760259230990733386e+02,-3.150232045549893889e-01,-3.555163281201673131e-02,-1.583293423457743110e+01
3.779999999999999805e+00,1.443289651289406720e+03,6.763817711813505866e+02,-3.154175492032207373e-01,-3.555163281201673131e-02,-1.587815906436420654e+01
3.782499999999999751e+00,1.444980807685780746e+03,6.767375701150212990e+02,-3.158133511314332731e-01,-3.555163281201673131e-02,-1.592343885010581950e+01
3.784999999999999698e+00,1.446672853560783778e+03,6.770933360681750628e+02,-3.162099993826283373e-01,-3.555163281201673131e-02,-1.596877362612692508e+01
3.787499999999999645e+00,1.448365788831954660e+03,6.774490690254740457e+02,-3.166080846413578120e-01,-3.555163281201673131e-02,-1.601416347961386677e+01
3.790000000000000036e+00,1.450059613416798356e+03,6.778047689788265870e+02,-3.170071497406767302e-01,-3.555163281201673131e-02,-1.605960851965551939e+01
3.792499999999999982e+00,1.451754327234382117e+03,6.781604612573947861e+02,-3.174072740987287089e-01,-3.555163281201673131e-02,-1.610510881335125433e+01
3.794999999999999929e+00,1.453449930292696536e+03,6.785161712009233952e+02,-3.178088369675151625e-01,-3.555163281201673131e-02,-1.615066447069981592e+01
3.797499999999999876e+00,1.455146422635910994e+03,6.788718988244578441e+02,-3.182118147740237157e-01,-3.555163281201673131e-02,-1.619627561602581522e+01
3.799999999999999822e+00,1.456843804308235804e+03,6.792276441469102792e+02,-3.186151279127777403e-01,-3.555163281201673131e-02,-1.624194237754920067e+01
3.802499999999999769e+00,1.458542075352095935e+03,6.795833778589372969e+02,-3.190197491624176540e-01,-3.555163281201673131e-02,-1.628766480277406004e+01
3.804999999999999716e+00,1.460241235707015676e+03,6.799390706526872918e+02,-3.194254013033209771e-01,-3.555163281201673131e-02,-1.633344303701371913e+01
3.807499999999999662e+00,1.461941285270712569e+03,6.802947225522459576e+02,-3.198325829292234523e-01,-3.555163281201673131e-02,-1.637927716593161875e+01
3.810000000000000053e+00,1.463642223940966687e+03,6.806503335887316553e+02,-3.202408490324161194e-01,-3.555163281201673131e-02,-1.642516735966231067e+01
3.812500000000000000e+00,1.465344051615172475e+03,6.810058963171311461e+02,-3.206497576027316221e-01,-3.555163281201673131e-02,-1.647111369796190772e+01
3.814999999999999947e+00,1.467046768164555033e+03,6.813614032956106712e+02,-3.210603584584151293e-01,-3.555163281201673131e-02,-1.651711630425208099e+01
3.817499999999999893e+00,1.468750373449765902e+03,6.817168545729617790e+02,-3.214716803472916218e-01,-3.555163281201673131e-02,-1.656317533088807892e+01
3.819999999999999840e+00,1.470454867331580999e+03,6.820722502028958161e+02,-3.218841520599459716e-01,-3.555163281201673131e-02,-1.660929090117387474e+01
3.822499999999999787e+00,1.472160249673268027e+03,6.824276278745421678e+02,-3.222981438549185618e-01,-3.555163281201673131e-02,-1.665546313711937287e+01
3.824999999999999734e+00,1.473866520470330215e+03,6.827830252906437636e+02,-3.227132045300230567e-01,-3.555163281201673131e-02,-1.670169220940443111e+01
3.827499999999999680e+00,1.475573679772175865e+03,6.831384425353362531e+02,-3.231288176774640974e-01,-3.555163281201673131e-02,-1.674797821006479737e+01
3.830000000000000071e+00,1.477281727628427006e+03,6.834938797028348745e+02,-3.235455979689276229e-01,-3.555163281201673131e-02,-1.679432132129113597e+01
3.832500000000000018e+00,1.478990664087238656e+03,6.838493095677872589e+02,-3.239633529265991130e-01,-3.555163281201673131e-02,-1.684072163215135731e+01
3.834999999999999964e+00,1.480700489101100402e+03,6.842047049031792767e+02,-3.243818251168844036e-01,-3.555163281201673131e-02,-1.688717927594231583e+01
3.837499999999999911e+00,1.482411202583743716e+03,6.845600658087058719e+02,-3.248011689980916938e-01,-3.555163281201673131e-02,-1.693369440689409799e+01
3.839999999999999858e+00,1.484122804449150863e+03,6.849153923879978265e+02,-3.252211205684437112e-01,-3.555163281201673131e-02,-1.698026712478756295e+01
3.842499999999999805e+00,1.485835294610908250e+03,6.852706742125648134e+02,-3.256426625864815572e-01,-3.555163281201673131e-02,-1.702689750891751430e+01
3.844999999999999751e+00,1.487548672945889393e+03,6.856259008585033143e+02,-3.260649293840880425e-01,-3.555163281201673131e-02,-1.707358576713721732e+01
3.847499999999999698e+00,1.489262939316213306e+03,6.859810724409910563e+02,-3.264879744819084717e-01,-3.555163281201673131e-02,-1.712033204124785257e+01
3.850000000000000089e+00,1.490978093584285716e+03,6.863361890756732464e+02,-3.269116615805257586e-01,-3.555163281201673131e-02,-1.716713642456723576e+01
3.852500000000000036e+00,1.492694135614306106e+03,6.866912749183106826e+02,-3.273357861282672476e-01,-3.555163281201673131e-02,-1.721399901621793660e+01
3.854999999999999982e+00,1.494411065355147912e+03,6.870463541346200600e+02,-3.277604524160747657e-01,-3.555163281201673131e-02,-1.726091993579311890e+01
3.857499999999999929e+00,1.496128882790322677e+03,6.874014268611424541e+02,-3.281859146760235380e-01,-3.555163281201673131e-02,-1.730789925661002471e+01
3.859999999999999876e+00,1.497847587903683689e+03,6.877564932356011695e+02,-3.286122524851606275e-01,-3.555163281201673131e-02,-1.735493716615952664e+01
3.862499999999999822e+00,1.499567180679549438e+03,6.881115553126277291e+02,-3.290389483347841426e-01,-3.555163281201673131e-02,-1.740203377472168356e+01
3.864999999999999769e+00,1.501287661109391820e+03,6.884666147826484348e+02,-3.294662391574618154e-01,-3.555163281201673131e-02,-1.744918917840485051e+01
3.867499999999999716e+00,1.503009029185510826e+03,6.888216707403580585e+02,-3.298938385404805995e-01,-3.555163281201673131e-02,-1.749640348534868295e+01
3.870000000000000107e+00,1.504731284899413367e+03,6.891767231339937325e+02,-3.303223770470722354e-01,-3.555163281201673131e-02,-1.754367676899467199e+01
3.872500000000000053e+00,1.506454428240662764e+03,6.895317464060118482e+02,-3.307512964975306002e-01,-3.555163281201673131e-02,-1.759100916201758125e+01
3.875000000000000000e+00,1.508178459109094774e+03,6.898867151076436812e+02,-3.311804436192162804e-01,-3.555163281201673131e-02,-1.763840076516238753e+01
3.877499999999999947e+00,1.509903377368354313e+03,6.902416293634692011e+02,-3.316099789093213679e-01,-3.555163281201673131e-02,-1.768585166604174219e+01
3.879999999999999893e+00,1.511629182882395753e+03,6.905964892939946367e+02,-3.320401140634654524e-01,-3.555163281201673131e-02,-1.773336196432415690e+01
3.882499999999999840e+00,1.513355875516051810e+03,6.909513042358728399e+02,-3.324709816419071928e-01,-3.555163281201673131e-02,-1.778093172111741183e+01
3.884999999999999787e+00,1.515083455166803788e+03,6.913060835267875746e+02,-3.329016132385526072e-01,-3.555163281201673131e-02,-1.782856110772820202e+01
3.887499999999999734e+00,1.516811921745593963e+03,6.916608272854562074e+02,-3.333326181093522189e-01,-3.555163281201673131e-02,-1.787625012531695035e+01
3.890000000000000124e+00,1.518541275163655882e+03,6.920155356249262013e+02,-3.337641216942900946e-01,-3.555163281201673131e-02,-1.792399888687889487e+01
3.892500000000000071e+00,1.520271515334534570e+03,6.923702411294832473e+02,-3.341958935512585049e-01,-3.555163281201673131e-02,-1.797180743920266721e+01
3.895000000000000018e+00,1.522002642286040782e+03,6.927249763894325270e+02,-3.346276715813695235e-01,-3.555163281201673131e-02,-1.801967591206748764e+01
3.897499999999999964e+00,1.523734656092630303e+03,6.930797415191451591e+02,-3.350594712648965467e-01,-3.555163281201673131e-02,-1.806760438014137904e+01
3.899999999999999911e+00,1.525467556829039040e+03,6.934345366261101162e+02,-3.354919590938961749e-01,-3.555163281201673131e-02,-1.811559284867754727e+01
3.902499999999999858e+00,1.527201344568263039e+03,6.937893296945441080e+02,-3.359247681286058329e-01,-3.555163281201673131e-02,-1.816364143290950395e+01
3.904999999999999805e+00,1.528936019270808856e+03,6.941440886983301652e+02,-3.363577246317828728e-01,-3.555163281201673131e-02,-1.821175022915710073e+01
3.907499999999999751e+00,1.530671580851561885e+03,6.944988137184336665e+02,-3.367911780507317210e-01,-3.555163281201673131e-02,-1.825991931694058223e+01
3.910000000000000142e+00,1.532408029225606924e+03,6.948535048295584602e+02,-3.372242998209833975e-01,-3.555163281201673131e-02,-1.830814876693607474e+01
3.912500000000000089e+00,1.534145364307718410e+03,6.952081541914157015e+02,-3.376569524585557036e-01,-3.555163281201673131e-02,-1.835643865077704362e+01
3.915000000000000036e+00,1.535883585985076024e+03,6.955627539531961929e+02,-3.380903872041482461e-01,-3.555163281201673131e-02,-1.840478894255867814e+01
3.917499999999999982e+00,1.537622694133707682e+03,6.959173041642246744e+02,-3.385237021999628060e-01,-3.555163281201673131e-02,-1.845319976357797742e+01
3.919999999999999929e+00,1.539362688629762715e+03,6.962718048726786719e+02,-3.389571414432607233e-01,-3.555163281201673131e-02,-1.850167117381921855e+01
3.922499999999999876e+00,1.541103569351942951e+03,6.966262949917654623e+02,-3.393902325382556207e-01,-3.555163281201673131e-02,-1.855020320220309671e+01
3.924999999999999822e+00,1.542845336315493569e+03,6.969808134375464306e+02,-3.398230593226953533e-01,-3.555163281201673131e-02,-1.859879585994532647e+01
3.927499999999999769e+00,1.544587989591258975e+03,6.973353602539237954e+02,-3.402560429930765462e-01,-3.555163281201673131e-02,-1.864744923394790277e+01
3.930000000000000160e+00,1.546331529250187486e+03,6.976899354767382420e+02,-3.406892236494411530e-01,-3.555163281201673131e-02,-1.869616335276796804e+01
3.932500000000000107e+00,1.548075955361418210e+03,6.980445088230421788e+02,-3.411225499028273656e-01,-3.555163281201673131e-02,-1.874493828678822638e+01
3.935000000000000053e+00,1.549821267887759404e+03,6.983990499987622798e+02,-3.415555452331270891e-01,-3.555163281201673131e-02,-1.879377411232525930e+01
3.937500000000000000e+00,1.551567466748789684e+03,6.987535590093240216e+02,-3.419887198819899776e-01,-3.555163281201673131e-02,-1.884267086494748966e+01
3.939999999999999947e+00,1.553314551864096529e+03,6.991080358525204019e+02,-3.424216127530775311e-01,-3.555163281201673131e-02,-1.889162856709712202e+01
3.942499999999999893e+00,1.555062523152961603e+03,6.994624757485179316e+02,-3.428542878561455787e-01,-3.555163281201673131e-02,-1.894064733840506420e+01
3.944999999999999840e+00,1.556811380517889347e+03,6.998168739097815205e+02,-3.432868155811750754e-01,-3.555163281201673131e-02,-1.898972715677799528e+01
3.947499999999999787e+00,1.558561123854532070e+03,7.001712303126220149e+02,-3.437193524762138241e-01,-3.555163281201673131e-02,-1.903886806084992145e+01
3.950000000000000178e+00,1.560311753058480690e+03,7.005255449303639352e+02,-3.441512983997657704e-01,-3.555163281201673131e-02,-1.908807007687891399e+01
3.952500000000000124e+00,1.562063268026045307e+03,7.008798303782250514e+02,-3.445836521074802650e-01,-3.555163281201673131e-02,-1.913733324870882413e+01
3.955000000000000071e+00,1.563815668697848878e+03,7.012340992694352053e+02,-3.450151766066790748e-01,-3.555163281201673131e-02,-1.918665764797660955e+01
3.957500000000000018e+00,1.565568955032479607e+03,7.015883515680973233e+02,-3.454463310953987953e-01,-3.555163281201673131e-02,-1.923604326940135323e+01
3.959999999999999964e+00,1.567323126988435888e+03,7.019425872357497838e+02,-3.458753596861873225e-01,-3.555163281201673131e-02,-1.928548999666162800e+01
3.962499999999999911e+00,1.569078184525157212e+03,7.022968228870221310e+02,-3.463009155678131723e-01,-3.555163281201673131e-02,-1.933499755763993377e+01
3.964999999999999858e+00,1.570834127660447848e+03,7.026510751369274885e+02,-3.467237317125753671e-01,-3.555163281201673131e-02,-1.938456559200325913e+01
3.967499999999999805e+00,1.572590956435779162e+03,7.030053439424522139e+02,-3.471436543190465351e-01,-3.555163281201673131e-02,-1.943419373715585152e+01
3.970000000000000195e+00,1.574348670892515884e+03,7.033596292576946780e+02,-3.475614599234885249e-01,-3.555163281201673131e-02,-1.948388167081015609e+01
3.972500000000000142e+00,1.576107271070206252e+03,7.037139038430103710e+02,-3.479766747296309526e-01,-3.555163281201673131e-02,-1.953362913351179486e+01
3.975000000000000089e+00,1.577866756912827896e+03,7.040681404509488175e+02,-3.483901416441723131e-01,-3.555163281201673131e-02,-1.958343587786491469e+01
3.977500000000000036e+00,1.579627128325403646e+03,7.044223390185076141e+02,-3.488016668491241146e-01,-3.555163281201673131e-02,-1.963330170319940038e+01
3.979999999999999982e+00,1.581388385212795129e+03,7.047764994814975807e+02,-3.492112899855636110e-01,-3.555163281201673131e-02,-1.968322638793174306e+01
3.982499999999999929e+00,1.583150527479501989e+03,7.051306185209941759e+02,-3.496192710231704748e-01,-3.555163281201673131e-02,-1.973320980546991521e+01
3.984999999999999876e+00,1.584913555018437819e+03,7.054846928158206083e+02,-3.500259456020511362e-01,-3.555163281201673131e-02,-1.978325174718732171e+01
3.987499999999999822e+00,1.586677467717702712e+03,7.058387223000573840e+02,-3.504310048744013750e-01,-3.555163281201673131e-02,-1.983335210346926303e+01
3.990000000000000213e+00,1.588442265465233504e+03,7.061927069107798616e+02,-3.508353899718045232e-01,-3.555163281201673131e-02,-1.988351073048592355e+01
3.992500000000000160e+00,1.590207948151629580e+03,7.065466916651199654e+02,-3.512385092007579979e-01,-3.555163281201673131e-02,-1.993372758380285248e+01
3.995000000000000107e+00,1.591974515825571643e+03,7.069007215904424584e+02,-3.516407413797401071e-01,-3.555163281201673131e-02,-1.998400258048030054e+01
3.997500000000000053e+00,1.593741968599961865e+03,7.072547966442725738e+02,-3.520421824309609149e-01,-3.555163281201673131e-02,-2.003433568020599864e+01
4.000000000000000000e+00,1.595510306587598734e+03,7.076089167838638332e+02,-3.524425128209686675e-01,-3.555163281201673131e-02,-2.008472678543297008e+01
4.002500000000000391e+00,1.597279529898370811e+03,7.079630371443601007e+02,-3.528424635905554885e-01,-3.555163281201673131e-02,-2.013517590395524337e+01
4.005000000000000782e+00,1.599049638484724255e+03,7.083171128520168622e+02,-3.532420232539332239e-01,-3.555163281201673131e-02,-2.018568297822454838e+01
4.007500000000001172e+00,1.600820632234995628e+03,7.086711438533933460e+02,-3.536404164828584329e-01,-3.555163281201673131e-02,-2.023624802343412199e+01
4.009999999999999787e+00,1.602592511037390068e+03,7.090251300990337313e+02,-3.540386155757687114e-01,-3.555163281201673131e-02,-2.028687100478322591e+01
4.012500000000000178e+00,1.604365274780352365e+03,7.093790773000049512e+02,-3.544362725401519754e-01,-3.555163281201673131e-02,-2.033755192138331225e+01
4.015000000000000568e+00,1.606138923372421004e+03,7.097329911728262459e+02,-3.548337757502465495e-01,-3.555163281201673131e-02,-2.038829078482949697e+01
4.017500000000000959e+00,1.607913456730254438e+03,7.100868716828501874e+02,-3.552307385093347869e-01,-3.555163281201673131e-02,-2.043908760754965925e+01
4.019999999999999574e+00,1.609688874770427219e+03,7.104407187982160394e+02,-3.556272360337886518e-01,-3.555163281201673131e-02,-2.048994238328046080e+01
4.022499999999999964e+00,1.611465177410188517e+03,7.107945445034032446e+02,-3.560233738235620282e-01,-3.555163281201673131e-02,-2.054085512890566179e+01
4.025000000000000355e+00,1.613242364608882554e+03,7.111483607916273968e+02,-3.564195649785699138e-01,-3.555163281201673131e-02,-2.059182584212087974e+01
4.027500000000000746e+00,1.615020436342960238e+03,7.115021676522042071e+02,-3.568151994482784417e-01,-3.555163281201673131e-02,-2.064285455446936268e+01
4.030000000000000249e+00,1.616799392588848377e+03,7.118559650816966951e+02,-3.572106702118727495e-01,-3.555163281201673131e-02,-2.069394131303819151e+01
4.032500000000000639e+00,1.618579233323511971e+03,7.122097617679989980e+02,-3.576059880422299830e-01,-3.555163281201673131e-02,-2.074508615463615513e+01
4.035000000000001030e+00,1.620359958554414334e+03,7.125635664049323168e+02,-3.580008956431198763e-01,-3.555163281201673131e-02,-2.079628911340200048e+01
4.037500000000001421e+00,1.622141568301437019e+03,7.129173790063385923e+02,-3.583962586489756186e-01,-3.555163281201673131e-02,-2.084755020883845233e+01
4.040000000000000036e+00,1.623924062584501371e+03,7.132711995916287151e+02,-3.587915137590729775e-01,-3.555163281201673131e-02,-2.089886949695871010e+01
4.042500000000000426e+00,1.625707441422398460e+03,7.136250092526216804e+02,-3.591869554667815878e-01,-3.555163281201673131e-02,-2.095024702265949301e+01
4.045000000000000817e+00,1.627491704767521014e+03,7.139787890815451874e+02,-3.595823980096201633e-01,-3.555163281201673131e-02,-2.100168282059756564e+01
4.047500000000001208e+00,1.629276852545304337e+03,7.143325391087666958e+02,-3.599777395215279507e-01,-3.555163281201673131e-02,-2.105317694022043540e+01
4.049999999999999822e+00,1.631062884681263085e+03,7.146862593720420591e+02,-3.603732054091138282e-01,-3.555163281201673131e-02,-2.110472943022697123e+01
4.052500000000000213e+00,1.632849801100407149e+03,7.150399402331934198e+02,-3.607685010073897747e-01,-3.555163281201673131e-02,-2.115634035087401799e+01
4.055000000000000604e+00,1.634637601693872284e+03,7.153935720580026327e+02,-3.611643180632855277e-01,-3.555163281201673131e-02,-2.120800971925633505e+01
4.057500000000000995e+00,1.636426286339094304e+03,7.157471548961030976e+02,-3.615601288833849014e-01,-3.555163281201673131e-02,-2.125973765895760081e+01
4.059999999999999609e+00,1.638215854913635894e+03,7.161006888028026651e+02,-3.619563222037572303e-01,-3.555163281201673131e-02,-2.131152418538666282e+01
4.062500000000000000e+00,1.640006307298270031e+03,7.164542229315898112e+02,-3.623527922852886607e-01,-3.555163281201673131e-02,-2.136336934994846359e+01
4.065000000000000391e+00,1.641797643546253312e+03,7.168078064558035294e+02,-3.627495904827275908e-01,-3.555163281201673131e-02,-2.141527322340077433e+01
4.067500000000000782e+00,1.643589863781125359e+03,7.171614394648007647e+02,-3.631461992755246615e-01,-3.555163281201673131e-02,-2.146723586478193013e+01
4.070000000000000284e+00,1.645382968126647938e+03,7.175151220521906907e+02,-3.635430714808752795e-01,-3.555163281201673131e-02,-2.151925732582099116e+01
4.072500000000000675e+00,1.647176956703640144e+03,7.178688033878377155e+02,-3.639402142843455867e-01,-3.555163281201673131e-02,-2.157133769595198203e+01
4.075000000000001066e+00,1.648971829454396357e+03,7.182224326316584211e+02,-3.643379507025312214e-01,-3.555163281201673131e-02,-2.162347702020505480e+01
4.077500000000001457e+00,1.650767586248733096e+03,7.185760098682143280e+02,-3.647360453882190212e-01,-3.555163281201673131e-02,-2.167567537150560142e+01
4.080000000000000071e+00,1.652564226956681068e+03,7.189295351865252997e+02,-3.651344460098325251e-01,-3.555163281201673131e-02,-2.172793283687213872e+01
4.082500000000000462e+00,1.654361751448413315e+03,7.192830073238753812e+02,-3.655330747770499378e-01,-3.555163281201673131e-02,-2.178024946057993816e+01
4.085000000000000853e+00,1.656160159589576779e+03,7.196364250193339558e+02,-3.659326594464183402e-01,-3.555163281201673131e-02,-2.183262529147348374e+01
4.087500000000001243e+00,1.657959451244120601e+03,7.199897883701098635e+02,-3.663319334123809057e-01,-3.555163281201673131e-02,-2.188506040341583869e+01
4.089999999999999858e+00,1.659759626276238805e+03,7.203430974767253474e+02,-3.667321247414785379e-01,-3.555163281201673131e-02,-2.193755483481812973e+01
4.092500000000000249e+00,1.661560684551718168e+03,7.206963738460262903e+02,-3.671329170572135703e-01,-3.555163281201673131e-02,-2.199010868135599850e+01
4.095000000000000639e+00,1.663362626011733255e+03,7.210496389911457982e+02,-3.675341058381358939e-01,-3.555163281201673131e-02,-2.204272201218926597e+01
4.097500000000001030e+00,1.665165450628288227e+03,7.214028930248196048e+02,-3.679357453535142541e-01,-3.555163281201673131e-02,-2.209539487633468369e+01
4.099999999999999645e+00,1.666969158373665550e+03,7.217561360604021274e+02,-3.683376101371624300e-01,-3.555163281201673131e-02,-2.214812733962724423e+01
4.102500000000000036e+00,1.668773749219976935e+03,7.221093608171278220e+02,-3.687406686706601877e-01,-3.555163281201673131e-02,-2.220091945807840972e+01
4.105000000000000426e+00,1.670579223113654507e+03,7.224625600135793775e+02,-3.691438428653492365e-01,-3.555163281201673131e-02,-2.225377128879697608e+01
4.107500000000000817e+00,1.672385579990864017e+03,7.228157337666510784e+02,-3.695482253676879436e-01,-3.555163281201673131e-02,-2.230668286370341846e+01
4.110000000000000320e+00,1.674192819788063844e+03,7.231688821958741755e+02,-3.699530761636223297e-01,-3.555163281201673131e-02,-2.235965431259726799e+01
4.112500000000000711e+00,1.676000942442009546e+03,7.235220053597919332e+02,-3.703588680345210049e-01,-3.555163281201673131e-02,-2.241268572884905552e+01
4.115000000000001101e+00,1.677809947889537170e+03,7.238751033096330048e+02,-3.707650697210765900e-01,-3.555163281201673131e-02,-2.246577713344729688e+01
4.117500000000001492e+00,1.679619836067673987e+03,7.242281761586747280e+02,-3.711720965624182300e-01,-3.555163281201673131e-02,-2.251892858814916565e+01
4.120000000000000107e+00,1.681430606913733300e+03,7.245812240227334087e+02,-3.715798480998566689e-01,-3.555163281201673131e-02,-2.257214015625007875e+01
4.122500000000000497e+00,1.683242260363695550e+03,7.249342210187510318e+02,-3.719886736329015564e-01,-3.555163281201673131e-02,-2.262541192543792334e+01
4.125000000000000888e+00,1.685054796262566470e+03,7.252871412553026857e+02,-3.723981027447506587e-01,-3.555163281201673131e-02,-2.267874396031228912e+01
4.127500000000001279e+00,1.686868214418502703e+03,7.256399848326200299e+02,-3.728079625724401436e-01,-3.555163281201673131e-02,-2.273213632170838849e+01
4.129999999999999893e+00,1.688682514639912597e+03,7.259927518500415999e+02,-3.732187767528232780e-01,-3.555163281201673131e-02,-2.278558909924263887e+01
4.132500000000000284e+00,1.690497696738731747e+03,7.263454948438429710e+02,-3.736304201131893654e-01,-3.555163281201673131e-02,-2.283910234774616299e+01
4.135000000000000675e+00,1.692313760711206669e+03,7.266982663593938696e+02,-3.740428477461483769e-01,-3.555163281201673131e-02,-2.289267611892157461e+01
4.137500000000001066e+00,1.694130706628707912e+03,7.270510665094315073e+02,-3.744563314772866858e-01,-3.555163281201673131e-02,-2.294631051251253595e+01
4.139999999999999680e+00,1.695948534562880695e+03,7.274038954042271143e+02,-3.748702426183904146e-01,-3.555163281201673131e-02,-2.300000562824734729e+01
4.142500000000000071e+00,1.697767244583237698e+03,7.277567145314344543e+02,-3.752851327378419199e-01,-3.555163281201673131e-02,-2.305376149947993270e+01
4.145000000000000462e+00,1.699586836623991076e+03,7.281094853656428540e+02,-3.757015835653640945e-01,-3.555163281201673131e-02,-2.310757817355901977e+01
4.147500000000000853e+00,1.701407310564456793e+03,7.284622079931241387e+02,-3.761185450375615913e-01,-3.555163281201673131e-02,-2.316145580445179064e+01
4.150000000000000355e+00,1.703228666284167502e+03,7.288148824956321050e+02,-3.765364527278231010e-01,-3.555163281201673131e-02,-2.321539442763113925e+01
4.152500000000000746e+00,1.705050903662603105e+03,7.291675049353455051e+02,-3.769552649276357581e-01,-3.555163281201673131e-02,-2.326939411890564458e+01
4.155000000000001137e+00,1.706874022565343921e+03,7.295200713710172522e+02,-3.773753000695785897e-01,-3.555163281201673131e-02,-2.332345493075010623e+01
4.157500000000001528e+00,1.708698022852418489e+03,7.298725818741032754e+02,-3.777966904815489579e-01,-3.555163281201673131e-02,-2.337757698670210260e+01
4.160000000000000142e+00,1.710522904384036565e+03,7.302250365125797771e+02,-3.782189798592632823e-01,-3.555163281201673131e-02,-2.343176033860682850e+01
4.162500000000000533e+00,1.712348667021584333e+03,7.305774515041787254e+02,-3.786420682541005722e-01,-3.555163281201673131e-02,-2.348600509874465558e+01
4.165000000000000924e+00,1.714175310683308908e+03,7.309298430681673153e+02,-3.790661057580189675e-01,-3.555163281201673131e-02,-2.354031132246004177e+01
4.167500000000001315e+00,1.716002835310676801e+03,7.312822112670318120e+02,-3.794906036865633436e-01,-3.555163281201673131e-02,-2.359467910311863648e+01
4.169999999999999929e+00,1.717831240845309594e+03,7.316345561609311972e+02,-3.799167291230485244e-01,-3.555163281201673131e-02,-2.364910847306348884e+01
4.172500000000000320e+00,1.719660527229394120e+03,7.319868844574318700e+02,-3.803434700286442149e-01,-3.555163281201673131e-02,-2.370359956638296950e+01
4.175000000000000711e+00,1.721490694428603319e+03,7.323392028638764941e+02,-3.807717887830998071e-01,-3.555163281201673131e-02,-2.375815239871705487e+01
4.177500000000001101e+00,1.723321742418242820e+03,7.326915114352772207e+02,-3.812011929146513767e-01,-3.555163281201673131e-02,-2.381276708442446477e+01
4.179999999999999716e+00,1.725153671173758312e+03,7.330438102272383958e+02,-3.816316374688433766e-01,-3.555163281201673131e-02,-2.386744374647232902e+01
4.182500000000000107e+00,1.726986480669903585e+03,7.333960860484886553e+02,-3.820635742246994981e-01,-3.555163281201673131e-02,-2.392218246479421495e+01
4.185000000000000497e+00,1.728820170835073668e+03,7.337483257014862374e+02,-3.824953868102293209e-01,-3.555163281201673131e-02,-2.397698337306571759e+01
4.187500000000000888e+00,1.730654741578871381e+03,7.341005292207393040e+02,-3.829252341812262594e-01,-3.555163281201673131e-02,-2.403184627710834320e+01
4.190000000000000391e+00,1.732490192810975259e+03,7.344526966370909804e+02,-3.833537264993896465e-01,-3.555163281201673131e-02,-2.408677087604574041e+01
4.192500000000000782e+00,1.734326524439913783e+03,7.348048081850195103e+02,-3.837810132451681677e-01,-3.555163281201673131e-02,-2.414175689096037658e+01
4.195000000000001172e+00,1.736163736304795520e+03,7.351568440950555896e+02,-3.842067947426165975e-01,-3.555163281201673131e-02,-2.419680410612841825e+01
4.197500000000001563e+00,1.738001828216538797e+03,7.355088043877761947e+02,-3.846319952427110778e-01,-3.555163281201673131e-02,-2.425191224265324763e+01
4.200000000000000178e+00,1.739840799986110142e+03,7.358606890813363179e+02,-3.850563432976716882e-01,-3.555163281201673131e-02,-2.430708110051774540e+01
4.202500000000000568e+00,1.741680651426725944e+03,7.362125333929593580e+02,-3.854801126795112109e-01,-3.555163281201673131e-02,-2.436231054091375725e+01
4.205000000000000959e+00,1.743521382475196333e+03,7.365643725464686895e+02,-3.859029545518695703e-01,-3.555163281201673131e-02,-2.441760046160889885e+01
4.207500000000001350e+00,1.745362993118643317e+03,7.369162065700007815e+02,-3.863259907779558744e-01,-3.555163281201673131e-02,-2.447295072410073402e+01
4.209999999999999964e+00,1.747205483344255754e+03,7.372680354894016546e+02,-3.867488478035102650e-01,-3.555163281201673131e-02,-2.452836121781040291e+01
4.212500000000000355e+00,1.749048853133662760e+03,7.376197692707560236e+02,-3.871715845863067385e-01,-3.555163281201673131e-02,-2.458383189036529615e+01
4.215000000000000746e+00,1.750893102152422671e+03,7.379713178598011609e+02,-3.875941074160628719e-01,-3.555163281201673131e-02,-2.463936269734532303e+01
4.217500000000001137e+00,1.752738229937550614e+03,7.383226812472996698e+02,-3.880172442487876960e-01,-3.555163281201673131e-02,-2.469495356310731182e+01
4.219999999999999751e+00,1.754584236026036933e+03,7.386738594232929245e+02,-3.884404787214877919e-01,-3.555163281201673131e-02,-2.475060449063818879e+01
4.222500000000000142e+00,1.756431119960511978e+03,7.390249429648740715e+02,-3.888642792304632945e-01,-3.555163281201673131e-02,-2.480631547532649961e+01
4.225000000000000533e+00,1.758278881601554986e+03,7.393760224737694671e+02,-3.892883436767210492e-01,-3.555163281201673131e-02,-2.486208649145399363e+01
4.227500000000000924e+00,1.760127520939102851e+03,7.397270979782633731e+02,-3.897126462643262235e-01,-3.555163281201673131e-02,-2.491791753946007759e+01
4.230000000000000426e+00,1.761977037963161820e+03,7.400781695108927352e+02,-3.901371635368554580e-01,-3.555163281201673131e-02,-2.497380866155847201e+01
4.232500000000000817e+00,1.763827432661005560e+03,7.404291920626836827e+02,-3.905627564755404513e-01,-3.555163281201673131e-02,-2.502975985763570321e+01
4.235000000000001208e+00,1.765678704861883716e+03,7.407801206126212037e+02,-3.909888756883130867e-01,-3.555163281201673131e-02,-2.508577125938408514e+01
4.237500000000001599e+00,1.767530854330798320e+03,7.411309551736310368e+02,-3.914153385280448316e-01,-3.555163281201673131e-02,-2.514184286633886245e+01
4.240000000000000213e+00,1.769383880832783234e+03,7.414816957571713374e+02,-3.918422572328763565e-01,-3.555163281201673131e-02,-2.519797470819454688e+01
4.242500000000000604e+00,1.771237784135414358e+03,7.418323825238320524e+02,-3.922702323354401721e-01,-3.555163281201673131e-02,-2.525416684205145756e+01
4.245000000000000995e+00,1.773092564147219719e+03,7.421830556467012912e+02,-3.926989663394377938e-01,-3.555163281201673131e-02,-2.531041936347804722e+01
4.247500000000001386e+00,1.774948220834113727e+03,7.425337151624116814e+02,-3.931283494119221511e-01,-3.555163281201673131e-02,-2.536673231549888641e+01
4.250000000000000000e+00,1.776804754162098561e+03,7.428843611107884044e+02,-3.935583307288636479e-01,-3.555163281201673131e-02,-2.542310580832990752e+01
4.252500000000000391e+00,1.778662164097376717e+03,7.432349950854046483e+02,-3.939894657700794278e-01,-3.555163281201673131e-02,-2.547953984691547191e+01
4.255000000000000782e+00,1.780520450611704746e+03,7.435856186831248351e+02,-3.944212719637534281e-01,-3.555163281201673131e-02,-2.553603460051851570e+01
4.257500000000001172e+00,1.782379613679164095e+03,7.439362319504746210e+02,-3.948532573494022979e-01,-3.555163281201673131e-02,-2.559259007949421161e+01
4.259999999999999787e+00,1.784239653273956264e+03,7.442868349383689974e+02,-3.952861653110386064e-01,-3.555163281201673131e-02,-2.564920636473277682e+01
4.262500000000000178e+00,1.786100569370248195e+03,7.446374250151907290e+02,-3.957200990647877226e-01,-3.555163281201673131e-02,-2.570588348976552595e+01
4.265000000000000568e+00,1.787962361932909516e+03,7.449879995516596409e+02,-3.961550100788038820e-01,-3.555163281201673131e-02,-2.576262164777077501e+01
4.267500000000000959e+00,1.789825030923123677e+03,7.453385586083085173e+02,-3.965898134493509031e-01,-3.555163281201673131e-02,-2.581942093894298296e+01
4.269999999999999574e+00,1.791688576302224874e+03,7.456891022443201109e+02,-3.970260575324743302e-01,-3.555163281201673131e-02,-2.587628138649451515e+01
4.272499999999999964e+00,1.793552998031949755e+03,7.460396345492106320e+02,-3.974627096429405038e-01,-3.555163281201673131e-02,-2.593320319362092974e+01
4.275000000000000355e+00,1.795418296088322904e+03,7.463901596152827551e+02,-3.979006229714441290e-01,-3.555163281201673131e-02,-2.599018636635117829e+01
4.277500000000000746e+00,1.797284470453288804e+03,7.467406775113267940e+02,-3.983390700287621766e-01,-3.555163281201673131e-02,-2.604723105440840669e+01
4.280000000000000249e+00,1.799151521108959741e+03,7.470911883078398432e+02,-3.987781131863880058e-01,-3.555163281201673131e-02,-2.610433733946892687e+01
4.282500000000000639e+00,1.801019448034819106e+03,7.474416471523348946e+02,-3.992178570289036110e-01,-3.555163281201673131e-02,-2.616150531460210615e+01
4.285000000000001030e+00,1.802888251052839450e+03,7.477920091857898797e+02,-3.996588882232903761e-01,-3.555163281201673131e-02,-2.621873504246048014e+01
4.287500000000001421e+00,1.804757929921028108e+03,7.481422744725799703e+02,-4.001005074308369158e-01,-3.555163281201673131e-02,-2.627602671532156720e+01
4.290000000000000036e+00,1.806628484397554075e+03,7.484924430803741870e+02,-4.005425600380167483e-01,-3.555163281201673131e-02,-2.633338039367538386e+01
4.292500000000000426e+00,1.808499914245621540e+03,7.488425928313553186e+02,-4.009856909564255001e-01,-3.555163281201673131e-02,-2.639079616291420649e+01
4.295000000000000817e+00,1.810372219501535483e+03,7.491928015698749732e+02,-4.014294540573116188e-01,-3.555163281201673131e-02,-2.644827419844314420e+01
4.297500000000001208e+00,1.812245400312821403e+03,7.495430693972200515e+02,-4.018737426233300325e-01,-3.555163281201673131e-02,-2.650581454922198077e+01
4.299999999999999822e+00,1.814119456827258091e+03,7.498933964187826859e+02,-4.023189248173305588e-01,-3.555163281201673131e-02,-2.656341733124752835e+01
4.302500000000000213e+00,1.815994389188523428e+03,7.502437127719515502e+02,-4.027651768620311712e-01,-3.555163281201673131e-02,-2.662108260154236206e+01
4.305000000000000604e+00,1.817870197294944774e+03,7.505939485780832001e+02,-4.032115250773314896e-01,-3.555163281201673131e-02,-2.667881051887075472e+01
4.307500000000000995e+00,1.819746880945205703e+03,7.509441039253661074e+02,-4.036588548113396735e-01,-3.555163281201673131e-02,-2.673660113041190911e+01
4.309999999999999609e+00,1.821624439938206706e+03,7.512941789015984568e+02,-4.041062670656509481e-01,-3.555163281201673131e-02,-2.679445457444323253e+01
4.312500000000000000e+00,1.823502874076058106e+03,7.516442213547682059e+02,-4.045545348550565468e-01,-3.555163281201673131e-02,-2.685237091529168652e+01
4.315000000000000391e+00,1.825382183328734527e+03,7.519942791473825991e+02,-4.050030850776120683e-01,-3.555163281201673131e-02,-2.691035026782502371e+01
4.317500000000000782e+00,1.827262367734646205e+03,7.523443523866443456e+02,-4.054526995461159578e-01,-3.555163281201673131e-02,-2.696839268615318375e+01
4.320000000000000284e+00,1.829143427332469855e+03,7.526944411824232475e+02,-4.059024942344536813e-01,-3.555163281201673131e-02,-2.702649830429164979e+01
4.322500000000000675e+00,1.831025362157791278e+03,7.530444917115602266e+02,-4.063532627751721971e-01,-3.555163281201673131e-02,-2.708466721185732240e+01
4.325000000000001066e+00,1.832908172057147340e+03,7.533944501350151768e+02,-4.068045740865054993e-01,-3.555163281201673131e-02,-2.714289954584912934e+01
4.327500000000001457e+00,1.834791856800323785e+03,7.537443165423973142e+02,-4.072561657303269689e-01,-3.555163281201673131e-02,-2.720119535065841632e+01
4.330000000000000071e+00,1.836676416157333506e+03,7.540940910259266730e+02,-4.077084531255161792e-01,-3.555163281201673131e-02,-2.725955474723867411e+01
4.332500000000000462e+00,1.838561849903640223e+03,7.544438572063021411e+02,-4.081617068295022022e-01,-3.555163281201673131e-02,-2.731797774499179710e+01
4.335000000000000853e+00,1.840448158108141115e+03,7.547936987290918296e+02,-4.086142865494113430e-01,-3.555163281201673131e-02,-2.737646451636406297e+01
4.337500000000001243e+00,1.842335340959267114e+03,7.551436157233405311e+02,-4.090687480037394907e-01,-3.555163281201673131e-02,-2.743501504099634047e+01
4.339999999999999858e+00,1.844223398645767929e+03,7.554936083166993512e+02,-4.095230701453910771e-01,-3.555163281201673131e-02,-2.749362955916526019e+01
4.342500000000000249e+00,1.846112331350955401e+03,7.558435844785350355e+02,-4.099779956756472443e-01,-3.555163281201673131e-02,-2.755230808747874605e+01
4.345000000000000639e+00,1.848002138934961522e+03,7.561934521546796759e+02,-4.104332944720506804e-01,-3.555163281201673131e-02,-2.761105071178228698e+01
4.347500000000001030e+00,1.849892821126623630e+03,7.565432114320279879e+02,-4.108896326129407583e-01,-3.555163281201673131e-02,-2.766985751680096683e+01
4.349999999999999645e+00,1.851784377654990521e+03,7.568928623967606200e+02,-4.113461548476451957e-01,-3.555163281201673131e-02,-2.772872863708237290e+01
4.352500000000000036e+00,1.853676808253165973e+03,7.572424664545616224e+02,-4.118029368476349150e-01,-3.555163281201673131e-02,-2.778766413580646955e+01
4.355000000000000426e+00,1.855570112869706918e+03,7.575920850231958639e+02,-4.122597765645080736e-01,-3.555163281201673131e-02,-2.784666410009612747e+01
4.357500000000000817e+00,1.857464291540953582e+03,7.579417182081139117e+02,-4.127172587401971571e-01,-3.555163281201673131e-02,-2.790572850629922996e+01
4.360000000000000320e+00,1.859359344303503576e+03,7.582913661169097850e+02,-4.131751870442399444e-01,-3.555163281201673131e-02,-2.796485750792713532e+01
4.362500000000000711e+00,1.861255271192705777e+03,7.586410044732086817e+02,-4.136331541020999980e-01,-3.555163281201673131e-02,-2.802405118041904686e+01
4.365000000000001101e+00,1.863152072158580722e+03,7.589906089895083596e+02,-4.140923443442308671e-01,-3.555163281201673131e-02,-2.808330955466608714e+01
4.367500000000001492e+00,1.865049747116579738e+03,7.593401797559379247e+02,-4.145514590128314691e-01,-3.555163281201673131e-02,-2.814263274265505288e+01
4.370000000000000107e+00,1.866948295982378340e+03,7.596897168632611965e+02,-4.150107832693090137e-01,-3.555163281201673131e-02,-2.820202079897144642e+01
4.372500000000000497e+00,1.868847718669525875e+03,7.600391826862073685e+02,-4.154703585483372485e-01,-3.555163281201673131e-02,-2.826147378512139596e+01
4.375000000000000888e+00,1.870748014959402553e+03,7.603885395889169558e+02,-4.159304122892777400e-01,-3.555163281201673131e-02,-2.832099177915588584e+01
4.377500000000001279e+00,1.872649184579747043e+03,7.607377876367979752e+02,-4.163910162177092422e-01,-3.555163281201673131e-02,-2.838057484764491889e+01
4.379999999999999893e+00,1.874551227258457175e+03,7.610869268936642129e+02,-4.168519206100433361e-01,-3.555163281201673131e-02,-2.844022310149996002e+01
4.382500000000000284e+00,1.876454142725036036e+03,7.614359804847465512e+02,-4.173126703113012037e-01,-3.555163281201673131e-02,-2.849993659430980841e+01
4.385000000000000675e+00,1.878357930790090904e+03,7.617849715346095536e+02,-4.177739805712571974e-01,-3.555163281201673131e-02,-2.855971534636326581e+01
4.387500000000001066e+00,1.880262591297304880e+03,7.621339001054033133e+02,-4.182357129059388057e-01,-3.555163281201673131e-02,-2.861955943857499562e+01
4.389999999999999680e+00,1.882168124090513629e+03,7.624827662584798418e+02,-4.186978124987238981e-01,-3.555163281201673131e-02,-2.867946899468348931e+01
4.392500000000000071e+00,1.884074529013926167e+03,7.628315735195942580e+02,-4.191596458330566488e-01,-3.555163281201673131e-02,-2.873944403124888680e+01
4.395000000000000462e+00,1.885981805924061973e+03,7.631803254108731380e+02,-4.196213779051829462e-01,-3.555163281201673131e-02,-2.879948454359530174e+01
4.397500000000000853e+00,1.887889954682528014e+03,7.635290219859068657e+02,-4.200836347714974606e-01,-3.555163281201673131e-02,-2.885959061111130453e+01
4.400000000000000355e+00,1.889798975151063814e+03,7.638776632965871158e+02,-4.205456497209812960e-01,-3.555163281201673131e-02,-2.891976228578447916e+01
4.402500000000000746e+00,1.891708867194477079e+03,7.642262964183242957e+02,-4.210084007698883246e-01,-3.555163281201673131e-02,-2.897999959826877259e+01
4.405000000000001137e+00,1.893619630842767492e+03,7.645749684325929820e+02,-4.214710021981813992e-01,-3.555163281201673131e-02,-2.904030264607454370e+01
4.407500000000001528e+00,1.895531266193198690e+03,7.649236793992218963e+02,-4.219345449600508946e-01,-3.555163281201673131e-02,-2.910067140981868405e+01
4.410000000000000142e+00,1.897443773343187104e+03,7.652724293783543317e+02,-4.223979958115910982e-01,-3.555163281201673131e-02,-2.916110610469645792e+01
4.412500000000000533e+00,1.899357152385503014e+03,7.656211417223337321e+02,-4.228603892425019106e-01,-3.555163281201673131e-02,-2.922160669870208594e+01
4.415000000000000924e+00,1.901271403143806538e+03,7.659697397581959422e+02,-4.233198837074821363e-01,-3.555163281201673131e-02,-2.928217295703302270e+01
4.417500000000001315e+00,1.903186525332337396e+03,7.663182235032255676e+02,-4.237771974484295101e-01,-3.555163281201673131e-02,-2.934280454839957031e+01
4.419999999999999929e+00,1.905102518665377147e+03,7.666665929742359822e+02,-4.242327046366405896e-01,-3.555163281201673131e-02,-2.940350120878509799e+01
4.422500000000000320e+00,1.907019382863644068e+03,7.670149504547428023e+02,-4.246859988554484433e-01,-3.555163281201673131e-02,-2.946426262226067649e+01
4.425000000000000711e+00,1.908937118006876972e+03,7.673633982537602378e+02,-4.251376335733821343e-01,-3.555163281201673131e-02,-2.952508854696395701e+01
4.427500000000001101e+00,1.910855724320899299e+03,7.677119364215334372e+02,-4.255880314772689244e-01,-3.555163281201673131e-02,-2.958597884352795049e+01
4.429999999999999716e+00,1.912775202031661365e+03,7.680605650039008196e+02,-4.260363448725712487e-01,-3.555163281201673131e-02,-2.964693328706409048e+01
4.432500000000000107e+00,1.914695551359051933e+03,7.684091852978308452e+02,-4.264838151842036407e-01,-3.555163281201673131e-02,-2.970795163519329307e+01
4.435000000000000497e+00,1.916616772176450240e+03,7.687576985771698901e+02,-4.269305618444730333e-01,-3.555163281201673131e-02,-2.976903381973484741e+01
4.437500000000000888e+00,1.918538864216320917e+03,7.691061048440542436e+02,-4.273756750457977094e-01,-3.555163281201673131e-02,-2.983017976431991514e+01
4.440000000000000391e+00,1.920461827211129730e+03,7.694544040947122312e+02,-4.278205612141853798e-01,-3.555163281201673131e-02,-2.989138925553608672e+01
4.442500000000000782e+00,1.922385660898030437e+03,7.698026714093890632e+02,-4.282647821095296736e-01,-3.555163281201673131e-02,-2.995266226082319960e+01
4.445000000000001172e+00,1.924310365277723804e+03,7.701509818870055142e+02,-4.287077966843058086e-01,-3.555163281201673131e-02,-3.001399871469053338e+01
4.447500000000001563e+00,1.926235940458131608e+03,7.704993355532587884e+02,-4.291503002250933729e-01,-3.555163281201673131e-02,-3.007539846618627521e+01
4.450000000000000178e+00,1.928162386547239294e+03,7.708477324346952173e+02,-4.295920825966291212e-01,-3.555163281201673131e-02,-3.013686147511263869e+01
4.452500000000000568e+00,1.930089703649342027e+03,7.711961123939923937e+02,-4.300338619666596029e-01,-3.555163281201673131e-02,-3.019838771630823970e+01
4.455000000000000959e+00,1.932017891657608516e+03,7.715444152748247006e+02,-4.304745047725958007e-01,-3.555163281201673131e-02,-3.025997716526542547e+01
4.457500000000001350e+00,1.933946950379341160e+03,7.718926410735730315e+02,-4.309160085954555353e-01,-3.555163281201673131e-02,-3.032162978274974208e+01
4.459999999999999964e+00,1.935876879621829858e+03,7.722407897855058536e+02,-4.313568261621815725e-01,-3.555163281201673131e-02,-3.038334555813318261e+01
4.462500000000000355e+00,1.937807679194154616e+03,7.725888901454238749e+02,-4.317971733533702561e-01,-3.555163281201673131e-02,-3.044512453093742010e+01
4.465000000000000746e+00,1.939739349006260682e+03,7.729369708966747794e+02,-4.322367013594413110e-01,-3.555163281201673131e-02,-3.050696664946802983e+01
4.467500000000001137e+00,1.941671889009131746e+03,7.732850320426820190e+02,-4.326760501576468188e-01,-3.555163281201673131e-02,-3.056887185411147456e+01
4.469999999999999751e+00,1.943605299153754913e+03,7.736330735878149198e+02,-4.331158551194767004e-01,-3.555163281201673131e-02,-3.063084016346784466e+01
4.472500000000000142e+00,1.945539579386585046e+03,7.739810227861495378e+02,-4.335557637933191710e-01,-3.555163281201673131e-02,-3.069287160380292789e+01
4.475000000000000533e+00,1.947474729398715908e+03,7.743288068735007528e+02,-4.339952111382811561e-01,-3.555163281201673131e-02,-3.075496619269622300e+01
4.477500000000000924e+00,1.949410748777356275e+03,7.746764258263758620e+02,-4.344344631143740032e-01,-3.555163281201673131e-02,-3.081712394413657918e+01
4.480000000000000426e+00,1.951347637109657398e+03,7.750238796221635766e+02,-4.348735053029879061e-01,-3.555163281201673131e-02,-3.087934478509911074e+01
4.482500000000000817e+00,1.953285393988433952e+03,7.753712597429074549e+02,-4.353125125976633480e-01,-3.555163281201673131e-02,-3.094162880570821628e+01
4.485000000000001208e+00,1.955224019327643873e+03,7.757186576928513659e+02,-4.357516742404538568e-01,-3.555163281201673131e-02,-3.100397600411786669e+01
4.487500000000001599e+00,1.957163513171867407e+03,7.760660734881627150e+02,-4.361912001001840289e-01,-3.555163281201673131e-02,-3.106638638734429492e+01
4.490000000000000213e+00,1.959103875565728231e+03,7.764135071466656655e+02,-4.366300608330043742e-01,-3.555163281201673131e-02,-3.112886002103905625e+01
4.492500000000000604e+00,1.961045106552608104e+03,7.767609380786393558e+02,-4.370689683797748804e-01,-3.555163281201673131e-02,-3.119139690738361637e+01
4.495000000000000995e+00,1.962987206103593735e+03,7.771083456899185649e+02,-4.375079392701269332e-01,-3.555163281201673131e-02,-3.125399702635609955e+01
4.497500000000001386e+00,1.964930174160389242e+03,7.774557299912894450e+02,-4.379467016260985557e-01,-3.555163281201673131e-02,-3.131666047113179019e+01
4.500000000000000000e+00,1.966874010664725574e+03,7.778030909966358877e+02,-4.383858650872471396e-01,-3.555163281201673131e-02,-3.137938722786905288e+01
4.502500000000000391e+00,1.968818715557345286e+03,7.781504122588844439e+02,-4.388249921535292697e-01,-3.555163281201673131e-02,-3.144217736498196913e+01
4.505000000000000782e+00,1.970764288721240291e+03,7.784976773294001759e+02,-4.392636601494303017e-01,-3.555163281201673131e-02,-3.150503091057423433e+01
4.507500000000001172e+00,1.972710730015933677e+03,7.788448862153549044e+02,-4.397028349719286355e-01,-3.555163281201673131e-02,-3.156794783736669885e+01
4.509999999999999787e+00,1.974658039300971041e+03,7.791920389295903533e+02,-4.401424026067632389e-01,-3.555163281201673131e-02,-3.163092823722535130e+01
4.512500000000000178e+00,1.976606216439297896e+03,7.795391893346326242e+02,-4.405823599814878699e-01,-3.555163281201673131e-02,-3.169397213706227134e+01
4.515000000000000568e+00,1.978555261482913465e+03,7.798863913074744687e+02,-4.410217640883635770e-01,-3.555163281201673131e-02,-3.175707960571661204e+01
4.517500000000000959e+00,1.980505174560759542e+03,7.802336448881023898e+02,-4.414619361783163054e-01,-3.555163281201673131e-02,-3.182025065228605598e+01
4.519999999999999574e+00,1.982455955801877280e+03,7.805809501188274453e+02,-4.419025378976575436e-01,-3.555163281201673131e-02,-3.188348533970354737e+01
4.522499999999999964e+00,1.984407605332242156e+03,7.809282562167794595e+02,-4.423427942102371446e-01,-3.555163281201673131e-02,-3.194678375253439739e+01
4.525000000000000355e+00,1.986360123099522980e+03,7.812755123865338192e+02,-4.427833672057068237e-01,-3.555163281201673131e-02,-3.201014591900354134e+01
4.527500000000000746e+00,1.988313508978913205e+03,7.816227186546684607e+02,-4.432240409711609708e-01,-3.555163281201673131e-02,-3.207357188126916725e+01
4.530000000000000249e+00,1.990267762845674270e+03,7.819698750502589064e+02,-4.436654613558570492e-01,-3.555163281201673131e-02,-3.213706168999763690e+01
4.532500000000000639e+00,1.992222884577727655e+03,7.823170229520341081e+02,-4.441069829769936916e-01,-3.555163281201673131e-02,-3.220061544146242483e+01
4.535000000000001030e+00,1.994178874198212498e+03,7.826642037508721614e+02,-4.445483210665818197e-01,-3.555163281201673131e-02,-3.226423310636275943e+01
4.537500000000001421e+00,1.996135731789397596e+03,7.830114174997348755e+02,-4.449904637956926257e-01,-3.555163281201673131e-02,-3.232791475825935379e+01
4.540000000000000036e+00,1.998093457433691356e+03,7.833586642565838929e+02,-4.454328546958521429e-01,-3.555163281201673131e-02,-3.239166051311723038e+01
4.542500000000000426e+00,2.000052051209162755e+03,7.837058723220624188e+02,-4.458755235513526261e-01,-3.555163281201673131e-02,-3.245547042526861503e+01
4.545000000000000817e+00,2.002011512941822275e+03,7.840529691819779146e+02,-4.463185443132173802e-01,-3.555163281201673131e-02,-3.251934454570998412e+01
4.547500000000001208e+00,2.003971842352369322e+03,7.843999533313351549e+02,-4.467610979486020817e-01,-3.555163281201673131e-02,-3.258328291505541330e+01
4.549999999999999822e+00,2.005933039159287091e+03,7.847468248019707744e+02,-4.472047629682655567e-01,-3.555163281201673131e-02,-3.264728553734644123e+01
4.552500000000000213e+00,2.007895103086620793e+03,7.850936751116046253e+02,-4.476491997909777254e-01,-3.555163281201673131e-02,-3.271135253022666234e+01
4.555000000000000604e+00,2.009858034179728293e+03,7.854405958987150598e+02,-4.480930903895647965e-01,-3.555163281201673131e-02,-3.277548401105950404e+01
4.557500000000000995e+00,2.011821832614843061e+03,7.857875872335080203e+02,-4.485375777698861754e-01,-3.555163281201673131e-02,-3.283967993062703528e+01
4.559999999999999609e+00,2.013786498568372508e+03,7.861346491885184378e+02,-4.489822040981611972e-01,-3.555163281201673131e-02,-3.290394034699399839e+01
4.562500000000000000e+00,2.015752032207476987e+03,7.864816308615417029e+02,-4.494276620057685578e-01,-3.555163281201673131e-02,-3.296826530012258871e+01
4.565000000000000391e+00,2.017718433169535956e+03,7.868283813154263271e+02,-4.498733843610672745e-01,-3.555163281201673131e-02,-3.303265495512918903e+01
4.567500000000000782e+00,2.019685700876514375e+03,7.871749005676389288e+02,-4.503194694604295001e-01,-3.555163281201673131e-02,-3.309710928736642899e+01
4.570000000000000284e+00,2.021653834750414035e+03,7.875211886370929051e+02,-4.507654601474059830e-01,-3.555163281201673131e-02,-3.316162840533265665e+01
4.572500000000000675e+00,2.023622834222357142e+03,7.878673905602584000e+02,-4.512121399630386054e-01,-3.555163281201673131e-02,-3.322621231454274948e+01
4.575000000000001066e+00,2.025592699232550331e+03,7.882136514109838572e+02,-4.516596147155803598e-01,-3.555163281201673131e-02,-3.329086104544743563e+01
4.577500000000001457e+00,2.027563429928358346e+03,7.885599712762358422e+02,-4.521069933792490336e-01,-3.555163281201673131e-02,-3.335557470858784512e+01
4.580000000000000071e+00,2.029535026457368076e+03,7.889063502433008352e+02,-4.525553094139129207e-01,-3.555163281201673131e-02,-3.342035336357164965e+01
4.582500000000000462e+00,2.031507488961946819e+03,7.892527013935444984e+02,-4.530038266882849829e-01,-3.555163281201673131e-02,-3.348519709330179239e+01
4.585000000000000853e+00,2.033480817279267740e+03,7.895989377863055552e+02,-4.534531075084505258e-01,-3.555163281201673131e-02,-3.355010593414733933e+01
4.587500000000001243e+00,2.035455011122465976e+03,7.899450594736410949e+02,-4.539020578088415747e-01,-3.555163281201673131e-02,-3.361507997184084218e+01
4.589999999999999858e+00,2.037430070204807862e+03,7.902910665102594976e+02,-4.543515663137148719e-01,-3.555163281201673131e-02,-3.368011914908537818e+01
4.592500000000000249e+00,2.039405994245009197e+03,7.906370438723469078e+02,-4.548015190399846142e-01,-3.555163281201673131e-02,-3.374522355577934007e+01
4.595000000000000639e+00,2.041382783260009091e+03,7.909830765627006031e+02,-4.552520687927000265e-01,-3.555163281201673131e-02,-3.381039328313975290e+01
4.597500000000001030e+00,2.043360437388184437e+03,7.913291646762598930e+02,-4.557033348382883431e-01,-3.555163281201673131e-02,-3.387562847409068922e+01
4.599999999999999645e+00,2.045338956768142680e+03,7.916753083044688992e+02,-4.561548640701650337e-01,-3.555163281201673131e-02,-3.394092911514355393e+01
4.602500000000000036e+00,2.047318341534877618e+03,7.920214459657523776e+02,-4.566073003970287925e-01,-3.555163281201673131e-02,-3.400629529865991429e+01
4.605000000000000426e+00,2.049298591607473099e+03,7.923675161673565981e+02,-4.570596148410375759e-01,-3.555163281201673131e-02,-3.407172706832715647e+01
4.607500000000000817e+00,2.051279706817320402e+03,7.927135189799613499e+02,-4.575130311882001921e-01,-3.555163281201673131e-02,-3.413722449842144613e+01
4.610000000000000320e+00,2.053261686995988839e+03,7.930594544757092308e+02,-4.579668778774736992e-01,-3.555163281201673131e-02,-3.420278763347256756e+01
4.612500000000000711e+00,2.055244531979724798e+03,7.934053947173399592e+02,-4.584211333256165699e-01,-3.555163281201673131e-02,-3.426841657945242758e+01
4.615000000000001101e+00,2.057228241857661942e+03,7.937514117860752094e+02,-4.588762163278160000e-01,-3.555163281201673131e-02,-3.433411138443817379e+01
4.617500000000001492e+00,2.059212816821924207e+03,7.940975057825046406e+02,-4.593320621260881809e-01,-3.555163281201673131e-02,-3.439987216872300735e+01
4.620000000000000107e+00,2.061198257064884729e+03,7.944436768081308173e+02,-4.597882426733039263e-01,-3.555163281201673131e-02,-3.446569894929939437e+01
4.622500000000000497e+00,2.063184562774335518e+03,7.947898474661420778e+02,-4.602450704581573793e-01,-3.555163281201673131e-02,-3.453159183763464313e+01
4.625000000000000888e+00,2.065171733866280647e+03,7.951359403413666769e+02,-4.607032048338921548e-01,-3.555163281201673131e-02,-3.459755088287387537e+01
4.627500000000001279e+00,2.067159770146301071e+03,7.954819555019770405e+02,-4.611614159679474079e-01,-3.555163281201673131e-02,-3.466357620788498650e+01
4.629999999999999893e+00,2.069148671420147821e+03,7.958278930160493019e+02,-4.616206470040217780e-01,-3.555163281201673131e-02,-3.472966781598597663e+01
4.632500000000000284e+00,2.071138437496471852e+03,7.961737965474792418e+02,-4.620803969776300368e-01,-3.555163281201673131e-02,-3.479582582256458778e+01
4.635000000000000675e+00,2.073129068337118042e+03,7.965197097708534102e+02,-4.625403718929811392e-01,-3.555163281201673131e-02,-3.486205031976641067e+01
4.637500000000001066e+00,2.075120563966365353e+03,7.968656327711680660e+02,-4.630013647291510437e-01,-3.555163281201673131e-02,-3.492834133087436754e+01
4.639999999999999680e+00,2.077112924408703293e+03,7.972115656342613192e+02,-4.634618279059221635e-01,-3.555163281201673131e-02,-3.499469891986052517e+01
4.642500000000000071e+00,2.079106149688147070e+03,7.975574973435807351e+02,-4.639204830362472221e-01,-3.555163281201673131e-02,-3.506112298521973258e+01
4.645000000000000462e+00,2.081100239789946954e+03,7.979034168771894429e+02,-4.643773989478885977e-01,-3.555163281201673131e-02,-3.512761318664953336e+01
4.647500000000000853e+00,2.083095194683709451e+03,7.982493243135774037e+02,-4.648327702182726839e-01,-3.555163281201673131e-02,-3.519416934346042325e+01
4.650000000000000355e+00,2.085091014339236608e+03,7.985952197316868251e+02,-4.652862583364690829e-01,-3.555163281201673131e-02,-3.526079117399761031e+01
4.652500000000000746e+00,2.087087698724578331e+03,7.989410720317343930e+02,-4.657389012744144741e-01,-3.555163281201673131e-02,-3.532747846846005046e+01
4.655000000000001137e+00,2.089085247698539206e+03,7.992868501030043262e+02,-4.661906289459252783e-01,-3.555163281201673131e-02,-3.539423104468374959e+01
4.657500000000001528e+00,2.091083661075580494e+03,7.996325540093135942e+02,-4.666414178822246850e-01,-3.555163281201673131e-02,-3.546104875407970525e+01
4.660000000000000142e+00,2.093082938670327621e+03,7.999781838134830423e+02,-4.670927706051822836e-01,-3.555163281201673131e-02,-3.552793145553598464e+01
4.662500000000000533e+00,2.095083080296600201e+03,8.003237242213310765e+02,-4.675425921560555920e-01,-3.555163281201673131e-02,-3.559487914416423138e+01
4.665000000000000924e+00,2.097084085714468983e+03,8.006691599313170400e+02,-4.679924227424689387e-01,-3.555163281201673131e-02,-3.566189164677388845e+01
4.667500000000001315e+00,2.099085954662219592e+03,8.010144909959565211e+02,-4.684414357655058425e-01,-3.555163281201673131e-02,-3.572896890714347506e+01
4.669999999999999929e+00,2.101088686878266344e+03,8.013597174679791806e+02,-4.688902978774372454e-01,-3.555163281201673131e-02,-3.579611085300948758e+01
4.672500000000000320e+00,2.103092282103852085e+03,8.017048824789236505e+02,-4.693389813317693227e-01,-3.555163281201673131e-02,-3.586331742224149366e+01
4.675000000000000711e+00,2.105096740231565036e+03,8.020500291708933673e+02,-4.697874121437354833e-01,-3.555163281201673131e-02,-3.593058850179913577e+01
4.677500000000001101e+00,2.107102061215648064e+03,8.023951576136618087e+02,-4.702365841784617029e-01,-3.555163281201673131e-02,-3.599792417197782868e+01
4.679999999999999716e+00,2.109108245010516384e+03,8.027402678754730232e+02,-4.706850856604540279e-01,-3.555163281201673131e-02,-3.606532440311989518e+01
4.682500000000000107e+00,2.111115291571410580e+03,8.030853705038610997e+02,-4.711338430129114463e-01,-3.555163281201673131e-02,-3.613278909114489323e+01
4.685000000000000497e+00,2.113123200890530825e+03,8.034304760503566740e+02,-4.715835948772632569e-01,-3.555163281201673131e-02,-3.620031831002570755e+01
4.687500000000000888e+00,2.115131972975209919e+03,8.037755845838333926e+02,-4.720335421428555889e-01,-3.555163281201673131e-02,-3.626791213120029767e+01
4.690000000000000391e+00,2.117141607832953923e+03,8.041206961691126480e+02,-4.724829100589721387e-01,-3.555163281201673131e-02,-3.633557053932304370e+01
4.692500000000000782e+00,2.119152105469349408e+03,8.044657776101372519e+02,-4.729327662303954294e-01,-3.555163281201673131e-02,-3.640329349240960255e+01
4.695000000000001172e+00,2.121163465773393455e+03,8.048107957031635351e+02,-4.733833879568904446e-01,-3.555163281201673131e-02,-3.647108108029271989e+01
4.697500000000001563e+00,2.123175688586744855e+03,8.051557504983107947e+02,-4.738338341772539430e-01,-3.555163281201673131e-02,-3.653893326514621265e+01
4.700000000000000178e+00,2.125188773751185636e+03,8.055006420439866588e+02,-4.742849656244509382e-01,-3.555163281201673131e-02,-3.660685007178036443e+01
4.702500000000000568e+00,2.127202721112140807e+03,8.058455266361920621e+02,-4.747370845933933103e-01,-3.555163281201673131e-02,-3.667483162283963338e+01
4.705000000000000959e+00,2.129217530712586267e+03,8.061904605817618403e+02,-4.751892341178067247e-01,-3.555163281201673131e-02,-3.674287795856710659e+01
4.707500000000001350e+00,2.131233202675945904e+03,8.065354439499333239e+02,-4.756422698566314944e-01,-3.555163281201673131e-02,-3.681098910221959386e+01
4.709999999999999964e+00,2.133249737125812317e+03,8.068804768118155835e+02,-4.760957277018836309e-01,-3.555163281201673131e-02,-3.687916511093087024e+01
4.712500000000000355e+00,2.135267134183643066e+03,8.072255220809847742e+02,-4.765496229813342421e-01,-3.555163281201673131e-02,-3.694740602681807218e+01
4.715000000000000746e+00,2.137285393840636061e+03,8.075705426613569671e+02,-4.770039529387097299e-01,-3.555163281201673131e-02,-3.701571200149167140e+01
4.717500000000001137e+00,2.139304516035097549e+03,8.079155386038994493e+02,-4.774591049930200781e-01,-3.555163281201673131e-02,-3.708408296197678311e+01
4.719999999999999751e+00,2.141324500705462924e+03,8.082605099609522767e+02,-4.779150024778060502e-01,-3.555163281201673131e-02,-3.715251910848341765e+01
4.722500000000000142e+00,2.143345347791429049e+03,8.086054748339006437e+02,-4.783715991270993673e-01,-3.555163281201673131e-02,-3.722102042454422843e+01
4.725000000000000533e+00,2.145367057296171424e+03,8.089504513243549582e+02,-4.788283843667219264e-01,-3.555163281201673131e-02,-3.728958706954059465e+01
4.727500000000000924e+00,2.147389629248768415e+03,8.092954394913630267e+02,-4.792859123616234895e-01,-3.555163281201673131e-02,-3.735821900846055854e+01
4.730000000000000426e+00,2.149413063678445724e+03,8.096404393951138445e+02,-4.797441639674089875e-01,-3.555163281201673131e-02,-3.742691636250408749e+01
4.732500000000000817e+00,2.151437360612686462e+03,8.099854208006486260e+02,-4.802028977644086094e-01,-3.555163281201673131e-02,-3.749567920780580010e+01
4.735000000000001208e+00,2.153462519972777500e+03,8.103303534627523277e+02,-4.806623956312769952e-01,-3.555163281201673131e-02,-3.756450757809124497e+01
4.737500000000001599e+00,2.155488541636887476e+03,8.106752374278942170e+02,-4.811226418739006916e-01,-3.555163281201673131e-02,-3.763340157758661064e+01
4.740000000000000213e+00,2.157515425483302351e+03,8.110200727458161509e+02,-4.815839619413754269e-01,-3.555163281201673131e-02,-3.770236132824445718e+01
4.742500000000000604e+00,2.159543171393100238e+03,8.113649021750178463e+02,-4.820458575518045685e-01,-3.555163281201673131e-02,-3.777138692060357528e+01
4.745000000000000995e+00,2.161571779397407681e+03,8.117097684882190833e+02,-4.825082460274317531e-01,-3.555163281201673131e-02,-3.784047837374937728e+01
4.747500000000001386e+00,2.163601249588468363e+03,8.120546717513690282e+02,-4.829708077278529466e-01,-3.555163281201673131e-02,-3.790963580426404178e+01
4.750000000000000000e+00,2.165631582058696495e+03,8.123996120313345273e+02,-4.834343635622621593e-01,-3.555163281201673131e-02,-3.797885922144952531e+01
4.752500000000000391e+00,2.167662776894708713e+03,8.127444939620062314e+02,-4.838987049812067398e-01,-3.555163281201673131e-02,-3.804814879637770275e+01
4.755000000000000782e+00,2.169694833848295730e+03,8.130892221532643589e+02,-4.843633941981349555e-01,-3.555163281201673131e-02,-3.811750460940652374e+01
4.757500000000001172e+00,2.171727752535124637e+03,8.134337966300953440e+02,-4.848289202617610538e-01,-3.555163281201673131e-02,-3.818692667856979739e+01
4.759999999999999787e+00,2.173761532570921190e+03,8.137782174172357372e+02,-4.852954517370922094e-01,-3.555163281201673131e-02,-3.825641515672592874e+01
4.762500000000000178e+00,2.175796173575666671e+03,8.141225515403355075e+02,-4.857621820462684203e-01,-3.555163281201673131e-02,-3.832597010065343568e+01
4.765000000000000568e+00,2.177831675404584985e+03,8.144668660446802733e+02,-4.862297345808511695e-01,-3.555163281201673131e-02,-3.839559157818689528e+01
4.767500000000000959e+00,2.179868038008664826e+03,8.148111609895860283e+02,-4.866980249933314240e-01,-3.555163281201673131e-02,-3.846527960409554936e+01
4.769999999999999574e+00,2.181905261339041317e+03,8.151554364364728826e+02,-4.871677090937785448e-01,-3.555163281201673131e-02,-3.853503440858065687e+01
4.772499999999999964e+00,2.183943345346658134e+03,8.154996869131451831e+02,-4.876369055206883907e-01,-3.555163281201673131e-02,-3.860485603855749304e+01
4.775000000000000355e+00,2.185982289963187668e+03,8.158439069467684703e+02,-4.881069351687926661e-01,-3.555163281201673131e-02,-3.867474452764137993e+01
4.777500000000000746e+00,2.188022095112558873e+03,8.161880965971312207e+02,-4.885771851360574680e-01,-3.555163281201673131e-02,-3.874469994052789446e+01
4.780000000000000249e+00,2.190062760718844856e+03,8.165322559229101671e+02,-4.890487766936270075e-01,-3.555163281201673131e-02,-3.881472235318909725e+01
4.782500000000000639e+00,2.192104286707867686e+03,8.168764105400089193e+02,-4.895205547126826318e-01,-3.555163281201673131e-02,-3.888481195997341189e+01
4.785000000000001030e+00,2.194146673095302503e+03,8.172205860721504678e+02,-4.899937732401019042e-01,-3.555163281201673131e-02,-3.895496871628560598e+01
4.787500000000001421e+00,2.196189919933478905e+03,8.175647825907849437e+02,-4.904670081139549942e-01,-3.555163281201673131e-02,-3.902519286099796858e+01
4.790000000000000036e+00,2.198234027274901109e+03,8.179090001702269319e+02,-4.909413007149817099e-01,-3.555163281201673131e-02,-3.909548435964539692e+01
4.792500000000000426e+00,2.200278995169653172e+03,8.182531970604768503e+02,-4.914163929559324240e-01,-3.555163281201673131e-02,-3.916584336664471522e+01
4.795000000000000817e+00,2.202324823521187682e+03,8.185973315021244616e+02,-4.918917811995249245e-01,-3.555163281201673131e-02,-3.923626991370215222e+01
4.797500000000001208e+00,2.204371512173415795e+03,8.189414035560478169e+02,-4.923672160319653712e-01,-3.555163281201673131e-02,-3.930676416675657947e+01
4.799999999999999822e+00,2.206419060970404644e+03,8.192854132849013240e+02,-4.928438275376437749e-01,-3.555163281201673131e-02,-3.937732608224968089e+01
4.802500000000000213e+00,2.208467469760030326e+03,8.196294191480353675e+02,-4.933205749564757436e-01,-3.555163281201673131e-02,-3.944795585834767593e+01
4.805000000000000604e+00,2.210516738595303195e+03,8.199734796198539470e+02,-4.937983002813199906e-01,-3.555163281201673131e-02,-3.951865344825325366e+01
4.807500000000000995e+00,2.212566867612797068e+03,8.203175947922260320e+02,-4.942768392649098952e-01,-3.555163281201673131e-02,-3.958941910033012590e+01
4.809999999999999609e+00,2.214617856949314046e+03,8.206617647539790141e+02,-4.947562983983567197e-01,-3.555163281201673131e-02,-3.966025287230090868e+01
4.812500000000000000e+00,2.216669706734069223e+03,8.210058646725289009e+02,-4.952359452381370208e-01,-3.555163281201673131e-02,-3.973115486079215941e+01
4.815000000000000391e+00,2.218722416658002658e+03,8.213497696841806146e+02,-4.957165049821431468e-01,-3.555163281201673131e-02,-3.980212516841816495e+01
4.817500000000000782e+00,2.220775986233865751e+03,8.216934798247924618e+02,-4.961978531965920425e-01,-3.555163281201673131e-02,-3.987316384797053104e+01
4.820000000000000284e+00,2.222830414974501764e+03,8.220369951344978290e+02,-4.966795786708914640e-01,-3.555163281201673131e-02,-3.994427102092940629e+01
4.822500000000000675e+00,2.224885702399758884e+03,8.223804260477237449e+02,-4.971617253952579363e-01,-3.555163281201673131e-02,-4.001544675727878797e+01
4.825000000000001066e+00,2.226941848417091478e+03,8.227238830301987491e+02,-4.976446746015897316e-01,-3.555163281201673131e-02,-4.008669108481363708e+01
4.827500000000001457e+00,2.228998853091720775e+03,8.230673661699662489e+02,-4.981283498048545422e-01,-3.555163281201673131e-02,-4.015800416668904660e+01
4.830000000000000071e+00,2.231056716489089467e+03,8.234108755570878202e+02,-4.986121873338512089e-01,-3.555163281201673131e-02,-4.022938611583946056e+01
4.832500000000000462e+00,2.233115438672110486e+03,8.237543671070801565e+02,-4.990971043692284947e-01,-3.555163281201673131e-02,-4.030083693909605103e+01
4.835000000000000853e+00,2.235175019548852561e+03,8.240977967227631780e+02,-4.995820168150507667e-01,-3.555163281201673131e-02,-4.037235677126568589e+01
4.837500000000001243e+00,2.237235458964519694e+03,8.244411644771204237e+02,-5.000678478957450990e-01,-3.555163281201673131e-02,-4.044394565380472528e+01
4.839999999999999858e+00,2.239296756764501879e+03,8.247844704455160354e+02,-5.005541791389680473e-01,-3.555163281201673131e-02,-4.051560371641117086e+01
4.842500000000000249e+00,2.241358912798614256e+03,8.251277824601371549e+02,-5.010407258682070264e-01,-3.555163281201673131e-02,-4.058733097592733685e+01
4.845000000000000639e+00,2.243421927154695368e+03,8.254711683714731407e+02,-5.015278517731935892e-01,-3.555163281201673131e-02,-4.065912750734958081e+01
4.847500000000001030e+00,2.245485800017549536e+03,8.258146282858374434e+02,-5.020157305522440216e-01,-3.555163281201673131e-02,-4.073099338850831685e+01
4.849999999999999645e+00,2.247550531572242562e+03,8.261581623136854660e+02,-5.025041771104101773e-01,-3.555163281201673131e-02,-4.080292876134870284e+01
4.852500000000000036e+00,2.249616121999368715e+03,8.265016944814935869e+02,-5.029927349335211462e-01,-3.555163281201673131e-02,-4.087493368628344115e+01
4.855000000000000426e+00,2.251682571212724724e+03,8.268451487975876262e+02,-5.034819026989002522e-01,-3.555163281201673131e-02,-4.094700821180740746e+01
4.857500000000000817e+00,2.253749879017724197e+03,8.271885253356310841e+02,-5.039723791476293790e-01,-3.555163281201673131e-02,-4.101915247937920128e+01
4.860000000000000320e+00,2.255818045219963551e+03,8.275318241695978259e+02,-5.044636396099017039e-01,-3.555163281201673131e-02,-4.109136654185410009e+01
4.862500000000000711e+00,2.257887069630635779e+03,8.278751319622786013e+02,-5.049548801108809659e-01,-3.555163281201673131e-02,-4.116365059007917893e+01
4.865000000000001101e+00,2.259956952365065717e+03,8.282185354021137300e+02,-5.054473384519896362e-01,-3.555163281201673131e-02,-4.123600459254465278e+01
4.867500000000001492e+00,2.262027693662437287e+03,8.285620346058038876e+02,-5.059392040849070016e-01,-3.555163281201673131e-02,-4.130842870516704579e+01
4.870000000000000107e+00,2.264099293762226807e+03,8.289056296914603763e+02,-5.064290168531015990e-01,-3.555163281201673131e-02,-4.138092283039046748e+01
4.872500000000000497e+00,2.266171752893045323e+03,8.292491422207093592e+02,-5.069170897450011593e-01,-3.555163281201673131e-02,-4.145348667155171540e+01
4.875000000000000888e+00,2.268245070657029828e+03,8.295923937093505174e+02,-5.074042573439384585e-01,-3.555163281201673131e-02,-4.152611999799566433e+01
4.877500000000001279e+00,2.270319246401601049e+03,8.299353841968041934e+02,-5.078898393976645220e-01,-3.555163281201673131e-02,-4.159882260527643183e+01
4.879999999999999893e+00,2.272394279474279756e+03,8.302781137255594786e+02,-5.083741683240446951e-01,-3.555163281201673131e-02,-4.167159433024840354e+01
4.882500000000000284e+00,2.274470169234152763e+03,8.306207656425682444e+02,-5.088575737831171342e-01,-3.555163281201673131e-02,-4.174443506535491366e+01
4.885000000000000675e+00,2.276546915683844873e+03,8.309635233379141255e+02,-5.093389618347524683e-01,-3.555163281201673131e-02,-4.181734457448477826e+01
4.887500000000001066e+00,2.278624519087867611e+03,8.313063869313590430e+02,-5.098199451663830706e-01,-3.555163281201673131e-02,-4.189032265157717205e+01
4.889999999999999680e+00,2.280702979711034004e+03,8.316493565431412662e+02,-5.103003468267863774e-01,-3.555163281201673131e-02,-4.196336925019561193e+01
4.892500000000000071e+00,2.282782297811836997e+03,8.319923262988853594e+02,-5.107796937450506114e-01,-3.555163281201673131e-02,-4.203648430670084934e+01
4.895000000000000462e+00,2.284862473276998116e+03,8.323351902925654713e+02,-5.112594498864062587e-01,-3.555163281201673131e-02,-4.210966765105784759e+01
4.897500000000000853e+00,2.286943505842154991e+03,8.326779485999805956e+02,-5.117384030415186302e-01,-3.555163281201673131e-02,-4.218291936481625015e+01
4.900000000000000355e+00,2.289025395243136245e+03,8.330206012966989420e+02,-5.122175693084766168e-01,-3.555163281201673131e-02,-4.225623937884338233e+01
4.902500000000000746e+00,2.291108141222572158e+03,8.333632543089931914e+02,-5.126958657736968572e-01,-3.555163281201673131e-02,-4.232962764649612097e+01
4.905000000000001137e+00,2.293191743894843512e+03,8.337060135920938819e+02,-5.131740926029170202e-01,-3.555163281201673131e-02,-4.240308408640297699e+01
4.907500000000001528e+00,2.295276203525695109e+03,8.340488792657605472e+02,-5.136523214132938664e-01,-3.555163281201673131e-02,-4.247660871064380217e+01
4.910000000000000142e+00,2.297361520381170067e+03,8.343918514502290691e+02,-5.141306988923095567e-01,-3.555163281201673131e-02,-4.255020149010796615e+01
4.912500000000000533e+00,2.299447694721024618e+03,8.347348247966643839e+02,-5.146094139078717378e-01,-3.555163281201673131e-02,-4.262386250054541392e+01
4.915000000000000924e+00,2.301534726435092580e+03,8.350776939276576059e+02,-5.150876383986016105e-01,-3.555163281201673131e-02,-4.269759178843634828e+01
4.917500000000001315e+00,2.303622615262875570e+03,8.354204589128926273e+02,-5.155658360056503131e-01,-3.555163281201673131e-02,-4.277138930664637684e+01
4.919999999999999929e+00,2.305711360944045737e+03,8.357631198201594316e+02,-5.160437712878981342e-01,-3.555163281201673131e-02,-4.284525501187012964e+01
4.922500000000000320e+00,2.307800963225028681e+03,8.361057819411025775e+02,-5.165225025598777497e-01,-3.555163281201673131e-02,-4.291918894237796422e+01
4.925000000000000711e+00,2.309891422221768153e+03,8.364485505932851765e+02,-5.170016621820738845e-01,-3.555163281201673131e-02,-4.299319116721293454e+01
4.927500000000001101e+00,2.311982738200655149e+03,8.367914258865329202e+02,-5.174800301148916315e-01,-3.555163281201673131e-02,-4.306726176269757644e+01
4.929999999999999716e+00,2.314074911428355790e+03,8.371344079336823825e+02,-5.179591829953904547e-01,-3.555163281201673131e-02,-4.314140065811594127e+01
4.932500000000000107e+00,2.316167942160158873e+03,8.374773102628706738e+02,-5.184380719226883150e-01,-3.555163281201673131e-02,-4.321560793035806114e+01
4.935000000000000497e+00,2.318261829996680262e+03,8.378199463539330054e+02,-5.189180240232478258e-01,-3.555163281201673131e-02,-4.328988359252490881e+01
4.937500000000000888e+00,2.320356574272340822e+03,8.381623162370756290e+02,-5.193977554330380109e-01,-3.555163281201673131e-02,-4.336422773325210045e+01
4.940000000000000391e+00,2.322452174321639632e+03,8.385044199431976040e+02,-5.198772748782576336e-01,-3.555163281201673131e-02,-4.343864037793803590e+01
4.942500000000000782e+00,2.324548629490808253e+03,8.388464439965549673e+02,-5.203573605326572427e-01,-3.555163281201673131e-02,-4.351312149682205188e+01
4.945000000000001172e+00,2.326645939780784374e+03,8.391885749667159189e+02,-5.208368687549220777e-01,-3.555163281201673131e-02,-4.358767116243904383e+01
4.947500000000001563e+00,2.328744105458920785e+03,8.395308129606984267e+02,-5.213175519349341203e-01,-3.555163281201673131e-02,-4.366228935298495628e+01
4.950000000000000178e+00,2.330843126792838120e+03,8.398731580844403197e+02,-5.217974646190987054e-01,-3.555163281201673131e-02,-4.373697619316010332e+01
4.952500000000000568e+00,2.332943004044296231e+03,8.402155124320017876e+02,-5.222783681377136666e-01,-3.555163281201673131e-02,-4.381173161710701436e+01
4.955000000000000959e+00,2.335043737131275520e+03,8.405577780740085245e+02,-5.227595292885286460e-01,-3.555163281201673131e-02,-4.388655568103663995e+01
4.957500000000001350e+00,2.337145325832047092e+03,8.408999550733884689e+02,-5.232412373315382670e-01,-3.555163281201673131e-02,-4.396144851476434923e+01
4.959999999999999964e+00,2.339247769925040302e+03,8.412420434918059300e+02,-5.237229437699569834e-01,-3.555163281201673131e-02,-4.403641022140732986e+01
4.962500000000000355e+00,2.341351069194578940e+03,8.415841352060800773e+02,-5.242049864928411962e-01,-3.555163281201673131e-02,-4.411144075200906656e+01
4.965000000000000746e+00,2.343455223747427226e+03,8.419263221178563299e+02,-5.246870329057770066e-01,-3.555163281201673131e-02,-4.418654025176828526e+01
4.967500000000001137e+00,2.345560233821637667e+03,8.422686043234806448e+02,-5.251695756252769964e-01,-3.555163281201673131e-02,-4.426170866646410929e+01
4.969999999999999751e+00,2.347666099655491962e+03,8.426109819152475211e+02,-5.256529633458598694e-01,-3.555163281201673131e-02,-4.433694606600197829e+01
4.972500000000000142e+00,2.349772821482439667e+03,8.429533737836960654e+02,-5.261368729280549994e-01,-3.555163281201673131e-02,-4.441225259188269092e+01
4.975000000000000533e+00,2.351880399251114795e+03,8.432956987970484306e+02,-5.266205870120211907e-01,-3.555163281201673131e-02,-4.448762823848603887e+01
4.977500000000000924e+00,2.353988832794414520e+03,8.436379570146848437e+02,-5.271051354561943070e-01,-3.555163281201673131e-02,-4.456307305680672215e+01
4.980000000000000426e+00,2.356098121945381081e+03,8.439801484948686721e+02,-5.275901886930979279e-01,-3.555163281201673131e-02,-4.463858713273911150e+01
4.982500000000000817e+00,2.358208266541630110e+03,8.443223440922407690e+02,-5.280749558719483039e-01,-3.555163281201673131e-02,-4.471417055471099644e+01
4.985000000000001208e+00,2.360319266669428998e+03,8.446646146766868242e+02,-5.285606417966758341e-01,-3.555163281201673131e-02,-4.478982339625731868e+01
4.987500000000001599e+00,2.362431122516295545e+03,8.450069603339686637e+02,-5.290460883017112925e-01,-3.555163281201673131e-02,-4.486554560411220649e+01
4.990000000000000213e+00,2.364543834269958552e+03,8.453493811511561944e+02,-5.295322029103843864e-01,-3.555163281201673131e-02,-4.494133726269983242e+01
4.992500000000000604e+00,2.366657402109220584e+03,8.456917308169964826e+02,-5.300184509619104700e-01,-3.555163281201673131e-02,-4.501719847586709022e+01
4.995000000000000995e+00,2.368771825699205692e+03,8.460338629807438338e+02,-5.305051552421906624e-01,-3.555163281201673131e-02,-4.509312923765786962e+01
4.997500000000001386e+00,2.370887104496175652e+03,8.463757776629882983e+02,-5.309923512323487804e-01,-3.555163281201673131e-02,-4.516912971598254956e+01
5.000000000000000000e+00,2.373003237956433622e+03,8.467174748797788197e+02,-5.314792105506890296e-01,-3.555163281201673131e-02,-4.524519987779528662e+01
5.002500000000000391e+00,2.375120225545077119e+03,8.470590946881440004e+02,-5.319666736185353351e-01,-3.555163281201673131e-02,-4.532133969346618585e+01
5.005000000000000782e+00,2.377238067218821925e+03,8.474007771843103001e+02,-5.324544086859392955e-01,-3.555163281201673131e-02,-4.539754929436040953e+01
5.007500000000001172e+00,2.379356763134428093e+03,8.477425224446729999e+02,-5.329429482406553564e-01,-3.555163281201673131e-02,-4.547382872330422288e+01
5.009999999999999787e+00,2.381476313448849851e+03,8.480843305450590606e+02,-5.334311239958904327e-01,-3.555163281201673131e-02,-4.555017799854500993e+01
5.012500000000000178e+00,2.383596718315602629e+03,8.484261434608179115e+02,-5.339197673802292821e-01,-3.555163281201673131e-02,-4.562659721040840566e+01
5.015000000000000568e+00,2.385717977684440029e+03,8.487679031521849993e+02,-5.344090269629214740e-01,-3.555163281201673131e-02,-4.570308637116730210e+01
5.017500000000000959e+00,2.387840091422328896e+03,8.491096096680514620e+02,-5.348987076667024443e-01,-3.555163281201673131e-02,-4.577964557147040381e+01
5.019999999999999574e+00,2.389963059396357949e+03,8.494512630610754513e+02,-5.353886599167037019e-01,-3.555163281201673131e-02,-4.585627487573209748e+01
5.022499999999999964e+00,2.392086881477402585e+03,8.497929217674748088e+02,-5.358789714183592734e-01,-3.555163281201673131e-02,-4.593297438032274016e+01
5.025000000000000355e+00,2.394211557741403794e+03,8.501346442379407335e+02,-5.363697209416247169e-01,-3.555163281201673131e-02,-4.600974406951748108e+01
5.027500000000000746e+00,2.396337088347814188e+03,8.504764305435990082e+02,-5.368610185067891338e-01,-3.555163281201673131e-02,-4.608658406589846379e+01
5.030000000000000249e+00,2.398463473456261454e+03,8.508182807588381138e+02,-5.373525625977942921e-01,-3.555163281201673131e-02,-4.616349441730099556e+01
5.032500000000000639e+00,2.400590713222889462e+03,8.511601361766239506e+02,-5.378449833252825218e-01,-3.555163281201673131e-02,-4.624047517821590958e+01
5.035000000000001030e+00,2.402718807597691011e+03,8.515019380748498179e+02,-5.383366410289432968e-01,-3.555163281201673131e-02,-4.631752644677362696e+01
5.037500000000001421e+00,2.404847756446890799e+03,8.518436864996066333e+02,-5.388288303726561645e-01,-3.555163281201673131e-02,-4.639464812411551264e+01
5.040000000000000036e+00,2.406977559636834485e+03,8.521853814963025116e+02,-5.393217404726741160e-01,-3.555163281201673131e-02,-4.647184037231662757e+01
5.042500000000000426e+00,2.409108217037679879e+03,8.525270823078967624e+02,-5.398153896281614461e-01,-3.555163281201673131e-02,-4.654910326021046529e+01
5.045000000000000817e+00,2.411239728727489819e+03,8.528688481934121910e+02,-5.403097510579795149e-01,-3.555163281201673131e-02,-4.662643679124748530e+01
5.047500000000001208e+00,2.413372094868988825e+03,8.532106792259680788e+02,-5.408041240353927970e-01,-3.555163281201673131e-02,-4.670384112969340862e+01
5.049999999999999822e+00,2.415505315625088315e+03,8.535525754794382465e+02,-5.412990069324749021e-01,-3.555163281201673131e-02,-4.678131632946623597e+01
5.052500000000000213e+00,2.417639391150004030e+03,8.538943950033670944e+02,-5.417937076750674041e-01,-3.555163281201673131e-02,-4.685886245676950068e+01
5.055000000000000604e+00,2.419774321099603640e+03,8.542359958058090115e+02,-5.422886416707348722e-01,-3.555163281201673131e-02,-4.693647957266483672e+01
5.057500000000000995e+00,2.421910104927085285e+03,8.545773778895554642e+02,-5.427847428314139799e-01,-3.555163281201673131e-02,-4.701416763528691689e+01
5.059999999999999609e+00,2.424046742085651658e+03,8.549185412585571839e+02,-5.432810329815086492e-01,-3.555163281201673131e-02,-4.709192684360675685e+01
5.062500000000000000e+00,2.426184232037735455e+03,8.552596333176414873e+02,-5.437771236564364896e-01,-3.555163281201673131e-02,-4.716975714144976450e+01
5.065000000000000391e+00,2.428322574763182274e+03,8.556008015135148526e+02,-5.442742218400583587e-01,-3.555163281201673131e-02,-4.724765855884515986e+01
5.067500000000000782e+00,2.430461770452376641e+03,8.559420459213276899e+02,-5.447714581707678860e-01,-3.555163281201673131e-02,-4.732563123101856917e+01
5.070000000000000284e+00,2.432601819295889072e+03,8.562833666138908484e+02,-5.452690707062595177e-01,-3.555163281201673131e-02,-4.740367517593670499e+01
5.072500000000000675e+00,2.434742721480101864e+03,8.566246937504413381e+02,-5.457668337420010785e-01,-3.555163281201673131e-02,-4.748179049342341074e+01
5.075000000000001066e+00,2.436884476946172072e+03,8.569659574751233322e+02,-5.462652843035578076e-01,-3.555163281201673131e-02,-4.755997710389124222e+01
5.077500000000001457e+00,2.439027085535595234e+03,8.573071578320076469e+02,-5.467639030908709730e-01,-3.555163281201673131e-02,-4.763823524517324870e+01
5.080000000000000071e+00,2.441170547089975571e+03,8.576482948660441252e+02,-5.472629027314261929e-01,-3.555163281201673131e-02,-4.771656484582849345e+01
5.082500000000000462e+00,2.443314861456095969e+03,8.579894496237394605e+02,-5.477621828587536656e-01,-3.555163281201673131e-02,-4.779496598439281030e+01
5.085000000000000853e+00,2.445460028765183779e+03,8.583307031763482655e+02,-5.482619357761537859e-01,-3.555163281201673131e-02,-4.787343872945140788e+01
5.087500000000001243e+00,2.447606049264273679e+03,8.586720556051714084e+02,-5.487619418418364647e-01,-3.555163281201673131e-02,-4.795198322813311620e+01
5.089999999999999858e+00,2.449752923200600435e+03,8.590135069878718923e+02,-5.492625672382317470e-01,-3.555163281201673131e-02,-4.803059938631063375e+01
5.092500000000000249e+00,2.451900650815862264e+03,8.593549657318724257e+02,-5.497627057542251450e-01,-3.555163281201673131e-02,-4.810928736863797184e+01
5.095000000000000639e+00,2.454049232030173698e+03,8.596963402233260467e+02,-5.502636211880551631e-01,-3.555163281201673131e-02,-4.818804712256911671e+01
5.097500000000001030e+00,2.456198666632923960e+03,8.600376305002915842e+02,-5.507626839407110397e-01,-3.555163281201673131e-02,-4.826687868305880613e+01
5.099999999999999645e+00,2.458348954413597312e+03,8.603788365987855968e+02,-5.512600200453060539e-01,-3.555163281201673131e-02,-4.834578180033008721e+01
5.102500000000000036e+00,2.460500095168011740e+03,8.607200583959435107e+02,-5.517558879824273621e-01,-3.555163281201673131e-02,-4.842475618062726284e+01
5.105000000000000426e+00,2.462652089042532680e+03,8.610613957986817013e+02,-5.522502775694779764e-01,-3.555163281201673131e-02,-4.850380164860289511e+01
5.107500000000000817e+00,2.464804936326224833e+03,8.614028488927913259e+02,-5.527437795949811106e-01,-3.555163281201673131e-02,-4.858291802586906272e+01
5.110000000000000320e+00,2.466958637308361176e+03,8.617444177620669734e+02,-5.532360569503244063e-01,-3.555163281201673131e-02,-4.866210520664051131e+01
5.112500000000000711e+00,2.469113192266664100e+03,8.620859142501307133e+02,-5.537273360361960606e-01,-3.555163281201673131e-02,-4.874136292847272500e+01
5.115000000000001101e+00,2.471268600818300911e+03,8.624271501523583083e+02,-5.542180424737314093e-01,-3.555163281201673131e-02,-4.882069111257274585e+01
5.117500000000001492e+00,2.473424862311809648e+03,8.627681254744401258e+02,-5.547080382682186839e-01,-3.555163281201673131e-02,-4.890008968702738201e+01
5.120000000000000107e+00,2.475581976095739719e+03,8.631088402175613510e+02,-5.551974477495320581e-01,-3.555163281201673131e-02,-4.897955857251462675e+01
5.122500000000000497e+00,2.477739941530285705e+03,8.634494805450804051e+02,-5.556856662955023118e-01,-3.555163281201673131e-02,-4.905909764975171328e+01
5.125000000000000888e+00,2.479898758629105487e+03,8.637902326713186767e+02,-5.561736608956647787e-01,-2.143789519728701853e-02,-4.913870684623933727e+01
5.127500000000001279e+00,2.482058427671740901e+03,8.641310966807350269e+02,-5.359191055375500667e-01,1.789276261654257003e-02,-4.921772210296010996e+01
5.129999999999999893e+00,2.484218948937949335e+03,8.644720726563426751e+02,-4.597498893164836398e-01,9.090954300649334296e-02,-4.929204622698697591e+01
5.132500000000000284e+00,2.486380322695965333e+03,8.648129730037030640e+02,-2.832384079277769917e-01,1.403158124503023907e-01,-4.935224740252038345e+01
5.135000000000000675e+00,2.488542548555439680e+03,8.651536100810820926e+02,-5.034916281939710858e-02,1.403158124503023907e-01,-4.938535901937597572e+01
5.137500000000001066e+00,2.490705625858200165e+03,8.654939838913862786e+02,1.605495669199733799e-01,1.403158124503023907e-01,-4.938593303980599103e+01
5.139999999999999680e+00,2.492869553946080032e+03,8.658340944418422396e+02,3.503070567449921846e-01,1.403158124503023907e-01,-4.935693648265839073e+01
5.142500000000000071e+00,2.495034332172795075e+03,8.661741314635578419e+02,5.246471833758329373e-01,1.403158124503023907e-01,-4.930116838489909270e+01
5.145000000000000462e+00,2.497199960558044950e+03,8.665142847350352895e+02,6.829160029228110718e-01,1.403158124503023907e-01,-4.922094094330142866e+01
5.147500000000000853e+00,2.499366439392502798e+03,8.668545543409572929e+02,8.266156791144947391e-01,1.403158124503023907e-01,-4.911850816672731668e+01
5.150000000000000355e+00,2.501533768967294236e+03,8.671949397412097369e+02,9.571083873513005491e-01,1.403158124503023907e-01,-4.899591342705156904e+01
5.152500000000000746e+00,2.503701949562853315e+03,8.675353327811925510e+02,1.075628024870310284e+00,1.403158124503023907e-01,-4.885500902399652290e+01
5.155000000000001137e+00,2.505870981084702635e+03,8.678756268115932926e+02,1.183292552599109593e+00,1.403158124503023907e-01,-4.869747428405027279e+01
5.157500000000001528e+00,2.508040863285336854e+03,8.682158216486358242e+02,1.281115350673422748e+00,1.403158124503023907e-01,-4.852483173232384672e+01
5.160000000000000142e+00,2.510211595916790884e+03,8.685559173243531177e+02,1.370016296491943120e+00,1.403158124503023907e-01,-4.833846168291250223e+01
5.162500000000000533e+00,2.512383178737820344e+03,8.688960200645947225e+02,1.450826268192747071e+00,1.403158124503023907e-01,-4.813961559786926614e+01
5.165000000000000924e+00,2.514555611880016386e+03,8.692362361256332406e+02,1.524301213499627661e+00,1.403158124503023907e-01,-4.792942825918552785e+01
5.167500000000001315e+00,2.516728895626729354e+03,8.695765655893995927e+02,1.591124799258875955e+00,1.403158124503023907e-01,-4.770892848835435984e+01
5.169999999999999929e+00,2.518903030261511503e+03,8.699170085423635328e+02,1.651917957772980561e+00,1.403158124503023907e-01,-4.747904911828516816e+01
5.172500000000000320e+00,2.521078016061812377e+03,8.702574638456758294e+02,1.707242376194956224e+00,1.403158124503023907e-01,-4.724063608187976371e+01
5.175000000000000711e+00,2.523253852949967495e+03,8.705978303307543911e+02,1.757607899002489038e+00,1.403158124503023907e-01,-4.699445640294940318e+01
5.177500000000001101e+00,2.525430540703955103e+03,8.709381080354057758e+02,1.803477103666081272e+00,1.403158124503023907e-01,-4.674120563164044739e+01
5.179999999999999716e+00,2.527608079101843032e+03,8.712782969975855849e+02,1.845268015781389437e+00,1.403158124503023907e-01,-4.648151439556102815e+01
5.182500000000000107e+00,2.529786467927842750e+03,8.716184939066509969e+02,1.883361696899791049e+00,1.403158124503023907e-01,-4.621595471704356584e+01
5.185000000000000497e+00,2.531965707305518663e+03,8.719587954788278239e+02,1.918102951859060212e+00,1.403158124503023907e-01,-4.594504521961076904e+01
5.187500000000000888e+00,2.534145797496574232e+03,8.722992017961139481e+02,1.949803471853498005e+00,1.403158124503023907e-01,-4.566925616197888615e+01
5.190000000000000391e+00,2.536326738762920286e+03,8.726397129423119168e+02,1.978746349059836263e+00,1.403158124503023907e-01,-4.538901407304962987e+01
5.192500000000000782e+00,2.538508531358235814e+03,8.729801939601921958e+02,2.005187595787493837e+00,1.403158124503023907e-01,-4.510470570897808784e+01
5.195000000000001172e+00,2.540691175062387629e+03,8.733205098592322884e+02,2.029360133774897434e+00,1.403158124503023907e-01,-4.481668197929227659e+01
5.197500000000001563e+00,2.542874669462597922e+03,8.736606606718991088e+02,2.051475398084677160e+00,1.403158124503023907e-01,-4.452526108193207932e+01
5.200000000000000178e+00,2.545059014146166646e+03,8.740006464294467605e+02,2.071724672409349211e+00,1.403158124503023907e-01,-4.423073160510776347e+01
5.202500000000000568e+00,2.547244208706134486e+03,8.743405576900172491e+02,2.090280913072600111e+00,1.403158124503023907e-01,-4.393335527448764566e+01
5.205000000000000959e+00,2.549430253053386878e+03,8.746804850381213328e+02,2.107302552982569299e+00,1.403158124503023907e-01,-4.363336961384264612e+01
5.207500000000001350e+00,2.551617147228181693e+03,8.750204285449220833e+02,2.122931748955847020e+00,1.403158124503023907e-01,-4.333098984788757946e+01
5.209999999999999964e+00,2.553804891270955977e+03,8.753603882810010646e+02,2.137298599384234166e+00,1.403158124503023907e-01,-4.302641132917882771e+01
5.212500000000000355e+00,2.555993485222597883e+03,8.757003686666533895e+02,2.150519362744423457e+00,1.403158124503023907e-01,-4.271981121460871123e+01
5.215000000000000746e+00,2.558182929139432872e+03,8.760403741233469646e+02,2.162701001182428140e+00,1.403158124503023907e-01,-4.241135017002493157e+01
5.217500000000001137e+00,2.560373223084182882e+03,8.763804047238389785e+02,2.173939964207508346e+00,1.403158124503023907e-01,-4.210117391573805179e+01
5.219999999999999751e+00,2.562564367119748113e+03,8.767204605454478497e+02,2.184324049043250504e+00,1.403158124503023907e-01,-4.178941478074825966e+01
5.222500000000000142e+00,2.564756361308232954e+03,8.770605257406380133e+02,2.193932552018027060e+00,1.403158124503023907e-01,-4.147619262884138180e+01
5.225000000000000533e+00,2.566949205656028880e+03,8.774005844553066709e+02,2.202837734212964360e+00,1.403158124503023907e-01,-4.116161622866621883e+01
5.227500000000000924e+00,2.569142900146976444e+03,8.777406367596804557e+02,2.211105075539089526e+00,1.403158124503023907e-01,-4.084578424525721374e+01
5.230000000000000426e+00,2.571337444765089003e+03,8.780806827250422657e+02,2.218793889353364968e+00,1.403158124503023907e-01,-4.052878618001025046e+01
5.232500000000000817e+00,2.573532839495912867e+03,8.784207441148373618e+02,2.225957424207361424e+00,1.403158124503023907e-01,-4.021070322549811493e+01
5.235000000000001208e+00,2.575729084401323234e+03,8.787608427012146421e+02,2.232644933504309925e+00,1.403158124503023907e-01,-3.989160895051451661e+01
5.237500000000001599e+00,2.577926179574357775e+03,8.791009785684760800e+02,2.238899907433624659e+00,1.403158124503023907e-01,-3.957157019799523567e+01
5.240000000000000213e+00,2.580124125108264707e+03,8.794411518043874594e+02,2.244763420659462216e+00,1.403158124503023907e-01,-3.925064760685238952e+01
5.242500000000000604e+00,2.582322921094798403e+03,8.797813349514972288e+02,2.250271808951774588e+00,1.403158124503023907e-01,-3.892889609621700231e+01
5.245000000000000995e+00,2.584522567529237222e+03,8.801215005449803357e+02,2.255457129672755912e+00,1.403158124503023907e-01,-3.860636550875088346e+01
5.247500000000001386e+00,2.586723064367741699e+03,8.804616486601464658e+02,2.260350193329718760e+00,1.403158124503023907e-01,-3.828310109754067980e+01
5.250000000000000000e+00,2.588924411566653816e+03,8.808017793700718130e+02,2.264978710864348432e+00,1.403158124503023907e-01,-3.795914382673772991e+01
5.252500000000000391e+00,2.591126609084851680e+03,8.811419302750338147e+02,2.269366935756330417e+00,1.403158124503023907e-01,-3.763453090812203783e+01
5.255000000000000782e+00,2.593329657013120595e+03,8.814821389862109982e+02,2.273537040565155820e+00,1.403158124503023907e-01,-3.730929609209845665e+01
5.257500000000001172e+00,2.595533555496025201e+03,8.818224055915114832e+02,2.277509073930748862e+00,1.403158124503023907e-01,-3.698346989348935665e+01
5.259999999999999787e+00,2.597738304678348868e+03,8.821627301816079125e+02,2.281301540782374904e+00,1.403158124503023907e-01,-3.665708019250562444e+01
5.262500000000000178e+00,2.599943904696925983e+03,8.825029819055828284e+02,2.284931515191216622e+00,1.403158124503023907e-01,-3.633015209562931602e+01
5.265000000000000568e+00,2.602150355229175148e+03,8.828430298695660667e+02,2.288415379869311206e+00,1.403158124503023907e-01,-3.600270832771121832e+01
5.267500000000000959e+00,2.604357655765710206e+03,8.831828741065498889e+02,2.291765405094451147e+00,1.403158124503023907e-01,-3.567476952843354354e+01
5.269999999999999574e+00,2.606565805797235043e+03,8.835225146524909405e+02,2.294993586731977508e+00,1.403158124503023907e-01,-3.534635446607663312e+01
5.272499999999999964e+00,2.608774804823645354e+03,8.838620971125789083e+02,2.298111948554621531e+00,1.403158124503023907e-01,-3.501748021938387012e+01
5.275000000000000355e+00,2.610984652855898275e+03,8.842017671280420927e+02,2.301130296671683784e+00,1.403158124503023907e-01,-3.468816224970410644e+01
5.277500000000000746e+00,2.613195350112935103e+03,8.845415247961922205e+02,2.304058801189965422e+00,1.403158124503023907e-01,-3.435841448872433546e+01
5.280000000000000249e+00,2.615406896813943149e+03,8.848813702148128186e+02,2.306905546301599941e+00,1.403158124503023907e-01,-3.402824958835630298e+01
5.282500000000000639e+00,2.617619293168652348e+03,8.852211482645261640e+02,2.309677839815389433e+00,1.403158124503023907e-01,-3.369767897917111554e+01
5.285000000000001030e+00,2.619832538842194026e+03,8.855607037855151020e+02,2.312383349012982592e+00,1.403158124503023907e-01,-3.336671312628305941e+01
5.287500000000001421e+00,2.622046633278265290e+03,8.859000368118865936e+02,2.315026726801693524e+00,1.403158124503023907e-01,-3.303536141466097575e+01
5.290000000000000036e+00,2.624261575920644646e+03,8.862391473737197884e+02,2.317615274344184240e+00,1.403158124503023907e-01,-3.270363248785119481e+01
5.292500000000000426e+00,2.626477366223507033e+03,8.865782005263812380e+02,2.320154599391653250e+00,1.403158124503023907e-01,-3.237153399786702579e+01
5.295000000000000817e+00,2.628694004220370516e+03,8.869173613732784816e+02,2.322647963580832808e+00,1.403158124503023907e-01,-3.203907295578408565e+01
5.297500000000001208e+00,2.630911490180530564e+03,8.872566300231018204e+02,2.325101041886462827e+00,1.403158124503023907e-01,-3.170625580664003351e+01
5.299999999999999822e+00,2.633129824373554584e+03,8.875960065787786561e+02,2.327517345353912415e+00,1.403158124503023907e-01,-3.137308817509487824e+01
5.302500000000000213e+00,2.635349007063962290e+03,8.879354063031424857e+02,2.329899507503440326e+00,1.403158124503023907e-01,-3.103957521982265888e+01
5.305000000000000604e+00,2.637569038218729020e+03,8.882747444401799157e+02,2.332252054138053143e+00,1.403158124503023907e-01,-3.070572167507456740e+01
5.307500000000000995e+00,2.639789917683922795e+03,8.886140210564191193e+02,2.334578004840802912e+00,1.403158124503023907e-01,-3.037153162529487460e+01
5.309999999999999609e+00,2.642011645305779439e+03,8.889532362191102948e+02,2.336879380166297704e+00,1.403158124503023907e-01,-3.003700892890607932e+01
5.312500000000000000e+00,2.644234220935320081e+03,8.892924637963575378e+02,2.339158355032710634e+00,1.403158124503023907e-01,-2.970215699121864361e+01
5.315000000000000391e+00,2.646457644682781392e+03,8.896317776737425902e+02,2.341418033965009471e+00,1.403158124503023907e-01,-2.936697886454781425e+01
5.317500000000000782e+00,2.648681916763971003e+03,8.899711779548505319e+02,2.343659359128694053e+00,1.403158124503023907e-01,-2.903147728873887701e+01
5.320000000000000284e+00,2.650907037394959389e+03,8.903106647479936555e+02,2.345885854524338843e+00,1.403158124503023907e-01,-2.869565477525191355e+01
5.322500000000000675e+00,2.653133006787958948e+03,8.906501720890686329e+02,2.348094643976820439e+00,1.403158124503023907e-01,-2.835951355022013232e+01
5.325000000000001066e+00,2.655359824923523774e+03,8.909896339916177794e+02,2.350283135330569984e+00,1.403158124503023907e-01,-2.802305633564745335e+01
5.327500000000001457e+00,2.657587491688095724e+03,8.913290505253852416e+02,2.352452829953275426e+00,1.403158124503023907e-01,-2.768628593933592441e+01
5.330000000000000071e+00,2.659816006968291731e+03,8.916684217628252327e+02,2.354605016393990446e+00,1.403158124503023907e-01,-2.734920503434901207e+01
5.332500000000000462e+00,2.662045370654595899e+03,8.920078066057283195e+02,2.356740480361934953e+00,1.403158124503023907e-01,-2.701181605721426138e+01
5.335000000000000853e+00,2.664275582844165001e+03,8.923472639779788551e+02,2.358861962019331848e+00,1.403158124503023907e-01,-2.667412128049653930e+01
5.337500000000001243e+00,2.666506643718385476e+03,8.926867939851944129e+02,2.360970555425041528e+00,1.403158124503023907e-01,-2.633612271929488102e+01
5.339999999999999858e+00,2.668738553458904335e+03,8.930263967315504487e+02,2.363067659728542047e+00,1.403158124503023907e-01,-2.599782214684423920e+01
5.342500000000000249e+00,2.670971312238683367e+03,8.933659291897719186e+02,2.365154044871959460e+00,1.403158124503023907e-01,-2.565922119144206093e+01
5.345000000000000639e+00,2.673204919728519599e+03,8.937052482942658571e+02,2.367230511301727347e+00,1.403158124503023907e-01,-2.532032139032784102e+01
5.347500000000001030e+00,2.675439375395054412e+03,8.940443540817245776e+02,2.369298620417028989e+00,1.403158124503023907e-01,-2.498112402065192228e+01
5.349999999999999645e+00,2.677674678705012411e+03,8.943832465855790588e+02,2.371359036794054465e+00,1.403158124503023907e-01,-2.464163028474586170e+01
5.352500000000000036e+00,2.679910829134184496e+03,8.947220694673666230e+02,2.373413690825274980e+00,1.403158124503023907e-01,-2.430184126199950256e+01
5.355000000000000426e+00,2.682147826662601346e+03,8.950609664288381282e+02,2.375462784619172041e+00,1.403158124503023907e-01,-2.396175782596724346e+01
5.357500000000000817e+00,2.684385671475519302e+03,8.953999375682341224e+02,2.377506306197833208e+00,1.403158124503023907e-01,-2.362138079602054930e+01
5.360000000000000320e+00,2.686624363758442087e+03,8.957389829887632686e+02,2.379545042079098227e+00,1.403158124503023907e-01,-2.328071089773340319e+01
5.362500000000000711e+00,2.688863903688133632e+03,8.960779588568775580e+02,2.381579451876528974e+00,1.403158124503023907e-01,-2.293974882507015423e+01
5.365000000000001101e+00,2.691104290936368216e+03,8.964167212957308948e+02,2.383611056217905588e+00,1.403158124503023907e-01,-2.259849507210797981e+01
5.367500000000001492e+00,2.693345524969591224e+03,8.967552703392060494e+02,2.385639153410414881e+00,1.403158124503023907e-01,-2.225695011186221706e+01
5.370000000000000107e+00,2.695587605254335358e+03,8.970936060273886596e+02,2.387664544302240621e+00,1.403158124503023907e-01,-2.191511445169850703e+01
5.372500000000000497e+00,2.697830531266270555e+03,8.974318729363101284e+02,2.389686737413320827e+00,1.403158124503023907e-01,-2.157298846737042552e+01
5.375000000000000888e+00,2.700074302988515228e+03,8.977702156807572464e+02,2.391707798506075733e+00,1.403158124503023907e-01,-2.123057244892986262e+01
5.377500000000001279e+00,2.702318920610719942e+03,8.981086343674625141e+02,2.393726985049878575e+00,1.403158124503023907e-01,-2.088786666868925224e+01
5.379999999999999893e+00,2.704564384322796741e+03,8.984471291047827890e+02,2.395744484500798244e+00,1.403158124503023907e-01,-2.054487137277050834e+01
5.382500000000000284e+00,2.706810694311142015e+03,8.987856392691825249e+02,2.397761744064418998e+00,1.403158124503023907e-01,-2.020158677262289260e+01
5.385000000000000675e+00,2.709057850549237173e+03,8.991241042196407989e+02,2.399777681895409298e+00,1.403158124503023907e-01,-1.985801294988713650e+01
5.387500000000001066e+00,2.711305852924089322e+03,8.994625240307151444e+02,2.401792814391435993e+00,1.403158124503023907e-01,-1.951415001172530594e+01
5.389999999999999680e+00,2.713554701322894289e+03,8.998008987798237968e+02,2.403807580343985784e+00,1.403158124503023907e-01,-1.916999811717996494e+01
5.392500000000000071e+00,2.715804395637270318e+03,9.001392961889347362e+02,2.405822557543626061e+00,1.403158124503023907e-01,-1.882555726535707663e+01
5.395000000000000462e+00,2.718054935996472977e+03,9.004777839971369531e+02,2.407838203863344351e+00,1.403158124503023907e-01,-1.848082744723096837e+01
5.397500000000000853e+00,2.720306322626558540e+03,9.008163623072133532e+02,2.409852902156176757e+00,1.403158124503023907e-01,-1.813580861127458732e+01
5.400000000000000355e+00,2.722558555753840210e+03,9.011550312232741362e+02,2.411868214246201347e+00,1.403158124503023907e-01,-1.779050077520281903e+01
5.402500000000000746e+00,2.724811635600249247e+03,9.014937165758941546e+02,2.413884811541776809e+00,1.403158124503023907e-01,-1.744490379797008117e+01
5.405000000000001137e+00,2.727065562127263547e+03,9.018323441791147843e+02,2.415901973924367674e+00,1.403158124503023907e-01,-1.709901758219678314e+01
5.407500000000001528e+00,2.729320335190554033e+03,9.021709141061611490e+02,2.417919834167824966e+00,1.403158124503023907e-01,-1.675284201986941568e+01
5.410000000000000142e+00,2.731575954645969432e+03,9.025094264313898975e+02,2.419938786266409014e+00,1.403158124503023907e-01,-1.640637696610192364e+01
5.412500000000000533e+00,2.733832420354930946e+03,9.028479673046107337e+02,2.421959041565122206e+00,1.403158124503023907e-01,-1.605962232258017153e+01
5.415000000000000924e+00,2.736089732481180818e+03,9.031866228982619305e+02,2.423980039192637381e+00,1.403158124503023907e-01,-1.571257794206410274e+01
5.417500000000001315e+00,2.738347891311584135e+03,9.035253933240103379e+02,2.426002382811422553e+00,1.403158124503023907e-01,-1.536524359912375814e+01
5.419999999999999929e+00,2.740606897133285656e+03,9.038642786996182394e+02,2.428025534809239439e+00,1.403158124503023907e-01,-1.501761916979311096e+01
5.422500000000000320e+00,2.742866750225214673e+03,9.042031428838783995e+02,2.430050272819577195e+00,1.403158124503023907e-01,-1.466970447159816793e+01
5.425000000000000711e+00,2.745127450388288707e+03,9.045418496920033249e+02,2.432077189097736625e+00,1.403158124503023907e-01,-1.432149928624313162e+01
5.427500000000001101e+00,2.747388997229095821e+03,9.048803991766047830e+02,2.434104082802867719e+00,1.403158124503023907e-01,-1.397300339638288058e+01
5.429999999999999716e+00,2.749651390354356408e+03,9.052187913908160226e+02,2.436133008190000560e+00,1.403158124503023907e-01,-1.362421666915236607e+01
5.432500000000000107e+00,2.751914629376974972e+03,9.055571231264000289e+02,2.438163736085646072e+00,1.403158124503023907e-01,-1.327513888591734492e+01
5.435000000000000497e+00,2.754178714249554560e+03,9.058954912004816151e+02,2.440196096719653429e+00,1.403158124503023907e-01,-1.292576982416438547e+01
5.437500000000000888e+00,2.756443645062998257e+03,9.062338957116862730e+02,2.442228471913313381e+00,1.403158124503023907e-01,-1.257610932572270279e+01
5.440000000000000391e+00,2.758709421908451986e+03,9.065723367552236596e+02,2.444262605298925362e+00,1.403158124503023907e-01,-1.222615718470801838e+01
5.442500000000000782e+00,2.760976044876216292e+03,9.069107970801894680e+02,2.446299009508503985e+00,1.262020748355726918e-01,-1.187591321285305668e+01
5.445000000000001172e+00,2.763243513995942067e+03,9.072492594290853276e+02,2.426096171871385376e+00,8.687141702169932922e-02,-1.152608962938558790e+01
5.447500000000001563e+00,2.765511829272737032e+03,9.075877238888183456e+02,2.345863227967710074e+00,1.385463663176179049e-02,-1.118108350480013335e+01
5.450000000000000178e+00,2.767780990711928553e+03,9.079261905466355529e+02,2.157770421815111472e+00,-3.606029721812430838e-02,-1.085102782777461172e+01
5.452500000000000568e+00,2.770050998314790832e+03,9.082645911811684982e+02,1.907808815952996673e+00,-3.606029721812430838e-02,-1.054990265723566445e+01
5.455000000000000959e+00,2.772321851843041259e+03,9.086028575520467712e+02,1.680242949285557730e+00,-3.606029721812430838e-02,-1.028387269345864397e+01
5.457500000000001350e+00,2.774593550961052642e+03,9.089409897138069709e+02,1.473053558102679794e+00,-3.606029721812430838e-02,-1.004979393704521762e+01
5.459999999999999964e+00,2.776866095333329213e+03,9.092789877205431139e+02,1.284405680137615358e+00,-3.606029721812430838e-02,-9.844805829819076592e+00
5.462500000000000355e+00,2.779139484631199593e+03,9.096169584765441414e+02,1.112629713880063154e+00,-3.606029721812430838e-02,-9.666305443136337772e+00
5.465000000000000746e+00,2.781413718901182619e+03,9.099550089183140926e+02,9.562057889057419269e-01,-3.606029721812430838e-02,-9.511924243404987322e+00
5.467500000000001137e+00,2.783688798342554037e+03,9.102931391498274252e+02,8.137521009483960066e-01,-3.606029721812430838e-02,-9.379506928791871090e+00
5.469999999999999751e+00,2.785964723154844705e+03,9.106313492751665990e+02,6.840131385816907716e-01,-3.606029721812430838e-02,-9.267092071632793804e+00
5.472500000000000142e+00,2.788241493534069377e+03,9.109695788986123262e+02,5.658447194969876692e-01,-3.606029721812430838e-02,-9.172894726349078098e+00
5.475000000000000533e+00,2.790519109464134090e+03,9.113077676077236902e+02,4.582082617717868622e-01,-3.606029721812430838e-02,-9.095290349696284693e+00
5.477500000000000924e+00,2.792797570842792084e+03,9.116459154703280774e+02,3.601567746742958542e-01,-3.606029721812430838e-02,-9.032800436811339040e+00
5.480000000000000426e+00,2.795076877567965767e+03,9.119840225531437454e+02,2.708285170709323619e-01,-3.606029721812430838e-02,-8.984079253120194508e+00
5.482500000000000817e+00,2.797357029541557949e+03,9.123221499795272393e+02,1.894422213297767832e-01,-3.606029721812430838e-02,-8.947901922016098908e+00
5.485000000000001208e+00,2.799638026879966219e+03,9.126603588965358540e+02,1.152832094510508054e-01,-3.606029721812430838e-02,-8.923153579254432088e+00
5.487500000000001599e+00,2.801919869786974687e+03,9.129986494059792221e+02,5.022464727261122253e-02,-3.606029721812430838e-02,-8.908468577668397614e+00
5.490000000000000213e+00,2.804202558466618029e+03,9.133370216027535662e+02,-9.422483772111099609e-03,-3.606029721812430838e-02,-8.903194415526682448e+00
5.492500000000000604e+00,2.806486093119333418e+03,9.136754141529943354e+02,-6.797315740243442539e-02,-3.606029721812430838e-02,-8.906466985918099155e+00
5.495000000000000995e+00,2.808770473730157846e+03,9.140137657075121069e+02,-1.199886645258135265e-01,-3.606029721812430838e-02,-8.918207539517101878e+00
5.497500000000001386e+00,2.811055700196644011e+03,9.143520763354614473e+02,-1.671992393501893492e-01,-3.606029721812430838e-02,-8.936914263754861310e+00
5.500000000000000000e+00,2.813341772416514686e+03,9.146903461080297575e+02,-2.097968373284561650e-01,-3.606029721812430838e-02,-8.962251536591709922e+00
5.502500000000000391e+00,2.815628690292086958e+03,9.150286457050615354e+02,-2.486434505835516950e-01,-3.606029721812430838e-02,-8.993571643774501467e+00
5.505000000000000782e+00,2.817916453973703938e+03,9.153670458246634780e+02,-2.840750507425622851e-01,-3.606029721812430838e-02,-9.030347916877561332e+00
5.507500000000001172e+00,2.820205063712730407e+03,9.157055465678575956e+02,-3.163966499969315116e-01,-3.606029721812430838e-02,-9.072100824979575151e+00
5.509999999999999787e+00,2.822494519760777621e+03,9.160441480320627079e+02,-3.458863267809529352e-01,-3.606029721812430838e-02,-9.118393703131957295e+00
5.512500000000000178e+00,2.824784822359424197e+03,9.163826857867630906e+02,-3.727979936697174979e-01,-3.606029721812430838e-02,-9.168828948423422887e+00
5.515000000000000568e+00,2.827075971172959726e+03,9.167209953596089917e+02,-3.973621782237457545e-01,-3.606029721812430838e-02,-9.223044519854372680e+00
5.517500000000000959e+00,2.829367965630946401e+03,9.170590767789950633e+02,-4.197875495027021397e-01,-3.606029721812430838e-02,-9.280710750400348985e+00
5.519999999999999574e+00,2.831660805163015993e+03,9.173969300766516426e+02,-4.402662620218142919e-01,-3.606029721812430838e-02,-9.341527435045493988e+00
5.522499999999999964e+00,2.833954489209919757e+03,9.177347318463721422e+02,-4.589720036412440196e-01,-3.606029721812430838e-02,-9.405221161923918771e+00
5.525000000000000355e+00,2.836249017832258232e+03,9.180726587317232088e+02,-4.760624039662576523e-01,-3.606029721812430838e-02,-9.471542968491958092e+00
5.527500000000000746e+00,2.838544391342878498e+03,9.184107108396824515e+02,-4.916820184076183819e-01,-3.606029721812430838e-02,-9.540266034068617174e+00
5.530000000000000249e+00,2.840840610054902299e+03,9.187488882809062716e+02,-5.059618003238897099e-01,-3.606029721812430838e-02,-9.611183881940331020e+00
5.532500000000000639e+00,2.843137674269951276e+03,9.190870028002420895e+02,-5.190215376313056517e-01,-3.606029721812430838e-02,-9.684108428809706126e+00
5.535000000000001030e+00,2.845435583628718632e+03,9.194248660865609963e+02,-5.309701153229888781e-01,-3.606029721812430838e-02,-9.758868322146497576e+00
5.537500000000001421e+00,2.847734337503135066e+03,9.197624781589142913e+02,-5.419067321101623813e-01,-3.606029721812430838e-02,-9.835307521685070498e+00
5.540000000000000036e+00,2.850033935265174932e+03,9.200998390430100926e+02,-5.519212798495999328e-01,-3.606029721812430838e-02,-9.913283917909541998e+00
5.542500000000000426e+00,2.852334376298896586e+03,9.204371409101995596e+02,-5.610961461876786682e-01,-3.606029721812430838e-02,-9.992668054122185950e+00
5.545000000000000817e+00,2.854635660662891041e+03,9.207745759880543801e+02,-5.695058035344379155e-01,-3.606029721812430838e-02,-1.007334196773870261e+01
5.547500000000001208e+00,2.856937788690245725e+03,9.211121443889393277e+02,-5.772186448111105150e-01,-3.606029721812430838e-02,-1.015519825612290816e+01
5.549999999999999822e+00,2.859240760714328644e+03,9.214498462222923081e+02,-5.842957383858476961e-01,-3.606029721812430838e-02,-1.023813898115567689e+01
5.552500000000000213e+00,2.861544577056558865e+03,9.217874859306755297e+02,-5.907932591981535086e-01,-3.606029721812430838e-02,-1.032207484066109160e+01
5.555000000000000604e+00,2.863849237351790634e+03,9.221248679065635088e+02,-5.967613818945055604e-01,-3.606029721812430838e-02,-1.040692439263800217e+01
5.557500000000000995e+00,2.866154740955708803e+03,9.224619921767704227e+02,-6.022481844304783394e-01,-3.606029721812430838e-02,-1.049261338095170615e+01
5.559999999999999609e+00,2.868461087224064158e+03,9.227988587655057700e+02,-6.072955868659145606e-01,-3.606029721812430838e-02,-1.057907418238679753e+01
5.562500000000000000e+00,2.870768275524887031e+03,9.231356632065972008e+02,-6.119434489176496239e-01,-3.606029721812430838e-02,-1.066624510599992526e+01
5.565000000000000391e+00,2.873076305912543830e+03,9.234726010886756740e+02,-6.162269168310204881e-01,-3.606029721812430838e-02,-1.075407002672188028e+01
5.567500000000000782e+00,2.875385178720704971e+03,9.238096725262244036e+02,-6.201786107665070436e-01,-3.606029721812430838e-02,-1.084249780035468902e+01
5.570000000000000284e+00,2.877694894283322355e+03,9.241468776299903993e+02,-6.238277322256862156e-01,-3.606029721812430838e-02,-1.093148174509494908e+01
5.572500000000000675e+00,2.880005452930070987e+03,9.244841436712052882e+02,-6.272002067339177422e-01,-3.606029721812430838e-02,-1.102097940639273155e+01
5.575000000000001066e+00,2.882316854735222933e+03,9.248213979005877263e+02,-6.303220498494446211e-01,-3.606029721812430838e-02,-1.111095205088189708e+01
5.577500000000001457e+00,2.884629099669290554e+03,9.251586403959039444e+02,-6.332144669262722569e-01,-3.606029721812430838e-02,-1.120136438269947554e+01
5.580000000000000071e+00,2.886942187702984938e+03,9.254958712366911868e+02,-6.358983102005812960e-01,-3.606029721812430838e-02,-1.129218423305138153e+01
5.582500000000000462e+00,2.889256118809443706e+03,9.258331261549069495e+02,-6.383922965112366343e-01,-3.606029721812430838e-02,-1.138338231181379001e+01
5.585000000000000853e+00,2.891570893087150580e+03,9.261704408941078555e+02,-6.407136920315240625e-01,-3.606029721812430838e-02,-1.147493192129683059e+01
5.587500000000001243e+00,2.893886510685712892e+03,9.265078155561369613e+02,-6.428759508491379560e-01,-3.606029721812430838e-02,-1.156680880030760683e+01
5.589999999999999858e+00,2.896202971754996724e+03,9.268452502412868625e+02,-6.448947378683944631e-01,-3.606029721812430838e-02,-1.165899073151617849e+01
5.592500000000000249e+00,2.898520276445958643e+03,9.271827585163001686e+02,-6.467828838523785873e-01,-3.606029721812430838e-02,-1.175145753216024147e+01
5.595000000000000639e+00,2.900838424957076768e+03,9.275203539510011979e+02,-6.485509566174322282e-01,-3.606029721812430838e-02,-1.184419085025474594e+01
5.597500000000001030e+00,2.903157417506308775e+03,9.278580366493563361e+02,-6.502113124007300460e-01,-3.606029721812430838e-02,-1.193717386402325076e+01
5.599999999999999645e+00,2.905477254311870183e+03,9.281958067119278439e+02,-6.517729937901886039e-01,-3.606029721812430838e-02,-1.203039134627421980e+01
5.602500000000000036e+00,2.907797935588324890e+03,9.285336017573181380e+02,-6.532431374674941837e-01,-3.606029721812430838e-02,-1.212382936636176112e+01
5.605000000000000426e+00,2.910119461331162711e+03,9.288713593895737404e+02,-6.546319542372496247e-01,-3.606029721812430838e-02,-1.221747523310744832e+01
5.607500000000000817e+00,2.912441831446894412e+03,9.292090796846326839e+02,-6.559448285114696242e-01,-3.606029721812430838e-02,-1.231131738381328589e+01
5.610000000000000320e+00,2.914765045842219024e+03,9.295467627178190924e+02,-6.571895546993680171e-01,-3.606029721812430838e-02,-1.240534526551037864e+01
5.612500000000000711e+00,2.917089104428701376e+03,9.298844833572724156e+02,-6.583724270373484400e-01,-3.606029721812430838e-02,-1.249954931952917825e+01
5.615000000000001101e+00,2.919414007380627936e+03,9.302223164928435608e+02,-6.594980077775558502e-01,-3.606029721812430838e-02,-1.259392080935929314e+01
5.617500000000001492e+00,2.921739754979300869e+03,9.305602622323445985e+02,-6.605722347817752915e-01,-3.606029721812430838e-02,-1.268845177565385463e+01
5.620000000000000107e+00,2.924066347506292004e+03,9.308983206827725780e+02,-6.615996460544921742e-01,-3.606029721812430838e-02,-1.278313491485627651e+01
5.622500000000000497e+00,2.926393785232659866e+03,9.312363194653174787e+02,-6.625844198401683594e-01,-3.606029721812430838e-02,-1.287796364060769072e+01
5.625000000000000888e+00,2.928722067824267924e+03,9.315740861580883347e+02,-6.635297772446963060e-01,-3.606029721812430838e-02,-1.297293192436582387e+01
5.627500000000001279e+00,2.931051194700914039e+03,9.319116207956678863e+02,-6.644398292067047462e-01,-3.606029721812430838e-02,-1.306803433453248431e+01
5.629999999999999893e+00,2.933381165282475195e+03,9.322489234112535996e+02,-6.653167077871555701e-01,-3.606029721812430838e-02,-1.316326584079131301e+01
5.632500000000000284e+00,2.935711979000468546e+03,9.325861788365928078e+02,-6.661650418339931656e-01,-3.606029721812430838e-02,-1.325862183762251334e+01
5.635000000000000675e+00,2.938043635935175189e+03,9.329235719584936533e+02,-6.669853101974599907e-01,-3.606029721812430838e-02,-1.335409822944237845e+01
5.637500000000001066e+00,2.940376136430903443e+03,9.332611028990525028e+02,-6.677818002143530718e-01,-3.606029721812430838e-02,-1.344969119811924330e+01
5.639999999999999680e+00,2.942709480832267218e+03,9.335987717786899793e+02,-6.685556665968027668e-01,-3.606029721812430838e-02,-1.354539733760048037e+01
5.642500000000000071e+00,2.945043669471882822e+03,9.339363818814790648e+02,-6.693090122129029540e-01,-3.606029721812430838e-02,-1.364121348777004883e+01
5.645000000000000462e+00,2.947378701991729031e+03,9.342737364370879050e+02,-6.700447230081463257e-01,-3.606029721812430838e-02,-1.373713685877237545e+01
5.647500000000000853e+00,2.949714577752950845e+03,9.346108354710700041e+02,-6.707630420753727396e-01,-3.606029721812430838e-02,-1.383316483928333795e+01
5.650000000000000355e+00,2.952051296116757840e+03,9.349476790062830105e+02,-6.714660354287945720e-01,-3.606029721812430838e-02,-1.392929501263057368e+01
5.652500000000000746e+00,2.954388856456736448e+03,9.352844641370660383e+02,-6.721549532821480266e-01,-3.606029721812430838e-02,-1.402552525099609682e+01
5.655000000000001137e+00,2.956727258838287071e+03,9.356213880159452856e+02,-6.728309283329746426e-01,-3.606029721812430838e-02,-1.412185360863525574e+01
5.657500000000001528e+00,2.959066503608346466e+03,9.359584507627110952e+02,-6.734952390805509781e-01,-3.606029721812430838e-02,-1.421827833104656946e+01
5.660000000000000142e+00,2.961406591114150615e+03,9.362956524925612030e+02,-6.741493570151187997e-01,-3.606029721812430838e-02,-1.431479779469740699e+01
5.662500000000000533e+00,2.963747521690909707e+03,9.366327962655528836e+02,-6.747945393181017382e-01,-3.606029721812430838e-02,-1.441141054180735637e+01
5.665000000000000924e+00,2.966089294982415140e+03,9.369696850869000855e+02,-6.754306452576427366e-01,-3.606029721812430838e-02,-1.450811525080682785e+01
5.667500000000001315e+00,2.968431910351300758e+03,9.373063189822694312e+02,-6.760594801451778046e-01,-3.606029721812430838e-02,-1.460491065428007573e+01
5.669999999999999929e+00,2.970775367160260885e+03,9.376426979758671223e+02,-6.766801117875984595e-01,-3.606029721812430838e-02,-1.470179560804826657e+01
5.672500000000000320e+00,2.973119664784368069e+03,9.379790189860674445e+02,-6.772953109358129664e-01,-3.606029721812430838e-02,-1.479876915593148112e+01
5.675000000000000711e+00,2.975464803289882639e+03,9.383154789853842885e+02,-6.779032824200187379e-01,-3.606029721812430838e-02,-1.489583042718221506e+01
5.677500000000001101e+00,2.977810783024347074e+03,9.386520780913091357e+02,-6.785063817575531786e-01,-3.606029721812430838e-02,-1.499297852515869778e+01
5.679999999999999716e+00,2.980157604335590349e+03,9.389888164229433869e+02,-6.791052576113809636e-01,-3.606029721812430838e-02,-1.509021266982236575e+01
5.682500000000000107e+00,2.982505267564848964e+03,9.393255836669255814e+02,-6.797000683593222847e-01,-3.606029721812430838e-02,-1.518753231420700978e+01
5.685000000000000497e+00,2.984853772666001987e+03,9.396622694772368050e+02,-6.802907579584609454e-01,-3.606029721812430838e-02,-1.528493680311032499e+01
5.687500000000000888e+00,2.987203119435506323e+03,9.399988739222571894e+02,-6.808784946286435824e-01,-3.606029721812430838e-02,-1.538242564568844095e+01
5.690000000000000391e+00,2.989553307669989863e+03,9.403353970708295719e+02,-6.814622215584614784e-01,-3.606029721812430838e-02,-1.547999833676332848e+01
5.692500000000000782e+00,2.991904337173135445e+03,9.406719492153030160e+02,-6.820435729478535603e-01,-3.606029721812430838e-02,-1.557765443714003695e+01
5.695000000000001172e+00,2.994256208135715497e+03,9.410086406814587008e+02,-6.826209664805977795e-01,-3.606029721812430838e-02,-1.567539345596411593e+01
5.697500000000001563e+00,2.996608920906100138e+03,9.413454715919874616e+02,-6.831965448672625563e-01,-3.606029721812430838e-02,-1.577321505449507555e+01
5.700000000000000178e+00,2.998962475832969176e+03,9.416824420701232157e+02,-6.837705197873209517e-01,-3.606029721812430838e-02,-1.587111891589606749e+01
5.702500000000000568e+00,3.001316873264305286e+03,9.420195322699725011e+02,-6.843430888896130382e-01,-3.606029721812430838e-02,-1.596910481567782725e+01
5.705000000000000959e+00,3.003672113476098275e+03,9.423567205081639031e+02,-6.849143522332422629e-01,-3.606029721812430838e-02,-1.606717247198726639e+01
5.707500000000001350e+00,3.006028196713578382e+03,9.426940061519699157e+02,-6.854830557767402910e-01,-3.606029721812430838e-02,-1.616532169104783989e+01
5.709999999999999964e+00,3.008385123220324203e+03,9.430313889841528407e+02,-6.860511580017450983e-01,-3.606029721812430838e-02,-1.626355219830058729e+01
5.712500000000000355e+00,3.010742893234910753e+03,9.433687977460792808e+02,-6.866184417306552268e-01,-3.606029721812430838e-02,-1.636186385531006238e+01
5.715000000000000746e+00,3.013101506745666939e+03,9.437061611617473318e+02,-6.871841892752973413e-01,-3.606029721812430838e-02,-1.646025656594602893e+01
5.717500000000001137e+00,3.015460963639272904e+03,9.440434793091413894e+02,-6.877490357568879498e-01,-3.606029721812430838e-02,-1.655873019733191143e+01
5.719999999999999751e+00,3.017821263802600697e+03,9.443807522607002056e+02,-6.883142049169674870e-01,-3.606029721812430838e-02,-1.665728467525459422e+01
5.722500000000000142e+00,3.020182407127947954e+03,9.447180640486941456e+02,-6.888785043341335568e-01,-3.606029721812430838e-02,-1.675591989184865582e+01
5.725000000000000533e+00,3.022544393802511422e+03,9.450554987266685885e+02,-6.894417088354726220e-01,-3.606029721812430838e-02,-1.685463579518173916e+01
5.727500000000000924e+00,3.024907224133576619e+03,9.453930564072001062e+02,-6.900047463273146775e-01,-3.606029721812430838e-02,-1.695343227797145147e+01
5.730000000000000426e+00,3.027270898428718283e+03,9.457307372039377924e+02,-6.905680803324332206e-01,-3.606029721812430838e-02,-1.705230931990040588e+01
5.732500000000000817e+00,3.029635416984378480e+03,9.460683586600575836e+02,-6.911312793047766911e-01,-3.606029721812430838e-02,-1.715126685498781001e+01
5.735000000000001208e+00,3.032000779456423970e+03,9.464057382681869512e+02,-6.916933217960422597e-01,-3.606029721812430838e-02,-1.725030494486245303e+01
5.737500000000001599e+00,3.034366985240253143e+03,9.467428760546093827e+02,-6.922553216046445357e-01,-3.606029721812430838e-02,-1.734942345201437774e+01
5.740000000000000213e+00,3.036734033731323962e+03,9.470797720441141792e+02,-6.928175071250790573e-01,-3.606029721812430838e-02,-1.744862235847377718e+01
5.742500000000000604e+00,3.039101924337093351e+03,9.474166172101980692e+02,-6.933798201920110538e-01,-3.606029721812430838e-02,-1.754790168188500488e+01
5.745000000000000995e+00,3.041470657135349938e+03,9.477536025807544320e+02,-6.939422739166979381e-01,-3.606029721812430838e-02,-1.764726132119212920e+01
5.747500000000001386e+00,3.043840232476672099e+03,9.480907282782528682e+02,-6.945046459256625226e-01,-3.606029721812430838e-02,-1.774670143157248603e+01
5.750000000000000000e+00,3.046210650711947892e+03,9.484279944272957437e+02,-6.950675962324758261e-01,-3.606029721812430838e-02,-1.784622203468304846e+01
5.752500000000000391e+00,3.048581912179931805e+03,9.487652020948240761e+02,-6.956301437469066817e-01,-3.606029721812430838e-02,-1.794582310520374335e+01
5.755000000000000782e+00,3.050954016520966434e+03,9.491021522894811824e+02,-6.961927464691477496e-01,-3.606029721812430838e-02,-1.804550466957389432e+01
5.757500000000001172e+00,3.053326963091379639e+03,9.494388450352666950e+02,-6.967557991295070252e-01,-3.606029721812430838e-02,-1.814526672549052577e+01
5.759999999999999787e+00,3.055700751247564767e+03,9.497752803539680144e+02,-6.973180020554196057e-01,-3.606029721812430838e-02,-1.824510934505072512e+01
5.762500000000000178e+00,3.058075380358393886e+03,9.501116570971555575e+02,-6.978818368833977770e-01,-3.606029721812430838e-02,-1.834503245945719385e+01
5.765000000000000568e+00,3.060450850490722587e+03,9.504481741682868687e+02,-6.984444438178626369e-01,-3.606029721812430838e-02,-1.844503613908145212e+01
5.767500000000000959e+00,3.062827161995437109e+03,9.507848316889494527e+02,-6.990083112701530599e-01,-3.606029721812430838e-02,-1.854512037639206312e+01
5.769999999999999574e+00,3.065204315223732010e+03,9.511216297793746435e+02,-6.995725038252035288e-01,-3.606029721812430838e-02,-1.864528521382784731e+01
5.772499999999999964e+00,3.067582310514702385e+03,9.514583701846410122e+02,-7.001365671165353799e-01,-3.606029721812430838e-02,-1.874553071426929307e+01
5.775000000000000355e+00,3.069961147511403851e+03,9.517948545955576947e+02,-7.006998697500694817e-01,-3.606029721812430838e-02,-1.884585695457330345e+01
5.777500000000000746e+00,3.072340825573865459e+03,9.521310830352061885e+02,-7.012628287896622847e-01,-3.606029721812430838e-02,-1.894626375923985506e+01
5.780000000000000249e+00,3.074721344062169010e+03,9.524670555238540146e+02,-7.018238889425918448e-01,-3.606029721812430838e-02,-1.904675107452419169e+01
5.782500000000000639e+00,3.077102702348834555e+03,9.528029702210480991e+02,-7.023839074846235375e-01,-3.606029721812430838e-02,-1.914731868431327300e+01
5.785000000000001030e+00,3.079484900501939137e+03,9.531390253395348964e+02,-7.029414541736296318e-01,-3.606029721812430838e-02,-1.924796632272609642e+01
5.787500000000001421e+00,3.081867938872601826e+03,9.534752209941220826e+02,-7.034977658338846807e-01,-3.606029721812430838e-02,-1.934869374255684704e+01
5.790000000000000036e+00,3.084251817812225909e+03,9.538115573028269409e+02,-7.040532998150194066e-01,-3.606029721812430838e-02,-1.944950077822067414e+01
5.792500000000000426e+00,3.086636537665584910e+03,9.541479234478066473e+02,-7.046076265300676988e-01,-3.606029721812430838e-02,-1.955038732800786505e+01
5.795000000000000817e+00,3.089022098388328686e+03,9.544842085767554636e+02,-7.051620598863402867e-01,-3.606029721812430838e-02,-1.965135323416034652e+01
5.797500000000001208e+00,3.091408499777955512e+03,9.548204127533113024e+02,-7.057158313243738768e-01,-3.606029721812430838e-02,-1.975239836407175531e+01
5.799999999999999822e+00,3.093795741632118279e+03,9.551565360470350470e+02,-7.062691871181457914e-01,-3.606029721812430838e-02,-1.985352267139839810e+01
5.802500000000000213e+00,3.096183823755578487e+03,9.554926892614042799e+02,-7.068217131305821743e-01,-3.606029721812430838e-02,-1.995472613420190910e+01
5.805000000000000604e+00,3.098572746341958918e+03,9.558289832293443169e+02,-7.073739601584571046e-01,-3.606029721812430838e-02,-2.005600861927353762e+01
5.807500000000000995e+00,3.100962509743208102e+03,9.561654180674156578e+02,-7.079257509011681604e-01,-3.606029721812430838e-02,-2.015737014781507241e+01
5.809999999999999609e+00,3.103353114311566969e+03,9.565019938918072739e+02,-7.084769038228312388e-01,-3.606029721812430838e-02,-2.025881057733155899e+01
5.812500000000000000e+00,3.105744560398673002e+03,9.568386964761159561e+02,-7.090276205565656520e-01,-3.606029721812430838e-02,-2.036032998723786491e+01
5.815000000000000391e+00,3.108136848306106913e+03,9.571755115896435200e+02,-7.095791262956904211e-01,-3.606029721812430838e-02,-2.046192830486432612e+01
5.817500000000000782e+00,3.110529978315250446e+03,9.575124393366012328e+02,-7.101304223044998531e-01,-3.606029721812430838e-02,-2.056360549801012638e+01
5.820000000000000284e+00,3.112923950707748645e+03,9.578494798285718161e+02,-7.106809075700941669e-01,-3.606029721812430838e-02,-2.066536153055348990e+01
5.822500000000000675e+00,3.115318765760393489e+03,9.581865510439461104e+02,-7.112322203326948422e-01,-3.606029721812430838e-02,-2.076719641528818627e+01
5.825000000000001066e+00,3.117714423461952720e+03,9.585235709343252211e+02,-7.117839777398951018e-01,-3.606029721812430838e-02,-2.086911022687897699e+01
5.827500000000001457e+00,3.120110923684157115e+03,9.588605395726235656e+02,-7.123354792144649394e-01,-3.606029721812430838e-02,-2.097110299384090482e+01
5.830000000000000071e+00,3.122508266298908438e+03,9.591974570294053137e+02,-7.128872344797476668e-01,-3.606029721812430838e-02,-2.107317471221374205e+01
5.832500000000000462e+00,3.124906451184228445e+03,9.595344182408050528e+02,-7.134392492250435369e-01,-3.606029721812430838e-02,-2.117532535824762974e+01
5.835000000000000853e+00,3.127305478551308170e+03,9.598715181783962862e+02,-7.139910096886308288e-01,-3.606029721812430838e-02,-2.127755503242460122e+01
5.837500000000001243e+00,3.129705348747035714e+03,9.602087569650612977e+02,-7.145433021994186396e-01,-3.606029721812430838e-02,-2.137986368881343680e+01
5.839999999999999858e+00,3.132106062118599311e+03,9.605461347184730130e+02,-7.150959911093579535e-01,-3.606029721812430838e-02,-2.148225141295078444e+01
5.842500000000000249e+00,3.134507619001322837e+03,9.608834569816707472e+02,-7.156483142723494284e-01,-3.606029721812430838e-02,-2.158471826557581252e+01
5.845000000000000639e+00,3.136910019047822971e+03,9.612205292408823425e+02,-7.162019533596418741e-01,-3.606029721812430838e-02,-2.168726416272950175e+01
5.847500000000001030e+00,3.139313261633106777e+03,9.615573515237978199e+02,-7.167561128826687167e-01,-3.606029721812430838e-02,-2.178988928780350776e+01
5.849999999999999645e+00,3.141717346132245893e+03,9.618939238583656106e+02,-7.173100512124689354e-01,-3.606029721812430838e-02,-2.189259371245903552e+01
5.852500000000000036e+00,3.144122271932740659e+03,9.622304438808713485e+02,-7.178635734754853504e-01,-3.606029721812430838e-02,-2.199537746979466490e+01
5.855000000000000426e+00,3.146528039115801676e+03,9.625671092833546254e+02,-7.184183887974686655e-01,-3.606029721812430838e-02,-2.209824047051723284e+01
5.857500000000000817e+00,3.148934648044944879e+03,9.629039201874512628e+02,-7.189727512573211854e-01,-3.606029721812430838e-02,-2.220118291080805761e+01
5.860000000000000320e+00,3.151342099083998619e+03,9.632408767158559613e+02,-7.195282279186072660e-01,-3.606029721812430838e-02,-2.230420479629656327e+01
5.862500000000000711e+00,3.153750392584561268e+03,9.635777785829892537e+02,-7.200835310236284315e-01,-3.606029721812430838e-02,-2.240730613401064275e+01
5.865000000000001101e+00,3.156159528195075382e+03,9.639144254470264741e+02,-7.206387380758451089e-01,-3.606029721812430838e-02,-2.251048709739228215e+01
5.867500000000001492e+00,3.158569505278047018e+03,9.642508173287027375e+02,-7.211950033211420585e-01,-3.606029721812430838e-02,-2.261374754641125762e+01
5.870000000000000107e+00,3.160980323196024983e+03,9.645869542457827492e+02,-7.217511527039112140e-01,-3.606029721812430838e-02,-2.271708760778661329e+01
5.872500000000000497e+00,3.163391981324134576e+03,9.649230364705713328e+02,-7.223080044229527319e-01,-3.606029721812430838e-02,-2.282050730654879445e+01
5.875000000000000888e+00,3.165804479740460465e+03,9.652592643314919769e+02,-7.228654413709943993e-01,-3.606029721812430838e-02,-2.292400672136397333e+01
5.877500000000001279e+00,3.168217818809161599e+03,9.655956379512194871e+02,-7.234225752644939389e-01,-3.606029721812430838e-02,-2.302758594551553628e+01
5.879999999999999893e+00,3.170631998894703884e+03,9.659321574524336711e+02,-7.239795316794747082e-01,-3.606029721812430838e-02,-2.313124493861602815e+01
5.882500000000000284e+00,3.173047020349378727e+03,9.662686231949041940e+02,-7.245382307109876630e-01,-3.606029721812430838e-02,-2.323498375501382540e+01
5.885000000000000675e+00,3.175462882824570897e+03,9.666048354804901237e+02,-7.250967975107948105e-01,-3.606029721812430838e-02,-2.333880248612581454e+01
5.887500000000001066e+00,3.177879585686650898e+03,9.669407943361791240e+02,-7.256549607846407568e-01,-3.606029721812430838e-02,-2.344270117897665529e+01
5.889999999999999680e+00,3.180297128302063811e+03,9.672764997928579760e+02,-7.262132233443304719e-01,-3.606029721812430838e-02,-2.354667982820591732e+01
5.892500000000000071e+00,3.182715510049803925e+03,9.676121515015885279e+02,-7.267729786181307272e-01,-3.606029721812430838e-02,-2.365073851479882805e+01
5.895000000000000462e+00,3.185134731009653933e+03,9.679479491701902134e+02,-7.273335246297228940e-01,-3.606029721812430838e-02,-2.375487736213464984e+01
5.897500000000000853e+00,3.187554791546581782e+03,9.682838929188072825e+02,-7.278938468686979579e-01,-3.606029721812430838e-02,-2.385909639618129319e+01
5.900000000000000355e+00,3.189975692025859189e+03,9.686199828731844264e+02,-7.284548632253317058e-01,-3.606029721812430838e-02,-2.396339564447211856e+01
5.902500000000000746e+00,3.192397432811726958e+03,9.689561976853942724e+02,-7.290162658624055325e-01,-3.606029721812430838e-02,-2.406777519769519813e+01
5.905000000000001137e+00,3.194820014193369843e+03,9.692925160030059715e+02,-7.295785067867047724e-01,-3.606029721812430838e-02,-2.417223512397291074e+01
5.907500000000001528e+00,3.197243436429615031e+03,9.696289379412316976e+02,-7.301400620958606869e-01,-3.606029721812430838e-02,-2.427677563155963725e+01
5.910000000000000142e+00,3.199667699779581653e+03,9.699654636115493531e+02,-7.307032758866197630e-01,-3.606029721812430838e-02,-2.438139662560747212e+01
5.912500000000000533e+00,3.202092804492870528e+03,9.703019365439649846e+02,-7.312659824422985677e-01,-3.606029721812430838e-02,-2.448609815889028596e+01
5.915000000000000924e+00,3.204518750269741759e+03,9.706382002302943874e+02,-7.318299995455873619e-01,-3.606029721812430838e-02,-2.459088029768080830e+01
5.917500000000001315e+00,3.206945536587100833e+03,9.709742547086518698e+02,-7.323941853249269496e-01,-3.606029721812430838e-02,-2.469574319501793269e+01
5.919999999999999929e+00,3.209373162921950552e+03,9.713101000177691731e+02,-7.329585617120063512e-01,-3.606029721812430838e-02,-2.480068677704600333e+01
5.922500000000000320e+00,3.211801628762004839e+03,9.716459059838055055e+02,-7.335234510673686037e-01,-3.606029721812430838e-02,-2.490571112964974176e+01
5.925000000000000711e+00,3.214230934191057258e+03,9.719818424902026663e+02,-7.340889982333393959e-01,-3.606029721812430838e-02,-2.501081644719345931e+01
5.927500000000001101e+00,3.216661079535535464e+03,9.723179096558153560e+02,-7.346551890640574678e-01,-3.606029721812430838e-02,-2.511600276982361279e+01
5.929999999999999716e+00,3.219092065122145868e+03,9.726541075966247263e+02,-7.352224796893159775e-01,-3.606029721812430838e-02,-2.522127015568668895e+01
5.932500000000000107e+00,3.221523891266484497e+03,9.729902538392873339e+02,-7.357890362888622748e-01,-3.606029721812430838e-02,-2.532661868198397670e+01
5.935000000000000497e+00,3.223956557643504311e+03,9.733261658614172802e+02,-7.363557546215315774e-01,-3.606029721812430838e-02,-2.543204829356452379e+01
5.937500000000000888e+00,3.226390063667680352e+03,9.736618437020582633e+02,-7.369232790070087136e-01,-3.606029721812430838e-02,-2.553755908079208581e+01
5.940000000000000391e+00,3.228824408753576790e+03,9.739972873971213403e+02,-7.374907434593372946e-01,-3.606029721812430838e-02,-2.564315109436748585e+01
5.942500000000000782e+00,3.231259592327889550e+03,9.743326895833758954e+02,-7.380590056509810370e-01,-3.606029721812430838e-02,-2.574882441484201934e+01
5.945000000000001172e+00,3.233695614493470657e+03,9.746682429536452901e+02,-7.386278125292150554e-01,-3.606029721812430838e-02,-2.585457918042800429e+01
5.947500000000001563e+00,3.236132475628349312e+03,9.750039476266285874e+02,-7.391971038507357816e-01,-3.606029721812430838e-02,-2.596041536682062656e+01
5.950000000000000178e+00,3.238570176110852117e+03,9.753398037268891585e+02,-7.397665606398118321e-01,-3.606029721812430838e-02,-2.606633307983733872e+01
5.952500000000000568e+00,3.241008716312474917e+03,9.756756970600142722e+02,-7.403362305032172852e-01,-3.606029721812430838e-02,-2.617233239594546745e+01
5.955000000000000959e+00,3.243448096203737350e+03,9.760115133982828866e+02,-7.409066566845516899e-01,-3.606029721812430838e-02,-2.627841339698425926e+01
5.957500000000001350e+00,3.245888315592188974e+03,9.763472528041719443e+02,-7.414778600702044420e-01,-3.606029721812430838e-02,-2.638457617226700336e+01
5.959999999999999964e+00,3.248329374285533959e+03,9.766829153346383237e+02,-7.420498866832692109e-01,-3.606029721812430838e-02,-2.649082070389582810e+01
5.962500000000000355e+00,3.250771272098752888e+03,9.770186152143315894e+02,-7.426219637442917909e-01,-3.606029721812430838e-02,-2.659714718660311306e+01
5.965000000000000746e+00,3.253214009247719787e+03,9.773544667075218513e+02,-7.431951757099369837e-01,-3.606029721812430838e-02,-2.670355564613818800e+01
5.967500000000001137e+00,3.255657586111537967e+03,9.776904699349678367e+02,-7.437683497635203533e-01,-3.606029721812430838e-02,-2.681004619532423305e+01
5.969999999999999751e+00,3.258102003069606781e+03,9.780266250207090479e+02,-7.443423445252109749e-01,-3.606029721812430838e-02,-2.691661882877824041e+01
5.972500000000000142e+00,3.260547260494551210e+03,9.783628184892544368e+02,-7.449158318743579477e-01,-3.606029721812430838e-02,-2.702327367342507358e+01
5.975000000000000533e+00,3.262993358360536149e+03,9.786989368317148319e+02,-7.454912615005671039e-01,-3.606029721812430838e-02,-2.713001067561199520e+01
5.977500000000000924e+00,3.265440296479783228e+03,9.790349801174786535e+02,-7.460666596768041892e-01,-3.606029721812430838e-02,-2.723683012458961983e+01
5.980000000000000426e+00,3.267888074664690976e+03,9.793709484159746808e+02,-7.466423554238708071e-01,-3.606029721812430838e-02,-2.734373195769313369e+01
5.982500000000000817e+00,3.270336692734920689e+03,9.797069551986766101e+02,-7.472181434061896388e-01,-3.606029721812430838e-02,-2.745071631079654040e+01
5.985000000000001208e+00,3.272786150908368199e+03,9.800431139732689871e+02,-7.477955214032671050e-01,-3.606029721812430838e-02,-2.755778316342830436e+01
5.987500000000001599e+00,3.275236449565086332e+03,9.803794248628496462e+02,-7.483728159986025030e-01,-3.606029721812430838e-02,-2.766493261474455068e+01
5.990000000000000213e+00,3.277687589085430773e+03,9.807158879964617881e+02,-7.489509393375476387e-01,-3.606029721812430838e-02,-2.777216484776950267e+01
5.992500000000000604e+00,3.280139569837519957e+03,9.810523024379848493e+02,-7.495298431971858522e-01,-3.606029721812430838e-02,-2.787947994867804979e+01
5.995000000000000995e+00,3.282592391484010022e+03,9.813884671768780663e+02,-7.501083935158651128e-01,-3.606029721812430838e-02,-2.798687786006225409e+01
5.997500000000001386e+00,3.285046053400652454e+03,9.817243822386633383e+02,-7.506880318928457196e-01,-3.606029721812430838e-02,-2.809435870019197168e+01
6.000000000000000000e+00,3.287500554963272862e+03,9.820600476518327469e+02,-7.512667463391515810e-01,-3.606029721812430838e-02,-2.820192257883957154e+01
6.002500000000000391e+00,3.289955895560697627e+03,9.823956636151817747e+02,-7.518449320462138319e-01,-3.606029721812430838e-02,-2.830956932252098923e+01
6.005000000000000782e+00,3.292412075281780744e+03,9.827314288067015013e+02,-7.524230790279013981e-01,-3.606029721812430838e-02,-2.841729892949449976e+01
6.007500000000001172e+00,3.294869094500149004e+03,9.830673428115353545e+02,-7.529985059315483786e-01,-3.606029721812430838e-02,-2.852511122941015742e+01
6.009999999999999787e+00,3.297326953587899425e+03,9.834034054721437315e+02,-7.535734129433763195e-01,-3.606029721812430838e-02,-2.863300592310039505e+01
6.012500000000000178e+00,3.299785652915834362e+03,9.837396024671877512e+02,-7.541467758949078615e-01,-3.606029721812430838e-02,-2.874098295968012096e+01
6.015000000000000568e+00,3.302245192804370618e+03,9.840759194764366384e+02,-7.547203900985128833e-01,-3.606029721812430838e-02,-2.884904211894465575e+01
6.017500000000000959e+00,3.304705573553607792e+03,9.844123566081473200e+02,-7.552935844107578900e-01,-3.606029721812430838e-02,-2.895718335019250844e+01
6.019999999999999574e+00,3.307166795463908784e+03,9.847489139769023723e+02,-7.558651837936003481e-01,-3.606029721812430838e-02,-2.906540663714626405e+01
6.022499999999999964e+00,3.309628858825184579e+03,9.850854196031195897e+02,-7.564359226909362910e-01,-3.606029721812430838e-02,-2.917371177126155501e+01
6.025000000000000355e+00,3.312091763323536270e+03,9.854217014595903947e+02,-7.570061443837854398e-01,-3.606029721812430838e-02,-2.928209863795352064e+01
6.027500000000000746e+00,3.314555508399557311e+03,9.857577595803145414e+02,-7.575761941354302031e-01,-3.606029721812430838e-02,-2.939056717264491780e+01
6.030000000000000249e+00,3.317020093493928016e+03,9.860935939974345956e+02,-7.581459048936221023e-01,-3.606029721812430838e-02,-2.949911729274509398e+01
6.032500000000000639e+00,3.319485518058994330e+03,9.864293901145542804e+02,-7.587151600820459807e-01,-3.606029721812430838e-02,-2.960774898438950942e+01
6.035000000000001030e+00,3.321951782197869306e+03,9.867653333877743762e+02,-7.592844466458215091e-01,-3.606029721812430838e-02,-2.971646215601523622e+01
6.037500000000001421e+00,3.324418886278519494e+03,9.871014239429039208e+02,-7.598537755733653087e-01,-3.606029721812430838e-02,-2.982525687488895727e+01
6.040000000000000036e+00,3.326886830669215215e+03,9.874376619026828621e+02,-7.604224021817184154e-01,-3.606029721812430838e-02,-2.993413315636648875e+01
6.042500000000000426e+00,3.329355615726122323e+03,9.877738487855987159e+02,-7.609908428569338579e-01,-3.606029721812430838e-02,-3.004309091396428855e+01
6.045000000000000817e+00,3.331825241108578211e+03,9.881097860496983003e+02,-7.615607793859098251e-01,-3.606029721812430838e-02,-3.015213012268249315e+01
6.047500000000001208e+00,3.334295706192551279e+03,9.884454737197949044e+02,-7.621302383773108646e-01,-3.606029721812430838e-02,-3.026125088346643466e+01
6.049999999999999822e+00,3.336767010354068589e+03,9.887809118196126974e+02,-7.626992919987887198e-01,-3.606029721812430838e-02,-3.037045322918181611e+01
6.052500000000000213e+00,3.339239152981792813e+03,9.891163015739238062e+02,-7.632690900932083133e-01,-3.606029721812430838e-02,-3.047973712309552141e+01
6.055000000000000604e+00,3.341712134170705212e+03,9.894518442661453719e+02,-7.638383441436675803e-01,-3.606029721812430838e-02,-3.058910256803091343e+01
6.057500000000000995e+00,3.344185954303216022e+03,9.897875400182548447e+02,-7.644077895581994353e-01,-3.606029721812430838e-02,-3.069854953842057199e+01
6.059999999999999609e+00,3.346660613762043340e+03,9.901233889522569598e+02,-7.649774796040925695e-01,-3.606029721812430838e-02,-3.080807810588556350e+01
6.062500000000000000e+00,3.349136112917488390e+03,9.904591876478606309e+02,-7.655472898421451511e-01,-3.606029721812430838e-02,-3.091768816259578401e+01
6.065000000000000391e+00,3.351612451425689414e+03,9.907947326353369135e+02,-7.661175564169704355e-01,-3.606029721812430838e-02,-3.102737986527960956e+01
6.067500000000000782e+00,3.354089628652396186e+03,9.911300239395964127e+02,-7.666871517592657170e-01,-3.606029721812430838e-02,-3.113715327786216136e+01
6.070000000000000284e+00,3.356567643963412593e+03,9.914650615793107136e+02,-7.672578888672197950e-01,-3.606029721812430838e-02,-3.124700829438772942e+01
6.072500000000000675e+00,3.359046496737288635e+03,9.918000488362398528e+02,-7.678282227797155191e-01,-3.606029721812430838e-02,-3.135694501802841572e+01
6.075000000000001066e+00,3.361526187066122020e+03,9.921351890563715870e+02,-7.683978191727596219e-01,-3.606029721812430838e-02,-3.146696343651921168e+01
6.077500000000001457e+00,3.364006715332387103e+03,9.924704823578257447e+02,-7.689679212533190311e-01,-3.606029721812430838e-02,-3.157706352188397858e+01
6.080000000000000071e+00,3.366488081918854277e+03,9.928059288536468330e+02,-7.695399654897021602e-01,-3.606029721812430838e-02,-3.168724535200928116e+01
6.082500000000000462e+00,3.368970287195898891e+03,9.931413258825191406e+02,-7.701109422648155789e-01,-3.606029721812430838e-02,-3.179750907080254763e+01
6.085000000000000853e+00,3.371453330822401313e+03,9.934764707265362631e+02,-7.706822386352325527e-01,-3.606029721812430838e-02,-3.190785459240969502e+01
6.087500000000001243e+00,3.373937212167913458e+03,9.938113634106684913e+02,-7.712541794294971442e-01,-3.606029721812430838e-02,-3.201828192282919616e+01
6.089999999999999858e+00,3.376421930602047723e+03,9.941460039581655792e+02,-7.718266123678425572e-01,-3.606029721812430838e-02,-3.212879119359929803e+01
6.092500000000000249e+00,3.378907485507134425e+03,9.944805948958893396e+02,-7.723986516368704924e-01,-3.606029721812430838e-02,-3.223938247433132176e+01
6.095000000000000639e+00,3.381393876976387673e+03,9.948153388078463877e+02,-7.729715867766981940e-01,-3.606029721812430838e-02,-3.235005567580417818e+01
6.097500000000001030e+00,3.383881105392310474e+03,9.951502358130260291e+02,-7.735442651297155248e-01,-3.606029721812430838e-02,-3.246081100745098524e+01
6.099999999999999645e+00,3.386369171137701414e+03,9.954852860267889127e+02,-7.741183660827216650e-01,-3.606029721812430838e-02,-3.257164835670918279e+01
6.102500000000000036e+00,3.388858074594405480e+03,9.958204696799009525e+02,-7.746934834046530494e-01,-3.606029721812430838e-02,-3.268256802873700195e+01
6.105000000000000426e+00,3.391347816074757702e+03,9.961557669951613434e+02,-7.752670176065509233e-01,-3.606029721812430838e-02,-3.279356994102871425e+01
6.107500000000000817e+00,3.393838395862967900e+03,9.964911780827287657e+02,-7.758422731078344903e-01,-3.606029721812430838e-02,-3.290465410034099136e+01
6.110000000000000320e+00,3.396329814243533292e+03,9.968267030513650298e+02,-7.764178456048588250e-01,-3.606029721812430838e-02,-3.301582063520771726e+01
6.112500000000000711e+00,3.398822071491048519e+03,9.971621792910787008e+02,-7.769938363413010363e-01,-3.606029721812430838e-02,-3.312706961436331454e+01
6.115000000000001101e+00,3.401315167309205663e+03,9.974974441460240087e+02,-7.775693947213292434e-01,-3.606029721812430838e-02,-3.323840112219213694e+01
6.117500000000001492e+00,3.403809101169560563e+03,9.978324976451838211e+02,-7.781454333889553654e-01,-3.606029721812430838e-02,-3.334981501641680524e+01
6.120000000000000107e+00,3.406303872543734087e+03,9.981673398193082676e+02,-7.787221219650757309e-01,-3.606029721812430838e-02,-3.346131149231996460e+01
6.122500000000000497e+00,3.408799480914464311e+03,9.985021471078490549e+02,-7.792992076628288967e-01,-3.606029721812430838e-02,-3.357289054455253563e+01
6.125000000000000888e+00,3.411295926383786082e+03,9.988370959976655286e+02,-7.798772706998187143e-01,-3.606029721812430838e-02,-3.368455226736307395e+01
6.127500000000001279e+00,3.413793209305766140e+03,9.991721866076919696e+02,-7.804559566504870594e-01,-3.606029721812430838e-02,-3.379629681554282428e+01
6.129999999999999893e+00,3.416291330034772727e+03,9.995074190513280428e+02,-7.810338685378440671e-01,-3.606029721812430838e-02,-3.390812424362947297e+01
6.132500000000000284e+00,3.418790288913593486e+03,9.998426037090763430e+02,-7.816134859025625214e-01,-3.606029721812430838e-02,-3.402003451881984830e+01
6.135000000000000675e+00,3.421290085619305955e+03,1.000177550909385900e+03,-7.821921897724314343e-01,-3.606029721812430838e-02,-3.413202766742746519e+01
6.137500000000001066e+00,3.423790719558278852e+03,1.000512260679221981e+03,-7.827709775165784256e-01,-3.606029721812430838e-02,-3.424410378356116524e+01
6.139999999999999680e+00,3.426292190136949102e+03,1.000846733041189054e+03,-7.833509046211735161e-01,-3.606029721812430838e-02,-3.435626282567829293e+01
6.142500000000000071e+00,3.428794496774163690e+03,1.001181165635671960e+03,-7.839317295452058465e-01,-3.606029721812430838e-02,-3.446850500792202610e+01
6.145000000000000462e+00,3.431297639582500324e+03,1.001515756159531179e+03,-7.845124648432872938e-01,-3.606029721812430838e-02,-3.458083034988407434e+01
6.147500000000000853e+00,3.433801618956849779e+03,1.001850504724428674e+03,-7.850940170571385490e-01,-3.606029721812430838e-02,-3.469323889462253874e+01
6.150000000000000355e+00,3.436306435292374317e+03,1.002185411448161858e+03,-7.856753461834601326e-01,-3.606029721812430838e-02,-3.480573075367838243e+01
6.152500000000000746e+00,3.438812088977290841e+03,1.002520360420743145e+03,-7.862574982788412825e-01,-3.606029721812430838e-02,-3.491830596732249603e+01
6.155000000000001137e+00,3.441318579992821014e+03,1.002855235695819715e+03,-7.868398694212936917e-01,-3.606029721812430838e-02,-3.503096455159991507e+01
6.157500000000001528e+00,3.443825908154753506e+03,1.003190037326944889e+03,-7.874222630419244195e-01,-3.606029721812430838e-02,-3.514370660974897476e+01
6.160000000000000142e+00,3.446334073279010681e+03,1.003524765366644488e+03,-7.880059025743423318e-01,-3.606029721812430838e-02,-3.525653205234561938e+01
6.162500000000000533e+00,3.448843075188882722e+03,1.003859535654806564e+03,-7.885902010171973453e-01,-3.606029721812430838e-02,-3.536944120541932790e+01
6.165000000000000924e+00,3.451352914114221676e+03,1.004194464059829329e+03,-7.891744883318089210e-01,-3.606029721812430838e-02,-3.548243403960893971e+01
6.167500000000001315e+00,3.453863590450377160e+03,1.004529550688930954e+03,-7.897590519452384328e-01,-3.606029721812430838e-02,-3.559551052472109234e+01
6.169999999999999929e+00,3.456375104592972548e+03,1.004864795656867500e+03,-7.903440082104145059e-01,-3.606029721812430838e-02,-3.570867073037086215e+01
6.172500000000000320e+00,3.458887456930724511e+03,1.005200083868110141e+03,-7.909295346347519073e-01,-3.606029721812430838e-02,-3.582191469324068578e+01
6.175000000000000711e+00,3.461400647448213476e+03,1.005535300185391065e+03,-7.915159580523887239e-01,-3.606029721812430838e-02,-3.593524263705489119e+01
6.177500000000001101e+00,3.463914675965737388e+03,1.005870444660312614e+03,-7.921028202831921217e-01,-3.606029721812430838e-02,-3.604865452638287593e+01
6.179999999999999716e+00,3.466429542303711514e+03,1.006205517339924427e+03,-7.926904740807424465e-01,-3.606029721812430838e-02,-3.616215048015430256e+01
6.182500000000000107e+00,3.468945246289868464e+03,1.006540633260432401e+03,-7.932783066919328885e-01,-3.606029721812430838e-02,-3.627573069105790182e+01
6.185000000000000497e+00,3.471461788155683280e+03,1.006875907490261511e+03,-7.938669141328309475e-01,-3.606029721812430838e-02,-3.638939511764433377e+01
6.187500000000000888e+00,3.473979168296987609e+03,1.007211340131421935e+03,-7.944559620097146890e-01,-3.606029721812430838e-02,-3.650314389578875307e+01
6.190000000000000391e+00,3.476497387109866395e+03,1.007546931288484188e+03,-7.950452476415174052e-01,-3.606029721812430838e-02,-3.661697701936129334e+01
6.192500000000000782e+00,3.479016444989122192e+03,1.007882656294058506e+03,-7.956353645700068311e-01,-3.606029721812430838e-02,-3.673089453883999767e+01
6.195000000000001172e+00,3.481536342242869068e+03,1.008218490481285244e+03,-7.962265826715964057e-01,-3.606029721812430838e-02,-3.684489661769055147e+01
6.197500000000001563e+00,3.484057079144106410e+03,1.008554433937646991e+03,-7.968177866872649950e-01,-3.606029721812430838e-02,-3.695898332771232475e+01
6.200000000000000178e+00,3.486578655966060978e+03,1.008890486755607412e+03,-7.974093894284425277e-01,-3.606029721812430838e-02,-3.707315465305320146e+01
6.202500000000000568e+00,3.489101072972503971e+03,1.009226494020388600e+03,-7.980011714123697031e-01,-3.606029721812430838e-02,-3.718741079942129346e+01
6.205000000000000959e+00,3.491624329883321934e+03,1.009562300757345838e+03,-7.985940433874270106e-01,-3.606029721812430838e-02,-3.730175169613923458e+01
6.207500000000001350e+00,3.494148426197202753e+03,1.009897906973540671e+03,-7.991873527536409449e-01,-3.606029721812430838e-02,-3.741617754543466390e+01
6.209999999999999964e+00,3.496673361412843406e+03,1.010233312679113737e+03,-7.997805042402497122e-01,-3.606029721812430838e-02,-3.753068843044631109e+01
6.212500000000000355e+00,3.499199135039522844e+03,1.010568686613587602e+03,-8.003740677654997970e-01,-3.606029721812430838e-02,-3.764528427810923006e+01
6.215000000000000746e+00,3.501725747179259088e+03,1.010904196656235854e+03,-8.009690103444226938e-01,-3.606029721812430838e-02,-3.775996521629124913e+01
6.217500000000001137e+00,3.504253198168540621e+03,1.011239839952217721e+03,-8.015637576140683951e-01,-3.606029721812430838e-02,-3.787473129128240146e+01
6.219999999999999751e+00,3.506781488341177464e+03,1.011575615926324758e+03,-8.021593119619511159e-01,-3.606029721812430838e-02,-3.798958259200326637e+01
6.222500000000000142e+00,3.509310618017528213e+03,1.011911342172627201e+03,-8.027552026008134556e-01,-3.606029721812430838e-02,-3.810451912544526465e+01
6.225000000000000533e+00,3.511840586877935493e+03,1.012246836576094438e+03,-8.033502816619707554e-01,-3.606029721812430838e-02,-3.821954097777393855e+01
6.227500000000000924e+00,3.514371394342790154e+03,1.012582099131994596e+03,-8.039452575392146416e-01,-3.606029721812430838e-02,-3.833464798365395154e+01
6.230000000000000426e+00,3.516903039832463492e+03,1.012917129828579505e+03,-8.045378126908473426e-01,-3.606029721812430838e-02,-3.844984019499293737e+01
6.232500000000000817e+00,3.519435522779489929e+03,1.013252123510873389e+03,-8.051300063041680888e-01,-3.606029721812430838e-02,-3.856511720569695711e+01
6.235000000000001208e+00,3.521968843300337994e+03,1.013587275076078072e+03,-8.057210054231811469e-01,-3.606029721812430838e-02,-3.868047900343641032e+01
6.237500000000001599e+00,3.524503001789768405e+03,1.013922584611549610e+03,-8.063100452825333608e-01,-3.606029721812430838e-02,-3.879592538102031085e+01
6.240000000000000213e+00,3.527037998642751063e+03,1.014258052194783318e+03,-8.068985940472285234e-01,-3.606029721812430838e-02,-3.891145603041019996e+01
6.242500000000000604e+00,3.529573834241491568e+03,1.014593470641058616e+03,-8.074861105898654134e-01,-3.606029721812430838e-02,-3.902707095759795664e+01
6.245000000000000995e+00,3.532110508240870331e+03,1.014928632709494650e+03,-8.080724634150386887e-01,-3.606029721812430838e-02,-3.914276993925118120e+01
6.247500000000001386e+00,3.534648019999924145e+03,1.015263538379716238e+03,-8.086583894881769208e-01,-3.606029721812430838e-02,-3.925855285539162054e+01
6.250000000000000000e+00,3.537186368877650239e+03,1.015598187627993639e+03,-8.092436839712991992e-01,-3.606029721812430838e-02,-3.937441973643209536e+01
6.252500000000000391e+00,3.539725554245922922e+03,1.015932787481633113e+03,-8.098288632330612469e-01,-3.606029721812430838e-02,-3.949037043048884499e+01
6.255000000000000782e+00,3.542265576203340970e+03,1.016267545022203649e+03,-8.104138795841351328e-01,-3.606029721812430838e-02,-3.960640489322671698e+01
6.257500000000001172e+00,3.544806435144156694e+03,1.016602460316182032e+03,-8.109990457406452968e-01,-3.606029721812430838e-02,-3.972252309448683150e+01
6.259999999999999787e+00,3.547348131462797937e+03,1.016937533437382399e+03,-8.115836712468057490e-01,-3.606029721812430838e-02,-3.983872507657660833e+01
6.262500000000000178e+00,3.549890665540963255e+03,1.017272557903993970e+03,-8.121686463544659507e-01,-3.606029721812430838e-02,-3.995501081127357423e+01
6.265000000000000568e+00,3.552434037035488018e+03,1.017607327166235336e+03,-8.127531647290798800e-01,-3.606029721812430838e-02,-4.007138023451652487e+01
6.267500000000000959e+00,3.554978245308338956e+03,1.017941841182832945e+03,-8.133370417862285651e-01,-3.606029721812430838e-02,-4.018783329318392816e+01
6.269999999999999574e+00,3.557523289721373658e+03,1.018276099915689883e+03,-8.139216832526018353e-01,-3.606029721812430838e-02,-4.030436999562369493e+01
6.272499999999999964e+00,3.560069169649260857e+03,1.018610309656388267e+03,-8.145052028670233257e-01,-3.606029721812430838e-02,-4.042099041450174468e+01
6.275000000000000355e+00,3.562615885190833978e+03,1.018944676762052495e+03,-8.150882479793295499e-01,-3.606029721812430838e-02,-4.053769435014408629e+01
6.277500000000000746e+00,3.565163436739537246e+03,1.019279201288727450e+03,-8.156725170141775338e-01,-3.606029721812430838e-02,-4.065448177320344314e+01
6.280000000000000249e+00,3.567711824688950855e+03,1.019613883281719723e+03,-8.162557829867218562e-01,-3.606029721812430838e-02,-4.077135282448324460e+01
6.282500000000000639e+00,3.570261049419903884e+03,1.019948516983074455e+03,-8.168387793844286149e-01,-3.606029721812430838e-02,-4.088830733880224955e+01
6.285000000000001030e+00,3.572811110590924727e+03,1.020282896565875603e+03,-8.174227878438561357e-01,-3.606029721812430838e-02,-4.100534530446577008e+01
6.287500000000001421e+00,3.575362007566686316e+03,1.020617021971796589e+03,-8.180065019659428227e-01,-3.606029721812430838e-02,-4.112246682669735520e+01
6.290000000000000036e+00,3.577913739711708786e+03,1.020950893145137343e+03,-8.185899890292734904e-01,-3.606029721812430838e-02,-4.123967188797031724e+01
6.292500000000000426e+00,3.580466306403230647e+03,1.021284715612586069e+03,-8.191738282637753832e-01,-3.606029721812430838e-02,-4.135696046205279686e+01
6.295000000000000817e+00,3.583019707739988917e+03,1.021618694962306790e+03,-8.197580936393553674e-01,-3.606029721812430838e-02,-4.147433261770157742e+01
6.297500000000001208e+00,3.585573944114208189e+03,1.021952831231127561e+03,-8.203432832654097284e-01,-3.606029721812430838e-02,-4.159178841843882424e+01
6.299999999999999822e+00,3.588129015918203095e+03,1.022287124455497406e+03,-8.209272115235993761e-01,-3.606029721812430838e-02,-4.170932785398674980e+01
6.302500000000000213e+00,3.590684923543461991e+03,1.022621559795323719e+03,-8.215118724983204723e-01,-3.606029721812430838e-02,-4.182695085852128614e+01
6.305000000000000604e+00,3.593241667329326901e+03,1.022956122397259605e+03,-8.220968413675949771e-01,-3.606029721812430838e-02,-4.194465751719379654e+01
6.307500000000000995e+00,3.595799247593965447e+03,1.023290812282054389e+03,-8.226813047571873705e-01,-3.606029721812430838e-02,-4.206244790584885607e+01
6.309999999999999609e+00,3.598357664655602548e+03,1.023625629469240607e+03,-8.232672236237063013e-01,-3.606029721812430838e-02,-4.218032182219124593e+01
6.312500000000000000e+00,3.600916918821508716e+03,1.023960398119814840e+03,-8.238518846721020195e-01,-3.606029721812430838e-02,-4.229827961159170968e+01
6.315000000000000391e+00,3.603477009781711331e+03,1.024294942336323629e+03,-8.244371384909667810e-01,-3.606029721812430838e-02,-4.241632100134455641e+01
6.317500000000000782e+00,3.606037936975077173e+03,1.024629262020943543e+03,-8.250231731678621117e-01,-3.606029721812430838e-02,-4.253444612111371725e+01
6.320000000000000284e+00,3.608599699840214726e+03,1.024963357071992732e+03,-8.256093300263998014e-01,-3.606029721812430838e-02,-4.265265509639228014e+01
6.322500000000000675e+00,3.611162297827374459e+03,1.025297417481798675e+03,-8.261957523106275847e-01,-3.606029721812430838e-02,-4.277094792427148207e+01
6.325000000000001066e+00,3.613725731053794789e+03,1.025631633293654204e+03,-8.267819716946771536e-01,-3.606029721812430838e-02,-4.288932458958896632e+01
6.327500000000001457e+00,3.616289999907977744e+03,1.025966004488449016e+03,-8.273682508310539196e-01,-3.606029721812430838e-02,-4.300778504748560493e+01
6.330000000000000071e+00,3.618855104778368968e+03,1.026300531047729010e+03,-8.279559760673741442e-01,-3.606029721812430838e-02,-4.312632935248886668e+01
6.332500000000000462e+00,3.621421046040619785e+03,1.026635008929392598e+03,-8.285438540750030834e-01,-3.606029721812430838e-02,-4.324495768231761872e+01
6.335000000000000853e+00,3.623987823354159445e+03,1.026969234013373580e+03,-8.291319140431376855e-01,-3.606029721812430838e-02,-4.336367007319171307e+01
6.337500000000001243e+00,3.626555436086925965e+03,1.027303206177881748e+03,-8.297196608578568666e-01,-3.606029721812430838e-02,-4.348246648442857065e+01
6.339999999999999858e+00,3.629123883606551772e+03,1.027636925292907108e+03,-8.303080714187491829e-01,-3.606029721812430838e-02,-4.360134693226409297e+01
6.342500000000000249e+00,3.631693165293229413e+03,1.027970597531450494e+03,-8.308967107527998053e-01,-3.606029721812430838e-02,-4.372031144398353320e+01
6.345000000000000639e+00,3.634263281250995078e+03,1.028304429120213172e+03,-8.314840139163210964e-01,-3.606029721812430838e-02,-4.383936009390126998e+01
6.347500000000001030e+00,3.636834231878200171e+03,1.028638420011089693e+03,-8.320721356868402419e-01,-3.606029721812430838e-02,-4.395849264351798524e+01
6.349999999999999645e+00,3.639406017573069676e+03,1.028972570144222573e+03,-8.326615219053528083e-01,-3.606029721812430838e-02,-4.407770915930464639e+01
6.352500000000000036e+00,3.641978638720654544e+03,1.029306671169743140e+03,-8.332504082120136824e-01,-3.606029721812430838e-02,-4.419700987503806999e+01
6.355000000000000426e+00,3.644552094974720603e+03,1.029640514680063006e+03,-8.338397018573460162e-01,-3.606029721812430838e-02,-4.431639466204956079e+01
6.357500000000000817e+00,3.647126385691391079e+03,1.029974100505843126e+03,-8.344285742778704273e-01,-3.606029721812430838e-02,-4.443586361774168836e+01
6.360000000000000320e+00,3.649701510226359915e+03,1.030307428469269098e+03,-8.350182638364918031e-01,-3.606029721812430838e-02,-4.455541664171492044e+01
6.362500000000000711e+00,3.652277467947861624e+03,1.030640706436352730e+03,-8.356082888707240253e-01,-3.606029721812430838e-02,-4.467505387337217115e+01
6.365000000000001101e+00,3.654854258953986573e+03,1.030974142329186861e+03,-8.361996167828286142e-01,-3.606029721812430838e-02,-4.479477533356528340e+01
6.367500000000001492e+00,3.657431883639485022e+03,1.031307736030197930e+03,-8.367895386406088987e-01,-3.606029721812430838e-02,-4.491458117069037570e+01
6.370000000000000107e+00,3.660010342398803914e+03,1.031641487412929337e+03,-8.373803857653215887e-01,-3.606029721812430838e-02,-4.503447124958065473e+01
6.372500000000000497e+00,3.662589635613113387e+03,1.031975188830722573e+03,-8.379714072778909895e-01,-3.606029721812430838e-02,-4.515444562344906387e+01
6.375000000000000888e+00,3.665169762934814571e+03,1.032308632569313886e+03,-8.385623934253079170e-01,-3.606029721812430838e-02,-4.527450420364430528e+01
6.377500000000001279e+00,3.667750723719581401e+03,1.032641818378240032e+03,-8.391531376156853295e-01,-3.606029721812430838e-02,-4.539464704174731935e+01
6.379999999999999893e+00,3.670332517322432068e+03,1.032974745999938932e+03,-8.397447468855007147e-01,-3.606029721812430838e-02,-4.551487417499181021e+01
6.382500000000000284e+00,3.672915143110720692e+03,1.033307622467542160e+03,-8.403362537893174222e-01,-3.606029721812430838e-02,-4.563518554941678218e+01
6.385000000000000675e+00,3.675498601178770514e+03,1.033640654859777896e+03,-8.409276190136106832e-01,-3.606029721812430838e-02,-4.575558123510408137e+01
6.387500000000001066e+00,3.678082891916290464e+03,1.033973842999164390e+03,-8.415196503474715595e-01,-3.606029721812430838e-02,-4.587606126693285802e+01
6.389999999999999680e+00,3.680668015712546094e+03,1.034307186698631313e+03,-8.421118097900543997e-01,-3.606029721812430838e-02,-4.599662555376267647e+01
6.392500000000000071e+00,3.683253972955199515e+03,1.034640667680639353e+03,-8.427040591772572142e-01,-3.606029721812430838e-02,-4.611727418741686790e+01
6.395000000000000462e+00,3.685840763967950352e+03,1.034974267645391137e+03,-8.432973325525511266e-01,-3.606029721812430838e-02,-4.623800720325802871e+01
6.397500000000000853e+00,3.688428389048116969e+03,1.035307986342966842e+03,-8.438894611676146518e-01,-3.606029721812430838e-02,-4.635882466225118037e+01
6.400000000000000355e+00,3.691016848492386998e+03,1.035641823523749508e+03,-8.444821505797759364e-01,-3.606029721812430838e-02,-4.647972638380864652e+01
6.402500000000000746e+00,3.693606142586138503e+03,1.035975607766285066e+03,-8.450754779357736446e-01,-3.606029721812430838e-02,-4.660071231188960184e+01
6.405000000000001137e+00,3.696196271013248861e+03,1.036309167562324546e+03,-8.456687362263392016e-01,-3.606029721812430838e-02,-4.672178256485728554e+01
6.407500000000001528e+00,3.698787233212388401e+03,1.036642502522610357e+03,-8.462619124645848201e-01,-3.606029721812430838e-02,-4.684293731129226757e+01
6.410000000000000142e+00,3.701379028621250200e+03,1.036975612251549364e+03,-8.468559236739666707e-01,-3.606029721812430838e-02,-4.696417641281659172e+01
6.412500000000000533e+00,3.703971656688134317e+03,1.037308682047061211e+03,-8.474500565426656973e-01,-3.606029721812430838e-02,-4.708549976252754732e+01
6.415000000000000924e+00,3.706565117512182042e+03,1.037641897247003953e+03,-8.480436265315350886e-01,-3.606029721812430838e-02,-4.720690743525687338e+01
6.417500000000001315e+00,3.709159411456698763e+03,1.037975257488161105e+03,-8.486382533960861174e-01,-3.606029721812430838e-02,-4.732839944489828099e+01
6.419999999999999929e+00,3.711754538884076283e+03,1.038308762387957131e+03,-8.492321846728504431e-01,-3.606029721812430838e-02,-4.744997578706804831e+01
6.422500000000000320e+00,3.714350500143244517e+03,1.038642211569823758e+03,-8.498266123006562589e-01,-3.606029721812430838e-02,-4.757163637016255819e+01
6.425000000000000711e+00,3.716947294880162190e+03,1.038975404579023916e+03,-8.504208836655592352e-01,-3.606029721812430838e-02,-4.769338119648067220e+01
6.427500000000001101e+00,3.719544922454107109e+03,1.039308340876079683e+03,-8.510150393132470681e-01,-3.606029721812430838e-02,-4.781521034282410909e+01
6.429999999999999716e+00,3.722143382222974196e+03,1.039641019903018787e+03,-8.516093472183834390e-01,-3.606029721812430838e-02,-4.793712354680468479e+01
6.432500000000000107e+00,3.724742673556093450e+03,1.039973646221505760e+03,-8.522025927751054608e-01,-3.606029721812430838e-02,-4.805912082603483526e+01
6.435000000000000497e+00,3.727342796541422103e+03,1.040306424427235925e+03,-8.527973571768606709e-01,-3.606029721812430838e-02,-4.818120212081747411e+01
6.437500000000000888e+00,3.729943751558369513e+03,1.040639353992632778e+03,-8.533919085368921742e-01,-3.606029721812430838e-02,-4.830336754582387471e+01
6.440000000000000391e+00,3.732545538985043549e+03,1.040972434359208137e+03,-8.539853036798702446e-01,-3.606029721812430838e-02,-4.842561697896262984e+01
6.442500000000000782e+00,3.735148159184978340e+03,1.041305454957155689e+03,-8.545804284803716344e-01,-3.606029721812430838e-02,-4.854795024113917634e+01
6.445000000000001172e+00,3.737751611783176941e+03,1.041638205120928205e+03,-8.551746798983923536e-01,-3.606029721812430838e-02,-4.867036752900720842e+01
6.447500000000001563e+00,3.740355896103131272e+03,1.041970684093171258e+03,-8.557676015242380307e-01,-3.606029721812430838e-02,-4.879286849563632700e+01
6.450000000000000178e+00,3.742961011466423770e+03,1.042302891091594574e+03,-8.563584006645386104e-01,-3.606029721812430838e-02,-4.891545298446509094e+01
6.452500000000000568e+00,3.745566957205780454e+03,1.042635035027500862e+03,-8.569491941883847774e-01,-3.606029721812430838e-02,-4.903812064152914729e+01
6.455000000000000959e+00,3.748173733388051915e+03,1.042967324848127873e+03,-8.575373783876474310e-01,-3.606029721812430838e-02,-4.916087140821566237e+01
6.457500000000001350e+00,3.750781340377519427e+03,1.043299759786676532e+03,-8.581237727831397821e-01,-3.606029721812430838e-02,-4.928370477373965031e+01
6.459999999999999964e+00,3.753389778536528866e+03,1.043632339020990912e+03,-8.587090364093427075e-01,-3.606029721812430838e-02,-4.940662051216079931e+01
6.462500000000000355e+00,3.755999048212264825e+03,1.043964852508504237e+03,-8.592937811756741207e-01,-3.606029721812430838e-02,-4.952961836888945157e+01
6.465000000000000746e+00,3.758609149015484945e+03,1.044297090134154132e+03,-8.598766122840338921e-01,-3.606029721812430838e-02,-4.965269817797588559e+01
6.467500000000001137e+00,3.761220080255962785e+03,1.044629050874725408e+03,-8.604568571858768333e-01,-3.606029721812430838e-02,-4.977585955384540739e+01
6.469999999999999751e+00,3.763831841240902577e+03,1.044960733654339492e+03,-8.610364254492400837e-01,-3.606029721812430838e-02,-4.989910213690448870e+01
6.472500000000000142e+00,3.766444431287825864e+03,1.045292346281193204e+03,-8.616151418261683848e-01,-3.606029721812430838e-02,-5.002242565216035075e+01
6.475000000000000533e+00,3.769057850444830819e+03,1.045624096562741670e+03,-8.621933700410275847e-01,-3.606029721812430838e-02,-5.014582984624147599e+01
6.477500000000000924e+00,3.771672099055414492e+03,1.045955983352847170e+03,-8.627698230037488258e-01,-3.606029721812430838e-02,-5.026931462056602129e+01
6.480000000000000426e+00,3.774287177460187650e+03,1.046288005472567647e+03,-8.633454038677211839e-01,-3.606029721812430838e-02,-5.039287962773742890e+01
6.482500000000000817e+00,3.776903085995531001e+03,1.046620141310778990e+03,-8.639197456776296358e-01,-3.606029721812430838e-02,-5.051652471863970106e+01
6.485000000000001208e+00,3.779519824923151646e+03,1.046952369186039050e+03,-8.644953279318947637e-01,-3.606029721812430838e-02,-5.064024956866073524e+01
6.487500000000001599e+00,3.782137394472386859e+03,1.047284687746286863e+03,-8.650693170660854747e-01,-3.606029721812430838e-02,-5.076405427271808435e+01
6.490000000000000213e+00,3.784755794869172860e+03,1.047617095570647507e+03,-8.656427011094530721e-01,-3.606029721812430838e-02,-5.088793842807999113e+01
6.492500000000000604e+00,3.787375026325336876e+03,1.047949423043845400e+03,-8.662158177812903093e-01,-3.606029721812430838e-02,-5.101190173375776027e+01
6.495000000000000995e+00,3.789995088458784267e+03,1.048281500400184996e+03,-8.667887563915875893e-01,-3.606029721812430838e-02,-5.113594407663229191e+01
6.497500000000001386e+00,3.792615980643256989e+03,1.048613325911305310e+03,-8.673600591174869257e-01,-3.606029721812430838e-02,-5.126006532493251200e+01
6.500000000000000000e+00,3.795237702248135975e+03,1.048944897768792998e+03,-8.679299843737631193e-01,-3.606029721812430838e-02,-5.138426510134586778e+01
6.502500000000000391e+00,3.797860252649685208e+03,1.049276397097531799e+03,-8.684993582374603838e-01,-3.606029721812430838e-02,-5.150854308410645643e+01
6.505000000000000782e+00,3.800483631861804042e+03,1.049608005006633448e+03,-8.690676995597658161e-01,-3.606029721812430838e-02,-5.163289905065951046e+01
6.507500000000001172e+00,3.803107840154871155e+03,1.049939719562466962e+03,-8.696349532255701620e-01,-3.606029721812430838e-02,-5.175733267205060883e+01
6.509999999999999787e+00,3.805732877794377600e+03,1.050271538723190588e+03,-8.702011406213889799e-01,-3.606029721812430838e-02,-5.188184365263768427e+01
6.512500000000000178e+00,3.808358745028306657e+03,1.050603262821496628e+03,-8.707674999032514185e-01,-3.606029721812430838e-02,-5.200643172167455219e+01
6.515000000000000568e+00,3.810985441405880920e+03,1.050934692058114024e+03,-8.713328749921587235e-01,-3.606029721812430838e-02,-5.213109655627441441e+01
6.517500000000000959e+00,3.813612966188618429e+03,1.051265824013882821e+03,-8.718973483755780851e-01,-3.606029721812430838e-02,-5.225583807049812890e+01
6.519999999999999574e+00,3.816241318631884951e+03,1.051596656142961137e+03,-8.724609635860185453e-01,-3.606029721812430838e-02,-5.238065577006368301e+01
6.522499999999999964e+00,3.818870497997460916e+03,1.051927390531111541e+03,-8.730234061553158176e-01,-3.606029721812430838e-02,-5.250554930625258976e+01
6.525000000000000355e+00,3.821500504259079207e+03,1.052258229187899133e+03,-8.735843656527878531e-01,-3.606029721812430838e-02,-5.263051812915933425e+01
6.527500000000000746e+00,3.824131337675829855e+03,1.052589169291529288e+03,-8.741454510512953746e-01,-3.606029721812430838e-02,-5.275556206201408571e+01
6.530000000000000249e+00,3.826762998499705191e+03,1.052920207888475488e+03,-8.747051453216762029e-01,-3.606029721812430838e-02,-5.288068067827521901e+01
6.532500000000000639e+00,3.829395486963330313e+03,1.053251151418010068e+03,-8.752658191678942545e-01,-3.606029721812430838e-02,-5.300587371888431676e+01
6.535000000000001030e+00,3.832028802622924104e+03,1.053581806099991809e+03,-8.758242895330285993e-01,-3.606029721812430838e-02,-5.313114096624702398e+01
6.537500000000001421e+00,3.834662944754415548e+03,1.053912168467847778e+03,-8.763837818508037891e-01,-3.606029721812430838e-02,-5.325648186857239352e+01
6.540000000000000036e+00,3.837297912625046592e+03,1.054242234908735099e+03,-8.769416513838079741e-01,-3.606029721812430838e-02,-5.338189626135844179e+01
6.542500000000000426e+00,3.839933705505837679e+03,1.054572208421792766e+03,-8.774987526288884343e-01,-3.606029721812430838e-02,-5.350738352656461672e+01
6.545000000000000817e+00,3.842570323384049061e+03,1.054902291865709230e+03,-8.780527856918629581e-01,-3.606029721812430838e-02,-5.363294322564981087e+01
6.547500000000001208e+00,3.845207766532276764e+03,1.055232481185757706e+03,-8.786072021496089679e-01,-3.606029721812430838e-02,-5.375857466979780952e+01
6.549999999999999822e+00,3.847846035212864081e+03,1.055562772133098406e+03,-8.791604801613774889e-01,-3.606029721812430838e-02,-5.388427761581294817e+01
6.552500000000000213e+00,3.850485129676603719e+03,1.055893147423482560e+03,-8.797127581684298647e-01,-3.606029721812430838e-02,-5.401005140716502240e+01
6.555000000000000604e+00,3.853125050118019317e+03,1.056223589560112487e+03,-8.802626230085075498e-01,-3.606029721812430838e-02,-5.413589554885001576e+01
6.557500000000000995e+00,3.855765796701522049e+03,1.056554093631996466e+03,-8.808109883464106948e-01,-3.606029721812430838e-02,-5.426180919696920313e+01
6.559999999999999609e+00,3.858407369579073929e+03,1.056884654467760129e+03,-8.813577951210691541e-01,-3.606029721812430838e-02,-5.438779184628364050e+01
6.562500000000000000e+00,3.861049768893783494e+03,1.057215333534147703e+03,-8.819059252714251951e-01,-3.606029721812430838e-02,-5.451384275159804815e+01
6.565000000000000391e+00,3.863692995009816514e+03,1.057546192055570145e+03,-8.824496666621914898e-01,-3.606029721812430838e-02,-5.463996168293729738e+01
6.567500000000000782e+00,3.866337048372552545e+03,1.057877224097456747e+03,-8.829962618531106422e-01,-3.606029721812430838e-02,-5.476614742837140426e+01
6.570000000000000284e+00,3.868981929412339014e+03,1.058208423419426936e+03,-8.835403415190578036e-01,-3.606029721812430838e-02,-5.489239987610474003e+01
6.572500000000000675e+00,3.871627638543750436e+03,1.058539783647572676e+03,-8.840826694227450488e-01,-3.606029721812430838e-02,-5.501871810773204174e+01
6.575000000000001066e+00,3.874274176165478821e+03,1.058871298105209689e+03,-8.846236593406419102e-01,-3.606029721812430838e-02,-5.514510143262767627e+01
6.577500000000001457e+00,3.876921542659097213e+03,1.059202959589208376e+03,-8.851634301383678460e-01,-3.606029721812430838e-02,-5.527154879389651398e+01
6.580000000000000071e+00,3.879569738388014684e+03,1.059534760521766657e+03,-8.857011177892879505e-01,-3.606029721812430838e-02,-5.539805951519016247e+01
6.582500000000000462e+00,3.882218763696438145e+03,1.059866693159144916e+03,-8.862386880662301847e-01,-3.606029721812430838e-02,-5.552463260328368477e+01
6.585000000000000853e+00,3.884868618909253200e+03,1.060198749359762132e+03,-8.867753404029949937e-01,-3.606029721812430838e-02,-5.565126774397688081e+01
6.587500000000001243e+00,3.887519304330532123e+03,1.060530920367484441e+03,-8.873082087852155464e-01,-3.606029721812430838e-02,-5.577796346148333129e+01
6.589999999999999858e+00,3.890170820242232821e+03,1.060863196989028893e+03,-8.878425878989506526e-01,-3.606029721812430838e-02,-5.590471881296555523e+01
6.592500000000000249e+00,3.892823166903009678e+03,1.061195569598341535e+03,-8.883723432553337629e-01,-3.606029721812430838e-02,-5.603153268297271694e+01
6.595000000000000639e+00,3.895476344547305871e+03,1.061528028087686380e+03,-8.889022942934158289e-01,-3.606029721812430838e-02,-5.615840421263536797e+01
6.597500000000001030e+00,3.898130353383882266e+03,1.061860561680998217e+03,-8.894287638413124197e-01,-3.606029721812430838e-02,-5.628533205795172023e+01
6.599999999999999645e+00,3.900785193594255361e+03,1.062193159083183218e+03,-8.899551995715078156e-01,-3.606029721812430838e-02,-5.641231500707679203e+01
6.602500000000000036e+00,3.903440865331395798e+03,1.062525808513586298e+03,-8.904774392092354995e-01,-3.606029721812430838e-02,-5.653935208085024300e+01
6.605000000000000426e+00,3.906097368718591952e+03,1.062858497608336847e+03,-8.909997886225465846e-01,-3.606029721812430838e-02,-5.666644159039290685e+01
6.607500000000000817e+00,3.908754703847759629e+03,1.063191213200118455e+03,-8.915183313580580249e-01,-3.606029721812430838e-02,-5.679358237143120647e+01
6.610000000000000320e+00,3.911412870777493936e+03,1.063523941391717244e+03,-8.920369015472938701e-01,-3.606029721812430838e-02,-5.692077298876490943e+01
6.612500000000000711e+00,3.914071869531210723e+03,1.063856667706803364e+03,-8.925525049679441381e-01,-3.606029721812430838e-02,-5.704801210410754209e+01
6.615000000000001101e+00,3.916731700095913766e+03,1.064189376939762496e+03,-8.930661876699227397e-01,-3.606029721812430838e-02,-5.717529770283509549e+01
6.617500000000001492e+00,3.919392362419963774e+03,1.064522052859065298e+03,-8.935777406586065119e-01,-3.606029721812430838e-02,-5.730262823803575856e+01
6.620000000000000107e+00,3.922053856410608205e+03,1.064854678326823205e+03,-8.940857568372241326e-01,-3.606029721812430838e-02,-5.743000197678460950e+01
6.622500000000000497e+00,3.924716181931802112e+03,1.065187235434221748e+03,-8.945933316599484764e-01,-3.606029721812430838e-02,-5.755741678073906797e+01
6.625000000000000888e+00,3.927379338802276379e+03,1.065519705270712393e+03,-8.950940128979039123e-01,-3.606029721812430838e-02,-5.768487102314526282e+01
6.627500000000001279e+00,3.930043326792820153e+03,1.065852067795554603e+03,-8.955918653392270778e-01,-3.606029721812430838e-02,-5.781236247556738306e+01
6.629999999999999893e+00,3.932708145623493692e+03,1.066184301847084043e+03,-8.960877006021699120e-01,-3.606029721812430838e-02,-5.793988873865819045e+01
6.632500000000000284e+00,3.935373794960808937e+03,1.066516385279820270e+03,-8.965798218885060455e-01,-3.606029721812430838e-02,-5.806744762096288071e+01
6.635000000000000675e+00,3.938040274415395743e+03,1.066848294669678808e+03,-8.970710011656189975e-01,-3.606029721812430838e-02,-5.819503677587321988e+01
6.637500000000001066e+00,3.940707583538479867e+03,1.067180005118387271e+03,-8.975550211721784466e-01,-3.606029721812430838e-02,-5.832265382871367621e+01
6.639999999999999680e+00,3.943375721818211332e+03,1.067511490381504018e+03,-8.980359140376391602e-01,-3.606029721812430838e-02,-5.845029571695827997e+01
6.642500000000000071e+00,3.946044688676442547e+03,1.067842722920594497e+03,-8.985165394818591666e-01,-3.606029721812430838e-02,-5.857795964703194613e+01
6.645000000000000462e+00,3.948714483465344529e+03,1.068173673523027901e+03,-8.989902227550443659e-01,-3.606029721812430838e-02,-5.870564292206097434e+01
6.647500000000000853e+00,3.951385105462976298e+03,1.068504311229502719e+03,-8.994618815634666253e-01,-3.606029721812430838e-02,-5.883334194563614261e+01
6.650000000000000355e+00,3.954056553869114850e+03,1.068834603256560513e+03,-8.999299461736740557e-01,-3.606029721812430838e-02,-5.896105397773884249e+01
6.652500000000000746e+00,3.956728827800534418e+03,1.069164515132254792e+03,-9.003922669712174365e-01,-3.606029721812430838e-02,-5.908877539584010918e+01
6.655000000000001137e+00,3.959401926286864182e+03,1.069494010446281891e+03,-9.008512374679805701e-01,-3.606029721812430838e-02,-5.921650264248901152e+01
6.657500000000001528e+00,3.962075848265432342e+03,1.069823050514188253e+03,-9.013074807135973421e-01,-3.606029721812430838e-02,-5.934423158606643511e+01
6.660000000000000142e+00,3.964750592575596329e+03,1.070151594368608130e+03,-9.017563224580991132e-01,-3.606029721812430838e-02,-5.947195838271320412e+01
6.662500000000000533e+00,3.967426157952993890e+03,1.070479598773197722e+03,-9.021999387920388580e-01,-3.606029721812430838e-02,-5.959967846187501550e+01
6.665000000000000924e+00,3.970102543023923317e+03,1.070807017913257596e+03,-9.026382896496034647e-01,-3.606029721812430838e-02,-5.972738728165521138e+01
6.667500000000001315e+00,3.972779746298366263e+03,1.071133803057863815e+03,-9.030721310540418267e-01,-3.606029721812430838e-02,-5.985508042681111363e+01
6.669999999999999929e+00,3.975457766163073302e+03,1.071459902728967791e+03,-9.034975200655358529e-01,-3.606029721812430838e-02,-5.998275263804850255e+01
6.672500000000000320e+00,3.978136600874319811e+03,1.071785262357483361e+03,-9.039150302314127305e-01,-3.606029721812430838e-02,-6.011039846018538668e+01
6.675000000000000711e+00,3.980816248550278488e+03,1.072109824124639772e+03,-9.043239708254832143e-01,-3.606029721812430838e-02,-6.023801202306896840e+01
6.677500000000001101e+00,3.983496707162658367e+03,1.072433526688781967e+03,-9.047277775576639813e-01,-3.606029721812430838e-02,-6.036558680516334618e+01
6.679999999999999716e+00,3.986177974527649440e+03,1.072756304938297717e+03,-9.051193606549696735e-01,-3.606029721812430838e-02,-6.049311683904230819e+01
6.682500000000000107e+00,3.988860048296554851e+03,1.073078089929053476e+03,-9.055064110634722940e-01,-3.606029721812430838e-02,-6.062059494155702311e+01
6.685000000000000497e+00,3.991542925946233481e+03,1.073398808566021444e+03,-9.058847965792401480e-01,-3.606029721812430838e-02,-6.074801436235372165e+01
6.687500000000000888e+00,3.994226604768073685e+03,1.073718383028525295e+03,-9.062501701251055586e-01,-3.606029721812430838e-02,-6.087536702978021452e+01
6.690000000000000391e+00,3.996911081856310830e+03,1.074036730652994038e+03,-9.066111090957407193e-01,-3.606029721812430838e-02,-6.100264510901363479e+01
6.692500000000000782e+00,3.999596354095687730e+03,1.074353763702925335e+03,-9.069590899817315810e-01,-3.606029721812430838e-02,-6.112984056830964619e+01
6.695000000000001172e+00,4.002282418148607121e+03,1.074669387432281610e+03,-9.072971047236564335e-01,-3.606029721812430838e-02,-6.125694467223139839e+01
6.697500000000001563e+00,4.004969270433175552e+03,1.074983498835652199e+03,-9.076275644421389899e-01,-3.606029721812430838e-02,-6.138394784906953561e+01
6.700000000000000178e+00,4.007656907111637793e+03,1.075295992161557706e+03,-9.079487987824441664e-01,-3.606029721812430838e-02,-6.151084002307737109e+01
6.702500000000000568e+00,4.010345324077386522e+03,1.075606755026671408e+03,-9.082569034527003815e-01,-3.606029721812430838e-02,-6.163761146116913636e+01
6.705000000000000959e+00,4.013034516939079367e+03,1.075915668338719797e+03,-9.085562012729277992e-01,-3.606029721812430838e-02,-6.176425064022907918e+01
6.707500000000001350e+00,4.015724481003323035e+03,1.076222605353700601e+03,-9.088455184965694711e-01,-3.606029721812430838e-02,-6.189074633637703471e+01
6.709999999999999964e+00,4.018415211255502527e+03,1.076527431002409230e+03,-9.091201012209259025e-01,-3.606029721812430838e-02,-6.201708624565678463e+01
6.712500000000000355e+00,4.021106702338377545e+03,1.076830001701752735e+03,-9.093834919251663207e-01,-3.606029721812430838e-02,-6.214325720802415987e+01
6.715000000000000746e+00,4.023798948531088172e+03,1.077130164472505385e+03,-9.096401514910215091e-01,-3.606029721812430838e-02,-6.226924570756434463e+01
6.717500000000001137e+00,4.026491943724380690e+03,1.077427756257198553e+03,-9.098791511163143442e-01,-3.606029721812430838e-02,-6.239503783621245958e+01
6.719999999999999751e+00,4.029185681395864776e+03,1.077722603341700278e+03,-9.101028367729845359e-01,-3.606029721812430838e-02,-6.252061846314146010e+01
6.722500000000000142e+00,4.031880154582551768e+03,1.078014520925401484e+03,-9.103154393540594524e-01,-3.606029721812430838e-02,-6.264597045922688068e+01
6.725000000000000533e+00,4.034575355852987286e+03,1.078303311863461886e+03,-9.105120177068267706e-01,-3.606029721812430838e-02,-6.277107749876033438e+01
6.727500000000000924e+00,4.037271277275502598e+03,1.078588765728744647e+03,-9.106976463271900801e-01,-3.606029721812430838e-02,-6.289592148864379340e+01
6.730000000000000426e+00,4.039967910384660172e+03,1.078870658244627975e+03,-9.108662127792502838e-01,-3.606029721812430838e-02,-6.302048306207274919e+01
6.732500000000000817e+00,4.042665246146517802e+03,1.079148750255523964e+03,-9.110199643291267968e-01,-3.606029721812430838e-02,-6.314474231799147930e+01
6.735000000000001208e+00,4.045363274920136064e+03,1.079422786442193910e+03,-9.111598588495422035e-01,-3.606029721812430838e-02,-6.326867829758879935e+01
6.737500000000001599e+00,4.048061986417304979e+03,1.079692494364408958e+03,-9.112775293064740989e-01,-3.606029721812430838e-02,-6.339226792238029162e+01
6.740000000000000213e+00,4.050761369658448984e+03,1.079957583226143925e+03,-9.113856331213033846e-01,-3.606029721812430838e-02,-6.351548739687081735e+01
6.742500000000000604e+00,4.053461412926395496e+03,1.080217742628148699e+03,-9.114684678221099956e-01,-3.606029721812430838e-02,-6.363831132606433272e+01
6.745000000000000995e+00,4.056162103716505953e+03,1.080472640975102195e+03,-9.115376624555373564e-01,-3.606029721812430838e-02,-6.376071279365573474e+01
6.747500000000001386e+00,4.058863428682682297e+03,1.080721923795968678e+03,-9.115837492869389713e-01,-3.606029721812430838e-02,-6.388266357458228129e+01
6.750000000000000000e+00,4.061565373579582683e+03,1.080965212621087176e+03,-9.116124336888967727e-01,-3.606029721812430838e-02,-6.400413316496555183e+01
6.752500000000000391e+00,4.064267923201510712e+03,1.081202103088738340e+03,-9.116208062424983050e-01,-3.606029721812430838e-02,-6.412509019535960419e+01
6.755000000000000782e+00,4.066971061317049589e+03,1.081432163021708902e+03,-9.116010098131513972e-01,-3.606029721812430838e-02,-6.424550090118464141e+01
6.757500000000001172e+00,4.069674770597784118e+03,1.081654930592270603e+03,-9.115662401195612219e-01,-3.606029721812430838e-02,-6.436532984908406263e+01
6.759999999999999787e+00,4.072379032543661651e+03,1.081869912181103700e+03,-9.115172225333381117e-01,-3.606029721812430838e-02,-6.448453924255817071e+01
6.762500000000000178e+00,4.075083827402137103e+03,1.082076580225018461e+03,-9.114455269299566176e-01,-3.606029721812430838e-02,-6.460308969998958162e+01
6.765000000000000568e+00,4.077789134082051987e+03,1.082274370718066166e+03,-9.113427318545315181e-01,-3.606029721812430838e-02,-6.472093976049296771e+01
6.767500000000000959e+00,4.080494930061026935e+03,1.082462680893568177e+03,-9.112064442965008837e-01,-3.606029721812430838e-02,-6.483804443016613561e+01
6.769999999999999574e+00,4.083201191287269467e+03,1.082640866598595949e+03,-9.110474933302065148e-01,-3.606029721812430838e-02,-6.495435757106049834e+01
6.772499999999999964e+00,4.085907892074508254e+03,1.082808239713884404e+03,-9.108622950753463288e-01,-3.606029721812430838e-02,-6.506982914598398793e+01
6.775000000000000355e+00,4.088615004990869693e+03,1.082964065127460572e+03,-9.106539620475475605e-01,-3.606029721812430838e-02,-6.518440722671063270e+01
6.777500000000000746e+00,4.091322500739154293e+03,1.083107556860328941e+03,-9.104214637691071532e-01,-3.606029721812430838e-02,-6.529803635403131068e+01
6.780000000000000249e+00,4.094030348027926266e+03,1.083237875152339711e+03,-9.101568671046329495e-01,-3.606029721812430838e-02,-6.541065955063976389e+01
6.782500000000000639e+00,4.096738513434889683e+03,1.083354123323072599e+03,-9.098662361348376360e-01,-3.606029721812430838e-02,-6.552221456348739537e+01
6.785000000000001030e+00,4.099446961263655794e+03,1.083455343817747462e+03,-9.095438454136984818e-01,-3.606029721812430838e-02,-6.563263811761196109e+01
6.787500000000001421e+00,4.102155653388392238e+03,1.083540514145855241e+03,-9.091907688545294297e-01,-3.606029721812430838e-02,-6.574186256860080846e+01
6.790000000000000036e+00,4.104864549089857064e+03,1.083608543630504073e+03,-9.088258583579537087e-01,-3.606029721812430838e-02,-6.584981581965492126e+01
6.792500000000000426e+00,4.107573604882632026e+03,1.083658268845130578e+03,-9.084184686101438588e-01,-3.606029721812430838e-02,-6.595642455766159173e+01
6.795000000000000817e+00,4.110282774330405118e+03,1.083688448937147768e+03,-9.079793718093918109e-01,-3.606029721812430838e-02,-6.606161054218367212e+01
6.797500000000001208e+00,4.112992007850884875e+03,1.083697762601313343e+03,-9.074992995148253305e-01,-3.606029721812430838e-02,-6.616529212941736660e+01
6.799999999999999822e+00,4.115701252512290921e+03,1.083684802848121080e+03,-9.069879877019696446e-01,-3.606029721812430838e-02,-6.626738284662407352e+01
6.802500000000000213e+00,4.118410451815720080e+03,1.083648072798556541e+03,-9.064475750231926199e-01,-3.606029721812430838e-02,-6.636779308311005821e+01
6.805000000000000604e+00,4.121119545468867727e+03,1.083585980761631845e+03,-9.058809611565848963e-01,-3.606029721812430838e-02,-6.646643099709014280e+01
6.807500000000000995e+00,4.123828469145734744e+03,1.083496836190028489e+03,-9.052877489870744254e-01,-3.606029721812430838e-02,-6.656320004405982615e+01
6.809999999999999609e+00,4.126537154237979848e+03,1.083378845774847832e+03,-9.046482082073068476e-01,-3.606029721812430838e-02,-6.665799855598248769e+01
6.812500000000000000e+00,4.129245527595714520e+03,1.083230108935801582e+03,-9.039911090271913752e-01,-3.606029721812430838e-02,-6.675072259154779886e+01
6.815000000000000391e+00,4.131953511255559533e+03,1.083048613026515795e+03,-9.032934491672398591e-01,-3.606029721812430838e-02,-6.684126551106341196e+01
6.817500000000000782e+00,4.134661022160424181e+03,1.082832231443305773e+03,-9.025756041350594394e-01,-3.606029721812430838e-02,-6.692951615182126091e+01
6.820000000000000284e+00,4.137367971871807640e+03,1.082578719602390720e+03,-9.018132218029260017e-01,-3.606029721812430838e-02,-6.701536021673820187e+01
6.822500000000000675e+00,4.140074266273204557e+03,1.082285712522186486e+03,-9.010313699869417770e-01,-3.606029721812430838e-02,-6.709868129938671188e+01
6.825000000000001066e+00,4.142779805268426571e+03,1.081950722821138697e+03,-9.002079004111696037e-01,-3.606029721812430838e-02,-6.717935928165913140e+01
6.827500000000001457e+00,4.145484482475156256e+03,1.081571139565389103e+03,-8.993603938970029521e-01,-3.606029721812430838e-02,-6.725727320373519547e+01
6.830000000000000071e+00,4.148188184913843543e+03,1.081144227567588814e+03,-8.984640487408158682e-01,-3.606029721812430838e-02,-6.733230092503339392e+01
6.832500000000000462e+00,4.150890792699005033e+03,1.080667129551054813e+03,-8.975541480248915294e-01,-3.606029721812430838e-02,-6.740431837217609257e+01
6.835000000000000853e+00,4.153592178735725611e+03,1.080136868359283199e+03,-8.966192298442915432e-01,-3.606029721812430838e-02,-6.747320164821708488e+01
6.837500000000001243e+00,4.156292208419434246e+03,1.079550349694968645e+03,-8.956418967613335447e-01,-3.606029721812430838e-02,-6.753882989645478574e+01
6.839999999999999858e+00,4.158990739348581883e+03,1.078904369114553901e+03,-8.946476303107178119e-01,-3.606029721812430838e-02,-6.760108133765483274e+01
6.842500000000000249e+00,4.161687621051673887e+03,1.078195619219680339e+03,-8.936172902639762938e-01,-3.606029721812430838e-02,-6.765983834453416534e+01
6.845000000000000639e+00,4.164382694734440520e+03,1.077420699630318040e+03,-8.925919987165711333e-01,-3.606029721812430838e-02,-6.771498691540421078e+01
6.847500000000001030e+00,4.167075793053961206e+03,1.076576128763779707e+03,-8.915304733375064572e-01,-3.606029721812430838e-02,-6.776641987878221585e+01
6.849999999999999645e+00,4.169766739924043577e+03,1.075658357901948648e+03,-8.904608530945247180e-01,-3.606029721812430838e-02,-6.781403401307777301e+01
6.852500000000000036e+00,4.172455350354829534e+03,1.074663788782672555e+03,-8.893576443691713074e-01,-3.606029721812430838e-02,-6.785774019625709741e+01
6.855000000000000426e+00,4.175141430340333500e+03,1.073588794383259255e+03,-8.882515182795297504e-01,-3.606029721812430838e-02,-6.789745636638852488e+01
6.857500000000000817e+00,4.177824776800034670e+03,1.072429744205645875e+03,-8.871288092274391968e-01,-3.606029721812430838e-02,-6.793311364130464369e+01
6.860000000000000320e+00,4.180505177583535442e+03,1.071183021759604571e+03,-8.859841544680667758e-01,-3.606029721812430838e-02,-6.796465699192548016e+01
