----DATA RATE IS 500 Hz----


76
-0.15
0.43
-0.67
0.40
-0.98
-0.55
-0.64
0.40
-0.64
-1.31
0.00
0.18
-0.58
-0.58
0.21
0.09
-0.73
-0.24
-0.55
-0.24
0.15
-0.09
0.15
-0.55
-0.61
-0.95
0.52
-0.21
-0.43
-0.82
0.03
-0.03
0.52
-0.52
-1.28
-0.55
-0.82
0.21
-0.82
-0.58
-0.34
-0.27
1.16
-0.03
-0.61
-0.24
0.76
-0.49
-0.76
0.88
0.67
1.07
-0.49
-0.12
0.06
0.37
0.18
-0.64
0.73
-0.43
0.40
-0.09
-0.79
-0.67
-0.15
-0.76
-0.24
-0.40
-0.49
-0.31
0.15
-1.43
-1.13
-0.76
0.06
-0.18
-0.49
-0.79
-1.13
-0.40
-0.46
0.55
-0.21
-0.31
-0.09
-0.15
0.18
-0.37
0.06
-0.21
-0.55
0.15
-0.58
0.15
0.18
0.15
0.67
-0.09
-1.07
-0.95
2.90
31.17
112.51
235.00
235.09
133.59
32.27
-2.20
9.70
19.03
73.75
10.34
-48.71
-57.86
-22.63
2.20
3.02
-19.21
-64.66
-92.45
-69.66
-49.14
-46.15
-21.29
11.71
36.23
59.17
74.82
71.37
62.40
48.92
36.48
24.16
-17.23
-19.40
-17.75
-6.04
-3.08
-1.37
-4.48
-5.34
-16.38
-37.64
-71.80
-89.91
-84.15
-66.79
-55.78
-50.63
-41.72
-27.42
-29.43
-30.68
-43.77
-77.59
-89.52
-115.26
-100.31
-91.32
-88.05
-64.39
-80.43
-69.57
-59.32
-36.20
-15.83
-20.47
-18.76
-28.06
-20.31
-16.81
6.01
5.79
45.99
103.18
142.56
107.48
56.15
18.21
-5.09
6.89
22.84
28.97
21.53
12.96
20.43
37.55
57.28
65.88
74.76
83.42
96.38
112.18
115.26
113.80
113.89
104.80
111.54
120.84
74.60
9.30
-13.57
-22.05
-6.07
1.01
-0.18
-4.24
-6.68
-17.90
-26.14
-15.49
-11.01
-6.89
-0.15
4.24
-18.67
-21.87
-19.70
-15.16
-11.59
-7.11
-7.41
-2.47
-2.41
-5.58
-9.27
-15.43
-17.32
-20.47
-25.96
-22.84
-17.14
-16.96
-13.60
-18.27
-18.51
-17.42
11.16
29.62
18.70
19.25
16.99
23.12
30.38
31.75
28.15
35.07
41.05
47.61
48.71
63.44
77.35
87.29
93.76
89.15
89.40
83.57
80.03
85.98
90.74
94.06
92.05
90.40
88.30
89.36
91.07
93.79
97.81
101.29
104.10
107.33
112.39
117.06
119.13
125.93
131.06
136.24
140.48
145.24
151.49
159.00
168.06
174.25
178.30
183.88
191.66
198.95
206.30
212.80
216.55
224.88
233.11
245.65
257.42
268.31
281.09
294.48
306.22
317.05
331.08
343.52
357.70
370.94
381.10
390.28
400.86
411.11
421.11
431.94
442.01
450.27
458.51
466.83
472.48
476.29
479.15
482.78
483.76
484.03
482.78
479.89
475.31
469.70
464.48
457.87
451.55
444.60
435.91
426.66
419.04
410.90
404.46
396.93
391.89
387.29
384.27
382.93
382.50
384.64
386.07
391.77
398.24
405.77
414.68
424.25
434.56
442.77
453.35
464.15
477.14
488.73
503.52
518.50
533.23
548.36
560.19
572.09
583.95
593.99
603.23
609.82
612.78
615.55
618.33
619.03
620.00
620.34
618.42
615.89
611.86
606.52
600.97
595.30
589.96
583.95
578.37
573.71
569.65
567.15
564.71
562.51
560.32
560.25
558.00
557.75
557.51
557.51
558.42
560.28
563.27
565.62
567.57
569.53
571.30
573.89
577.91
581.67
582.49
584.17
584.65
586.12
587.19
587.80
588.22
588.13
588.35
585.72
580.99
577.27
572.61
566.69
559.98
553.48
547.72
541.19
534.51
530.24
526.37
523.35
521.61
520.02
520.24
521.00
523.11
526.61
532.01
538.60
546.96
555.56
563.61
573.55
583.62
591.36
596.92
603.56
609.33
614.18
619.91
625.13
630.01
635.65
640.59
646.08
650.90
655.32
660.02
661.48
662.86
663.53
662.55
663.22
662.31
660.11
659.38
656.76
654.62
653.10
650.75
646.11
641.02
633.94
629.89
620.95
613.69
611.04
608.23
607.68
608.54
607.68
609.02
609.15
610.30
611.52
612.32
612.84
613.20
613.11
615.55
617.66
620.58
626.23
632.17
637.08
642.12
645.20
647.06
647.61
650.14
651.51
652.46
650.81
647.06
642.73
637.60
632.97
626.81
621.56
614.85
608.41
601.31
593.32
586.76
579.68
573.40
569.50
564.19
558.85
552.05
546.10
540.61
536.65
531.34
527.44
524.90
522.50
521.34
521.55
521.00
521.46
523.87
527.16
531.49
536.13
541.07
545.49
551.84
556.41
562.57
569.50
578.92
587.00
596.09
604.08
611.52
616.25
618.81
620.43
620.71
620.80
619.55
621.28
621.07
623.27
624.37
626.96
629.09
629.98
633.67
637.75
640.56
644.10
648.25
650.60
651.82
651.91
652.70
652.30
650.35
646.26
640.80
635.22
627.51
619.03
610.82
602.41
593.90
580.99
569.07
555.74
543.75
528.90
516.94
504.84
494.37
485.53
476.84
468.36
460.92
452.93
447.47
442.43
439.11
436.70
434.72
433.77
432.25
434.66
434.96
437.74
441.33
445.21
446.98
450.67
454.05
456.86
461.43
462.68
463.36
465.52
466.38
464.27
464.61
463.84
466.19
464.73
464.15
461.53
457.19
453.11
448.32
442.95
438.83
431.82
427.79
421.85
415.90
411.02
408.33
406.02
405.31
405.56
406.87
408.58
409.49
411.81
412.51
412.57
413.40
416.14
419.59
422.06
426.05
429.56
433.25
436.00
438.83
441.46
442.04
442.40
443.96
444.78
446.25
446.98
450.21
452.28
453.90
455.79
457.59
457.84
457.59
455.40
454.02
451.95
451.25
448.32
447.74
445.85
443.38
439.57
435.84
431.45
429.35
427.85
423.89
422.61
419.74
416.14
413.40
411.05
408.73
407.08
436.00
438.28
441.15
448.23
445.76
446.21
445.30
443.01
443.04
444.69
451.40
460.43
468.30
480.34
495.08
507.98
523.59
540.12
560.25
579.01
597.01
622.87
661.39
692.93
716.72
756.58
781.14
779.09
773.63
764.79
764.57
747.71
721.11
691.40
650.93
614.73
573.25
546.99
513.47
480.74
446.15
424.62
403.03
382.16
368.53
341.63
318.82
297.01
270.11
239.09
211.79
188.98
178.18
171.75
167.48
154.36
143.56
143.62
141.98
135.27
130.48
124.23
116.72
107.36
97.33
87.26
80.73
81.59
89.09
98.70
102.97
104.77
104.25
107.60
111.05
112.42
106.90
102.57
97.51
99.12
98.91
87.17
90.10
86.10
78.17
81.04
83.17
84.45
84.30
80.73
89.33
91.19
90.83
97.42
101.26
98.85
97.02
97.05
93.30
85.28
79.97
72.96
72.25
69.14
69.17
72.47
75.94
81.77
85.19
87.81
91.65
94.82
96.75
96.72
96.11
97.60
99.31
103.58
107.21
112.24
115.20
116.33
117.73
117.00
114.01
112.09
108.58
101.50
98.85
94.18
92.35
90.25
87.99
83.08
83.78
81.98
80.92
77.50
75.15
73.23
73.75
70.24
70.70
70.94
71.61
71.64
70.27
70.70
69.75
73.63
77.01
79.91
81.10
80.43
81.01
84.30
85.37
82.59
84.00
85.98
88.45
93.15
93.33
94.03
99.00
109.71
118.98
128.77
136.73
145.48
157.41
169.76
181.84
188.67
196.72
208.65
219.54
228.54
238.91
250.40
264.68
282.22
305.46
326.96
339.56
351.02
360.72
371.95
375.58
375.00
376.83
376.46
380.03
382.01
384.09
380.70
376.77
370.54
363.90
358.41
354.59
348.68
340.23
334.92
332.11
327.60
320.49
316.93
314.18
309.61
304.88
299.85
295.82
291.31
283.13
276.70
268.86
261.81
256.99
252.81
250.44
245.80
242.11
237.78
232.68
226.52
220.12
216.06
212.25
208.13
208.86
207.16
206.24
209.87
213.29
217.43
220.09
223.60
227.19
229.27
232.44
234.82
238.72
240.25
240.61
241.29
245.07
248.85
254.46
263.82
259.92
262.33
272.76
274.01
281.48
296.67
311.92
335.62
349.56
359.32
370.24
377.62
389.97
400.13
406.84
412.21
411.23
406.75
402.78
394.09
382.47
370.21
360.88
349.96
337.85
325.47
316.65
310.86
303.81
299.78
298.90
298.41
301.92
304.88
310.28
315.28
324.15
332.02
340.90
349.38
360.39
373.32
383.42
391.38
398.51
408.33
420.69
426.60
432.43
434.99
438.83
441.79
445.39
446.76
446.58
443.84
441.98
440.48
438.38
434.26
426.18
418.58
409.77
402.42
393.72
381.01
366.67
347.52
331.26
318.45
311.44
302.93
294.51
281.91
265.56
255.25
245.07
232.87
223.44
212.98
207.64
199.56
192.09
185.07
185.68
184.71
187.45
189.19
194.28
199.59
208.50
216.25
220.94
225.55
227.19
233.02
240.86
245.28
251.93
255.22
264.40
274.62
287.37
301.43
316.65
326.53
341.60
346.36
354.01
359.11
360.72
364.44
363.38
361.21
356.09
358.44
352.67
350.05
343.49
337.91
332.36
328.94
325.95
324.70
323.30
320.65
322.63
324.52
323.76
326.81
331.14
339.04
348.04
359.29
371.15
381.13
389.76
399.49
412.02
418.43
423.68
427.34
428.80
429.81
427.98
424.13
421.48
413.43
406.75
402.23
397.20
393.36
388.72
383.96
386.43
386.47
393.54
398.67
403.48
408.67
414.53
417.76
419.10
420.23
419.83
423.00
426.63
427.73
427.88
429.41
433.01
436.55
439.14
440.05
440.36
437.77
436.27
433.95
426.12
420.14
412.36
402.11
394.67
387.75
382.77
381.40
376.71
373.53
367.92
362.43
353.86
345.20
335.47
328.97
322.23
313.97
306.74
300.52
296.28
292.40
286.52
285.14
282.70
278.40
273.89
273.95
268.74
265.84
267.88
267.36
269.71
270.90
272.64
272.03
271.51
270.23
269.65
266.23
263.03
259.16
256.17
256.69
255.77
254.95
257.63
259.19
261.75
264.65
271.14
279.38
288.90
294.87
299.85
305.06
306.95
306.80
308.69
310.15
312.44
317.54
318.12
318.76
314.58
311.92
308.60
305.92
304.60
303.93
303.32
302.68
300.97
302.90
304.91
305.92
308.87
313.97
317.35
322.38
326.11
330.04
335.13
338.73
343.64
347.70
349.16
351.54
354.32
358.07
359.84
363.74
368.35
373.84
376.25
380.46
385.21
392.38
400.10
404.64
409.62
415.53
424.62
431.15
439.05
442.22
445.15
447.95
448.69
451.95
457.01
462.50
467.90
472.72
477.45
481.41
483.18
485.59
485.16
484.28
483.43
481.50
480.62
480.95
481.56
481.81
484.22
489.28
495.84
500.96
505.72
509.38
513.80
519.02
522.95
527.96
530.58
536.77
543.57
551.17
561.75
570.75
578.68
584.41
587.09
587.77
592.00
596.18
599.81
605.12
610.37
613.08
615.92
618.39
620.10
621.80
623.33
624.27
626.50
627.90
628.79
630.43
633.09
631.41
631.78
631.20
631.44
631.96
630.16
628.48
626.87
623.76
621.83
619.73
616.47
613.05
609.21
604.14
601.61
595.48
590.75
587.83
585.84
581.57
577.76
573.46
567.88
562.76
555.74
548.30
540.55
535.00
530.12
524.29
518.80
514.72
511.03
508.37
505.08
499.77
496.88
493.83
490.75
486.11
483.85
480.07
477.93
476.01
472.44
468.57
465.16
462.84
461.34
460.25
458.35
457.87
457.07
454.94
452.96
453.99
451.83
451.70
449.05
449.45
448.90
446.79
444.90
443.01
440.21
439.14
436.55
434.01
431.15
428.62
426.60
424.74
421.30
420.05
417.30
416.39
414.80
413.37
412.88
412.39
412.82
412.39
413.64
412.39
413.24
412.33
411.51
410.96
410.01
406.90
404.67
402.45
401.17
400.59
398.79
396.81
394.00
393.18
390.77
390.86
389.76
388.91
388.05
388.14
387.72
386.62
386.31
385.98
386.25
387.14
387.62
389.52
391.96
393.69
396.87
400.37
404.40
407.57
410.74
414.31
417.03
420.84
423.95
425.69
428.80
430.60
434.87
437.06
441.43
445.48
451.40
458.60
465.31
472.78
479.80
487.12
492.54
496.51
497.82
500.38
505.08
508.22
512.67
516.73
520.54
523.81
527.47
529.85
532.65
535.15
536.77
538.14
539.76
538.97
534.60
533.44
533.66
532.99
533.54
533.63
535.46
534.79
534.85
533.96
532.26
529.54
525.85
519.51
513.96
510.26
506.33
502.15
500.05
497.52
495.47
490.93
486.63
484.00
483.33
479.83
478.76
475.65
471.96
468.39
462.75
457.04
451.52
444.11
433.50
423.19
413.70
402.26
390.95
379.69
369.51
357.22
344.59
333.85
321.96
311.89
296.31
277.12
260.13
240.52
221.00
202.79
183.12
160.31
138.01
113.25
87.99
62.74
36.23
10.49
-14.03
-39.38
-65.45
-90.98
-117.09
-144.23
-171.38
-200.96
-230.92
-262.88
-296.22
-331.44
-366.70
-407.72
-450.91
-497.21
-545.19
-594.93
-644.19
-691.16
-737.12
-782.57
-825.33
-867.51
-908.08
-946.23
-986.00
-999.42
-999.42
-999.42
-999.42
-999.42
-999.42
-999.42
-999.42
-999.42
-999.42
-999.42
-999.42
-999.42
-999.42
-999.42
-999.42
-999.42
-999.42
-999.42
-999.42
-999.42
-999.42
-999.42
-999.42
-999.42
-999.42
-999.42
-999.42
-999.42
-999.42
-999.42
-999.42
-999.42
-999.42
-999.42
-999.42
-999.42
-999.42
-999.42
-999.42
-999.42
-999.42
-999.42
-999.42
-999.42
-999.42
-999.42
-999.42
-999.42
-999.42
-999.42
-999.42
-999.42
-999.42
-999.42
-999.42
-999.42
-999.42
-999.42
-999.42
-999.42
-999.42
-999.42
-999.42
-999.42
-999.42
-999.42
-999.42
-999.42
-999.42
-999.42
-999.42
-999.42
-999.42
-988.29
-977.74
-965.97
-955.17
-945.53
-935.92
-928.66
-922.47
-916.04
-908.20
-901.49
-895.02
-887.92
-876.42
-865.68
-852.02
-839.73
-826.09
-809.47
-794.25
-778.54
-764.24
-747.80
-732.85
-717.82
-703.60
-686.13
-669.20
-651.63
-633.09
-612.81
-594.81
-579.99
-562.02
-547.41
-533.81
-521.31
-512.58
-503.43
-496.54
-491.81
-487.91
-487.36
-487.85
-490.56
-494.31
-500.11
-504.53
-508.13
-511.55
-514.53
-519.20
-523.56
-531.46
-540.86
-553.36
-562.08
-570.14
-576.27
-581.18
-581.82
-579.84
-574.65
-568.00
-557.91
-545.61
-531.92
-517.92
-502.40
-488.95
-480.31
-470.52
-463.87
-457.35
-451.70
-448.53
-445.18
-442.65
-440.21
-436.97
-435.84
-432.83
-429.35
-428.65
-429.29
-428.19
-430.29
-432.09
-434.41
-439.29
-443.10
-445.15
-448.69
-453.53
-461.16
-468.72
-477.60
-487.94
-499.62
-510.97
-518.87
-526.77
-537.72
-544.73
-550.65
-557.91
-564.52
-568.58
-571.45
-575.90
-580.11
-583.34
-585.84
-587.52
-587.31
-586.91
-584.90
-584.32
-581.85
-576.48
-573.61
-569.86
-566.75
-565.50
-564.71
-564.43
-563.03
-560.65
-557.91
-555.34
-553.54
-551.04
-545.55
-543.63
-538.60
-532.99
-526.92
-520.18
-513.19
-507.00
-503.43
-497.00
-494.13
-487.63
-482.57
-479.58
-476.78
-472.63
-471.22
-471.93
-476.81
-486.51
-501.18
-525.58
-543.17
-561.17
-575.99
-585.84
-596.21
-604.39
-608.75
-616.19
-621.04
-626.84
-628.73
-628.94
-627.11
-622.81
-616.98
-608.81
-601.70
-592.46
-583.16
-573.58
-562.39
-542.05
-532.13
-529.17
-528.35
-530.39
-531.10
-528.84
-523.87
-520.18
-512.46
-503.83
-503.74
-503.56
-503.65
-497.76
-488.06
-478.12
-463.84
-451.03
-438.65
-427.52
-413.67
-403.30
-393.39
-388.30
-387.75
-393.30
-398.36
-407.85
-413.46
-421.48
-431.64
-441.24
-451.22
-459.67
-469.67
-478.21
-485.22
-491.75
-494.80
-498.61
-500.75
-503.22
-502.27
-499.16
-493.64
-487.91
-477.11
-468.51
-460.70
-451.83
-441.46
-434.41
-430.05
-427.64
-425.72
-424.71
-424.10
-421.33
-420.29
-417.06
-413.00
-412.97
-414.40
-412.76
-416.69
-420.14
-421.85
-421.08
-419.13
-415.47
-410.29
-405.50
-402.39
-399.67
-395.80
-397.05
-401.29
-409.34
-418.09
-429.93
-440.57
-451.37
-462.78
-474.82
-488.76
-502.49
-519.69
-541.56
-563.64
-582.79
-603.96
-622.29
-639.83
-657.73
-671.21
-684.54
-694.00
-699.98
-723.67
-748.59
-756.10
-734.93
-701.19
-674.72
-660.81
-654.74
-652.94
-651.14
-649.07
-647.82
-642.30
-634.34
-626.23
-618.57
-610.64
-597.01
-582.52
-563.61
-549.00
-529.97
-509.53
-490.38
-467.14
-444.87
-428.89
-405.28
-385.76
-388.57
-382.20
-366.18
-356.94
-350.23
-346.24
-327.17
-178.42
-258.49
-244.95
-233.17
-228.02
-234.79
-288.04
-210.79
-221.06
-284.08
-313.51
-247.84
-169.00
-209.96
-210.88
-222.99
-250.19
-121.76
-176.59
-223.66
-212.22
-288.96
-222.13
-244.49
-253.09
-326.17
-333.61
-226.55
-298.63
-326.59
-361.33
-409.34
-466.77
-405.86
-399.76
-416.72
-462.50
-487.73
-493.12
-492.24
-492.57
-505.42
-519.51
-522.50
-514.50
-507.21
-508.43
-514.23
-523.53
-514.81
-371.98
-343.49
-339.13
-342.51
-339.22
-340.23
-330.65
-311.31
-287.92
-255.80
-234.03
-219.81
-234.42
-377.01
-278.74
-282.86
-298.23
-327.36
-357.73
-384.54
-421.60
-435.30
-508.13
-497.73
-570.26
-618.30
-660.78
-697.44
-738.50
-795.71
-826.00
-901.70
-990.58
-999.42
-999.42
-999.42
-999.42
-999.42
-999.42
-999.42
-999.42
-999.42
-999.42
-999.42
-999.42
-999.42
-999.42
-999.42
-999.42
-999.42
-999.42
-999.42
-999.42
-999.42
-999.42
-999.42
-999.42
-999.42
-999.42
-999.42
-999.42
-999.42
-999.42
-999.42
-999.42
-999.42
-999.42
-999.42
-991.68
-859.86
-737.83
-625.10
-516.94
-418.83
-336.69
-268.55
-209.96
-162.75
-123.56
-92.14
-73.05
-53.86
-35.87
-22.33
-8.54
3.66
13.02
15.40
16.38
17.48
21.59
28.85
38.25
50.02
64.14
74.66
86.68
93.42
102.97
107.66
114.56
122.00
130.69
136.52
137.40
138.04
140.00
141.98
144.36
142.77
135.30
125.29
114.04
99.70
86.31
70.18
48.34
29.13
9.85
-3.69
-16.07
-30.07
-41.78
-51.09
-63.84
-78.84
-94.00
-112.88
-126.76
-141.15
-152.74
-161.34
-170.86
-174.76
-178.97
-185.17
-189.50
-198.52
-253.58
-345.08
-424.56
-482.85
-524.08
-553.36
-570.81
-580.14
-593.13
-601.67
-610.24
-620.71
-635.44
-638.88
-636.57
-627.38
-617.08
-610.85
-605.64
-594.41
-585.02
-575.75
-566.84
-554.43
-546.22
-532.65
-522.62
-509.20
-495.44
-478.82
-458.11
-443.96
-429.68
-415.68
-400.19
-388.66
-383.57
-383.35
-382.93
-385.09
-386.04
-387.32
-386.68
-390.16
-390.89
-395.10
-397.99
-402.57
-407.88
-414.43
-419.47
-420.99
-422.55
-430.84
-439.87
-447.43
-456.01
-463.39
-473.51
-484.07
-495.08
-505.08
-509.53
-513.53
-515.97
-516.64
-515.66
-513.65
-511.18
-508.37
-502.12
-498.28
-493.18
-486.63
-483.15
-476.59
-470.22
-466.95
-459.97
-454.24
-449.42
-443.20
-436.42
-430.69
-427.34
-423.16
-420.84
-416.05
-414.25
-410.74
-405.34
-400.92
-397.81
-396.32
-393.94
-391.22
-390.67
-389.36
-386.77
-385.70
-383.29
-381.65
-381.22
-383.05
-386.13
-390.00
-393.08
-399.03
-404.92
-409.77
-413.03
-416.84
-417.91
-418.15
-415.17
-414.22
-411.78
-409.04
-407.42
-405.80
-403.82
-401.59
-397.60
-394.91
-390.86
-386.22
-385.00
-382.04
-379.60
-376.83
-374.27
-371.03
-368.90
-368.65
-367.01
-368.68
-368.81
-369.26
-369.14
-373.50
-374.66
-377.77
-383.75
-388.20
-395.34
-401.32
-406.96
-414.22
-420.53
-425.60
-431.79
-435.91
-438.96
-442.01
-444.35
-448.35
-448.05
-448.29
-448.17
-448.87
-448.50
-447.56
-446.73
-444.60
-441.46
-438.01
-435.72
-429.87
-425.72
-421.81
-415.62
-408.52
-401.26
-393.75
-385.92
-377.35
-370.30
-362.71
-355.93
-350.84
-346.14
-340.75
-331.41
-321.50
-318.60
-320.49
-323.64
-307.93
-305.49
-302.99
-302.53
-286.52
-288.77
-288.04
-271.60
-268.89
-266.26
-257.39
-238.72
-223.23
-211.43
-198.65
-188.89
-192.12
-189.19
-191.30
-193.46
-192.70
-187.15
-181.51
-176.63
-179.16
-195.93
-224.24
-252.84
-276.82
-294.20
-306.10
-308.29
-307.44
-305.49
-301.68
-301.61
-304.54
-315.31
-327.33
-344.44
-366.40
-386.77
-403.30
-417.61
-431.57
-445.73
-457.84
-466.71
-466.16
-462.75
-454.88
-444.38
-435.36
-426.88
-424.16
-419.34
-418.92
-420.72
-422.55
-426.08
-425.87
-422.70
-418.22
-406.53
-400.37
-397.69
-384.54
-377.07
-368.96
-364.35
-354.78
-345.72
-337.91
-331.69
-326.20
-322.26
-315.83
-309.97
-307.07
-307.44
-308.57
-310.31
-314.15
-314.58
-317.41
-321.44
-326.84
-336.29
-342.64
-343.64
-358.16
-355.84
-349.22
-352.58
-349.44
-351.02
-350.96
-352.88
-358.77
-366.12
-363.74
-366.55
-369.96
-376.10
-382.56
-388.91
-391.04
-393.18
-401.47
-411.54
-407.11
-407.24
-407.45
-409.22
-418.49
-420.08
-424.01
-428.95
-427.46
-429.56
-429.53
-430.51
-433.19
-434.59
-436.79
-441.12
-441.76
-441.52
-443.90
-445.97
-454.85
-453.63
-455.24
-465.74
-475.10
-482.81
-490.90
-500.84
-504.56
-502.61
-505.75
-503.92
-509.93
-515.02
-522.40
-526.74
-535.24
-542.41
-551.96
-561.11
-568.00
-576.88
-587.61
-595.36
-601.83
-607.13
-617.20
-638.73
-654.50
-659.75
-665.57
-666.76
-672.98
-665.97
-667.22
-673.50
-673.07
-667.74
-662.73
-659.65
-648.25
-635.83
-626.93
-614.18
-594.44
-579.35
-568.86
-550.10
-544.33
-535.43
-526.40
-517.98
-507.92
-504.32
-506.51
-494.71
-500.90
-506.88
-506.12
-511.33
-507.31
-498.37
-495.72
-494.80
-477.90
-465.83
-460.15
-457.47
-452.59
-447.65
-451.06
-453.78
-450.24
-443.56
-449.30
-435.94
-458.87
-468.48
-483.91
-491.87
-501.76
-521.58
-524.90
-524.14
-532.23
-552.51
-552.14
-560.59
-559.28
-559.46
-547.38
-529.21
-525.33
-514.08
-504.84
-498.28
-490.99
-480.71
-473.73
-468.97
-465.55
-463.45
-461.37
-457.44
-453.17
-449.23
-444.81
-443.38
-440.02
-442.49
-441.70
-446.21
-452.38
-457.07
-466.22
-479.34
-496.75
-510.81
-527.65
-551.23
-570.62
-589.63
-602.62
-617.35
-655.23
-682.47
-689.33
-686.77
-722.12
-736.06
-737.70
-720.11
-727.24
-775.22
-777.57
-788.12
-802.64
-796.57
-789.37
-815.57
-805.78
-817.98
-823.62
-826.70
-846.47
-847.11
-858.91
-821.09
-778.05
-751.76
-733.34
-739.17
-675.57
-676.09
-662.86
-656.05
-650.05
-653.31
-666.73
-644.19
-631.65
-639.04
-625.28
-605.33
-596.37
-580.84
-544.67
-519.23
-491.72
-458.26
-428.28
-394.12
-372.62
-363.96
-359.05
-354.26
-356.24
-353.22
-338.25
-318.66
-296.22
-276.09
-260.04
-249.89
-243.36
-241.74
-241.71
-242.35
-246.20
-250.62
-253.18
-255.59
-257.21
-257.54
-260.26
-262.64
-266.51
-271.54
-277.70
-284.81
-291.00
-296.86
-298.02
-298.59
-296.83
-299.45
-301.03
-301.77
-301.95
-304.66
-304.51
-306.98
-292.77
-274.59
-269.16
-266.39
-265.29
-262.45
-262.61
-261.26
-263.21
-265.50
-271.72
-276.15
-279.47
-279.96
-282.06
-283.59
-284.81
-287.37
-291.18
-294.42
-302.32
-310.70
-320.25
-339.77
-350.48
-365.57
-389.12
-414.86
-447.25
-486.96
-522.71
-550.62
-575.29
-589.23
-598.07
-604.78
-612.04
-621.19
-629.22
-633.85
-636.78
-644.37
-657.00
-669.69
-680.94
-684.94
-680.73
-679.42
-678.41
-675.42
-668.29
-661.30
-657.06
-652.33
-647.36
-643.86
-640.84
-633.79
-626.87
-623.57
-615.28
-606.37
-603.41
-601.58
-599.72
-595.09
-590.51
-588.83
-584.62
-583.13
-586.97
-586.82
-588.47
-587.92
-582.15
-585.26
-589.60
-589.90
-590.54
-591.49
-593.56
-594.63
-592.16
-590.24
-587.52
-583.07
-577.09
-570.14
-562.85
-555.53
-546.80
-539.30
-530.55
-522.74
-514.38
-508.28
-501.42
-498.22
-493.49
-490.71
-489.37
-489.04
-489.86
-493.25
-497.88
-503.65
-510.20
-515.79
-521.12
-527.41
-534.39
-540.70
-547.63
-554.95
-564.31
-571.45
-581.45
-591.85
-602.83
-614.79
-627.29
-637.48
-646.60
-655.84
-662.80
-668.38
-671.30
-672.43
-672.07
-670.63
-666.61
-661.54
-654.84
-647.48
-640.07
-633.06
-625.04
-617.66
-610.67
-604.02
-599.66
-593.90
-589.75
-586.91
-584.11
-582.37
-578.80
-570.87
-568.58
-567.97
-568.86
-568.55
-569.13
-570.72
-570.96
-571.75
-572.85
-577.18
-580.29
-583.34
-578.46
-554.76
-523.62
-484.31
-442.68
-417.33
-395.89
-376.00
-368.38
-364.05
-359.44
-343.43
-322.38
-297.37
-270.26
-244.12
-220.51
-201.54
-184.80
-171.62
-156.13
-139.75
-125.66
-113.28
-100.71
-89.43
-83.45
-80.67
-79.70
-79.21
-81.95
-86.50
-93.76
-101.47
-109.46
-119.07
-128.07
-136.21
-142.53
-148.96
-155.06
-161.38
-167.75
-173.88
-180.77
-187.94
-193.71
-201.36
-207.00
-213.32
-217.77
-222.19
-226.31
-229.85
-232.41
-234.33
-235.76
-235.67
-234.24
-232.99
-233.32
-229.39
-226.10
-222.83
-219.20
-214.57
-210.08
-207.49
-204.96
-202.52
-199.78
-197.40
-194.07
-191.20
-188.64
-186.81
-183.00
-180.87
-178.70
-175.77
-172.93
-171.84
-170.50
-170.46
-173.30
-175.19
-177.88
-180.65
-182.97
-186.02
-188.40
-191.27
-194.16
-197.21
-200.51
-203.74
-206.15
-208.96
-210.72
-213.68
-214.90
-215.82
-215.45
-214.51
-213.29
-209.63
-207.22
-202.28
-198.83
-195.29
-190.17
-186.57
-183.46
-179.52
-175.74
-172.14
-168.60
-165.80
-161.74
-158.14
-155.85
-152.41
-149.88
-149.42
-154.67
-155.46
-153.17
-148.23
-143.99
-136.73
-129.35
-120.60
-111.26
-99.67
-87.38
-72.19
-55.88
-38.52
-19.55
1.22
21.90
43.86
65.67
88.14
109.89
130.75
150.55
169.28
186.08
200.54
216.89
229.48
246.35
257.63
271.33
283.28
296.55
308.84
322.48
341.75
361.12
389.55
416.78
441.06
465.25
489.37
512.89
532.41
551.07
567.30
582.98
596.85
609.57
618.97
626.93
634.43
639.40
645.01
649.22
652.24
654.62
654.26
654.71
655.38
656.27
658.37
664.87
669.26
675.88
681.22
687.87
695.74
702.35
709.83
715.19
721.93
727.39
733.83
739.96
746.09
753.17
759.94
768.54
774.33
781.78
789.46
793.40
802.45
810.05
817.34
824.32
831.37
836.07
839.30
841.74
842.99
843.78
844.79
842.93
840.61
838.48
838.32
838.38
839.51
843.26
846.65
849.55
852.35
853.12
855.59
862.72
866.96
871.32
876.30
876.87
876.11
873.61
869.71
864.83
860.22
855.59
847.93
840.24
832.86
825.45
819.69
816.76
818.89
824.99
831.00
834.14
836.00
839.91
769.88
716.35
653.77
623.24
605.67
579.56
553.57
558.79
582.46
588.62
600.94
588.31
576.36
556.17
569.65
549.30
529.11
504.59
473.70
433.40
422.12
370.79
352.03
317.66
288.04
265.96
234.51
205.05
174.61
142.37
109.16
76.92
47.37
14.79
-15.16
-43.92
-72.47
-101.29
-126.45
-152.84
-178.73
-202.64
-224.17
-243.85
-257.94
-270.29
-279.38
-286.24
-290.73
-290.45
-288.56
-286.18
-283.83
-279.41
-283.04
-286.82
-291.85
-295.12
-296.22
-295.58
-287.86
-299.94
-309.45
-307.32
-302.96
-292.86
-284.47
-277.67
-277.34
-274.96
-262.97
-240.92
-213.50
-191.02
-165.34
-142.77
-117.06
-85.00
-67.98
-78.29
-80.79
-57.25
-30.32
1.98
26.84
59.17
65.70
35.23
14.67
41.45
105.62
154.18
177.97
201.21
235.40
277.18
322.02
373.20
426.18
481.84
535.43
581.39
623.02
665.88
721.08
779.18
836.95
893.56
942.66
989.94
999.39
999.39
999.39
999.39
999.39
999.39
999.39
999.39
999.39
999.39
999.39
999.39
999.39
999.39
999.39
992.47
932.78
858.21
775.10
683.02
589.23
497.76
413.88
329.95
240.71
161.95
93.91
31.23
-11.32
-37.00
-37.00
-9.00
25.65
58.19
76.40
97.02
125.84
166.84
212.43
258.18
298.63
339.07
375.85
404.40
436.30
465.19
483.85
494.68
500.78
508.43
513.44
515.48
516.09
518.68
515.85
511.06
504.07
498.64
494.62
479.89
456.10
422.79
379.33
329.77
273.89
211.43
143.84
65.82
-16.93
-104.61
-183.85
-262.36
-337.63
-410.93
-474.52
-530.33
-579.44
-621.68
-654.71
-685.82
-720.29
-740.60
-749.66
-752.22
-747.34
-729.83
-699.15
-654.87
-601.46
-536.16
-465.64
-395.52
-324.92
-256.78
-183.79
-109.74
-39.47
21.14
72.16
117.30
160.89
198.92
230.31
256.47
274.29
287.31
296.98
303.54
308.02
310.43
312.26
313.63
318.15
324.43
331.53
338.12
341.75
343.16
345.47
339.89
330.68
314.82
290.42
260.29
229.60
197.94
166.13
134.63
106.05
78.32
55.91
37.00
23.58
14.37
12.17
11.47
14.85
20.34
30.26
44.35
61.58
85.55
113.40
145.67
183.49
222.53
266.23
311.44
356.76
403.45
447.50
488.43
528.47
565.10
599.17
629.79
658.37
680.09
702.20
720.23
734.84
744.14
752.13
758.11
760.73
760.88
758.14
750.82
740.39
726.24
708.45
685.09
656.24
621.28
584.20
538.42
489.13
435.30
377.07
313.60
251.11
182.12
112.58
42.64
-24.92
-90.77
-148.60
-201.48
-248.61
-288.83
-323.73
-352.18
-375.12
-386.47
-386.16
-378.99
-362.07
-339.83
-307.81
-270.20
-226.58
-177.91
-123.10
-64.81
-8.75
51.79
113.22
174.19
235.46
293.93
347.97
397.54
444.08
484.64
522.65
558.06
592.71
624.55
654.01
681.25
702.60
720.20
734.32
744.96
749.20
748.99
742.86
727.33
707.17
679.11
644.80
603.47
557.91
504.41
446.64
385.43
319.46
255.86
195.99
139.48
88.33
44.65
7.87
-23.24
-47.58
-65.30
-76.22
-82.17
-85.46
-85.19
-88.02
-76.10
-53.53
-29.40
-3.96
24.86
53.41
84.09
115.56
147.86
183.43
221.31
258.21
292.28
324.43
356.70
387.23
415.50
442.22
466.31
484.92
501.57
514.53
525.61
532.29
536.83
536.74
536.22
531.43
523.78
516.21
506.97
495.93
483.03
467.72
451.06
429.62
405.19
377.19
342.85
304.42
263.18
220.48
179.98
137.59
99.43
65.18
36.42
10.92
-9.97
-28.82
-44.93
-57.92
-67.65
-75.06
-78.45
-80.25
-82.41
-86.65
-83.72
-70.09
-48.98
-24.95
0.85
29.68
59.99
93.45
123.52
155.76
187.30
218.62
252.08
284.02
314.76
345.32
375.42
404.95
432.55
460.37
488.98
516.46
541.50
568.31
598.04
628.64
660.39
691.47
717.30
736.67
745.05
746.12
737.55
720.68
695.28
666.85
624.88
589.35
548.21
502.61
451.28
395.89
339.56
279.04
217.01
154.12
92.57
34.92
-20.47
-71.80
-118.80
-164.67
-210.24
-251.11
-289.60
-326.14
-356.79
-380.76
-399.82
-410.16
-418.55
-419.62
-422.97
-409.52
-386.16
-356.97
-321.71
-280.02
-232.29
-181.08
-128.07
-71.86
-12.11
48.46
108.76
169.73
228.51
281.58
336.75
389.12
441.37
488.40
532.71
577.00
614.88
648.06
676.28
697.08
707.63
708.94
701.47
682.74
655.75
619.97
575.99
521.15
465.25
407.02
342.24
277.79
208.68
142.59
74.51
10.58
-49.17
-106.17
-161.86
-214.99
-266.05
-316.83
-361.46
-399.61
-430.81
-453.41
-471.93
-483.30
-485.32
-480.04
-468.39
-449.84
-426.18
-399.52
-366.40
-321.23
-269.68
-212.28
-156.95
-98.82
-42.00
15.62
68.01
119.65
167.51
211.61
250.86
284.84
311.40
333.12
353.01
370.82
386.68
403.82
422.15
440.57
463.45
487.85
513.19
538.45
561.41
580.99
590.42
592.74
587.28
574.35
552.48
525.48
492.15
454.27
407.91
359.47
311.47
261.23
208.28
156.34
107.30
65.70
23.52
-16.93
-55.75
-92.51
-128.40
-160.70
-190.41
-217.19
-240.58
-258.88
-275.66
-288.01
-295.30
-300.09
-298.66
-293.26
-282.46
-268.34
-251.11
-228.81
-200.38
-161.34
-121.15
-74.57
-24.22
26.20
77.71
131.06
187.15
244.67
303.93
361.79
417.39
472.38
528.41
583.89
638.55
691.89
745.79
797.30
846.92
888.92
925.16
953.12
976.21
987.53
990.79
986.89
969.84
942.48
909.60
867.08
814.65
755.97
692.23
623.42
549.70
474.37
397.11
329.09
257.48
186.39
119.10
56.58
6.04
-34.34
-78.39
-115.53
-146.74
-174.49
-197.06
-212.40
-223.11
-230.61
-232.93
-231.74
-226.52
-217.43
-204.23
-187.36
-166.53
-147.65
-123.07
-94.37
-62.59
-33.92
-1.56
31.45
61.95
96.59
131.18
161.56
195.26
225.79
255.99
286.88
317.08
347.24
378.57
409.74
437.71
465.83
489.86
513.53
531.68
545.80
555.86
561.72
563.06
561.05
552.45
541.41
528.84
509.05
485.35
458.75
429.96
396.32
357.12
320.80
283.80
237.50
189.86
138.35
87.72
38.55
-10.07
-53.99
-95.65
-132.55
-169.40
-203.16
-233.42
-253.64
-267.24
-280.51
-292.19
-300.49
-302.07
-293.11
-278.59
-260.53
-235.28
-208.13
-179.03
-151.71
-123.46
-90.58
-54.53
-16.13
21.84
60.21
95.68
126.82
162.05
195.87
230.82
268.95
308.54
349.41
389.39
429.84
468.91
512.49
553.42
597.34
637.91
674.63
708.94
738.80
760.76
773.14
779.18
775.07
758.47
731.45
689.94
638.46
575.75
505.57
432.55
358.74
290.54
227.99
169.67
110.84
45.84
-23.39
-100.83
-183.43
-264.28
-351.48
-437.25
-509.75
-577.76
-637.79
-683.20
-724.07
-757.47
-772.53
-770.95
-765.55
-752.92
-729.65
-698.14
-656.73
-606.83
-551.87
-492.21
-433.68
-377.32
-319.55
-258.94
-196.76
-132.28
-70.91
-7.47
52.70
107.33
164.30
215.42
267.06
315.52
360.97
404.80
449.97
493.40
534.91
574.41
610.82
646.69
678.56
707.97
731.91
751.49
763.48
769.36
766.16
754.75
734.96
706.26
670.33
629.00
580.90
528.81
473.39
415.90
356.09
294.45
231.46
171.23
107.33
50.57
-1.31
-47.98
-84.79
-117.91
-145.97
-170.43
-188.46
-203.01
-212.62
-218.59
-221.49
-221.67
-218.17
-208.96
-195.75
-179.86
-160.46
-136.85
-116.57
-93.36
-68.50
-41.82
-11.62
18.12
53.95
91.77
127.67
168.60
213.01
254.16
299.30
347.18
396.90
449.84
505.29
559.71
611.59
662.98
712.60
759.02
801.66
842.50
880.99
916.40
944.83
969.72
987.22
999.39
999.39
996.65
981.49
959.50
929.21
897.16
859.67
812.43
754.45
688.96
617.14
539.42
452.77
366.46
280.45
195.29
111.45
32.85
-45.20
-115.35
-180.50
-239.12
-289.90
-329.64
-363.04
-390.55
-415.50
-436.24
-451.13
-463.87
-469.76
-468.54
-459.97
-445.00
-427.27
-400.89
-371.46
-340.75
-308.51
-270.53
-226.92
-182.45
-139.54
-96.20
-53.71
-10.25
30.62
74.72
118.31
161.92
205.36
243.79
282.43
317.08
348.89
377.38
404.12
425.44
441.33
449.66
455.58
454.66
452.28
448.14
439.60
428.89
412.30
393.57
369.42
340.81
304.97
264.25
220.91
174.80
126.79
80.28
35.53
-6.80
-44.90
-79.85
-111.48
-136.09
-158.08
-180.35
-200.35
-217.86
-233.84
-246.17
-255.35
-259.52
-260.01
-252.72
-239.39
-220.24
-195.47
-164.03
-124.74
-83.60
-39.86
2.90
49.62
98.82
148.75
195.38
244.43
293.56
345.11
395.16
443.87
491.87
536.50
577.40
616.86
655.48
693.11
728.83
759.33
784.80
803.64
815.36
824.72
829.23
831.34
823.84
799.22
765.76
722.64
666.33
597.04
524.33
445.88
366.18
288.35
203.50
122.12
41.94
-32.54
-104.71
-173.51
-240.00
-301.80
-357.80
-414.83
-467.32
-512.77
-551.65
-584.04
-605.42
-617.90
-620.77
-615.49
-602.68
-584.11
-562.94
-536.89
-509.41
-472.51
-430.81
-385.64
-337.57
-286.03
-228.81
-165.58
-98.79
-25.86
45.60
124.87
206.36
286.36
361.94
437.61
508.04
575.75
639.43
698.08
756.49
809.81
857.93
903.11
942.08
971.00
989.18
997.11
995.95
986.10
968.77
941.93
908.44
867.54
817.10
761.71
698.08
630.89
557.05
470.80
383.69
289.08
195.47
106.08
22.81
-48.31
-111.17
-164.88
-214.75
-254.95
-292.16
-324.03
-361.70
-399.70
-429.20
-450.15
-466.01
-471.44
-469.55
-464.15
-448.99
-423.13
-389.12
-344.59
-293.44
-240.34
-183.76
-127.58
-71.71
-20.83
33.95
90.28
147.28
203.74
262.06
321.32
378.81
434.75
488.18
538.29
584.96
625.71
660.26
691.10
715.04
732.15
741.27
744.75
744.35
736.54
723.52
707.48
682.53
651.33
611.49
561.26
498.89
434.01
365.88
297.34
232.96
178.27
124.56
76.10
31.48
-9.91
-50.08
-84.03
-116.69
-147.71
-170.10
-190.47
-207.34
-223.47
-238.02
-244.34
-253.49
-256.02
-256.96
-251.14
-240.52
-225.82
-206.79
-184.92
-158.90
-132.34
-100.07
-68.11
-33.55
-1.19
34.31
68.96
105.74
140.64
182.94
230.18
265.96
287.58
277.92
277.52
296.61
344.19
354.32
362.28
370.00
387.93
415.44
443.35
470.62
474.12
468.24
463.17
458.17
454.88
451.34
445.51
435.42
429.75
425.17
426.36
428.31
432.37
431.33
425.63
419.22
410.59
399.55
382.84
364.29
344.44
325.37
306.19
287.58
271.48
256.87
241.01
226.83
209.08
190.99
173.21
154.70
136.64
119.68
104.43
90.25
79.30
69.39
62.65
57.68
52.34
47.40
42.76
39.04
40.53
100.50
264.19
442.34
564.01
573.03
479.73
345.72
253.49
225.06
240.61
259.83
264.28
266.69
295.85
335.16
343.89
331.84
318.63
301.55
279.68
244.12
198.34
150.52
112.33
97.60
89.00
70.21
45.23
20.74
-2.68
-19.34
-29.16
-39.44
-46.39
-55.05
-65.06
-70.49
-74.69
-78.51
-82.75
-87.63
-90.31
-85.89
-75.64
-52.86
-10.64
65.30
105.38
98.73
145.03
206.33
263.67
324.21
362.55
400.95
436.00
480.37
533.60
581.06
617.87
630.53
648.64
681.40
719.77
758.72
799.65
845.73
901.52
947.88
987.07
999.39
999.39
999.39
999.39
999.39
999.39
999.39
999.39
999.39
999.39
999.39
999.39
999.39
999.39
999.39
999.39
999.39
999.39
999.39
999.39
999.39
999.39
999.39
974.87
938.76
909.57
887.55
871.87
862.45
857.63
817.37
734.87
629.28
548.88
491.84
452.41
430.81
432.40
445.73
456.52
467.53
481.41
493.70
506.82
521.09
528.56
525.70
519.05
508.65
498.19
493.31
491.66
482.17
468.05
451.98
431.21
413.15
390.49
365.63
337.97
302.90
259.22
212.68
160.67
111.54
62.28
19.43
-25.04
-65.06
-112.51
-154.91
-180.74
-211.40
-218.14
-217.07
-206.73
-200.60
-190.72
-176.23
-159.97
-135.18
-98.88
-39.99
4.36
58.29
84.27
92.11
138.26
180.07
177.85
195.17
216.28
211.49
206.06
204.04
219.11
221.61
208.01
207.13
208.96
208.10
202.95
193.49
178.73
159.82
143.04
124.50
108.55
87.99
72.07
57.80
46.12
36.42
26.69
18.15
11.71
3.17
-2.71
-7.08
-8.05
-4.97
3.17
14.61
24.83
33.40
43.28
51.64
59.35
70.18
80.00
93.33
107.76
124.07
141.25
157.38
174.06
188.95
205.51
227.26
259.10
303.69
336.32
357.49
363.13
351.48
322.17
283.86
244.31
210.60
184.07
156.40
137.59
127.00
124.29
126.45
127.61
131.42
131.52
126.70
120.84
115.56
106.11
99.37
89.52
86.22
107.24
87.32
64.48
59.32
53.56
48.13
36.33
31.23
30.50
20.53
18.45
19.31
21.66
24.61
21.29
19.31
18.54
19.49
18.51
24.67
29.68
34.28
38.43
44.19
50.66
56.52
66.79
76.07
87.57
97.29
106.23
107.88
104.31
97.97
90.46
84.61
82.50
82.20
80.15
75.73
64.60
51.42
37.48
25.96
20.16
23.36
33.79
45.72
63.29
79.27
93.51
106.29
117.46
125.48
129.26
131.06
129.08
127.95
124.47
120.20
117.15
118.00
120.41
121.76
123.46
123.43
125.02
125.23
121.60
114.95
105.53
125.42
170.95
175.16
125.93
90.68
70.91
98.70
282.64
282.92
185.26
142.34
118.86
88.88
57.28
30.65
23.24
26.38
33.18
38.09
35.23
31.26
20.43
19.12
18.64
25.83
41.21
61.27
82.11
100.31
113.61
124.53
130.45
138.10
143.75
149.69
155.52
154.97
149.05
148.63
146.43
144.75
145.27
143.84
143.32
135.33
128.98
122.82
107.21
90.58
84.61
74.48
61.92
51.94
43.10
33.49
20.07
1.43
-15.22
-23.97
-24.95
-37.30
-52.61
-45.41
-36.78
-29.37
-8.14
11.80
25.41
46.21
72.38
90.58
94.25
80.61
70.33
75.00
72.07
83.94
98.51
122.30
156.31
193.86
235.34
274.90
312.17
337.42
366.37
396.41
424.50
451.64
478.61
500.63
519.02
531.22
553.09
580.66
597.43
593.87
589.08
610.91
608.05
608.72
618.78
642.33
650.08
692.23
719.56
778.45
820.39
852.38
857.17
886.42
882.21
896.70
915.03
916.86
909.45
893.80
862.08
846.04
836.16
791.96
760.21
716.72
659.17
602.19
553.27
503.56
458.75
378.26
312.17
284.69
278.92
277.34
277.28
271.33
259.71
248.70
247.54
249.25
254.00
258.06
264.31
273.80
281.79
293.29
306.25
320.13
335.35
344.44
350.02
357.06
358.92
355.51
347.76
340.35
323.15
297.83
269.68
237.72
205.14
177.45
144.75
96.62
56.88
40.50
53.68
55.45
60.82
60.18
44.93
27.54
41.82
51.82
61.09
65.82
64.45
58.04
58.93
70.09
79.91
99.70
100.34
115.66
123.71
137.16
150.58
177.48
184.19
182.79
177.51
171.53
166.35
151.92
134.38
116.63
101.69
82.99
74.82
63.20
51.39
44.50
39.65
41.88
43.86
45.75
49.59
53.59
56.49
56.03
57.43
59.29
64.17
61.55
64.66
67.80
76.37
84.52
90.65
97.20
101.56
100.19
104.68
111.39
117.03
113.22
113.70
114.59
112.76
109.77
103.97
100.07
88.45
76.83
67.13
54.84
43.46
32.09
21.26
7.66
-3.08
-14.33
-25.19
-31.99
-37.15
-44.68
-49.04
-53.99
-58.65
-61.55
-56.58
-52.12
-48.65
-39.47
-27.48
-13.36
3.11
17.11
35.14
54.99
74.85
95.13
117.94
139.87
160.34
180.01
202.28
223.02
243.73
263.61
276.67
290.97
299.05
312.44
330.53
343.03
368.99
399.70
412.21
435.17
463.20
457.07
479.43
492.61
500.05
514.02
532.77
522.71
521.09
507.95
494.98
487.54
497.55
490.59
487.42
518.23
504.59
490.38
438.35
398.54
380.91
378.93
377.44
384.91
397.57
384.21
367.86
354.71
365.85
366.98
363.90
340.68
325.16
304.79
280.36
242.32
207.86
178.76
150.00
129.59
109.28
84.12
54.08
25.01
3.63
-23.00
-26.57
-33.06
-57.10
-95.25
-117.27
-127.67
-124.81
-126.67
-142.19
-169.03
-190.69
-195.54
-194.32
-193.49
-187.21
-178.24
-160.09
-133.99
-110.01
-101.81
-87.50
-56.33
-28.06
-14.95
-15.65
10.13
27.48
55.39
89.30
113.28
131.21
140.70
148.23
153.26
157.20
161.74
165.16
167.41
165.65
160.98
151.65
136.52
118.77
102.97
86.31
68.35
56.06
43.71
36.26
29.49
24.46
22.81
21.14
20.53
25.31
28.55
33.15
39.10
48.65
57.89
71.16
90.40
115.66
147.56
179.61
209.57
235.89
266.36
293.59
325.07
349.77
359.66
350.29
334.40
314.94
294.20
270.08
245.65
224.88
206.24
206.03
215.91
227.77
237.11
245.86
254.22
262.88
272.61
279.04
280.36
272.85
260.01
242.63
225.03
207.64
188.76
165.22
150.73
136.06
119.44
109.31
106.87
106.51
107.54
107.39
104.37
98.94
87.69
65.27
45.96
32.09
25.74
21.56
23.06
24.74
27.66
34.25
53.44
78.54
116.66
165.31
216.89
266.08
311.13
357.73
403.45
451.37
496.33
538.48
579.07
627.14
670.73
714.80
746.76
778.94
809.32
832.44
848.60
862.27
872.09
879.25
879.47
875.32
865.65
852.08
832.80
808.65
775.04
733.37
693.20
655.75
616.62
576.45
533.41
488.88
446.06
401.78
363.35
319.18
275.72
235.09
196.02
165.77
141.64
118.03
102.72
92.66
85.46
84.27
90.37
98.12
110.04
124.26
142.77
169.03
198.83
228.32
264.37
299.39
334.52
373.62
418.43
466.19
511.42
559.55
613.23
659.44
702.29
740.85
773.94
801.66
830.48
856.04
875.38
893.99
911.25
931.90
954.44
974.20
996.40
999.39
999.39
999.39
999.39
999.39
999.39
999.39
999.39
999.39
999.39
999.39
999.39
999.39
999.39
999.39
999.39
999.39
999.39
933.39
856.75
776.80
697.63
614.51
538.17
461.59
390.09
322.84
261.45
202.28
148.53
101.56
60.12
24.43
-10.34
-43.74
-60.51
-76.77
-85.86
-90.19
-85.80
-76.37
-61.40
-39.22
-9.61
22.66
57.22
99.40
139.63
182.54
225.46
269.68
314.64
354.44
389.85
418.89
447.34
475.40
499.99
519.51
538.60
556.81
576.33
590.54
608.60
623.76
637.91
657.15
681.89
702.23
720.11
738.89
761.83
778.76
788.39
797.06
802.21
800.87
794.59
776.77
746.30
703.60
655.05
588.83
518.68
443.62
362.55
281.33
200.84
124.84
55.60
-6.44
-61.31
-112.09
-151.86
-192.73
-227.16
-259.83
-287.86
-310.95
-330.35
-343.61
-350.93
-351.21
-344.13
-330.41
-311.16
-285.51
-255.32
-218.01
-175.83
-132.03
-80.95
-30.23
25.68
85.31
145.39
203.71
260.47
315.00
368.07
420.69
470.43
515.72
559.13
597.31
637.05
669.81
700.65
730.66
756.19
780.37
800.87
816.88
828.90
834.57
837.01
832.19
819.53
811.45
795.78
762.19
722.30
677.77
640.96
593.07
538.57
489.71
437.03
381.16
325.22
264.86
208.47
151.62
95.98
44.16
-2.56
-42.91
-76.92
-108.58
-133.86
-154.45
-170.65
-179.89
-187.94
-188.09
-181.69
-168.54
-150.79
-129.05
-99.55
-71.55
-37.15
-0.55
35.84
78.23
124.87
175.22
225.79
269.22
314.64
361.12
404.52
448.01
488.46
529.17
567.82
603.90
633.24
659.29
682.56
707.05
730.90
757.68
781.23
803.52
824.05
846.22
858.51
857.29
850.83
840.73
824.96
808.59
786.17
761.59
732.67
697.08
652.55
601.03
544.91
485.01
418.70
354.07
292.98
236.47
185.29
136.06
91.32
51.18
13.82
-20.92
-51.00
-76.83
-97.26
-113.73
-127.61
-135.18
-136.94
-135.27
-128.86
-116.33
-102.11
-83.20
-60.33
-31.84
-2.90
31.81
68.56
109.46
151.19
194.62
238.88
283.31
326.50
372.28
417.18
460.55
508.19
553.51
598.84
643.40
688.42
732.46
775.92
816.49
862.02
901.88
938.33
978.35
999.39
999.39
999.39
999.39
999.39
999.39
999.39
999.39
999.39
999.39
999.39
999.39
999.39
999.39
999.39
946.90
883.77
814.78
738.92
660.11
576.21
493.00
408.49
324.25
250.40
184.68
124.78
68.75
20.89
-21.08
-54.69
-80.82
-103.70
-121.60
-135.48
-146.13
-154.57
-160.61
-162.08
-162.35
-163.11
-159.58
-152.29
-140.54
-126.21
-104.52
-75.79
-40.93
1.49
52.43
107.76
170.86
239.12
311.83
385.28
460.09
535.49
607.41
682.07
751.15
817.16
882.24
943.40
996.77
999.39
999.39
999.39
999.39
999.39
999.39
999.39
999.39
999.39
999.39
999.39
999.39
999.39
999.39
999.39
999.39
999.39
999.39
983.01
901.95
812.43
716.66
613.05
506.18
398.94
292.40
187.21
85.89
-9.00
-98.27
-176.41
-246.99
-311.28
-367.16
-413.76
-453.02
-483.97
-509.14
-530.58
-545.89
-555.74
-559.13
-557.75
-550.19
-537.99
-519.45
-495.44
-469.33
-433.10
-395.28
-352.58
-306.80
-258.30
-208.80
-155.89
-99.86
-48.62
9.79
64.60
120.38
177.42
235.43
289.78
340.72
391.59
441.30
488.31
528.44
561.99
592.04
616.77
635.74
652.52
665.88
672.37
673.96
667.40
651.02
627.42
593.23
554.40
509.87
460.61
406.35
350.29
291.95
234.30
173.00
111.42
47.49
-15.65
-81.40
-145.82
-209.90
-271.30
-325.53
-380.03
-430.05
-474.95
-516.55
-551.53
-579.38
-600.70
-617.01
-626.04
-632.91
-630.22
-624.46
-613.97
-596.03
-573.25
-544.76
-511.97
-473.94
-431.06
-382.53
-329.19
-271.42
-210.42
-144.84
-79.12
-11.35
59.57
126.09
190.14
252.57
312.23
369.54
422.55
472.41
519.41
562.24
599.81
635.01
661.70
688.38
710.13
727.06
737.76
743.77
740.81
734.96
719.56
698.18
671.43
639.34
606.03
564.89
518.47
471.41
422.64
370.67
317.57
267.94
214.69
162.87
109.28
55.63
7.56
-38.67
-82.84
-122.27
-159.18
-192.58
-221.92
-247.78
-269.56
-287.77
-300.76
-309.15
-312.23
-310.55
-305.00
-294.81
-280.02
-260.96
-237.32
-212.19
-181.81
-148.08
-111.72
-73.54
-33.15
2.47
37.73
70.49
101.56
128.53
153.29
172.36
186.51
197.18
205.30
209.66
208.13
203.56
196.45
182.66
165.83
144.69
115.20
83.02
47.92
7.90
-35.56
-82.75
-132.86
-185.50
-240.43
-299.33
-356.70
-419.28
-482.72
-545.52
-609.94
-678.44
-745.88
-814.26
-880.93
-943.30
-999.42
-999.42
-999.42
-999.42
-999.42
-999.42
-999.42
-999.42
-999.42
-999.42
-999.42
-999.42
-999.42
-999.42
-999.42
-999.42
-999.42
-999.42
-999.42
-999.42
-999.42
-999.42
-999.42
-964.59
-885.84
-799.59
-709.80
-623.27
-527.04
-428.31
-329.80
-234.18
-141.43
-53.62
31.02
101.99
164.33
216.09
258.24
291.52
311.25
322.93
322.87
313.05
291.18
263.40
224.48
175.80
120.35
58.19
-12.72
-88.63
-169.49
-252.72
-333.85
-412.21
-490.29
-564.98
-633.91
-698.94
-757.47
-813.19
-863.58
-903.50
-938.39
-972.40
-999.42
-999.42
-999.42
-999.42
-999.42
-999.42
-999.42
-999.42
-999.42
-999.42
-999.42
-974.14
-925.43
-867.18
-799.77
-737.15
-667.83
-588.01
-505.93
-421.33
-335.96
-247.93
-156.83
-68.87
17.51
99.43
180.29
253.09
321.50
387.99
449.20
502.37
547.26
581.24
607.50
621.74
632.05
629.79
621.80
604.48
575.99
544.61
500.72
451.09
394.49
328.03
257.08
183.79
100.77
17.23
-67.95
-146.95
-228.78
-306.52
-377.28
-450.55
-514.96
-574.22
-629.34
-674.42
-717.97
-761.80
-790.68
-814.96
-836.16
-852.20
-859.64
-860.34
-856.71
-840.98
-820.54
-795.59
-764.76
-727.94
-681.74
-636.87
-583.59
-528.75
-474.15
-418.58
-364.17
-314.67
-263.40
-217.46
-175.68
-135.42
-103.18
-71.31
-43.71
-20.92
-1.92
10.98
19.49
19.28
11.07
-6.07
-30.62
-64.32
-107.30
-155.09
-206.58
-267.42
-327.33
-386.16
-448.93
-510.26
-574.50
-636.72
-702.51
-766.16
-824.66
-885.66
-947.70
-999.42
-999.42
-999.42
-999.42
-999.42
-999.42
-999.42
-999.42
-999.42
-999.42
-999.42
-999.42
-999.42
-999.42
-999.42
-999.42
-999.42
-999.42
-999.42
-999.42
-999.42
-999.42
-999.42
-977.01
-915.34
-846.86
-774.61
-702.14
-625.40
-543.94
-462.44
-384.97
-305.06
-226.52
-156.25
-81.47
-10.25
57.28
113.64
161.19
200.60
226.86
244.27
248.73
241.62
228.87
203.16
171.41
131.76
84.79
31.26
-27.91
-88.21
-157.14
-227.77
-303.29
-379.85
-456.68
-532.19
-607.56
-679.27
-745.91
-810.93
-871.48
-927.69
-977.83
-999.42
-999.42
-999.42
-999.42
-999.42
-999.42
-999.42
-999.42
-999.42
-999.42
-999.42
-999.42
-999.42
-999.42
-999.42
-999.42
-933.61
-859.09
-781.01
-702.11
-621.47
-538.75
-466.99
-393.18
-324.15
-260.90
-200.26
-143.41
-89.85
-37.91
14.00
61.43
108.79
149.36
190.53
230.28
268.58
301.03
330.16
354.78
373.41
385.98
391.25
390.70
381.40
365.12
339.80
307.13
259.13
207.06
152.07
92.69
27.57
-40.26
-108.76
-174.80
-242.17
-306.89
-369.63
-426.91
-482.36
-530.76
-573.49
-610.76
-644.56
-674.42
-703.48
-720.96
-742.10
-748.07
-745.30
-746.58
-744.05
-738.95
-729.56
-720.96
-705.04
-684.69
-660.32
-633.97
-600.45
-568.76
-530.30
-492.18
-451.86
-409.77
-368.56
-323.27
-279.50
-235.37
-190.08
-143.62
-99.89
-53.50
-7.26
37.30
81.92
120.75
163.11
204.59
239.67
271.94
302.16
323.48
339.74
351.73
357.28
359.11
358.04
349.32
336.87
317.54
294.32
265.99
233.78
193.31
154.73
111.45
65.36
15.46
-32.70
-81.80
-133.28
-194.99
-253.97
-311.40
-354.68
-393.69
-423.64
-438.59
-448.87
-451.67
-448.50
-439.72
-430.20
-417.97
-402.90
-388.20
-365.51
-347.61
-359.32
-348.92
-329.83
-310.83
-289.87
-280.26
-280.63
-289.14
-305.43
-324.43
-344.31
-370.42
-391.83
-414.89
-432.73
-448.69
-461.77
-475.16
-486.54
-495.11
-503.49
-484.89
-483.79
-480.50
-483.67
-484.22
-486.14
-492.30
-497.45
-506.88
-516.76
-528.63
-544.76
-570.41
-595.21
-623.21
-654.23
-675.57
-694.97
-718.15
-733.86
-745.82
-753.81
-755.18
-753.62
-744.81
-729.96
-717.73
-694.45
-671.24
-644.10
-603.72
-557.85
-492.09
-411.23
-331.23
-260.87
-209.08
-183.15
-178.49
-185.41
-199.23
-215.36
-229.88
-244.91
-261.78
-278.07
-298.66
-319.79
-340.81
-362.16
-382.90
-402.97
-418.09
-430.02
-436.27
-441.24
-446.00
-450.33
-453.50
-455.97
-456.28
-455.40
-452.47
-450.27
-448.20
-429.90
-415.56
-407.51
-401.35
-394.40
-387.08
-378.72
-367.04
-358.13
-349.59
-341.75
-334.62
-329.74
-327.87
-324.37
-324.79
-326.75
-331.44
-335.68
-342.85
-348.80
-355.54
-364.05
-371.03
-376.31
-381.59
-386.62
-391.41
-394.40
-395.77
-393.02
-401.72
-424.29
-424.96
-412.18
-397.54
-383.63
-368.53
-349.71
-333.52
-314.70
-297.53
-279.32
-265.69
-249.89
-236.92
-225.73
-216.95
-207.06
-198.10
-184.92
-171.20
-157.81
-144.26
-134.14
-127.00
-119.04
-113.55
-107.09
-104.52
-100.01
-97.75
-93.70
-90.98
-90.68
-90.71
-93.54
-97.48
-101.90
-112.94
-124.47
-137.89
-152.04
-166.84
-182.24
-197.09
-209.87
-222.83
-230.31
-242.81
-253.12
-256.99
-257.42
-251.05
-241.83
-223.11
-199.23
-173.61
-150.58
-134.99
-122.43
-114.89
-107.09
-101.93
-103.76
-108.61
-109.31
-107.82
-101.93
-94.28
-85.25
-71.98
-59.05
-49.56
-41.54
-34.89
-26.50
-19.89
-11.47
-3.60
0.67
0.24
-3.11
-11.13
-21.23
-36.75
-52.77
-71.61
-91.26
-110.41
-132.13
-156.53
-179.77
-206.33
-229.63
-249.09
-271.08
-295.97
-323.21
-341.05
-360.88
-376.64
-396.07
-414.19
-423.77
-429.32
-434.50
-436.12
-435.72
-431.33
-423.95
-412.30
-389.12
-368.38
-347.67
-325.77
-305.18
-281.27
-253.27
-230.00
-213.44
-207.55
-203.40
-195.78
-191.30
-196.60
-200.96
-198.74
-195.32
-187.79
-188.03
-189.10
-198.13
-209.35
-228.51
-244.15
-260.87
-277.31
-282.00
-280.60
-265.41
-249.15
-257.08
-282.09
-309.82
-325.62
-334.89
-344.71
-352.76
-363.47
-378.50
-390.95
-405.80
-423.98
-439.50
-455.12
-462.84
-474.46
-486.78
-500.14
-516.43
-525.33
-535.09
-540.28
-547.14
-552.84
-549.52
-543.85
-538.97
-535.18
-529.21
-517.62
-504.20
-484.86
-460.37
-437.16
-416.32
-396.10
-378.84
-357.80
-339.92
-329.77
-335.93
-346.75
-352.03
-356.30
-356.45
-357.00
-352.92
-354.35
-355.69
-353.86
-346.85
-345.20
-347.76
-346.08
-340.01
-343.89
-352.52
-354.38
-363.10
-358.10
-366.43
-368.47
-371.49
-380.40
-385.31
-392.11
-392.90
-401.07
-397.93
-382.29
-376.06
-361.64
-351.45
-355.02
-369.90
-377.13
-383.84
-385.58
-384.82
-388.05
-386.28
-387.99
-385.00
-373.17
-360.88
-346.45
-336.42
-325.07
-311.31
-296.86
-284.63
-268.77
-253.94
-240.89
-229.30
-221.06
-213.01
-202.49
-191.45
-184.34
-169.64
-163.27
-182.82
-183.58
-149.66
-134.14
-98.24
-100.99
-118.25
-120.54
-113.80
-111.05
-113.43
-121.85
-127.64
-138.99
-141.76
-138.99
-130.27
-155.76
-176.69
-164.40
-135.02
-125.20
-134.75
-141.61
-114.62
-90.43
-140.51
-151.37
-139.11
-131.67
-127.67
-128.74
-129.53
-129.50
-124.71
-117.91
-113.09
-110.50
-113.73
-116.30
-113.03
-103.82
-94.79
-86.89
-86.22
-87.44
-88.02
-90.40
-94.43
-93.70
-94.98
-98.70
-105.62
-115.41
-124.04
-129.78
-135.48
-143.04
-149.91
-156.01
-161.99
-165.71
-165.77
-166.50
-170.62
-171.75
-177.60
-184.25
-192.27
-205.78
-217.10
-225.85
-234.70
-241.50
-251.44
-263.31
-275.38
-288.35
-300.61
-317.20
-335.65
-352.18
-363.25
-376.46
-389.79
-405.25
-422.15
-437.58
-446.61
-457.07
-466.95
-473.88
-480.31
-482.08
-484.77
-488.31
-490.38
-489.34
-486.23
-481.23
-471.74
-457.53
-444.45
-431.39
-413.55
-386.83
-370.06
-349.56
-327.94
-307.50
-281.09
-250.77
-228.20
-205.39
-180.93
-158.48
-137.77
-118.95
-107.09
-99.34
-94.34
-89.76
-90.16
-89.27
-92.29
-95.62
-95.68
-100.07
-105.65
-116.45
-126.33
-137.52
-143.23
-151.07
-176.69
-203.80
-225.49
-240.92
-251.66
-258.52
-261.93
-261.02
-268.40
-281.94
-293.81
-294.93
-280.69
-270.75
-264.92
-262.03
-261.23
-261.93
-257.54
-259.25
-259.56
-248.57
-249.76
-255.01
-268.43
-259.56
-253.27
-266.17
-277.37
-278.01
-271.75
-267.12
-263.67
-258.67
-267.15
-274.13
-277.31
-270.72
-255.25
-241.80
-255.53
-262.73
-259.16
-243.69
-235.49
-218.56
-221.34
-227.53
-247.14
-244.18
-244.52
-228.20
-207.37
-187.61
-171.38
-163.08
-142.16
-176.63
-180.65
-191.20
-204.87
-185.53
-169.79
-155.67
-159.61
-141.89
-147.77
-174.76
-194.16
-211.18
-218.78
-236.37
-254.19
-249.31
-276.02
-272.97
-281.15
-274.56
-277.15
-292.22
-320.37
-330.41
-317.69
-315.58
-299.30
-292.31
-290.06
-299.14
-325.37
-351.21
-354.87
-374.02
-384.82
-382.20
-381.28
-369.84
-356.70
-328.91
-322.38
-321.38
-341.87
-347.73
-375.39
-386.83
-396.13
-416.45
-411.57
-414.62
-416.29
-436.55
-462.41
-461.98
-448.44
-445.76
-442.16
-432.98
-436.73
-474.82
-484.58
-476.01
-461.28
-448.99
-431.45
-414.68
-402.48
-396.04
-394.76
-416.32
-457.56
-495.11
-508.89
-545.19
-589.35
-606.89
-491.11
-149.02
394.64
723.22
747.89
636.63
554.67
495.50
399.34
256.93
101.47
-48.22
-197.06
-308.87
-380.49
-404.83
-422.09
-436.30
-432.46
-418.49
-381.25
-344.41
-329.77
-333.12
-336.99
-336.66
-337.88
-346.45
-355.78
-358.99
-357.98
-346.05
-332.60
-321.87
-311.01
-294.45
-282.00
-270.78
-259.71
-253.64
-255.53
-263.09
-273.25
-291.03
-310.34
-329.37
-348.19
-365.05
-377.38
-383.60
-383.78
-378.90
-376.98
-368.44
-355.23
-341.54
-322.93
-306.95
-289.54
-270.78
-257.69
-247.87
-239.21
-231.80
-225.52
-221.98
-222.01
-220.03
-216.58
-212.13
-208.62
-204.87
-197.64
-189.65
-180.65
-176.63
-173.85
-174.12
-174.25
-177.39
-173.24
-142.65
-92.99
-44.04
-13.79
-10.92
-3.32
9.06
29.46
53.56
64.20
22.75
-60.54
-149.85
-217.46
-246.17
-242.75
-218.68
-189.68
-159.85
-136.30
-124.04
-120.78
-118.55
-118.89
-121.39
-122.40
-118.40
-107.05
-93.21
-85.19
-79.51
-80.28
-93.24
-113.64
-138.53
-165.34
-193.19
-220.51
-244.34
-268.22
-290.30
-310.12
-326.69
-343.25
-359.63
-379.51
-401.14
-417.91
-429.96
-443.29
-458.57
-470.92
-482.69
-490.59
-496.24
-501.08
-504.07
-498.83
-495.90
-486.99
-478.88
-467.05
-455.85
-441.18
-434.01
-428.68
-401.44
-377.16
-363.71
-358.34
-356.12
-354.47
-354.26
-349.44
-340.84
-333.15
-329.40
-326.08
-326.11
-328.94
-330.77
-334.98
-338.55
-340.53
-341.11
-339.34
-335.07
-334.52
-338.21
-345.78
-358.56
-374.45
-393.45
-416.36
-441.43
-464.33
-487.69
-512.10
-533.69
-555.40
-571.66
-590.05
-608.32
-628.12
-644.28
-656.45
-668.35
-680.27
-689.15
-692.50
-692.04
-686.83
-684.08
-682.89
-683.32
-686.68
-694.15
-705.37
-715.47
-726.78
-738.71
-750.12
-759.45
-763.05
-762.38
-758.96
-748.32
-727.79
-707.69
-686.19
-653.65
-613.72
-565.26
-508.62
-458.02
-398.97
-336.11
-275.93
-212.62
-148.84
-91.74
-36.33
6.22
58.19
96.65
127.58
156.28
171.17
187.27
186.90
181.75
168.42
151.92
125.81
98.09
57.86
15.59
-30.93
-80.67
-139.57
-209.72
-282.37
-354.78
-426.24
-496.54
-560.07
-623.18
-679.14
-731.66
-782.75
-828.53
-870.74
-908.99
-943.24
-973.56
-998.72
-999.42
-999.42
-999.42
-999.42
-999.42
-999.42
-999.42
-999.42
-965.42
-927.47
-884.50
-824.51
-758.05
-694.33
-629.55
-549.21
-465.25
-385.40
-305.64
-228.20
-166.22
-111.02
-41.69
20.89
61.88
82.59
84.85
97.39
127.40
149.42
151.92
141.70
123.10
102.08
80.58
56.27
28.43
-6.86
-43.19
-75.33
-108.18
-137.07
-164.97
-196.72
-225.85
-252.66
-277.67
-296.58
-316.62
-335.99
-353.98
-374.36
-397.54
-424.62
-453.29
-481.78
-508.77
-531.83
-550.98
-570.26
-598.84
-621.62
-627.08
-624.91
-618.81
-613.08
-591.91
-558.52
-527.35
-496.08
-462.72
-417.76
-370.03
-324.15
-284.87
-254.28
-224.30
-192.42
-161.34
-135.76
-106.87
-83.51
-70.21
-64.87
-63.90
-73.84
-90.31
-113.73
-129.38
-140.48
-156.74
-176.56
-194.28
-211.46
-235.19
-252.75
-267.33
-282.58
-301.74
-319.49
-337.45
-357.92
-372.92
-386.40
-397.81
-403.36
-404.77
-407.42
-407.39
-407.54
-407.42
-410.41
-420.90
-425.08
-444.35
-460.37
-470.31
-479.28
-494.50
-515.63
-530.97
-544.70
-554.18
-563.85
-569.56
-573.95
-574.86
-571.39
-564.95
-556.50
-549.79
-538.48
-527.74
-515.63
-502.85
-489.19
-475.13
-461.53
-449.42
-438.25
-432.28
-429.59
-432.80
-438.25
-448.32
-458.63
-471.29
-484.16
-499.32
-514.90
-526.52
-538.20
-546.71
-551.90
-556.29
-560.74
-565.41
-570.96
-578.83
-589.23
-601.98
-617.56
-635.25
-654.16
-675.76
-699.21
-723.43
-749.66
-777.26
-807.79
-839.09
-870.44
-901.88
-932.81
-963.07
-986.49
-999.42
-999.42
-999.42
-999.42
-986.10
-954.99
-913.96
-864.58
-807.34
-739.59
-664.84
-585.54
-504.38
-421.85
-337.97
-254.89
-175.53
-101.35
-33.21
28.24
80.76
126.70
162.93
191.91
211.94
220.39
219.29
208.62
187.03
155.34
114.44
62.22
-2.65
-77.96
-160.92
-250.40
-346.72
-447.28
-552.02
-656.66
-761.46
-863.24
-960.23
-999.42
-999.42
-999.42
-999.42
-999.42
-999.42
-999.42
-999.42
-999.42
-999.42
-999.42
-999.42
-999.42
-999.42
-999.42
-999.42
-915.70
-826.67
-735.20
-642.30
-547.17
-455.46
-361.97
-277.89
-192.06
-114.62
-44.23
19.46
71.19
111.69
140.88
160.12
168.45
166.77
156.68
142.62
120.66
86.92
45.38
0.12
-46.21
-93.73
-143.53
-196.60
-252.45
-309.82
-364.72
-422.30
-476.26
-527.01
-574.38
-615.09
-648.19
-675.51
-696.10
-710.80
-720.29
-722.91
-717.45
-708.61
-695.89
-680.46
-665.45
-648.31
-631.38
-611.49
-589.17
-564.25
-540.03
-513.53
-486.29
-463.36
-442.95
-427.76
-419.50
-416.78
-418.89
-426.73
-437.06
-451.49
-467.05
-485.07
-503.46
-522.07
-540.40
-558.58
-576.30
-592.89
-607.99
-619.97
-628.27
-632.51
-632.30
-631.90
-629.76
-624.91
-618.05
-610.00
-600.54
-587.43
-576.30
-563.88
-550.86
-540.46
-530.27
-519.57
-508.68
-500.35
-490.81
-480.86
-469.79
-461.19
-455.52
-452.68
-453.69
-460.03
-469.55
-483.15
-501.63
-525.85
-552.29
-581.67
-611.13
-648.12
-688.93
-735.23
-782.81
-827.65
-867.02
-902.46
-934.95
-954.99
-971.00
-989.08
-999.42
-999.42
-999.42
-999.42
-999.42
-999.42
-999.42
-999.42
-991.68
-957.46
-914.45
-867.36
-814.17
-755.73
-696.65
-637.79
-580.35
-525.88
-474.92
-428.16
-385.52
-345.56
-310.28
-283.22
-260.87
-246.32
-232.29
-233.57
-239.36
-248.82
-266.02
-285.39
-309.51
-335.93
-364.60
-399.92
-434.72
-468.51
-501.72
-530.00
-554.37
-574.99
-590.91
-603.75
-610.67
-613.02
-612.68
-610.79
-608.96
-604.88
-598.14
-590.54
-582.46
-576.21
-568.89
-562.51
-559.55
-559.06
-561.66
-567.06
-573.61
-581.60
-591.12
-602.07
-614.54
-625.40
-636.60
-649.35
-661.82
-674.05
-683.57
-691.68
-697.63
-695.52
-686.68
-669.84
-646.39
-623.02
-599.02
-571.94
-543.27
-511.61
-478.18
-443.10
-406.99
-375.00
-342.15
-311.04
-283.62
-262.45
-244.40
-231.28
-224.05
-219.02
-216.89
-216.70
-218.47
-221.43
-224.54
-229.39
-238.36
-246.01
-253.21
-261.60
-269.38
-277.89
-285.45
-293.41
-300.21
-307.87
-313.17
-317.78
-321.29
-324.15
-325.68
-325.68
-322.29
-316.65
-310.34
-301.55
-288.47
-274.38
-260.53
-245.01
-227.29
-204.11
-201.33
-197.34
-166.13
-215.94
-237.87
-243.94
-251.66
-249.18
-237.41
-219.63
-203.95
-195.81
-192.33
-187.12
-181.29
-174.86
-167.48
-163.60
-162.75
-162.44
-162.47
-161.44
-159.15
-155.28
-149.88
-142.50
-131.88
-118.49
-106.51
-99.52
-94.15
-93.15
-97.29
-105.41
-112.15
-118.25
-123.71
-131.70
-138.59
-146.52
-155.37
-163.54
-174.15
-183.52
-190.78
-198.01
-204.59
-210.54
-214.90
-219.23
-220.82
-221.00
-219.90
-213.99
-209.57
-203.56
-200.02
-199.53
-198.13
-197.40
-196.33
-196.72
-196.36
-196.39
-198.37
-200.69
-203.07
-204.01
-205.84
-204.62
-202.31
-199.71
-198.37
-196.12
-193.31
-191.81
-188.34
-184.16
-179.13
-172.75
-165.07
-157.72
-149.33
-139.93
-131.70
-125.45
-120.44
-116.51
-114.95
-116.02
-118.80
-127.06
-140.27
-154.91
-169.85
-184.49
-196.05
-203.31
-206.94
-207.74
-206.00
-204.14
-200.84
-196.69
-193.89
-192.24
-192.79
-194.93
-199.23
-205.02
-209.57
-213.77
-215.15
-217.10
-216.43
-215.15
-211.79
-208.74
-216.12
-218.59
-216.06
-211.58
-203.86
-195.63
-187.39
-181.05
-177.60
-174.06
-170.50
-167.78
-165.25
-164.85
-166.32
-172.63
-186.26
-197.70
-206.76
-212.49
-215.67
-218.41
-221.58
-224.45
-226.16
-228.75
-231.46
-234.82
-237.53
-242.78
-246.78
-251.53
-257.73
-263.00
-268.19
-271.94
-275.69
-277.92
-278.83
-278.95
-279.53
-279.90
-280.36
-282.31
-283.83
-285.78
-288.87
-290.48
-293.07
-295.79
-298.26
-299.17
-297.68
-293.71
-286.82
-277.40
-267.64
-255.22
-244.85
-233.57
-223.44
-212.92
-205.02
-197.64
-192.33
-190.78
-191.11
-192.82
-192.97
-188.86
-185.68
-180.99
-173.73
-165.71
-158.11
-150.58
-144.05
-140.03
-136.34
-133.86
-132.10
-131.39
-133.35
-132.86
-133.62
-140.94
-151.77
-164.43
-175.04
-184.28
-193.98
-200.48
-202.43
-201.85
-203.34
-205.02
-206.03
-207.16
-212.28
-221.25
-232.99
-243.27
-252.11
-256.23
-258.12
-258.79
-258.67
-258.70
-260.96
-262.82
-263.21
-260.90
-262.18
-266.11
-262.51
-250.04
-241.35
-231.98
-216.09
-200.42
-186.90
-176.87
-168.06
-161.13
-155.00
-153.57
-153.99
-153.78
-151.49
-146.95
-142.56
-141.76
-140.27
-141.79
-146.64
-156.07
-166.04
-175.28
-184.40
-197.46
-208.80
-220.06
-225.58
-227.77
-233.11
-238.69
-239.39
-242.32
-251.62
-265.29
-288.01
-308.54
-324.61
-333.67
-336.23
-330.59
-336.84
-334.98
-329.22
-332.54
-338.89
-330.01
-326.29
-341.51
-355.51
-369.48
-382.56
-393.42
-403.33
-411.32
-417.64
-420.78
-421.51
-417.70
-409.13
-399.15
-393.24
-383.69
-373.41
-368.90
-360.57
-348.31
-345.50
-345.53
-346.08
-345.02
-342.48
-338.82
-331.99
-321.84
-308.11
-294.51
-282.89
-278.68
-266.05
-248.30
-235.83
-226.00
-217.43
-209.72
-200.78
-191.84
-183.06
-176.50
-173.76
-174.58
-170.19
-165.31
-160.67
-159.09
-163.63
-167.72
-175.86
-179.61
-185.78
-197.70
-209.23
-218.56
-229.63
-244.64
-260.20
-273.40
-294.84
-314.76
-332.36
-350.23
-364.47
-368.71
-372.40
-368.17
-361.61
-355.48
-351.33
-346.14
-339.77
-330.74
-320.46
-315.19
-307.90
-299.69
-289.69
-278.89
-266.81
-255.19
-240.46
-225.52
-210.85
-196.30
-186.48
-172.39
-159.51
-149.57
-140.42
-131.42
-123.86
-116.75
-111.97
-109.80
-109.10
-108.34
-108.37
-107.63
-106.75
-106.75
-107.18
-108.03
-109.98
-113.55
-117.27
-125.84
-133.38
-139.75
-146.13
-150.85
-154.91
-158.39
-161.10
-163.02
-163.75
-163.72
-163.72
-159.91
-155.61
-156.53
-155.70
-153.02
-152.19
-149.66
-145.97
-141.03
-132.86
-128.74
-129.32
-126.09
-128.04
-127.67
-126.51
-126.51
-129.11
-135.30
-138.10
-141.52
-142.59
-139.42
-135.76
-151.28
-165.49
-175.19
-178.39
-175.44
-164.67
-152.96
-142.68
-135.18
-127.22
-123.16
-121.36
-123.62
-128.19
-133.38
-140.79
-146.58
-154.82
-160.19
-162.32
-164.03
-165.68
-168.21
-171.38
-175.53
-179.00
-183.12
-187.61
-190.72
-194.71
-197.18
-199.41
-199.99
-200.90
-202.52
-204.14
-205.02
-208.16
-210.05
-211.15
-212.92
-213.50
-212.37
-211.97
-210.91
-210.05
-207.43
-205.54
-203.83
-201.30
-199.53
-197.12
-196.60
-195.02
-194.86
-195.69
-196.79
-196.91
-195.47
-194.22
-192.24
-189.59
-186.23
-183.27
-181.44
-179.58
-178.49
-180.74
-178.85
-177.45
-177.88
-178.06
-180.38
-183.21
-185.81
-187.88
-189.80
-191.78
-192.09
-193.74
-196.24
-198.59
-201.18
-202.95
-204.26
-206.21
-206.76
-206.61
-205.17
-203.25
-199.50
-195.50
-189.77
-186.23
-181.14
-176.29
-172.69
-170.37
-167.66
-165.40
-164.15
-162.08
-158.36
-155.28
-151.80
-149.42
-146.37
-142.10
-140.48
-137.59
-135.91
-136.12
-136.00
-137.13
-137.83
-138.68
-139.23
-140.88
-141.21
-141.70
-143.08
-142.25
-141.58
-142.34
-142.31
-144.20
-143.17
-143.81
-143.56
-143.99
-144.36
-145.67
-148.17
-148.50
-151.10
-152.47
-152.65
-153.11
-152.68
-152.23
-150.85
-149.97
-147.10
-145.52
-143.35
-142.07
-142.04
-143.14
-144.84
-146.74
-149.42
-150.09
-151.71
-153.69
-155.52
-157.26
-156.83
-147.59
-135.72
-121.85
-113.25
-107.73
-102.94
-99.80
-101.05
-107.73
-114.44
-122.30
-130.20
-142.92
-160.03
-161.04
-157.01
-152.90
-148.96
-142.86
-136.06
-132.98
-131.91
-133.74
-136.30
-137.74
-139.20
-141.03
-145.45
-149.94
-151.83
-152.07
-151.04
-150.94
-152.19
-160.61
-169.49
-177.24
-184.25
-189.37
-190.38
-192.33
-194.62
-197.70
-201.39
-201.06
-199.01
-198.86
-201.09
-201.79
-199.35
-193.43
-183.49
-168.15
-155.55
-146.86
-141.58
-140.03
-141.92
-155.85
-187.27
-193.64
-195.20
-196.88
-195.63
-190.50
-183.49
-182.27
-183.00
-176.20
-166.13
-155.37
-144.87
-136.58
-129.53
-123.25
-115.17
-110.20
-104.83
-99.25
-94.43
-92.08
-104.58
-106.78
-101.26
-97.17
-93.18
-90.68
-86.53
-83.97
-81.43
-82.90
-85.95
-89.06
-93.54
-96.84
-100.47
-102.27
-103.97
-104.34
-105.71
-107.66
-109.07
-109.56
-112.21
-113.06
-114.68
-114.89
-115.63
-117.61
-120.60
-124.32
-130.30
-137.31
-142.74
-147.62
-150.55
-151.43
-152.35
-154.33
-154.73
-155.89
-154.15
-152.04
-148.84
-145.03
-142.22
-138.65
-135.24
-132.03
-129.17
-128.80
-130.05
-132.28
-134.14
-135.88
-135.63
-137.07
-136.24
-136.70
-135.30
-134.14
-133.22
-131.73
-126.51
-116.42
-108.67
-100.07
-94.70
-91.77
-91.62
-92.60
-94.18
-94.61
-95.46
-93.82
-94.28
-93.24
-92.23
-92.11
-90.13
-90.62
-89.09
-87.87
-86.28
-84.48
-80.86
-79.60
-79.70
-80.55
-83.23
-85.64
-87.81
-89.64
-90.77
-92.72
-93.70
-94.34
-92.75
-89.33
-84.12
-78.69
-76.13
-73.17
-72.47
-72.10
-71.00
-69.72
-68.38
-66.31
-65.73
-63.29
-61.52
-60.33
-58.99
-58.10
-57.31
-58.68
-58.83
-60.39
-60.48
-60.51
-59.75
-59.35
-58.47
-56.79
-54.81
-49.10
-41.78
-35.35
-34.34
-35.75
-37.97
-37.67
-34.95
-33.85
-35.59
-37.70
-40.78
-43.95
-45.63
-46.91
-46.42
-47.52
-45.60
-45.23
-43.86
-43.49
-39.47
-33.09
-24.58
-19.82
-17.14
-12.69
-7.01
-2.35
-1.74
-1.71
2.75
5.70
5.09
4.97
6.28
5.86
3.78
2.13
3.32
3.08
1.01
-2.26
-4.64
-5.58
-8.78
-11.65
-14.67
-17.75
-20.71
-24.67
-27.63
-30.56
-32.57
-33.85
-34.04
-33.40
-32.48
-30.59
-28.88
-26.44
-25.04
-21.87
-18.79
-16.41
-13.36
-11.62
-8.60
-5.64
-2.23
-1.10
1.62
3.57
6.19
8.30
11.19
14.67
17.02
19.82
22.33
23.70
24.77
25.86
26.35
26.35
25.96
24.98
24.64
23.55
21.32
20.43
19.28
18.06
15.56
13.18
10.89
8.05
4.48
1.22
-2.44
-4.58
-6.01
-8.02
-8.05
-8.88
-8.05
-5.52
-4.76
-2.71
-0.79
0.92
2.81
5.22
7.01
7.78
8.36
8.11
7.78
8.36
8.72
8.33
7.96
8.20
8.54
9.67
9.46
11.83
12.99
12.81
12.69
11.16
8.48
6.50
2.68
-1.13
-3.90
-6.01
-8.57
-9.06
-9.33
-8.85
-8.02
-5.76
-3.20
-2.44
-1.89
-1.52
-2.01
-3.32
-3.32
-5.31
-5.73
-5.25
-4.24
-2.59
-1.34
-0.40
1.22
3.69
3.75
5.58
6.62
7.96
7.87
9.03
10.61
11.13
12.90
14.15
15.22
17.20
19.55
20.77
22.66
23.33
24.49
25.28
25.22
26.11
27.85
28.70
30.01
32.36
33.34
34.98
36.02
37.91
40.14
43.22
46.76
48.74
50.29
52.06
53.31
55.05
55.60
56.52
58.22
58.01
58.93
59.38
59.17
58.99
60.12
60.48
61.61
60.51
60.24
58.56
57.49
55.75
53.92
46.18
21.14
32.06
38.19
38.09
41.82
44.93
47.61
48.07
48.22
47.58
48.40
47.82
48.59
49.01
49.14
49.87
47.52
46.33
44.71
42.82
40.50
38.28
39.04
37.15
35.26
33.37
32.30
31.02
30.32
30.80
29.80
29.92
29.13
28.30
27.42
25.99
24.40
24.55
24.64
22.72
22.66
22.69
22.51
21.50
10.95
12.26
15.28
15.89
16.38
18.33
21.23
22.87
23.12
23.15
23.12
24.80
23.82
22.97
21.93
19.79
17.32
15.16
13.21
10.19
8.63
6.83
4.73
2.84
1.92
2.17
1.74
1.65
2.53
1.52
2.93
5.09
6.62
8.60
9.67
10.07
11.13
12.29
13.02
12.90
13.88
14.95
16.01
16.41
18.18
19.64
21.14
22.84
23.52
24.46
25.07
25.99
26.81
28.24
29.19
30.62
31.93
32.51
32.27
31.69
32.03
32.12
30.84
30.16
29.80
29.77
29.31
28.97
27.85
28.06
29.46
28.73
29.01
29.49
29.62
29.68
30.99
31.05
30.71
29.52
30.29
29.65
29.65
30.01
30.16
31.02
31.69
33.18
33.76
34.83
35.38
37.58
39.35
41.36
42.00
43.74
46.42
48.40
50.54
52.67
55.05
57.28
59.23
61.58
64.29
66.52
68.23
68.93
70.97
70.55
70.67
69.75
67.95
67.16
65.03
62.98
60.02
58.16
55.05
53.38
50.84
48.07
46.15
44.35
42.06
40.23
40.08
39.96
40.05
39.77
39.68
40.38
40.93
41.78
40.78
40.60
41.11
41.17
39.47
37.33
38.40
40.23
41.36
45.29
48.77
53.59
57.46
61.12
65.09
68.75
72.01
73.87
75.98
77.16
77.65
77.99
77.93
77.35
76.28
75.70
72.74
71.40
69.11
65.79
62.95
60.33
57.37
54.20
51.03
47.89
46.33
44.01
43.25
41.36
39.04
36.84
36.20
34.56
34.19
33.76
33.82
32.82
33.34
32.70
32.27
31.93
32.57
31.54
30.65
30.99
31.87
32.79
33.52
35.65
37.55
38.06
39.50
42.27
43.16
46.30
48.07
49.53
52.00
53.74
55.75
56.73
56.58
55.94
54.32
52.73
51.64
49.65
47.76
44.93
44.32
42.27
40.05
37.91
34.98
31.75
29.19
26.11
22.69
19.64
17.14
15.01
13.54
13.15
11.83
11.68
11.59
13.05
12.60
13.63
14.70
16.16
16.44
17.45
17.75
18.73
20.10
21.32
23.45
26.72
28.09
29.80
33.61
35.35
37.79
39.71
40.63
42.73
43.89
46.06
47.15
48.46
49.20
49.35
50.87
52.28
51.51
50.87
49.53
47.09
44.50
40.75
38.22
34.28
31.87
29.19
27.33
24.98
25.22
24.28
25.22
24.61
23.94
22.69
22.97
23.61
23.97
24.31
24.55
26.78
27.51
27.51
27.94
28.61
29.10
29.58
29.13
29.46
29.19
29.71
29.77
28.82
29.07
30.19
30.71
31.87
33.28
34.40
36.78
38.31
40.41
42.70
44.41
45.63
48.04
50.17
51.24
53.19
54.72
56.30
56.30
57.43
58.41
58.41
58.13
56.79
55.54
54.32
52.58
51.27
50.54
50.48
49.26
47.85
47.46
46.60
45.14
44.59
44.13
43.74
42.70
41.57
41.08
41.60
42.15
43.40
43.22
45.32
45.96
45.81
46.97
46.30
46.63
46.39
47.40
46.94
46.82
48.13
50.48
50.45
51.30
52.16
52.00
52.22
53.04
52.83
52.58
51.09
50.75
50.48
49.04
48.04
47.76
45.66
44.96
43.74
42.49
42.36
41.02
40.02
38.09
37.42
36.63
36.97
36.26
36.26
35.65
34.62
35.20
34.16
35.32
35.96
35.78
35.72
37.21
38.25
38.70
39.25
40.47
40.75
40.53
41.51
40.78
41.05
40.26
39.44
38.83
38.86
39.25
39.07
40.32
40.72
40.81
40.20
40.66
40.17
38.86
38.46
36.97
36.91
36.33
35.78
35.93
35.81
36.66
36.57
36.36
36.30
36.60
37.55
39.68
39.07
40.23
41.27
42.27
43.13
42.06
42.43
42.09
42.18
41.39
41.39
41.08
40.50
41.05
41.78
41.39
43.16
43.04
44.16
44.96
45.26
45.29
46.09
45.35
45.63
45.51
44.41
43.16
41.75
40.87
39.56
38.34
37.88
37.24
36.91
37.12
37.79
38.52
38.74
39.13
39.99
40.81
41.60
42.82
44.23
45.48
46.54
47.34
48.10
49.14
50.42
52.86
54.35
56.03
57.83
60.54
62.80
64.39
66.15
66.31
67.77
67.53
67.25
66.61
65.48
65.36
64.48
62.19
61.37
59.93
57.77
55.78
52.31
50.45
49.47
48.37
48.74
47.40
46.57
45.45
44.53
44.35
43.68
43.10
43.28
42.97
43.68
45.35
46.70
47.31
48.65
48.68
50.26
50.20
50.54
49.47
49.75
50.20
49.50
50.29
51.15
51.82
52.16
52.89
53.92
55.66
56.73
58.41
60.02
61.73
62.74
63.29
64.20
64.29
64.63
64.72
65.18
64.42
63.68
63.10
62.53
60.82
59.29
58.62
56.21
54.35
53.07
50.08
48.22
46.97
44.74
41.45
39.28
36.51
34.10
33.58
32.85
31.35
29.71
29.55
29.10
28.49
27.75
28.33
26.75
26.20
26.53
26.41
25.25
24.52
23.55
22.57
22.51
21.90
22.81
23.33
24.58
26.44
28.64
30.16
31.54
32.24
32.09
33.25
33.67
34.77
35.14
35.69
36.48
36.54
37.30
37.48
37.85
37.79
37.85
37.73
37.48
37.73
38.77
39.31
38.52
38.95
39.59
38.43
37.42
36.78
35.75
34.56
31.90
31.20
29.49
28.76
28.43
28.15
27.91
28.27
28.24
29.43
29.13
30.01
31.26
31.81
31.63
32.45
33.40
33.64
34.46
34.95
35.26
37.12
38.55
38.64
38.40
38.37
38.64
38.52
39.28
40.23
42.55
43.83
45.41
46.73
49.07
49.87
50.54
51.61
51.61
52.09
52.77
52.46
51.70
51.36
51.27
51.61
52.46
52.06
53.44
52.52
52.06
51.15
50.63
48.22
46.67
43.62
40.44
37.45
34.95
34.80
33.03
31.23
29.62
29.10
27.94
26.69
26.81
24.74
24.37
25.13
26.66
27.39
28.27
28.70
29.10
30.16
31.35
32.76
33.12
34.65
35.14
36.11
36.94
38.19
38.43
38.55
39.13
40.32
40.29
41.72
43.01
42.91
43.49
44.99
45.14
45.02
45.20
44.23
44.80
45.35
45.60
44.93
46.06
45.54
45.78
45.57
45.99
45.11
45.57
46.91
47.64
48.59
47.76
47.76
47.18
45.26
43.34
42.82
41.05
40.17
38.58
38.49
37.36
36.63
36.60
35.78
35.56
36.20
36.45
37.03
36.39
37.06
37.12
37.18
37.52
38.16
39.62
41.42
43.62
43.77
46.18
48.37
49.01
49.10
49.78
49.90
50.66
50.11
49.75
50.51
52.03
51.48
51.39
52.58
53.28
54.02
53.86
54.66
54.69
54.02
55.17
54.90
55.02
55.02
53.83
53.38
51.61
49.75
47.12
45.29
43.10
40.44
38.43
36.17
34.34
32.33
31.26
30.32
28.85
26.26
26.57
26.32
27.57
27.82
28.27
29.52
29.98
29.58
30.96
31.96
33.00
34.13
34.25
35.62
37.21
38.22
40.02
41.63
43.92
44.32
46.94
49.17
51.58
54.23
57.07
59.05
62.07
64.84
67.77
69.54
71.13
71.28
71.31
71.37
71.06
70.94
69.84
68.56
67.13
65.27
62.49
59.90
55.82
52.70
49.50
46.33
42.88
40.32
37.82
34.95
32.67
30.62
28.82
26.87
25.62
24.55
23.39
24.13
24.03
23.70
24.89
25.86
26.93
27.48
28.30
29.19
29.16
31.23
31.63
33.21
35.47
36.94
39.53
40.93
43.19
42.55
43.74
45.75
47.64
49.62
51.27
53.07
57.77
62.56
64.63
67.13
69.08
70.00
70.15
69.11
69.84
72.32
73.32
75.09
75.46
75.64
75.64
75.40
73.96
71.71
69.51
68.50
66.61
65.27
63.84
62.65
59.60
57.68
56.64
55.45
52.80
51.61
51.33
49.32
48.62
47.06
45.26
44.65
44.16
43.68
42.79
42.39
42.46
43.19
42.49
42.52
43.04
43.34
43.58
44.44
44.99
45.23
46.88
47.34
48.13
49.10
49.47
50.87
52.70
52.34
53.13
54.32
56.00
55.17
55.63
55.94
55.85
54.99
55.02
56.00
55.48
55.17
54.78
54.02
52.67
50.29
48.46
46.36
44.47
43.01
41.48
41.78
41.69
42.94
42.46
43.74
44.01
43.68
45.60
46.60
47.12
47.82
49.35
49.59
51.00
51.91
52.98
54.81
55.48
57.16
57.92
59.38
60.66
61.76
62.19
64.32
64.51
64.84
64.32
64.02
63.38
61.37
60.88
60.18
59.20
58.83
58.65
58.07
57.55
58.22
56.79
56.39
54.72
54.26
53.13
51.79
51.24
51.76
50.14
49.29
48.53
46.97
46.15
45.78
45.08
44.68
44.41
44.26
43.71
44.26
44.50
44.68
44.93
43.74
41.85
40.44
39.89
38.95
37.82
37.09
36.33
36.60
36.84
36.81
37.52
38.16
38.98
40.11
40.69
41.30
42.36
41.57
42.52
43.43
43.52
43.95
45.38
46.57
47.00
47.00
48.80
49.93
51.33
53.04
54.69
55.11
56.55
57.03
57.83
58.56
58.32
59.38
59.48
60.21
58.50
56.88
56.76
55.94
55.69
54.75
54.47
53.44
51.30
49.93
48.92
47.70
46.33
44.90
44.07
42.70
41.21
40.69
39.19
38.40
36.54
36.81
36.33
35.78
36.17
35.53
35.32
35.75
35.41
36.72
37.48
38.19
40.50
40.44
41.94
44.50
45.08
46.97
48.34
50.32
51.18
51.67
52.28
52.89
52.73
52.70
52.95
51.73
51.67
50.36
50.63
49.59
50.23
50.23
49.35
48.65
47.85
47.89
47.15
45.20
44.99
43.31
42.03
42.30
41.72
41.85
40.29
38.70
37.00
37.21
37.61
37.85
38.22
37.79
38.55
38.89
38.34
39.80
40.50
40.44
39.28
39.96
39.31
40.08
40.75
41.51
42.91
43.16
44.50
45.17
45.17
44.99
44.90
43.68
42.00
41.91
40.96
40.87
40.69
42.12
41.36
40.87
40.78
41.39
40.66
42.00
42.15
42.15
43.19
43.31
43.55
44.47
44.74
45.45
45.17
45.29
47.52
48.19
48.16
48.92
49.47
49.68
50.54
52.64
53.92
54.87
56.27
58.25
59.05
59.26
59.90
61.00
61.03
62.25
63.01
63.20
64.93
65.91
66.22
67.25
67.47
68.35
67.62
68.08
66.49
65.82
65.24
63.84
62.89
60.54
56.85
56.06
52.19
49.14
47.00
44.07
41.82
39.44
37.97
36.81
36.42
34.95
33.73
33.28
33.18
32.15
31.14
30.74
31.57
31.11
31.35
32.97
34.10
34.89
35.69
36.69
39.22
40.17
41.48
43.19
44.50
45.05
46.21
46.85
46.63
48.71
47.28
49.62
49.78
52.64
53.44
54.81
56.33
57.10
57.71
58.41
59.20
59.38
59.69
60.79
60.63
60.21
58.35
57.00
57.98
56.12
54.99
53.71
55.08
54.14
51.06
50.42
49.99
50.05
50.54
48.89
48.59
47.79
46.97
46.97
47.18
46.24
45.63
43.80
44.13
43.22
43.22
42.97
40.50
40.84
39.77
39.04
39.19
38.89
38.09
38.00
38.06
36.72
36.20
35.90
34.98
34.22
34.10
34.13
32.94
32.12
31.20
29.83
29.89
28.73
28.36
27.54
28.12
26.81
27.18
28.15
29.80
29.46
30.50
33.15
33.52
34.68
37.03
38.55
40.53
42.30
45.54
47.12
48.01
48.34
48.86
49.93
49.47
48.95
48.53
47.46
47.09
47.43
48.04
48.19
48.86
50.36
50.54
51.42
51.67
51.94
52.80
52.61
51.76
51.73
51.18
51.33
50.78
50.90
50.32
49.23
49.62
48.68
47.61
47.85
47.92
46.76
45.72
45.05
44.84
43.80
43.10
42.85
42.06
42.46
43.07
43.89
44.68
43.89
45.87
46.18
47.67
49.14
49.65
51.30
51.76
53.95
55.30
56.00
57.58
58.99
58.87
59.41
59.66
59.54
60.63
59.26
60.33
60.09
58.96
59.99
61.03
59.41
59.17
59.29
57.77
57.86
57.16
55.51
53.59
53.80
53.53
52.09
52.34
51.18
51.42
52.16
53.04
51.15
52.31
53.28
53.50
55.33
56.88
57.31
57.28
58.35
60.63
62.07
63.84
66.15
66.73
67.80
69.54
70.30
73.60
74.97
75.82
78.63
79.97
79.57
79.39
78.60
80.03
79.70
78.96
78.75
77.90
77.87
77.50
76.83
77.07
76.19
75.40
74.82
73.08
72.04
71.13
70.03
67.77
66.98
65.54
64.23
63.01
60.73
59.38
58.07
56.76
55.82
55.30
54.17
54.47
54.35
53.62
53.89
54.63
54.20
54.90
55.33
55.97
56.97
58.13
58.77
60.27
61.00
61.95
62.77
63.38
62.28
63.44
63.99
64.11
64.35
65.79
65.48
65.09
65.03
66.70
66.18
67.07
66.95
66.98
67.50
67.86
67.22
67.50
66.22
65.94
65.18
63.38
62.86
62.34
60.54
58.53
57.37
55.91
53.71
51.73
49.84
48.83
46.48
43.40
41.14
39.92
38.55
37.33
35.56
34.53
33.61
33.21
31.26
31.02
29.62
27.66
26.57
25.01
24.37
24.16
23.03
22.11
19.82
18.18
16.84
14.43
12.54
11.10
10.03
10.16
9.91
8.42
6.83
7.44
6.83
7.41
7.17
7.59
7.23
6.47
6.59
6.44
6.98
6.92
8.20
8.17
8.85
10.34
10.40
10.98
13.15
15.25
14.64
15.62
17.75
19.34
19.70
21.14
20.37
20.10
20.56
21.59
23.45
26.35
27.24
28.76
29.92
31.87
32.48
35.07
37.27
36.11
37.03
39.31
39.92
40.60
42.39
45.35
47.18
49.07
50.54
52.43
53.47
55.14
56.27
58.50
59.48
59.69
61.55
61.37
61.40
62.07
61.64
62.13
62.34
61.12
57.77
57.31
58.07
57.61
57.61
58.04
59.32
60.85
62.95
65.06
67.80
68.50
69.60
72.53
75.15
77.01
77.93
78.69
78.93
79.03
78.78
79.94
79.45
78.51
78.78
79.33
79.70
80.89
81.47
81.89
81.86
81.01
79.73
79.54
77.99
78.45
77.96
76.83
75.58
76.04
76.80
76.83
77.26
77.59
76.77
77.99
77.65
76.10
75.27
73.72
72.89
72.59
72.59
71.40
70.79
69.30
68.81
67.40
66.98
65.57
64.78
63.65
62.80
62.46
61.95
61.58
62.92
62.80
61.58
60.79
61.46
59.38
57.89
56.61
55.75
54.41
53.13
51.39
49.47
47.82
45.81
45.02
41.82
39.31
37.97
36.66
35.75
34.68
34.50
33.28
32.64
33.46
34.01
35.69
36.48
38.37
40.93
42.64
43.40
45.14
46.33
47.34
48.53
48.74
48.98
49.65
51.12
50.63
50.29
50.75
50.26
49.75
52.40
51.36
49.96
50.11
50.75
51.00
49.78
50.48
49.56
47.85
46.57
46.48
46.91
48.19
47.09
44.71
45.02
44.53
44.59
44.44
44.47
42.91
43.22
44.59
46.02
45.51
45.90
45.38
46.51
46.51
47.28
48.16
48.71
48.19
49.87
49.10
49.68
50.20
50.78
51.51
52.12
51.51
51.55
50.54
50.57
51.00
51.97
53.62
53.92
56.06
57.40
59.81
61.88
63.04
65.42
66.76
65.24
66.22
68.41
68.38
68.90
69.88
69.57
69.45
68.41
67.92
67.47
67.07
67.04
66.25
65.45
64.63
65.70
66.83
63.65
63.14
63.59
65.27
65.00
66.03
66.15
66.76
66.09
65.57
64.72
65.36
66.61
64.87
63.65
62.83
60.24
58.87
57.25
54.81
53.34
51.21
48.56
49.38
48.16
45.69
43.65
42.97
42.64
41.85
40.41
40.41
39.10
39.01
38.70
37.12
36.54
35.01
35.01
35.47
33.37
31.87
30.84
29.77
28.49
27.91
25.68
28.64
30.13
27.48
26.87
25.86
26.96
28.61
28.03
29.80
28.97
28.85
28.27
30.71
30.07
31.87
31.81
31.60
32.15
33.43
33.34
33.46
32.73
34.19
33.18
33.73
34.34
34.95
37.03
36.17
36.51
37.76
38.95
38.52
38.89
39.56
38.80
38.52
38.46
39.16
38.89
38.52
40.47
41.78
39.86
39.28
38.46
37.61
37.39
37.67
38.83
39.86
40.38
39.19
39.99
39.44
41.60
41.88
41.91
42.67
42.46
43.10
43.58
41.05
41.02
40.44
40.11
38.55
37.15
37.30
36.26
33.79
32.88
31.14
31.45
30.62
30.35
31.02
32.67
32.39
32.24
33.46
33.43
34.22
35.50
36.48
37.52
36.48
36.17
36.48
36.63
36.33
36.63
36.72
37.55
36.84
37.03
36.94
38.61
36.78
36.72
36.54
34.98
35.50
35.90
35.87
35.50
34.25
33.18
32.73
34.34
33.82
34.65
35.90
34.10
32.45
31.63
32.03
31.72
30.93
29.49
27.75
26.81
25.96
25.68
26.47
27.42
27.72
26.60
26.72
27.63
28.12
28.73
29.77
28.85
28.52
29.19
29.95
30.26
30.10
30.35
32.24
34.37
36.54
37.30
39.22
40.32
41.11
42.18
43.52
43.04
43.65
43.22
43.98
44.07
42.12
41.14
38.70
38.52
37.15
34.65
33.85
31.32
31.05
31.14
26.90
26.44
25.68
24.67
25.71
27.02
28.30
26.84
27.91
29.19
30.84
32.85
33.03
33.85
34.25
34.56
36.57
39.50
40.63
41.42
41.94
43.04
46.21
43.68
44.77
44.84
45.84
46.24
46.36
48.28
50.57
49.90
49.07
48.86
50.45
49.90
50.20
50.23
50.78
51.24
50.84
50.81
50.32
50.26
49.32
49.29
50.20
49.87
50.63
51.21
50.78
51.21
53.01
52.58
50.94
51.85
51.00
50.90
50.94
50.17
51.39
50.60
49.53
49.84
49.93
49.65
48.19
47.76
46.67
46.79
47.28
45.60
44.65
44.47
44.68
43.40
40.69
40.57
38.77
37.03
35.59
33.40
32.60
31.72
30.50
29.40
28.06
26.50
25.71
24.31
22.51
22.84
24.16
24.31
24.98
28.09
29.77
31.54
32.09
34.07
36.84
39.92
41.24
43.68
45.02
42.97
41.94
44.13
43.83
45.23
45.60
45.38
44.59
45.99
48.07
47.61
44.59
44.47
44.87
44.71
44.90
44.01
44.10
43.07
42.88
42.00
41.54
40.26
38.95
37.88
36.02
34.40
32.54
31.60
31.05
30.23
29.40
28.09
26.53
26.20
26.17
25.07
24.86
23.67
23.73
24.61
24.67
24.92
24.80
25.74
26.02
26.93
26.81
26.50
27.36
25.38
24.95
24.49
24.31
22.33
22.23
23.27
22.75
23.91
25.99
25.71
25.68
27.85
26.84
28.40
28.88
29.74
29.58
29.16
29.74
30.44
30.62
31.54
33.64
34.92
34.68
35.01
37.00
38.74
40.53
40.17
40.35
40.69
40.66
40.14
40.17
39.71
40.81
40.81
41.75
44.26
45.54
46.24
46.82
47.92
49.35
50.66
52.31
52.55
52.49
51.79
51.36
51.94
51.76
51.88
51.42
50.42
48.77
47.67
47.28
46.18
45.90
44.93
44.35
44.65
43.40
43.34
43.95
42.97
42.58
43.52
43.07
43.86
43.74
43.22
43.01
44.16
43.46
42.21
41.75
39.96
38.92
37.18
35.04
33.82
31.11
30.53
29.34
28.40
26.32
24.46
22.39
20.13
20.16
19.67
19.34
17.11
17.93
18.91
18.24
17.48
16.35
18.30
19.09
21.23
22.91
23.45
24.25
26.87
28.46
30.41
32.60
33.00
32.60
34.37
34.34
34.40
33.37
34.80
33.95
34.98
35.53
36.23
37.06
35.59
33.79
33.67
33.61
32.45
33.43
32.60
32.33
32.54
32.39
32.67
35.23
34.89
32.70
30.90
30.26
30.38
30.23
31.17
30.59
29.83
29.74
30.56
31.51
33.25
34.56
36.02
36.26
36.66
39.13
40.35
40.99
41.97
41.30
42.73
44.04
44.41
44.80
45.23
46.73
47.82
48.07
47.58
45.93
45.38
44.71
44.74
44.77
43.65
42.12
40.63
40.20
40.23
38.34
38.00
37.55
38.22
37.33
36.45
36.75
36.42
35.53
37.55
38.03
36.57
35.50
36.81
37.27
38.55
39.41
40.47
40.81
42.76
44.41
44.87
46.57
49.01
52.64
55.02
56.24
57.98
60.42
61.24
62.98
65.09
66.49
67.25
67.10
66.15
64.96
65.64
65.45
66.67
67.71
67.10
65.70
64.57
64.84
65.97
64.17
62.16
62.25
60.76
60.27
58.83
57.25
55.82
52.98
51.85
50.45
48.19
45.81
43.68
42.30
39.83
35.69
34.68
33.67
31.69
30.38
29.19
27.82
24.89
25.50
24.98
25.92
25.65
25.56
28.06
26.63
27.48
29.65
29.74
27.42
27.63
29.16
29.43
29.77
30.59
30.38
31.05
31.78
31.99
31.93
33.37
32.15
32.76
31.60
31.26
29.46
27.97
27.33
26.93
26.90
26.23
25.07
25.28
24.89
25.10
25.10
24.46
25.07
25.28
25.38
24.16
24.16
23.79
23.73
23.70
24.37
23.33
22.14
21.04
22.33
22.20
22.45
21.14
23.15
22.84
23.73
24.67
26.02
28.30
30.35
30.77
32.70
33.89
35.50
36.42
38.19
39.96
41.57
41.88
42.24
42.94
43.07
43.74
43.49
42.61
42.64
42.15
41.42
41.94
42.49
43.37
44.35
43.86
43.58
43.19
43.62
43.46
43.92
43.98
43.16
45.20
46.79
47.18
46.91
48.07
49.44
49.84
51.18
51.21
52.46
51.88
52.86
50.66
49.53
47.21
46.73
46.76
45.84
45.11
44.35
43.46
42.88
43.95
44.87
42.79
41.63
41.94
41.94
43.46
42.39
43.13
44.19
44.32
44.68
43.77
46.70
47.18
48.34
50.54
49.41
51.55
53.41
54.20
55.17
54.35
54.63
54.53
54.23
53.59
53.16
53.74
53.50
53.59
52.86
52.61
50.48
48.65
47.67
48.22
46.02
44.41
41.63
38.95
37.06
36.42
35.17
34.19
32.30
32.03
32.39
32.54
32.42
33.58
32.82
33.43
34.10
33.03
32.88
33.09
32.70
33.52
33.85
32.60
31.32
31.72
31.45
32.67
33.18
32.94
32.60
31.02
31.35
31.78
31.26
33.46
33.28
33.82
32.76
34.01
34.53
34.19
34.86
34.40
36.36
35.84
34.86
37.48
35.56
35.38
36.17
36.81
37.27
37.79
38.19
38.19
39.59
40.32
42.15
37.67
34.46
34.46
32.27
22.26
27.91
45.35
50.26
46.76
45.41
40.84
36.42
33.73
32.60
31.14
30.80
32.27
34.89
36.54
36.14
37.64
37.24
37.21
36.54
36.75
36.63
36.26
35.07
35.44
34.37
34.56
35.93
37.55
37.42
37.88
36.14
36.42
36.94
36.84
36.26
36.84
36.57
36.48
34.10
33.49
32.91
31.51
30.26
29.01
27.08
25.74
24.19
22.72
22.05
19.95
17.84
16.74
15.59
15.83
16.96
15.31
13.63
13.12
12.20
13.30
14.21
14.24
14.67
14.43
15.83
16.71
18.03
18.82
20.56
20.74
20.80
23.15
22.60
24.67
25.35
26.41
27.14
27.08
27.85
28.03
29.31
29.37
28.82
29.22
29.19
27.82
27.51
27.82
28.70
28.58
29.34
29.92
31.29
31.26
32.15
32.54
32.57
33.46
34.50
34.43
33.58
34.10
33.98
32.60
31.32
30.44
29.28
28.06
27.54
26.17
25.01
23.30
23.76
25.13
27.27
26.78
30.04
32.64
34.53
38.19
52.58
68.93
66.06
52.31
40.99
40.20
44.96
46.91
49.62
51.18
51.64
48.50
46.24
45.08
44.56
44.13
43.77
44.84
47.00
48.10
48.53
49.35
48.80
47.67
45.05
47.21
50.29
47.85
42.18
37.85
33.64
31.69
34.04
37.55
39.28
38.06
34.56
31.90
29.16
25.74
24.83
23.06
24.09
23.21
22.78
20.25
17.87
16.81
16.07
14.43
13.42
14.52
16.50
16.62
18.27
19.61
19.67
20.95
23.03
22.05
22.91
23.12
23.15
23.82
24.61
24.89
25.99
25.59
26.50
27.39
28.06
29.71
30.59
30.26
31.05
32.30
33.09
35.81
37.85
40.32
42.55
44.47
47.00
46.45
47.15
49.62
49.81
50.51
50.90
53.44
54.02
55.24
55.78
56.09
55.57
54.78
54.02
53.50
53.28
52.73
50.57
50.36
48.04
46.97
47.06
46.24
44.99
41.75
42.46
41.85
41.21
41.63
38.40
36.33
35.90
35.29
33.64
33.58
35.01
33.64
35.38
35.38
34.43
34.71
33.70
33.76
34.86
35.62
39.13
40.72
42.15
44.59
47.18
47.31
49.26
50.90
53.34
56.00
57.34
59.38
59.93
61.55
62.19
64.54
64.11
63.96
62.86
62.01
61.12
58.47
56.61
56.06
57.19
54.90
54.53
52.86
51.76
51.21
49.75
48.83
47.12
46.76
44.32
43.52
41.94
41.02
41.11
41.05
42.52
42.15
42.97
44.53
43.68
43.43
43.13
42.73
44.32
44.87
47.06
47.73
47.85
49.75
50.57
51.30
52.70
55.42
57.00
57.80
60.70
62.28
60.97
61.27
61.95
63.10
66.73
66.09
66.40
64.69
62.04
60.79
60.05
56.58
55.36
51.91
51.64
52.16
49.41
47.37
44.10
41.24
39.65
38.46
36.26
35.23
33.52
31.60
32.24
29.65
28.30
27.05
28.12
26.78
25.80
25.56
24.52
23.82
23.48
3.26
2.13
4.33
3.72
1.89
2.01
-1.62
-5.34
-4.88
-2.50
1.10
1.92
2.93
5.83
4.64
6.59
7.69
8.14
8.63
7.17
7.50
8.75
9.15
10.13
11.47
12.20
14.91
16.44
18.09
20.22
23.15
26.57
29.40
31.20
35.59
36.94
37.15
40.05
41.66
41.82
44.13
45.72
46.91
47.18
45.81
47.52
46.33
48.28
48.62
48.86
49.87
50.54
47.85
45.87
45.72
47.00
47.00
48.01
46.91
44.44
42.15
41.30
41.51
40.44
39.41
38.00
36.66
34.10
34.16
32.36
29.40
25.59
23.55
19.73
16.29
12.54
9.94
8.69
7.47
6.77
5.83
4.88
5.55
3.84
3.75
4.97
3.66
5.06
4.45
6.37
6.50
6.65
7.17
6.77
7.81
9.61
9.64
11.13
12.20
13.05
16.29
16.38
17.72
18.60
20.47
20.10
22.36
24.09
25.28
26.44
29.01
31.02
32.09
32.33
32.88
33.67
34.98
34.56
35.11
35.07
33.28
34.95
34.83
35.17
35.38
35.81
37.00
36.72
35.81
36.75
35.56
34.13
34.46
31.23
29.58
29.55
28.55
29.28
27.54
27.60
27.39
25.56
25.83
25.35
24.52
22.20
22.02
22.23
22.97
22.94
21.69
23.94
23.82
24.61
26.35
26.63
26.57
25.77
27.21
27.24
27.24
29.16
30.44
28.58
29.25
30.53
30.65
29.80
29.86
30.96
32.24
33.43
34.71
33.85
34.86
37.36
39.68
39.16
40.14
41.69
40.78
39.19
40.81
42.18
40.47
42.18
43.80
43.07
41.08
41.51
42.06
42.88
42.58
43.49
44.10
43.07
44.26
43.74
47.46
48.40
49.32
48.86
49.56
50.75
51.91
53.04
52.83
53.34
54.44
59.72
66.49
73.69
67.34
61.82
54.41
48.19
43.22
48.28
52.73
54.87
58.32
61.73
64.96
60.97
52.58
48.65
44.65
46.94
51.06
52.03
54.81
48.04
47.37
48.28
42.33
44.13
39.07
36.57
34.40
36.33
38.70
38.34
37.18
38.25
40.17
36.97
40.14
37.24
36.78
34.01
31.99
33.55
34.83
33.37
36.75
38.46
40.81
42.21
41.82
43.52
44.07
43.01
44.23
44.41
45.81
45.57
45.90
45.48
43.95
44.50
43.25
42.64
44.13
42.58
43.49
42.88
41.24
41.94
41.24
41.08
41.60
41.24
43.34
41.60
40.75
41.69
42.33
44.50
45.14
44.99
47.55
47.70
47.76
48.83
49.90
49.23
47.89
51.18
52.12
52.55
57.64
58.99
57.68
59.72
57.16
56.58
51.48
46.79
43.01
44.07
42.88
46.54
51.91
54.87
59.32
59.44
58.47
60.21
63.29
61.73
60.21
57.52
58.83
57.68
53.38
54.14
52.92
55.48
53.50
55.05
58.44
62.83
56.55
57.86
57.25
57.89
57.80
49.81
55.85
50.78
51.73
46.02
45.23
49.41
42.55
37.88
42.76
41.51
30.77
34.59
35.11
32.09
30.41
33.28
33.58
25.86
28.76
27.36
21.20
27.85
22.97
20.77
28.06
29.43
28.76
28.24
24.74
24.37
21.44
16.10
12.66
9.46
6.01
3.90
4.24
4.06
5.25
11.50
12.47
17.66
21.81
24.64
20.10
18.67
18.18
18.79
17.17
17.35
20.95
22.69
25.80
24.55
27.94
26.53
30.74
33.46
31.96
34.86
31.84
29.83
32.82
33.92
36.81
38.92
40.60
41.05
42.73
41.14
40.32
40.32
40.17
37.82
34.46
33.64
31.90
31.20
32.94
35.20
33.61
32.60
34.22
38.09
38.95
40.14
39.62
42.18
43.10
43.40
44.50
44.74
49.10
51.58
54.44
58.29
59.08
60.42
59.54
60.09
59.78
57.64
57.80
55.60
53.77
52.83
51.91
53.38
51.79
53.89
54.93
54.32
56.33
55.88
56.55
56.24
57.55
57.52
58.93
60.36
59.75
58.90
58.25
59.02
60.66
62.04
64.11
69.30
72.35
72.86
76.92
77.44
77.65
80.15
81.04
79.18
77.84
75.70
75.82
75.73
76.28
76.37
75.55
74.72
74.33
72.04
72.59
69.63
67.74
65.03
62.71
61.43
58.90
57.31
58.10
54.99
53.31
54.60
52.43
49.87
48.77
45.54
44.56
42.82
40.84
39.22
37.55
38.37
33.95
32.76
32.09
31.81
32.64
33.46
31.84
34.74
35.87
36.30
36.45
37.33
36.91
39.62
42.03
40.53
44.32
45.93
46.76
49.10
48.50
50.11
50.39
51.51
52.89
55.21
57.03
58.32
60.27
60.15
60.12
63.23
63.75
61.61
62.80
64.96
65.21
66.83
65.57
65.24
66.98
66.55
62.77
63.75
63.23
61.00
57.95
57.61
56.49
55.02
53.44
53.13
54.08
53.34
52.22
52.77
53.31
53.86
55.88
54.72
55.97
55.24
57.25
57.64
57.55
56.03
57.00
55.21
54.44
51.91
51.97
53.80
51.88
53.04
52.64
52.49
54.14
56.09
57.10
57.43
59.29
62.01
62.01
62.37
63.20
64.17
65.73
65.91
67.04
68.26
69.54
69.69
68.59
66.98
67.56
66.09
63.68
63.84
62.49
60.91
60.39
59.48
55.60
55.69
54.60
54.20
51.42
51.12
51.61
51.45
52.09
49.68
49.41
49.99
48.19
47.21
46.91
46.18
48.01
46.06
46.48
45.26
46.60
46.06
45.63
42.67
42.67
40.53
36.45
33.82
33.55
34.53
31.48
30.16
29.16
30.13
28.24
28.52
26.57
27.42
26.93
27.36
26.96
28.91
30.41
33.28
37.24
39.19
43.19
47.40
48.74
47.76
49.41
51.85
50.05
50.63
51.42
50.26
50.78
51.36
53.04
56.73
56.64
58.32
58.22
58.25
60.66
56.67
55.75
55.30
53.31
54.47
52.55
50.63
47.09
46.42
45.81
44.32
42.91
40.96
39.96
37.52
36.26
35.87
37.52
39.50
38.49
36.72
38.37
38.55
37.33
38.09
37.45
37.79
39.53
42.82
45.32
46.70
50.45
54.53
58.07
59.17
60.60
62.07
64.72
63.14
64.69
66.73
68.20
71.67
73.54
75.27
75.67
77.01
79.73
82.35
85.86
86.56
85.31
87.57
87.50
88.79
91.23
89.64
91.38
90.25
90.37
90.55
90.89
90.01
88.21
87.02
86.96
84.12
81.53
80.37
78.81
77.10
73.75
70.39
71.80
71.55
67.50
65.48
62.92
61.55
60.12
56.85
54.72
53.04
48.34
47.52
45.45
42.58
40.75
40.26
39.53
36.97
38.64
38.25
41.60
41.17
38.77
34.98
34.95
36.57
37.09
38.95
38.37
40.75
41.45
40.35
42.43
41.27
42.85
42.30
44.19
45.17
46.39
49.04
52.61
52.70
54.32
56.91
56.03
57.68
56.36
54.84
54.23
50.66
49.35
50.02
47.43
47.82
48.65
47.37
47.12
46.76
44.35
41.57
44.47
41.17
38.83
37.18
33.06
31.81
30.01
28.03
26.57
26.26
23.97
22.94
22.94
21.78
20.59
19.95
19.46
19.40
18.85
18.42
20.10
19.92
24.77
23.21
24.13
23.76
24.64
25.65
26.69
26.57
27.11
28.61
27.33
29.58
27.85
30.10
31.02
30.53
31.14
31.72
29.71
31.75
33.95
33.55
32.48
32.76
33.76
34.86
34.04
33.15
35.50
35.38
35.93
37.06
37.15
39.83
39.99
37.97
39.25
39.80
40.23
40.60
41.69
44.44
46.57
48.62
52.61
55.57
56.36
59.75
64.26
70.15
71.16
74.42
79.42
81.98
81.65
83.69
82.59
83.94
83.87
83.63
80.89
81.95
81.10
79.60
78.26
76.83
77.84
78.08
78.54
81.77
81.22
83.05
85.16
89.67
91.23
91.68
87.17
84.36
81.25
79.09
77.59
76.16
73.66
72.93
72.16
71.43
70.79
67.19
67.07
67.34
63.93
63.99
66.37
68.01
66.34
62.28
60.45
57.80
55.72
54.93
54.14
53.53
53.19
52.43
51.06
52.06
53.77
56.15
57.92
63.78
64.69
68.32
74.15
75.91
78.81
78.63
79.79
81.16
81.10
80.67
76.34
77.01
71.46
69.14
68.66
68.01
70.33
65.54
65.88
65.42
66.76
66.25
67.95
66.00
67.13
65.73
65.09
64.08
66.12
63.96
65.45
65.27
65.67
66.79
66.79
67.31
66.64
69.08
70.73
75.49
76.71
77.38
76.34
78.17
84.24
80.95
83.33
85.74
85.31
82.65
84.94
83.11
85.00
86.74
87.72
88.97
89.73
89.94
89.94
89.85
88.97
90.98
91.01
90.43
89.67
90.52
89.55
88.54
86.35
85.64
84.21
84.73
84.61
84.03
83.17
81.16
81.59
82.44
79.18
80.37
81.43
81.74
83.02
84.91
84.24
85.46
87.29
88.45
88.36
89.15
87.23
87.23
90.04
88.11
90.83
91.32
91.87
96.11
95.22
96.17
99.55
99.77
100.71
102.82
105.71
107.30
110.44
113.49
116.14
117.21
116.54
118.86
119.44
118.83
121.15
124.44
125.20
126.54
128.62
130.97
129.87
128.62
127.73
125.20
123.56
119.74
117.24
113.67
112.12
112.64
107.94
108.21
105.53
101.32
102.14
96.99
95.34
93.33
93.63
89.73
91.16
89.67
89.03
87.44
90.98
89.94
91.84
92.90
92.51
92.87
93.48
92.75
90.43
89.30
88.57
85.61
85.92
83.02
81.98
81.59
79.18
83.45
80.64
84.03
84.30
83.33
84.48
83.26
82.65
81.19
78.84
80.15
78.78
78.69
80.61
78.23
75.46
76.89
73.44
74.79
73.23
73.11
74.66
77.20
79.09
76.16
75.98
73.08
73.72
71.34
72.35
69.94
69.78
69.51
71.61
72.38
74.02
71.52
70.67
70.21
69.05
68.11
64.14
59.72
58.65
57.89
56.09
55.57
54.05
52.89
52.80
52.73
52.86
54.05
52.28
54.02
53.01
53.59
51.45
52.52
52.46
52.34
54.50
53.10
54.60
51.76
52.03
55.36
54.75
55.30
56.33
58.38
58.07
60.85
62.40
61.52
62.37
63.17
62.71
62.56
61.55
64.20
63.75
66.64
63.53
62.53
63.65
64.57
67.62
66.52
66.73
68.38
67.65
67.47
66.28
66.83
67.50
65.79
64.93
63.20
61.82
61.55
61.24
60.18
59.29
60.02
60.76
58.59
57.61
56.21
56.00
56.94
57.64
55.21
56.94
55.30
56.30
55.82
55.72
53.53
52.55
51.06
48.31
48.43
45.60
46.70
45.05
44.26
45.17
47.95
50.02
52.22
53.83
54.60
56.06
55.51
55.30
56.85
55.51
55.57
56.12
55.60
55.60
57.03
56.21
57.28
57.46
59.63
61.18
63.32
64.66
65.24
66.61
65.15
65.54
64.90
65.85
66.76
66.22
65.27
68.69
67.56
69.51
71.16
71.67
71.31
70.42
70.42
69.33
66.28
66.31
66.00
63.71
63.10
64.32
65.73
66.34
69.57
70.27
71.25
70.58
72.41
73.57
75.91
79.24
79.85
82.56
83.91
84.61
85.00
86.96
88.48
91.04
92.78
94.00
95.77
94.70
95.98
96.93
99.12
102.39
103.97
103.52
107.39
107.42
111.87
113.89
115.56
114.31
115.02
113.98
112.21
111.29
108.00
107.85
106.78
105.41
104.07
101.84
97.26
96.23
94.52
93.76
90.07
88.85
87.41
85.64
85.86
84.48
81.10
80.12
79.91
78.51
74.76
74.76
74.33
73.29
74.51
72.38
72.44
72.13
69.54
67.59
67.28
68.96
66.58
66.28
66.46
67.47
66.98
70.24
69.11
69.45
70.73
72.10
72.01
74.63
75.61
75.21
77.77
79.67
79.00
79.06
79.60
79.42
81.04
80.67
80.00
77.65
77.90
76.62
76.07
76.28
76.04
76.22
76.07
77.74
77.68
78.08
76.80
74.02
74.02
73.84
72.65
72.04
73.41
72.28
72.10
71.00
73.32
70.52
70.06
72.25
73.26
73.41
71.74
72.74
71.71
71.43
71.46
73.08
72.25
72.56
71.46
73.44
75.55
80.12
81.92
83.97
84.24
79.18
75.64
72.83
72.80
70.91
72.44
72.53
73.63
74.91
75.03
76.62
79.42
78.17
76.95
79.27
79.30
79.09
79.00
80.15
81.43
81.74
84.36
85.13
86.80
87.93
88.33
89.70
90.22
89.85
88.72
88.85
88.33
88.54
89.46
90.77
91.99
93.45
91.99
93.09
93.85
96.81
98.30
100.56
102.94
106.08
107.54
109.98
112.82
113.64
114.04
115.75
117.39
116.69
117.36
117.79
118.55
120.14
120.02
122.37
121.15
118.43
117.88
117.39
114.50
111.66
108.40
106.57
103.79
101.99
101.14
100.92
99.40
98.15
100.41
100.89
99.28
101.66
100.53
100.56
101.96
100.56
101.96
101.23
101.14
99.98
98.33
98.18
97.11
97.05
97.29
97.08
98.85
99.37
99.09
98.85
97.90
99.73
98.91
98.82
98.36
100.01
98.85
98.27
95.89
95.10
92.17
91.01
89.12
88.36
89.36
90.25
89.61
89.12
88.27
88.79
87.38
86.07
85.95
84.30
80.61
81.56
80.67
77.71
77.59
79.27
78.90
79.64
79.79
79.48
81.80
83.66
83.91
83.11
83.87
83.66
84.09
83.11
84.55
82.65
84.70
85.52
86.38
87.38
88.72
89.85
91.32
89.97
88.54
88.08
88.08
87.78
88.79
88.94
88.66
89.67
89.40
88.36
87.11
84.00
83.54
83.54
82.72
80.98
80.34
79.18
79.06
79.09
77.23
77.41
77.65
77.71
77.87
77.99
78.69
79.21
79.42
81.13
82.90
83.30
82.26
83.17
81.47
78.32
77.26
75.30
73.60
70.18
67.50
66.49
64.11
63.01
63.96
62.31
61.21
60.88
60.33
58.56
57.19
55.02
51.24
48.92
46.57
44.59
44.44
44.80
45.05
45.45
47.43
49.96
52.52
50.66
51.85
50.08
52.77
54.08
56.18
58.16
59.75
62.28
66.12
68.08
70.30
72.35
73.66
73.54
75.52
77.29
78.78
83.05
85.40
86.47
89.24
90.37
90.92
91.87
92.08
93.18
92.93
94.25
95.53
96.32
95.89
96.26
97.17
96.35
95.74
95.10
94.00
93.76
93.94
92.99
93.51
94.03
95.19
93.63
92.35
91.29
91.35
90.74
91.04
90.04
90.68
91.68
93.15
93.51
95.13
95.65
97.48
100.92
101.26
106.72
109.74
114.01
117.52
119.80
122.85
127.43
128.59
130.48
134.11
135.54
134.35
134.29
133.71
132.34
132.06
131.39
131.27
130.17
130.30
129.08
125.66
124.53
122.27
117.42
113.03
107.76
105.38
101.38
98.61
97.69
95.89
96.11
95.40
95.43
94.61
93.88
94.00
91.77
90.68
89.30
88.27
87.66
86.53
83.81
81.01
81.37
79.79
79.03
77.84
77.53
79.42
79.67
80.82
83.30
84.33
85.86
88.14
87.53
87.26
84.85
84.64
82.35
83.11
80.09
77.47
75.33
71.67
70.39
67.31
64.14
62.86
59.11
56.36
54.56
50.45
47.52
44.99
40.96
37.12
35.26
35.53
34.95
36.26
34.34
36.20
35.17
34.34
34.89
36.48
35.87
34.68
35.93
35.87
36.81
36.78
38.28
41.02
43.92
47.98
48.25
50.45
52.55
54.26
56.21
58.01
58.38
60.27
61.88
64.20
64.78
67.53
70.52
73.44
75.76
77.77
77.44
77.84
77.59
78.08
76.55
75.52
74.30
73.81
75.30
74.45
77.23
78.54
79.42
79.03
78.29
75.55
75.55
74.48
72.13
72.62
72.25
73.50
72.56
74.79
74.57
73.66
73.60
72.22
71.80
70.06
68.35
67.89
66.15
64.42
64.81
62.92
61.92
62.19
62.37
61.31
59.90
60.45
59.63
59.41
58.25
59.38
61.40
63.78
60.24
61.00
60.88
60.24
59.63
62.01
66.64
71.40
78.84
88.08
112.33
136.46
143.99
139.69
130.36
115.47
101.23
100.80
104.07
111.93
124.78
140.48
144.91
139.32
126.45
115.17
105.77
100.83
100.80
109.22
122.06
128.44
127.92
125.11
119.59
110.32
100.22
91.80
89.55
89.18
90.25
91.74
96.20
96.90
89.88
81.95
74.11
64.02
58.19
56.70
55.05
53.41
55.94
57.31
58.99
60.70
61.00
60.45
56.24
52.77
52.77
52.16
52.22
52.49
53.28
52.55
52.67
52.70
51.51
50.48
48.77
48.92
50.42
52.73
55.85
59.17
64.54
68.29
69.63
66.40
64.26
60.09
56.82
54.14
52.70
49.32
48.50
48.22
46.67
44.84
46.30
45.08
45.96
47.06
47.06
49.68
51.55
56.27
60.51
63.96
66.76
69.17
68.05
70.09
69.51
70.21
69.05
69.17
70.61
68.78
69.02
69.20
66.64
68.47
66.95
66.52
66.46
66.95
67.16
68.44
68.47
69.51
70.88
70.64
70.55
71.58
71.55
68.69
64.17
61.79
60.51
59.17
55.88
53.80
51.36
51.51
51.33
50.32
49.17
47.64
47.52
46.45
46.57
44.38
43.04
41.36
37.15
36.39
34.56
33.03
33.73
33.21
35.44
37.00
38.67
40.99
42.94
45.32
49.44
50.42
53.89
55.45
57.71
60.15
61.03
60.73
62.40
60.21
61.09
61.27
60.24
61.58
61.55
61.00
58.71
57.40
55.11
54.35
54.08
54.93
55.21
57.07
57.46
55.82
54.35
51.55
49.23
47.00
45.99
44.19
44.32
44.84
44.41
42.49
42.58
43.01
43.89
45.11
44.50
47.52
50.29
50.78
53.07
56.46
57.89
59.11
60.63
63.29
65.70
65.51
66.55
66.37
67.25
69.14
71.13
73.14
73.93
73.75
74.91
74.97
75.15
75.98
77.74
79.91
81.43
81.19
82.50
83.08
81.47
80.31
78.81
77.07
75.88
73.69
70.94
70.52
67.25
65.94
65.82
63.14
61.00
59.54
57.64
55.17
51.85
48.77
45.11
41.36
40.11
36.08
32.36
30.13
27.42
26.53
27.05
26.11
26.08
25.89
28.00
29.43
31.84
35.07
39.86
41.75
44.10
48.01
52.31
57.61
60.88
64.66
68.26
73.14
80.67
84.70
89.67
94.79
98.70
102.72
104.00
108.67
110.93
114.41
114.77
116.08
119.32
119.56
118.68
119.16
120.69
120.20
123.10
124.26
126.15
130.02
131.73
135.72
135.36
135.94
133.19
131.76
127.25
121.45
116.14
113.28
111.54
108.95
104.80
100.38
95.92
90.86
82.87
79.94
76.65
73.87
71.43
71.22
71.64
74.05
77.59
77.74
78.72
81.10
83.51
85.03
84.42
86.74
87.11
86.86
88.05
89.73
89.46
88.54
91.35
90.01
90.83
90.40
91.16
90.16
91.90
91.04
92.75
93.82
91.93
95.89
97.84
98.18
99.16
101.53
102.24
104.95
104.10
103.94
104.46
104.19
104.61
104.25
102.48
100.22
99.40
98.15
95.98
96.38
94.85
94.61
93.82
92.05
89.79
89.79
88.18
88.69
88.08
89.09
88.45
86.89
87.05
83.23
83.75
84.12
85.77
85.19
85.55
86.68
84.33
85.70
81.59
82.53
81.43
79.42
80.34
78.84
81.37
80.95
84.61
86.35
88.30
89.73
92.05
94.49
97.84
97.72
102.30
103.43
106.05
105.99
108.43
109.68
111.81
111.84
110.96
111.63
108.34
107.02
106.20
104.00
104.37
102.30
101.50
101.11
100.86
98.03
97.66
96.20
96.65
94.43
93.60
91.87
90.37
87.81
86.41
84.48
83.20
81.07
80.28
79.64
76.68
74.63
72.99
70.85
67.68
63.84
63.41
59.08
56.70
53.83
49.81
46.88
45.81
42.70
42.27
40.99
41.60
41.39
43.37
45.11
47.37
46.79
52.37
55.85
59.35
63.50
68.99
73.84
78.69
82.62
85.03
89.52
91.41
94.70
95.95
98.45
99.55
100.38
102.82
105.99
107.33
110.23
111.14
112.18
112.97
115.59
114.13
113.80
112.91
111.78
109.46
108.61
106.93
104.98
102.60
102.27
101.84
100.01
99.98
97.81
99.95
101.87
106.05
107.39
109.65
111.32
112.94
115.14
115.96
116.36
117.70
115.69
111.81
113.31
112.88
110.01
107.27
105.19
101.78
97.26
94.00
89.58
84.36
78.96
70.33
65.18
59.41
56.06
53.83
48.50
47.34
47.73
46.15
47.82
48.68
50.36
53.95
55.54
57.07
58.87
59.57
60.12
60.82
60.27
61.24
62.25
63.99
66.70
64.78
67.25
67.40
69.45
69.97
69.88
70.70
72.22
73.96
73.05
72.10
72.04
74.51
74.48
74.85
75.91
76.46
77.99
76.92
78.14
77.71
76.68
78.23
78.87
80.86
82.87
81.95
81.89
83.11
85.74
88.05
89.36
91.68
92.60
94.73
97.57
97.54
100.83
102.91
102.60
105.53
106.57
103.64
103.09
102.08
99.98
96.07
92.63
91.16
89.43
83.08
81.68
78.51
75.09
70.24
67.40
67.10
64.42
61.76
60.05
59.35
58.87
57.40
57.52
57.74
57.16
57.28
56.42
56.91
58.16
58.04
58.87
58.96
61.43
68.99
71.16
84.15
83.57
54.69
66.40
64.02
60.70
60.21
58.96
55.54
52.70
49.41
45.23
43.22
40.87
37.00
34.92
32.70
30.59
30.62
28.67
28.21
27.24
26.14
23.82
24.28
23.61
20.74
18.91
19.64
17.08
16.44
12.63
12.11
9.76
11.07
9.00
9.30
8.72
8.66
9.94
10.19
10.95
11.41
10.43
10.46
8.42
7.90
5.95
7.35
8.36
7.66
9.15
10.77
11.44
11.93
11.99
15.04
14.88
18.54
19.67
23.45
24.98
26.66
28.55
31.14
34.86
36.81
40.53
45.66
48.43
51.45
54.14
58.29
61.70
64.45
67.77
72.44
73.78
80.15
84.61
90.71
96.11
99.73
104.00
106.81
110.90
112.61
114.68
115.84
116.48
117.00
120.05
122.73
125.17
126.15
127.55
128.19
128.77
129.62
128.98
130.72
130.81
132.37
133.10
129.99
126.21
125.11
120.84
117.82
111.51
104.68
108.27
105.83
109.31
107.18
105.50
104.31
103.15
100.71
99.40
98.30
96.75
94.31
92.29
95.07
98.51
102.33
102.14
104.68
110.20
111.23
117.15
118.00
121.51
122.52
125.39
126.30
129.14
134.96
138.20
136.46
130.91
132.31
134.44
142.77
142.07
140.24
139.69
142.92
145.97
146.58
141.58
136.09
137.16
137.13
134.47
128.31
130.69
124.13
122.24
126.36
129.66
139.84
148.11
143.44
138.41
129.44
118.68
110.56
106.11
99.55
89.61
79.82
62.92
50.08
46.30
40.75
36.54
33.37
27.54
26.41
23.58
23.24
22.66
27.42
28.52
31.57
33.31
35.56
39.62
42.55
40.08
36.42
31.32
29.89
25.53
22.11
18.42
16.50
12.14
7.81
1.77
-1.49
-1.71
-2.75
-5.89
-8.36
-9.39
-6.31
-3.08
-1.56
0.98
5.09
7.81
9.58
11.99
12.47
15.40
14.88
17.05
16.23
15.65
13.94
14.70
13.69
11.74
10.16
11.38
10.10
8.05
5.25
2.96
-0.82
-4.48
-6.07
-11.07
-14.15
-10.86
-3.08
3.29
-3.11
-9.58
-3.45
0.49
-8.69
-11.86
-9.24
-5.37
-8.78
-10.13
-10.58
-8.02
-8.97
-16.10
-16.90
-16.35
-11.32
-7.01
-6.77
-8.72
-4.79
-3.72
-6.16
-5.43
-6.07
-4.85
-1.80
5.89
10.03
11.71
17.63
19.43
22.14
19.98
21.26
23.18
23.97
26.26
30.32
31.05
31.84
33.58
35.69
35.44
37.45
38.00
37.36
40.60
39.56
40.50
43.16
45.26
48.13
50.57
54.23
55.42
56.88
59.20
60.36
61.37
64.29
66.73
68.44
69.23
70.97
70.70
70.82
76.25
78.60
81.22
82.17
80.18
77.29
75.98
74.82
73.14
74.48
74.72
75.09
75.18
76.16
76.98
75.73
75.03
72.77
71.61
71.74
70.06
70.64
73.38
73.23
73.44
74.36
77.41
76.55
78.84
79.70
79.70
82.29
81.56
81.92
82.90
81.01
81.43
80.92
80.28
79.70
77.10
74.08
72.83
68.81
67.56
63.81
62.22
60.24
57.74
55.82
55.51
58.25
59.11
61.46
60.36
62.40
62.59
63.99
65.36
67.44
68.29
66.61
70.03
70.30
76.37
73.54
75.27
75.82
79.09
85.37
83.72
86.10
82.72
84.91
86.89
87.11
84.64
88.08
87.69
87.72
90.95
90.04
90.77
91.80
91.07
89.88
90.74
86.96
83.51
82.14
82.81
79.06
77.32
74.60
73.72
71.00
69.69
68.44
67.71
66.09
67.16
65.76
65.24
65.94
64.51
65.88
65.15
65.67
64.93
64.54
60.82
61.43
60.66
57.77
57.71
56.42
56.21
55.33
54.66
53.83
52.31
49.78
50.02
47.58
47.37
46.60
45.02
43.40
41.45
40.38
38.37
36.48
35.87
37.18
34.53
34.74
35.84
36.75
36.51
34.04
34.31
34.25
34.31
36.33
36.17
36.87
36.75
36.94
38.55
41.30
39.80
42.21
43.34
45.48
46.60
46.57
48.62
48.04
48.68
50.23
50.75
49.20
48.95
47.64
48.74
46.36
48.37
46.06
45.20
45.78
43.77
44.68
47.12
46.51
49.53
53.13
54.50
57.00
55.94
57.49
59.96
60.63
60.09
60.54
60.24
58.35
58.22
56.30
54.38
54.56
50.97
48.37
44.47
43.49
42.55
39.65
38.80
38.22
35.90
32.76
34.46
32.70
32.82
31.38
30.62
30.90
31.17
30.38
32.85
32.39
33.12
33.37
33.00
33.73
30.44
28.03
26.05
24.80
26.38
29.16
32.18
37.21
39.28
43.98
46.94
49.29
50.20
50.42
49.47
48.22
41.21
37.76
35.90
35.84
35.44
37.91
41.17
46.02
53.59
59.41
66.09
69.94
77.71
84.94
92.72
96.23
104.37
112.94
120.38
126.85
131.94
139.84
145.27
150.40
149.94
155.89
157.75
160.95
161.10
161.47
161.99
160.40
159.36
156.74
155.34
150.91
144.11
140.24
136.24
129.75
122.85
115.20
111.23
104.68
99.00
94.43
89.12
83.54
78.81
76.68
73.38
71.74
71.28
70.39
73.63
80.00
72.07
71.98
75.21
81.74
80.28
78.54
77.50
77.96
78.60
79.82
81.50
91.01
101.17
97.78
95.19
91.41
88.79
88.51
88.48
93.45
93.02
97.08
103.55
106.23
109.53
110.71
106.90
103.15
103.39
100.44
97.39
94.43
91.84
89.27
85.00
85.61
83.66
86.50
85.64
88.45
89.00
88.63
87.53
85.43
84.33
83.87
82.69
82.17
78.78
77.44
72.83
71.58
70.36
66.18
65.57
63.26
59.38
58.07
57.49
56.85
57.49
55.08
52.58
51.15
47.28
45.81
42.24
40.11
36.75
34.86
29.34
25.65
23.00
17.57
14.88
10.49
9.58
7.99
5.70
4.91
0.70
-1.31
-3.26
-7.05
-10.61
-12.93
-17.63
-18.82
-22.33
-26.26
-28.97
-30.01
-31.48
-32.51
-31.48
-31.72
-30.29
-27.14
-24.43
-21.23
-19.18
-15.56
-11.38
-8.08
-3.96
-0.70
1.40
5.98
8.48
10.98
13.30
15.98
18.30
19.86
22.87
25.22
26.81
28.76
29.68
31.96
31.38
32.54
35.17
35.04
39.96
41.82
42.97
45.72
50.97
52.06
55.85
59.41
63.87
67.62
73.02
77.87
84.33
90.10
95.25
99.00
104.28
106.69
108.43
109.40
112.18
112.64
113.34
115.20
113.89
114.25
113.52
112.15
111.17
110.99
110.84
110.87
110.59
108.79
107.57
106.99
107.42
106.63
105.32
105.01
104.65
102.78
100.80
100.38
99.64
98.00
97.94
101.29
101.93
99.92
91.74
88.60
83.30
83.23
83.14
83.23
82.99
83.94
86.41
90.19
97.23
97.11
93.51
92.48
90.58
93.21
93.24
98.06
99.86
103.06
103.82
103.97
105.04
101.63
102.66
102.05
102.97
102.33
101.41
101.93
100.86
102.75
104.98
104.55
106.48
104.80
105.07
105.13
104.65
103.03
102.45
105.10
105.44
104.89
105.26
105.38
104.65
104.40
104.13
104.74
104.68
104.86
106.99
103.33
104.04
102.17
101.60
101.47
100.86
100.07
96.99
94.31
92.20
92.81
90.77
89.58
88.66
87.23
85.55
84.85
83.78
84.67
88.08
89.55
92.69
96.35
97.72
99.34
100.80
101.93
101.41
101.02
101.26
100.38
102.57
103.33
103.73
101.90
101.11
99.28
97.51
94.89
93.24
92.72
90.55
90.65
90.83
89.85
87.81
86.35
84.45
83.17
81.28
77.87
76.13
73.96
69.84
65.88
62.01
58.50
54.75
50.51
45.96
43.13
39.65
37.94
35.35
31.93
30.19
27.66
26.72
24.89
24.58
23.85
23.42
22.87
23.30
24.40
25.38
27.21
31.11
33.40
38.13
43.95
50.90
53.95
60.48
64.84
69.88
73.44
79.45
83.36
87.17
92.81
96.20
99.70
102.94
106.54
110.26
114.50
117.73
122.95
124.04
125.23
127.12
129.90
129.96
131.91
131.30
130.81
129.41
129.72
128.31
125.93
122.73
120.23
116.51
111.97
110.17
106.66
103.67
100.34
96.35
94.76
90.19
86.41
83.08
78.63
75.30
71.40
66.95
62.83
58.38
56.42
51.94
48.56
46.09
43.40
41.91
37.91
35.93
33.09
32.48
30.90
26.81
25.31
22.97
20.83
19.43
17.26
16.41
14.85
16.56
16.74
16.81
18.24
18.67
19.76
18.82
19.06
19.49
19.15
18.70
21.87
24.22
24.80
25.89
27.42
27.82
26.90
27.27
28.82
32.39
33.98
37.45
37.15
33.61
31.72
32.33
33.49
33.61
35.07
35.38
35.32
37.24
37.33
39.77
42.55
45.20
48.77
51.06
52.58
56.15
61.61
68.84
76.22
77.23
75.76
75.67
76.28
78.72
78.63
80.28
80.40
79.73
78.29
78.93
79.42
80.43
81.01
82.11
84.18
87.14
84.70
81.89
78.23
76.25
76.13
72.93
73.44
72.28
69.75
68.56
67.56
67.77
69.60
72.44
74.72
71.89
66.89
64.32
61.79
59.44
56.00
52.73
49.62
45.57
45.51
46.76
47.12
46.02
43.86
41.66
42.55
43.65
44.04
45.32
45.26
43.55
43.62
43.07
42.06
44.07
45.29
44.32
47.15
48.22
49.96
51.67
52.83
55.72
57.86
59.51
62.53
63.96
67.04
68.01
71.25
70.85
70.61
69.54
68.66
67.98
67.98
66.12
66.03
65.12
64.78
64.29
62.34
61.70
61.67
60.09
58.96
60.94
60.63
60.12
57.10
55.30
53.34
53.71
51.79
50.87
49.44
46.12
44.35
41.48
40.84
38.83
38.83
37.55
36.69
35.81
37.58
36.57
36.91
35.96
36.42
37.67
38.19
39.89
39.96
41.85
41.97
45.23
45.54
46.73
48.13
51.76
52.58
53.38
55.82
57.40
57.28
59.78
60.63
61.31
60.97
59.78
59.96
61.64
61.24
60.24
61.37
62.68
62.95
65.00
65.97
64.60
66.49
66.25
66.22
67.56
69.36
71.00
71.31
74.72
74.88
75.64
77.20
78.75
79.48
80.70
81.56
81.43
82.56
83.84
85.83
86.59
89.24
90.71
92.05
93.15
95.13
96.14
96.93
98.33
97.51
98.85
97.05
96.90
95.68
94.06
92.51
91.29
91.07
89.18
88.72
88.63
89.03
89.67
90.89
87.57
84.67
80.89
77.50
76.65
73.57
70.21
67.28
65.88
65.18
64.63
63.53
63.17
63.07
62.28
61.34
62.98
62.59
62.31
62.46
62.86
62.83
6