Time (s),Altitude (m),Velocity (m/s),Angular Velocity (rad/s),Fin Tab Angle (deg),Angular Position (deg)
0.000000000000000000e+00,1.000000000000000021e-02,0.000000000000000000e+00,6.631335011327559742e-05,0.000000000000000000e+00,0.000000000000000000e+00
2.500000000000000052e-03,9.988587501970791482e-03,1.528366412264807808e-02,6.631335011327559742e-05,0.000000000000000000e+00,0.000000000000000000e+00
5.000000000000000104e-03,1.006053269888147056e-02,1.100986088356290249e-01,6.631335011327559742e-05,0.000000000000000000e+00,0.000000000000000000e+00
7.499999999999999722e-03,1.041466880394573656e-02,2.844536514110324044e-01,6.631335011327559742e-05,0.000000000000000000e+00,0.000000000000000000e+00
1.000000000000000021e-02,1.125469182904764200e-02,5.196292777324672540e-01,6.631335011327559742e-05,0.000000000000000000e+00,0.000000000000000000e+00
1.250000000000000069e-02,1.269441808069821966e-02,7.766076755851745173e-01,6.631335011327559742e-05,0.000000000000000000e+00,0.000000000000000000e+00
1.500000000000000118e-02,1.478850578770386087e-02,1.053016871076672745e+00,6.631335011327559742e-05,0.000000000000000000e+00,0.000000000000000000e+00
1.750000000000000167e-02,1.758113162270068253e-02,1.337154756874795014e+00,6.631335011327559742e-05,0.000000000000000000e+00,0.000000000000000000e+00
2.000000000000000042e-02,2.108685117856461122e-02,1.626135576098247215e+00,6.631335011327559742e-05,0.000000000000000000e+00,0.000000000000000000e+00
2.249999999999999917e-02,2.531777208495675224e-02,1.919959860683436714e+00,6.631335011298755200e-05,0.000000000000000000e+00,0.000000000000000000e+00
2.499999999999999792e-02,3.028600330652159167e-02,2.218628144249420675e+00,6.631335011300460108e-05,0.000000000000000000e+00,0.000000000000000000e+00
2.749999999999999667e-02,3.600365515383841669e-02,2.522140977877052048e+00,6.631335010919997303e-05,0.000000000000000000e+00,9.498687717144880347e-06
2.999999999999999542e-02,4.248361394765964860e-02,2.827502506690774631e+00,6.631335010213821192e-05,0.000000000000000000e+00,1.899737543344367304e-05
3.249999999999999417e-02,4.972438333106478370e-02,3.128468301919405725e+00,6.631335010382780548e-05,0.000000000000000000e+00,2.849606315196355383e-05
3.499999999999999639e-02,5.771497312275730013e-02,3.424864282879160449e+00,6.631335008230528104e-05,0.000000000000000000e+00,3.799475087185896869e-05
3.749999999999999861e-02,6.644395796213857508e-02,3.716688985104154241e+00,6.631335015791240415e-05,0.000000000000000000e+00,4.749343859558288099e-05
4.000000000000000083e-02,7.589990885489096561e-02,4.003940994067543002e+00,6.631335019632731342e-05,0.000000000000000000e+00,5.699212631884160280e-05
4.250000000000000305e-02,8.607139329379331905e-02,4.286618937873735824e+00,6.631335034709505806e-05,0.000000000000000000e+00,6.649081403926524435e-05
4.500000000000000527e-02,9.694697536146471006e-02,4.564721480624227112e+00,6.631335017328091573e-05,0.000000000000000000e+00,7.598950175467268902e-05
4.750000000000000749e-02,1.085152158179634313e-01,4.838247317602339947e+00,6.631335002610387250e-05,0.000000000000000000e+00,8.548818946560102347e-05
5.000000000000000971e-02,1.207646721763849518e-01,5.107195171043258597e+00,6.631334992091160972e-05,0.000000000000000000e+00,9.498687717626501587e-05
5.250000000000001193e-02,1.336838987682814894e-01,5.371655737669842168e+00,6.631335023494723177e-05,0.000000000000000000e+00,1.044855648894240014e-04
5.500000000000001416e-02,1.472624028445948530e-01,5.634954993883918739e+00,6.631335087381752254e-05,0.000000000000000000e+00,1.044855648894240014e-04
5.750000000000001638e-02,1.614994019897462163e-01,5.898689289355342424e+00,6.631335067207353264e-05,0.000000000000000000e+00,1.044855648894240014e-04
6.000000000000001860e-02,1.763959837312266687e-01,6.162858499153800018e+00,6.631335081587953382e-05,0.000000000000000000e+00,1.044855648894240014e-04
6.250000000000001388e-02,1.919532352870595981e-01,6.427462502706790204e+00,6.631335032147727163e-05,0.000000000000000000e+00,1.044855648894240014e-04
6.500000000000001610e-02,2.081722435739663535e-01,6.692501187202848811e+00,6.631335049220284724e-05,0.000000000000000000e+00,1.139842526042973545e-04
6.750000000000001832e-02,2.250540952626205737e-01,6.957974495450160113e+00,6.631335068724139906e-05,0.000000000000000000e+00,1.234829403242013515e-04
7.000000000000002054e-02,2.425998769197778016e-01,7.223882416392512162e+00,6.631335009446524538e-05,0.000000000000000000e+00,1.329816280532694725e-04
7.250000000000002276e-02,2.608106750660006967e-01,7.490224929441331447e+00,6.631335030538711508e-05,0.000000000000000000e+00,1.424803157901965956e-04
7.500000000000002498e-02,2.796875761624877388e-01,7.757002003650407040e+00,6.631335052357580919e-05,0.000000000000000000e+00,1.519790035318643656e-04
7.750000000000002720e-02,2.992316665867330028e-01,8.024213595397203136e+00,6.631335031281735586e-05,0.000000000000000000e+00,1.614776912917095710e-04
8.000000000000002942e-02,3.194440325989263973e-01,8.291859648722686771e+00,6.631335037918652080e-05,0.000000000000000000e+00,1.709763790444148715e-04
8.250000000000003164e-02,3.403257603150152133e-01,8.559940098322975643e+00,6.631335048427627226e-05,0.000000000000000000e+00,1.804750667847092554e-04
8.500000000000003386e-02,3.618779356822516280e-01,8.828454869668453497e+00,6.631335075626612749e-05,0.000000000000000000e+00,1.899737545177612502e-04
8.750000000000003608e-02,3.841016444573832067e-01,9.097403880310007906e+00,6.631335111935331909e-05,0.000000000000000000e+00,1.994724421964189304e-04
8.999999999999999667e-02,4.069979721870832789e-01,9.366787040755090388e+00,6.631335104498729577e-05,0.000000000000000000e+00,2.089711298065246214e-04
9.249999999999999889e-02,4.305680319779284226e-01,9.637048969796076392e+00,6.631335202885073137e-05,0.000000000000000000e+00,2.184698173503255220e-04
9.500000000000000111e-02,4.548144978528735338e-01,9.908634399744286725e+00,6.631335201132239419e-05,0.000000000000000000e+00,2.279685047458306047e-04
9.750000000000000333e-02,4.797406786045282368e-01,1.018154340297884453e+01,6.631335091380780467e-05,0.000000000000000000e+00,2.374671920034116999e-04
1.000000000000000056e-01,5.053498832026600551e-01,1.045577604513489156e+01,6.631334766320920253e-05,0.000000000000000000e+00,2.469658790818276542e-04
1.025000000000000078e-01,5.316454207775007657e-01,1.073133238538911627e+01,6.631334482340743098e-05,0.000000000000000000e+00,2.564645660604082124e-04
1.050000000000000100e-01,5.586306006038073146e-01,1.100821247687816928e+01,6.631334691851938383e-05,0.000000000000000000e+00,2.659632530050734631e-04
1.075000000000000122e-01,5.863087320858563212e-01,1.128641636682652560e+01,6.631335277947068873e-05,0.000000000000000000e+00,2.754619398733208378e-04
1.100000000000000006e-01,6.146831247428030665e-01,1.156594409681241409e+01,6.631335381228425322e-05,0.000000000000000000e+00,2.849606265170309726e-04
1.125000000000000028e-01,6.437570296049068830e-01,1.184585705999516136e+01,6.631335586196279535e-05,0.000000000000000000e+00,2.944593128952413541e-04
1.150000000000000050e-01,6.735304022825392423e-01,1.212521612372094104e+01,6.631335010311728713e-05,0.000000000000000000e+00,3.039579989241303608e-04
1.175000000000000072e-01,7.040018578979355679e-01,1.240402083865598470e+01,6.631332401087211494e-05,0.000000000000000000e+00,3.134566846376838820e-04
1.200000000000000094e-01,7.351700103692483390e-01,1.268227079205816921e+01,6.631331600312464147e-05,0.000000000000000000e+00,3.229553704021923574e-04
1.225000000000000117e-01,7.670334725826795097e-01,1.295996561416962756e+01,6.631330190546648776e-05,0.000000000000000000e+00,3.324540564148303662e-04
1.250000000000000000e-01,7.995908565000325874e-01,1.323710493519640430e+01,6.631332399394576746e-05,0.000000000000000000e+00,3.419527429327036600e-04
1.275000000000000022e-01,8.328407731587055274e-01,1.351368838545761086e+01,6.631335226322080409e-05,0.000000000000000000e+00,3.514514296905827230e-04
1.300000000000000044e-01,8.667818326720472255e-01,1.378971559551802351e+01,6.631333102867367020e-05,0.000000000000000000e+00,3.609501164410998907e-04
1.325000000000000067e-01,9.014124975218679170e-01,1.406544206944375119e+01,6.631335560877707155e-05,0.000000000000000000e+00,3.704488033355184421e-04
1.350000000000000089e-01,9.367328328360569056e-01,1.434190511426587378e+01,6.631328821486725568e-05,0.000000000000000000e+00,3.799474901263487944e-04
1.375000000000000111e-01,9.727448090753391119e-01,1.461921964433279797e+01,6.631333280600375723e-05,0.000000000000000000e+00,3.894461775481131995e-04
1.400000000000000133e-01,1.009450554891290430e+00,1.489738555189695646e+01,6.631334007782096595e-05,-4.800000000000000664e-04,3.989448652539192750e-04
1.425000000000000155e-01,1.046852198664200317e+00,1.517640272582385386e+01,6.612447747153918679e-05,-4.800000000000000664e-04,4.084373730215923402e-04
1.450000000000000178e-01,1.084951868494625549e+00,1.545627105163115900e+01,6.592855381914548764e-05,-4.800000000000000664e-04,4.179025894963160170e-04
1.475000000000000200e-01,1.123751692195040564e+00,1.573699041152441147e+01,6.572560212006340187e-05,-4.800000000000000664e-04,4.273395235981984857e-04
1.500000000000000222e-01,1.163253797281575519e+00,1.601856068442791781e+01,6.551552645872593672e-05,-4.800000000000000664e-04,4.367471631071575796e-04
1.525000000000000244e-01,1.203460310965826618e+00,1.630098174601138794e+01,6.529812318828807232e-05,-4.800000000000000664e-04,4.461244738860132750e-04
1.550000000000000266e-01,1.244373360146733720e+00,1.658425346871377926e+01,6.507321147449677352e-05,-4.800000000000000664e-04,4.554704001859516795e-04
1.575000000000000289e-01,1.285995071402515233e+00,1.686837572176453293e+01,6.484061527505843696e-05,-4.800000000000000664e-04,4.647838651472221711e-04
1.600000000000000311e-01,1.328327570982654304e+00,1.715334837120148137e+01,6.460026564284724910e-05,-4.800000000000000664e-04,4.740637704984308363e-04
1.625000000000000333e-01,1.371372984799928751e+00,1.743917127988659743e+01,6.435201778753104739e-05,-4.800000000000000664e-04,4.833089950390388506e-04
1.650000000000000355e-01,1.415133438422478074e+00,1.772584430751907547e+01,6.409566372810871751e-05,-4.800000000000000664e-04,4.925183954689688276e-04
1.675000000000000377e-01,1.459611057065902440e+00,1.801336731064388630e+01,6.383100285631336350e-05,-4.800000000000000664e-04,5.016908071998665754e-04
1.700000000000000400e-01,1.504807965585381657e+00,1.830174014266150806e+01,6.355803279732597530e-05,-4.800000000000000664e-04,5.108250428060703363e-04
1.725000000000000422e-01,1.550726288467817904e+00,1.859096265383485047e+01,6.327645523796015744e-05,-4.800000000000000664e-04,5.199198920015803268e-04
1.750000000000000444e-01,1.597368149823994221e+00,1.888103469129314149e+01,6.298622991377540584e-05,-4.800000000000000664e-04,5.289741210456989440e-04
1.775000000000000466e-01,1.644735673380741670e+00,1.917192939160645082e+01,6.268686681577059913e-05,-4.800000000000000664e-04,5.379864730755171912e-04
1.800000000000000488e-01,1.692830704785547091e+00,1.946268020274788313e+01,6.237833654067354830e-05,-4.800000000000000664e-04,5.469556721142478399e-04
1.825000000000000511e-01,1.741652268055176922e+00,1.975282299915362927e+01,6.206069551968142509e-05,-4.800000000000000664e-04,5.558804258545643100e-04
1.850000000000000533e-01,1.791198842918818590e+00,2.004235736843569882e+01,6.173446443554441408e-05,-4.800000000000000664e-04,5.647594247867727783e-04
1.875000000000000555e-01,1.841468908075569511e+00,2.033128289975196168e+01,6.139859234095678558e-05,-4.800000000000000664e-04,5.735913388187712479e-04
1.900000000000000577e-01,1.892460941198309765e+00,2.061959918381647938e+01,6.105287399170344280e-05,-4.800000000000000664e-04,5.823748234831920955e-04
1.925000000000000600e-01,1.944173418937598097e+00,2.090730581291101231e+01,6.069782215179540601e-05,-4.800000000000000664e-04,5.911085200960978277e-04
1.950000000000000622e-01,1.996604816925596104e+00,2.119440238089489981e+01,6.033317456640954524e-05,-4.800000000000000664e-04,5.997910527941254259e-04
1.975000000000000644e-01,2.049753609780017083e+00,2.148088848321116728e+01,5.995821700289214774e-05,-4.800000000000000664e-04,6.084210289005766419e-04
2.000000000000000666e-01,2.103618271108086635e+00,2.176676371689215728e+01,5.957397847898711872e-05,-4.800000000000000664e-04,6.169970441601229207e-04
2.025000000000000688e-01,2.158197273510520819e+00,2.205205056644222239e+01,5.917994987411967148e-05,-4.800000000000000664e-04,6.255176736974727217e-04
2.050000000000000711e-01,2.213489326539251678e+00,2.233757674399413773e+01,5.877618727236782087e-05,-4.800000000000000664e-04,6.339814728346372620e-04
2.075000000000000733e-01,2.269495556281627024e+00,2.262373941756212403e+01,5.836117790009799264e-05,-4.800000000000000664e-04,6.423869735760576617e-04
2.100000000000000755e-01,2.326217553866525289e+00,2.291053839169328654e+01,5.793592201995477036e-05,-4.800000000000000664e-04,6.507326917936535069e-04
2.125000000000000777e-01,2.383656909932836854e+00,2.319797346853931330e+01,5.749955336711477799e-05,-4.800000000000000664e-04,6.590171187330421928e-04
2.150000000000000799e-01,2.441815214623467512e+00,2.348604444784492884e+01,5.705242905738552210e-05,-4.800000000000000664e-04,6.672387273434628131e-04
2.175000000000000822e-01,2.500694057579314400e+00,2.377475112693308645e+01,5.659489858009861534e-05,-4.800000000000000664e-04,6.753959680393923195e-04
2.200000000000000844e-01,2.560295027933201961e+00,2.406409330068726149e+01,5.612730623817163472e-05,-4.800000000000000664e-04,6.834872645173199236e-04
2.225000000000000866e-01,2.620619714303771275e+00,2.435407076153473938e+01,5.564673531582059094e-05,-4.800000000000000664e-04,6.915110115287323011e-04
2.250000000000000888e-01,2.681669704789332975e+00,2.464468329942920377e+01,5.515469996888840089e-05,-4.800000000000000664e-04,6.994655905889436611e-04
2.275000000000000910e-01,2.743446586961670430e+00,2.493593070182991767e+01,5.465124831720379712e-05,-4.800000000000000664e-04,7.073493625028920906e-04
2.300000000000000100e-01,2.805951947859789186e+00,2.522781275368283360e+01,5.413724308797208799e-05,-4.800000000000000664e-04,7.151606607181413893e-04
2.325000000000000122e-01,2.869187348180779029e+00,2.551991634391540487e+01,5.360981875942791975e-05,-4.800000000000000664e-04,7.228977925360886370e-04
2.350000000000000144e-01,2.933152898655265517e+00,2.581182827795886325e+01,5.307096918567862342e-05,-4.800000000000000664e-04,7.305590533003418789e-04
2.375000000000000167e-01,2.997848119946291412e+00,2.610354820954149702e+01,5.251980264990998659e-05,-4.800000000000000664e-04,7.381427167251315095e-04
2.400000000000000189e-01,3.063272531851314984e+00,2.639507579254792091e+01,5.195684105852656394e-05,-4.800000000000000664e-04,7.456470370007039312e-04
2.425000000000000211e-01,3.129425653302592814e+00,2.668641068100486891e+01,5.138143599603393511e-05,-4.800000000000000664e-04,7.530702517232456530e-04
2.450000000000000233e-01,3.196307002367525740e+00,2.697755252906507550e+01,5.079378146430287472e-05,-4.800000000000000664e-04,7.604105752653052188e-04
2.475000000000000255e-01,3.263916096248962617e+00,2.726850099099111802e+01,5.019261287569772533e-05,-4.800000000000000664e-04,7.676662042757891741e-04
2.500000000000000000e-01,3.332252451285470318e+00,2.755925572114137623e+01,4.957886136030224274e-05,-4.800000000000000664e-04,7.748353246239445642e-04
2.525000000000000022e-01,3.401315582951560668e+00,2.784981637395160448e+01,4.895149833593741566e-05,-4.800000000000000664e-04,7.819160966433468755e-04
2.550000000000000044e-01,3.471105005857875625e+00,2.814018260391777559e+01,4.831107305062458271e-05,-4.800000000000000664e-04,7.889066693872053048e-04
2.575000000000000067e-01,3.541620233751324065e+00,2.843035406557571676e+01,4.765831382443576803e-05,-2.400000000000000332e-04,7.958051746194395827e-04
2.600000000000000089e-01,3.612860779515175036e+00,2.872033041348118587e+01,4.732165711669937509e-05,-2.400000000000000332e-04,8.026205920399235791e-04
2.625000000000000111e-01,3.684826155169090622e+00,2.901011130219141521e+01,4.698117689819334873e-05,-2.400000000000000332e-04,8.093880908929604453e-04
2.650000000000000133e-01,3.757515871869123281e+00,2.929969638624280392e+01,4.663844185868201795e-05,-2.400000000000000332e-04,8.161067118560963495e-04
2.675000000000000155e-01,3.830929439907646117e+00,2.958908532012716819e+01,4.628808140748469753e-05,-2.400000000000000332e-04,8.227754645611166625e-04
2.700000000000000178e-01,3.905066368713233871e+00,2.987827775827175358e+01,4.592665401459591191e-05,-2.400000000000000332e-04,8.293933576778873005e-04
2.725000000000000200e-01,3.979926166850482172e+00,3.016727335501307294e+01,4.555882575215278543e-05,-2.400000000000000332e-04,8.359594036494176527e-04
2.750000000000000222e-01,4.055508342019771284e+00,3.045607176457134102e+01,4.518503294500547668e-05,-2.400000000000000332e-04,8.424726046952229650e-04
2.775000000000000244e-01,4.131812401056957462e+00,3.074467264102685604e+01,4.480292810416773325e-05,-2.400000000000000332e-04,8.489319519495088385e-04
2.800000000000000266e-01,4.208837849933013686e+00,3.103307563829569204e+01,4.441194193375683528e-05,-2.400000000000000332e-04,8.553364298105423525e-04
2.825000000000000289e-01,4.286584193753600225e+00,3.132128041010238562e+01,4.401363265021066170e-05,-2.400000000000000332e-04,8.616850281007324081e-04
2.850000000000000311e-01,4.365050936758572142e+00,3.160928660995095285e+01,4.361470857904012149e-05,-2.400000000000000332e-04,8.679767221322085349e-04
2.875000000000000333e-01,4.444237582321411750e+00,3.189709389109791005e+01,4.320667182901853669e-05,-2.400000000000000332e-04,8.742104490355199695e-04
2.899999999999999800e-01,4.524143632948590898e+00,3.218470190652146812e+01,4.279200799778501034e-05,-2.400000000000000332e-04,8.803851521490891393e-04
2.924999999999999822e-01,4.604768600162028491e+00,3.247226844585386374e+01,4.236749374663065378e-05,-2.400000000000000332e-04,8.864997594408039827e-04
2.949999999999999845e-01,4.686112549733382870e+00,3.275995132332273840e+01,4.193254867802458194e-05,-2.400000000000000332e-04,8.925531943229851432e-04
2.974999999999999867e-01,4.768175772332519102e+00,3.304775022953182884e+01,4.148682088684257284e-05,-2.400000000000000332e-04,8.985443813870057795e-04
2.999999999999999889e-01,4.850958557854974096e+00,3.333566485359052933e+01,4.103504752366306062e-05,-2.400000000000000332e-04,9.044722582006531559e-04
3.024999999999999911e-01,4.934461195418200496e+00,3.362369488307830778e+01,4.057740236666043155e-05,-2.400000000000000332e-04,9.103357379345980481e-04
3.049999999999999933e-01,5.018683973357717321e+00,3.391184000401020882e+01,4.011891294665762778e-05,-2.400000000000000332e-04,9.161337157063811692e-04
3.074999999999999956e-01,5.103627179223181543e+00,3.420009990079885398e+01,3.964676609253494944e-05,-2.400000000000000332e-04,9.218650556880381760e-04
3.099999999999999978e-01,5.189291099774362870e+00,3.448847425621746510e+01,3.916829212322062772e-05,-2.400000000000000332e-04,9.275286255512786918e-04
3.125000000000000000e-01,5.275676020977018155e+00,3.477696275136034387e+01,3.868301932168766426e-05,-2.400000000000000332e-04,9.331232807692424946e-04
3.150000000000000022e-01,5.362782227998676099e+00,3.506556506560458075e+01,3.818554828737243454e-05,-2.400000000000000332e-04,9.386478666335034858e-04
3.175000000000000044e-01,5.450610005204320707e+00,3.535428087656988083e+01,3.768114922600849701e-05,-2.400000000000000332e-04,9.441012328893335021e-04
3.200000000000000067e-01,5.539159636151973487e+00,3.564310986007855320e+01,3.716538700936005226e-05,-2.400000000000000332e-04,9.494822085690882976e-04
3.225000000000000089e-01,5.628431403588180615e+00,3.593205169011641686e+01,3.664754126945914765e-05,-2.400000000000000332e-04,9.547896295999850442e-04
3.250000000000000111e-01,5.718425589443396184e+00,3.622110603879081481e+01,3.611878881678053300e-05,-2.400000000000000332e-04,9.600223013746496739e-04
3.275000000000000133e-01,5.809142474827262426e+00,3.651027257628938827e+01,3.559381325445019510e-05,-2.400000000000000332e-04,9.651790256196195270e-04
3.300000000000000155e-01,5.900582340023788674e+00,3.679955097083932003e+01,3.504601416322097331e-05,-2.400000000000000332e-04,9.702585501437749295e-04
3.325000000000000178e-01,5.992745464486426421e+00,3.708894088866512817e+01,3.449670474089912487e-05,-2.400000000000000332e-04,9.752596571899207773e-04
3.350000000000000200e-01,6.085632126833036892e+00,3.737844199394665168e+01,3.392580095020000813e-05,-2.400000000000000332e-04,9.801811072695607464e-04
3.375000000000000222e-01,6.179242604840756492e+00,3.766805394877599866e+01,3.334450205442468355e-05,-2.400000000000000332e-04,9.850216850381045709e-04
3.400000000000000244e-01,6.273577175440754772e+00,3.795777641311511275e+01,3.276785584012201089e-05,-2.400000000000000332e-04,9.897801775009369089e-04
3.425000000000000266e-01,6.368636114712880492e+00,3.824760904475299128e+01,3.218192506788132139e-05,-2.400000000000000332e-04,9.944553155748067294e-04
3.450000000000000289e-01,6.464419697880209981e+00,3.853755149926248436e+01,3.158819273456708551e-05,-2.400000000000000332e-04,9.990458164700571995e-04
3.475000000000000311e-01,6.560928199303478259e+00,3.882760342995950253e+01,3.097218081975320085e-05,-2.400000000000000332e-04,1.003550378080876691e-03
3.500000000000000333e-01,6.658161892475417787e+00,3.911776448786025639e+01,3.035721884765454803e-05,-2.400000000000000332e-04,1.007967742094553146e-03
3.525000000000000355e-01,6.756121050014979978e+00,3.940803432163631470e+01,2.972626512395149933e-05,-2.400000000000000332e-04,1.012296606478193606e-03
3.550000000000000377e-01,6.854805943661451906e+00,3.969841257757374109e+01,2.909517664851913094e-05,-2.400000000000000332e-04,1.016535677177791757e-03
3.575000000000000400e-01,6.954216844268465536e+00,3.998889889952951648e+01,2.847283350448179821e-05,-2.400000000000000332e-04,1.020683620122209536e-03
3.600000000000000422e-01,7.054354021797904828e+00,4.027949292889217503e+01,2.780164776971112131e-05,-2.400000000000000332e-04,1.024739036415741721e-03
3.625000000000000444e-01,7.155217745313711575e+00,4.057019430453565434e+01,2.714963386660320169e-05,-2.400000000000000332e-04,1.028700645677880967e-03
3.650000000000000466e-01,7.256808282975567792e+00,4.086100266278015170e+01,2.647256436929179888e-05,-2.400000000000000332e-04,1.032567063889498586e-03
3.675000000000000488e-01,7.359125902032495503e+00,4.115191763735327157e+01,2.580695992460129714e-05,-2.400000000000000332e-04,1.036336927857387609e-03
3.700000000000000511e-01,7.462170868816352609e+00,4.144293885934612831e+01,2.510984797362317652e-05,-2.400000000000000332e-04,1.040008830741183127e-03
3.725000000000000533e-01,7.565943448735210630e+00,4.173406595717351308e+01,2.442825679025111533e-05,-2.400000000000000332e-04,1.043581405118761260e-03
3.750000000000000555e-01,7.670443906266653400e+00,4.202529855653866520e+01,2.371785082119820377e-05,0.000000000000000000e+00,1.047053205162222977e-03
3.775000000000000577e-01,7.775672504950962072e+00,4.231663628039363800e+01,2.370209577099707736e-05,0.000000000000000000e+00,1.050446289019900913e-03
3.800000000000000600e-01,7.881629507384235289e+00,4.260807874890385705e+01,2.370845882439240391e-05,0.000000000000000000e+00,1.053839351560760312e-03
3.825000000000000622e-01,7.988315175211381458e+00,4.289962557941127130e+01,2.370192494913691758e-05,0.000000000000000000e+00,1.057232373544933230e-03
3.850000000000000644e-01,8.095729769119056840e+00,4.319127638639788103e+01,2.370827434122413981e-05,0.000000000000000000e+00,1.060625366326155760e-03
3.875000000000000666e-01,8.203873548828484630e+00,4.348303078145975320e+01,2.370019815131467218e-05,0.000000000000000000e+00,1.064018316466449092e-03
3.900000000000000688e-01,8.312746773088228736e+00,4.377488837326053073e+01,2.369453721053967432e-05,0.000000000000000000e+00,1.067411243716687120e-03
3.925000000000000711e-01,8.422349699666844103e+00,4.406684876750382784e+01,2.370670419386306879e-05,0.000000000000000000e+00,1.070804151714013384e-03
3.950000000000000733e-01,8.532682585345444437e+00,4.435891156690754400e+01,2.369792491847003352e-05,0.000000000000000000e+00,1.074197011320636528e-03
3.975000000000000755e-01,8.643745685910236176e+00,4.465107637116570771e+01,2.370204592151841324e-05,0.000000000000000000e+00,1.077589855044325381e-03
4.000000000000000777e-01,8.755539256998821074e+00,4.494333533827061444e+01,2.373656773523516117e-05,0.000000000000000000e+00,1.080982684769372362e-03
4.025000000000000799e-01,8.868063508551044194e+00,4.523562095813939266e+01,2.376010834104190042e-05,0.000000000000000000e+00,1.084375387115043415e-03
4.050000000000000822e-01,8.981318479641670294e+00,4.552791626865026586e+01,2.375295770379579321e-05,0.000000000000000000e+00,1.087767906018579723e-03
4.075000000000000844e-01,9.095304194260538821e+00,4.582022085169569436e+01,2.376175434178686517e-05,0.000000000000000000e+00,1.091160242146316760e-03
4.100000000000000866e-01,9.210020675350662600e+00,4.611253428640347352e+01,2.379972532663449875e-05,0.000000000000000000e+00,1.094552385838919130e-03
4.125000000000000888e-01,9.325467944801296483e+00,4.640485614912564216e+01,2.380728086664621557e-05,0.000000000000000000e+00,1.097944241823253049e-03
4.150000000000000910e-01,9.441646023440993574e+00,4.669718601342154329e+01,2.377549328902376282e-05,0.000000000000000000e+00,1.101335758050244916e-03
4.175000000000000933e-01,9.558554931030629476e+00,4.698952345005833564e+01,2.379938311185709207e-05,0.000000000000000000e+00,1.104727026502989266e-03
4.200000000000000955e-01,9.676194686256387456e+00,4.728186802697761237e+01,2.383657396865776872e-05,0.000000000000000000e+00,1.108117974301234352e-03
4.225000000000000977e-01,9.794565306722709863e+00,4.757421930929687193e+01,2.382592302013024073e-05,0.000000000000000000e+00,1.111508507886017731e-03
4.250000000000000999e-01,9.913666808945242437e+00,4.786657685932266304e+01,2.380740440192529825e-05,0.000000000000000000e+00,1.114898654172649011e-03
4.275000000000001021e-01,1.003349920834378750e+01,4.815894023653046929e+01,2.378891942328149365e-05,0.000000000000000000e+00,1.118288459994829604e-03
4.300000000000001044e-01,1.015406251923522518e+01,4.845130899758877518e+01,2.382287395597713369e-05,0.000000000000000000e+00,1.121677936951305781e-03
4.325000000000001066e-01,1.027535675482652344e+01,4.874368269634937434e+01,2.379511812848436557e-05,0.000000000000000000e+00,1.125067028422714697e-03
4.350000000000001088e-01,1.039738192720768595e+01,4.903606088385804185e+01,2.377973543107698580e-05,0.000000000000000000e+00,1.128455810065216074e-03
4.375000000000001110e-01,1.052013804734474434e+01,4.932844310838019197e+01,2.378569045749971765e-05,0.000000000000000000e+00,1.131844284564708942e-03
4.400000000000001132e-01,1.064362512507281444e+01,4.962082891541309237e+01,2.381799868236979229e-05,0.000000000000000000e+00,1.135232440954542970e-03
4.425000000000001155e-01,1.076784316908918449e+01,4.991321784769471037e+01,2.376441376283623032e-05,0.000000000000000000e+00,1.138620232582059641e-03
4.450000000000001177e-01,1.089279218694644058e+01,5.020560944525132641e+01,2.377077849531959817e-05,0.000000000000000000e+00,1.142007740252260536e-03
4.475000000000001199e-01,1.101847218504570947e+01,5.049800324539836538e+01,2.375537840267080925e-05,0.000000000000000000e+00,1.145394949243797164e-03
4.500000000000001221e-01,1.114488316862985506e+01,5.079039878277951203e+01,2.373754917086060115e-05,0.000000000000000000e+00,1.148781879811123239e-03
4.525000000000001243e-01,1.127202514177688286e+01,5.108279558942213328e+01,2.373340790106536323e-05,0.000000000000000000e+00,1.152168626632717576e-03
4.550000000000001266e-01,1.139989810739335141e+01,5.137519319471388002e+01,2.374774472831045464e-05,0.000000000000000000e+00,1.155555160939517739e-03
4.575000000000001288e-01,1.152850206720782467e+01,5.166759112548950839e+01,2.369209829550943355e-05,0.000000000000000000e+00,1.158941473760399321e-03
4.600000000000001310e-01,1.165783702176451264e+01,5.195998890610145793e+01,2.365629097967537111e-05,0.000000000000000000e+00,1.162327665408985182e-03
4.625000000000001332e-01,1.178790297041713764e+01,5.225238605844081263e+01,2.363070625602681495e-05,0.000000000000000000e+00,1.165713832752729700e-03
4.650000000000001354e-01,1.191869991132272588e+01,5.254478210199373933e+01,2.361586342036046693e-05,0.000000000000000000e+00,1.169100024040478766e-03
4.675000000000001377e-01,1.205022784143572245e+01,5.283717655391670576e+01,2.361374919264619667e-05,0.000000000000000000e+00,1.172486293436020635e-03
4.700000000000001399e-01,1.218248675650213464e+01,5.312956892907358508e+01,2.366407314781791729e-05,0.000000000000000000e+00,1.175872598288232873e-03
4.725000000000001421e-01,1.231547665105386002e+01,5.342195874011749623e+01,2.363606932158477010e-05,0.000000000000000000e+00,1.179258857713546757e-03
4.750000000000001443e-01,1.244919751840317446e+01,5.371434549761401911e+01,2.359500053335634206e-05,0.000000000000000000e+00,1.182645147507188285e-03
4.775000000000001465e-01,1.258364935063769252e+01,5.400672871012532283e+01,2.366612331993768652e-05,0.000000000000000000e+00,1.186031521384265991e-03
4.800000000000001488e-01,1.271883213861521966e+01,5.429910788423738666e+01,2.364849810422667251e-05,0.000000000000000000e+00,1.189417850717022773e-03
4.825000000000001510e-01,1.285474584148311017e+01,5.459153568106413701e+01,2.367444645958733513e-05,0.000000000000000000e+00,1.192804205274791522e-03
4.850000000000001532e-01,1.299139075026618606e+01,5.488422714694874571e+01,2.366753062882808367e-05,0.000000000000000000e+00,1.196190514281599698e-03
4.875000000000001554e-01,1.312876755066917589e+01,5.517720568299696993e+01,2.371240598582619442e-05,0.000000000000000000e+00,1.199576800822598713e-03
4.900000000000001577e-01,1.326687696008527162e+01,5.547047079151113280e+01,2.364101916171582654e-05,0.000000000000000000e+00,1.202962977003004018e-03
4.925000000000001599e-01,1.340571969466174629e+01,5.576402197207006139e+01,2.365914944667552931e-05,0.000000000000000000e+00,1.206349155036773356e-03
4.950000000000001621e-01,1.354529646929342412e+01,5.605785872159868433e+01,2.355821330837822098e-05,0.000000000000000000e+00,1.209735336218155074e-03
4.975000000000001643e-01,1.368560799761582203e+01,5.635198053450204725e+01,2.356964991606072109e-05,0.000000000000000000e+00,1.213121724805510480e-03
5.000000000000001110e-01,1.382665499199922010e+01,5.664638690281908140e+01,2.353726598774311419e-05,0.000000000000000000e+00,1.216508275578894165e-03
5.025000000000000577e-01,1.396843816354257051e+01,5.694107731626276347e+01,2.353432397100847621e-05,0.000000000000000000e+00,1.219895043982818393e-03
5.050000000000000044e-01,1.411095822206790373e+01,5.723605126244884644e+01,2.360207965763212962e-05,0.000000000000000000e+00,1.223282040527013835e-03
5.074999999999999512e-01,1.425421587611516117e+01,5.753130822703572989e+01,2.354962010128616392e-05,0.000000000000000000e+00,1.226669178325102407e-03
5.099999999999998979e-01,1.439821183293731366e+01,5.782684769382329648e+01,2.355655524562517647e-05,0.000000000000000000e+00,1.230056550413878309e-03
5.124999999999998446e-01,1.454294679849587801e+01,5.812266914492452230e+01,2.362808796797828077e-05,0.000000000000000000e+00,1.233444113244291105e-03
5.149999999999997913e-01,1.468842147745672477e+01,5.841877206097232289e+01,2.365156670874107568e-05,0.000000000000000000e+00,1.236831799324898456e-03
5.174999999999997380e-01,1.483463657318646689e+01,5.871515592111259707e+01,2.366636195957205288e-05,0.000000000000000000e+00,1.240219570213891382e-03
5.199999999999996847e-01,1.498159278774876668e+01,5.901182020331500411e+01,2.366012973727194463e-05,0.000000000000000000e+00,1.243607343863552738e-03
5.224999999999996314e-01,1.512929082190179741e+01,5.930876438464832745e+01,2.358392054220714257e-05,0.000000000000000000e+00,1.246995134705741444e-03
5.249999999999995781e-01,1.527773137509578305e+01,5.960598794133257883e+01,2.359799111450045566e-05,0.000000000000000000e+00,1.250383103803555255e-03
5.274999999999995248e-01,1.542691521126829457e+01,5.990337558343067315e+01,2.357387558211545428e-05,0.000000000000000000e+00,1.253771244704650085e-03
5.299999999999994715e-01,1.557684237384681758e+01,6.020046143156318408e+01,2.365137945244352746e-05,0.000000000000000000e+00,1.257159569649173199e-03
5.324999999999994182e-01,1.572751205016209219e+01,6.049719337084281534e+01,2.353926803671634653e-05,0.000000000000000000e+00,1.260547978284527271e-03
5.349999999999993650e-01,1.587892335514652764e+01,6.079357088140198329e+01,2.362869550576182369e-05,0.000000000000000000e+00,1.263936652353738312e-03
5.374999999999993117e-01,1.603107540243458828e+01,6.108959344624543775e+01,2.353379251786117475e-05,0.000000000000000000e+00,1.267325477767579540e-03
5.399999999999992584e-01,1.618396730436977293e+01,6.138526055136981796e+01,2.355531989673973736e-05,0.000000000000000000e+00,1.270714575290482831e-03
5.424999999999992051e-01,1.633759817201239528e+01,6.168057168596054396e+01,2.342206933559527952e-05,0.000000000000000000e+00,1.274103898733533078e-03
5.449999999999991518e-01,1.649196711514759173e+01,6.197552634268938476e+01,2.344522870256782944e-05,0.000000000000000000e+00,1.277493666111704411e-03
5.474999999999990985e-01,1.664707324229424046e+01,6.227012401769363947e+01,2.344234594129492131e-05,0.000000000000000000e+00,1.280883805883933609e-03
5.499999999999990452e-01,1.680291566071366205e+01,6.256436421104447021e+01,2.355554633092900050e-05,0.000000000000000000e+00,1.284274380933422355e-03
5.524999999999989919e-01,1.695949347641957061e+01,6.285824642689929220e+01,2.341483501388332122e-05,0.000000000000000000e+00,1.287665220005867160e-03
5.549999999999989386e-01,1.711680579418846904e+01,6.315177017362849199e+01,2.350922158687516239e-05,0.000000000000000000e+00,1.291056524324582944e-03
5.574999999999988853e-01,1.727485171757033200e+01,6.344493496418720468e+01,2.337713538158270074e-05,0.000000000000000000e+00,1.294448191790102155e-03
5.599999999999988320e-01,1.743363034890013097e+01,6.373774031636094861e+01,2.339405839530476599e-05,0.000000000000000000e+00,1.297840372111466398e-03
5.624999999999987788e-01,1.759314078931015857e+01,6.403018575284960434e+01,2.341570436638343495e-05,0.000000000000000000e+00,1.301233065050415305e-03
5.649999999999999467e-01,1.775338213874237780e+01,6.432227080167621125e+01,2.333336156025443131e-05,0.000000000000000000e+00,1.304626214679656350e-03
5.674999999999998934e-01,1.791435351855927749e+01,6.461435642182317451e+01,2.331197710892153895e-05,0.000000000000000000e+00,1.308019920172951182e-03
5.699999999999998401e-01,1.807605531762738593e+01,6.490680355242365351e+01,2.333849745176596639e-05,0.000000000000000000e+00,1.311414190007223826e-03
5.724999999999997868e-01,1.823848843944579556e+01,6.519961170778654491e+01,2.332163951213023535e-05,0.000000000000000000e+00,1.314809002989164371e-03
5.749999999999997335e-01,1.840165378630121040e+01,6.549278040543474333e+01,2.346659294595419284e-05,0.000000000000000000e+00,1.318204369701094295e-03
5.774999999999996803e-01,1.856555225927607111e+01,6.578630916651218286e+01,2.344973891763757246e-05,0.000000000000000000e+00,1.321600135121716582e-03
5.799999999999996270e-01,1.873018475825787021e+01,6.608019751584104995e+01,2.336765636905313218e-05,0.000000000000000000e+00,1.324996330468356182e-03
5.824999999999995737e-01,1.889555218194812269e+01,6.637444498221636024e+01,2.335777135590648594e-05,0.000000000000000000e+00,1.328393051092285979e-03
5.849999999999995204e-01,1.906165542787282163e+01,6.666905109887134984e+01,2.343891006366116759e-05,0.000000000000000000e+00,1.331790270760808319e-03
5.874999999999994671e-01,1.922849539239369676e+01,6.696401540356451676e+01,2.322588286950727390e-05,0.000000000000000000e+00,1.335187888429041972e-03
5.899999999999994138e-01,1.939607297071932379e+01,6.725933743883852856e+01,2.317767804578385181e-05,0.000000000000000000e+00,1.338586153831908048e-03
5.924999999999993605e-01,1.956438905691783248e+01,6.755501675268939721e+01,2.315352023042926467e-05,0.000000000000000000e+00,1.341985118244822103e-03
5.949999999999993072e-01,1.973344454393009073e+01,6.785105289815039953e+01,2.306785298662795313e-05,0.000000000000000000e+00,1.345384783517422633e-03
5.974999999999992539e-01,1.990324032358257966e+01,6.814744543380946595e+01,2.323318484906845483e-05,0.000000000000000000e+00,1.348785239835391262e-03
5.999999999999999778e-01,2.007377728660164706e+01,6.844419392415527170e+01,2.328487981709520860e-05,0.000000000000000000e+00,1.352186308781190300e-03
6.024999999999999245e-01,2.024505630265865719e+01,6.874097856559049546e+01,2.317125065509074075e-05,0.000000000000000000e+00,1.355587920788623845e-03
6.049999999999998712e-01,2.041707711930352787e+01,6.903747959160044445e+01,2.312519184761917078e-05,0.000000000000000000e+00,1.358990208496464475e-03
6.074999999999998179e-01,2.058983902728122573e+01,6.933369662415719858e+01,2.294380360262347445e-05,0.000000000000000000e+00,1.362393156698938268e-03
6.099999999999997646e-01,2.076334131639673330e+01,6.962962929441543736e+01,2.298859986743937637e-05,0.000000000000000000e+00,1.365796945911157412e-03
6.124999999999997113e-01,2.093758327553824117e+01,6.992527724277186962e+01,2.285873733651823435e-05,0.000000000000000000e+00,1.369201524430395823e-03
6.149999999999996581e-01,2.111256419270026896e+01,7.022064011939060890e+01,2.281954653394109250e-05,0.000000000000000000e+00,1.372606980834088601e-03
6.174999999999996048e-01,2.128828335500815427e+01,7.051571758407978052e+01,2.277162696802613034e-05,0.000000000000000000e+00,1.376013337841333400e-03
6.199999999999995515e-01,2.146474004874242425e+01,7.081050930656957121e+01,2.262613953202089622e-05,0.000000000000000000e+00,1.379420586621416932e-03
6.224999999999994982e-01,2.164193355936373564e+01,7.110501496684088352e+01,2.261910017002648373e-05,0.000000000000000000e+00,1.382828853162339612e-03
6.249999999999994449e-01,2.181986317153858224e+01,7.139923425541988422e+01,2.261826220584093171e-05,0.000000000000000000e+00,1.386238128867111783e-03
6.274999999999993916e-01,2.199852816916562759e+01,7.169316687303538060e+01,2.256656856034295808e-05,0.000000000000000000e+00,1.389648318881492664e-03
6.299999999999993383e-01,2.217792783540123125e+01,7.198681253088470555e+01,2.247233124083850735e-05,0.000000000000000000e+00,1.393059445318437601e-03
6.324999999999992850e-01,2.235806145268557898e+01,7.228017095074801546e+01,2.240614867648834884e-05,0.000000000000000000e+00,1.396471562004742047e-03
6.349999999999992317e-01,2.253892830276975090e+01,7.257324186560360602e+01,2.246475708042714494e-05,0.000000000000000000e+00,1.399884656797045247e-03
6.374999999999991784e-01,2.272052766674341484e+01,7.286602501941828791e+01,2.251901566018280193e-05,0.000000000000000000e+00,1.403298662392454561e-03
6.399999999999991251e-01,2.290285879444815009e+01,7.315863861747847352e+01,2.237985048340662141e-05,0.000000000000000000e+00,1.406713495614581684e-03
6.424999999999990719e-01,2.308592150367788776e+01,7.345132922371901429e+01,2.234169189258743824e-05,0.000000000000000000e+00,1.410129238527885144e-03
6.449999999999990186e-01,2.326971598680180264e+01,7.374410341180386297e+01,2.237649057464710509e-05,0.000000000000000000e+00,1.413545779020350390e-03
6.474999999999989653e-01,2.345424245263588148e+01,7.403696094227660751e+01,2.231786211406051269e-05,0.000000000000000000e+00,1.416963109450720439e-03
6.499999999999989120e-01,2.363950110940326965e+01,7.432990158597235109e+01,2.222121162180639196e-05,0.000000000000000000e+00,1.420381161083472373e-03
6.524999999999988587e-01,2.382549216476019183e+01,7.462292512395276844e+01,2.213555492232621022e-05,0.000000000000000000e+00,1.423799972503395636e-03
6.549999999999988054e-01,2.401221582582121172e+01,7.491603134810777931e+01,2.196967340772548255e-05,0.000000000000000000e+00,1.427219559983319017e-03
6.574999999999987521e-01,2.419967229918691842e+01,7.520922006096175494e+01,2.194320063245623904e-05,0.000000000000000000e+00,1.430639904480633662e-03
6.599999999999986988e-01,2.438786179096997131e+01,7.550249107549829830e+01,2.202795562941304601e-05,0.000000000000000000e+00,1.434060999144624263e-03
6.624999999999986455e-01,2.457678450682171700e+01,7.579584421536618777e+01,2.199688582639437121e-05,0.000000000000000000e+00,1.437482703136538269e-03
6.649999999999985922e-01,2.476644065195842614e+01,7.608927931454796578e+01,2.208678704740431523e-05,0.000000000000000000e+00,1.440904962215012759e-03
6.674999999999985389e-01,2.495683043118728150e+01,7.638279621703475186e+01,2.234520086198420443e-05,0.000000000000000000e+00,1.444327612193842736e-03
6.699999999999984857e-01,2.514795404893098052e+01,7.667639477736342712e+01,2.237141626927449908e-05,0.000000000000000000e+00,1.447750445674879198e-03
6.724999999999984324e-01,2.533981170925492066e+01,7.697007486060182657e+01,2.244956683018785022e-05,0.000000000000000000e+00,1.451173365702679340e-03
6.749999999999983791e-01,2.553240361589258001e+01,7.726383634177733484e+01,2.267215055763314915e-05,0.000000000000000000e+00,1.454596296785031070e-03
6.774999999999983258e-01,2.572572997227106129e+01,7.755767910641267804e+01,2.255333813191320831e-05,0.000000000000000000e+00,1.458019037556668998e-03
6.799999999999982725e-01,2.591979098153720784e+01,7.785160305007890713e+01,2.232006318741901486e-05,0.000000000000000000e+00,1.461441598949939297e-03
6.824999999999982192e-01,2.611458684658205698e+01,7.814560807821624167e+01,2.219606233423166089e-05,0.000000000000000000e+00,1.464864017439554758e-03
6.849999999999981659e-01,2.631011777006614949e+01,7.843969410582971591e+01,2.231072536641470777e-05,0.000000000000000000e+00,1.468286252068183020e-03
6.874999999999981126e-01,2.650638395444244466e+01,7.873386105745102270e+01,2.241773584292218414e-05,0.000000000000000000e+00,1.471708199285092292e-03
6.899999999999980593e-01,2.670338560198125677e+01,7.902810886749900021e+01,2.219403825868795010e-05,0.000000000000000000e+00,1.475129714322260784e-03
6.924999999999980060e-01,2.690112291479440643e+01,7.932243747962399993e+01,2.217622333038521713e-05,0.000000000000000000e+00,1.478550811165717628e-03
6.949999999999979527e-01,2.709959609485733267e+01,7.961684684607966744e+01,2.224936264912300135e-05,0.000000000000000000e+00,1.481971419153651571e-03
6.974999999999978995e-01,2.729880534403149639e+01,7.991133692798506161e+01,2.223028271532735418e-05,0.000000000000000000e+00,1.485391453122599740e-03
6.999999999999978462e-01,2.749875086408607316e+01,8.020590769506098638e+01,2.214935288699413932e-05,0.000000000000000000e+00,1.488810844670612451e-03
7.024999999999977929e-01,2.769943285671923405e+01,8.050055912530282853e+01,2.223801653148864768e-05,0.000000000000000000e+00,1.492229515157645356e-03
7.049999999999977396e-01,2.790085152357862341e+01,8.079529120462035507e+01,2.231459606213324516e-05,0.000000000000000000e+00,1.495647376801241156e-03
7.074999999999976863e-01,2.810300706628101253e+01,8.109010392651585164e+01,2.242824642895201179e-05,0.000000000000000000e+00,1.499064320408540884e-03
7.099999999999976330e-01,2.830589968643152332e+01,8.138499729172480102e+01,2.247846011506352606e-05,0.000000000000000000e+00,1.502480238463910775e-03
7.124999999999975797e-01,2.850952958564065653e+01,8.167997130815170692e+01,2.261291953296555156e-05,0.000000000000000000e+00,1.505895036778788715e-03
7.149999999999975264e-01,2.871389696554324544e+01,8.197502599049018102e+01,2.262216472922069302e-05,0.000000000000000000e+00,1.509308643232506325e-03
7.174999999999974731e-01,2.891900202781408069e+01,8.227016135928808183e+01,2.258678844989977369e-05,0.000000000000000000e+00,1.512720987199679592e-03
7.199999999999974198e-01,2.912484497418238050e+01,8.256537744117743216e+01,2.271933184959872113e-05,0.000000000000000000e+00,1.516132005187468407e-03
7.224999999999973666e-01,2.933142600644762865e+01,8.286067426824382665e+01,2.261685234979714533e-05,0.000000000000000000e+00,1.519541619920303580e-03
7.249999999999973133e-01,2.953874532649259166e+01,8.315605187783589258e+01,2.281249128310332483e-05,0.000000000000000000e+00,1.522949793117472092e-03
7.274999999999972600e-01,2.974680313629573902e+01,8.345151031152174426e+01,2.257817477363254722e-05,0.000000000000000000e+00,1.526356454600864311e-03
7.299999999999972067e-01,2.995559965955029114e+01,8.374696600806247204e+01,2.268267878537437852e-05,0.000000000000000000e+00,1.529761572374945542e-03
7.324999999999971534e-01,3.016513471876021413e+01,8.404224481993668405e+01,2.279487667995517519e-05,0.000000000000000000e+00,1.533165081368892055e-03
7.349999999999971001e-01,3.037540787176629564e+01,8.433734199385570207e+01,2.264544440085773793e-05,0.000000000000000000e+00,1.536566931164396735e-03
7.374999999999970468e-01,3.058641866451314328e+01,8.463225765683939983e+01,2.241653453713769774e-05,0.000000000000000000e+00,1.539967082035301237e-03
7.399999999999969935e-01,3.079816664326325082e+01,8.492699183015089659e+01,2.226517057043747859e-05,0.000000000000000000e+00,1.543365477097321387e-03
7.424999999999969402e-01,3.101065135431833042e+01,8.522154458610991412e+01,2.225676348674362630e-05,0.000000000000000000e+00,1.546762056744857864e-03
7.449999999999968869e-01,3.122387234421485047e+01,8.551591604094670629e+01,2.212811594327570062e-05,0.000000000000000000e+00,1.550156755217197172e-03
7.474999999999968336e-01,3.143782915973329750e+01,8.581010626635367089e+01,2.190539437341608987e-05,0.000000000000000000e+00,1.553549501355114531e-03
7.499999999999967804e-01,3.165252134784737947e+01,8.610411534522187083e+01,2.201234262179876610e-05,0.000000000000000000e+00,1.556940219379781415e-03
7.524999999999967271e-01,3.186794845573806256e+01,8.639794336005925857e+01,2.194001751449215897e-05,0.000000000000000000e+00,1.560328853460433767e-03
7.549999999999966738e-01,3.208411003079117307e+01,8.669159039186021687e+01,2.232327055185991696e-05,0.000000000000000000e+00,1.563715333965886006e-03
7.574999999999966205e-01,3.230100562059525515e+01,8.698505652039831659e+01,2.242941505124161402e-05,0.000000000000000000e+00,1.567099654581996645e-03
7.599999999999965672e-01,3.251863477293682791e+01,8.727834182354533255e+01,2.275479069217905845e-05,0.000000000000000000e+00,1.570481784229247170e-03
7.624999999999965139e-01,3.273699703579579534e+01,8.757144637642383600e+01,2.318713412620897299e-05,0.000000000000000000e+00,1.573861746949320505e-03
7.649999999999964606e-01,3.295609195733849361e+01,8.786437025092587305e+01,2.294602099391512297e-05,0.000000000000000000e+00,1.577239648846656987e-03
7.674999999999964073e-01,3.317591908590854644e+01,8.815711351507739835e+01,2.249085088875302821e-05,0.000000000000000000e+00,1.580615410741916015e-03
7.699999999999963540e-01,3.339647797001728691e+01,8.844967623228183129e+01,2.248297383836976620e-05,0.000000000000000000e+00,1.583988895078362272e-03
7.724999999999963007e-01,3.361776815833196252e+01,8.874205846024651123e+01,2.250797007967258301e-05,0.000000000000000000e+00,1.587360094853535082e-03
7.749999999999962474e-01,3.383978919965996113e+01,8.903426025074976735e+01,2.275367723863059332e-05,0.000000000000000000e+00,1.590728982487584365e-03
7.774999999999961942e-01,3.406254064293560901e+01,8.932628164923602299e+01,2.281915588837300034e-05,0.000000000000000000e+00,1.594095600205175942e-03
7.799999999999961409e-01,3.428602203720269159e+01,8.961812269472048342e+01,2.299942531247776289e-05,0.000000000000000000e+00,1.597459970581079775e-03
7.824999999999960876e-01,3.451023293159862249e+01,8.990978341868103030e+01,2.334227500890132361e-05,0.000000000000000000e+00,1.600822162447512699e-03
7.849999999999960343e-01,3.473517287533493203e+01,9.020126384443526035e+01,2.329899650850963735e-05,0.000000000000000000e+00,1.604182302127941159e-03
7.874999999999959810e-01,3.496084141767701681e+01,9.049256398685078295e+01,2.358391360110822217e-05,0.000000000000000000e+00,1.607540421425928409e-03
7.899999999999959277e-01,3.518723810792169360e+01,9.078368385089991932e+01,2.357768699636602608e-05,0.000000000000000000e+00,1.610896676842044767e-03
7.924999999999958744e-01,3.541436249537284908e+01,9.107462343193869003e+01,2.404706831273850426e-05,-2.400000000000000332e-04,1.614251114956735027e-03
7.949999999999958211e-01,3.564221412931822641e+01,9.136538271599353322e+01,2.082550899513462957e-05,0.000000000000000000e+00,1.617494630776776651e-03
7.974999999999957678e-01,3.587079255900347619e+01,9.165596167772113745e+01,2.071938561496884635e-05,0.000000000000000000e+00,1.620365024794837754e-03
8.000000000000000444e-01,3.610009733360528372e+01,9.194636028019343144e+01,2.036814227434027738e-05,0.000000000000000000e+00,1.623233979095500823e-03
8.024999999999999911e-01,3.633012799733178610e+01,9.223650062823975304e+01,2.019441985463086967e-05,0.000000000000000000e+00,1.626101395481962088e-03
8.049999999999999378e-01,3.656088382101977885e+01,9.252630482703520443e+01,2.042227367039275954e-05,0.000000000000000000e+00,1.628967231804728235e-03
8.074999999999998845e-01,3.679236396426665578e+01,9.281577281861525819e+01,2.020488814337039667e-05,0.000000000000000000e+00,1.631831634582180460e-03
8.099999999999998312e-01,3.702456758651744195e+01,9.310490453193527571e+01,2.003303158530968795e-05,0.000000000000000000e+00,1.634694567875859305e-03
8.124999999999997780e-01,3.725749384703271971e+01,9.339369988308409631e+01,2.006779276925578943e-05,0.000000000000000000e+00,1.637555932600602820e-03
8.149999999999997247e-01,3.749114190485565956e+01,9.368215877565178573e+01,2.006162687307007830e-05,0.000000000000000000e+00,1.640415790345283028e-03
8.174999999999996714e-01,3.772551091878100493e+01,9.397028109932776374e+01,1.952184994414971723e-05,0.000000000000000000e+00,1.643274186149805546e-03
8.199999999999996181e-01,3.796060004732022009e+01,9.425806673015678427e+01,1.961165366630809897e-05,0.000000000000000000e+00,1.646130850301501941e-03
8.224999999999995648e-01,3.819640844866651008e+01,9.454551552984342777e+01,2.012952827298839279e-05,0.000000000000000000e+00,1.648985918374590949e-03
8.249999999999995115e-01,3.843293528065932918e+01,9.483262734507887615e+01,2.050726004617251463e-05,0.000000000000000000e+00,1.651839728380946485e-03
8.274999999999994582e-01,3.867017970074629574e+01,9.511940200882997942e+01,2.054960784291274154e-05,0.000000000000000000e+00,1.654692643400776158e-03
8.299999999999994049e-01,3.890814086594959065e+01,9.540583933953749352e+01,2.074658112938914490e-05,0.000000000000000000e+00,1.657544758402874300e-03
8.324999999999993516e-01,3.914681793282955624e+01,9.569193914100127074e+01,2.045993645368726090e-05,0.000000000000000000e+00,1.660396337845947146e-03
8.349999999999992983e-01,3.938621005744729331e+01,9.597770120248387116e+01,2.016045412638288787e-05,0.000000000000000000e+00,1.663247210008582866e-03
8.374999999999992450e-01,3.962631639532876449e+01,9.626312529773097992e+01,2.059927819097551191e-05,0.000000000000000000e+00,1.666097229962471005e-03
8.399999999999991918e-01,3.986713610142561492e+01,9.654821118570110627e+01,2.062753146742595358e-05,0.000000000000000000e+00,1.668946741876036225e-03
8.424999999999991385e-01,4.010866833007824539e+01,9.683295860968938484e+01,2.048702170506486151e-05,0.000000000000000000e+00,1.671795895986326807e-03
8.449999999999990852e-01,4.035091223497678214e+01,9.711736729811072166e+01,2.032467336962229631e-05,0.000000000000000000e+00,1.674644636300593034e-03
8.474999999999990319e-01,4.059386696912379477e+01,9.740143696488286196e+01,2.021819643732253270e-05,0.000000000000000000e+00,1.677492902604478401e-03
8.499999999999989786e-01,4.083753168479841378e+01,9.768516730982382512e+01,1.964840770240347989e-05,0.000000000000000000e+00,1.680340666991066980e-03
8.524999999999989253e-01,4.108190553352216767e+01,9.796855801826301047e+01,1.940959436841715817e-05,0.000000000000000000e+00,1.683187466651547967e-03
8.549999999999988720e-01,4.132698766602056395e+01,9.825160876125461584e+01,1.915074422294322200e-05,0.000000000000000000e+00,1.686033166019339962e-03
8.574999999999988187e-01,4.157277723218938803e+01,9.853431919558894947e+01,1.941327907694034467e-05,0.000000000000000000e+00,1.688877631837522927e-03
8.599999999999987654e-01,4.181927338105787584e+01,9.881668896371837718e+01,1.972611580030232431e-05,0.000000000000000000e+00,1.691721119067418231e-03
8.624999999999987121e-01,4.206647526075373378e+01,9.909871769462982627e+01,1.982470447506256306e-05,0.000000000000000000e+00,1.694563878180568254e-03
8.649999999999986589e-01,4.231438201846964375e+01,9.938040500433733371e+01,1.976247226203318893e-05,0.000000000000000000e+00,1.697406168462735343e-03
8.674999999999986056e-01,4.256299280043084821e+01,9.966175049564974131e+01,2.023386494177347166e-05,0.000000000000000000e+00,1.700248060729192198e-03
8.699999999999985523e-01,4.281230675186201040e+01,9.994275375892718216e+01,2.042491413667663652e-05,0.000000000000000000e+00,1.703090015918263221e-03
8.724999999999984990e-01,4.306232301695764875e+01,1.002234143732609795e+02,2.085641903002667191e-05,0.000000000000000000e+00,1.705932280535277365e-03
8.749999999999984457e-01,4.331304073885324613e+01,1.005037319058763643e+02,2.085230104928972774e-05,0.000000000000000000e+00,1.708775341494612587e-03
8.774999999999983924e-01,4.356445905959583342e+01,1.007837059131536392e+02,2.094438302252327598e-05,0.000000000000000000e+00,1.711619198412696156e-03
8.799999999999983391e-01,4.381657712011704575e+01,1.010633359407574403e+02,2.068222679072867951e-05,0.000000000000000000e+00,1.714464111356001855e-03
8.824999999999982858e-01,4.406939406020727290e+01,1.013426215253619631e+02,2.073290216532127988e-05,0.000000000000000000e+00,1.717309849906826754e-03
8.849999999999982325e-01,4.432290901849528098e+01,1.016215622062083241e+02,2.049005989984163992e-05,0.000000000000000000e+00,1.720156387369359274e-03
8.874999999999981792e-01,4.457712113246171981e+01,1.019001575196410982e+02,2.078182088084328330e-05,0.000000000000000000e+00,1.723003634561039426e-03
8.899999999999981259e-01,4.483202953842288707e+01,1.021784069939477035e+02,2.079138564733066708e-05,0.000000000000000000e+00,1.725851936176685253e-03
8.924999999999980727e-01,4.508763337151075490e+01,1.024563101490990817e+02,2.045821098983974169e-05,0.000000000000000000e+00,1.728701367010214776e-03
8.949999999999980194e-01,4.534393176565328076e+01,1.027338664974905953e+02,2.076900971901098677e-05,0.000000000000000000e+00,1.731551620641427151e-03
8.974999999999979661e-01,4.560092385355472544e+01,1.030110755446921047e+02,2.077717152335646284e-05,0.000000000000000000e+00,1.734403089545886794e-03
8.999999999999979128e-01,4.585860876667972263e+01,1.032879367896113223e+02,2.101600546946351535e-05,0.000000000000000000e+00,1.737255882034869454e-03
9.024999999999978595e-01,4.611698563523631123e+01,1.035644497248695473e+02,2.093305847838310696e-05,0.000000000000000000e+00,1.740110263681953449e-03
9.049999999999978062e-01,4.637605358816092149e+01,1.038406138368910092e+02,2.055118306382045721e-05,0.000000000000000000e+00,1.742966075162769761e-03
9.074999999999977529e-01,4.663581175310282845e+01,1.041164286076209606e+02,2.053222055008800155e-05,0.000000000000000000e+00,1.745823104707349641e-03
9.099999999999976996e-01,4.689625925641384185e+01,1.043918935149876859e+02,2.037342470943037765e-05,0.000000000000000000e+00,1.748681270198335471e-03
9.124999999999976463e-01,4.715739522313813126e+01,1.046670080325787353e+02,2.053999053703946045e-05,0.000000000000000000e+00,1.751540507123303201e-03
9.149999999999975930e-01,4.741921877700200127e+01,1.049417716305129744e+02,2.003312504568541123e-05,0.000000000000000000e+00,1.754400982798464499e-03
9.174999999999975397e-01,4.768172904040466875e+01,1.052161837766645931e+02,2.037059486006165027e-05,0.000000000000000000e+00,1.757262267905401526e-03
9.199999999999974865e-01,4.794492513441463899e+01,1.054902439370147249e+02,2.020951433664451894e-05,0.000000000000000000e+00,1.760124717789505848e-03
9.224999999999974332e-01,4.820880617876407115e+01,1.057639555511562293e+02,1.990700787483080689e-05,0.000000000000000000e+00,1.762988246845359312e-03
9.249999999999973799e-01,4.847337133318088576e+01,1.060374619269416172e+02,2.023140492036353894e-05,0.000000000000000000e+00,1.765852613482462577e-03
9.274999999999973266e-01,4.873862017593533125e+01,1.063108315309370937e+02,2.040653384351159629e-05,0.000000000000000000e+00,1.768718096114924032e-03
9.299999999999972733e-01,4.900455236477508691e+01,1.065840637939765827e+02,2.049945390812235653e-05,0.000000000000000000e+00,1.771584834224447643e-03
9.324999999999972200e-01,4.927116755602473575e+01,1.068571581466347311e+02,2.037216150464303403e-05,0.000000000000000000e+00,1.774453111784915146e-03
9.349999999999971667e-01,4.953846540458516046e+01,1.071301140191975918e+02,2.092389264642430285e-05,0.000000000000000000e+00,1.777322854290957436e-03
9.374999999999971134e-01,4.980644556393270506e+01,1.074029308419689244e+02,2.079557892790659366e-05,0.000000000000000000e+00,1.780194440480378001e-03
9.399999999999970601e-01,5.007510768611987118e+01,1.076756080461981355e+02,2.043168377194082329e-05,0.000000000000000000e+00,1.783067810960599396e-03
9.424999999999970068e-01,5.034445142177819577e+01,1.079481450642977336e+02,2.039667539941205962e-05,0.000000000000000000e+00,1.785942671592286122e-03
9.449999999999969535e-01,5.061447642012047510e+01,1.082205413299904251e+02,2.054589020362559081e-05,0.000000000000000000e+00,1.788818908939838939e-03
9.474999999999969003e-01,5.088518232894487170e+01,1.084927962789245015e+02,2.072547105840996635e-05,0.000000000000000000e+00,1.791696698559935765e-03
9.499999999999968470e-01,5.115656879463966078e+01,1.087649093484805576e+02,2.075974594649340269e-05,0.000000000000000000e+00,1.794576199540509967e-03
9.524999999999967937e-01,5.142863546218807613e+01,1.090368799785036629e+02,2.056585237458838903e-05,0.000000000000000000e+00,1.797457543553167454e-03
9.549999999999967404e-01,5.170138197517425027e+01,1.093087076117911636e+02,2.031496738152575805e-05,0.000000000000000000e+00,1.800340451631478192e-03
9.574999999999966871e-01,5.197480797579105172e+01,1.095803916935838060e+02,2.016883316509553330e-05,0.000000000000000000e+00,1.803224799528629690e-03
9.599999999999966338e-01,5.224891310484566276e+01,1.098519316718012107e+02,2.027390213643094421e-05,0.000000000000000000e+00,1.806110478546804924e-03
9.624999999999965805e-01,5.252369700176657830e+01,1.101233269971383919e+02,2.022987206857861748e-05,0.000000000000000000e+00,1.808997628656844802e-03
9.649999999999965272e-01,5.279915930461118023e+01,1.103945771236985109e+02,2.059940170844837978e-05,0.000000000000000000e+00,1.811886261072908483e-03
9.674999999999964739e-01,5.307529965007388739e+01,1.106656815090308896e+02,2.057683482920540983e-05,0.000000000000000000e+00,1.814776589035298768e-03
9.699999999999964206e-01,5.335211767349453282e+01,1.109366396135935560e+02,2.002824299588038418e-05,0.000000000000000000e+00,1.817668588864109532e-03
9.724999999999963674e-01,5.362961300886588134e+01,1.112074509007644423e+02,2.001356684677931639e-05,0.000000000000000000e+00,1.820561942964937091e-03
9.749999999999963141e-01,5.390778528884102627e+01,1.114781148368262791e+02,2.018956768717589570e-05,0.000000000000000000e+00,1.823456617986593531e-03
9.774999999999962608e-01,5.418663414474025330e+01,1.117486308913564415e+02,2.026349576726789496e-05,0.000000000000000000e+00,1.826352816308419568e-03
9.799999999999962075e-01,5.446615919832441222e+01,1.120190702821439004e+02,2.027359139983523208e-05,0.000000000000000000e+00,1.829250542893727733e-03
9.824999999999961542e-01,5.474636050103036666e+01,1.122900796483342276e+02,2.034972221558296955e-05,0.000000000000000000e+00,1.832149825411386306e-03
9.849999999999961009e-01,5.502723974088407743e+01,1.125618178965877973e+02,2.037559969565669665e-05,0.000000000000000000e+00,1.835050709799883979e-03
9.874999999999960476e-01,5.530879873969228555e+01,1.128342843259418800e+02,2.004454264297198597e-05,0.000000000000000000e+00,1.837953227312764124e-03
9.899999999999959943e-01,5.559103931750814809e+01,1.131074782330951223e+02,2.030984300803329525e-05,0.000000000000000000e+00,1.840857282385692517e-03
9.924999999999959410e-01,5.587396329262475803e+01,1.133813989115478194e+02,1.981454492407348233e-05,0.000000000000000000e+00,1.843762964392157587e-03
9.949999999999958877e-01,5.615757248156717196e+01,1.136560456515867656e+02,2.002848521831440944e-05,0.000000000000000000e+00,1.846670203896021070e-03
9.974999999999958344e-01,5.644186869908438098e+01,1.139314177400587198e+02,1.980238020926008318e-05,0.000000000000000000e+00,1.849579062375850862e-03
9.999999999999957812e-01,5.672685376335358143e+01,1.142074690448330756e+02,1.944157840934654093e-05,0.000000000000000000e+00,1.852489521266297403e-03
1.002499999999995728e+00,5.701252921793511774e+01,1.144837891862913466e+02,1.971794294561003309e-05,0.000000000000000000e+00,1.855401594513086342e-03
1.004999999999995675e+00,5.729889556779004067e+01,1.147602765286683422e+02,1.998879797901205362e-05,0.000000000000000000e+00,1.858315388378892555e-03
1.007499999999995621e+00,5.758595323057738113e+01,1.150369304669060284e+02,1.959639428411834164e-05,0.000000000000000000e+00,1.861230972134883402e-03
1.009999999999995568e+00,5.787370262243118901e+01,1.153137503791546976e+02,1.977095318249372523e-05,0.000000000000000000e+00,1.864148378175806359e-03
1.012499999999995515e+00,5.816214415796198267e+01,1.155907356741354448e+02,1.955195392910032958e-05,0.000000000000000000e+00,1.867067674152126733e-03
1.014999999999995461e+00,5.845127825027468305e+01,1.158678857494088987e+02,1.907974517806920495e-05,0.000000000000000000e+00,1.869988923085355277e-03
1.017499999999995408e+00,5.874110531095983134e+01,1.161451999694925235e+02,1.898371799515389253e-05,0.000000000000000000e+00,1.872912271348602239e-03
1.020000000000000018e+00,5.903162575003318580e+01,1.164226777174220189e+02,1.901190396072199225e-05,0.000000000000000000e+00,1.875837826484401307e-03
1.022499999999999964e+00,5.932283993822542811e+01,1.166997152241231674e+02,1.882981688427045800e-05,0.000000000000000000e+00,1.878765661912835646e-03
1.024999999999999911e+00,5.961474612774101445e+01,1.169757089269695740e+02,1.869119816993892872e-05,0.000000000000000000e+00,1.881695979080482990e-03
1.027499999999999858e+00,5.990734170887549936e+01,1.172506584803880401e+02,1.833653112269877141e-05,0.000000000000000000e+00,1.884628897831017386e-03
1.029999999999999805e+00,6.020062407106068747e+01,1.175245635398892006e+02,1.795385000699405360e-05,0.000000000000000000e+00,1.887564663478803577e-03
1.032499999999999751e+00,6.049459060286764611e+01,1.177974237618172850e+02,1.798334624918001038e-05,0.000000000000000000e+00,1.890503563927783135e-03
1.034999999999999698e+00,6.078923869200891517e+01,1.180692388029230528e+02,1.771605594072406953e-05,0.000000000000000000e+00,1.893445770269531212e-03
1.037499999999999645e+00,6.108456572533918916e+01,1.183400083201353823e+02,1.762412131614574746e-05,0.000000000000000000e+00,1.896391588603445156e-03
1.039999999999999591e+00,6.138056908885520357e+01,1.186097319702723638e+02,1.811123419026197719e-05,0.000000000000000000e+00,1.899341242525837440e-03
1.042499999999999538e+00,6.167724616769568513e+01,1.188784094099039521e+02,1.821929174167197474e-05,0.000000000000000000e+00,1.902294679912161198e-03
1.044999999999999485e+00,6.197459480217921168e+01,1.191442755377613736e+02,1.876110985315155780e-05,0.000000000000000000e+00,1.905251987168674879e-03
1.047499999999999432e+00,6.227260436157141044e+01,1.194036538174335504e+02,1.820174723464794777e-05,0.000000000000000000e+00,1.908213014220283337e-03
1.049999999999999378e+00,6.257125862715000153e+01,1.196564438390255418e+02,1.792413167128476597e-05,0.000000000000000000e+00,1.911178163275702342e-03
1.052499999999999325e+00,6.287054112900359115e+01,1.199026468926623750e+02,1.822217146969700853e-05,0.000000000000000000e+00,1.914147783444858624e-03
1.054999999999999272e+00,6.317043540046123695e+01,1.201422642953157407e+02,1.817815852556884624e-05,0.000000000000000000e+00,1.917121823156888501e-03
1.057499999999999218e+00,6.347092497815975776e+01,1.203752973901766268e+02,1.820459215207035250e-05,0.000000000000000000e+00,1.920100354187653487e-03
1.059999999999999165e+00,6.377199340210798084e+01,1.206017475463903423e+02,1.857688551499024561e-05,0.000000000000000000e+00,1.923083496543932184e-03
1.062499999999999112e+00,6.407362421575196265e+01,1.208216161581639341e+02,1.867607982745864080e-05,0.000000000000000000e+00,1.926071046719186148e-03
1.064999999999999059e+00,6.437580096898010140e+01,1.210348790137503556e+02,1.878069852759799412e-05,0.000000000000000000e+00,1.929062993850000612e-03
1.067499999999999005e+00,6.467850706126762361e+01,1.212413064893071493e+02,1.894121031394304969e-05,0.000000000000000000e+00,1.932059232845129322e-03
1.069999999999998952e+00,6.498172531109518957e+01,1.214408434583004350e+02,1.917854987230138694e-05,0.000000000000000000e+00,1.935059754629677364e-03
1.072499999999998899e+00,6.528543849329879833e+01,1.216334918608198876e+02,1.930842105473358898e-05,0.000000000000000000e+00,1.938064415560198641e-03
1.074999999999998845e+00,6.558962938757767347e+01,1.218192536613104835e+02,1.977164208918477033e-05,0.000000000000000000e+00,1.941073007532930850e-03
1.077499999999998792e+00,6.589428077855679078e+01,1.219981308487268876e+02,2.010010723625487353e-05,0.000000000000000000e+00,1.944085233087023551e-03
1.079999999999998739e+00,6.619937545584609495e+01,1.221701254357474653e+02,2.021172374971992849e-05,0.000000000000000000e+00,1.947100703051682412e-03
1.082499999999998685e+00,6.650489621410088148e+01,1.223352394585604941e+02,2.024395639477792741e-05,0.000000000000000000e+00,1.950119248814032469e-03
1.084999999999998632e+00,6.681082585308028854e+01,1.224934749772913278e+02,2.033508718283826087e-05,0.000000000000000000e+00,1.953140825038112392e-03
1.087499999999998579e+00,6.711714717770635730e+01,1.226448340751685606e+02,2.057286322499154736e-05,0.000000000000000000e+00,1.956165313312429547e-03
1.089999999999998526e+00,6.742384299812283643e+01,1.227893188589052045e+02,2.102651083779452835e-05,0.000000000000000000e+00,1.959192231410369824e-03
1.092499999999998472e+00,6.773089587002242240e+01,1.229273845462116697e+02,2.065975392561763822e-05,0.000000000000000000e+00,1.962221060771638693e-03
1.094999999999998419e+00,6.803829119352678845e+01,1.230608700619239499e+02,2.083893072616588922e-05,0.000000000000000000e+00,1.965252004448506031e-03
1.097499999999998366e+00,6.834601774746796821e+01,1.231899805469878828e+02,2.090337083957502043e-05,0.000000000000000000e+00,1.968284898030943277e-03
1.099999999999998312e+00,6.865406459509529213e+01,1.233147174568726001e+02,2.089672709552638683e-05,0.000000000000000000e+00,1.971319414901168566e-03
1.102499999999998259e+00,6.896242080330468127e+01,1.234350822628603623e+02,2.118659101283852254e-05,0.000000000000000000e+00,1.974355513723302733e-03
1.104999999999998206e+00,6.927107544267953188e+01,1.235510764525942307e+02,2.119712186127163699e-05,0.000000000000000000e+00,1.977392728247884431e-03
1.107499999999998153e+00,6.958001758753184163e+01,1.236627015308743722e+02,2.151625927779239394e-05,0.000000000000000000e+00,1.980430916344760525e-03
1.110000000000000098e+00,6.988923631594582275e+01,1.237699590201763726e+02,2.230831137318452359e-05,0.000000000000000000e+00,1.983469602002926099e-03
1.112500000000000044e+00,7.019872078037037966e+01,1.238739778091349564e+02,2.205106607960752757e-05,0.000000000000000000e+00,1.986507876705874334e-03
1.114999999999999991e+00,7.050846409385492564e+01,1.239758861637694309e+02,2.229624529500059098e-05,0.000000000000000000e+00,1.989545766424875503e-03
1.117499999999999938e+00,7.081846098069449624e+01,1.240756847596225185e+02,2.208593395874894769e-05,0.000000000000000000e+00,1.992582964051318496e-03
1.119999999999999885e+00,7.112870616688212522e+01,1.241733742872947914e+02,2.177337352986125695e-05,0.000000000000000000e+00,1.995619522331770843e-03
1.122499999999999831e+00,7.143919438014501111e+01,1.242689554528287346e+02,2.232933887070692226e-05,0.000000000000000000e+00,1.998655673650701851e-03
1.124999999999999778e+00,7.174992034998562929e+01,1.243624289740404691e+02,2.253298623543922239e-05,0.000000000000000000e+00,2.001690674219214726e-03
1.127499999999999725e+00,7.206087880770149923e+01,1.244537955702298433e+02,2.247383033213763121e-05,0.000000000000000000e+00,2.004724094429878676e-03
1.129999999999999671e+00,7.237206448639268785e+01,1.245430559752304873e+02,2.239252365588159809e-05,0.000000000000000000e+00,2.007755930654016047e-03
1.132499999999999618e+00,7.268347212100495369e+01,1.246302109409506329e+02,2.262977772213698219e-05,0.000000000000000000e+00,2.010786143569809770e-03
1.134999999999999565e+00,7.299509644837444000e+01,1.247152612384381882e+02,2.226866986034261071e-05,0.000000000000000000e+00,2.013814425861053942e-03
1.137499999999999512e+00,7.330693220727458481e+01,1.247982076576649462e+02,2.307619978605126931e-05,0.000000000000000000e+00,2.016840850144733469e-03
1.139999999999999458e+00,7.361897413846629945e+01,1.248790510090631614e+02,2.392153204145889712e-05,0.000000000000000000e+00,2.019864700409366911e-03
1.142499999999999405e+00,7.393121739150400629e+01,1.249570825664628160e+02,2.465966010332308229e-05,-2.400000000000000332e-04,2.022884999316548749e-03
1.144999999999999352e+00,7.424365267187650375e+01,1.250294270282395246e+02,1.913141849843641963e-05,0.000000000000000000e+00,2.025697437911629182e-03
1.147499999999999298e+00,7.455626540564236393e+01,1.250957681292950809e+02,1.926423607389379851e-05,0.000000000000000000e+00,2.027811858382193907e-03
1.149999999999999245e+00,7.486904058597622225e+01,1.251561086531576308e+02,1.908411762633402590e-05,0.000000000000000000e+00,2.029921181318873179e-03
1.152499999999999192e+00,7.518196321302522733e+01,1.252107569038531665e+02,1.826068372141345463e-05,0.000000000000000000e+00,2.032025589883384564e-03
1.154999999999999138e+00,7.549502147068652391e+01,1.252707686662916302e+02,1.837874711060907503e-05,0.000000000000000000e+00,2.034125802157361277e-03
1.157499999999999085e+00,7.580823581124499810e+01,1.253414446864869234e+02,1.862636518380385851e-05,0.000000000000000000e+00,2.036221641218342263e-03
1.159999999999999920e+00,7.612163289252296750e+01,1.254227800049521733e+02,1.813140250655357260e-05,0.000000000000000000e+00,2.038312914611498106e-03
1.162499999999999867e+00,7.643523761872279465e+01,1.254869491940421824e+02,1.797541546124928598e-05,0.000000000000000000e+00,2.040400080222939776e-03
1.164999999999999813e+00,7.674897388308812651e+01,1.255191336812614651e+02,1.745800768910452198e-05,0.000000000000000000e+00,2.042483331072984017e-03
1.167499999999999760e+00,7.706278824678645378e+01,1.255464065675097629e+02,1.709722423483924278e-05,0.000000000000000000e+00,2.044563027919697913e-03
1.169999999999999707e+00,7.737666843066645583e+01,1.255695184426129174e+02,1.692709577463807693e-05,0.000000000000000000e+00,2.046639397437188031e-03
1.172499999999999654e+00,7.769060403347647537e+01,1.255884715619740319e+02,1.686213668225288313e-05,0.000000000000000000e+00,2.048712589106398922e-03
1.174999999999999600e+00,7.800458462079741651e+01,1.256036063605777002e+02,1.716198591553544427e-05,0.000000000000000000e+00,2.050782745873814227e-03
1.177499999999999547e+00,7.831860179531817323e+01,1.256179750365144088e+02,1.722166874405118019e-05,0.000000000000000000e+00,2.052849594998467850e-03
1.179999999999999494e+00,7.863265488378941370e+01,1.256323301636771674e+02,1.710873572250965800e-05,0.000000000000000000e+00,2.054913149209941069e-03
1.182499999999999440e+00,7.894674385247269299e+01,1.256466719864349670e+02,1.766612290239371659e-05,0.000000000000000000e+00,2.056973634115116887e-03
1.184999999999999387e+00,7.926086866825141897e+01,1.256610007681354801e+02,1.802108677777090155e-05,0.000000000000000000e+00,2.059030705600132464e-03
1.187499999999999334e+00,7.957502929867803232e+01,1.256753167898548895e+02,1.815012620405386776e-05,0.000000000000000000e+00,2.061084381697234937e-03
1.189999999999999281e+00,7.988922571201700862e+01,1.256896203498638016e+02,1.746751985518149605e-05,0.000000000000000000e+00,2.063134708041771802e-03
1.192499999999999227e+00,8.020345787728855669e+01,1.257039117632017309e+02,1.802067384135182400e-05,0.000000000000000000e+00,2.065182116598611450e-03
1.194999999999999174e+00,8.051772576430917638e+01,1.257181913602010042e+02,1.798929387547493623e-05,0.000000000000000000e+00,2.067226489595463262e-03
1.197499999999999121e+00,8.083202934372978632e+01,1.257324594867135659e+02,1.867797265819507281e-05,0.000000000000000000e+00,2.069267973084107717e-03
1.199999999999999956e+00,8.114636858707569900e+01,1.257467165036755290e+02,1.823460547332984789e-05,0.000000000000000000e+00,2.071306509854852537e-03
1.202499999999999902e+00,8.146074343877985768e+01,1.257605154183481062e+02,1.802265162571624048e-05,0.000000000000000000e+00,2.073342448749518601e-03
1.204999999999999849e+00,8.177515227408765952e+01,1.257734095700667609e+02,1.762278377325657768e-05,0.000000000000000000e+00,2.075376080581786773e-03
1.207499999999999796e+00,8.208959283157285824e+01,1.257853998098387649e+02,1.808595282219256902e-05,0.000000000000000000e+00,2.077407667383456523e-03
1.209999999999999742e+00,8.240406285194046632e+01,1.257964869966561707e+02,1.718513950185064220e-05,0.000000000000000000e+00,2.079437295292612363e-03
1.212499999999999689e+00,8.271856007804747435e+01,1.258066719977776984e+02,1.704396597294948287e-05,0.000000000000000000e+00,2.081465353854455077e-03
1.214999999999999636e+00,8.303308225492415318e+01,1.258159556869204323e+02,1.687186717334707134e-05,0.000000000000000000e+00,2.083492043223785384e-03
1.217499999999999583e+00,8.334762712978682941e+01,1.258243389411838393e+02,1.705723440672693512e-05,0.000000000000000000e+00,2.085517529353527865e-03
1.219999999999999529e+00,8.366219245204706567e+01,1.258318226425304545e+02,1.793591821549307417e-05,0.000000000000000000e+00,2.087541905473294050e-03
1.222499999999999476e+00,8.397677597332375399e+01,1.258384076754923200e+02,1.777949850545558743e-05,0.000000000000000000e+00,2.089565193981666492e-03
1.224999999999999423e+00,8.429137544744858701e+01,1.258440949262838444e+02,1.755093343756566895e-05,0.000000000000000000e+00,2.091587614095538963e-03
1.227499999999999369e+00,8.460598863046811857e+01,1.258488852815682009e+02,1.714826737624961894e-05,0.000000000000000000e+00,2.093609392027105404e-03
1.229999999999999316e+00,8.492061328064633585e+01,1.258527796265509409e+02,1.678489589442614709e-05,0.000000000000000000e+00,2.095630740966864490e-03
1.232499999999999263e+00,8.523524715845843502e+01,1.258557788440801346e+02,1.608863635337962709e-05,0.000000000000000000e+00,2.097651835034441622e-03
1.234999999999999210e+00,8.554988802657658198e+01,1.258578837891408142e+02,1.641096766844732499e-05,0.000000000000000000e+00,2.099672821525484703e-03
1.237499999999999156e+00,8.586453364984372172e+01,1.258590954014707961e+02,1.551372612280541304e-05,0.000000000000000000e+00,2.101693798611798183e-03
1.239999999999999103e+00,8.617918179539640278e+01,1.258594145011439025e+02,1.517424037180167045e-05,0.000000000000000000e+00,2.103714869179215598e-03
1.242499999999999050e+00,8.649383023243615298e+01,1.258588419355468631e+02,1.578047758196052502e-05,0.000000000000000000e+00,2.105736082796367398e-03
1.244999999999998996e+00,8.680847673231102135e+01,1.258573785866238808e+02,1.556481714900666180e-05,0.000000000000000000e+00,2.107757557527461297e-03
1.247499999999998943e+00,8.712311906853106791e+01,1.258550252865319550e+02,1.496981871989951516e-05,0.000000000000000000e+00,2.109779347535976120e-03
1.249999999999998890e+00,8.743775501669242090e+01,1.258517828664594163e+02,1.493781198971969395e-05,0.000000000000000000e+00,2.111801459730763830e-03
1.252499999999998836e+00,8.775238235446202850e+01,1.258476521457696293e+02,1.490005455174854828e-05,0.000000000000000000e+00,2.113823903591802861e-03
1.254999999999999893e+00,8.806699886154986245e+01,1.258426339311928928e+02,1.504935031860374714e-05,0.000000000000000000e+00,2.115846740912920212e-03
1.257499999999999840e+00,8.838160231464516414e+01,1.258366486893794018e+02,1.563912953351068822e-05,0.000000000000000000e+00,2.117869991826683805e-03
1.259999999999999787e+00,8.869619021049305729e+01,1.258296169385656640e+02,1.647129070356675399e-05,0.000000000000000000e+00,2.119893857777850350e-03
1.262499999999999734e+00,8.901075993331136260e+01,1.258215395372231029e+02,1.692207080343573430e-05,0.000000000000000000e+00,2.121918596858495334e-03
1.264999999999999680e+00,8.932530886945517068e+01,1.258124173271612563e+02,1.664359039585349261e-05,0.000000000000000000e+00,2.123944440329078760e-03
1.267499999999999627e+00,8.963983440737466424e+01,1.258022511325074646e+02,1.646078878701728212e-05,0.000000000000000000e+00,2.125971380788722973e-03
1.269999999999999574e+00,8.995433393757014073e+01,1.257910417603444699e+02,1.678926808453893422e-05,0.000000000000000000e+00,2.127999437908470546e-03
1.272499999999999520e+00,9.026880485255024666e+01,1.257787900001541601e+02,1.686870956946743115e-05,0.000000000000000000e+00,2.130028872201413480e-03
1.274999999999999467e+00,9.058324454678634652e+01,1.257654966222468289e+02,1.671461154311365072e-05,0.000000000000000000e+00,2.132059798501442869e-03
1.277499999999999414e+00,9.089765041666522905e+01,1.257511623783362040e+02,1.620810082022394608e-05,0.000000000000000000e+00,2.134092179281205093e-03
1.279999999999999361e+00,9.121201986044211196e+01,1.257357880008773350e+02,1.605642863719776412e-05,0.000000000000000000e+00,2.136125981629712848e-03
1.282499999999999307e+00,9.152635027819206925e+01,1.257193742021293872e+02,1.596451071268792130e-05,0.000000000000000000e+00,2.138161151478672022e-03
1.284999999999999254e+00,9.184063907175949737e+01,1.257019216745963206e+02,1.546105273505668794e-05,0.000000000000000000e+00,2.140197714105116552e-03
1.287499999999999201e+00,9.215488364470870408e+01,1.256834310898653797e+02,1.536570418740211127e-05,0.000000000000000000e+00,2.142235479116743387e-03
1.289999999999999147e+00,9.246908140227078832e+01,1.256639030989344548e+02,1.538618232619800815e-05,0.000000000000000000e+00,2.144274372912992853e-03
1.292499999999999094e+00,9.278322975129312056e+01,1.256433383323773967e+02,1.554879211944065534e-05,0.000000000000000000e+00,2.146314384290454787e-03
1.294999999999999041e+00,9.309732610018795640e+01,1.256217374011819317e+02,1.628595429632751103e-05,0.000000000000000000e+00,2.148355669328706405e-03
1.297499999999998987e+00,9.341136785888419070e+01,1.255991008974935141e+02,1.663891269332584959e-05,0.000000000000000000e+00,2.150398637047863225e-03
1.299999999999998934e+00,9.372535243877968014e+01,1.255754293931195491e+02,1.641327084792304893e-05,0.000000000000000000e+00,2.152443546482919658e-03
1.302499999999998881e+00,9.403927725269115001e+01,1.255507234402456618e+02,1.600721468301422235e-05,0.000000000000000000e+00,2.154490217439248689e-03
1.304999999999998828e+00,9.435313971480469775e+01,1.255249835720908607e+02,1.587456597311567817e-05,0.000000000000000000e+00,2.156538496906625600e-03
1.307499999999998774e+00,9.466693724062837134e+01,1.254982103032086798e+02,1.587851896902637595e-05,0.000000000000000000e+00,2.158588328836291443e-03
1.309999999999998721e+00,9.498066724694635354e+01,1.254704041300383608e+02,1.523253235033584866e-05,0.000000000000000000e+00,2.160639589203710784e-03
1.312499999999998668e+00,9.529432715177408397e+01,1.254415296391773040e+02,1.546983154427154073e-05,0.000000000000000000e+00,2.162691955391040591e-03
1.314999999999998614e+00,9.560791400107949300e+01,1.254102886911373673e+02,1.518352740686286068e-05,0.000000000000000000e+00,2.164745523517820711e-03
1.317499999999998561e+00,9.592142105165012822e+01,1.253760593414952211e+02,1.486494130201322714e-05,0.000000000000000000e+00,2.166800075742778778e-03
1.319999999999998508e+00,9.623484083329108785e+01,1.253388430080050284e+02,1.471750004051694786e-05,0.000000000000000000e+00,2.168855325741842269e-03
1.322499999999998455e+00,9.654816587934109862e+01,1.252986410910377799e+02,1.468704949499445598e-05,0.000000000000000000e+00,2.170911158175969913e-03
1.324999999999998401e+00,9.686138872662995425e+01,1.252554549735527161e+02,1.509676834971644110e-05,0.000000000000000000e+00,2.172967406963500266e-03
1.327499999999998348e+00,9.717450191543517235e+01,1.252092860223105220e+02,1.445100793751022861e-05,0.000000000000000000e+00,2.175024402106321125e-03
1.329999999999998295e+00,9.748749798944241718e+01,1.251601355885879059e+02,1.448454944861206325e-05,0.000000000000000000e+00,2.177081595494394662e-03
1.332499999999998241e+00,9.780036949570714455e+01,1.251080050088719418e+02,1.401382026891357143e-05,0.000000000000000000e+00,2.179138907550422569e-03
1.334999999999999964e+00,9.811310898461810837e+01,1.250528956064948432e+02,1.356911956895081150e-05,0.000000000000000000e+00,2.181196099747520403e-03
1.337499999999999911e+00,9.842570910420903374e+01,1.249963160512174198e+02,1.339932946630289446e-05,0.000000000000000000e+00,2.183252757239597525e-03
1.339999999999999858e+00,9.873816779620318584e+01,1.249397739547183193e+02,1.293546713925272963e-05,0.000000000000000000e+00,2.185308601745833239e-03
1.342499999999999805e+00,9.905048515413999155e+01,1.248832691285761314e+02,1.311014279946271799e-05,0.000000000000000000e+00,2.187363259828733076e-03
1.344999999999999751e+00,9.936266127109129798e+01,1.248268013890273522e+02,1.334785652524563647e-05,0.000000000000000000e+00,2.189416925081409063e-03
1.347499999999999698e+00,9.967469623966876213e+01,1.247703705475450136e+02,1.345761258549652471e-05,0.000000000000000000e+00,2.191469661269070460e-03
1.349999999999999645e+00,9.998659015200870215e+01,1.247139764100039798e+02,1.382547728809443380e-05,0.000000000000000000e+00,2.193521429058606278e-03
1.352499999999999591e+00,1.002983430997593643e+02,1.246576187773181914e+02,1.394067710585903250e-05,0.000000000000000000e+00,2.195572587580297587e-03
1.354999999999999538e+00,1.006099551740688014e+02,1.246012974462939695e+02,1.398837334219011892e-05,0.000000000000000000e+00,2.197623182075440773e-03
1.357499999999999485e+00,1.009214264655751947e+02,1.245450122106899613e+02,1.439553447053108581e-05,0.000000000000000000e+00,2.199673245352948975e-03
1.359999999999999432e+00,1.012327570643990526e+02,1.244887628613940080e+02,1.402501003861794925e-05,0.000000000000000000e+00,2.201723034342825507e-03
1.362499999999999378e+00,1.015439470601371852e+02,1.244325491868400491e+02,1.405082643380298794e-05,0.000000000000000000e+00,2.203772164241664215e-03
1.364999999999999325e+00,1.018549965418557548e+02,1.243763709732274521e+02,1.447866789975228351e-05,0.000000000000000000e+00,2.205820572927238467e-03
1.367499999999999272e+00,1.021659055980856010e+02,1.243202280059521740e+02,1.398015758542293814e-05,0.000000000000000000e+00,2.207868597851861750e-03
1.369999999999999218e+00,1.024766743168211889e+02,1.242641200700274453e+02,1.422450951371930464e-05,0.000000000000000000e+00,2.209915960021735515e-03
1.372499999999999165e+00,1.027873027855187615e+02,1.242080469504143849e+02,1.394666381401724479e-05,0.000000000000000000e+00,2.211962707782407379e-03
1.374999999999999112e+00,1.030977910910976050e+02,1.241520084327660101e+02,1.417301085112508067e-05,0.000000000000000000e+00,2.214008700981308538e-03
1.377499999999999059e+00,1.034081393199413981e+02,1.240960043036293001e+02,1.389326777843990512e-05,0.000000000000000000e+00,2.216053918652050644e-03
1.379999999999999005e+00,1.037183475579010121e+02,1.240400343506794485e+02,1.409326368067253377e-05,0.000000000000000000e+00,2.218098292338018755e-03
1.382499999999998952e+00,1.040284158902968841e+02,1.239840983632034010e+02,1.420515277389072847e-05,0.000000000000000000e+00,2.220141980692523845e-03
1.384999999999998899e+00,1.043383444019241324e+02,1.239281961323881376e+02,1.393874617281292742e-05,0.000000000000000000e+00,2.222185002966542595e-03
1.387499999999998845e+00,1.046481331770566356e+02,1.238723274515840700e+02,1.431418942380636643e-05,0.000000000000000000e+00,2.224227093335248012e-03
1.389999999999998792e+00,1.049577822994533562e+02,1.238164921164904371e+02,1.359845226540241293e-05,0.000000000000000000e+00,2.226268461426590510e-03
1.392499999999998739e+00,1.052672918523635985e+02,1.237606899257621080e+02,1.369444816881394100e-05,0.000000000000000000e+00,2.228308674567345583e-03
1.394999999999998685e+00,1.055766619185351232e+02,1.237049206814975264e+02,1.328073620301722769e-05,0.000000000000000000e+00,2.230347781514037224e-03
1.397499999999998632e+00,1.058858925802232136e+02,1.236491841890870802e+02,1.282111539769245431e-05,0.000000000000000000e+00,2.232385629096789344e-03
1.399999999999998579e+00,1.061949839191982363e+02,1.235934802572508886e+02,1.296684991634484692e-05,0.000000000000000000e+00,2.234421942528812266e-03
1.402499999999998526e+00,1.065039360167546789e+02,1.235378086984488704e+02,1.241385290142287272e-05,0.000000000000000000e+00,2.236456793112750769e-03
1.404999999999998472e+00,1.068127489537196197e+02,1.234821693284400652e+02,1.185528584727872448e-05,0.000000000000000000e+00,2.238490017920216624e-03
1.407499999999998419e+00,1.071214228104621071e+02,1.234265619668008327e+02,1.168515821963379294e-05,0.000000000000000000e+00,2.240521411495063377e-03
1.409999999999998366e+00,1.074299576669019274e+02,1.233709864368175744e+02,1.156409138456369708e-05,0.000000000000000000e+00,2.242550980365605809e-03
1.412499999999998312e+00,1.077383536025192257e+02,1.233154425654846307e+02,1.124288239002529011e-05,0.000000000000000000e+00,2.244578804102691661e-03
1.414999999999998259e+00,1.080466106963640129e+02,1.232599301835507788e+02,1.159125293713847479e-05,0.000000000000000000e+00,2.246604894300991469e-03
1.417499999999998206e+00,1.083547290270648631e+02,1.232044491253128768e+02,1.149956938908511051e-05,0.000000000000000000e+00,2.248629480778558710e-03
1.419999999999998153e+00,1.086627086728383205e+02,1.231489992286009709e+02,1.155478491589138223e-05,0.000000000000000000e+00,2.250652667339102068e-03
1.422499999999998099e+00,1.089705497114974975e+02,1.230935803346933994e+02,1.168561033822608283e-05,0.000000000000000000e+00,2.252674638572903405e-03
1.424999999999998046e+00,1.092782522204605442e+02,1.230381922881772709e+02,1.175851020586361257e-05,0.000000000000000000e+00,2.254695521069476766e-03
1.427499999999997993e+00,1.095858162767588198e+02,1.229828349367884215e+02,1.168622102370649636e-05,0.000000000000000000e+00,2.256715487082951947e-03
1.429999999999997939e+00,1.098932419570449923e+02,1.229275081312107858e+02,1.199460158107904005e-05,0.000000000000000000e+00,2.258734630537220182e-03
1.432499999999997886e+00,1.102005293375996615e+02,1.228722117248601506e+02,1.157116551409993666e-05,0.000000000000000000e+00,2.260753170626798175e-03
1.434999999999997833e+00,1.105076784943388617e+02,1.228169455735463913e+02,1.155820581964688560e-05,0.000000000000000000e+00,2.262771172828774956e-03
1.437499999999997780e+00,1.108146895028190073e+02,1.227617095353709686e+02,1.140802972159904754e-05,0.000000000000000000e+00,2.264788751638787019e-03
1.439999999999997726e+00,1.111215624382435010e+02,1.227065034707501212e+02,1.102203525755058749e-05,0.000000000000000000e+00,2.266806046244218206e-03
1.442499999999997673e+00,1.114282973754676505e+02,1.226513272420222052e+02,1.119693525753489092e-05,0.000000000000000000e+00,2.268823169600911547e-03
1.444999999999997620e+00,1.117348943890037702e+02,1.225961807131865271e+02,1.102275956138589371e-05,0.000000000000000000e+00,2.270840305725041301e-03
1.447499999999997566e+00,1.120413535530251323e+02,1.225410637497484885e+02,1.111908241158787879e-05,0.000000000000000000e+00,2.272857608020912787e-03
1.449999999999997513e+00,1.123476749413625129e+02,1.224859762103434377e+02,1.104740418731556079e-05,0.000000000000000000e+00,2.272857608020912787e-03
1.452499999999997460e+00,1.126538586275095781e+02,1.224309179792930280e+02,1.087732230285023371e-05,0.000000000000000000e+00,2.274875708740633443e-03
1.454999999999997407e+00,1.129599046846740293e+02,1.223758889306737672e+02,1.156710629673081975e-05,0.000000000000000000e+00,2.276894418337039715e-03
1.457499999999997353e+00,1.132658131857202619e+02,1.223208889122219176e+02,1.204974586845931543e-05,0.000000000000000000e+00,2.278913870348077061e-03
1.459999999999997300e+00,1.135715842031530087e+02,1.222659177991125574e+02,1.151548787191884086e-05,0.000000000000000000e+00,2.280934159326773649e-03
1.462499999999997247e+00,1.138772178091612659e+02,1.222109754602774387e+02,1.130527020529706569e-05,0.000000000000000000e+00,2.282955478323917074e-03
1.464999999999997193e+00,1.141827140756065262e+02,1.221560617647069762e+02,1.122468465904062604e-05,0.000000000000000000e+00,2.284977992732227254e-03
1.467499999999997140e+00,1.144880730740226937e+02,1.221011765810109893e+02,1.124158348518086800e-05,0.000000000000000000e+00,2.287001864721275365e-03
1.469999999999997087e+00,1.147932948756148761e+02,1.220463197772864845e+02,1.136260163475134031e-05,0.000000000000000000e+00,2.289027248337949499e-03
1.472499999999997033e+00,1.150983795512580770e+02,1.219914912210924456e+02,1.119565068955541769e-05,0.000000000000000000e+00,2.291054265199313732e-03
1.474999999999996980e+00,1.154033271714958886e+02,1.219366907793933166e+02,1.131449228638122414e-05,0.000000000000000000e+00,2.293083057971319599e-03
1.477499999999996927e+00,1.157081378065389430e+02,1.218819183180656438e+02,1.138796742123877980e-05,0.000000000000000000e+00,2.295113742845804067e-03
1.479999999999996874e+00,1.160128115262618991e+02,1.218271737020453145e+02,1.181068389031407988e-05,0.000000000000000000e+00,2.297146424576405194e-03
1.482499999999996820e+00,1.163173484002011122e+02,1.217724567951019736e+02,1.213493969217692999e-05,0.000000000000000000e+00,2.299181084845898938e-03
1.484999999999996767e+00,1.166217484975516214e+02,1.217177674597736683e+02,1.186338695730102175e-05,0.000000000000000000e+00,2.301217734711528094e-03
1.487499999999996714e+00,1.169260118871644067e+02,1.216631055572594846e+02,1.170055523794765155e-05,0.000000000000000000e+00,2.303256517394207392e-03
1.489999999999996660e+00,1.172301386375424386e+02,1.216084709475258734e+02,1.126005230138792210e-05,0.000000000000000000e+00,2.305297649852082725e-03
1.492499999999996607e+00,1.175341288168378071e+02,1.215538634894257228e+02,1.092874039138193452e-05,0.000000000000000000e+00,2.307341320964016295e-03
1.494999999999996554e+00,1.178379824928494628e+02,1.214992830406488054e+02,1.159474360852601162e-05,0.000000000000000000e+00,2.309387822322173447e-03
1.497499999999996501e+00,1.181416997330197205e+02,1.214447294579023264e+02,1.178406763660903054e-05,0.000000000000000000e+00,2.311436977040523619e-03
1.499999999999996447e+00,1.184452806044320710e+02,1.213902025967384759e+02,1.192590621018020785e-05,0.000000000000000000e+00,2.313488802960964041e-03
1.502499999999996394e+00,1.187487251738084240e+02,1.213357023116591762e+02,1.254541152933880893e-05,0.000000000000000000e+00,2.315543254258286068e-03
1.504999999999996341e+00,1.190520335075062377e+02,1.212812284564489289e+02,1.319320632536377876e-05,0.000000000000000000e+00,2.317600021010506658e-03
1.507499999999996287e+00,1.193552056715169840e+02,1.212267808840507115e+02,1.327788978111280494e-05,0.000000000000000000e+00,2.319658836057859278e-03
1.509999999999996234e+00,1.196582417314644431e+02,1.211723594469546157e+02,1.292594564535277871e-05,0.000000000000000000e+00,2.321719660413528851e-03
1.512499999999996181e+00,1.199611417526031545e+02,1.211179639973204587e+02,1.340655637331273020e-05,0.000000000000000000e+00,2.323782632129885693e-03
1.514999999999996128e+00,1.202639057998178913e+02,1.210635943873693208e+02,1.354633698698719268e-05,0.000000000000000000e+00,2.325847506674432689e-03
1.517499999999996074e+00,1.205665339376244702e+02,1.210092504694998610e+02,1.353280546831111709e-05,0.000000000000000000e+00,2.327914198223853502e-03
1.519999999999996021e+00,1.208690262301692258e+02,1.209549320958921754e+02,1.409221275293590622e-05,0.000000000000000000e+00,2.329982659936277473e-03
1.522499999999995968e+00,1.211713827412292233e+02,1.209006391195079004e+02,1.352394508559604457e-05,0.000000000000000000e+00,2.332052537181205157e-03
1.524999999999995914e+00,1.214736035342144760e+02,1.208463713942378490e+02,1.381914838512872956e-05,0.000000000000000000e+00,2.334124083614236983e-03
1.527499999999995861e+00,1.217756886721705172e+02,1.207921287751376269e+02,1.418103524594546505e-05,0.000000000000000000e+00,2.336197107885542006e-03
1.529999999999995808e+00,1.220776382177811428e+02,1.207379111189682135e+02,1.439356486700791919e-05,0.000000000000000000e+00,2.338271284498713489e-03
1.532499999999995755e+00,1.223794522333730299e+02,1.206837182842960061e+02,1.459735720619283825e-05,0.000000000000000000e+00,2.340346407797913152e-03
1.534999999999995701e+00,1.226811307809205687e+02,1.206295501317564316e+02,1.479704421525910816e-05,0.000000000000000000e+00,2.342422354189833533e-03
1.537499999999995648e+00,1.229826739220507505e+02,1.205754065244790070e+02,1.444450119276762067e-05,0.000000000000000000e+00,2.344498912467438394e-03
1.539999999999995595e+00,1.232840817180500750e+02,1.205212873285472739e+02,1.427668490094111364e-05,0.000000000000000000e+00,2.346576155203660211e-03
1.542499999999995541e+00,1.235853542298721521e+02,1.204671924131576617e+02,1.424445467850676189e-05,0.000000000000000000e+00,2.348654141018711831e-03
1.544999999999995488e+00,1.238864915181450925e+02,1.204131216505823829e+02,1.449545876055577460e-05,0.000000000000000000e+00,2.350732858734256355e-03
1.547499999999995435e+00,1.241874936431798204e+02,1.203590749170567307e+02,1.439217639255656243e-05,0.000000000000000000e+00,2.352812093348339607e-03
1.549999999999995381e+00,1.244883606649802488e+02,1.203050520934136500e+02,1.404641046594082580e-05,0.000000000000000000e+00,2.354891842982393974e-03
1.552499999999995328e+00,1.247890926432549747e+02,1.202510530648806508e+02,1.349063275232675764e-05,0.000000000000000000e+00,2.356972263014379520e-03
1.554999999999995275e+00,1.250896896374281226e+02,1.201970777214966830e+02,1.365147257253072597e-05,0.000000000000000000e+00,2.359053630034836646e-03
1.557499999999995222e+00,1.253901517066519631e+02,1.201431259588109981e+02,1.382287628761056114e-05,0.000000000000000000e+00,2.361135763349027101e-03
1.559999999999995168e+00,1.256904789098210387e+02,1.200891976779478085e+02,1.435121762529984946e-05,0.000000000000000000e+00,2.363218502332460613e-03
1.562499999999995115e+00,1.259906713055856642e+02,1.200352927862398928e+02,1.489558448713861557e-05,0.000000000000000000e+00,2.365301431748540774e-03
1.564999999999995062e+00,1.262907289523687950e+02,1.199814111947712263e+02,1.448776382266050006e-05,0.000000000000000000e+00,2.367384100812775383e-03
1.567499999999995008e+00,1.265906519083691109e+02,1.199275528136127207e+02,1.462771345977947482e-05,0.000000000000000000e+00,2.369466609765137882e-03
1.569999999999994955e+00,1.268904402315629198e+02,1.198737175581920411e+02,1.522078838902056950e-05,0.000000000000000000e+00,2.371548971936580062e-03
1.572499999999994902e+00,1.271900939797192791e+02,1.198199053514818786e+02,1.564556908104637562e-05,0.000000000000000000e+00,2.373630586695125912e-03
1.574999999999994849e+00,1.274896132104184687e+02,1.197661161238543599e+02,1.586633187985159353e-05,0.000000000000000000e+00,2.375711093951894410e-03
1.577499999999994795e+00,1.277889979810711907e+02,1.197123498136969744e+02,1.547839436479147372e-05,0.000000000000000000e+00,2.377790347660642314e-03
1.579999999999994742e+00,1.280882483489390893e+02,1.196586063675732703e+02,1.589366404555353507e-05,0.000000000000000000e+00,2.379868489595546224e-03
1.582499999999994689e+00,1.283873643711544332e+02,1.196048857403551295e+02,1.635085387790088211e-05,0.000000000000000000e+00,2.381945239887595794e-03
1.584999999999994635e+00,1.286863461047412329e+02,1.195511878954410321e+02,1.582681678410137685e-05,0.000000000000000000e+00,2.384020273817915973e-03
1.587499999999994582e+00,1.289851936066375515e+02,1.194975128052701763e+02,1.584773263615393566e-05,0.000000000000000000e+00,2.386093801387855536e-03
1.589999999999994529e+00,1.292839069337177307e+02,1.194438604514524229e+02,1.586800418075006363e-05,0.000000000000000000e+00,2.388165791961830136e-03
1.592499999999994476e+00,1.295824861428146733e+02,1.193902308242128356e+02,1.578190843307711476e-05,0.000000000000000000e+00,2.390236151439998572e-03
1.594999999999994422e+00,1.298809312907422679e+02,1.193366239230592214e+02,1.532572594182840208e-05,0.000000000000000000e+00,2.392305057112993107e-03
1.597499999999994369e+00,1.301792424343184678e+02,1.192830397573803651e+02,1.518240351758363498e-05,0.000000000000000000e+00,2.394372668470434035e-03
1.599999999999994316e+00,1.304774196303900169e+02,1.192294783453442477e+02,1.471600583580705500e-05,0.000000000000000000e+00,2.396439093648275107e-03
1.602499999999994262e+00,1.307754629358545060e+02,1.191759397149980657e+02,1.498771459985863540e-05,0.000000000000000000e+00,2.398504456113695511e-03
1.604999999999994209e+00,1.310733724076850137e+02,1.191224239034144716e+02,1.556830801162099038e-05,0.000000000000000000e+00,2.400568591711001003e-03
1.607499999999994156e+00,1.313711481029520201e+02,1.190689309569113021e+02,1.563115090494046337e-05,0.000000000000000000e+00,2.402631155365138847e-03
1.609999999999994102e+00,1.316687900788473087e+02,1.190154609313793799e+02,1.597082214761010049e-05,0.000000000000000000e+00,2.404692061607403147e-03
1.612499999999994049e+00,1.319662983927081825e+02,1.189620138922899031e+02,1.577043915790929694e-05,0.000000000000000000e+00,2.406751121199457097e-03
1.614999999999993996e+00,1.322636731020405421e+02,1.189085899144890845e+02,1.548976230270963421e-05,0.000000000000000000e+00,2.408808433242498430e-03
1.617499999999993943e+00,1.325609142645433280e+02,1.188551890814877510e+02,1.522027852624226838e-05,0.000000000000000000e+00,2.410864183859503553e-03
1.619999999999993889e+00,1.328580219381277630e+02,1.188018114853723972e+02,1.476325542289340465e-05,0.000000000000000000e+00,2.412918500296853865e-03
1.622499999999993836e+00,1.331549961809412252e+02,1.187484572270666661e+02,1.489368066930326266e-05,0.000000000000000000e+00,2.414971491165466503e-03
1.624999999999993783e+00,1.334518370513884236e+02,1.186951264156941193e+02,1.496465827479187681e-05,0.000000000000000000e+00,2.417023086877896285e-03
1.627499999999993729e+00,1.337485446081502971e+02,1.186418191679548073e+02,1.519590339849390692e-05,0.000000000000000000e+00,2.419073264208495243e-03
1.629999999999993676e+00,1.340451189102046783e+02,1.185885356086143361e+02,1.488029525753734893e-05,0.000000000000000000e+00,2.421121843469683892e-03
1.632499999999993623e+00,1.343415600168455057e+02,1.185352758707458207e+02,1.487347934633215319e-05,0.000000000000000000e+00,2.423169018711683002e-03
1.634999999999993570e+00,1.346378679877045101e+02,1.184820400940209026e+02,1.443268693369566290e-05,0.000000000000000000e+00,2.425214785960656989e-03
1.637499999999993516e+00,1.349340428827653113e+02,1.184288284250316821e+02,1.434559593485188665e-05,0.000000000000000000e+00,2.427259256520539806e-03
1.639999999999993463e+00,1.352300847623822904e+02,1.183756410167501230e+02,1.435401778032104056e-05,0.000000000000000000e+00,2.429302430843688788e-03
1.642499999999993410e+00,1.355259936872959372e+02,1.183224780281194057e+02,1.443094889369790558e-05,0.000000000000000000e+00,2.431344292362446098e-03
1.644999999999993356e+00,1.358217697186471185e+02,1.182693396234451058e+02,1.443695428283006092e-05,0.000000000000000000e+00,2.433384788760612188e-03
1.647499999999993303e+00,1.361174129179903218e+02,1.182162259724675408e+02,1.398107078032697859e-05,0.000000000000000000e+00,2.435423896293355435e-03
1.649999999999993250e+00,1.364129233473070997e+02,1.181631372495900223e+02,1.425220717588408553e-05,0.000000000000000000e+00,2.437461741418561235e-03
1.652499999999993197e+00,1.367083010690180629e+02,1.181100736332033563e+02,1.476997800882498457e-05,0.000000000000000000e+00,2.439498251545726536e-03
1.654999999999993143e+00,1.370035461459915780e+02,1.180570353058472080e+02,1.385156958589834596e-05,0.000000000000000000e+00,2.441533270063536709e-03
1.657499999999993090e+00,1.372986586415546526e+02,1.180040224531490196e+02,1.333905153422771343e-05,0.000000000000000000e+00,2.443566971138321983e-03
1.659999999999993037e+00,1.375936386194997851e+02,1.179510352633200796e+02,1.359600440721845777e-05,0.000000000000000000e+00,2.445599456793899704e-03
1.662499999999992983e+00,1.378884861440917007e+02,1.178980739270161138e+02,1.439217609148527091e-05,0.000000000000000000e+00,2.447630621464087341e-03
1.664999999999992930e+00,1.381832012800724101e+02,1.178451386365268263e+02,1.370592779999969547e-05,0.000000000000000000e+00,2.449660346870032035e-03
1.667499999999992877e+00,1.384777840926657291e+02,1.177922295857992907e+02,1.294342609318977024e-05,0.000000000000000000e+00,2.451688708456963278e-03
1.669999999999992824e+00,1.387722346475815698e+02,1.177393469691150187e+02,1.261481858575841200e-05,0.000000000000000000e+00,2.453715766536601096e-03
1.672499999999992770e+00,1.390665530110145482e+02,1.176864909812684914e+02,1.268389796639736290e-05,0.000000000000000000e+00,2.455741499862901071e-03
1.674999999999992717e+00,1.393607392496474802e+02,1.176336618170626167e+02,1.325968959189000580e-05,0.000000000000000000e+00,2.457765858245204715e-03
1.677499999999992664e+00,1.396547934306494483e+02,1.175808596703721065e+02,1.383484648723650668e-05,0.000000000000000000e+00,2.459788775929860373e-03
1.679999999999992610e+00,1.399487156216734718e+02,1.175280847336898091e+02,1.343230541906560057e-05,0.000000000000000000e+00,2.461810197342268868e-03
1.682499999999992557e+00,1.402425058908559095e+02,1.174753371911528887e+02,1.286304406004306959e-05,0.000000000000000000e+00,2.463830125246754561e-03
1.684999999999992504e+00,1.405361643067988382e+02,1.174226172771779488e+02,1.283253093476251107e-05,0.000000000000000000e+00,2.465848551729462983e-03
1.687499999999992450e+00,1.408296909386221500e+02,1.173699251050245635e+02,1.290843874441759305e-05,0.000000000000000000e+00,2.467865431200970405e-03
1.689999999999992397e+00,1.411230858558485579e+02,1.173172608717463277e+02,1.281740564438463515e-05,0.000000000000000000e+00,2.469880742018440867e-03
1.692499999999992344e+00,1.414163491284201655e+02,1.172646247959399091e+02,1.230573753414330418e-05,0.000000000000000000e+00,2.471894449511494955e-03
1.694999999999992291e+00,1.417094808268195436e+02,1.172120170319590926e+02,1.229952651133280503e-05,0.000000000000000000e+00,2.473906493228935667e-03
1.697499999999992237e+00,1.420024810219238134e+02,1.171594377505191744e+02,1.237079205416283740e-05,0.000000000000000000e+00,2.475916833152544232e-03
1.699999999999992184e+00,1.422953497850342046e+02,1.171068871172094674e+02,1.240197210980664340e-05,0.000000000000000000e+00,2.477925422224397985e-03
1.702499999999992131e+00,1.425880871878632092e+02,1.170543652927167528e+02,1.245130033516257417e-05,0.000000000000000000e+00,2.479932234932224946e-03
1.704999999999992077e+00,1.428806933025226158e+02,1.170018724323438732e+02,1.214828786804182548e-05,0.000000000000000000e+00,2.481937245145936135e-03
1.707499999999992024e+00,1.431731682015083607e+02,1.169494086849799288e+02,1.267731945037226482e-05,0.000000000000000000e+00,2.483940380549805663e-03
1.709999999999991971e+00,1.434655119576852655e+02,1.168969741933966588e+02,1.246889039370500622e-05,0.000000000000000000e+00,2.485941706815356870e-03
1.712499999999991918e+00,1.437577246442716330e+02,1.168445690938139165e+02,1.279267250372061776e-05,0.000000000000000000e+00,2.487941181481014702e-03
1.714999999999991864e+00,1.440498063348221933e+02,1.167921935153656392e+02,1.357111149272292922e-05,0.000000000000000000e+00,2.489938862277600584e-03
1.717499999999991811e+00,1.443417571032111368e+02,1.167398475802811504e+02,1.371840007000041278e-05,0.000000000000000000e+00,2.491934882686255587e-03
1.719999999999991758e+00,1.446335770236132703e+02,1.166875314033963349e+02,1.381298431220489005e-05,0.000000000000000000e+00,2.493929300944703817e-03
1.722499999999991704e+00,1.449252661704867364e+02,1.166352450913729655e+02,1.364440060289536087e-05,0.000000000000000000e+00,2.495922218970069752e-03
1.724999999999991651e+00,1.452168246185515272e+02,1.165829887431905973e+02,1.379685777758087109e-05,0.000000000000000000e+00,2.497913605051223576e-03
1.727499999999991598e+00,1.455082524427711803e+02,1.165307624500826051e+02,1.405490392319602189e-05,0.000000000000000000e+00,2.499903523803455405e-03
1.729999999999991545e+00,1.457995497183324005e+02,1.164785662951978935e+02,1.406760835671603255e-05,0.000000000000000000e+00,2.501892124365062003e-03
1.732499999999991491e+00,1.460907165206247953e+02,1.164264003538303456e+02,1.414116842239898495e-05,0.000000000000000000e+00,2.503879442315060534e-03
1.734999999999991438e+00,1.463817529252227985e+02,1.163742646932244469e+02,1.367796610579125279e-05,0.000000000000000000e+00,2.505865530888646327e-03
1.737499999999991385e+00,1.466726590078638708e+02,1.163221593722926315e+02,1.385852929643115749e-05,0.000000000000000000e+00,2.507850326082363204e-03
1.739999999999991331e+00,1.469634348444275815e+02,1.162700844415849417e+02,1.372693633424668787e-05,0.000000000000000000e+00,2.509833916041958810e-03
1.742499999999991278e+00,1.472540805109154860e+02,1.162180399435480354e+02,1.422590296541675979e-05,0.000000000000000000e+00,2.511816312346341114e-03
1.744999999999991225e+00,1.475445960834308323e+02,1.161660259123005261e+02,1.436917004785526852e-05,0.000000000000000000e+00,2.513797747463399242e-03
1.747499999999991172e+00,1.478349816381571316e+02,1.161140423733101983e+02,1.425304552224486570e-05,0.000000000000000000e+00,2.515778322334782761e-03
1.749999999999991118e+00,1.481252372513366709e+02,1.160620893439857042e+02,1.420776594594131383e-05,0.000000000000000000e+00,2.517758071621187428e-03
1.752499999999991065e+00,1.484153629992511298e+02,1.160101668334444724e+02,1.441564936112011044e-05,0.000000000000000000e+00,2.519737039379820343e-03
1.754999999999991012e+00,1.487053589582000370e+02,1.159582748433439292e+02,1.417950907352522451e-05,0.000000000000000000e+00,2.521715386719862624e-03
1.757499999999990958e+00,1.489952252044831766e+02,1.159064133676143769e+02,1.389872911651572339e-05,0.000000000000000000e+00,2.523693026425488563e-03
1.759999999999990905e+00,1.492849618143802388e+02,1.158545823923929277e+02,1.450875205013466662e-05,0.000000000000000000e+00,2.525669910728769660e-03
1.762499999999990852e+00,1.495745688641327149e+02,1.158027818962956133e+02,1.464837977875410362e-05,0.000000000000000000e+00,2.527646366749087842e-03
1.764999999999990798e+00,1.498640464299234338e+02,1.157510118499402978e+02,1.458188130910250703e-05,0.000000000000000000e+00,2.529622506407648488e-03
1.767499999999990745e+00,1.501533945878581733e+02,1.156992722176101580e+02,1.448860745977344413e-05,0.000000000000000000e+00,2.531598384539032482e-03
1.769999999999990692e+00,1.504426134139494877e+02,1.156475629569790016e+02,1.461707523526768130e-05,0.000000000000000000e+00,2.533574049958494182e-03
1.772499999999990639e+00,1.507317029841007354e+02,1.155958840186853109e+02,1.460262024977456233e-05,0.000000000000000000e+00,2.535549634607417186e-03
1.774999999999990585e+00,1.510206633740874338e+02,1.155442353466475680e+02,1.463693692317071673e-05,0.000000000000000000e+00,2.537525164691529622e-03
1.777499999999990532e+00,1.513094946595414569e+02,1.154926168787560101e+02,1.490728420744912606e-05,0.000000000000000000e+00,2.539500790851610419e-03
1.779999999999990479e+00,1.515981969159364269e+02,1.154410285466458390e+02,1.500491016933728518e-05,0.000000000000000000e+00,2.541476616657953411e-03
1.782499999999990425e+00,1.518867702185706037e+02,1.153894702758741744e+02,1.568264819905731240e-05,0.000000000000000000e+00,2.543452781040794839e-03
1.784999999999990372e+00,1.521752146425535557e+02,1.153379419864708808e+02,1.590716152434535366e-05,0.000000000000000000e+00,2.545429653320082156e-03
1.787499999999990319e+00,1.524635302627920055e+02,1.152864435936269558e+02,1.544380532686250601e-05,0.000000000000000000e+00,2.547407408782525855e-03
1.789999999999990266e+00,1.527517171539778928e+02,1.152349750077153061e+02,1.532295342167755181e-05,0.000000000000000000e+00,2.549385868393647721e-03
1.792499999999990212e+00,1.530397753905761249e+02,1.151835361346186488e+02,1.493661970653596388e-05,0.000000000000000000e+00,2.551365081670625874e-03
1.794999999999990159e+00,1.533277050468140885e+02,1.151321268762303731e+02,1.524217149906452993e-05,0.000000000000000000e+00,2.553344867719292179e-03
1.797499999999990106e+00,1.536155061966718165e+02,1.150807471330616778e+02,1.568848931131354332e-05,0.000000000000000000e+00,2.555325359561718291e-03
1.799999999999990052e+00,1.539031789138823285e+02,1.150293968068496469e+02,1.606786417127411816e-05,0.000000000000000000e+00,2.557306878537161064e-03
1.802499999999989999e+00,1.541907232719313470e+02,1.149780757964063582e+02,1.542554767075983628e-05,0.000000000000000000e+00,2.559289604287648314e-03
1.804999999999989946e+00,1.544781393440499357e+02,1.149267839971181218e+02,1.551419224780506160e-05,0.000000000000000000e+00,2.561273307898166793e-03
1.807499999999989893e+00,1.547654272032058316e+02,1.148755213015512311e+02,1.531638152644342399e-05,0.000000000000000000e+00,2.563258037005043677e-03
1.809999999999989839e+00,1.550525869220965660e+02,1.148242875995381524e+02,1.526006641372554878e-05,0.000000000000000000e+00,2.565243753608503763e-03
1.812499999999989786e+00,1.553396185731427011e+02,1.147730827781149259e+02,1.487005074104855624e-05,0.000000000000000000e+00,2.567230466149343290e-03
1.814999999999989733e+00,1.556265222284810363e+02,1.147219067223211084e+02,1.482824838789771098e-05,0.000000000000000000e+00,2.569217987460618857e-03
1.817499999999989679e+00,1.559132979599600333e+02,1.146707593151917308e+02,1.485026256086239862e-05,0.000000000000000000e+00,2.571206366554975534e-03
1.819999999999989626e+00,1.561999458391344149e+02,1.146196404381069840e+02,1.477487541921859429e-05,0.000000000000000000e+00,2.573195478489517015e-03
1.822499999999989573e+00,1.564864659372615563e+02,1.145685499709867941e+02,1.535071217155549315e-05,0.000000000000000000e+00,2.575185449173694567e-03
1.824999999999989519e+00,1.567728583252981025e+02,1.145174877925537515e+02,1.536223014624133826e-05,0.000000000000000000e+00,2.577176517482428902e-03
1.827499999999989466e+00,1.570591230738966146e+02,1.144664537804053879e+02,1.569622611454233596e-05,0.000000000000000000e+00,2.579168689753518363e-03
1.829999999999989413e+00,1.573452602534032110e+02,1.144154478117664979e+02,1.550893525898617046e-05,0.000000000000000000e+00,2.581162116708776884e-03
1.832499999999989360e+00,1.576312699338571122e+02,1.143644697632990557e+02,1.525609159040333477e-05,0.000000000000000000e+00,2.583156681662715504e-03
1.834999999999989306e+00,1.579171521849885380e+02,1.143135195111735385e+02,1.569915890877665043e-05,0.000000000000000000e+00,2.585152375707200443e-03
1.837499999999989253e+00,1.582029070762183096e+02,1.142625969312991430e+02,1.558739945214956501e-05,0.000000000000000000e+00,2.587149287632515421e-03
1.839999999999989200e+00,1.584885346766565419e+02,1.142117018993054955e+02,1.539339257063189570e-05,0.000000000000000000e+00,2.589147421948391134e-03
1.842499999999989146e+00,1.587740350551025870e+02,1.141608342912482357e+02,1.553843386510544595e-05,0.000000000000000000e+00,2.591146648958380424e-03
1.844999999999989093e+00,1.590594082800459148e+02,1.141099939832638483e+02,1.574908723252506468e-05,0.000000000000000000e+00,2.593147058278549594e-03
1.847499999999989040e+00,1.593446544196669379e+02,1.140591808519236849e+02,1.561706087370682845e-05,0.000000000000000000e+00,2.595148689383187501e-03
1.849999999999988987e+00,1.596297735418374657e+02,1.140083947745074084e+02,1.539777194765235786e-05,0.000000000000000000e+00,2.597151458119208167e-03
1.852499999999988933e+00,1.599147657141230354e+02,1.139576356289112340e+02,1.534108140256553981e-05,0.000000000000000000e+00,2.599155264636760117e-03
1.854999999999988880e+00,1.601996310037841340e+02,1.139069032937103856e+02,1.500110743836497328e-05,0.000000000000000000e+00,2.601160082181641631e-03
1.857499999999988827e+00,1.604843694777782730e+02,1.138561976483285036e+02,1.514541395305187990e-05,0.000000000000000000e+00,2.603165735910429983e-03
1.859999999999988773e+00,1.607689812027618359e+02,1.138055185730791976e+02,1.577620636121646131e-05,0.000000000000000000e+00,2.605172287467191761e-03
1.862499999999988720e+00,1.610534662450928920e+02,1.137548659492627934e+02,1.604810171463914544e-05,0.000000000000000000e+00,2.607179938754898736e-03
1.864999999999988667e+00,1.613378246708329016e+02,1.137042396591212992e+02,1.613503661833946810e-05,0.000000000000000000e+00,2.609188738057153286e-03
1.867499999999988614e+00,1.616220565457497571e+02,1.136536395860283761e+02,1.627632457238721784e-05,0.000000000000000000e+00,2.611198650619581552e-03
1.869999999999988560e+00,1.619061619353203696e+02,1.136030656145071447e+02,1.636935009183506081e-05,0.000000000000000000e+00,2.613209647546127414e-03
1.872499999999988507e+00,1.621901409047335960e+02,1.135525176302578103e+02,1.578439817518861461e-05,0.000000000000000000e+00,2.615221700442091953e-03
1.874999999999988454e+00,1.624739935188932520e+02,1.135019955203609499e+02,1.550153718957988030e-05,0.000000000000000000e+00,2.617234588898649864e-03
1.877499999999988400e+00,1.627577198424216078e+02,1.134514991727846223e+02,1.549509390407308201e-05,0.000000000000000000e+00,2.619248185159786177e-03
1.879999999999988347e+00,1.630413199396614061e+02,1.134010284769772596e+02,1.588050524271666271e-05,0.000000000000000000e+00,2.621262419803626394e-03
1.882499999999988294e+00,1.633247938746798695e+02,1.133505833237480545e+02,1.588317855210105267e-05,0.000000000000000000e+00,2.623277361146353955e-03
1.884999999999988241e+00,1.636081417112719407e+02,1.133001636050684908e+02,1.599537580785035607e-05,0.000000000000000000e+00,2.625292956606097277e-03
1.887499999999988187e+00,1.638913635129632382e+02,1.132497692142193131e+02,1.560157142179741062e-05,0.000000000000000000e+00,2.627309156785055406e-03
1.889999999999988134e+00,1.641744593430132682e+02,1.131994000456241878e+02,1.542143992368986719e-05,0.000000000000000000e+00,2.629325851291476179e-03
1.892499999999988081e+00,1.644574292644180957e+02,1.131490559943983953e+02,1.519850467193814314e-05,0.000000000000000000e+00,2.631342927095023203e-03
1.894999999999988027e+00,1.647402733399120223e+02,1.130987369566717149e+02,1.486391444569825065e-05,0.000000000000000000e+00,2.633360314899053402e-03
1.897499999999987974e+00,1.650229916319703420e+02,1.130484428297751265e+02,1.494833531928603667e-05,0.000000000000000000e+00,2.635377940440855778e-03
1.899999999999987921e+00,1.653055842028120992e+02,1.129981735118274742e+02,1.487542249662217639e-05,0.000000000000000000e+00,2.637395782685687806e-03
1.902499999999987867e+00,1.655880511144022762e+02,1.129479289020029995e+02,1.483931562495477245e-05,0.000000000000000000e+00,2.639413813642786134e-03
1.904999999999987814e+00,1.658703924284546645e+02,1.128977089005783228e+02,1.486026251137474422e-05,0.000000000000000000e+00,2.641431992558374107e-03
1.907499999999987761e+00,1.661526082064337118e+02,1.128475134085718423e+02,1.507862561458544280e-05,0.000000000000000000e+00,2.643450302517726461e-03
1.909999999999987708e+00,1.664346985095562275e+02,1.127973423317999249e+02,1.497164706965152367e-05,0.000000000000000000e+00,2.645468720534849012e-03
1.912499999999987654e+00,1.667166633987997955e+02,1.127471955563537875e+02,1.479807280237450212e-05,0.000000000000000000e+00,2.647487212476089258e-03
1.914999999999987601e+00,1.669985029348762851e+02,1.126970729961329027e+02,1.491587704504153198e-05,0.000000000000000000e+00,2.649505753359518781e-03
1.917499999999987548e+00,1.672802171782582263e+02,1.126469745613557478e+02,1.488419358156445264e-05,0.000000000000000000e+00,2.651524306201531300e-03
1.919999999999987494e+00,1.675618061892142521e+02,1.125969001613640756e+02,1.492142448038348046e-05,0.000000000000000000e+00,2.653542839524721930e-03
1.922499999999987441e+00,1.678432700277700746e+02,1.125468496852733153e+02,1.430677684596718768e-05,0.000000000000000000e+00,2.655561324891969090e-03
1.924999999999987388e+00,1.681246087536787002e+02,1.124968230401102574e+02,1.442914995810579167e-05,0.000000000000000000e+00,2.657579775857012508e-03
1.927499999999987335e+00,1.684058224264673527e+02,1.124468201341602196e+02,1.445418570363378472e-05,0.000000000000000000e+00,2.659598167594078803e-03
1.929999999999987281e+00,1.686869111054304824e+02,1.123968408729020325e+02,1.452831914341692484e-05,0.000000000000000000e+00,2.661616493578408509e-03
1.932499999999987228e+00,1.689678748496263267e+02,1.123468851620544058e+02,1.470774224927034588e-05,0.000000000000000000e+00,2.663634726052530825e-03
1.934999999999987175e+00,1.692487137178775072e+02,1.122969529074306791e+02,1.465176250030608041e-05,0.000000000000000000e+00,2.665652849191516710e-03
1.937499999999987121e+00,1.695294277687713134e+02,1.122470440151270026e+02,1.478327555974389943e-05,0.000000000000000000e+00,2.667670829123100929e-03
1.939999999999987068e+00,1.698100170606604706e+02,1.121971583914016151e+02,1.459930034215038805e-05,0.000000000000000000e+00,2.669688645447754194e-03
1.942499999999987015e+00,1.700904816516633673e+02,1.121472959426397011e+02,1.439672397794015130e-05,0.000000000000000000e+00,2.671706282337669557e-03
1.944999999999986962e+00,1.703708215996642821e+02,1.120974565752208605e+02,1.473182857722973136e-05,0.000000000000000000e+00,2.673723802488445732e-03
1.947499999999986908e+00,1.706510369623136398e+02,1.120476401954621934e+02,1.450917948430518644e-05,0.000000000000000000e+00,2.675741085082610372e-03
1.949999999999986855e+00,1.709311277970275285e+02,1.119978467098964501e+02,1.459676107255030034e-05,0.000000000000000000e+00,2.677758182439945230e-03
1.952499999999986802e+00,1.712110941609884378e+02,1.119480760252576346e+02,1.459043243527175540e-05,0.000000000000000000e+00,2.679775103645226642e-03
1.954999999999986748e+00,1.714909361111459134e+02,1.118983280483032843e+02,1.478350867593444190e-05,0.000000000000000000e+00,2.681791814143351035e-03
1.957499999999986695e+00,1.717706537042164427e+02,1.118486026858808913e+02,1.441682561128014812e-05,0.000000000000000000e+00,2.683808233481522077e-03
1.959999999999986642e+00,1.720502469966834838e+02,1.117988998448112312e+02,1.457948156364588555e-05,0.000000000000000000e+00,2.685824450899050152e-03
1.962499999999986589e+00,1.723297160447976637e+02,1.117492194321296921e+02,1.437120108588292698e-05,0.000000000000000000e+00,2.687840398516931628e-03
1.964999999999986535e+00,1.726090609045775466e+02,1.116995613550242155e+02,1.434538517197180895e-05,0.000000000000000000e+00,2.689856183006177071e-03
1.967499999999986482e+00,1.728882816318092637e+02,1.116499255207976944e+02,1.391950970443314378e-05,0.000000000000000000e+00,2.691871811863629903e-03
1.969999999999986429e+00,1.731673782820475935e+02,1.116003118370223035e+02,1.405706231181858178e-05,0.000000000000000000e+00,2.693887415565030582e-03
1.972499999999986375e+00,1.734463509106165304e+02,1.115507202115835952e+02,1.408585941678506005e-05,0.000000000000000000e+00,2.695902935770272055e-03
1.974999999999986322e+00,1.737251995726097391e+02,1.115011505524938826e+02,1.387466587850841417e-05,0.000000000000000000e+00,2.697918357521189841e-03
1.977499999999986269e+00,1.740039243228911516e+02,1.114516027681270174e+02,1.385755859565546368e-05,0.000000000000000000e+00,2.699933728427451884e-03
1.979999999999986215e+00,1.742825252160955927e+02,1.114020767672261627e+02,1.352956930529070505e-05,0.000000000000000000e+00,2.701949084802971433e-03
1.982499999999986162e+00,1.745610023066304564e+02,1.113525724594373401e+02,1.329258130424361128e-05,0.000000000000000000e+00,2.703964594856805848e-03
1.984999999999986109e+00,1.748393556486773548e+02,1.113030897549383695e+02,1.312007135899739023e-05,0.000000000000000000e+00,2.705980383185105365e-03
1.987499999999986056e+00,1.751175852961939654e+02,1.112536285645171716e+02,1.340691812040403556e-05,0.000000000000000000e+00,2.707996534135543362e-03
1.989999999999986002e+00,1.753956913029151679e+02,1.112041887999297245e+02,1.366636280445352716e-05,0.000000000000000000e+00,2.710012964574418527e-03
1.992499999999985949e+00,1.756736737223558293e+02,1.111547703739740598e+02,1.376658753129434757e-05,0.000000000000000000e+00,2.712029553428956657e-03
1.994999999999985896e+00,1.759515326078134478e+02,1.111053732006086960e+02,1.400864299411136356e-05,0.000000000000000000e+00,2.714046291293159205e-03
1.997499999999985842e+00,1.762292680123711648e+02,1.110559971949827371e+02,1.392966904715553713e-05,0.000000000000000000e+00,2.716063048238919267e-03
1.999999999999985789e+00,1.765068799889006641e+02,1.110066422735642249e+02,1.446601112925786150e-05,0.000000000000000000e+00,2.718079854513534999e-03
2.002499999999985736e+00,1.767843685900655828e+02,1.109573083541190357e+02,1.441125328507960780e-05,0.000000000000000000e+00,2.720096475148394994e-03
2.004999999999985683e+00,1.770617338683245805e+02,1.109079953559252232e+02,1.439033763012707233e-05,0.000000000000000000e+00,2.722112888304136034e-03
2.007499999999985629e+00,1.773389758759358585e+02,1.108587032002120196e+02,1.443218520116120188e-05,0.000000000000000000e+00,2.724129138807784758e-03
2.009999999999985576e+00,1.776160946649612242e+02,1.108094318096227937e+02,1.380405162806796590e-05,0.000000000000000000e+00,2.726145196978599795e-03
2.012499999999985523e+00,1.778930902872702973e+02,1.107601811087168358e+02,1.417582333027681334e-05,0.000000000000000000e+00,2.728161384664319275e-03
2.014999999999985469e+00,1.781699627945453130e+02,1.107109510243008117e+02,1.416520628289942029e-05,0.000000000000000000e+00,2.730177523752913300e-03
2.017499999999985416e+00,1.784467122382866648e+02,1.106617414853603520e+02,1.450194793238244960e-05,0.000000000000000000e+00,2.732193534111894851e-03
2.019999999999985363e+00,1.787233386698185598e+02,1.106125524230529749e+02,1.404234683899947524e-05,0.000000000000000000e+00,2.734209327757485247e-03
2.022499999999985310e+00,1.789998421402942483e+02,1.105633837712761647e+02,1.432701537807345712e-05,0.000000000000000000e+00,2.736225098189317036e-03
2.024999999999985256e+00,1.792762227007035563e+02,1.105142354664076549e+02,1.478140565432234942e-05,0.000000000000000000e+00,2.738240737183500733e-03
2.027499999999985203e+00,1.795524804018782845e+02,1.104651074471822341e+02,1.424633957806036685e-05,0.000000000000000000e+00,2.740256075970739190e-03
2.029999999999985150e+00,1.798286152944988885e+02,1.104159996554964778e+02,1.388289290522717051e-05,0.000000000000000000e+00,2.742271330104387519e-03
2.032499999999985096e+00,1.801046274291021803e+02,1.103669120361620912e+02,1.399418544890159493e-05,0.000000000000000000e+00,2.744286664540789011e-03
2.034999999999985043e+00,1.803805168560887182e+02,1.103178445371240741e+02,1.369999113958079043e-05,0.000000000000000000e+00,2.746302053674156644e-03
2.037499999999984990e+00,1.806562836257306515e+02,1.102687971096529651e+02,1.388303204393311032e-05,0.000000000000000000e+00,2.748317671133951919e-03
2.039999999999984936e+00,1.809319277881807864e+02,1.102197697074605429e+02,1.372197211605679032e-05,0.000000000000000000e+00,2.750333384284825954e-03
2.042499999999984883e+00,1.812074493934757129e+02,1.101707622837929392e+02,1.360948060435292331e-05,0.000000000000000000e+00,2.752349252894687685e-03
2.044999999999984830e+00,1.814828484915359184e+02,1.101217747944377408e+02,1.357617953286294320e-05,0.000000000000000000e+00,2.754365407848163600e-03
2.047499999999984777e+00,1.817581251321729496e+02,1.100728071988980048e+02,1.340936377152815879e-05,0.000000000000000000e+00,2.756381804168852191e-03
2.049999999999984723e+00,1.820332793650999292e+02,1.100238594605501135e+02,1.308663304355314798e-05,0.000000000000000000e+00,2.758398549695754640e-03
2.052499999999984670e+00,1.823083112399399965e+02,1.099749315465715824e+02,1.325001874940760869e-05,0.000000000000000000e+00,2.760415785913412478e-03
2.054999999999984617e+00,1.825832208062368807e+02,1.099260234283139681e+02,1.342225310223778304e-05,0.000000000000000000e+00,2.762433505716131634e-03
2.057499999999984563e+00,1.828580081134649333e+02,1.098771350810851430e+02,1.403349354865974832e-05,0.000000000000000000e+00,2.764451515953267324e-03
2.059999999999984510e+00,1.831326732110391049e+02,1.098282664846802561e+02,1.421245195182742558e-05,0.000000000000000000e+00,2.766469567542612432e-03
2.062499999999984457e+00,1.834072161483263983e+02,1.097794176231008407e+02,1.405934344420161655e-05,0.000000000000000000e+00,2.768487620785063143e-03
2.064999999999984404e+00,1.836816369746561008e+02,1.097305884846565220e+02,1.402460922745558266e-05,0.000000000000000000e+00,2.770505765680721880e-03
2.067499999999984350e+00,1.839559357393306129e+02,1.096817790617529909e+02,1.373722933776085112e-05,0.000000000000000000e+00,2.772523942886755913e-03
2.069999999999984297e+00,1.842301124916358788e+02,1.096329893513433404e+02,1.409368379812333746e-05,0.000000000000000000e+00,2.774542323908430960e-03
2.072499999999984244e+00,1.845041672808528972e+02,1.095842193544891785e+02,1.410796849836986979e-05,0.000000000000000000e+00,2.776560746365741312e-03
2.074999999999984190e+00,1.847781001562674135e+02,1.095354690764070824e+02,1.472905708380169424e-05,0.000000000000000000e+00,2.778579171488030578e-03
2.077499999999984137e+00,1.850519111671803785e+02,1.094867385267588702e+02,1.485288292442711215e-05,0.000000000000000000e+00,2.780597398139429514e-03
2.079999999999984084e+00,1.853256003629200848e+02,1.094380277199221183e+02,1.486417440331239118e-05,0.000000000000000000e+00,2.782615297391160744e-03
2.082499999999984031e+00,1.855991677928530805e+02,1.093893366746843583e+02,1.551138195726393116e-05,0.000000000000000000e+00,2.784632907439351952e-03
2.084999999999983977e+00,1.858726135063951972e+02,1.093406654140709833e+02,1.505714104407217190e-05,0.000000000000000000e+00,2.786650014378831350e-03
2.087499999999983924e+00,1.861459375530225486e+02,1.092920139656564231e+02,1.524672809341112799e-05,0.000000000000000000e+00,2.788666824811321648e-03
2.089999999999983871e+00,1.864191399822826725e+02,1.092433823615433681e+02,1.492055609730435864e-05,0.000000000000000000e+00,2.790683261162018626e-03
2.092499999999983817e+00,1.866922208438054724e+02,1.091947706377462737e+02,1.442685356926161832e-05,0.000000000000000000e+00,2.792699456264067376e-03
2.094999999999983764e+00,1.869651801873135923e+02,1.091461788342729733e+02,1.419362719928939984e-05,0.000000000000000000e+00,2.794715634824179468e-03
2.097499999999983711e+00,1.872380180626318236e+02,1.090976069952664602e+02,1.386695639639131670e-05,0.000000000000000000e+00,2.796731820407803541e-03
2.099999999999983658e+00,1.875107345196973938e+02,1.090490551689485272e+02,1.410553073692618012e-05,0.000000000000000000e+00,2.798748181184709805e-03
2.102499999999983604e+00,1.877833296085705967e+02,1.090005234074460816e+02,1.365360503818433288e-05,0.000000000000000000e+00,2.800764625208276067e-03
2.104999999999983551e+00,1.880558033794441712e+02,1.089520117666397709e+02,1.362277304822624154e-05,0.000000000000000000e+00,2.802781287559391078e-03
2.107499999999983498e+00,1.883281558826529363e+02,1.089035203060556967e+02,1.347782534985648276e-05,0.000000000000000000e+00,2.804798160471350891e-03
2.109999999999983444e+00,1.886003871686818911e+02,1.088550490882420689e+02,1.313661339612497255e-05,0.000000000000000000e+00,2.806815305476571820e-03
2.112499999999983391e+00,1.888724972881741166e+02,1.088065981793845651e+02,1.353059792902653341e-05,0.000000000000000000e+00,2.808832825693433587e-03
2.114999999999983338e+00,1.891444862919411207e+02,1.087581676494092591e+02,1.375156561047930307e-05,0.000000000000000000e+00,2.810850608507588656e-03
2.117499999999983284e+00,1.894163542309705974e+02,1.087097575712944888e+02,1.381338935667149182e-05,0.000000000000000000e+00,2.812868555049021554e-03
2.119999999999983231e+00,1.896881011564342998e+02,1.086613680205047672e+02,1.367532001320071105e-05,0.000000000000000000e+00,2.814886638989407778e-03
2.122499999999983178e+00,1.899597271196941506e+02,1.086129990757060284e+02,1.322787243199197771e-05,0.000000000000000000e+00,2.816904882243669028e-03
2.124999999999983125e+00,1.902312321723105129e+02,1.085646508182551173e+02,1.317817267487240166e-05,0.000000000000000000e+00,2.818923393487346961e-03
2.127499999999983071e+00,1.905026163660487555e+02,1.085163233324250740e+02,1.365545558070943601e-05,0.000000000000000000e+00,2.820942163474130827e-03
2.129999999999983018e+00,1.907738797528864438e+02,1.084680167046520154e+02,1.363911134787415766e-05,0.000000000000000000e+00,2.822961072892063612e-03
2.132499999999982965e+00,1.910450223850180578e+02,1.084197310231242710e+02,1.385454854082420496e-05,0.000000000000000000e+00,2.824980116913055565e-03
2.134999999999982911e+00,1.913160443148596528e+02,1.083714663773601359e+02,1.316142980805370403e-05,0.000000000000000000e+00,2.826999244632241292e-03
2.137499999999982858e+00,1.915869455950518159e+02,1.083232228588003778e+02,1.330046370117215723e-05,0.000000000000000000e+00,2.829018571939205615e-03
2.139999999999982805e+00,1.918577262784650088e+02,1.082750005606741013e+02,1.306456483075976392e-05,0.000000000000000000e+00,2.831038064852516283e-03
2.142499999999982752e+00,1.921283864182035472e+02,1.082267995773328408e+02,1.324632922510749457e-05,0.000000000000000000e+00,2.833057721501529898e-03
2.144999999999982698e+00,1.923989260676078743e+02,1.081786200041985353e+02,1.281518755470010163e-05,0.000000000000000000e+00,2.835077508299116422e-03
2.147499999999982645e+00,1.926693452802580566e+02,1.081304619375090681e+02,1.275641460556603982e-05,0.000000000000000000e+00,2.837097454332794706e-03
2.149999999999982592e+00,1.929396441099748643e+02,1.080823254743895205e+02,1.297637429316947752e-05,0.000000000000000000e+00,2.839117526560086275e-03
2.152499999999982538e+00,1.932098226108222434e+02,1.080342107125128308e+02,1.277877058637797170e-05,0.000000000000000000e+00,2.841137679294694369e-03
2.154999999999982485e+00,1.934798808371090217e+02,1.079861177500394973e+02,1.271677645476589342e-05,0.000000000000000000e+00,2.843157903146215602e-03
2.157499999999982432e+00,1.937498188433888515e+02,1.079380466846331785e+02,1.259725633506701319e-05,0.000000000000000000e+00,2.845178175777542551e-03
2.159999999999982379e+00,1.940196366844599822e+02,1.078899976142898680e+02,1.243489631935504406e-05,0.000000000000000000e+00,2.847198463327526088e-03
2.162499999999982325e+00,1.942893344153654027e+02,1.078419706364812924e+02,1.264734629812938771e-05,0.000000000000000000e+00,2.849218747146609488e-03
2.164999999999982272e+00,1.945589120913912211e+02,1.077939658478957057e+02,1.287197243562928854e-05,0.000000000000000000e+00,2.851238980005642906e-03
2.167499999999982219e+00,1.948283697680653574e+02,1.077459833446472004e+02,1.214557067809613650e-05,0.000000000000000000e+00,2.853259119682961375e-03
2.169999999999982165e+00,1.950977075011624038e+02,1.076980232309173573e+02,1.203234678504327043e-05,0.000000000000000000e+00,2.855279149912430189e-03
2.172499999999982112e+00,1.953669253467048179e+02,1.076500855938085408e+02,1.134818126523744467e-05,0.000000000000000000e+00,2.855279149912430189e-03
2.174999999999982059e+00,1.956360233609404702e+02,1.076021705185144270e+02,1.161898045317220369e-05,0.000000000000000000e+00,2.857298835741038309e-03
2.177499999999982006e+00,1.959050016003177177e+02,1.075542781166289217e+02,1.211927963087781006e-05,0.000000000000000000e+00,2.859318286495378652e-03
2.179999999999981952e+00,1.961738601215659799e+02,1.075064084587937572e+02,1.208359424442154426e-05,0.000000000000000000e+00,2.861337461469113178e-03
2.182499999999981899e+00,1.964425989815996729e+02,1.074585616316252725e+02,1.198372582735811189e-05,0.000000000000000000e+00,2.863356315064537454e-03
2.184999999999981846e+00,1.967112182375547889e+02,1.074107377320143826e+02,1.169588810977189358e-05,0.000000000000000000e+00,2.865374796391223326e-03
2.187499999999981792e+00,1.969797179467917090e+02,1.073629368383296452e+02,1.238294608617345303e-05,0.000000000000000000e+00,2.867392839985469927e-03
2.189999999999981739e+00,1.972480981668715856e+02,1.073151590314414250e+02,1.214365497343911577e-05,0.000000000000000000e+00,2.869410448704839533e-03
2.192499999999981686e+00,1.975163589555562567e+02,1.072674043899594096e+02,1.256886574657320678e-05,0.000000000000000000e+00,2.871427559847929047e-03
2.194999999999981632e+00,1.977845003708033289e+02,1.072196729896250105e+02,1.293899997666422972e-05,0.000000000000000000e+00,2.873444187687087831e-03
2.197499999999981579e+00,1.980525224707573386e+02,1.071719649034978090e+02,1.329232526793771381e-05,0.000000000000000000e+00,2.875460340727028444e-03
2.199999999999981526e+00,1.983204253137443800e+02,1.071242802014701709e+02,1.368835825783570026e-05,0.000000000000000000e+00,2.877476036528834984e-03
2.202499999999981473e+00,1.985882089582632091e+02,1.070766189501095340e+02,1.349008341134603655e-05,0.000000000000000000e+00,2.879491314779040155e-03
2.204999999999981419e+00,1.988558734629769447e+02,1.070289812130449434e+02,1.366479933423600322e-05,0.000000000000000000e+00,2.881506135041525096e-03
2.207499999999981366e+00,1.991234188867066734e+02,1.069813670505415502e+02,1.350768390405981103e-05,0.000000000000000000e+00,2.883520532418759347e-03
2.209999999999981313e+00,1.993908452884215308e+02,1.069337765193042316e+02,1.354786565353785083e-05,0.000000000000000000e+00,2.885534473458519714e-03
2.212499999999981259e+00,1.996581527272309131e+02,1.068862096726772393e+02,1.342528353953472907e-05,0.000000000000000000e+00,2.887547957880806648e-03
2.214999999999981206e+00,1.999253412623752695e+02,1.068386665605416539e+02,1.372371750627853342e-05,0.000000000000000000e+00,2.889560977027281780e-03
2.217499999999981153e+00,2.001924109532181149e+02,1.067911472292744008e+02,1.363366335884668214e-05,0.000000000000000000e+00,2.891573570768209752e-03
2.219999999999981100e+00,2.004593618592367079e+02,1.067436517215560485e+02,1.372393563897718793e-05,0.000000000000000000e+00,2.893585734115751863e-03
2.222499999999981046e+00,2.007261940400128708e+02,1.066961800761730217e+02,1.358396602857912987e-05,0.000000000000000000e+00,2.895597471492992406e-03
2.224999999999980993e+00,2.009929075552230415e+02,1.066487323281675259e+02,1.313921937329062145e-05,0.000000000000000000e+00,2.897608762966255580e-03
2.227499999999980940e+00,2.012595024646294064e+02,1.066013085088056158e+02,1.288481996639296026e-05,0.000000000000000000e+00,2.899619513593296779e-03
2.229999999999980886e+00,2.015259788280701514e+02,1.065539086455452349e+02,1.316421564937369189e-05,0.000000000000000000e+00,2.901629671304386832e-03
2.232499999999980833e+00,2.017923367054497135e+02,1.065065327619764446e+02,1.339823137463481349e-05,0.000000000000000000e+00,2.903639282547806292e-03
2.234999999999980780e+00,2.020585761567295435e+02,1.064591808779432398e+02,1.290242617542135495e-05,0.000000000000000000e+00,2.905648400434200813e-03
2.237499999999980727e+00,2.023246972419182441e+02,1.064118530091680412e+02,1.293571287884958337e-05,0.000000000000000000e+00,2.907656909242253319e-03
2.239999999999980673e+00,2.025907000210618492e+02,1.063645491676742267e+02,1.326963185277376449e-05,0.000000000000000000e+00,2.909664829483459957e-03
2.242499999999980620e+00,2.028565845542341606e+02,1.063172693615478295e+02,1.255806364328232585e-05,0.000000000000000000e+00,2.911672241846809204e-03
2.244999999999980567e+00,2.031223509015267723e+02,1.062700135950618261e+02,1.265442882456824124e-05,0.000000000000000000e+00,2.913678954528960054e-03
2.247499999999980513e+00,2.033879991230402027e+02,1.062227818685655336e+02,1.228212129259526961e-05,0.000000000000000000e+00,2.915684989273250975e-03
2.249999999999980460e+00,2.036535292788732079e+02,1.061755741786959959e+02,1.277461404400346285e-05,0.000000000000000000e+00,2.917690257658558245e-03
2.252499999999980407e+00,2.039189414291144544e+02,1.061283905186574970e+02,1.276245913162645146e-05,0.000000000000000000e+00,2.919694903772186451e-03
2.254999999999980353e+00,2.041842356338333957e+02,1.060812308779321143e+02,1.289114193631010617e-05,0.000000000000000000e+00,2.921698901113604658e-03
2.257499999999980300e+00,2.044494119530713476e+02,1.060340952425882932e+02,1.272507383704072217e-05,0.000000000000000000e+00,2.923702305257860467e-03
2.259999999999980247e+00,2.047144704468326779e+02,1.059869835951319743e+02,1.263133636166844257e-05,0.000000000000000000e+00,2.925705107925028088e-03
2.262499999999980194e+00,2.049794111750761090e+02,1.059398959144572245e+02,1.289025311240566549e-05,0.000000000000000000e+00,2.927707225113270351e-03
2.264999999999980140e+00,2.052442341977054241e+02,1.058928321761038518e+02,1.254394250425186641e-05,0.000000000000000000e+00,2.929708751276709298e-03
2.267499999999980087e+00,2.055089395745618503e+02,1.058457923528002453e+02,1.252990056956919930e-05,0.000000000000000000e+00,2.931709630574110513e-03
2.269999999999980034e+00,2.057735273654164700e+02,1.057987764138896267e+02,1.290593832699443857e-05,0.000000000000000000e+00,2.933709872397609504e-03
2.272499999999979980e+00,2.060379976299616942e+02,1.057517843256731851e+02,1.325866147187269243e-05,0.000000000000000000e+00,2.935709591727835455e-03
2.274999999999979927e+00,2.063023504278045550e+02,1.057048160516054196e+02,1.295555041195137883e-05,0.000000000000000000e+00,2.937708902297696874e-03
2.277499999999979874e+00,2.065665858184584920e+02,1.056578715520239342e+02,1.298256572744488107e-05,0.000000000000000000e+00,2.939707760936187061e-03
2.279999999999979821e+00,2.068307038613363886e+02,1.056109507843419806e+02,1.293299666339072778e-05,0.000000000000000000e+00,2.941706143363209420e-03
2.282499999999979767e+00,2.070947046157430407e+02,1.055640537034435340e+02,1.278309522359882496e-05,0.000000000000000000e+00,2.943704081846476323e-03
2.284999999999979714e+00,2.073585881408691023e+02,1.055171802619542802e+02,1.252366124321018970e-05,0.000000000000000000e+00,2.945701510548514278e-03
2.287499999999979661e+00,2.076223544957856859e+02,1.054703304102042694e+02,1.264873105703301482e-05,0.000000000000000000e+00,2.947698411385953846e-03
2.289999999999979607e+00,2.078860037394380242e+02,1.054235040960502658e+02,1.241686890444576245e-05,0.000000000000000000e+00,2.949694833845404283e-03
2.292499999999979554e+00,2.081495359306398996e+02,1.053767012648651900e+02,1.187148532082844722e-05,0.000000000000000000e+00,2.951690726489402793e-03
2.294999999999979501e+00,2.084129511280671068e+02,1.053299218614155279e+02,1.207339628044473756e-05,0.000000000000000000e+00,2.953685910564322892e-03
2.297499999999979448e+00,2.086762493902582776e+02,1.052831658306563014e+02,1.175261961847351571e-05,0.000000000000000000e+00,2.955680479526856183e-03
2.299999999999979394e+00,2.089394307756133742e+02,1.052364331158350126e+02,1.185184449344027090e-05,0.000000000000000000e+00,2.957674347926052532e-03
2.302499999999979341e+00,2.092024953423894829e+02,1.051897236582053097e+02,1.186947175290301722e-05,0.000000000000000000e+00,2.959667635246712464e-03
2.304999999999979288e+00,2.094654431486955843e+02,1.051430373972065553e+02,1.168846947002007848e-05,0.000000000000000000e+00,2.961660313763993593e-03
2.307499999999979234e+00,2.097282742524885464e+02,1.050963742708090791e+02,1.155768367068391447e-05,0.000000000000000000e+00,2.963652398159884616e-03
2.309999999999979181e+00,2.099909887115692015e+02,1.050497342154196190e+02,1.226059840198168281e-05,0.000000000000000000e+00,2.965643839925398342e-03
2.312499999999979128e+00,2.102535865835787092e+02,1.050031171658951337e+02,1.265943409973125244e-05,0.000000000000000000e+00,2.967634912923692615e-03
2.314999999999979075e+00,2.105160679259942924e+02,1.049565230562428724e+02,1.276907246416652617e-05,0.000000000000000000e+00,2.969625791942255306e-03
2.317499999999979021e+00,2.107784327961281008e+02,1.049099518193669525e+02,1.327162921844242905e-05,0.000000000000000000e+00,2.971616557350246959e-03
2.319999999999978968e+00,2.110406812511235159e+02,1.048634033868254818e+02,1.297444149381939795e-05,0.000000000000000000e+00,2.973607417096572631e-03
2.322499999999978915e+00,2.113028133479522808e+02,1.048168776892303811e+02,1.304679792596910835e-05,0.000000000000000000e+00,2.975598316307403752e-03
2.324999999999978861e+00,2.115648291434120836e+02,1.047703746563405218e+02,1.298813039042845014e-05,0.000000000000000000e+00,2.977589289800792842e-03
2.327499999999978808e+00,2.118267286941247960e+02,1.047238942170625222e+02,1.300686280100773679e-05,0.000000000000000000e+00,2.979580344565820223e-03
2.329999999999978755e+00,2.120885120565337729e+02,1.046774362994372183e+02,1.313348864287639344e-05,0.000000000000000000e+00,2.981571557137286527e-03
2.332499999999978701e+00,2.123501792869022609e+02,1.046310008309603603e+02,1.327610374806262906e-05,0.000000000000000000e+00,2.983562983818800231e-03
2.334999999999978648e+00,2.126117304413118632e+02,1.045845877386689153e+02,1.334144976966134414e-05,0.000000000000000000e+00,2.985554699274921026e-03
2.337499999999978595e+00,2.128731655756615169e+02,1.045381969489416605e+02,1.360821363046513893e-05,0.000000000000000000e+00,2.987546763385789256e-03
2.339999999999978542e+00,2.131344847456657021e+02,1.044918283875931593e+02,1.342123942876258526e-05,0.000000000000000000e+00,2.989539284641849846e-03
2.342499999999978488e+00,2.133956880068531916e+02,1.044454819802190713e+02,1.348266828893812017e-05,0.000000000000000000e+00,2.991532243787639253e-03
2.344999999999978435e+00,2.136567754145668516e+02,1.043991576522905405e+02,1.355413871228807780e-05,0.000000000000000000e+00,2.993525685162370335e-03
2.347499999999978382e+00,2.139177470239629315e+02,1.043528553290310441e+02,1.367527881413404103e-05,0.000000000000000000e+00,2.995519665736171792e-03
2.349999999999978328e+00,2.141786028900106089e+02,1.043065749354428533e+02,1.426827009754003823e-05,0.000000000000000000e+00,2.997514242068937546e-03
2.352499999999978275e+00,2.144393430674915635e+02,1.042603163963641322e+02,1.430783842979735447e-05,0.000000000000000000e+00,2.999509602081542638e-03
2.354999999999978222e+00,2.146999676109994368e+02,1.042140796368601627e+02,1.416772936735495277e-05,0.000000000000000000e+00,3.001505768633604479e-03
2.357499999999978169e+00,2.149604765749408273e+02,1.041678645819687006e+02,1.457363425588559747e-05,0.000000000000000000e+00,3.003502737571874144e-03
2.359999999999978115e+00,2.152208700135348352e+02,1.041216711567611100e+02,1.479382834473258613e-05,0.000000000000000000e+00,3.005500617216034284e-03
2.362499999999978062e+00,2.154811479808132049e+02,1.040754992864336828e+02,1.463067668393459812e-05,0.000000000000000000e+00,3.007499459097939636e-03
2.364999999999978009e+00,2.157413105306206660e+02,1.040293488961072370e+02,1.488307326915838434e-05,0.000000000000000000e+00,3.009499233583419649e-03
2.367499999999977955e+00,2.160013577166148195e+02,1.039832199112314015e+02,1.483150877391310634e-05,0.000000000000000000e+00,3.011500007624368005e-03
2.369999999999977902e+00,2.162612895922673033e+02,1.039371122576233546e+02,1.467849985992984457e-05,0.000000000000000000e+00,3.013501762293754622e-03
2.372499999999977849e+00,2.165211062108643603e+02,1.038910258612283570e+02,1.498359656293454671e-05,0.000000000000000000e+00,3.015504463391789364e-03
2.374999999999977796e+00,2.167808076255070091e+02,1.038449606483785459e+02,1.513670274297358841e-05,0.000000000000000000e+00,3.017508170329434494e-03
2.377499999999977742e+00,2.170403938891126074e+02,1.037989165459374590e+02,1.558620398401315866e-05,0.000000000000000000e+00,3.019512895611788528e-03
2.379999999999977689e+00,2.172998650544158465e+02,1.037528934810483179e+02,1.541141222855347276e-05,0.000000000000000000e+00,3.021518722809232987e-03
2.382499999999977636e+00,2.175592211739693767e+02,1.037068913811599344e+02,1.550188928507821308e-05,0.000000000000000000e+00,3.023525606521301496e-03
2.384999999999977582e+00,2.178184623001448301e+02,1.036609101740396000e+02,1.544007058110994455e-05,0.000000000000000000e+00,3.025533557051460903e-03
2.387499999999977529e+00,2.180775884851330488e+02,1.036149497875144192e+02,1.539487527308040562e-05,0.000000000000000000e+00,3.027542515657976208e-03
2.389999999999977476e+00,2.183365997809447947e+02,1.035690101499069726e+02,1.527888315799817766e-05,0.000000000000000000e+00,3.029552461306301778e-03
2.392499999999977423e+00,2.185954962394120855e+02,1.035230911902086319e+02,1.497870429254322018e-05,0.000000000000000000e+00,3.031563364967521188e-03
2.394999999999977369e+00,2.188542779121894455e+02,1.034771928376981265e+02,1.544408165783698960e-05,0.000000000000000000e+00,3.033575163059642772e-03
2.397499999999977316e+00,2.191129448507548716e+02,1.034313150220445152e+02,1.558532048371429819e-05,0.000000000000000000e+00,3.035587897405506424e-03
2.399999999999977263e+00,2.193714971064109704e+02,1.033854576734876360e+02,1.565590689135729036e-05,0.000000000000000000e+00,3.037601549604511224e-03
2.402499999999977209e+00,2.196299347302858678e+02,1.033396207223651260e+02,1.528902772836993260e-05,0.000000000000000000e+00,3.039616098150178282e-03
2.404999999999977156e+00,2.198882577733338337e+02,1.032938040995104529e+02,1.538795776898087855e-05,0.000000000000000000e+00,3.041631488594627366e-03
2.407499999999977103e+00,2.201464662863365049e+02,1.032480077360988133e+02,1.571679785998584639e-05,0.000000000000000000e+00,3.043647694152724036e-03
2.409999999999977049e+00,2.204045603199035952e+02,1.032022315636463503e+02,1.574760932938796149e-05,0.000000000000000000e+00,3.045664707597614193e-03
2.412499999999976996e+00,2.206625399244738048e+02,1.031564755140238674e+02,1.593258429274232858e-05,0.000000000000000000e+00,3.047682496346388811e-03
2.414999999999976943e+00,2.209204051503150197e+02,1.031107395232689186e+02,1.642181066618555145e-05,0.000000000000000000e+00,3.049701037227452605e-03
2.417499999999976890e+00,2.211781560475313881e+02,1.030650235103473307e+02,1.686179135454276076e-05,0.000000000000000000e+00,3.051720294388009583e-03
2.419999999999976836e+00,2.214357926660352121e+02,1.030193274133272752e+02,1.704783866475489962e-05,0.000000000000000000e+00,3.053740234437538927e-03
2.422499999999976783e+00,2.216933150555915972e+02,1.029736511883487822e+02,1.744499685951301439e-05,0.000000000000000000e+00,3.055760782884648849e-03
2.424999999999976730e+00,2.219507232658221483e+02,1.029279947442809799e+02,1.745293152123125662e-05,0.000000000000000000e+00,3.057781860100665904e-03
2.427499999999976676e+00,2.222080173461500578e+02,1.028823580219792007e+02,1.729046574218984922e-05,0.000000000000000000e+00,3.059803390413794871e-03
2.429999999999976623e+00,2.224651973458431087e+02,1.028367409585385133e+02,1.707964881266101726e-05,0.000000000000000000e+00,3.061825302840373662e-03
2.432499999999976570e+00,2.227222633140067387e+02,1.027911434837140376e+02,1.711673256437732684e-05,0.000000000000000000e+00,3.063847539147617361e-03
2.434999999999976517e+00,2.229792152995787546e+02,1.027455655351806882e+02,1.687106066836454283e-05,0.000000000000000000e+00,3.065870031216130429e-03
2.437499999999976463e+00,2.232360533513381995e+02,1.027000070482613836e+02,1.710410177735801314e-05,0.000000000000000000e+00,3.067892724587477707e-03
2.439999999999976410e+00,2.234927775179023968e+02,1.026544679585065296e+02,1.736373112498224494e-05,0.000000000000000000e+00,3.069915532529941902e-03
2.442499999999976357e+00,2.237493878477279452e+02,1.026089482018177677e+02,1.760254590007901174e-05,0.000000000000000000e+00,3.071938371966805199e-03
2.444999999999976303e+00,2.240058843891113156e+02,1.025634477144857470e+02,1.734703887687683759e-05,0.000000000000000000e+00,3.073961153406986821e-03
2.447499999999976250e+00,2.242622671901898173e+02,1.025179664329947968e+02,1.669066537601289428e-05,0.000000000000000000e+00,3.075983825435703312e-03
2.449999999999976197e+00,2.245185362989422799e+02,1.024725042940680311e+02,1.702895234662502272e-05,0.000000000000000000e+00,3.078006408261164777e-03
2.452499999999976144e+00,2.247746917631892529e+02,1.024270612347199148e+02,1.719121383331639172e-05,0.000000000000000000e+00,3.080028790873029672e-03
2.454999999999976090e+00,2.250307336305939714e+02,1.023816371919979957e+02,1.693676059067068468e-05,0.000000000000000000e+00,3.082050882827531806e-03
2.457499999999976037e+00,2.252866619486624984e+02,1.023362321034118594e+02,1.684385232540262309e-05,0.000000000000000000e+00,3.084072662377931352e-03
2.459999999999975984e+00,2.255424767647448334e+02,1.022908459067911338e+02,1.634896796171887243e-05,0.000000000000000000e+00,3.086094084791941861e-03
2.462499999999975930e+00,2.257981781260357366e+02,1.022454785400753110e+02,1.608917936149416414e-05,0.000000000000000000e+00,3.088115200481046044e-03
2.464999999999975877e+00,2.260537660795749559e+02,1.022001299416888997e+02,1.614954023398060482e-05,0.000000000000000000e+00,3.090135991278095563e-03
2.467499999999975824e+00,2.263092406722485066e+02,1.021548000503828604e+02,1.627506023897054582e-05,0.000000000000000000e+00,3.092156424708813675e-03
2.469999999999975770e+00,2.265646019507895517e+02,1.021094888052198115e+02,1.582787240087561305e-05,0.000000000000000000e+00,3.094176445160411269e-03
2.472499999999975717e+00,2.268198499617788571e+02,1.020641961456013718e+02,1.636909567714267677e-05,0.000000000000000000e+00,3.096196080565489887e-03
2.474999999999975664e+00,2.270749847516462125e+02,1.020189220113001909e+02,1.651398976007381543e-05,0.000000000000000000e+00,3.098215191092515593e-03
2.477499999999975611e+00,2.273300063666709150e+02,1.019736663425346279e+02,1.645967913276786781e-05,0.000000000000000000e+00,3.100233717082678375e-03
2.479999999999975557e+00,2.275849148529829336e+02,1.019284290797644701e+02,1.646286702836377672e-05,0.000000000000000000e+00,3.102251638832443856e-03
2.482499999999975504e+00,2.278397102565636771e+02,1.018832101639546011e+02,1.627666113410234042e-05,0.000000000000000000e+00,3.104268902744703948e-03
2.484999999999975451e+00,2.280943926232473302e+02,1.018380095366441509e+02,1.603087772638058122e-05,0.000000000000000000e+00,3.106285533226314094e-03
2.487499999999975397e+00,2.283489619987219896e+02,1.017928271398124167e+02,1.608506666313005962e-05,0.000000000000000000e+00,3.108301529245062218e-03
2.489999999999975344e+00,2.286034184285313415e+02,1.017476629160655364e+02,1.610402536270662854e-05,0.000000000000000000e+00,3.110316877017693400e-03
2.492499999999975291e+00,2.288577619580756561e+02,1.017025168083552700e+02,1.624827114557616343e-05,0.000000000000000000e+00,3.112331541686580005e-03
2.494999999999975238e+00,2.291119926326129246e+02,1.016573887601902015e+02,1.641843723397326126e-05,0.000000000000000000e+00,3.114345441571967493e-03
2.497499999999975184e+00,2.293661104972601663e+02,1.016122787158173821e+02,1.611231587815704339e-05,0.000000000000000000e+00,3.116358532386038094e-03
2.499999999999975131e+00,2.296201155969954186e+02,1.015671866200903537e+02,1.605615816094341466e-05,0.000000000000000000e+00,3.118370864016787886e-03
2.502499999999975078e+00,2.298740079766591577e+02,1.015221124182768477e+02,1.562952643269362616e-05,0.000000000000000000e+00,3.120382439551856821e-03
2.504999999999975024e+00,2.301277876809555210e+02,1.014770560567040008e+02,1.592538155364443402e-05,0.000000000000000000e+00,3.122393385506275557e-03
2.507499999999974971e+00,2.303814547544550067e+02,1.014320174824243139e+02,1.622883432909667003e-05,0.000000000000000000e+00,3.124403571293390188e-03
2.509999999999974918e+00,2.306350092415959523e+02,1.013869966432286702e+02,1.666312767109036049e-05,0.000000000000000000e+00,3.126412889843033314e-03
2.512499999999974865e+00,2.308884511866867513e+02,1.013419934877141912e+02,1.644062550938074033e-05,0.000000000000000000e+00,3.128421178552216134e-03
2.514999999999974811e+00,2.311417806339078140e+02,1.012970079654376576e+02,1.657577949485149863e-05,0.000000000000000000e+00,3.130428519682023313e-03
2.517499999999974758e+00,2.313949976273138986e+02,1.012520400267080589e+02,1.644234605119566670e-05,0.000000000000000000e+00,3.132434852818504964e-03
2.519999999999974705e+00,2.316481022108359298e+02,1.012070896227042027e+02,1.643616025232378056e-05,0.000000000000000000e+00,3.134440174505742811e-03
2.522499999999974651e+00,2.319010944282834146e+02,1.011621567058822251e+02,1.651127681268710291e-05,0.000000000000000000e+00,3.136444486636344887e-03
2.524999999999974598e+00,2.321539743233477395e+02,1.011172412297106860e+02,1.673276465494163469e-05,0.000000000000000000e+00,3.138447777546751749e-03
2.527499999999974545e+00,2.324067419396045011e+02,1.010723431487036095e+02,1.684504990119066472e-05,0.000000000000000000e+00,3.140449959916286234e-03
2.529999999999974492e+00,2.326593973205161490e+02,1.010274624185321670e+02,1.699009677513299690e-05,0.000000000000000000e+00,3.142451010876278709e-03
2.532499999999974438e+00,2.329119405094351123e+02,1.009825989960614834e+02,1.693089137718232419e-05,0.000000000000000000e+00,3.144450866363883434e-03
2.534999999999974385e+00,2.331643715496065568e+02,1.009377528394791881e+02,1.695888829969512560e-05,0.000000000000000000e+00,3.146449545024189789e-03
2.537499999999974332e+00,2.334166904841718804e+02,1.008929239082485623e+02,1.644582561244879818e-05,0.000000000000000000e+00,3.148447038763741747e-03
2.539999999999974278e+00,2.336688973561718115e+02,1.008481121631196800e+02,1.638265007870690261e-05,0.000000000000000000e+00,3.150443518249623071e-03
2.542499999999974225e+00,2.339209922085499045e+02,1.008033175662605601e+02,1.667791949514468351e-05,0.000000000000000000e+00,3.152439033958234164e-03
2.544999999999974172e+00,2.341729750841556950e+02,1.007585400812102563e+02,1.676348449341564422e-05,0.000000000000000000e+00,3.154433485581495042e-03
2.547499999999974118e+00,2.344248460257487920e+02,1.007137796733497055e+02,1.656796523252852707e-05,0.000000000000000000e+00,3.156426866154490949e-03
2.549999999999974065e+00,2.346766050760029714e+02,1.006690363095279253e+02,1.662174788105801241e-05,0.000000000000000000e+00,3.158419203715291581e-03
2.552499999999974012e+00,2.349282522775098414e+02,1.006243099579507287e+02,1.626180377778754194e-05,0.000000000000000000e+00,3.160410547094454157e-03
2.554999999999973959e+00,2.351797876727825098e+02,1.005796005885057696e+02,1.667136411978225539e-05,0.000000000000000000e+00,3.162401053068074255e-03
2.557499999999973905e+00,2.354312113042599037e+02,1.005349081729712140e+02,1.700969725801286216e-05,0.000000000000000000e+00,3.164390571698701398e-03
2.559999999999973852e+00,2.356825232143114874e+02,1.004902326848962559e+02,1.720104805626236589e-05,0.000000000000000000e+00,3.166379028803398017e-03
2.562499999999973799e+00,2.359337234452413270e+02,1.004455740984194705e+02,1.739249857941050007e-05,0.000000000000000000e+00,3.168366363086292086e-03
2.564999999999973745e+00,2.361848120392885733e+02,1.004009323879521389e+02,1.727283861862159443e-05,0.000000000000000000e+00,3.170352533620751298e-03
2.567499999999973692e+00,2.364357890386291956e+02,1.003563075295635656e+02,1.715044078643878560e-05,0.000000000000000000e+00,3.172337581259735556e-03
2.569999999999973639e+00,2.366866544853804726e+02,1.003116995012542390e+02,1.742354798362729843e-05,0.000000000000000000e+00,3.174321645521878919e-03
2.572499999999973586e+00,2.369374084216057099e+02,1.002671082826382332e+02,1.774099858990743563e-05,0.000000000000000000e+00,3.176304615265356044e-03
2.574999999999973532e+00,2.371880508893180775e+02,1.002225338554687681e+02,1.752008422767392296e-05,0.000000000000000000e+00,3.178286433265839657e-03
2.577499999999973479e+00,2.374385819304867482e+02,1.001779762036867396e+02,1.718305448437387222e-05,0.000000000000000000e+00,3.180267228285412785e-03
2.579999999999973426e+00,2.376890015870415027e+02,1.001334353129216908e+02,1.723608640927990390e-05,0.000000000000000000e+00,3.182247169529460375e-03
2.582499999999973372e+00,2.379393099008773618e+02,1.000889111712603210e+02,1.757937150014514602e-05,0.000000000000000000e+00,3.184226252909854154e-03
2.584999999999973319e+00,2.381895069138609813e+02,1.000444037683620024e+02,1.729632678147316992e-05,0.000000000000000000e+00,3.186204428424805387e-03
2.587499999999973266e+00,2.384395926678340345e+02,9.999991309599846545e+01,1.761416857505962338e-05,0.000000000000000000e+00,3.188181802311175397e-03
2.589999999999973213e+00,2.386895672046189247e+02,9.995543914820386533e+01,1.757286550163667235e-05,0.000000000000000000e+00,3.190158342502889127e-03
2.592499999999973159e+00,2.389394305660242424e+02,9.991098192092425734e+01,1.733896288701213722e-05,0.000000000000000000e+00,3.192134109429919236e-03
2.594999999999973106e+00,2.391891827938495112e+02,9.986654141192225609e+01,1.733161259758590292e-05,0.000000000000000000e+00,3.194109234683696185e-03
2.597499999999973053e+00,2.394388239298899350e+02,9.982211762118039644e+01,1.724488567651860183e-05,0.000000000000000000e+00,3.196083776702083462e-03
2.599999999999972999e+00,2.396883540159415986e+02,9.977771055080819451e+01,1.702181266014355683e-05,0.000000000000000000e+00,3.198057852332184675e-03
2.602499999999972946e+00,2.399377730938074080e+02,9.973332020502319040e+01,1.732125062669347679e-05,0.000000000000000000e+00,3.200031582776901706e-03
2.604999999999972893e+00,2.401870812053018653e+02,9.968894659018781113e+01,1.728022814052835053e-05,0.000000000000000000e+00,3.202004933348697423e-03
2.607499999999972840e+00,2.404362783922568099e+02,9.964458971475308147e+01,1.730551069107809779e-05,0.000000000000000000e+00,3.203977954750118155e-03
2.609999999999972786e+00,2.406853646965257383e+02,9.960024958887450452e+01,1.733385838305096394e-05,0.000000000000000000e+00,3.205950757120000320e-03
2.612499999999972733e+00,2.409343401599890342e+02,9.955592622503124289e+01,1.721929649355689485e-05,0.000000000000000000e+00,3.207923350737653875e-03
2.614999999999972680e+00,2.411832048245595672e+02,9.951161963779385644e+01,1.722362121498195579e-05,0.000000000000000000e+00,3.209895861725742348e-03
2.617499999999972626e+00,2.414319587321877520e+02,9.946732984336175321e+01,1.724861928582554699e-05,0.000000000000000000e+00,3.211868362439214593e-03
2.619999999999972573e+00,2.416806019248651864e+02,9.942305685971571449e+01,1.728236908335971169e-05,0.000000000000000000e+00,3.213840906792630060e-03
2.622499999999972520e+00,2.419291344446295966e+02,9.937880070689098488e+01,1.736382419929527896e-05,0.000000000000000000e+00,3.215813570148599431e-03
2.624999999999972466e+00,2.421775563335700383e+02,9.933456140693162695e+01,1.742592263306516959e-05,0.000000000000000000e+00,3.217786386037295703e-03
2.627499999999972413e+00,2.424258676338317287e+02,9.929033898368977873e+01,1.739655196790871426e-05,0.000000000000000000e+00,3.219759422172916840e-03
2.629999999999972360e+00,2.426740683876204798e+02,9.924613346242004752e+01,1.760503578663461657e-05,0.000000000000000000e+00,3.221732750357346724e-03
2.632499999999972307e+00,2.429221586372060244e+02,9.920194487029131380e+01,1.767363195619911707e-05,0.000000000000000000e+00,3.223706387264464648e-03
2.634999999999972253e+00,2.431701384249271314e+02,9.915777323612761052e+01,1.766515943745371574e-05,0.000000000000000000e+00,3.225680407799670635e-03
2.637499999999972200e+00,2.434180077931953008e+02,9.911361858994857243e+01,1.711927133321181565e-05,0.000000000000000000e+00,3.227654872336002418e-03
2.639999999999972147e+00,2.436657667844982313e+02,9.906948096351740674e+01,1.666001195653441883e-05,0.000000000000000000e+00,3.229629975753662684e-03
2.642499999999972093e+00,2.439134154414034867e+02,9.902536038994323064e+01,1.694453718316303608e-05,0.000000000000000000e+00,3.231605873545128835e-03
2.644999999999972040e+00,2.441609538065625316e+02,9.898125690378536490e+01,1.693689878251003456e-05,0.000000000000000000e+00,3.233582601774680036e-03
2.647499999999971987e+00,2.444083819227139145e+02,9.893717054114623011e+01,1.663410313747481486e-05,0.000000000000000000e+00,3.235560234692822640e-03
2.649999999999971934e+00,2.446556998326873043e+02,9.889310133961737392e+01,1.647051243673894636e-05,0.000000000000000000e+00,3.237538885113939481e-03
2.652499999999971880e+00,2.449029075794072128e+02,9.884904933791696635e+01,1.652167086125912580e-05,0.000000000000000000e+00,3.239518643891436522e-03
2.654999999999971827e+00,2.451500052058953827e+02,9.880501457601205573e+01,1.692476700291497990e-05,0.000000000000000000e+00,3.241499567148730439e-03
2.657499999999971774e+00,2.453969927552742831e+02,9.876099709471407095e+01,1.670617915454496470e-05,0.000000000000000000e+00,3.243481652060745991e-03
2.659999999999971720e+00,2.456438702707689288e+02,9.871699693595159886e+01,1.649502207610945495e-05,0.000000000000000000e+00,3.245464969906148439e-03
2.662499999999971667e+00,2.458906377957094662e+02,9.867301414250400171e+01,1.601291304934854542e-05,0.000000000000000000e+00,3.247449624062025055e-03
2.664999999999971614e+00,2.461372953735339308e+02,9.862904875787322112e+01,1.592352677001081365e-05,0.000000000000000000e+00,3.249435737671286639e-03
2.667499999999971561e+00,2.463838430477890427e+02,9.858510082636351513e+01,1.570190660330259732e-05,0.000000000000000000e+00,3.251423386259566679e-03
2.669999999999971507e+00,2.466302808621327642e+02,9.854117039288500735e+01,1.559475956186926620e-05,0.000000000000000000e+00,3.253412654865861856e-03
2.672499999999971454e+00,2.468766088603360629e+02,9.849725750316545714e+01,1.574569440962414154e-05,0.000000000000000000e+00,3.255403562338785375e-03
2.674999999999971401e+00,2.471228270862843601e+02,9.845336220334054644e+01,1.551821457242720176e-05,0.000000000000000000e+00,3.257396137091982807e-03
2.677499999999971347e+00,2.473689355839783843e+02,9.840948453972045229e+01,1.504888975087636010e-05,0.000000000000000000e+00,3.259390458176064827e-03
2.679999999999971294e+00,2.476149343975350519e+02,9.836562455886884493e+01,1.500592096787467006e-05,0.000000000000000000e+00,3.261386588962932043e-03
2.682499999999971241e+00,2.478608235711878933e+02,9.832178230787282303e+01,1.442480739838475062e-05,0.000000000000000000e+00,3.263384573957250033e-03
2.684999999999971187e+00,2.481066031492881052e+02,9.827795783381100136e+01,1.478494488273099331e-05,0.000000000000000000e+00,3.265384474590335862e-03
2.687499999999971134e+00,2.483522731763047489e+02,9.823415118399397272e+01,1.478905843296786260e-05,0.000000000000000000e+00,3.267386268412340259e-03
2.689999999999971081e+00,2.485978336968251483e+02,9.819036240567606910e+01,1.462535326605370302e-05,0.000000000000000000e+00,3.269389984686847401e-03
2.692499999999971028e+00,2.488432847555548335e+02,9.814659154610197334e+01,1.439242032349864467e-05,0.000000000000000000e+00,3.271395634289717830e-03
2.694999999999970974e+00,2.490886263973173698e+02,9.810283865235444978e+01,1.379417025845105553e-05,0.000000000000000000e+00,3.273403245295230125e-03
2.697499999999970921e+00,2.493338586670539314e+02,9.805910377135721490e+01,1.362634693673216373e-05,0.000000000000000000e+00,3.275412847007400964e-03
2.699999999999970868e+00,2.495789816098229039e+02,9.801538694982230027e+01,1.376502137750335893e-05,0.000000000000000000e+00,3.277424438090094719e-03
2.702499999999970814e+00,2.498239952707992586e+02,9.797168823375865543e+01,1.367063453417368849e-05,0.000000000000000000e+00,3.279438004098293290e-03
2.704999999999970761e+00,2.500688996952733874e+02,9.792800766116272371e+01,1.335660858408027327e-05,0.000000000000000000e+00,3.281453518417177390e-03
2.707499999999970708e+00,2.503136949286326569e+02,9.788434529792721150e+01,1.331227922906082495e-05,0.000000000000000000e+00,3.283470975936294157e-03
2.709999999999970655e+00,2.505583810164258125e+02,9.784070117821880785e+01,1.304899270220432798e-05,0.000000000000000000e+00,3.285490365768964447e-03
2.712499999999970601e+00,2.508029580042843065e+02,9.779707535238551941e+01,1.294295701845862360e-05,0.000000000000000000e+00,3.285490365768964447e-03
2.714999999999970548e+00,2.510474259379614352e+02,9.775346783252702210e+01,1.297782918228886687e-05,0.000000000000000000e+00,3.287513565962491002e-03
2.717499999999970495e+00,2.512917848632374955e+02,9.770987867502923052e+01,1.265435512647152162e-05,0.000000000000000000e+00,3.289538620347113359e-03
2.719999999999970441e+00,2.515360348260541343e+02,9.766630792850233433e+01,1.212330169271708902e-05,0.000000000000000000e+00,3.291565493088028510e-03
2.722499999999970388e+00,2.517801758724611716e+02,9.762275563162219782e+01,1.209543024542249387e-05,0.000000000000000000e+00,3.293594127446859005e-03
2.724999999999970335e+00,2.520242080486043221e+02,9.757922182127963140e+01,1.201954035334177274e-05,0.000000000000000000e+00,3.295624475642046618e-03
2.727499999999970282e+00,2.522681314007226945e+02,9.753570653761782694e+01,1.165739088268112052e-05,0.000000000000000000e+00,3.297656479165829782e-03
2.729999999999970228e+00,2.525119459751610691e+02,9.749220982301652327e+01,1.197815007374241886e-05,0.000000000000000000e+00,3.299690074765028458e-03
2.732499999999970175e+00,2.527556518183563696e+02,9.744873170795268891e+01,1.190173951460362351e-05,0.000000000000000000e+00,3.301725217161688951e-03
2.734999999999970122e+00,2.529992489768271753e+02,9.740527222646369410e+01,1.167899428461942283e-05,0.000000000000000000e+00,3.303761853567635954e-03
2.737499999999970068e+00,2.532427374971760514e+02,9.736183141121065887e+01,1.192954176904546713e-05,0.000000000000000000e+00,3.305799918885594674e-03
2.739999999999970015e+00,2.534861174260868495e+02,9.731840929365914405e+01,1.178232493746389705e-05,0.000000000000000000e+00,3.307839362778266980e-03
2.742499999999969962e+00,2.537293888103210975e+02,9.727500590383893098e+01,1.191410739762797968e-05,0.000000000000000000e+00,3.309880117962198456e-03
2.744999999999969909e+00,2.539725516967147314e+02,9.723162127010510858e+01,1.165632129952164267e-05,0.000000000000000000e+00,3.311922140507818184e-03
2.747499999999969855e+00,2.542156061321733205e+02,9.718825541932601197e+01,1.119500478840580710e-05,0.000000000000000000e+00,3.313965339946250283e-03
2.749999999999969802e+00,2.544585521636692533e+02,9.714490837694707182e+01,1.126960701942792254e-05,0.000000000000000000e+00,3.316009611966630553e-03
2.752499999999969749e+00,2.547013898382372759e+02,9.710158016677621617e+01,1.129057496218149499e-05,0.000000000000000000e+00,3.318054910392968446e-03
2.754999999999969695e+00,2.549441192029707963e+02,9.705827081101547549e+01,1.087219078829924224e-05,0.000000000000000000e+00,3.320101164974438405e-03
2.757499999999969642e+00,2.551867403050180201e+02,9.701498033017955436e+01,1.059611063247989212e-05,0.000000000000000000e+00,3.322148256120047941e-03
2.759999999999969589e+00,2.554292531915771178e+02,9.697170874300417154e+01,1.073196520626796661e-05,0.000000000000000000e+00,3.324196099103221905e-03
2.762499999999969535e+00,2.556716579098925308e+02,9.692845606667107461e+01,1.038079947967371742e-05,0.000000000000000000e+00,3.326244616112535458e-03
2.764999999999969482e+00,2.559139545072504518e+02,9.688522231655197459e+01,9.947317496137954960e-06,0.000000000000000000e+00,3.328293708094974112e-03
2.767499999999969429e+00,2.561561430309745901e+02,9.684200750621681664e+01,9.631448247073813855e-06,0.000000000000000000e+00,3.330343245324976411e-03
2.769999999999969376e+00,2.563982235284214539e+02,9.679881164765689050e+01,9.859632516108720292e-06,0.000000000000000000e+00,3.332393087755358002e-03
2.772499999999969322e+00,2.566401960469767687e+02,9.675563475094148203e+01,9.668885972914684852e-06,0.000000000000000000e+00,3.334443206329621226e-03
2.774999999999969269e+00,2.568820606340502763e+02,9.671247682445489602e+01,9.241179881040881093e-06,0.000000000000000000e+00,3.336493490296289083e-03
2.777499999999969216e+00,2.571238173370717846e+02,9.666933787488009955e+01,9.440404553003905842e-06,0.000000000000000000e+00,3.338543805717781362e-03
2.779999999999969162e+00,2.573654662034866760e+02,9.662621790710117864e+01,9.305189679387544478e-06,0.000000000000000000e+00,3.340594095554977674e-03
2.782499999999969109e+00,2.576070072807517590e+02,9.658311692443538732e+01,8.865947071141947760e-06,0.000000000000000000e+00,3.342644258955182468e-03
2.784999999999969056e+00,2.578484406163311178e+02,9.654003492803738595e+01,8.724461360319901986e-06,0.000000000000000000e+00,3.344694161488884383e-03
2.787499999999969003e+00,2.580897662576903144e+02,9.649697191739120683e+01,8.821574468075340703e-06,0.000000000000000000e+00,3.346743726402861153e-03
2.789999999999968949e+00,2.583309842522930921e+02,9.645392789056973015e+01,8.916945632415155049e-06,0.000000000000000000e+00,3.348792862170079428e-03
2.792499999999968896e+00,2.585720946475973392e+02,9.641090284380710784e+01,8.846730598102991338e-06,0.000000000000000000e+00,3.350841530468753795e-03
2.794999999999968843e+00,2.588130974910504847e+02,9.636789677140637878e+01,9.300425252518033117e-06,0.000000000000000000e+00,3.352889659294499593e-03
2.797499999999968789e+00,2.590539928300844963e+02,9.632490966610959049e+01,9.111336291324180630e-06,0.000000000000000000e+00,3.354937263459140031e-03
2.799999999999968736e+00,2.592947807121126402e+02,9.628194151907271703e+01,8.897376319751767895e-06,0.000000000000000000e+00,3.356984272422296883e-03
2.802499999999968683e+00,2.595354611845249906e+02,9.623899231966206003e+01,8.829569318769280411e-06,0.000000000000000000e+00,3.359030561847798149e-03
2.804999999999968630e+00,2.597760342946841661e+02,9.619606205558579859e+01,8.927791370852643826e-06,0.000000000000000000e+00,3.361076071107734018e-03
2.807499999999968576e+00,2.600165000899209531e+02,9.615315071297659699e+01,8.891474818356645172e-06,0.000000000000000000e+00,3.363120748115369391e-03
2.809999999999968523e+00,2.602568586175304972e+02,9.611025827616246886e+01,9.194244740988946624e-06,0.000000000000000000e+00,3.365164550808906214e-03
2.812499999999968470e+00,2.604971099247679263e+02,9.606738472800212492e+01,9.423102629480573189e-06,0.000000000000000000e+00,3.367207509356480270e-03
2.814999999999968416e+00,2.607372540588447691e+02,9.602453005004942099e+01,9.334124462673661535e-06,0.000000000000000000e+00,3.369249616510694868e-03
2.817499999999968363e+00,2.609772910669255452e+02,9.598169422208275137e+01,9.066386340277228089e-06,0.000000000000000000e+00,3.371290840970574305e-03
2.819999999999968310e+00,2.612172209961232738e+02,9.593887722263035300e+01,9.056973928922470692e-06,0.000000000000000000e+00,3.373331069221263082e-03
2.822499999999968257e+00,2.614570438934968593e+02,9.589607902900824854e+01,8.780784465373272742e-06,0.000000000000000000e+00,3.375370273594764398e-03
2.824999999999968203e+00,2.616967598060473392e+02,9.585329961683392241e+01,8.518223663660011460e-06,0.000000000000000000e+00,3.377408348742781327e-03
2.827499999999968150e+00,2.619363687807140764e+02,9.581053896040936024e+01,8.131344226280699621e-06,0.000000000000000000e+00,3.379445218640879725e-03
2.829999999999968097e+00,2.621758708643715750e+02,9.576779703278033651e+01,8.369176891470566171e-06,0.000000000000000000e+00,3.381480772124729247e-03
2.832499999999968043e+00,2.624152661038261272e+02,9.572507380572263003e+01,8.403492704854641731e-06,0.000000000000000000e+00,3.383515050957857425e-03
2.834999999999967990e+00,2.626545545458126867e+02,9.568236924973741964e+01,8.457973855193622289e-06,0.000000000000000000e+00,3.385548019032798284e-03
2.837499999999967937e+00,2.628937362369919697e+02,9.563968333425466994e+01,8.866832139038957771e-06,0.000000000000000000e+00,3.387579682955957350e-03
2.839999999999967883e+00,2.631328112239474422e+02,9.559701602743859894e+01,8.717628498255294050e-06,0.000000000000000000e+00,3.389610123257723404e-03
2.842499999999967830e+00,2.633717795531824208e+02,9.555436729701213494e+01,8.559277076570612856e-06,0.000000000000000000e+00,3.391639296811850817e-03
2.844999999999967777e+00,2.636106412711199027e+02,9.551173711106901010e+01,8.674748803829718149e-06,0.000000000000000000e+00,3.393667173368209063e-03
2.847499999999967724e+00,2.638493964241027356e+02,9.546912543654396188e+01,8.759654936333529569e-06,0.000000000000000000e+00,3.395693802863880822e-03
2.849999999999967670e+00,2.640880450583903212e+02,9.542653223930223305e+01,8.873557889759150813e-06,0.000000000000000000e+00,3.397719178100018240e-03
2.852499999999967617e+00,2.643265872201562843e+02,9.538395748449043765e+01,9.011120276729647172e-06,0.000000000000000000e+00,3.399743356051050398e-03
2.854999999999967564e+00,2.645650229554866542e+02,9.534140113624449953e+01,9.213079002491373761e-06,0.000000000000000000e+00,3.401766329121232949e-03
2.857499999999967510e+00,2.648033523103771927e+02,9.529886315771786087e+01,9.461799530176416182e-06,0.000000000000000000e+00,3.403788179337727867e-03
2.859999999999967457e+00,2.650415753307311206e+02,9.525634351140149647e+01,9.511352345294331597e-06,0.000000000000000000e+00,3.405808971838026906e-03
2.862499999999967404e+00,2.652796920623574692e+02,9.521384215916967264e+01,9.216873747233280033e-06,0.000000000000000000e+00,3.407828743443897489e-03
2.864999999999967351e+00,2.655177025509696023e+02,9.517135906193183814e+01,9.210408592426673981e-06,0.000000000000000000e+00,3.409847455564183737e-03
2.867499999999967297e+00,2.657556068421826012e+02,9.512889418010124132e+01,9.747271077969663677e-06,0.000000000000000000e+00,3.411865112625934657e-03
2.869999999999967244e+00,2.659934049815124126e+02,9.508644747336401792e+01,9.832998846123162793e-06,0.000000000000000000e+00,3.413881859826238974e-03
2.872499999999967191e+00,2.662310970143736881e+02,9.504401890089556559e+01,1.042739783348399587e-05,0.000000000000000000e+00,3.415897725358088902e-03
2.874999999999967137e+00,2.664686829860787043e+02,9.500160842125060867e+01,1.044230369535849602e-05,0.000000000000000000e+00,3.417912871954396654e-03
2.877499999999967084e+00,2.667061629418359985e+02,9.495921599221883014e+01,1.063710552563774954e-05,0.000000000000000000e+00,3.419927322710787903e-03
2.879999999999967031e+00,2.669435369267476972e+02,9.491684157096958074e+01,1.043797166910639865e-05,0.000000000000000000e+00,3.421941140889284572e-03
2.882499999999966978e+00,2.671808049858090612e+02,9.487448511444894450e+01,1.049034094481049156e-05,0.000000000000000000e+00,3.423954321638380746e-03
2.884999999999966924e+00,2.674179671639074058e+02,9.483214657926319546e+01,1.066684093869846860e-05,0.000000000000000000e+00,3.425966908431502672e-03
2.887499999999966871e+00,2.676550235058213616e+02,9.478982592148467745e+01,1.073694191830799418e-05,0.000000000000000000e+00,3.427978949626410855e-03
2.889999999999966818e+00,2.678919740562192260e+02,9.474752309668274108e+01,1.087539465662941851e-05,0.000000000000000000e+00,3.429990507524786035e-03
2.892499999999966764e+00,2.681288188596583382e+02,9.470523806025465774e+01,1.052158828178513044e-05,0.000000000000000000e+00,3.432001650256083416e-03
2.894999999999966711e+00,2.683655579605842263e+02,9.466297076730208460e+01,1.056513654873764869e-05,0.000000000000000000e+00,3.434012333932493811e-03
2.897499999999966658e+00,2.686021914033300391e+02,9.462072117264784765e+01,1.079370966340987977e-05,0.000000000000000000e+00,3.436022601785773505e-03
2.899999999999966604e+00,2.688387192321159205e+02,9.457848923088619131e+01,1.083764981209767144e-05,0.000000000000000000e+00,3.438032511434544608e-03
2.902499999999966551e+00,2.690751414910481571e+02,9.453627489629212732e+01,1.121841754817505688e-05,0.000000000000000000e+00,3.440042119613110141e-03
2.904999999999966498e+00,2.693114582241187236e+02,9.449407812287836350e+01,1.119750472263229307e-05,0.000000000000000000e+00,3.442051531987784345e-03
2.907499999999966445e+00,2.695476694752044295e+02,9.445189886450378935e+01,1.132225222841578892e-05,0.000000000000000000e+00,3.444060780248002149e-03
2.909999999999966391e+00,2.697837752880666926e+02,9.440973707495851386e+01,1.161558643045253108e-05,0.000000000000000000e+00,3.446069905065818686e-03
2.912499999999966338e+00,2.700197757063514246e+02,9.436759270795842269e+01,1.161911636295301892e-05,0.000000000000000000e+00,3.448079007985772795e-03
2.914999999999966285e+00,2.702556707735886903e+02,9.432546571712073558e+01,1.162234280830320640e-05,0.000000000000000000e+00,3.450088112664313235e-03
2.917499999999966231e+00,2.704914605331925372e+02,9.428335605599306746e+01,1.173133677087543650e-05,0.000000000000000000e+00,3.452097271855818130e-03
2.919999999999966178e+00,2.707271450284609955e+02,9.424126367792801773e+01,1.190382052149343784e-05,0.000000000000000000e+00,3.454106509500459374e-03
2.922499999999966125e+00,2.709627243025751682e+02,9.419918853644378487e+01,1.176097374796668682e-05,0.000000000000000000e+00,3.456115897645112810e-03
2.924999999999966072e+00,2.711981983986003115e+02,9.415713058494202414e+01,1.176696292792175146e-05,0.000000000000000000e+00,3.458125448150297949e-03
2.927499999999966018e+00,2.714335673594847549e+02,9.411508977671256559e+01,1.198731032056011382e-05,0.000000000000000000e+00,3.460135201119394609e-03
2.929999999999965965e+00,2.716688312280602986e+02,9.407306606508439017e+01,1.185243320307796226e-05,0.000000000000000000e+00,3.462145213157786800e-03
2.932499999999965912e+00,2.719039900470419866e+02,9.403105940337066215e+01,1.185652646176106002e-05,0.000000000000000000e+00,3.464155499286694900e-03
2.934999999999965858e+00,2.721390438590282201e+02,9.398906974501544198e+01,1.203686811888528461e-05,0.000000000000000000e+00,3.466166090308339925e-03
2.937499999999965805e+00,2.723739927065009852e+02,9.394709704359551949e+01,1.243057951819122157e-05,0.000000000000000000e+00,3.468177042626028380e-03
2.939999999999965752e+00,2.726088366318264775e+02,9.390514125276801849e+01,1.260929184163352735e-05,0.000000000000000000e+00,3.470188431187415552e-03
2.942499999999965699e+00,2.728435756772548189e+02,9.386320232630981764e+01,1.290277102843513849e-05,0.000000000000000000e+00,3.472200292840218160e-03
2.944999999999965645e+00,2.730782098849207387e+02,9.382128021807575635e+01,1.324897516857734045e-05,0.000000000000000000e+00,3.474212672393589118e-03
2.947499999999965592e+00,2.733127392968436880e+02,9.377937488203757255e+01,1.323838458764067397e-05,0.000000000000000000e+00,3.476225617165984438e-03
2.949999999999965539e+00,2.735471639549282372e+02,9.373748627232801311e+01,1.316060996060750089e-05,0.000000000000000000e+00,3.478239149019066775e-03
2.952499999999965485e+00,2.737814839009641332e+02,9.369561434305161640e+01,1.341601109673499122e-05,0.000000000000000000e+00,3.480253278810834655e-03
2.954999999999965432e+00,2.740156991766264696e+02,9.365375904847502397e+01,1.388357670736113063e-05,0.000000000000000000e+00,3.482268033006767193e-03
2.957499999999965379e+00,2.742498098234762551e+02,9.361192034303213916e+01,1.398298900767044546e-05,0.000000000000000000e+00,3.484283456397227648e-03
2.959999999999965326e+00,2.744838158829604140e+02,9.357009818132026169e+01,1.434194875743570317e-05,0.000000000000000000e+00,3.486299555157629498e-03
2.962499999999965272e+00,2.747177173964126382e+02,9.352829251789202658e+01,1.432999862881817593e-05,0.000000000000000000e+00,3.488316349117632359e-03
2.964999999999965219e+00,2.749515144050494655e+02,9.348650330497942207e+01,1.448278952126441241e-05,0.000000000000000000e+00,3.490333840984239256e-03
2.967499999999965166e+00,2.751852069499781237e+02,9.344473050687436455e+01,1.497967142612760744e-05,0.000000000000000000e+00,3.492352035145904199e-03
2.969999999999965112e+00,2.754187950722050005e+02,9.340297406511506040e+01,1.527202542509302949e-05,0.000000000000000000e+00,3.494370939634398616e-03
2.972499999999965059e+00,2.756522788125950569e+02,9.336123393966794026e+01,1.568620765421333867e-05,0.000000000000000000e+00,3.496390547838283246e-03
2.974999999999965006e+00,2.758856582119133805e+02,9.331951007991642655e+01,1.567525531844544742e-05,0.000000000000000000e+00,3.496390547838283246e-03
2.977499999999964952e+00,2.761189333108061987e+02,9.327780246038997802e+01,1.560631234951337628e-05,0.000000000000000000e+00,3.498411527029733972e-03
2.979999999999964899e+00,2.763521041498574959e+02,9.323611103108920872e+01,1.569323774337367722e-05,0.000000000000000000e+00,3.500433168278374151e-03
2.982499999999964846e+00,2.765851707694936863e+02,9.319443573530547553e+01,1.597575815651988663e-05,0.000000000000000000e+00,3.502455448591855307e-03
2.984999999999964793e+00,2.768181332100357395e+02,9.315277653644746181e+01,1.578770136111459489e-05,0.000000000000000000e+00,3.504478338626883151e-03
2.987499999999964739e+00,2.770509915117010564e+02,9.311113339182571735e+01,1.597977361346921113e-05,0.000000000000000000e+00,3.506501818235977213e-03
2.989999999999964686e+00,2.772837457146010820e+02,9.306950625918918263e+01,1.649427312999072619e-05,0.000000000000000000e+00,3.508525854694888833e-03
2.992499999999964633e+00,2.775163958587409638e+02,9.302789509426321501e+01,1.661926112363925319e-05,0.000000000000000000e+00,3.510550400878449662e-03
2.994999999999964579e+00,2.777489419840114238e+02,9.298629985085068483e+01,1.699612693197004602e-05,0.000000000000000000e+00,3.512575416737607949e-03
2.997499999999964526e+00,2.779813841301954085e+02,9.294472048886282778e+01,1.726233626041298586e-05,0.000000000000000000e+00,3.514600841807303654e-03
2.999999999999964473e+00,2.782137223369722392e+02,9.290315696575942184e+01,1.763866098790353707e-05,0.000000000000000000e+00,3.516626627844892956e-03
3.002499999999964420e+00,2.784459566439151672e+02,9.286160923917434218e+01,1.774285661872587416e-05,0.000000000000000000e+00,3.518652701133230185e-03
3.004999999999964366e+00,2.786780870904914309e+02,9.282007726678739346e+01,1.821238583376047726e-05,0.000000000000000000e+00,3.520679003661501306e-03
3.007499999999964313e+00,2.789101137160626536e+02,9.277856100654692284e+01,1.786131256435880213e-05,0.000000000000000000e+00,3.522705450501583627e-03
3.009999999999964260e+00,2.791420365598854687e+02,9.273706041671029254e+01,1.756807107473987257e-05,0.000000000000000000e+00,3.524732014785105470e-03
3.012499999999964206e+00,2.793738556611122590e+02,9.269557545569635693e+01,1.753977409523635260e-05,0.000000000000000000e+00,3.526758670585403242e-03
3.014999999999964153e+00,2.796055710587915542e+02,9.265410608216406274e+01,1.786198641102340287e-05,0.000000000000000000e+00,3.528785372624101708e-03
3.017499999999964100e+00,2.798371827918687131e+02,9.261265225503662180e+01,1.783385136302423140e-05,0.000000000000000000e+00,3.530812038543427490e-03
3.019999999999964047e+00,2.800686908991866062e+02,9.257121393343500415e+01,1.772455081273401458e-05,0.000000000000000000e+00,3.532838623820205078e-03
3.022499999999963993e+00,2.803000954194860128e+02,9.252979107678713433e+01,1.775326459907336908e-05,0.000000000000000000e+00,3.534865087746269334e-03
3.024999999999963940e+00,2.805313963914062469e+02,9.248838364471816931e+01,1.770228836816802937e-05,0.000000000000000000e+00,3.536891386907194124e-03
3.027499999999963887e+00,2.807625938534861234e+02,9.244699159719556292e+01,1.808511543196123463e-05,0.000000000000000000e+00,3.538917484024053407e-03
3.029999999999963833e+00,2.809936878441642989e+02,9.240561489440193554e+01,1.824263469179219794e-05,0.000000000000000000e+00,3.540943284674037770e-03
3.032499999999963780e+00,2.812246784017801247e+02,9.236425349680830266e+01,1.825541481940936618e-05,0.000000000000000000e+00,3.542968699564196140e-03
3.034999999999963727e+00,2.814555655645742718e+02,9.232290736514400464e+01,1.828133255778974730e-05,0.000000000000000000e+00,3.544993690338152717e-03
3.037499999999963674e+00,2.816863493706894133e+02,9.228157646040456541e+01,1.838678031111226418e-05,0.000000000000000000e+00,3.547018207401351174e-03
3.039999999999963620e+00,2.819170298581708494e+02,9.224026074386172525e+01,1.832228006160699428e-05,0.000000000000000000e+00,3.549042180583592433e-03
3.042499999999963567e+00,2.821476070649671897e+02,9.219896017713605829e+01,1.824004972198769135e-05,0.000000000000000000e+00,3.551065577909145402e-03
3.044999999999963514e+00,2.823780810289313763e+02,9.215767472212520772e+01,1.837539767046532653e-05,0.000000000000000000e+00,3.553088370229025642e-03
3.047499999999963460e+00,2.826084517878211386e+02,9.211640434108468867e+01,1.853786999612655096e-05,0.000000000000000000e+00,3.555110492902811229e-03
3.049999999999963407e+00,2.828387193793001870e+02,9.207514899659923913e+01,1.856281343419653599e-05,0.000000000000000000e+00,3.557131864876315799e-03
3.052499999999963354e+00,2.830688838409387813e+02,9.203390865155529355e+01,1.866331242061486826e-05,0.000000000000000000e+00,3.559152440695411476e-03
3.054999999999963300e+00,2.832989452102145265e+02,9.199268326908972426e+01,1.885785272720302326e-05,0.000000000000000000e+00,3.561172162750723957e-03
3.057499999999963247e+00,2.835289035245131117e+02,9.195147281280155482e+01,1.925045802537838767e-05,0.000000000000000000e+00,3.563190934427296758e-03
3.059999999999963194e+00,2.837587588211295042e+02,9.191027724675751642e+01,1.938234812233219847e-05,0.000000000000000000e+00,3.565208631732468252e-03
3.062499999999963141e+00,2.839885111372691995e+02,9.186909653536356757e+01,1.976761126798265791e-05,0.000000000000000000e+00,3.567225200032098347e-03
3.064999999999963087e+00,2.842181605100485626e+02,9.182793064355841750e+01,1.948774882863825911e-05,0.000000000000000000e+00,3.569240522187192358e-03
3.067499999999963034e+00,2.844477069764969883e+02,9.178677953684902491e+01,1.918692754235317146e-05,0.000000000000000000e+00,3.571254593767633854e-03
3.069999999999962981e+00,2.846771505735578103e+02,9.174564318110446948e+01,1.925526659736885316e-05,0.000000000000000000e+00,3.573267464407724713e-03
3.072499999999962927e+00,2.849064913380892108e+02,9.170452154262372346e+01,1.949921854766552062e-05,0.000000000000000000e+00,3.575279074856157514e-03
3.074999999999962874e+00,2.851357293068654144e+02,9.166341458824068411e+01,1.934304803920681962e-05,0.000000000000000000e+00,3.577289326780930864e-03
3.077499999999962821e+00,2.853648645165779953e+02,9.162232228536565515e+01,1.931841889250759541e-05,0.000000000000000000e+00,3.579298228812859139e-03
3.079999999999962768e+00,2.855938970038375260e+02,9.158124460194731853e+01,1.912250718666594397e-05,0.000000000000000000e+00,3.581305760363099212e-03
3.082499999999962714e+00,2.858228268051745999e+02,9.154018150629893569e+01,1.878716208947191202e-05,0.000000000000000000e+00,3.583311944844126164e-03
3.084999999999962661e+00,2.860516539570406849e+02,9.149913296715118349e+01,1.886556686681847283e-05,0.000000000000000000e+00,3.585316810106573254e-03
3.087499999999962608e+00,2.862803784958096003e+02,9.145809895392903854e+01,1.908838103133043726e-05,0.000000000000000000e+00,3.587320342579574696e-03
3.089999999999962554e+00,2.865090004577789955e+02,9.141707943663666924e+01,1.888181368004910744e-05,0.000000000000000000e+00,3.589322457766302554e-03
3.092499999999962501e+00,2.867375198791718844e+02,9.137607438586191222e+01,1.908224197277584938e-05,0.000000000000000000e+00,3.591323199303180294e-03
3.094999999999962448e+00,2.869659367961380667e+02,9.133508377281481216e+01,1.917857641579477626e-05,0.000000000000000000e+00,3.593322493431058955e-03
3.097499999999962395e+00,2.871942512447558329e+02,9.129410756937001281e+01,1.952905046603644912e-05,0.000000000000000000e+00,3.595320321611502560e-03
3.099999999999962341e+00,2.874224632610332719e+02,9.125314574791732980e+01,1.937982313269540896e-05,0.000000000000000000e+00,3.597316583168255148e-03
3.102499999999962288e+00,2.876505728809100333e+02,9.121219828156061737e+01,1.918286384793113189e-05,0.000000000000000000e+00,3.599311280508870042e-03
3.104999999999962235e+00,2.878785801402587481e+02,9.117126514409723370e+01,1.937868915644509263e-05,0.000000000000000000e+00,3.601304463682305709e-03
3.107499999999962181e+00,2.881064850748871322e+02,9.113034631008515873e+01,1.915345977181531702e-05,0.000000000000000000e+00,3.603296089072470943e-03
3.109999999999962128e+00,2.883342877205395212e+02,9.108944175469272864e+01,1.899509056788747604e-05,0.000000000000000000e+00,3.605286201069144054e-03
3.112499999999962075e+00,2.885619881128986322e+02,9.104855145397259264e+01,1.890309911923463511e-05,0.000000000000000000e+00,3.607274854146774300e-03
3.114999999999962021e+00,2.887895862875877242e+02,9.100767538453223438e+01,1.869455430551502934e-05,0.000000000000000000e+00,3.609262084672973728e-03
3.117499999999961968e+00,2.890170822801721329e+02,9.096681352377501639e+01,1.871224369745879855e-05,0.000000000000000000e+00,3.611247932559976878e-03
3.119999999999961915e+00,2.892444761261608051e+02,9.092596584973586005e+01,1.888465581092629343e-05,0.000000000000000000e+00,3.613232396785876800e-03
3.122499999999961862e+00,2.894717678610084590e+02,9.088513234125082363e+01,1.914821043396729632e-05,0.000000000000000000e+00,3.615215470266672573e-03
3.124999999999961808e+00,2.896989575201171192e+02,9.084431297787095616e+01,1.887646501495840419e-05,0.000000000000000000e+00,3.617197097681378558e-03
3.127499999999961755e+00,2.899260451388382194e+02,9.080350774019667881e+01,1.867501963065578072e-05,0.000000000000000000e+00,3.619177348188531290e-03
3.129999999999961702e+00,2.901530307524753312e+02,9.076271660951057640e+01,1.844816795571809986e-05,0.000000000000000000e+00,3.621156290029702452e-03
3.132499999999961648e+00,2.903799143962855851e+02,9.072193956791188896e+01,1.844709977280897022e-05,0.000000000000000000e+00,3.623133991287039602e-03
3.134999999999961595e+00,2.906066961054817739e+02,9.068117659843726130e+01,1.855929061330406117e-05,0.000000000000000000e+00,3.625110495118131788e-03
3.137499999999961542e+00,2.908333759152348534e+02,9.064042768502375225e+01,1.866654642629903522e-05,0.000000000000000000e+00,3.627085785782818966e-03
3.139999999999961489e+00,2.910599538606762167e+02,9.059969281180541145e+01,1.845231589573585149e-05,0.000000000000000000e+00,3.629059885888963333e-03
3.142499999999961435e+00,2.912864299768972387e+02,9.055897196324002607e+01,1.853950642961829979e-05,0.000000000000000000e+00,3.631032886348373352e-03
3.144999999999961382e+00,2.915128042989511528e+02,9.051826512483714282e+01,1.795641370712829034e-05,0.000000000000000000e+00,3.633004785411819790e-03
3.147499999999961329e+00,2.917390768618553238e+02,9.047757228289432874e+01,1.784256916996966588e-05,0.000000000000000000e+00,3.634975754769381902e-03
3.149999999999961275e+00,2.919652477005934088e+02,9.043689342462252512e+01,1.776323860976073999e-05,0.000000000000000000e+00,3.636945854016629485e-03
3.152499999999961222e+00,2.921913168501176301e+02,9.039622853817922987e+01,1.796363011461118173e-05,0.000000000000000000e+00,3.638915150890697451e-03
3.154999999999961169e+00,2.924172843453511632e+02,9.035557761265502563e+01,1.807031339215902694e-05,0.000000000000000000e+00,3.640883619486581096e-03
3.157499999999961116e+00,2.926431502211904103e+02,9.031494063808143835e+01,1.792045906397756415e-05,0.000000000000000000e+00,3.642851269631819378e-03
3.159999999999961062e+00,2.928689145125073310e+02,9.027431760523111848e+01,1.792511735403462054e-05,0.000000000000000000e+00,3.644818173393602184e-03
3.162499999999961009e+00,2.930945772541512611e+02,9.023370850594507431e+01,1.750099710472951761e-05,0.000000000000000000e+00,3.646784369664729953e-03
3.164999999999960956e+00,2.933201384809518686e+02,9.019311333296725763e+01,1.730316299608752710e-05,0.000000000000000000e+00,3.648750013254152200e-03
3.167499999999960902e+00,2.935455982277210296e+02,9.015253207986002337e+01,1.697163627003193221e-05,0.000000000000000000e+00,3.650715191959382107e-03
3.169999999999960849e+00,2.937709565292550451e+02,9.011196474124332667e+01,1.652461863668832395e-05,0.000000000000000000e+00,3.652680043534322577e-03
3.172499999999960796e+00,2.939962134203374262e+02,9.007141131277499824e+01,1.634419803670207280e-05,0.000000000000000000e+00,3.654644713766308940e-03
3.174999999999960743e+00,2.942213689357413386e+02,9.003087179108302962e+01,1.603493708078810426e-05,0.000000000000000000e+00,3.656609263965525554e-03
3.177499999999960689e+00,2.944464231102321605e+02,8.999034617370415390e+01,1.573543701874715629e-05,0.000000000000000000e+00,3.658573818781107618e-03
3.179999999999960636e+00,2.946713759785694720e+02,8.994983445906177622e+01,1.562853393681860379e-05,0.000000000000000000e+00,3.660538475636074002e-03
3.182499999999960583e+00,2.948962275755095561e+02,8.990933664661389457e+01,1.552663571622008297e-05,0.000000000000000000e+00,3.662503325716631297e-03
3.184999999999960529e+00,2.951209779358079572e+02,8.986885273664860563e+01,1.549511645814709095e-05,0.000000000000000000e+00,3.664468436801041236e-03
3.187499999999960476e+00,2.953456270942212996e+02,8.982838273049893019e+01,1.556744249776255128e-05,0.000000000000000000e+00,3.666433821127031145e-03
3.189999999999960423e+00,2.955701750855100158e+02,8.978792663033813426e+01,1.524992188570336935e-05,0.000000000000000000e+00,3.668399524985346133e-03
3.192499999999960369e+00,2.957946219444406211e+02,8.974748443910644369e+01,1.499989426682762859e-05,0.000000000000000000e+00,3.670365643660242379e-03
3.194999999999960316e+00,2.960189677057873610e+02,8.970705616068113386e+01,1.480615230843741799e-05,0.000000000000000000e+00,3.672332284540820967e-03
3.197499999999960263e+00,2.962432124043348267e+02,8.966664179998986128e+01,1.455150144259073632e-05,0.000000000000000000e+00,3.674299521366671418e-03
3.199999999999960210e+00,2.964673560748803425e+02,8.962624136280827258e+01,1.468632849356968833e-05,0.000000000000000000e+00,3.676267424009138987e-03
3.202499999999960156e+00,2.966913987522362959e+02,8.958585485567689943e+01,1.461771134803985535e-05,0.000000000000000000e+00,3.678236026022496316e-03
3.204999999999960103e+00,2.969153404712316728e+02,8.954548228612429739e+01,1.453406929708724038e-05,0.000000000000000000e+00,3.680205341226607061e-03
3.207499999999960050e+00,2.971391812667150134e+02,8.950512366267035702e+01,1.433048311414041498e-05,0.000000000000000000e+00,3.682175420806455858e-03
3.209999999999959996e+00,2.973629211735566287e+02,8.946477899426811575e+01,1.440640909383597630e-05,0.000000000000000000e+00,3.684146334223996257e-03
3.212499999999959943e+00,2.975865602266493966e+02,8.942444829073606627e+01,1.441517471174726848e-05,0.000000000000000000e+00,3.686118095153967551e-03
3.214999999999959890e+00,2.978100984609111492e+02,8.938413156254097203e+01,1.414259328759440433e-05,0.000000000000000000e+00,3.688090758670336394e-03
3.217499999999959837e+00,2.980335359112866058e+02,8.934382882105003887e+01,1.373535919321104114e-05,0.000000000000000000e+00,3.690064387179804554e-03
3.219999999999959783e+00,2.982568726127491914e+02,8.930354007858539944e+01,1.331551761054065178e-05,0.000000000000000000e+00,3.692039057385955187e-03
3.222499999999959730e+00,2.984801086003035380e+02,8.926326534801519585e+01,1.305803241271382898e-05,0.000000000000000000e+00,3.694014880402328536e-03
3.224999999999959677e+00,2.987032439089869058e+02,8.922300464280679932e+01,1.265044963332396891e-05,0.000000000000000000e+00,3.695991921697337410e-03
3.227499999999959623e+00,2.989262785738706611e+02,8.918275797729701537e+01,1.257108451635040902e-05,0.000000000000000000e+00,3.697970247643909362e-03
3.229999999999959570e+00,2.991492126300622090e+02,8.914252536627594736e+01,1.265463488009848477e-05,0.000000000000000000e+00,3.699949871643341826e-03
3.232499999999959517e+00,2.993720461127063004e+02,8.910230682491875598e+01,1.283889749198340898e-05,0.000000000000000000e+00,3.701930792749040869e-03
3.234999999999959464e+00,2.995947790569857716e+02,8.906210236901294763e+01,1.280923353391732789e-05,0.000000000000000000e+00,3.703913009009880599e-03
3.237499999999959410e+00,2.998174114981235334e+02,8.902191201495998030e+01,1.271069450990413441e-05,0.000000000000000000e+00,3.705896514739829076e-03
3.239999999999959357e+00,3.000399434713835376e+02,8.898173577966689152e+01,1.261590768766922403e-05,0.000000000000000000e+00,3.707881325470073746e-03
3.242499999999959304e+00,3.002623750120724253e+02,8.894157368036131572e+01,1.239038454720973377e-05,0.000000000000000000e+00,3.709867474186746665e-03
3.244999999999959250e+00,3.004847061555400956e+02,8.890142573483316824e+01,1.222054511045197390e-05,0.000000000000000000e+00,3.711854989890549846e-03
3.247499999999959197e+00,3.007069369371811831e+02,8.886129196147213349e+01,1.217421688058620406e-05,0.000000000000000000e+00,3.713843911167968425e-03
3.249999999999959144e+00,3.009290673924366502e+02,8.882117237917435659e+01,1.211951248842482445e-05,0.000000000000000000e+00,3.715834244539632358e-03
3.252499999999959091e+00,3.011510975567949231e+02,8.878106700718907973e+01,1.218327641979337087e-05,0.000000000000000000e+00,3.717825980860269431e-03
3.254999999999959037e+00,3.013730274657929158e+02,8.874097586520576897e+01,1.237166157774134645e-05,0.000000000000000000e+00,3.719819081111243667e-03
3.257499999999958984e+00,3.015948571550167685e+02,8.870089897291002501e+01,1.224112019272325515e-05,0.000000000000000000e+00,3.721813530032573418e-03
3.259999999999958931e+00,3.018165866601019047e+02,8.866083635001008645e+01,1.214661732678632382e-05,0.000000000000000000e+00,3.723809343748538114e-03
3.262499999999958877e+00,3.020382160167330312e+02,8.862078801674483941e+01,1.215344677655716708e-05,0.000000000000000000e+00,3.725806525531537468e-03
3.264999999999958824e+00,3.022597452606457296e+02,8.858075399371995218e+01,1.224635858033881685e-05,0.000000000000000000e+00,3.727805063159078929e-03
3.267499999999958771e+00,3.024811744276275363e+02,8.854073430161059832e+01,1.223213008640493790e-05,0.000000000000000000e+00,3.729804925876753930e-03
3.269999999999958717e+00,3.027025035535172606e+02,8.850072896107744214e+01,1.217042746898841427e-05,0.000000000000000000e+00,3.731806102964967987e-03
3.272499999999958664e+00,3.029237326742054961e+02,8.846073799279542982e+01,1.183400612016832395e-05,0.000000000000000000e+00,3.733808603338735661e-03
3.274999999999958611e+00,3.031448618256347345e+02,8.842076141768420428e+01,1.200243898583587998e-05,0.000000000000000000e+00,3.735812434130006063e-03
3.277499999999958558e+00,3.033658910437997065e+02,8.838079925672812465e+01,1.188762406815315877e-05,0.000000000000000000e+00,3.737817567437474661e-03
3.279999999999958504e+00,3.035868203647477230e+02,8.834085153094450504e+01,1.190484484185538751e-05,0.000000000000000000e+00,3.739823998081644001e-03
3.282499999999958451e+00,3.038076498245786183e+02,8.830091826133444499e+01,1.199233846523328264e-05,0.000000000000000000e+00,3.741831699158819097e-03
3.284999999999958398e+00,3.040283794594446363e+02,8.826099946874924740e+01,1.214476286424760820e-05,0.000000000000000000e+00,3.743840649819996005e-03
3.287499999999958344e+00,3.042490093055500893e+02,8.822109517398905609e+01,1.200780315844383707e-05,0.000000000000000000e+00,3.745850814037081887e-03
3.289999999999958291e+00,3.044695393991513583e+02,8.818120539760818133e+01,1.180562255011694640e-05,0.000000000000000000e+00,3.747862183207445116e-03
3.292499999999958238e+00,3.046899697765559267e+02,8.814133016003350463e+01,1.152213595014279487e-05,0.000000000000000000e+00,3.749874742873121353e-03
3.294999999999958185e+00,3.049103004741222662e+02,8.810146948155777125e+01,1.184424102722232062e-05,0.000000000000000000e+00,3.751888484555675196e-03
3.297499999999958131e+00,3.051305315282595529e+02,8.806162338225837516e+01,1.170827215517274061e-05,0.000000000000000000e+00,3.753903356488705583e-03
3.299999999999958078e+00,3.053506629754318169e+02,8.802179188564745971e+01,1.166153879714878567e-05,0.000000000000000000e+00,3.755919342702020765e-03
3.302499999999958025e+00,3.055706948521475397e+02,8.798197499666905230e+01,1.188818420599170802e-05,0.000000000000000000e+00,3.757936420332869554e-03
3.304999999999957971e+00,3.057906271949445340e+02,8.794217275543255141e+01,1.175981006404265290e-05,0.000000000000000000e+00,3.759954558673471014e-03
3.307499999999957918e+00,3.060104600404486064e+02,8.790238516956802073e+01,1.197827576388862355e-05,0.000000000000000000e+00,3.761973733421412197e-03
3.309999999999957865e+00,3.062301934253138143e+02,8.786261226150202219e+01,1.167027967270268397e-05,0.000000000000000000e+00,3.763993920474643321e-03
3.312499999999957812e+00,3.064498273862378710e+02,8.782285404505483939e+01,1.172180750558641844e-05,0.000000000000000000e+00,3.766015095554154594e-03
3.314999999999957758e+00,3.066693619599832346e+02,8.778311054768407473e+01,1.175005822788874565e-05,0.000000000000000000e+00,3.766015095554154594e-03
3.317499999999957705e+00,3.068887971833152619e+02,8.774338176473713702e+01,1.157317274927601557e-05,0.000000000000000000e+00,3.768038155022971920e-03
3.319999999999957652e+00,3.071081330930311424e+02,8.770366771240247772e+01,1.110643546459458492e-05,0.000000000000000000e+00,3.770062113799717719e-03
3.322499999999957598e+00,3.073273697259971300e+02,8.766396842609316309e+01,1.081657636223549160e-05,0.000000000000000000e+00,3.772086943777061725e-03
3.324999999999957545e+00,3.075465071191310358e+02,8.762428391997543997e+01,1.035275339230519161e-05,0.000000000000000000e+00,3.774112601997889511e-03
3.327499999999957492e+00,3.077655453093872779e+02,8.758461420448401213e+01,1.029492681953130002e-05,0.000000000000000000e+00,3.776139040983847797e-03
3.329999999999957438e+00,3.079844843337509133e+02,8.754495929425200984e+01,1.002860824443399411e-05,0.000000000000000000e+00,3.778166217156472394e-03
3.332499999999957385e+00,3.082033242292392288e+02,8.750531919249301893e+01,9.464097212518718101e-06,0.000000000000000000e+00,3.780194083591060898e-03
3.334999999999957332e+00,3.084220650328886677e+02,8.746569393329784248e+01,9.208412070850630884e-06,0.000000000000000000e+00,3.782222576384045541e-03
3.337499999999957279e+00,3.086407067818096266e+02,8.742608351974881487e+01,9.060746726387163311e-06,0.000000000000000000e+00,3.784251635600468285e-03
3.339999999999957225e+00,3.088592495131285318e+02,8.738648796837817656e+01,9.132306112836835457e-06,0.000000000000000000e+00,3.786281201570782049e-03
3.342499999999957172e+00,3.090776932640027894e+02,8.734690728689871264e+01,9.131038941913566565e-06,0.000000000000000000e+00,3.788311223518718227e-03
3.344999999999957119e+00,3.092960380716133386e+02,8.730734148605118605e+01,8.998128054932195117e-06,0.000000000000000000e+00,3.790341654718793526e-03
3.347499999999957065e+00,3.095142839731677213e+02,8.726779057587381772e+01,8.993411597311126826e-06,0.000000000000000000e+00,3.792372437554366454e-03
3.349999999999957012e+00,3.097324310058980927e+02,8.722825456583554171e+01,9.217957862491913025e-06,0.000000000000000000e+00,3.794403519342388117e-03
3.352499999999956959e+00,3.099504792070598569e+02,8.718873346461218432e+01,9.566239893527869840e-06,0.000000000000000000e+00,3.796434864402388216e-03
3.354999999999956906e+00,3.101684286139297342e+02,8.714922728015288556e+01,9.505631773553632643e-06,0.000000000000000000e+00,3.798466452606460032e-03
3.357499999999956852e+00,3.103862792638039991e+02,8.710973601972492020e+01,9.432410634615031396e-06,0.000000000000000000e+00,3.800498230984012977e-03
3.359999999999956799e+00,3.106040311939964909e+02,8.707025968992444120e+01,9.475250751527170766e-06,0.000000000000000000e+00,3.802530142002797254e-03
3.362499999999956746e+00,3.108216844418371920e+02,8.703079829628602226e+01,9.346164923025238516e-06,0.000000000000000000e+00,3.804562153199401130e-03
3.364999999999956692e+00,3.110392390446693867e+02,8.699135184354940975e+01,9.175615926038798597e-06,0.000000000000000000e+00,3.806594210836128020e-03
3.367499999999956639e+00,3.112566950398478980e+02,8.695192033581686530e+01,8.931882614417829301e-06,0.000000000000000000e+00,3.808626258870379845e-03
3.369999999999956586e+00,3.114740524647372126e+02,8.691250377643831371e+01,8.600513761527983921e-06,0.000000000000000000e+00,3.810658233815579499e-03
3.372499999999956533e+00,3.116913113567099458e+02,8.687310216802404739e+01,8.243771977271441924e-06,0.000000000000000000e+00,3.812690063968679835e-03
3.374999999999956479e+00,3.119084717531445676e+02,8.683371551237701169e+01,8.087272717988997024e-06,0.000000000000000000e+00,3.814721673545062690e-03
3.377499999999956426e+00,3.121255336914239251e+02,8.679434381044661961e+01,8.007305541642328864e-06,0.000000000000000000e+00,3.816753009114728923e-03
3.379999999999956373e+00,3.123424972089325138e+02,8.675498706244911773e+01,7.935682215023604757e-06,0.000000000000000000e+00,3.818784022662768778e-03
3.382499999999956319e+00,3.125593623430549997e+02,8.671564526788847616e+01,8.052764385245288973e-06,0.000000000000000000e+00,3.820814653065710952e-03
3.384999999999956266e+00,3.127761291311745708e+02,8.667631842555375954e+01,8.508427599391579508e-06,0.000000000000000000e+00,3.822844871588203242e-03
3.387499999999956213e+00,3.129927976106707774e+02,8.663700653327352086e+01,8.482325171787360343e-06,0.000000000000000000e+00,3.824874696448520624e-03
3.389999999999956160e+00,3.132093678189171442e+02,8.659770958808712749e+01,8.768193317538072143e-06,0.000000000000000000e+00,3.826904081123854925e-03
3.392499999999956106e+00,3.134258397932795788e+02,8.655842758635613166e+01,8.813751750228087227e-06,0.000000000000000000e+00,3.828933019355641298e-03
3.394999999999956053e+00,3.136422135711144392e+02,8.651916052345603703e+01,9.232721898467728365e-06,0.000000000000000000e+00,3.830961493753019722e-03
3.397499999999956000e+00,3.138584891897658622e+02,8.647990839424331000e+01,9.330435877834335158e-06,0.000000000000000000e+00,3.832989513291066956e-03
3.399999999999955946e+00,3.140746666865649672e+02,8.644067119266995292e+01,9.399089854586549324e-06,0.000000000000000000e+00,3.835017074998997490e-03
3.402499999999955893e+00,3.142907460988270145e+02,8.640144891183668108e+01,9.154448401312985129e-06,0.000000000000000000e+00,3.837044152912278717e-03
3.404999999999955840e+00,3.145067274638498134e+02,8.636224154404305864e+01,9.346065351834217724e-06,0.000000000000000000e+00,3.839070702119768124e-03
3.407499999999955786e+00,3.147226108189112210e+02,8.632304908072666194e+01,9.654958589059037683e-06,0.000000000000000000e+00,3.841096722194900677e-03
3.409999999999955733e+00,3.149383962012674374e+02,8.628387151271262212e+01,1.008568363753423775e-05,0.000000000000000000e+00,3.843122229492298460e-03
3.412499999999955680e+00,3.151540836481512429e+02,8.624470883021538725e+01,9.753648890747359393e-06,0.000000000000000000e+00,3.845147257083569425e-03
3.414999999999955627e+00,3.153696731967706910e+02,8.620556102266401410e+01,9.641842953767892135e-06,0.000000000000000000e+00,3.847171755350351201e-03
3.417499999999955573e+00,3.155851648843069484e+02,8.616642807868049658e+01,9.715960378636927984e-06,0.000000000000000000e+00,3.849195692303328080e-03
3.419999999999955520e+00,3.158005587479122482e+02,8.612730998630902945e+01,9.556589260758043363e-06,0.000000000000000000e+00,3.851219054374280595e-03
3.422499999999955467e+00,3.160158548247085832e+02,8.608820673286734859e+01,9.958728315159145157e-06,0.000000000000000000e+00,3.853241821279747639e-03
3.424999999999955413e+00,3.162310531517858294e+02,8.604911830490289049e+01,1.017077373595354671e-05,0.000000000000000000e+00,3.855264035746321441e-03
3.427499999999955360e+00,3.164461537661998705e+02,8.601004468824960725e+01,9.924551601990365220e-06,0.000000000000000000e+00,3.857285714001750312e-03
3.429999999999955307e+00,3.166611567049707219e+02,8.597098586817686794e+01,1.012063093592516858e-05,0.000000000000000000e+00,3.859306816698169443e-03
3.432499999999955254e+00,3.168760620050812804e+02,8.593194182935410197e+01,9.796861097766622391e-06,0.000000000000000000e+00,3.861327365006194876e-03
3.434999999999955200e+00,3.170908697034758461e+02,8.589291255585345652e+01,1.019726080589266408e-05,0.000000000000000000e+00,3.863347317926004148e-03
3.437499999999955147e+00,3.173055798370584739e+02,8.585389803116994756e+01,1.061610591779376142e-05,0.000000000000000000e+00,3.865366719500576160e-03
3.439999999999955094e+00,3.175201924426916094e+02,8.581489823807000050e+01,1.072584284685565793e-05,0.000000000000000000e+00,3.867385627343325385e-03
3.442499999999955040e+00,3.177347075571942696e+02,8.577591315873817734e+01,1.080908508810895691e-05,0.000000000000000000e+00,3.869404054579308853e-03
3.444999999999954987e+00,3.179491252173406224e+02,8.573694277472374381e+01,1.067987166432474199e-05,0.000000000000000000e+00,3.871422018716307815e-03
3.447499999999954934e+00,3.181634454598582238e+02,8.569798706699944546e+01,1.077653454218230882e-05,0.000000000000000000e+00,3.873439505313322224e-03
3.449999999999954881e+00,3.183776683214268814e+02,8.565904601606379742e+01,1.079856062672257029e-05,0.000000000000000000e+00,3.875456522444054377e-03
3.452499999999954827e+00,3.185917938386775745e+02,8.562011960244468867e+01,1.087840238562071037e-05,0.000000000000000000e+00,3.877473091786115805e-03
3.454999999999954774e+00,3.188058220481924536e+02,8.558120780640504677e+01,1.084103849824518697e-05,0.000000000000000000e+00,3.879489226785583222e-03
3.457499999999954721e+00,3.190197529865041020e+02,8.554231060761399874e+01,1.091305114459652505e-05,0.000000000000000000e+00,3.881504927411882563e-03
3.459999999999954667e+00,3.192335866900940573e+02,8.550342798532646782e+01,1.111314157822771317e-05,0.000000000000000000e+00,3.883520207932172463e-03
3.462499999999954614e+00,3.194473231953916184e+02,8.546455991823955856e+01,1.140543270124182286e-05,0.000000000000000000e+00,3.885535105760359962e-03
3.464999999999954561e+00,3.196609625387725373e+02,8.542570638463374166e+01,1.149327843877211168e-05,0.000000000000000000e+00,3.887549665434394345e-03
3.467499999999954508e+00,3.198745047565580535e+02,8.538686736245585962e+01,1.194762902835212051e-05,0.000000000000000000e+00,3.889563913630524929e-03
3.469999999999954454e+00,3.200879498850141545e+02,8.534804282917679075e+01,1.183503843261187273e-05,0.000000000000000000e+00,3.891577915942908122e-03
3.472499999999954401e+00,3.203012979603501549e+02,8.530923276179301240e+01,1.201257191411888823e-05,0.000000000000000000e+00,3.893591672606435891e-03
3.474999999999954348e+00,3.205145490187176733e+02,8.527043713701577587e+01,1.200048774798727137e-05,0.000000000000000000e+00,3.895605209524482734e-03
3.477499999999954294e+00,3.207277030962098365e+02,8.523165593101478521e+01,1.236467123458337024e-05,0.000000000000000000e+00,3.897618536059013847e-03
3.479999999999954241e+00,3.209407602288599719e+02,8.519288911966114597e+01,1.230156051522526599e-05,0.000000000000000000e+00,3.899631716823914220e-03
3.482499999999954188e+00,3.211537204526409255e+02,8.515413667836170930e+01,1.245843764707503684e-05,0.000000000000000000e+00,3.901644753844958364e-03
3.484999999999954134e+00,3.213665838034636977e+02,8.511539858230678135e+01,1.235791066522258154e-05,0.000000000000000000e+00,3.903657680382272271e-03
3.487499999999954081e+00,3.215793503171773295e+02,8.507667480639085511e+01,1.247527570434856229e-05,0.000000000000000000e+00,3.905670500698944086e-03
3.489999999999954028e+00,3.217920200295678228e+02,8.503796532510891382e+01,1.241539426465842424e-05,0.000000000000000000e+00,3.907683225917901043e-03
3.492499999999953975e+00,3.220045929763571166e+02,8.499927011264752252e+01,1.233442445767184632e-05,0.000000000000000000e+00,3.909695868685100772e-03
3.494999999999953921e+00,3.222170691932026898e+02,8.496058914300110132e+01,1.246902934965897979e-05,0.000000000000000000e+00,3.911708445921479281e-03
3.497499999999953868e+00,3.224294487156966511e+02,8.492192238991630404e+01,1.285705234301438403e-05,0.000000000000000000e+00,3.913720966795018914e-03
3.499999999999953815e+00,3.226417315793654552e+02,8.488326982678267996e+01,1.315769269317732624e-05,0.000000000000000000e+00,3.915733504444704124e-03
3.502499999999953761e+00,3.228539178196688226e+02,8.484463142679295800e+01,1.327391229027067741e-05,0.000000000000000000e+00,3.917746100817605728e-03
3.504999999999953708e+00,3.230660074719993418e+02,8.480600716291971253e+01,1.339862367872009961e-05,0.000000000000000000e+00,3.919758782581951248e-03
3.507499999999953655e+00,3.232780005716820142e+02,8.476739700788807852e+01,1.325978926545141774e-05,0.000000000000000000e+00,3.921771573948525103e-03
3.509999999999953602e+00,3.234898971539733452e+02,8.472880093425730763e+01,1.358059382238851271e-05,0.000000000000000000e+00,3.923784473564330584e-03
3.512499999999953548e+00,3.237016972540611732e+02,8.469021891437544980e+01,1.359511930944809327e-05,0.000000000000000000e+00,3.925797518416577862e-03
3.514999999999953495e+00,3.239134009070641014e+02,8.465165092039934791e+01,1.351664318202718684e-05,0.000000000000000000e+00,3.927810721381193824e-03
3.517499999999953442e+00,3.241250081480312133e+02,8.461309692441933805e+01,1.380641168476872655e-05,0.000000000000000000e+00,3.929824080156294960e-03
3.519999999999953388e+00,3.243365190119416184e+02,8.457455689843436630e+01,1.375535407002183660e-05,0.000000000000000000e+00,3.931837633081070732e-03
3.522499999999953335e+00,3.245479335337043381e+02,8.453603081429891120e+01,1.406566197170199049e-05,0.000000000000000000e+00,3.933851393447387879e-03
3.524999999999953282e+00,3.247592517481579648e+02,8.449751864361779496e+01,1.385812453951943756e-05,0.000000000000000000e+00,3.935865387608368342e-03
3.527499999999953229e+00,3.249704736900700368e+02,8.445902035780538597e+01,1.365832129431441663e-05,0.000000000000000000e+00,3.937879608862071903e-03
3.529999999999953175e+00,3.251815993941364695e+02,8.442053592823907593e+01,1.380215379033048605e-05,0.000000000000000000e+00,3.939894042183766237e-03
3.532499999999953122e+00,3.253926288949815557e+02,8.438206532615899391e+01,1.402899122058995567e-05,0.000000000000000000e+00,3.941908707956691578e-03
3.534999999999953069e+00,3.256035622271577950e+02,8.434360852280636323e+01,1.427179774000191614e-05,0.000000000000000000e+00,3.943923633140166383e-03
3.537499999999953015e+00,3.258143994251456661e+02,8.430516548934178900e+01,1.472899419812380599e-05,0.000000000000000000e+00,3.945938838343318773e-03
3.539999999999952962e+00,3.260251405233535138e+02,8.426673619687845473e+01,1.474491511159209417e-05,0.000000000000000000e+00,3.947954363418932147e-03
3.542499999999952909e+00,3.262357855561174347e+02,8.422832061643855184e+01,1.500046037504928094e-05,0.000000000000000000e+00,3.949970217029374203e-03
3.544999999999952855e+00,3.264463345577009932e+02,8.418991871895232748e+01,1.527879240757565400e-05,0.000000000000000000e+00,3.951986406103081065e-03
3.547499999999952802e+00,3.266567875622952215e+02,8.415153047529413755e+01,1.535186071367067437e-05,0.000000000000000000e+00,3.954002955791195185e-03
3.549999999999952749e+00,3.268671446040180513e+02,8.411315585635441039e+01,1.534806038500120134e-05,0.000000000000000000e+00,3.956019864372628883e-03
3.552499999999952696e+00,3.270774057169147113e+02,8.407479483282706667e+01,1.493621996972277083e-05,0.000000000000000000e+00,3.958037126587363175e-03
3.554999999999952642e+00,3.272875709349571594e+02,8.403644737532299303e+01,1.512065231469381183e-05,0.000000000000000000e+00,3.960054717374499392e-03
3.557499999999952589e+00,3.274976402920437977e+02,8.399811345457615630e+01,1.520271908901116330e-05,0.000000000000000000e+00,3.962072642036945820e-03
3.559999999999952536e+00,3.277076138219999279e+02,8.395979304133896903e+01,1.508304904177156376e-05,0.000000000000000000e+00,3.964090901783910541e-03
3.562499999999952482e+00,3.279174915585777512e+02,8.392148610631255679e+01,1.485702865488986251e-05,0.000000000000000000e+00,3.966109483863205359e-03
3.564999999999952429e+00,3.281272735354561974e+02,8.388319262023527756e+01,1.482294758510645184e-05,0.000000000000000000e+00,3.968128376316165315e-03
3.567499999999952376e+00,3.283369597862410956e+02,8.384491255395748510e+01,1.495094957234084702e-05,0.000000000000000000e+00,3.970147572758024428e-03
3.569999999999952323e+00,3.285465503444653450e+02,8.380664587824763601e+01,1.480774937217382521e-05,0.000000000000000000e+00,3.972167071901584051e-03
3.572499999999952269e+00,3.287560452435857883e+02,8.376839256151302493e+01,1.461580189301641368e-05,0.000000000000000000e+00,3.974186866142302189e-03
3.574999999999952216e+00,3.289654445169892938e+02,8.373015258407829720e+01,1.496010075090422768e-05,0.000000000000000000e+00,3.976206953113309989e-03
3.577499999999952163e+00,3.291747481980024759e+02,8.369192590289090106e+01,1.512643870489140512e-05,0.000000000000000000e+00,3.978227333612608871e-03
3.579999999999952109e+00,3.293839563198520750e+02,8.365371249616602256e+01,1.529994598531259930e-05,0.000000000000000000e+00,3.980248004911536054e-03
3.582499999999952056e+00,3.295930689157078746e+02,8.361551233494321878e+01,1.526807948956662185e-05,0.000000000000000000e+00,3.982268966425834070e-03
3.584999999999952003e+00,3.298020860186640562e+02,8.357732538778975595e+01,1.564161339604158612e-05,0.000000000000000000e+00,3.984290206415734038e-03
3.587499999999951950e+00,3.300110076617436334e+02,8.353915162842737629e+01,1.582403894804962582e-05,0.000000000000000000e+00,3.986311723336605217e-03
3.589999999999951896e+00,3.302198338778855486e+02,8.350099102279024521e+01,1.564677886430791367e-05,0.000000000000000000e+00,3.986311723336605217e-03
3.592499999999951843e+00,3.304285646999846335e+02,8.346284355453822457e+01,1.560751143782330665e-05,0.000000000000000000e+00,3.988333763472698412e-03
3.594999999999951790e+00,3.306372001608597770e+02,8.342470919536110330e+01,1.583913130883202115e-05,0.000000000000000000e+00,3.990356059228877469e-03
3.597499999999951736e+00,3.308457402932681930e+02,8.338658790523449227e+01,1.608976865387676909e-05,0.000000000000000000e+00,3.992378592648908667e-03
3.599999999999951683e+00,3.310541851298505094e+02,8.334847965472333442e+01,1.611892593141283888e-05,0.000000000000000000e+00,3.994401345655938622e-03
3.602499999999951630e+00,3.312625347031963088e+02,8.331038441730824218e+01,1.635168721278349813e-05,0.000000000000000000e+00,3.996424302878794250e-03
3.604999999999951577e+00,3.314707890458255406e+02,8.327230216806655960e+01,1.647494325593789111e-05,0.000000000000000000e+00,3.998447446169147226e-03
3.607499999999951523e+00,3.316789481901926138e+02,8.323423287868648401e+01,1.665537993541985854e-05,0.000000000000000000e+00,4.000470751574404168e-03
3.609999999999951470e+00,3.318870121686836114e+02,8.319617652768182836e+01,1.662200103274370910e-05,0.000000000000000000e+00,4.002494199093302278e-03
3.612499999999951417e+00,3.320949810136237943e+02,8.315813307419541900e+01,1.679589630045856004e-05,0.000000000000000000e+00,4.004517766135936782e-03
3.614999999999951363e+00,3.323028547572433808e+02,8.312010249647025262e+01,1.679347081863712213e-05,0.000000000000000000e+00,4.006541426568296059e-03
3.617499999999951310e+00,3.325106334317126766e+02,8.308208476406470311e+01,1.695580208393750578e-05,0.000000000000000000e+00,4.008565160923332343e-03
3.619999999999951257e+00,3.327183170691322402e+02,8.304407985159733130e+01,1.688210429266191095e-05,0.000000000000000000e+00,4.010588939959298591e-03
3.622499999999951203e+00,3.329259057015362373e+02,8.300608773141641450e+01,1.716045496446135001e-05,0.000000000000000000e+00,4.012612739242747348e-03
3.624999999999951150e+00,3.331333993608897117e+02,8.296810837600584421e+01,1.722755303865965330e-05,0.000000000000000000e+00,4.014636524680889260e-03
3.627499999999951097e+00,3.333407980790890406e+02,8.293014175805005550e+01,1.716466891340039200e-05,0.000000000000000000e+00,4.016660269089760912e-03
3.629999999999951044e+00,3.335481018879624457e+02,8.289218785029572700e+01,1.734983356058625699e-05,0.000000000000000000e+00,4.018683950679590063e-03
3.632499999999950990e+00,3.337553108192699938e+02,8.285424662559756825e+01,1.711242993421600378e-05,0.000000000000000000e+00,4.020707532012340532e-03
3.634999999999950937e+00,3.339624249047039939e+02,8.281631805701915994e+01,1.708236616514390423e-05,0.000000000000000000e+00,4.022731005911600079e-03
3.637499999999950884e+00,3.341694441758895096e+02,8.277840211775946955e+01,1.706560536382262802e-05,0.000000000000000000e+00,4.024754355784348342e-03
3.639999999999950830e+00,3.343763686643847564e+02,8.274049878104975164e+01,1.728818676170507072e-05,0.000000000000000000e+00,4.026777551929596258e-03
3.642499999999950777e+00,3.345831984016808747e+02,8.270260802024232305e+01,1.721617610174307070e-05,0.000000000000000000e+00,4.028800557957347775e-03
3.644999999999950724e+00,3.347899334192026117e+02,8.266472980892164912e+01,1.739629139087175625e-05,0.000000000000000000e+00,4.030823356540375567e-03
3.647499999999950671e+00,3.349965737483087764e+02,8.262686412081161791e+01,1.757507613124394168e-05,0.000000000000000000e+00,4.032845906115750320e-03
3.649999999999950617e+00,3.352031194202924667e+02,8.258901092973877667e+01,1.778455553372863246e-05,0.000000000000000000e+00,4.034868165457131985e-03
3.652499999999950564e+00,3.354095704663815809e+02,8.255117020982802956e+01,1.778546046143737462e-05,0.000000000000000000e+00,4.036890091612298052e-03
3.654999999999950511e+00,3.356159269177393867e+02,8.251334193524512273e+01,1.782123139606225153e-05,0.000000000000000000e+00,4.038911659815612801e-03
3.657499999999950457e+00,3.358221888054645774e+02,8.247552608021119624e+01,1.781607323453656877e-05,0.000000000000000000e+00,4.040932840734970041e-03
3.659999999999950404e+00,3.360283561605914429e+02,8.243772261916424782e+01,1.772044211383354265e-05,0.000000000000000000e+00,4.042953606235643454e-03
3.662499999999950351e+00,3.362344290140905514e+02,8.239993152682889388e+01,1.785068676798240152e-05,0.000000000000000000e+00,4.044973937409185316e-03
3.664999999999950298e+00,3.364404073968693751e+02,8.236215277808102542e+01,1.752117282888993957e-05,0.000000000000000000e+00,4.046993805003757695e-03
3.667499999999950244e+00,3.366462913397727448e+02,8.232438634794370103e+01,1.754384172144890343e-05,0.000000000000000000e+00,4.049013216538323474e-03
3.669999999999950191e+00,3.368520808735831338e+02,8.228663221166060282e+01,1.744766695469082400e-05,0.000000000000000000e+00,4.051032154413624665e-03
3.672499999999950138e+00,3.370577760290210563e+02,8.224889034457189041e+01,1.761648627642206508e-05,0.000000000000000000e+00,4.053050610678898824e-03
3.674999999999950084e+00,3.372633768367456923e+02,8.221116072226485016e+01,1.779773882005996366e-05,0.000000000000000000e+00,4.055068527195121106e-03
3.677499999999950031e+00,3.374688833273551722e+02,8.217344332053275480e+01,1.809393301030546357e-05,0.000000000000000000e+00,4.057085875027995579e-03
3.679999999999949978e+00,3.376742955313873154e+02,8.213573811546235959e+01,1.806466741891242918e-05,0.000000000000000000e+00,4.059102588122214320e-03
3.682499999999949925e+00,3.378796134793203123e+02,8.209804508335781748e+01,1.792351341343689436e-05,0.000000000000000000e+00,4.061118649448196456e-03
3.684999999999949871e+00,3.380848372015732366e+02,8.206036420079578875e+01,1.832631366138639492e-05,0.000000000000000000e+00,4.063134048077111232e-03
3.687499999999949818e+00,3.382899667285067267e+02,8.202269544450366823e+01,1.854387869820198098e-05,0.000000000000000000e+00,4.065148719245043063e-03
3.689999999999949765e+00,3.384950020904232701e+02,8.198503879142370465e+01,1.839580415805934160e-05,0.000000000000000000e+00,4.067162607629303678e-03
3.692499999999949711e+00,3.386999433175679428e+02,8.194739421882187003e+01,1.861362053961541606e-05,0.000000000000000000e+00,4.069175707311339235e-03
3.694999999999949658e+00,3.389047904401291476e+02,8.190976170409588519e+01,1.847144727686762585e-05,0.000000000000000000e+00,4.071187977672903122e-03
3.697499999999949605e+00,3.391095434882387281e+02,8.187214122491559465e+01,1.887457332898665819e-05,0.000000000000000000e+00,4.073199409720467193e-03
3.699999999999949551e+00,3.393142024919731057e+02,8.183453275922869352e+01,1.887933239276761726e-05,0.000000000000000000e+00,4.075209928309938244e-03
3.702499999999949498e+00,3.395187674813535068e+02,8.179693628519649451e+01,1.865579314028269583e-05,0.000000000000000000e+00,4.077219507832679536e-03
3.704999999999949445e+00,3.397232384863468155e+02,8.175935178123111768e+01,1.885480914420220160e-05,0.000000000000000000e+00,4.079228164185775066e-03
3.707499999999949392e+00,3.399276155368659715e+02,8.172177922595392374e+01,1.906682781491452074e-05,0.000000000000000000e+00,4.081235865563970222e-03
3.709999999999949338e+00,3.401318986627707091e+02,8.168421859838139198e+01,1.914192853734635868e-05,0.000000000000000000e+00,4.083242552701002968e-03
3.712499999999949285e+00,3.403360878938685232e+02,8.164666987779202145e+01,1.873351907141015762e-05,0.000000000000000000e+00,4.085248193028077554e-03
3.714999999999949232e+00,3.405401832599151248e+02,8.160913304365044496e+01,1.884839168988748772e-05,0.000000000000000000e+00,4.087252830498372749e-03
3.717499999999949178e+00,3.407441847906151793e+02,8.157160807574540229e+01,1.895884139075515790e-05,0.000000000000000000e+00,4.089256458217273467e-03
3.719999999999949125e+00,3.409480925156227613e+02,8.153409495414011587e+01,1.897477709567110127e-05,0.000000000000000000e+00,4.091259018672029936e-03
3.722499999999949072e+00,3.411519064645426056e+02,8.149659365934141420e+01,1.899029785313226403e-05,0.000000000000000000e+00,4.093260508417728531e-03
3.724999999999949019e+00,3.413556266669306751e+02,8.145910417209991294e+01,1.897133629080546659e-05,0.000000000000000000e+00,4.095260912458613747e-03
3.727499999999948965e+00,3.415592531522950708e+02,8.142162647345122650e+01,1.884569568205290911e-05,0.000000000000000000e+00,4.097260222629696066e-03
3.729999999999948912e+00,3.417627859500965428e+02,8.138416054468373773e+01,1.878258223357125235e-05,0.000000000000000000e+00,4.099258457727040020e-03
3.732499999999948859e+00,3.419662250897492868e+02,8.134670636735766891e+01,1.875948637466626472e-05,0.000000000000000000e+00,4.101255624040833596e-03
3.734999999999948805e+00,3.421695706006216824e+02,8.130926392346806608e+01,1.861881110319227783e-05,0.000000000000000000e+00,4.103251713978157446e-03
3.737499999999948752e+00,3.423728225120370894e+02,8.127183319533072847e+01,1.875803601170521347e-05,0.000000000000000000e+00,4.105246756408827830e-03
3.739999999999948699e+00,3.425759808532750412e+02,8.123441416561531980e+01,1.869934845838404312e-05,0.000000000000000000e+00,4.107240716473379606e-03
3.742499999999948646e+00,3.427790456535718135e+02,8.119700681740847870e+01,1.872389922076868126e-05,0.000000000000000000e+00,4.109233601634513372e-03
3.744999999999948592e+00,3.429820169421217884e+02,8.115961113412974726e+01,1.858404431993535965e-05,0.000000000000000000e+00,4.111225430254150486e-03
3.747499999999948539e+00,3.431848947480779657e+02,8.112222709955774747e+01,1.839198695849002271e-05,0.000000000000000000e+00,4.113216227471121200e-03
3.749999999999948486e+00,3.433876791005530436e+02,8.108485469781608401e+01,1.830342778504196567e-05,0.000000000000000000e+00,4.115206020616576747e-03
3.752499999999948432e+00,3.435903700286202138e+02,8.104749391334266306e+01,1.848037941288142882e-05,0.000000000000000000e+00,4.117194831765145710e-03
3.754999999999948379e+00,3.437929675613138443e+02,8.101014473079968070e+01,1.843692790102572092e-05,0.000000000000000000e+00,4.119182636604630000e-03
3.757499999999948326e+00,3.439954717276301608e+02,8.097280713531485219e+01,1.857457915484229759e-05,0.000000000000000000e+00,4.121169443331251965e-03
3.759999999999948272e+00,3.441978825565285547e+02,8.093548111230239783e+01,1.845659142907016457e-05,0.000000000000000000e+00,4.123155232730350492e-03
3.762499999999948219e+00,3.444002000769320375e+02,8.089816664761677600e+01,1.823925343821468885e-05,0.000000000000000000e+00,4.125140037834877822e-03
3.764999999999948166e+00,3.446024243177285484e+02,8.086086372751660178e+01,1.821825291555931884e-05,0.000000000000000000e+00,4.127123919923421196e-03
3.767499999999948113e+00,3.448045553077718637e+02,8.082357233873979396e+01,1.803125881593038845e-05,0.000000000000000000e+00,4.129106879213587794e-03
3.769999999999948059e+00,3.450065930758829609e+02,8.078629246841936151e+01,1.784059293866322799e-05,0.000000000000000000e+00,4.131088975625132539e-03
3.772499999999948006e+00,3.452085376508507579e+02,8.074902410411112896e+01,1.776751163604515363e-05,0.000000000000000000e+00,4.133070257064261344e-03
3.774999999999947953e+00,3.454103890614333636e+02,8.071176723371759465e+01,1.783430842959008429e-05,0.000000000000000000e+00,4.135050752334005347e-03
3.777499999999947899e+00,3.456121473363588166e+02,8.067452184550319316e+01,1.786501622559120606e-05,0.000000000000000000e+00,4.137030459950876739e-03
3.779999999999947846e+00,3.458138125043259947e+02,8.063728792813554946e+01,1.768608015597292329e-05,0.000000000000000000e+00,4.139009379540978424e-03
3.782499999999947793e+00,3.460153845940056954e+02,8.060006547063898097e+01,1.768994925904903378e-05,0.000000000000000000e+00,4.140987568365713488e-03
3.784999999999947740e+00,3.462168636340416015e+02,8.056285446240813997e+01,1.763509107034607812e-05,0.000000000000000000e+00,4.142965056780576090e-03
3.787499999999947686e+00,3.464182496530509638e+02,8.052565489304618040e+01,1.739885512777389074e-05,0.000000000000000000e+00,4.144941854682769079e-03
3.789999999999947633e+00,3.466195426796249990e+02,8.048846675228168124e+01,1.716392702622256182e-05,0.000000000000000000e+00,4.146918040537795648e-03
3.792499999999947580e+00,3.468207427423295144e+02,8.045129003029406078e+01,1.711479238688638709e-05,0.000000000000000000e+00,4.148893673030934655e-03
3.794999999999947526e+00,3.470218498697061023e+02,8.041412471784356342e+01,1.727053100271107281e-05,0.000000000000000000e+00,4.150868774510415270e-03
3.797499999999947473e+00,3.472228640902734469e+02,8.037697080603339828e+01,1.727070020559426676e-05,0.000000000000000000e+00,4.152843334050899601e-03
3.799999999999947420e+00,3.474237854325282342e+02,8.033982828628508344e+01,1.716582311682667751e-05,0.000000000000000000e+00,4.154817384656483634e-03
3.802499999999947367e+00,3.476246139249458338e+02,8.030269715053003665e+01,1.720339782503342514e-05,0.000000000000000000e+00,4.156790967261100693e-03
3.804999999999947313e+00,3.478253495959818906e+02,8.026557739114996082e+01,1.698428420515101617e-05,0.000000000000000000e+00,4.158764108389732643e-03
3.807499999999947260e+00,3.480259924740731208e+02,8.022846900101460221e+01,1.710060180731161802e-05,0.000000000000000000e+00,4.160736856815684323e-03
3.809999999999947207e+00,3.482265425876387326e+02,8.019137197344376489e+01,1.742132729483935764e-05,0.000000000000000000e+00,4.162709226764097631e-03
3.812499999999947153e+00,3.484269999650813929e+02,8.015428630209434857e+01,1.729221723731327510e-05,0.000000000000000000e+00,4.164681186018356039e-03
3.814999999999947100e+00,3.486273646347883073e+02,8.011721198108618580e+01,1.738022189875411140e-05,0.000000000000000000e+00,4.166652784929891773e-03
3.817499999999947047e+00,3.488276366251321292e+02,8.008014900501018474e+01,1.737068100741047874e-05,0.000000000000000000e+00,4.168624025044987899e-03
3.819999999999946994e+00,3.490278159644721541e+02,8.004309736893209504e+01,1.744521457783699487e-05,0.000000000000000000e+00,4.170594929038052776e-03
3.822499999999946940e+00,3.492279026811557969e+02,8.000605706826908659e+01,1.756432561124617695e-05,0.000000000000000000e+00,4.172565522762719005e-03
3.824999999999946887e+00,3.494278968035189905e+02,7.996902809875609819e+01,1.725907282239606450e-05,0.000000000000000000e+00,4.174535813891320710e-03
3.827499999999946834e+00,3.496277983598873789e+02,7.993201045663396087e+01,1.718093763749101754e-05,0.000000000000000000e+00,4.176505878733941142e-03
3.829999999999946780e+00,3.498276073785775111e+02,7.989500413854402439e+01,1.712240195211088767e-05,0.000000000000000000e+00,4.178475778454153640e-03
3.832499999999946727e+00,3.500273238878976372e+02,7.985800914164542519e+01,1.722182178976410690e-05,0.000000000000000000e+00,4.180445539997855106e-03
3.834999999999946674e+00,3.502269479161492427e+02,7.982102546346811778e+01,1.735149503399762344e-05,0.000000000000000000e+00,4.182415165559474207e-03
3.837499999999946620e+00,3.504264794916277879e+02,7.978405310195385880e+01,1.733449566410935635e-05,0.000000000000000000e+00,4.184384670004693413e-03
3.839999999999946567e+00,3.506259186426240149e+02,7.974709205543588553e+01,1.725111198866018146e-05,0.000000000000000000e+00,4.186354089612932296e-03
3.842499999999946514e+00,3.508252653974245163e+02,7.971014232260837673e+01,1.679403655109392387e-05,0.000000000000000000e+00,4.188323462710583263e-03
3.844999999999946461e+00,3.510245197843128722e+02,7.967320390252935169e+01,1.676076277143807554e-05,0.000000000000000000e+00,4.190292892078606272e-03
3.847499999999946407e+00,3.512236818315705591e+02,7.963627679457536601e+01,1.658109005093881538e-05,0.000000000000000000e+00,4.192262413235409851e-03
3.849999999999946354e+00,3.514227515674775759e+02,7.959936099856598446e+01,1.631416966577792774e-05,0.000000000000000000e+00,4.194232089503902548e-03
3.852499999999946301e+00,3.516217290203138646e+02,7.956245651462695889e+01,1.628964841825547948e-05,0.000000000000000000e+00,4.196201984816082080e-03
3.854999999999946247e+00,3.518206142183597080e+02,7.952556334333213783e+01,1.610074457672846759e-05,0.000000000000000000e+00,4.198172121194583897e-03
3.857499999999946194e+00,3.520194071898971515e+02,7.948868148551021307e+01,1.593431119532367089e-05,0.000000000000000000e+00,4.200142575125330631e-03
3.859999999999946141e+00,3.522181079632105138e+02,7.945181094237796060e+01,1.590917918802694790e-05,0.000000000000000000e+00,4.202113379107259850e-03
3.862499999999946088e+00,3.524167165665872972e+02,7.941495171556182697e+01,1.592234532087525531e-05,0.000000000000000000e+00,4.204084569998901670e-03
3.864999999999946034e+00,3.526152330283192100e+02,7.937810380697888490e+01,1.572180988232532760e-05,0.000000000000000000e+00,4.206056186722509534e-03
3.867499999999945981e+00,3.528136573767030768e+02,7.934126721895555079e+01,1.561167739959963986e-05,0.000000000000000000e+00,4.208028280420219105e-03
3.869999999999945928e+00,3.530119896400418611e+02,7.930444195433054233e+01,1.579281116269681023e-05,0.000000000000000000e+00,4.210000878747264391e-03
3.872499999999945874e+00,3.532102298466456318e+02,7.926762801616361287e+01,1.593132301572282953e-05,0.000000000000000000e+00,4.211973992117157457e-03
3.874999999999945821e+00,3.534083780248324160e+02,7.923082540774262839e+01,1.574600758399595973e-05,0.000000000000000000e+00,4.213947614756445408e-03
3.877499999999945768e+00,3.536064342029284830e+02,7.919403413260650382e+01,1.552364000495613986e-05,0.000000000000000000e+00,4.215921796558653317e-03
3.879999999999945715e+00,3.538043984092690835e+02,7.915725419452827794e+01,1.549540549093542181e-05,0.000000000000000000e+00,4.217896601911100447e-03
3.882499999999945661e+00,3.540022706721990744e+02,7.912048559765622713e+01,1.550732393441431892e-05,0.000000000000000000e+00,4.219872046927529083e-03
3.884999999999945608e+00,3.542000510200739996e+02,7.908372834640975668e+01,1.517951966748990901e-05,0.000000000000000000e+00,4.221848145327580099e-03
3.887499999999945555e+00,3.543977394812604302e+02,7.904698244541678775e+01,1.475668601576918245e-05,0.000000000000000000e+00,4.223824981901192453e-03
3.889999999999945501e+00,3.545953360841367044e+02,7.901024789965906336e+01,1.485175151610011732e-05,0.000000000000000000e+00,4.225802614783202502e-03
3.892499999999945448e+00,3.547928408570937791e+02,7.897352471432853349e+01,1.496863642201327588e-05,0.000000000000000000e+00,4.227781046399948020e-03
3.894999999999945395e+00,3.549902538285357423e+02,7.893681289472453955e+01,1.463046981844622748e-05,0.000000000000000000e+00,4.229760294101573767e-03
3.897499999999945342e+00,3.551875750268799266e+02,7.890011244639831034e+01,1.422152144308294664e-05,0.000000000000000000e+00,4.231740406144961740e-03
3.899999999999945288e+00,3.553848044805578184e+02,7.886342337519414514e+01,1.420351150815625330e-05,0.000000000000000000e+00,4.233721439008545848e-03
3.902499999999945235e+00,3.555819422180155698e+02,7.882674568709471430e+01,1.403450484937682988e-05,0.000000000000000000e+00,4.235703406860081600e-03
3.904999999999945182e+00,3.557789882677142828e+02,7.879007938823166057e+01,1.385633161876624626e-05,0.000000000000000000e+00,4.237686351205752905e-03
3.907499999999945128e+00,3.559759426581306343e+02,7.875342448491556979e+01,1.346423748926225974e-05,0.000000000000000000e+00,4.239670301684116994e-03
3.909999999999945075e+00,3.561728054177571039e+02,7.871678098364856169e+01,1.325076376207308358e-05,0.000000000000000000e+00,4.241655301990037569e-03
3.912499999999945022e+00,3.563695765751025419e+02,7.868014889104175325e+01,1.315763450968713150e-05,0.000000000000000000e+00,4.243641371235028215e-03
3.914999999999944968e+00,3.565662561586923971e+02,7.864352821385796233e+01,1.326749899703726700e-05,0.000000000000000000e+00,4.245628542385557029e-03
3.917499999999944915e+00,3.567628441970690005e+02,7.860691895902682802e+01,1.317123496507282946e-05,0.000000000000000000e+00,4.247616808249943601e-03
3.919999999999944862e+00,3.569593407187923049e+02,7.857032113374184235e+01,1.317551945979003088e-05,0.000000000000000000e+00,4.249606172994418660e-03
3.922499999999944809e+00,3.571557457524402253e+02,7.853373474515993280e+01,1.309726795704694221e-05,0.000000000000000000e+00,4.251596641826828511e-03
3.924999999999944755e+00,3.573520593266085825e+02,7.849715980049380448e+01,1.264523561431253005e-05,0.000000000000000000e+00,4.253588218075670356e-03
3.927499999999944702e+00,3.575482814699112737e+02,7.846059630700467835e+01,1.291582080115917997e-05,0.000000000000000000e+00,4.255580944956614819e-03
3.929999999999944649e+00,3.577444122109803288e+02,7.842404427199613792e+01,1.289424915798102303e-05,0.000000000000000000e+00,4.257574797855172635e-03
3.932499999999944595e+00,3.579404515784661385e+02,7.838750370294542336e+01,1.269531664184597409e-05,0.000000000000000000e+00,4.259569783312842917e-03
3.934999999999944542e+00,3.581363996010379083e+02,7.835097460735187269e+01,1.250555822683144674e-05,0.000000000000000000e+00,4.261565894409037429e-03
3.937499999999944489e+00,3.583322563073833749e+02,7.831445699268189742e+01,1.235266065446430631e-05,0.000000000000000000e+00,4.263563163573918895e-03
3.939999999999944436e+00,3.585280217262090900e+02,7.827795086636324129e+01,1.234243297566219983e-05,0.000000000000000000e+00,4.265561589818155433e-03
3.942499999999944382e+00,3.587236958862402503e+02,7.824145623604356103e+01,1.230309861239659484e-05,0.000000000000000000e+00,4.267561171123518578e-03
3.944999999999944329e+00,3.589192788162212082e+02,7.820497310933058088e+01,1.228378600130962904e-05,0.000000000000000000e+00,4.269561885631207102e-03
3.947499999999944276e+00,3.591147705449152454e+02,7.816850149378207391e+01,1.193031824347259117e-05,0.000000000000000000e+00,4.271563741817299351e-03
3.949999999999944222e+00,3.593101711011044017e+02,7.813204139681842264e+01,1.210735232090390798e-05,0.000000000000000000e+00,4.273566743912860476e-03
3.952499999999944169e+00,3.595054805135894185e+02,7.809559282589925999e+01,1.194484547356198313e-05,0.000000000000000000e+00,4.275570856950990442e-03
3.954999999999944116e+00,3.597006988111896248e+02,7.805915578829819879e+01,1.180412134464222431e-05,0.000000000000000000e+00,4.277576081970036609e-03
3.957499999999944063e+00,3.598958260227422556e+02,7.802273029111205460e+01,1.169233897100963486e-05,0.000000000000000000e+00,4.279582422150861667e-03
3.959999999999944009e+00,3.600908621771023377e+02,7.798631634145382918e+01,1.157883946617571763e-05,0.000000000000000000e+00,4.281589876487878511e-03
3.962499999999943956e+00,3.602858073031428603e+02,7.794991394651150074e+01,1.141801982969141142e-05,0.000000000000000000e+00,4.283598429524522293e-03
3.964999999999943903e+00,3.604806614297546048e+02,7.791352311338701497e+01,1.118059670155346651e-05,0.000000000000000000e+00,4.285608075654001071e-03
3.967499999999943849e+00,3.606754245858460308e+02,7.787714384904185749e+01,1.125739120678044479e-05,0.000000000000000000e+00,4.287618807196214368e-03
3.969999999999943796e+00,3.608700968003430489e+02,7.784077616033887637e+01,1.112803143871464754e-05,0.000000000000000000e+00,4.289630597957904551e-03
3.972499999999943743e+00,3.610646781021886227e+02,7.780442005397165417e+01,1.103967350374686671e-05,0.000000000000000000e+00,4.291643418671202241e-03
3.974999999999943689e+00,3.612591685203461793e+02,7.776807553950955310e+01,1.120177170924813473e-05,0.000000000000000000e+00,4.293657253289026240e-03
3.977499999999943636e+00,3.614535680837947211e+02,7.773174261962110165e+01,1.128867669134348907e-05,0.000000000000000000e+00,4.295672096150609555e-03
3.979999999999943583e+00,3.616478768215241644e+02,7.769542130047398132e+01,1.146069135255926726e-05,0.000000000000000000e+00,4.297687912773359188e-03
3.982499999999943530e+00,3.618420947625400572e+02,7.765911158871435305e+01,1.161160370001319699e-05,0.000000000000000000e+00,4.299704676638296287e-03
3.984999999999943476e+00,3.620362219358639209e+02,7.762281348948458515e+01,1.125018150140688499e-05,0.000000000000000000e+00,4.301722375364915377e-03
3.987499999999943423e+00,3.622302583705302936e+02,7.758652700840063687e+01,1.127320949346453101e-05,0.000000000000000000e+00,4.303740987903383573e-03
3.989999999999943370e+00,3.624242040955876405e+02,7.755025215094364910e+01,1.101482056023332711e-05,0.000000000000000000e+00,4.305760489167430143e-03
3.992499999999943316e+00,3.626180591400980688e+02,7.751398892226022497e+01,1.086415194839645278e-05,0.000000000000000000e+00,4.307780859989523807e-03
3.994999999999943263e+00,3.628118235331395454e+02,7.747773732980071770e+01,1.065927870666753756e-05,0.000000000000000000e+00,4.309802083534914827e-03
3.997499999999943210e+00,3.630054973038012349e+02,7.744149737580549697e+01,1.051676141934808963e-05,0.000000000000000000e+00,4.311824142004878034e-03
3.999999999999943157e+00,3.631990804811983367e+02,7.740526907167404147e+01,1.018929046796131235e-05,0.000000000000000000e+00,4.313847001682586356e-03
4.002499999999943547e+00,3.633925730944303609e+02,7.736905241287469437e+01,1.027017631218627947e-05,0.000000000000000000e+00,4.313847001682586356e-03
4.004999999999943938e+00,3.635859751726206355e+02,7.733284739618336801e+01,1.015436253926221290e-05,0.000000000000000000e+00,4.315871402235698512e-03
4.007499999999944329e+00,3.637792867448667948e+02,7.729665401593069873e+01,1.006161244962108023e-05,0.000000000000000000e+00,4.317896536194267693e-03
4.009999999999944720e+00,3.639725078402734653e+02,7.726047230269449528e+01,1.027916871577421342e-05,0.000000000000000000e+00,4.319922371674186565e-03
4.012499999999945111e+00,3.641656384880241148e+02,7.722430225667399384e+01,1.013592707605245864e-05,0.000000000000000000e+00,4.321948881035300206e-03
4.014999999999945501e+00,3.643586787172801564e+02,7.718814387716510339e+01,1.026537117739414302e-05,0.000000000000000000e+00,4.323976034113356445e-03
4.017499999999945892e+00,3.645516285572062998e+02,7.715199716556951159e+01,1.012397185520665152e-05,0.000000000000000000e+00,4.326003805229694694e-03
4.019999999999946283e+00,3.647444880369737348e+02,7.711586212315042133e+01,9.775731631826208988e-06,0.000000000000000000e+00,4.328032157452627211e-03
4.022499999999946674e+00,3.649372571857566072e+02,7.707973875189141211e+01,9.780926293369582718e-06,0.000000000000000000e+00,4.330061058214418161e-03
4.024999999999947065e+00,3.651299360327337240e+02,7.704362705338961348e+01,9.804704921013748906e-06,0.000000000000000000e+00,4.332090477685063626e-03
4.027499999999947455e+00,3.653225246070878711e+02,7.700752702896313906e+01,9.890512135016867897e-06,0.000000000000000000e+00,4.334120390452151847e-03
4.029999999999947846e+00,3.655150229380049041e+02,7.697143867962158481e+01,9.840770783315424351e-06,0.000000000000000000e+00,4.336150769638395103e-03
4.032499999999948237e+00,3.657074310546727247e+02,7.693536200569022299e+01,9.610133688247973050e-06,0.000000000000000000e+00,4.338181587697748087e-03
4.034999999999948628e+00,3.658997489862804855e+02,7.689929700807752511e+01,9.844137909328019956e-06,0.000000000000000000e+00,4.340212810078818671e-03
4.037499999999949019e+00,3.660919767620191010e+02,7.686324368697205500e+01,9.971371257154550656e-06,0.000000000000000000e+00,4.342244417772788898e-03
4.039999999999949409e+00,3.662841144110798268e+02,7.682720204223053884e+01,9.754703871171039806e-06,0.000000000000000000e+00,4.344276381594298041e-03
4.042499999999949800e+00,3.664761619626573292e+02,7.679117207649149179e+01,9.423210884580547842e-06,0.000000000000000000e+00,4.346308676317478699e-03
4.044999999999950191e+00,3.666681194459450239e+02,7.675515378600675831e+01,9.223798071470736852e-06,0.000000000000000000e+00,4.348341245824509545e-03
4.047499999999950582e+00,3.668599868901304717e+02,7.671914716957169844e+01,9.304965268771659364e-06,0.000000000000000000e+00,4.350374061260172884e-03
4.049999999999950973e+00,3.670517643243979364e+02,7.668315222554089416e+01,9.121914183610581325e-06,0.000000000000000000e+00,4.352407099845841641e-03
4.052499999999951363e+00,3.672434517779274188e+02,7.664716895205675939e+01,9.057606862327208840e-06,0.000000000000000000e+00,4.354440327994588307e-03
4.054999999999951754e+00,3.674350492798941445e+02,7.661119734695535044e+01,8.904197185601632757e-06,0.000000000000000000e+00,4.356473709425240370e-03
4.057499999999952145e+00,3.676265568594677688e+02,7.657523740772509768e+01,9.071348407003459939e-06,0.000000000000000000e+00,4.358507210708595717e-03
4.059999999999952536e+00,3.678179745458113530e+02,7.653928913146221191e+01,9.068119924930168711e-06,0.000000000000000000e+00,4.360540813325456018e-03
4.062499999999952927e+00,3.680093023680805686e+02,7.650335251488620258e+01,8.814627125323453393e-06,0.000000000000000000e+00,4.362574485397428120e-03
4.064999999999953317e+00,3.682005403554226746e+02,7.646742755437922767e+01,8.558565770376727030e-06,0.000000000000000000e+00,4.364608195838813771e-03
4.067499999999953708e+00,3.683916885369756642e+02,7.643151424596209154e+01,8.668542946236355046e-06,0.000000000000000000e+00,4.366641904879586290e-03
4.069999999999954099e+00,3.685827469418674127e+02,7.639561258542654798e+01,8.888782555805192756e-06,0.000000000000000000e+00,4.368675592132577161e-03
4.072499999999954490e+00,3.687737155992150520e+02,7.635972256822653037e+01,9.279838046524330989e-06,0.000000000000000000e+00,4.370709247543731572e-03
4.074999999999954881e+00,3.689645945381243450e+02,7.632384418944360505e+01,9.364159542748562028e-06,0.000000000000000000e+00,4.372742859579233088e-03
4.077499999999955271e+00,3.691553837876883222e+02,7.628797744377965273e+01,9.435458517308570602e-06,0.000000000000000000e+00,4.374776413853625340e-03
4.079999999999955662e+00,3.693460833769867122e+02,7.625212232552945579e+01,9.291999021679451588e-06,0.000000000000000000e+00,4.376809895531955617e-03
4.082499999999956053e+00,3.695366933350846921e+02,7.621627882870086523e+01,9.034645978962854956e-06,0.000000000000000000e+00,4.378843276683115973e-03
4.084999999999956444e+00,3.697272136910323184e+02,7.618044694703236530e+01,9.215398919422527029e-06,0.000000000000000000e+00,4.380876520618700622e-03
4.087499999999956835e+00,3.699176444738639020e+02,7.614462667390968420e+01,9.460386883192824556e-06,0.000000000000000000e+00,4.382909619248332236e-03
4.089999999999957225e+00,3.701079857125968715e+02,7.610881800238885830e+01,9.481817436697684669e-06,0.000000000000000000e+00,4.384942571296815590e-03
4.092499999999957616e+00,3.702982374362312044e+02,7.607302092521950954e+01,9.696007628586296868e-06,0.000000000000000000e+00,4.386975360094963819e-03
4.094999999999958007e+00,3.704883996737485177e+02,7.603723543487222969e+01,9.947831021662770722e-06,0.000000000000000000e+00,4.389007982590683622e-03
4.097499999999958398e+00,3.706784724541115565e+02,7.600146152340877848e+01,1.009350947382796111e-05,0.000000000000000000e+00,4.391040440796968071e-03
4.099999999999958789e+00,3.708684558062628867e+02,7.596569918260476584e+01,1.023907881889637428e-05,0.000000000000000000e+00,4.393072735770894334e-03
4.102499999999959179e+00,3.710583497591244395e+02,7.592994840391985178e+01,1.012529570514396029e-05,0.000000000000000000e+00,4.395104856572303910e-03
4.104999999999959570e+00,3.712481543415966030e+02,7.589420917857597715e+01,1.018339435279459614e-05,0.000000000000000000e+00,4.397136786686941558e-03
4.107499999999959961e+00,3.714378695825575960e+02,7.585848149749486424e+01,1.042703284310311704e-05,0.000000000000000000e+00,4.399168517399332755e-03
4.109999999999960352e+00,3.716274955108627296e+02,7.582276535125966177e+01,1.074024485712181909e-05,0.000000000000000000e+00,4.401200052661069159e-03
4.112499999999960743e+00,3.718170321553438384e+02,7.578706073011328215e+01,1.077197212574266065e-05,0.000000000000000000e+00,4.403231403969647302e-03
4.114999999999961133e+00,3.720064795448079167e+02,7.575136762404268609e+01,1.086207001307589003e-05,0.000000000000000000e+00,4.405262564257673638e-03
4.117499999999961524e+00,3.721958377080369473e+02,7.571568602272769510e+01,1.092180042284714076e-05,0.000000000000000000e+00,4.407293529294826345e-03
4.119999999999961915e+00,3.723851066737868223e+02,7.568001591550036267e+01,1.078125854314053259e-05,0.000000000000000000e+00,4.409324294808159711e-03
4.122499999999962306e+00,3.725742864707866602e+02,7.564435729148137000e+01,1.096897887389685738e-05,0.000000000000000000e+00,4.411354843316063826e-03
4.124999999999962697e+00,3.727633771277381811e+02,7.560871013944949937e+01,1.125237799979296891e-05,0.000000000000000000e+00,4.413385180627254177e-03
4.127499999999963087e+00,3.729523786733149109e+02,7.557307444796279583e+01,1.137203034512111215e-05,0.000000000000000000e+00,4.415415321823048904e-03
4.129999999999963478e+00,3.731412911361616693e+02,7.553745020527802012e+01,1.175775746215082731e-05,0.000000000000000000e+00,4.417445264992886887e-03
4.132499999999963869e+00,3.733301145448937177e+02,7.550183739940190719e+01,1.210713586981280781e-05,0.000000000000000000e+00,4.419475035887101416e-03
4.134999999999964260e+00,3.735188489280961903e+02,7.546623601805515591e+01,1.235803417069150347e-05,0.000000000000000000e+00,4.421504657138274064e-03
4.137499999999964650e+00,3.737074943143232986e+02,7.543064604879927515e+01,1.236077920673254252e-05,0.000000000000000000e+00,4.423534139337175278e-03
4.139999999999965041e+00,3.738960507320983311e+02,7.539506747920438556e+01,1.253424348025370030e-05,0.000000000000000000e+00,4.425563478323653668e-03
4.142499999999965432e+00,3.740845182099133694e+02,7.535950029671236905e+01,1.293684358230641361e-05,0.000000000000000000e+00,4.427592681945276450e-03
4.144999999999965823e+00,3.742728967762288903e+02,7.532394448855596636e+01,1.329563740815597644e-05,0.000000000000000000e+00,4.429621780123449253e-03
4.147499999999966214e+00,3.744611864594734811e+02,7.528840004166787025e+01,1.330490508848765562e-05,0.000000000000000000e+00,4.431650789387082262e-03
4.149999999999966604e+00,3.746493872880428171e+02,7.525286694277794197e+01,1.331260120847892975e-05,0.000000000000000000e+00,4.433679713432489566e-03
4.152499999999966995e+00,3.748374992902993199e+02,7.521734517836101475e+01,1.309507496360486381e-05,0.000000000000000000e+00,4.435708546055004177e-03
4.154999999999967386e+00,3.750255224945714190e+02,7.518183473475794187e+01,1.319671360876255795e-05,0.000000000000000000e+00,4.437737267778559501e-03
4.157499999999967777e+00,3.752134569291533808e+02,7.514633559808839891e+01,1.318138069186692558e-05,0.000000000000000000e+00,4.439765885755741354e-03
4.159999999999968168e+00,3.754013026223045131e+02,7.511084775416004788e+01,1.331109512222195165e-05,0.000000000000000000e+00,4.441794394618005584e-03
4.162499999999968558e+00,3.755890596022485965e+02,7.507537118864136971e+01,1.318737983925111432e-05,0.000000000000000000e+00,4.443822795151857602e-03
4.164999999999968949e+00,3.757767278971734868e+02,7.503990588705180187e+01,1.353750515350424627e-05,0.000000000000000000e+00,4.445851082105282438e-03
4.167499999999969340e+00,3.759643075352307164e+02,7.500445183466170818e+01,1.382617864716683416e-05,0.000000000000000000e+00,4.447879273280910123e-03
4.169999999999969731e+00,3.761517985445348700e+02,7.496900901651680726e+01,1.381133480364242319e-05,0.000000000000000000e+00,4.449907388440928202e-03
4.172499999999970122e+00,3.763392009531630151e+02,7.493357741747196599e+01,1.401048444824735084e-05,0.000000000000000000e+00,4.451935425985616319e-03
4.174999999999970512e+00,3.765265147891542483e+02,7.489815702225105554e+01,1.393721283056966301e-05,0.000000000000000000e+00,4.453963398209720426e-03
4.177499999999970903e+00,3.767137400805094671e+02,7.486274781545800749e+01,1.431694495674196117e-05,0.000000000000000000e+00,4.455991292603440901e-03
4.179999999999971294e+00,3.769008768551909156e+02,7.482734978153881400e+01,1.477819970585379260e-05,0.000000000000000000e+00,4.458019130358605552e-03
4.182499999999971685e+00,3.770879251411219570e+02,7.479196290479414699e+01,1.464763065800516202e-05,0.000000000000000000e+00,4.460046938577438488e-03
4.184999999999972076e+00,3.772748849661865620e+02,7.475658716937415704e+01,1.465425137341054345e-05,0.000000000000000000e+00,4.462074707798315519e-03
4.187499999999972466e+00,3.774617563582290245e+02,7.472122255931573420e+01,1.468991070777717363e-05,0.000000000000000000e+00,4.464102425386104120e-03
4.189999999999972857e+00,3.776485393450536776e+02,7.468586905846424884e+01,1.469835178452679538e-05,0.000000000000000000e+00,4.466130098538189340e-03
4.192499999999973248e+00,3.778352339544242113e+02,7.465052665048807512e+01,1.479686593265187256e-05,0.000000000000000000e+00,4.468157725390491976e-03
4.194999999999973639e+00,3.780218402140636158e+02,7.461519531902845870e+01,1.488314097074431583e-05,0.000000000000000000e+00,4.470185306944845192e-03
4.197499999999974030e+00,3.782083581516538402e+02,7.457987504754616737e+01,1.463340774423254662e-05,0.000000000000000000e+00,4.472212842446866322e-03
4.199999999999974420e+00,3.783947877948353948e+02,7.454456581940095816e+01,1.471330968616547127e-05,0.000000000000000000e+00,4.474240310541442375e-03
4.202499999999974811e+00,3.785811291712072375e+02,7.450926761788400654e+01,1.465203081192980133e-05,0.000000000000000000e+00,4.476267712416055755e-03
4.204999999999975202e+00,3.787673823083263756e+02,7.447398042613419022e+01,1.469769887960825157e-05,0.000000000000000000e+00,4.478295037057213393e-03
4.207499999999975593e+00,3.789535472337076385e+02,7.443870422720732449e+01,1.506770997870433177e-05,0.000000000000000000e+00,4.480322282987329006e-03
4.209999999999975984e+00,3.791396239748234507e+02,7.440343900402088195e+01,1.552244141370098584e-05,0.000000000000000000e+00,4.482349466482215758e-03
4.212499999999976374e+00,3.793256125591034333e+02,7.436818473936151008e+01,1.579837520901992769e-05,0.000000000000000000e+00,4.484376603442820006e-03
4.214999999999976765e+00,3.795115130139340636e+02,7.433294141591412085e+01,1.596605282854412369e-05,0.000000000000000000e+00,4.486403701289254885e-03
4.217499999999977156e+00,3.796973253666585606e+02,7.429770901626891089e+01,1.605840794151410682e-05,0.000000000000000000e+00,4.488430759099086391e-03
4.219999999999977547e+00,3.798830496445764879e+02,7.426248752287824573e+01,1.613691528858303650e-05,0.000000000000000000e+00,4.490457776804357599e-03
4.222499999999977938e+00,3.800686858749435828e+02,7.422727691825539864e+01,1.589659881186074176e-05,0.000000000000000000e+00,4.492484745670799993e-03
4.224999999999978328e+00,3.802542340849718698e+02,7.419207718488297587e+01,1.584006715061649580e-05,0.000000000000000000e+00,4.494511649643886941e-03
4.227499999999978719e+00,3.804396943018294337e+02,7.415688830514011443e+01,1.595790634358422569e-05,0.000000000000000000e+00,4.496538476568083184e-03
4.229999999999979110e+00,3.806250665526404191e+02,7.412171026144322639e+01,1.581383191464066993e-05,0.000000000000000000e+00,4.498565219361616921e-03
4.232499999999979501e+00,3.808103508644849171e+02,7.408654303605089808e+01,1.594005181543259696e-05,0.000000000000000000e+00,4.500591867382526014e-03
4.234999999999979892e+00,3.809955472643985672e+02,7.405138661114013132e+01,1.614652012181089000e-05,0.000000000000000000e+00,4.502618411170814308e-03
4.237499999999980282e+00,3.811806557793725574e+02,7.401624096881681680e+01,1.619599712326747550e-05,0.000000000000000000e+00,4.504644851884954428e-03
4.239999999999980673e+00,3.813656764363501566e+02,7.398110608881282246e+01,1.615069021277668249e-05,0.000000000000000000e+00,4.506671179956955875e-03
4.242499999999981064e+00,3.815506092622301253e+02,7.394598195561093235e+01,1.644911191782591950e-05,0.000000000000000000e+00,4.508697386292290568e-03
4.244999999999981455e+00,3.817354542838692737e+02,7.391086855122564714e+01,1.669463468356472018e-05,0.000000000000000000e+00,4.510723465193100523e-03
4.247499999999981846e+00,3.819202115280794487e+02,7.387576585761067349e+01,1.647072283958121714e-05,0.000000000000000000e+00,4.512749413209942752e-03
4.249999999999982236e+00,3.821048810216271931e+02,7.384067385632860692e+01,1.673795308849979069e-05,0.000000000000000000e+00,4.514775212254868580e-03
4.252499999999982627e+00,3.822894627912331771e+02,7.380559252962272865e+01,1.644388997208126504e-05,0.000000000000000000e+00,4.516800855582949609e-03
4.254999999999983018e+00,3.824739568635735623e+02,7.377052185933497697e+01,1.625315196528768946e-05,0.000000000000000000e+00,4.518826326703691970e-03
4.257499999999983409e+00,3.826583632652790925e+02,7.373546182731018916e+01,1.610411674107908086e-05,0.000000000000000000e+00,4.520851610271840217e-03
4.259999999999983800e+00,3.828426820229351506e+02,7.370041241540350541e+01,1.614724868964998521e-05,0.000000000000000000e+00,4.522876692124904591e-03
4.262499999999984190e+00,3.830269131630817583e+02,7.366537360547006585e+01,1.618317670540839694e-05,0.000000000000000000e+00,4.524901560202278239e-03
4.264999999999984581e+00,3.832110567122135194e+02,7.363034537931832801e+01,1.646251772357429718e-05,0.000000000000000000e+00,4.526926206547918219e-03
4.267499999999984972e+00,3.833951126967772325e+02,7.359532771682869168e+01,1.644408010897323755e-05,0.000000000000000000e+00,4.528950622877146899e-03
4.269999999999985363e+00,3.835790811431746761e+02,7.356032060149044582e+01,1.641848361478423358e-05,0.000000000000000000e+00,4.530974797901416926e-03
4.272499999999985754e+00,3.837629620777493074e+02,7.352532400882651586e+01,1.643552055639822666e-05,0.000000000000000000e+00,4.532998725792844116e-03
4.274999999999986144e+00,3.839467555268145702e+02,7.349033792891594885e+01,1.646754168590935742e-05,0.000000000000000000e+00,4.532998725792844116e-03
4.277499999999986535e+00,3.841304615166492908e+02,7.345536234744760407e+01,1.662223398202623313e-05,0.000000000000000000e+00,4.532998725792844116e-03
4.279999999999986926e+00,3.843140800734753384e+02,7.342039723711671684e+01,1.665076045409843942e-05,0.000000000000000000e+00,4.535021835301519116e-03
4.282499999999987317e+00,3.844976112234766106e+02,7.338544259345167120e+01,1.682680600276603960e-05,0.000000000000000000e+00,4.537044654349640070e-03
4.284999999999987708e+00,3.846810549927964189e+02,7.335049838720360071e+01,1.682207759356778035e-05,0.000000000000000000e+00,4.539067167080281830e-03
4.287499999999988098e+00,3.848644114075097491e+02,7.331556459721579699e+01,1.679337177053938539e-05,0.000000000000000000e+00,4.541089359013321565e-03
4.289999999999988489e+00,3.850476804936557755e+02,7.328064121016377896e+01,1.679018283081990795e-05,0.000000000000000000e+00,4.543111219812233370e-03
4.292499999999988880e+00,3.852308622772282547e+02,7.324572820441493093e+01,1.677920667815056274e-05,0.000000000000000000e+00,4.545132736882258676e-03
4.294999999999989271e+00,3.854139567841729672e+02,7.321082556489420767e+01,1.680979127294172877e-05,0.000000000000000000e+00,4.547153894275659559e-03
4.297499999999989662e+00,3.855969640403953349e+02,7.317593327362982336e+01,1.699415329941600833e-05,0.000000000000000000e+00,4.549174681021664855e-03
4.299999999999990052e+00,3.857798840717557596e+02,7.314105131266062187e+01,1.728902356992931651e-05,0.000000000000000000e+00,4.551195075185309434e-03
4.302499999999990443e+00,3.859627169040698504e+02,7.310617966403125934e+01,1.700350255171106083e-05,0.000000000000000000e+00,4.553215062385184038e-03
4.304999999999990834e+00,3.861454625631081967e+02,7.307131830982399379e+01,1.676513604201059626e-05,0.000000000000000000e+00,4.555234628632835910e-03
4.307499999999991225e+00,3.863281210745969361e+02,7.303646723253207540e+01,1.680773733814594690e-05,0.000000000000000000e+00,4.557253766343916102e-03
4.309999999999991616e+00,3.865106924642180957e+02,7.300162641387684914e+01,1.683934425381589282e-05,0.000000000000000000e+00,4.559272466307037752e-03
4.312499999999992006e+00,3.866931767576080574e+02,7.296679583604641550e+01,1.702044517077228809e-05,0.000000000000000000e+00,4.561290707689942200e-03
4.314999999999992397e+00,3.868755739803588654e+02,7.293197548124686591e+01,1.718116602599629945e-05,0.000000000000000000e+00,4.563308478080716803e-03
4.317499999999992788e+00,3.870578841580150993e+02,7.289716532942337324e+01,1.713591785482936668e-05,0.000000000000000000e+00,4.565325755535222345e-03
4.319999999999993179e+00,3.872401073160768874e+02,7.286236536509085226e+01,1.720508943454204288e-05,0.000000000000000000e+00,4.567342526777486492e-03
4.322499999999993570e+00,3.874222434800029191e+02,7.282757557064502407e+01,1.716105205637758404e-05,0.000000000000000000e+00,4.569358778528143789e-03
4.324999999999993960e+00,3.876042926752080007e+02,7.279279592853313829e+01,1.702839215344059362e-05,0.000000000000000000e+00,4.571374496190397374e-03
4.327499999999994351e+00,3.877862549270629984e+02,7.275802642127220565e+01,1.681946678657641193e-05,0.000000000000000000e+00,4.573389672920669460e-03
4.329999999999994742e+00,3.879681302608951796e+02,7.272326703138745074e+01,1.692432802211010423e-05,0.000000000000000000e+00,4.575404312328864957e-03
4.332499999999995133e+00,3.881499187019880992e+02,7.268851774152433620e+01,1.693497559384157672e-05,0.000000000000000000e+00,4.577418396448679205e-03
4.334999999999995524e+00,3.883316202755819972e+02,7.265377853447333223e+01,1.674713719901684756e-05,0.000000000000000000e+00,4.579431908082589285e-03
4.337499999999995914e+00,3.885132350068741403e+02,7.261904939303984463e+01,1.680310149772598678e-05,0.000000000000000000e+00,4.581444842034237096e-03
4.339999999999996305e+00,3.886947629210188779e+02,7.258433030004692910e+01,1.668946194982999739e-05,0.000000000000000000e+00,4.583457189360934901e-03
4.342499999999996696e+00,3.888762040431275295e+02,7.254962123834093290e+01,1.655970104217752053e-05,0.000000000000000000e+00,4.585468946314822172e-03
4.344999999999997087e+00,3.890575583982686680e+02,7.251492219092791913e+01,1.657470676959283347e-05,0.000000000000000000e+00,4.587480109785165884e-03
4.347499999999997478e+00,3.892388260114684044e+02,7.248023314087659230e+01,1.651265957826959620e-05,0.000000000000000000e+00,4.589490671531329564e-03
4.349999999999997868e+00,3.894200069077105013e+02,7.244555407125085367e+01,1.645588332507319279e-05,0.000000000000000000e+00,4.591500623217044906e-03
4.352499999999998259e+00,3.896011011119365435e+02,7.241088496516950102e+01,1.663047638562308299e-05,0.000000000000000000e+00,4.593509966966204117e-03
4.354999999999998650e+00,3.897821086490457674e+02,7.237622580589459176e+01,1.667775021811094126e-05,0.000000000000000000e+00,4.595518669562267434e-03
4.357499999999999041e+00,3.899630295438957432e+02,7.234157657672973585e+01,1.675823079673347148e-05,0.000000000000000000e+00,4.597526732944074573e-03
4.359999999999999432e+00,3.901438638213022614e+02,7.230693726100216168e+01,1.655566573008879249e-05,0.000000000000000000e+00,4.599534141706713812e-03
4.362499999999999822e+00,3.903246115060395596e+02,7.227230784221201532e+01,1.643541738813784718e-05,0.000000000000000000e+00,4.601540892407991572e-03
4.365000000000000213e+00,3.905052726228406641e+02,7.223768830387636797e+01,1.645157758523561626e-05,0.000000000000000000e+00,4.603546995507815966e-03
4.367500000000000604e+00,3.906858471963973329e+02,7.220307862961229262e+01,1.630172734296378670e-05,0.000000000000000000e+00,4.605552445509658414e-03
4.370000000000000995e+00,3.908663352513605105e+02,7.216847880318846364e+01,1.646497030784839231e-05,0.000000000000000000e+00,4.607557240239993669e-03
4.372500000000001386e+00,3.910467368123406686e+02,7.213388880843896800e+01,1.637745519082570188e-05,0.000000000000000000e+00,4.609561372254785024e-03
4.375000000000001776e+00,3.912270519039077499e+02,7.209930862927315331e+01,1.628536752945576664e-05,0.000000000000000000e+00,4.611564837907792917e-03
4.377500000000002167e+00,3.914072805505917358e+02,7.206473824971320141e+01,1.609563487754015534e-05,0.000000000000000000e+00,4.613567628667023662e-03
4.380000000000002558e+00,3.915874227768825335e+02,7.203017765380201354e+01,1.627451316737718018e-05,0.000000000000000000e+00,4.615569767138128984e-03
4.382500000000002949e+00,3.917674786072302595e+02,7.199562682571685457e+01,1.611969616189082196e-05,0.000000000000000000e+00,4.617571231010014939e-03
4.385000000000003340e+00,3.919474480660455811e+02,7.196108574976770456e+01,1.600669732280699943e-05,0.000000000000000000e+00,4.619572040314910005e-03
4.387500000000003730e+00,3.921273311776999435e+02,7.192655441036120578e+01,1.585387917840277392e-05,0.000000000000000000e+00,4.621572193822399977e-03
4.390000000000004121e+00,3.923071279665259681e+02,7.189203279210568098e+01,1.594882933194213047e-05,0.000000000000000000e+00,4.623571703811767478e-03
4.392500000000004512e+00,3.924868384568177362e+02,7.185752087960098322e+01,1.596253012140259005e-05,0.000000000000000000e+00,4.625570565122662930e-03
4.395000000000004903e+00,3.926664626728309599e+02,7.182301865752359049e+01,1.581144097372303348e-05,0.000000000000000000e+00,4.627568771572987232e-03
4.397500000000005294e+00,3.928460006387830390e+02,7.178852611075724610e+01,1.584693890634352877e-05,0.000000000000000000e+00,4.629566343986700125e-03
4.400000000000005684e+00,3.930254523788537426e+02,7.175404322428380510e+01,1.554869536539826548e-05,0.000000000000000000e+00,4.631563271986611184e-03
4.402500000000006075e+00,3.932048179171853803e+02,7.171956998317207876e+01,1.555522875907963421e-05,0.000000000000000000e+00,4.633559589235838709e-03
4.405000000000006466e+00,3.933840972778828586e+02,7.168510637262228613e+01,1.540157353002483031e-05,0.000000000000000000e+00,4.635555295087142626e-03
4.407500000000006857e+00,3.935632904850141927e+02,7.165065237794853203e+01,1.517618795261627490e-05,0.000000000000000000e+00,4.637550403321877464e-03
4.410000000000007248e+00,3.937423975626108472e+02,7.161620798455899717e+01,1.501124840429545715e-05,0.000000000000000000e+00,4.639544952317761761e-03
4.412500000000007638e+00,3.939214185346677368e+02,7.158177317796733519e+01,1.499739270771349618e-05,0.000000000000000000e+00,4.641538958882354335e-03
4.415000000000008029e+00,3.941003534251437372e+02,7.154734794384607710e+01,1.497675046708011524e-05,0.000000000000000000e+00,4.643532432905077799e-03
4.417500000000008420e+00,3.942792022579619129e+02,7.151293226796612146e+01,1.498507234564174335e-05,0.000000000000000000e+00,4.645525388394535458e-03
4.420000000000008811e+00,3.944579650570098579e+02,7.147852613629262919e+01,1.498473687671182893e-05,0.000000000000000000e+00,4.647517814343288430e-03
4.422500000000009202e+00,3.946366418461402077e+02,7.144412953489589313e+01,1.493617523965242533e-05,0.000000000000000000e+00,4.649509708064576176e-03
4.425000000000009592e+00,3.948152326491706958e+02,7.140974244989344299e+01,1.478322270787430706e-05,0.000000000000000000e+00,4.651501094689786987e-03
4.427500000000009983e+00,3.949937374898844951e+02,7.137536486752513554e+01,1.475411024997151219e-05,0.000000000000000000e+00,4.653492001098697047e-03
4.430000000000010374e+00,3.951721563920305016e+02,7.134099677430864972e+01,1.492991045828609005e-05,0.000000000000000000e+00,4.655482430639452766e-03
4.432500000000010765e+00,3.953504893793240171e+02,7.130663815687637452e+01,1.505300256045737290e-05,0.000000000000000000e+00,4.657472369447545647e-03
4.435000000000011156e+00,3.955287364754468626e+02,7.127228900196655559e+01,1.541112153688936333e-05,0.000000000000000000e+00,4.659461817550327942e-03
4.437500000000011546e+00,3.957068977040479467e+02,7.123794929649145047e+01,1.553204280837158655e-05,0.000000000000000000e+00,4.661450732506152231e-03
4.440000000000011937e+00,3.958849730887434930e+02,7.120361902756732775e+01,1.550963602498368725e-05,0.000000000000000000e+00,4.663439107036721626e-03
4.442500000000012328e+00,3.960629626531176086e+02,7.116929818244031480e+01,1.538792689750138944e-05,0.000000000000000000e+00,4.665426949004726660e-03
4.445000000000012719e+00,3.962408664207226252e+02,7.113498674854214698e+01,1.547224480483022291e-05,0.000000000000000000e+00,4.667414283363404727e-03
4.447500000000013110e+00,3.964186844150794400e+02,7.110068471340143503e+01,1.538570725396700995e-05,0.000000000000000000e+00,4.669401092171188324e-03
4.450000000000013500e+00,3.965964166596780274e+02,7.106639206469148462e+01,1.535776128431200660e-05,0.000000000000000000e+00,4.671387404348547635e-03
4.452500000000013891e+00,3.967740631779774390e+02,7.103210879017771617e+01,1.539558525690211583e-05,0.000000000000000000e+00,4.673373219241973298e-03
4.455000000000014282e+00,3.969516239934063151e+02,7.099783487774961088e+01,1.540405196857832940e-05,0.000000000000000000e+00,4.675358537287590405e-03
4.457500000000014673e+00,3.971290991293629986e+02,7.096357031547829308e+01,1.513395788209215270e-05,0.000000000000000000e+00,4.677343364636752689e-03
4.460000000000015064e+00,3.973064886092161601e+02,7.092931509161047643e+01,1.506607495725499350e-05,0.000000000000000000e+00,4.679327750182667341e-03
4.462500000000015454e+00,3.974837924563052525e+02,7.089506919458312950e+01,1.503573990553230442e-05,0.000000000000000000e+00,4.681311717247164939e-03
4.465000000000015845e+00,3.976610106939409093e+02,7.086083261302906067e+01,1.511410478915055520e-05,0.000000000000000000e+00,4.683295269618305626e-03
4.467500000000016236e+00,3.978381433454053990e+02,7.082660533572784800e+01,1.499450945548809963e-05,0.000000000000000000e+00,4.685278407809614389e-03
4.470000000000016627e+00,3.980151904339529665e+02,7.079238735154703477e+01,1.504409294588938017e-05,0.000000000000000000e+00,4.687261163462280028e-03
4.472500000000017017e+00,3.981921519828101736e+02,7.075817864953501157e+01,1.495573383232646823e-05,0.000000000000000000e+00,4.689243523198833273e-03
4.475000000000017408e+00,3.983690280151762977e+02,7.072397921893887940e+01,1.496388256490199169e-05,0.000000000000000000e+00,4.691225525319829559e-03
4.477500000000017799e+00,3.985458185542238425e+02,7.068978904910328254e+01,1.499813571984567526e-05,0.000000000000000000e+00,4.693207172211014133e-03
4.480000000000018190e+00,3.987225236230987093e+02,7.065560812963171600e+01,1.506196000703921280e-05,0.000000000000000000e+00,4.695188473365636064e-03
4.482500000000018581e+00,3.988991432449209356e+02,7.062143645025012972e+01,1.478668852338339020e-05,0.000000000000000000e+00,4.697169431353631804e-03
4.485000000000018971e+00,3.990756774427850360e+02,7.058727400088430670e+01,1.449096591349308854e-05,0.000000000000000000e+00,4.699150101656583353e-03
4.487500000000019362e+00,3.992521262397604005e+02,7.055312077170127338e+01,1.465530635840657378e-05,0.000000000000000000e+00,4.701130528692209348e-03
4.490000000000019753e+00,3.994284896588919196e+02,7.051897675307300517e+01,1.463320875602698978e-05,0.000000000000000000e+00,4.703110696489329681e-03
4.492500000000020144e+00,3.996047677232006095e+02,7.048484193547268717e+01,1.448938978286336641e-05,0.000000000000000000e+00,4.705090631617381107e-03
4.495000000000020535e+00,3.997809604556836689e+02,7.045071630955436603e+01,1.425718275571005318e-05,0.000000000000000000e+00,4.707070354388516627e-03
4.497500000000020925e+00,3.999570678793150478e+02,7.041659986614492084e+01,1.422110667653443730e-05,0.000000000000000000e+00,4.709049913435583122e-03
4.500000000000021316e+00,4.001330900170458449e+02,7.038249259620103260e+01,1.403244196666659850e-05,0.000000000000000000e+00,4.711029317658876892e-03
4.502500000000021707e+00,4.003090268918047059e+02,7.034839449090370067e+01,1.386652981579359065e-05,0.000000000000000000e+00,4.713008613939798606e-03
4.505000000000022098e+00,4.004848785264982212e+02,7.031430554163875968e+01,1.355728973516589682e-05,0.000000000000000000e+00,4.714987833249688343e-03
4.507500000000022489e+00,4.006606449440117785e+02,7.028022573995052369e+01,1.373547912465088310e-05,0.000000000000000000e+00,4.716967034049092400e-03
4.510000000000022879e+00,4.008363261672095064e+02,7.024615507758461774e+01,1.357924144999923233e-05,0.000000000000000000e+00,4.718946205539619951e-03
4.512500000000023270e+00,4.010119222189350694e+02,7.021209354644632583e+01,1.339127097026399937e-05,0.000000000000000000e+00,4.720925382596055479e-03
4.515000000000023661e+00,4.011874331220120098e+02,7.017804113867835270e+01,1.319575511334568352e-05,0.000000000000000000e+00,4.722904607582327323e-03
4.517500000000024052e+00,4.013628588992443724e+02,7.014399784660103876e+01,1.283582888263126522e-05,0.000000000000000000e+00,4.724883907517306129e-03
4.520000000000024443e+00,4.015381995734171028e+02,7.010996366266202529e+01,1.286853678287889275e-05,0.000000000000000000e+00,4.726863348287180765e-03
4.522500000000024833e+00,4.017134551672962743e+02,7.007593857948008065e+01,1.284225830970575136e-05,0.000000000000000000e+00,4.728842946890614990e-03
4.525000000000025224e+00,4.018886257036297138e+02,7.004192258975552932e+01,1.286353093804897201e-05,0.000000000000000000e+00,4.730822713543660768e-03
4.527500000000025615e+00,4.020637112051468307e+02,7.000791568627397510e+01,1.258723813723233194e-05,0.000000000000000000e+00,4.732802648294896428e-03
4.530000000000026006e+00,4.022387116945592425e+02,6.997391786195289853e+01,1.222349418823010374e-05,0.000000000000000000e+00,4.734782807456705545e-03
4.532500000000026397e+00,4.024136271945608883e+02,6.993992910990066036e+01,1.197856118868727427e-05,0.000000000000000000e+00,4.736763250686349888e-03
4.535000000000026787e+00,4.025884577278285974e+02,6.990594942343305718e+01,1.200081914384324081e-05,0.000000000000000000e+00,4.738744022581434581e-03
4.537500000000027178e+00,4.027632033170226009e+02,6.987197879601794170e+01,1.220477948552250205e-05,0.000000000000000000e+00,4.740725132120091230e-03
4.540000000000027569e+00,4.029378639847868158e+02,6.983801722127037692e+01,1.232818295757153197e-05,0.000000000000000000e+00,4.742706559388930321e-03
4.542500000000027960e+00,4.031124397537494133e+02,6.980406469298232253e+01,1.262182929128425543e-05,0.000000000000000000e+00,4.744688298788619224e-03
4.545000000000028351e+00,4.032869306465230466e+02,6.977012120520211624e+01,1.255369244483566395e-05,0.000000000000000000e+00,4.746670321326799946e-03
4.547500000000028741e+00,4.034613366857057031e+02,6.973618675220369312e+01,1.253022789106063863e-05,0.000000000000000000e+00,4.748652648207002738e-03
4.550000000000029132e+00,4.036356578938811026e+02,6.970226132841222011e+01,1.244249966908020412e-05,0.000000000000000000e+00,4.750635290837169032e-03
4.552500000000029523e+00,4.038098942936192088e+02,6.966834492843582893e+01,1.241558302286184820e-05,0.000000000000000000e+00,4.752618269004846296e-03
4.555000000000029914e+00,4.039840459074765135e+02,6.963443754708006850e+01,1.241656159011756018e-05,0.000000000000000000e+00,4.754601592661612287e-03
4.557500000000030305e+00,4.041581127579966619e+02,6.960053917934203582e+01,1.225632565272953694e-05,0.000000000000000000e+00,4.756585268762395825e-03
4.560000000000030695e+00,4.043320948677109641e+02,6.956664982030284250e+01,1.234067389140410217e-05,0.000000000000000000e+00,4.758569330613532031e-03
4.562500000000031086e+00,4.045059922591383952e+02,6.953276946525394919e+01,1.218473487582306697e-05,0.000000000000000000e+00,4.760553778678858206e-03
4.565000000000031477e+00,4.046798049547863343e+02,6.949889810974445936e+01,1.234261741330530091e-05,0.000000000000000000e+00,4.762538647882152629e-03
4.567500000000031868e+00,4.048535329771511329e+02,6.946503574950754967e+01,1.205411679204072646e-05,0.000000000000000000e+00,4.764523914634672362e-03
4.570000000000032259e+00,4.050271763487186263e+02,6.943118238038697143e+01,1.187249696185229104e-05,0.000000000000000000e+00,4.766509630759172694e-03
4.572500000000032649e+00,4.052007350919643045e+02,6.939733799837686945e+01,1.188420158321275349e-05,0.000000000000000000e+00,4.768495819133617905e-03
4.575000000000033040e+00,4.053742092293537098e+02,6.936350259965095688e+01,1.184684062080882179e-05,0.000000000000000000e+00,4.770482490260232952e-03
4.577500000000033431e+00,4.055475987833428348e+02,6.932967618055631931e+01,1.186775929966897557e-05,0.000000000000000000e+00,4.772469652050526090e-03
4.580000000000033822e+00,4.057209037763789183e+02,6.929585873771812032e+01,1.164648400055560849e-05,0.000000000000000000e+00,4.774457308343847163e-03
4.582500000000034213e+00,4.058941242309006157e+02,6.926205026790448471e+01,1.154338090553137423e-05,0.000000000000000000e+00,4.776445492608707120e-03
4.585000000000034603e+00,4.060672601693387378e+02,6.922825076801289867e+01,1.141161000149634468e-05,0.000000000000000000e+00,4.778434220142231507e-03
4.587500000000034994e+00,4.062403116141164219e+02,6.919446023506553445e+01,1.138640760848468201e-05,0.000000000000000000e+00,4.780423520196371012e-03
4.590000000000035385e+00,4.064132785876493017e+02,6.916067866625697036e+01,1.132707633859301610e-05,0.000000000000000000e+00,4.782413403517330776e-03
4.592500000000035776e+00,4.065861611123461898e+02,6.912690605899898344e+01,1.117022272220708627e-05,0.000000000000000000e+00,4.784403877404447281e-03
4.595000000000036167e+00,4.067589592106095893e+02,6.909314241083879438e+01,1.121240886226559794e-05,0.000000000000000000e+00,4.786394953572940467e-03
4.597500000000036557e+00,4.069316729048358638e+02,6.905938771942078347e+01,1.128831927189670901e-05,0.000000000000000000e+00,4.788386637769035878e-03
4.600000000000036948e+00,4.071043022174155794e+02,6.902564198255122108e+01,1.124614991938153934e-05,0.000000000000000000e+00,4.790378913016429471e-03
4.602500000000037339e+00,4.072768471707339017e+02,6.899190519819488543e+01,1.110601062567144297e-05,0.000000000000000000e+00,4.792371789609217551e-03
4.605000000000037730e+00,4.074493077871709943e+02,6.895817736444787727e+01,1.111313850412112261e-05,0.000000000000000000e+00,4.794365277886823012e-03
4.607500000000038121e+00,4.076216840891023594e+02,6.892445847957023375e+01,1.080682868116017201e-05,0.000000000000000000e+00,4.796359389425010507e-03
4.610000000000038511e+00,4.077939760988991793e+02,6.889074854189931330e+01,1.058993208396052737e-05,0.000000000000000000e+00,4.798354158727998961e-03
4.612500000000038902e+00,4.079661838389286004e+02,6.885704755001529520e+01,1.060850682446375936e-05,0.000000000000000000e+00,4.800349615529574121e-03
4.615000000000039293e+00,4.081383073315543015e+02,6.882335550262646962e+01,1.058956527332238575e-05,0.000000000000000000e+00,4.802345751763866834e-03
4.617500000000039684e+00,4.083103465991368921e+02,6.878967239860473626e+01,1.074787585131001893e-05,0.000000000000000000e+00,4.804342560733928548e-03
4.620000000000040075e+00,4.084823016640341393e+02,6.875599823684493117e+01,1.092638206649690941e-05,0.000000000000000000e+00,4.806340023899131030e-03
4.622500000000040465e+00,4.086541725486010819e+02,6.872233301634111058e+01,1.088852426177670448e-05,0.000000000000000000e+00,4.808338123518379227e-03
4.625000000000040856e+00,4.088259592751902574e+02,6.868867673624859549e+01,1.079150479564342196e-05,0.000000000000000000e+00,4.810336862422057505e-03
4.627500000000041247e+00,4.089976618661523844e+02,6.865502939585464048e+01,1.097529645817775351e-05,0.000000000000000000e+00,4.812336242006528056e-03
4.630000000000041638e+00,4.091692803438362489e+02,6.862139099459770364e+01,1.122842785385516538e-05,0.000000000000000000e+00,4.814336246013985882e-03
4.632500000000042029e+00,4.093408147305894431e+02,6.858776153199360692e+01,1.141143202974537433e-05,0.000000000000000000e+00,4.816336846456008638e-03
4.635000000000042419e+00,4.095122650487583087e+02,6.855414100771574226e+01,1.142389267651403985e-05,0.000000000000000000e+00,4.818338018842354027e-03
4.637500000000042810e+00,4.096836313206886189e+02,6.852052942151951243e+01,1.125580237059150238e-05,0.000000000000000000e+00,4.820339760459815652e-03
4.640000000000043201e+00,4.098549135687253511e+02,6.848692677328715206e+01,1.112891969070701283e-05,0.000000000000000000e+00,4.822342081383448886e-03
4.642500000000043592e+00,4.100261118152133690e+02,6.845333306297278853e+01,1.135720833506827735e-05,0.000000000000000000e+00,4.824344992412536205e-03
4.645000000000043983e+00,4.101972260824975365e+02,6.841974829056599106e+01,1.143740510062442278e-05,0.000000000000000000e+00,4.826348461396540168e-03
4.647500000000044373e+00,4.103682563929225466e+02,6.838617245616894991e+01,1.170348983577283744e-05,0.000000000000000000e+00,4.828352479634177158e-03
4.650000000000044764e+00,4.105392027688335475e+02,6.835260555992992693e+01,1.169613424331654250e-05,0.000000000000000000e+00,4.830357021576591608e-03
4.652500000000045155e+00,4.107100652325760848e+02,6.831904760214183625e+01,1.166820553263358032e-05,0.000000000000000000e+00,4.832362082897565317e-03
4.655000000000045546e+00,4.108808438064963866e+02,6.828549858317191479e+01,1.163424988557470840e-05,0.000000000000000000e+00,4.834367664806962957e-03
4.657500000000045937e+00,4.110515385129417609e+02,6.825195850345652104e+01,1.160567862413620298e-05,0.000000000000000000e+00,4.836373763015911452e-03
4.660000000000046327e+00,4.112221493742605958e+02,6.821842736355324632e+01,1.175739270491488460e-05,0.000000000000000000e+00,4.838380373003312029e-03
4.662500000000046718e+00,4.113926764128027571e+02,6.818490516404375512e+01,1.175931177775459461e-05,0.000000000000000000e+00,4.840387474804179295e-03
4.665000000000047109e+00,4.115631196509195320e+02,6.815139190546049974e+01,1.185206661049578977e-05,0.000000000000000000e+00,4.842395072941359756e-03
4.667500000000047500e+00,4.117334791109636285e+02,6.811788758841258584e+01,1.157950428392802817e-05,0.000000000000000000e+00,4.844403153228258804e-03
4.670000000000047891e+00,4.119037548152891759e+02,6.808439221361254567e+01,1.172476239152604262e-05,0.000000000000000000e+00,4.846411728995430983e-03
4.672500000000048281e+00,4.120739467862522361e+02,6.805090578181118133e+01,1.201674516478630874e-05,0.000000000000000000e+00,4.848420785521603479e-03
4.675000000000048672e+00,4.122440550462106899e+02,6.801742829375153576e+01,1.191133992599994577e-05,0.000000000000000000e+00,4.850430290915570472e-03
4.677500000000049063e+00,4.124140796175243509e+02,6.798395975023152005e+01,1.184076415757060003e-05,0.000000000000000000e+00,4.852440252645800513e-03
4.680000000000049454e+00,4.125840205225550221e+02,6.795050015207083050e+01,1.185395512603830663e-05,0.000000000000000000e+00,4.854450669287506230e-03
4.682500000000049845e+00,4.127538777836665531e+02,6.791704950012820063e+01,1.168881376584083231e-05,0.000000000000000000e+00,4.856461536331906255e-03
4.685000000000050235e+00,4.129236514232250101e+02,6.788360779537148915e+01,1.163217552066116800e-05,0.000000000000000000e+00,4.858472860352331876e-03
4.687500000000050626e+00,4.130933414635988470e+02,6.785017503876345302e+01,1.152998590400031451e-05,0.000000000000000000e+00,4.860484637224540480e-03
4.690000000000051017e+00,4.132629479271590185e+02,6.781675123127780580e+01,1.155498687780058426e-05,0.000000000000000000e+00,4.862496870777537755e-03
4.692500000000051408e+00,4.134324708362789238e+02,6.778333637392115918e+01,1.148069523815044652e-05,0.000000000000000000e+00,4.864509555347376092e-03
4.695000000000051799e+00,4.136019102133344063e+02,6.774993046772040373e+01,1.141590360852631472e-05,0.000000000000000000e+00,4.866522684392016879e-03
4.697500000000052189e+00,4.137712660807039242e+02,6.771653351362789408e+01,1.134240845910598448e-05,0.000000000000000000e+00,4.868536266026588476e-03
4.700000000000052580e+00,4.139405384607683231e+02,6.768314551266088586e+01,1.167134374846388463e-05,0.000000000000000000e+00,4.870550290347377617e-03
4.702500000000052971e+00,4.141097273759110067e+02,6.764976646589671816e+01,1.172923351112421186e-05,0.000000000000000000e+00,4.872564726109058532e-03
4.705000000000053362e+00,4.142788328485180500e+02,6.761639637435125394e+01,1.162230964358071057e-05,0.000000000000000000e+00,4.874579570727308707e-03
4.707500000000053753e+00,4.144478549009780295e+02,6.758303523906626253e+01,1.161730868414532320e-05,0.000000000000000000e+00,4.876594822491748908e-03
4.710000000000054143e+00,4.146167935556822499e+02,6.754968306110734488e+01,1.172028819574523388e-05,0.000000000000000000e+00,4.878610464808790653e-03
4.712500000000054534e+00,4.147856488350245741e+02,6.751633984152364576e+01,1.187311095924314624e-05,0.000000000000000000e+00,4.880626488406220737e-03
4.715000000000054925e+00,4.149544207614015363e+02,6.748300558124128656e+01,1.204134513464585908e-05,0.000000000000000000e+00,4.882642877594853964e-03
4.717500000000055316e+00,4.151231093572118880e+02,6.744968028121878945e+01,1.187347837860037529e-05,0.000000000000000000e+00,4.884659616195995667e-03
4.720000000000055707e+00,4.152917146448568246e+02,6.741636394235450780e+01,1.188266175104158553e-05,0.000000000000000000e+00,4.886676707607194581e-03
4.722500000000056097e+00,4.154602366467397019e+02,6.738305656550019762e+01,1.161128813548913607e-05,0.000000000000000000e+00,4.888694143954709984e-03
4.725000000000056488e+00,4.156286753852660354e+02,6.734975815151146605e+01,1.172044952623749695e-05,0.000000000000000000e+00,4.890711931250436850e-03
4.727500000000056879e+00,4.157970308828433872e+02,6.731646870117954506e+01,1.157609555635860959e-05,0.000000000000000000e+00,4.892730057854862043e-03
4.730000000000057270e+00,4.159653031618814225e+02,6.728318821526534066e+01,1.190939225240745261e-05,0.000000000000000000e+00,4.894748518798277756e-03
4.732500000000057661e+00,4.161334922447915119e+02,6.724991669444570164e+01,1.218817251398852998e-05,0.000000000000000000e+00,4.896767295863851434e-03
4.735000000000058051e+00,4.163015981539867880e+02,6.721665413937077460e+01,1.226354248539627276e-05,0.000000000000000000e+00,4.898786365679697920e-03
4.737500000000058442e+00,4.164696209118819752e+02,6.718340055069596417e+01,1.217133319634335875e-05,0.000000000000000000e+00,4.900805717812552718e-03
4.740000000000058833e+00,4.166375605408933893e+02,6.715015592893458063e+01,1.204464443783802898e-05,0.000000000000000000e+00,4.902825348327615428e-03
4.742500000000059224e+00,4.168054170634385969e+02,6.711692027459423571e+01,1.211631255040328375e-05,0.000000000000000000e+00,4.904845254813021936e-03
4.745000000000059615e+00,4.169731905019364149e+02,6.708369358800455018e+01,1.224164468688918674e-05,0.000000000000000000e+00,4.906865428547088279e-03
4.747500000000060005e+00,4.171408808788063425e+02,6.705047586949595484e+01,1.220080669871340215e-05,0.000000000000000000e+00,4.908885859719363393e-03
4.750000000000060396e+00,4.173084882164687883e+02,6.701726711935882008e+01,1.204326143816098755e-05,0.000000000000000000e+00,4.910906543986756287e-03
4.752500000000060787e+00,4.174760125373447863e+02,6.698406733777208899e+01,1.207937540094460737e-05,0.000000000000000000e+00,4.912927478002099800e-03
4.755000000000061178e+00,4.176434538638558251e+02,6.695087652482280305e+01,1.237679557556174501e-05,0.000000000000000000e+00,4.914948654875518977e-03
4.757500000000061569e+00,4.178108122184234503e+02,6.691769468053254855e+01,1.244670696184860412e-05,0.000000000000000000e+00,4.916970057682952706e-03
4.760000000000061959e+00,4.179780876234693210e+02,6.688452180488499721e+01,1.258582183860709527e-05,0.000000000000000000e+00,4.918991678661584557e-03
4.762500000000062350e+00,4.181452801014149827e+02,6.685135789779243964e+01,1.285034147528437968e-05,0.000000000000000000e+00,4.921013507865328908e-03
4.765000000000062741e+00,4.183123896746818104e+02,6.681820295909176366e+01,1.308450169337129175e-05,0.000000000000000000e+00,4.923035531438990121e-03
4.767500000000063132e+00,4.184794163656936234e+02,6.678505699090177927e+01,1.323611013655412781e-05,0.000000000000000000e+00,4.925057738747690671e-03
4.770000000000063523e+00,4.186463601968733315e+02,6.675191999030214163e+01,1.346922182848373599e-05,0.000000000000000000e+00,4.927080119341196128e-03
4.772500000000063913e+00,4.188132211906396378e+02,6.671879195677871621e+01,1.332959358515559588e-05,0.000000000000000000e+00,4.929102664938041570e-03
4.775000000000064304e+00,4.189799993694098816e+02,6.668567288967545892e+01,1.338523089026879935e-05,0.000000000000000000e+00,4.931125375890749694e-03
4.777500000000064695e+00,4.191466947555974230e+02,6.665256278199420592e+01,1.332155450857013386e-05,0.000000000000000000e+00,4.933148245157722295e-03
4.780000000000065086e+00,4.193133073716051058e+02,6.661946164575586238e+01,1.332765649001804077e-05,0.000000000000000000e+00,4.935171274029850376e-03
4.782500000000065477e+00,4.194798372398586253e+02,6.658636947347177681e+01,1.340960553089514511e-05,0.000000000000000000e+00,4.937194458472352748e-03
4.785000000000065867e+00,4.196462843827673055e+02,6.655328626415115423e+01,1.343835482224890970e-05,0.000000000000000000e+00,4.939217791879329557e-03
4.787500000000066258e+00,4.198126488227379127e+02,6.652021201667989203e+01,1.353285274349453241e-05,0.000000000000000000e+00,4.941241269661962761e-03
4.790000000000066649e+00,4.199789305821744279e+02,6.648714672979326679e+01,1.381314787756168011e-05,0.000000000000000000e+00,4.943264887132056348e-03
4.792500000000067040e+00,4.201451296834775349e+02,6.645409040211399088e+01,1.370225274385435922e-05,0.000000000000000000e+00,4.945288637088650005e-03
4.795000000000067431e+00,4.203112461490444502e+02,6.642104303215367622e+01,1.369268890662544446e-05,0.000000000000000000e+00,4.947312520427131662e-03
4.797500000000067821e+00,4.204772800012685821e+02,6.638800461833909594e+01,1.367051145251214688e-05,0.000000000000000000e+00,4.949336534325278827e-03
4.800000000000068212e+00,4.206432312625393592e+02,6.635497515900881638e+01,1.375802193523434594e-05,0.000000000000000000e+00,4.951360675063827023e-03
4.802500000000068603e+00,4.208090999552449603e+02,6.632195465472359786e+01,1.384464125911440221e-05,0.000000000000000000e+00,4.953384938604736380e-03
4.805000000000068994e+00,4.209748861017686750e+02,6.628894310172913151e+01,1.404375687243940295e-05,0.000000000000000000e+00,4.955409321804580408e-03
4.807500000000069384e+00,4.211405897244874836e+02,6.625594049701226140e+01,1.399627827254961183e-05,0.000000000000000000e+00,4.957433820442936484e-03
4.810000000000069775e+00,4.213062108457709201e+02,6.622294683841570873e+01,1.427482350660651671e-05,0.000000000000000000e+00,4.959458433076488655e-03
4.812500000000070166e+00,4.214717494879882338e+02,6.618996213188188449e+01,1.419019413741050976e-05,0.000000000000000000e+00,4.961483156386709177e-03
4.815000000000070557e+00,4.216372056735229989e+02,6.615698636721289461e+01,1.407994479853165691e-05,0.000000000000000000e+00,4.963507990015078412e-03
4.817500000000070948e+00,4.218025794247146223e+02,6.612401953912522856e+01,1.395980906096897349e-05,0.000000000000000000e+00,4.965532929830089592e-03
4.820000000000071338e+00,4.219678707639031359e+02,6.609106164934377148e+01,1.412637877567512989e-05,0.000000000000000000e+00,4.965532929830089592e-03
4.822500000000071729e+00,4.221330797134295381e+02,6.605811268566309025e+01,1.439397191980972374e-05,0.000000000000000000e+00,4.965532929830089592e-03
4.825000000000072120e+00,4.222982062956176605e+02,6.602517265651478340e+01,1.413791658637673104e-05,0.000000000000000000e+00,4.965532929830089592e-03
4.827500000000072511e+00,4.224632505327992362e+02,6.599224155372726841e+01,1.408518413005257287e-05,0.000000000000000000e+00,4.967558275699590284e-03
4.830000000000072902e+00,4.226282124472780310e+02,6.595931936266889295e+01,1.404144311916366304e-05,0.000000000000000000e+00,4.969583716067502675e-03
4.832500000000073292e+00,4.227930920613401895e+02,6.592640609656623951e+01,1.409386106813128553e-05,0.000000000000000000e+00,4.971609250131055723e-03
4.835000000000073683e+00,4.229578893972951050e+02,6.589350174651721659e+01,1.399120396652699782e-05,0.000000000000000000e+00,4.973634874159907869e-03
4.837500000000074074e+00,4.231226044774306843e+02,6.586060630872162847e+01,1.394409648707656384e-05,0.000000000000000000e+00,4.975660587576581813e-03
4.840000000000074465e+00,4.232872373240311390e+02,6.582771978837635629e+01,1.392473358765171544e-05,0.000000000000000000e+00,4.977686386193272070e-03
4.842500000000074856e+00,4.234517879593947782e+02,6.579484217413471470e+01,1.400251089099562168e-05,0.000000000000000000e+00,4.979712269237161065e-03
4.845000000000075246e+00,4.236162564057747204e+02,6.576197346200650884e+01,1.374352617905094648e-05,0.000000000000000000e+00,4.981738231938559816e-03
4.847500000000075637e+00,4.237806426854240271e+02,6.572911364788423327e+01,1.387264049301254985e-05,0.000000000000000000e+00,4.983764270521734256e-03
4.850000000000076028e+00,4.239449468205853009e+02,6.569626272745762208e+01,1.369086230360819487e-05,0.000000000000000000e+00,4.985790381795479273e-03
4.852500000000076419e+00,4.241091688334932428e+02,6.566342069958479044e+01,1.391003084759052469e-05,0.000000000000000000e+00,4.987816563943200249e-03
4.855000000000076810e+00,4.242733087463739139e+02,6.563058755665188926e+01,1.400195220139519982e-05,0.000000000000000000e+00,4.989842814903401244e-03
4.857500000000077200e+00,4.244373665814370611e+02,6.559776329400061456e+01,1.386772050270263866e-05,0.000000000000000000e+00,4.991869133085640071e-03
4.860000000000077591e+00,4.246013423608806647e+02,6.556494790679209927e+01,1.413268268958245671e-05,0.000000000000000000e+00,4.993895516129673653e-03
4.862500000000077982e+00,4.247652361068905407e+02,6.553214139010344752e+01,1.412365789570592597e-05,0.000000000000000000e+00,4.995921961438694672e-03
4.865000000000078373e+00,4.249290478416402266e+02,6.549934373888316941e+01,1.419477836820622490e-05,0.000000000000000000e+00,4.997948467331844551e-03
4.867500000000078764e+00,4.250927775872904135e+02,6.546655494786652696e+01,1.460060482823761282e-05,0.000000000000000000e+00,4.999975033211673248e-03
4.870000000000079154e+00,4.252564253659886049e+02,6.543377501171183042e+01,1.468993174462551828e-05,0.000000000000000000e+00,5.002001661146088241e-03
4.872500000000079545e+00,4.254199911998688890e+02,6.540100392493708625e+01,1.465496567385935026e-05,0.000000000000000000e+00,5.004028349814456690e-03
4.875000000000079936e+00,4.255834751110514844e+02,6.536824168186032580e+01,1.470005617775949446e-05,0.000000000000000000e+00,5.006055098325096035e-03
4.877500000000080327e+00,4.257468771216424557e+02,6.533548827668465719e+01,1.455112342608888210e-05,0.000000000000000000e+00,5.008081904107548540e-03
4.880000000000080718e+00,4.259101972537332017e+02,6.530274370350929303e+01,1.446138954848637810e-05,0.000000000000000000e+00,5.010108763546768443e-03
4.882500000000081108e+00,4.260734355294003421e+02,6.527000795627058949e+01,1.456548166822791001e-05,0.000000000000000000e+00,5.012135672652312350e-03
4.885000000000081499e+00,4.262365919707051489e+02,6.523728102881621282e+01,1.481195459430530631e-05,0.000000000000000000e+00,5.014162632366290367e-03
4.887500000000081890e+00,4.263996665996936599e+02,6.520456291485973566e+01,1.486381606718470553e-05,0.000000000000000000e+00,5.016189642852633863e-03
4.890000000000082281e+00,4.265626594383959969e+02,6.517185360798963245e+01,1.498609588698989530e-05,0.000000000000000000e+00,5.018216702941694259e-03
4.892500000000082672e+00,4.267255705088261379e+02,6.513915310166314043e+01,1.515856678030541912e-05,0.000000000000000000e+00,5.020243815418597849e-03
4.895000000000083062e+00,4.268883998329818041e+02,6.510646138926260562e+01,1.531524790028626837e-05,0.000000000000000000e+00,5.022270980144132209e-03
4.897500000000083453e+00,4.270511474328439476e+02,6.507377846404762067e+01,1.544441573672918801e-05,0.000000000000000000e+00,5.024298199484114082e-03
4.900000000000083844e+00,4.272138133303766949e+02,6.504110431915772494e+01,1.550549175332742490e-05,0.000000000000000000e+00,5.026325472556284792e-03
4.902500000000084235e+00,4.273763975475269490e+02,6.500843894761062813e+01,1.540417563329006374e-05,0.000000000000000000e+00,5.028352797345310259e-03
4.905000000000084626e+00,4.275389001062239913e+02,6.497578234227289329e+01,1.519811684045424716e-05,0.000000000000000000e+00,5.030380172248642527e-03
4.907500000000085016e+00,4.277013210283793114e+02,6.494313449591588494e+01,1.519314184122951365e-05,0.000000000000000000e+00,5.032407589658506077e-03
4.910000000000085407e+00,4.278636603358862658e+02,6.491049540122516248e+01,1.518729839311643637e-05,0.000000000000000000e+00,5.034435047823225713e-03
4.912500000000085798e+00,4.280259180506197936e+02,6.487786505075897026e+01,1.503188814149998586e-05,0.000000000000000000e+00,5.036462541084848164e-03
4.915000000000086189e+00,4.281880941944361894e+02,6.484524343692808657e+01,1.510311949200272772e-05,0.000000000000000000e+00,5.038490064738617748e-03
4.917500000000086580e+00,4.283501887891727051e+02,6.481263055201689838e+01,1.511255913727546300e-05,0.000000000000000000e+00,5.040517619359770503e-03
4.920000000000086970e+00,4.285122018566472093e+02,6.478002638822867709e+01,1.515374573598713628e-05,0.000000000000000000e+00,5.042545202277167946e-03
4.922500000000087361e+00,4.286741334186581298e+02,6.474743093767985158e+01,1.527458954058008375e-05,0.000000000000000000e+00,5.044572809978800816e-03
4.925000000000087752e+00,4.288359834969839994e+02,6.471484419235960672e+01,1.514065633695717915e-05,0.000000000000000000e+00,5.046600439968788876e-03
4.927500000000088143e+00,4.289977521133832852e+02,6.468226614411524622e+01,1.526411014898497318e-05,0.000000000000000000e+00,5.048628091053902582e-03
4.930000000000088534e+00,4.291594392895940473e+02,6.464969678475664239e+01,1.541427281221250956e-05,0.000000000000000000e+00,5.050655761105734241e-03
4.932500000000088924e+00,4.293210450473339392e+02,6.461713610612434877e+01,1.578501201444762581e-05,0.000000000000000000e+00,5.052683451167891762e-03
4.935000000000089315e+00,4.294825694083000940e+02,6.458458409995287752e+01,1.573053232941368354e-05,0.000000000000000000e+00,5.054711163754980856e-03
4.937500000000089706e+00,4.296440123941689535e+02,6.455204075786313922e+01,1.583131945016019382e-05,0.000000000000000000e+00,5.056738894965626639e-03
4.940000000000090097e+00,4.298053740265959277e+02,6.451950607135563587e+01,1.626292698639832490e-05,0.000000000000000000e+00,5.058766645854749153e-03
4.942500000000090488e+00,4.299666543272151102e+02,6.448698003188904693e+01,1.621525328547638006e-05,0.000000000000000000e+00,5.060794421026861348e-03
4.945000000000090878e+00,4.301278533176392784e+02,6.445446263083778149e+01,1.620508194626921631e-05,0.000000000000000000e+00,5.062822215707034508e-03
4.947500000000091269e+00,4.302889710194594954e+02,6.442195385944970099e+01,1.618920770723110113e-05,0.000000000000000000e+00,5.064850027591546316e-03
4.950000000000091660e+00,4.304500074542449397e+02,6.438945370893033271e+01,1.610238930964116440e-05,0.000000000000000000e+00,5.066877851730489969e-03
4.952500000000092051e+00,4.306109626435428481e+02,6.435696217041278544e+01,1.606614561832642310e-05,0.000000000000000000e+00,5.068905680897152315e-03
4.955000000000092442e+00,4.307718366088780613e+02,6.432447923490886410e+01,1.630316556939610730e-05,0.000000000000000000e+00,5.070933511912545898e-03
4.957500000000092832e+00,4.309326293717530802e+02,6.429200489333398139e+01,1.626181722945206108e-05,0.000000000000000000e+00,5.072961342977037359e-03
4.960000000000093223e+00,4.310933409536474983e+02,6.425953913652188021e+01,1.652828306162654526e-05,0.000000000000000000e+00,5.074989170506075641e-03
4.962500000000093614e+00,4.312539713760179438e+02,6.422708195523225072e+01,1.663837409373666599e-05,0.000000000000000000e+00,5.077016993272129644e-03
4.965000000000094005e+00,4.314145206602980238e+02,6.419463334014162115e+01,1.652915987453620065e-05,0.000000000000000000e+00,5.079044810881065859e-03
4.967500000000094396e+00,4.315749888278979256e+02,6.416219328184863002e+01,1.643704766910056181e-05,0.000000000000000000e+00,5.081072613015673659e-03
4.970000000000094786e+00,4.317353759002043034e+02,6.412976177087297458e+01,1.618382705975200767e-05,0.000000000000000000e+00,5.083100394157631131e-03
4.972500000000095177e+00,4.318956818985799941e+02,6.409733879765522602e+01,1.618137942320874639e-05,0.000000000000000000e+00,5.085128145991117156e-03
4.975000000000095568e+00,4.320559068443640172e+02,6.406492435256937767e+01,1.617132510893250672e-05,0.000000000000000000e+00,5.087155859899445375e-03
4.977500000000095959e+00,4.322160507588711766e+02,6.403251842590471199e+01,1.606288825970424083e-05,0.000000000000000000e+00,5.089183533416957034e-03
4.980000000000096350e+00,4.323761136633919477e+02,6.400012100787755287e+01,1.632079917381883686e-05,0.000000000000000000e+00,5.091211154996044645e-03
4.982500000000096740e+00,4.325360955791924198e+02,6.396773208862758509e+01,1.600510572305071608e-05,0.000000000000000000e+00,5.093238727338334458e-03
4.985000000000097131e+00,4.326959965275138984e+02,6.393535165820676980e+01,1.600507403017971191e-05,0.000000000000000000e+00,5.095266239251185908e-03
4.987500000000097522e+00,4.328558165295728486e+02,6.390297970667423044e+01,1.598941752607729600e-05,0.000000000000000000e+00,5.097293685094094438e-03
4.990000000000097913e+00,4.330155556065607811e+02,6.387061622400835859e+01,1.604031756156278229e-05,0.000000000000000000e+00,5.099321059001019757e-03
4.992500000000098304e+00,4.331752137796441957e+02,6.383826120012019345e+01,1.620224611007045900e-05,0.000000000000000000e+00,5.101348357232835667e-03
4.995000000000098694e+00,4.333347910699642398e+02,6.380591462486824383e+01,1.627900045202317552e-05,0.000000000000000000e+00,5.103375576571142665e-03
4.997500000000099085e+00,4.334942874986368224e+02,6.377357648808470003e+01,1.625360828969468180e-05,0.000000000000000000e+00,5.105402708177279175e-03
5.000000000000099476e+00,4.336537030867522731e+02,6.374124677948763207e+01,1.632204548615849406e-05,0.000000000000000000e+00,5.107429750345430890e-03
5.002500000000099867e+00,4.338130378553751711e+02,6.370892548874468275e+01,1.627003800270503600e-05,0.000000000000000000e+00,5.109456695866691593e-03
5.005000000000100258e+00,4.339722918255443460e+02,6.367661260552021218e+01,1.622057436807995690e-05,0.000000000000000000e+00,5.111483536592271483e-03
5.007500000000100648e+00,4.341314650182702621e+02,6.364430811741610228e+01,1.627437778839006618e-05,0.000000000000000000e+00,5.113510266421933056e-03
5.010000000000101039e+00,4.342905574545374066e+02,6.361201201610472111e+01,1.639328990667890775e-05,0.000000000000000000e+00,5.115536878150018368e-03
5.012500000000101430e+00,4.344495691553068468e+02,6.357972429039161000e+01,1.656779575807673787e-05,0.000000000000000000e+00,5.117563368548333665e-03
5.015000000000101821e+00,4.346085001415115698e+02,6.354744493043699549e+01,1.675550910161729962e-05,0.000000000000000000e+00,5.119589732853303994e-03
5.017500000000102212e+00,4.347673504340600061e+02,6.351517392567219389e+01,1.654947810067828988e-05,0.000000000000000000e+00,5.121615961675755890e-03
5.020000000000102602e+00,4.349261200538340972e+02,6.348291126546716612e+01,1.679043835780055235e-05,0.000000000000000000e+00,5.123642049778547036e-03
5.022500000000102993e+00,4.350848090216766764e+02,6.345065693241175353e+01,1.694619052985515462e-05,0.000000000000000000e+00,5.125667992393831592e-03
5.025000000000103384e+00,4.352434173584117048e+02,6.341841092175888406e+01,1.699692256754573917e-05,0.000000000000000000e+00,5.127693778891898903e-03
5.027500000000103775e+00,4.354019450848419410e+02,6.338617322504416052e+01,1.689303065750557916e-05,0.000000000000000000e+00,5.129719400982111696e-03
5.030000000000104166e+00,4.355603922217493960e+02,6.335394382848004824e+01,1.698714900977432932e-05,0.000000000000000000e+00,5.129719400982111696e-03
5.032500000000104556e+00,4.357187587898721404e+02,6.332172272424867998e+01,1.696398018227646988e-05,0.000000000000000000e+00,5.129719400982111696e-03
5.035000000000104947e+00,4.358770448099361374e+02,6.328950989788877024e+01,1.679424085479139499e-05,0.000000000000000000e+00,5.129719400982111696e-03
5.037500000000105338e+00,4.360352503026268209e+02,6.325730533781455023e+01,1.681491876535403429e-05,0.000000000000000000e+00,5.129719400982111696e-03
5.040000000000105729e+00,4.361933752886058642e+02,6.322510903682473327e+01,1.683344969179347632e-05,0.000000000000000000e+00,5.131744098980402582e-03
5.042500000000106120e+00,4.363514197885229464e+02,6.319292099302373344e+01,1.692290681035120287e-05,0.000000000000000000e+00,5.133768601171594635e-03
5.045000000000106510e+00,4.365093838230079086e+02,6.316074118222058331e+01,1.678773136753895963e-05,0.000000000000000000e+00,5.135792891995015312e-03
5.047500000000106901e+00,4.366672674126380684e+02,6.312856959784627264e+01,1.680039118215425370e-05,0.000000000000000000e+00,5.137816964693463911e-03
5.050000000000107292e+00,4.368250705779734062e+02,6.309640622902463036e+01,1.663121398708772056e-05,0.000000000000000000e+00,5.139840810250732514e-03
5.052500000000107683e+00,4.369827933395334298e+02,6.306425105715187129e+01,1.675258509792258062e-05,0.000000000000000000e+00,5.141864420401640046e-03
5.055000000000108074e+00,4.371404357178150804e+02,6.303210407743031141e+01,1.681745308820170777e-05,0.000000000000000000e+00,5.143887792202136121e-03
5.057500000000108464e+00,4.372979977332923909e+02,6.299996527880765029e+01,1.689497666881221533e-05,0.000000000000000000e+00,5.145910911209699776e-03
5.060000000000108855e+00,4.374554794064118823e+02,6.296783465023737136e+01,1.675454446394219910e-05,0.000000000000000000e+00,5.147933773965046936e-03
5.062500000000109246e+00,4.376128807575898350e+02,6.293571217783303950e+01,1.679527517962734967e-05,0.000000000000000000e+00,5.149956367859773697e-03
5.065000000000109637e+00,4.377702018072127430e+02,6.290359785303566298e+01,1.688136085341443378e-05,0.000000000000000000e+00,5.151978684674501756e-03
5.067500000000110028e+00,4.379274425756432834e+02,6.287149166469852446e+01,1.672591084221903803e-05,0.000000000000000000e+00,5.154000715783770524e-03
5.070000000000110418e+00,4.380846030832162796e+02,6.283939360166842647e+01,1.686406619236868740e-05,0.000000000000000000e+00,5.156022455063207291e-03
5.072500000000110809e+00,4.382416833502387021e+02,6.280730365281044669e+01,1.692646863581145195e-05,0.000000000000000000e+00,5.158043890621255741e-03
5.075000000000111200e+00,4.383986833969896679e+02,6.277522180695258669e+01,1.675671960833061304e-05,0.000000000000000000e+00,5.160065016565479161e-03
5.077500000000111591e+00,4.385556032437202703e+02,6.274314805295701802e+01,1.687110217366876838e-05,0.000000000000000000e+00,5.162085822339336667e-03
5.080000000000111982e+00,4.387124429106539196e+02,6.271108237966639365e+01,1.708776086153571648e-05,0.000000000000000000e+00,5.164106301523744245e-03
5.082500000000112372e+00,4.388692024179860027e+02,6.267902477590831722e+01,1.723882116559601773e-05,0.000000000000000000e+00,5.166126439151024624e-03
5.085000000000112763e+00,4.390258817858841098e+02,6.264697523052493011e+01,1.754326327087680381e-05,0.000000000000000000e+00,5.168146220148911452e-03
5.087500000000113154e+00,4.391824810344877505e+02,6.261493373231134996e+01,1.763496159747738275e-05,0.000000000000000000e+00,5.170165631224845834e-03
5.090000000000113545e+00,4.393390001839103434e+02,6.258290027505993436e+01,1.743914196458412472e-05,0.000000000000000000e+00,5.172184664770486731e-03
5.092500000000113936e+00,4.394954392542443316e+02,6.255087483774940438e+01,1.736466918646379520e-05,0.000000000000000000e+00,5.174203308855052259e-03
5.095000000000114326e+00,4.396517982655350352e+02,6.251885741406338326e+01,1.725751930534721615e-05,0.000000000000000000e+00,5.176221562553969500e-03
5.097500000000114717e+00,4.398080772378101528e+02,6.248684799282784041e+01,1.727074407211473599e-05,0.000000000000000000e+00,5.178239419479806205e-03
5.100000000000115108e+00,4.399642761910695299e+02,6.245484656293995585e+01,1.748346451671584195e-05,0.000000000000000000e+00,5.180256863347031289e-03
5.102500000000115499e+00,4.401203951452852152e+02,6.242285311325584729e+01,1.739485525922796760e-05,0.000000000000000000e+00,5.182273880393577746e-03
5.105000000000115890e+00,4.402764341204014045e+02,6.239086763259192026e+01,1.741097208770346839e-05,0.000000000000000000e+00,5.184290468937660656e-03
5.107500000000116280e+00,4.404323931363318820e+02,6.235889010784482878e+01,1.743197224465295635e-05,0.000000000000000000e+00,5.186306612838637378e-03
5.110000000000116671e+00,4.405882722129624085e+02,6.232692052978875097e+01,1.763092186041706222e-05,0.000000000000000000e+00,5.188322303441910040e-03
5.112500000000117062e+00,4.407440713701535060e+02,6.229495888730427566e+01,1.777473770081407681e-05,0.000000000000000000e+00,5.190337529243280873e-03
5.115000000000117453e+00,4.408997906277377297e+02,6.226300516931240736e+01,1.762159512437072226e-05,0.000000000000000000e+00,5.192352271424606654e-03
5.117500000000117844e+00,4.410554300055200656e+02,6.223105936476392230e+01,1.766146173144993840e-05,0.000000000000000000e+00,5.194366525384382441e-03
5.120000000000118234e+00,4.412109895232778740e+02,6.219912146258963759e+01,1.766658122534380765e-05,0.000000000000000000e+00,5.196380282974877481e-03
5.122500000000118625e+00,4.413664692007607755e+02,6.216719145174285188e+01,1.776309882000587140e-05,0.000000000000000000e+00,5.198393531340491508e-03
5.125000000000119016e+00,4.415218690576908784e+02,6.213526932119288659e+01,1.789650838184049671e-05,0.000000000000000000e+00,5.200406251509093365e-03
5.127500000000119407e+00,4.416771891137626653e+02,6.210335505988256699e+01,1.773206573917370649e-05,0.000000000000000000e+00,5.202418432114374984e-03
5.130000000000119798e+00,4.418324293886429359e+02,6.207144865675572731e+01,1.751059522981129161e-05,0.000000000000000000e+00,5.204430076730161628e-03
5.132500000000120188e+00,4.419875899019709209e+02,6.203955010083635813e+01,1.771844965810810002e-05,0.000000000000000000e+00,5.206441178895031621e-03
5.135000000000120579e+00,4.421426706733583956e+02,6.200765938116854414e+01,1.780201147623160983e-05,0.000000000000000000e+00,5.208451717666703201e-03
5.137500000000120970e+00,4.422976717223897936e+02,6.197577648677246742e+01,1.792407833911207636e-05,0.000000000000000000e+00,5.210461683968946149e-03
5.140000000000121361e+00,4.424525930686220363e+02,6.194390140669644040e+01,1.789182026811892321e-05,0.000000000000000000e+00,5.212471061259664647e-03
5.142500000000121751e+00,4.426074347315847604e+02,6.191203413001490219e+01,1.794625891203570207e-05,0.000000000000000000e+00,5.214479846226732079e-03
5.145000000000122142e+00,4.427621967307802606e+02,6.188017464584277860e+01,1.791422931176973236e-05,0.000000000000000000e+00,5.216488024498589816e-03
5.147500000000122533e+00,4.429168790856836608e+02,6.184832294335508607e+01,1.787326210823883345e-05,0.000000000000000000e+00,5.218495587907453701e-03
5.150000000000122924e+00,4.430714818157430273e+02,6.181647901172733839e+01,1.804384644844721209e-05,0.000000000000000000e+00,5.220502522994466439e-03
5.152500000000123315e+00,4.432260049403793687e+02,6.178464284013421093e+01,1.781016671932364985e-05,0.000000000000000000e+00,5.222508819330407177e-03
5.155000000000123705e+00,4.433804484789866365e+02,6.175281441777668334e+01,1.753959900930053477e-05,0.000000000000000000e+00,5.224514474183590378e-03
5.157500000000124096e+00,4.435348124509318382e+02,6.172099373389429644e+01,1.734788877985426027e-05,0.000000000000000000e+00,5.226519498823685266e-03
5.160000000000124487e+00,4.436890968755550944e+02,6.168918077776964282e+01,1.732678167033290223e-05,0.000000000000000000e+00,5.228523898806477707e-03
5.162500000000124878e+00,4.438433017721696388e+02,6.165737553872473597e+01,1.758271599121157984e-05,0.000000000000000000e+00,5.230527667650773649e-03
5.165000000000125269e+00,4.439974271600622160e+02,6.162557800613222980e+01,1.762727162562761888e-05,0.000000000000000000e+00,5.232530776798864809e-03
5.167500000000125659e+00,4.441514730584929112e+02,6.159378816937316969e+01,1.766761323786007439e-05,0.000000000000000000e+00,5.234533220572311699e-03
5.170000000000126050e+00,4.443054394866952634e+02,6.156200601783435644e+01,1.780241736397237900e-05,0.000000000000000000e+00,5.236534990745195239e-03
5.172500000000126441e+00,4.444593264638763799e+02,6.153023154095636471e+01,1.776577191648167248e-05,0.000000000000000000e+00,5.238536062695907727e-03
5.175000000000126832e+00,4.446131340092168784e+02,6.149846472821116805e+01,1.779415666052703548e-05,0.000000000000000000e+00,5.240536443149860189e-03
5.177500000000127223e+00,4.447668621418711155e+02,6.146670556910358840e+01,1.764876890423297575e-05,0.000000000000000000e+00,5.242536117137465423e-03
5.180000000000127613e+00,4.449205108809673561e+02,6.143495405318779490e+01,1.742461973995649812e-05,0.000000000000000000e+00,5.244535082260346794e-03
5.182500000000128004e+00,4.450740802456075471e+02,6.140321017001451764e+01,1.753073829625512181e-05,0.000000000000000000e+00,5.246533347111196829e-03
5.185000000000128395e+00,4.452275702548676577e+02,6.137147390916211975e+01,1.739168622088365469e-05,0.000000000000000000e+00,5.248530907019990747e-03
5.187500000000128786e+00,4.453809809277976228e+02,6.133974526029369656e+01,1.735637927373802748e-05,0.000000000000000000e+00,5.250527762423922232e-03
5.190000000000129177e+00,4.455343122834215706e+02,6.130802421312835548e+01,1.743829582170268620e-05,0.000000000000000000e+00,5.252523908448581379e-03
5.192500000000129567e+00,4.456875643407378789e+02,6.127631075739379440e+01,1.742601189168978355e-05,0.000000000000000000e+00,5.254519335072885267e-03
5.195000000000129958e+00,4.458407371187193462e+02,6.124460488287922288e+01,1.754634674551696760e-05,0.000000000000000000e+00,5.256514035504315958e-03
5.197500000000130349e+00,4.459938306363132483e+02,6.121290657940174640e+01,1.751984039260182828e-05,0.000000000000000000e+00,5.258508000715278810e-03
5.200000000000130740e+00,4.461468449124413951e+02,6.118121583680405706e+01,1.762848980949487186e-05,0.000000000000000000e+00,5.260501221119071730e-03
5.202500000000131131e+00,4.462997799660002443e+02,6.114953264498075214e+01,1.735626461868420477e-05,0.000000000000000000e+00,5.262493685043332856e-03
5.205000000000131521e+00,4.464526358158610719e+02,6.111785699383828785e+01,1.738113000231225499e-05,0.000000000000000000e+00,5.264485410657391944e-03
5.207500000000131912e+00,4.466054124808698020e+02,6.108618887335382652e+01,1.724833023653353132e-05,0.000000000000000000e+00,5.266476399269003246e-03
5.210000000000132303e+00,4.467581099798474042e+02,6.105452827358436707e+01,1.721424755233810335e-05,0.000000000000000000e+00,5.268466650169588601e-03
5.212500000000132694e+00,4.469107283315901213e+02,6.102287518463895566e+01,1.731202854698539960e-05,0.000000000000000000e+00,5.270456158669940654e-03
5.215000000000133085e+00,4.470632675548693555e+02,6.099122959664192223e+01,1.711903004545553723e-05,0.000000000000000000e+00,5.272444921273286220e-03
5.217500000000133475e+00,4.472157276684319527e+02,6.095959149978329350e+01,1.734509573918411199e-05,0.000000000000000000e+00,5.274432949695066417e-03
5.220000000000133866e+00,4.473681086910001454e+02,6.092796088429875567e+01,1.708320706973994797e-05,0.000000000000000000e+00,5.276420219637521260e-03
5.222500000000134257e+00,4.475204106412718374e+02,6.089633774047923254e+01,1.682508924953938839e-05,0.000000000000000000e+00,5.278406755522757447e-03
5.225000000000134648e+00,4.476726335379207740e+02,6.086472205866166973e+01,1.666062837452156477e-05,0.000000000000000000e+00,5.280392570959554881e-03
5.227500000000135039e+00,4.478247773995964849e+02,6.083311382924801336e+01,1.660865767959834006e-05,0.000000000000000000e+00,5.282377679902046548e-03
5.230000000000135429e+00,4.479768422449245122e+02,6.080151304265092449e+01,1.660882756404954608e-05,0.000000000000000000e+00,5.284362091922445263e-03
5.232500000000135820e+00,4.481288280925064669e+02,6.076991968938089173e+01,1.651905596306963667e-05,0.000000000000000000e+00,5.286345802902650201e-03
5.235000000000136211e+00,4.482807349609203698e+02,6.073833375999610951e+01,1.649516154143942226e-05,0.000000000000000000e+00,5.288328824698877891e-03
5.237500000000136602e+00,4.484325628687205381e+02,6.070675524509022125e+01,1.623124291314176774e-05,0.000000000000000000e+00,5.290311157630003466e-03
5.240000000000136993e+00,4.485843118344378695e+02,6.067518413531968235e+01,1.626482647135976930e-05,0.000000000000000000e+00,5.292292827143245913e-03
5.242500000000137383e+00,4.487359818765798991e+02,6.064362042141064535e+01,1.641655620686863169e-05,0.000000000000000000e+00,5.294273829365283429e-03
5.245000000000137774e+00,4.488875730136310835e+02,6.061206409415963492e+01,1.627070908986731024e-05,0.000000000000000000e+00,5.296254143869424426e-03
5.247500000000138165e+00,4.490390852640528010e+02,6.058051514435277340e+01,1.614673767047690537e-05,0.000000000000000000e+00,5.298233792435564499e-03
5.250000000000138556e+00,4.491905186462835218e+02,6.054897356283031939e+01,1.620762494974379935e-05,0.000000000000000000e+00,5.300212785287210585e-03
5.252500000000138947e+00,4.493418731787387514e+02,6.051743934052049667e+01,1.595541213433190300e-05,0.000000000000000000e+00,5.302191111775384456e-03
5.255000000000139337e+00,4.494931488798113719e+02,6.048591246835403723e+01,1.591224691968669589e-05,0.000000000000000000e+00,5.304168811455743475e-03
5.257500000000139728e+00,4.496443457678716413e+02,6.045439293734997932e+01,1.589560615982261204e-05,0.000000000000000000e+00,5.306145889002629283e-03
5.260000000000140119e+00,4.497954638612673648e+02,6.042288073862695086e+01,1.571036036588805017e-05,0.000000000000000000e+00,5.308122344787794857e-03
5.262500000000140510e+00,4.499465031783242353e+02,6.039137586336178742e+01,1.566293383716289484e-05,0.000000000000000000e+00,5.310098196150045934e-03
5.265000000000140901e+00,4.500974637373459473e+02,6.035987830276184241e+01,1.565422238460755118e-05,0.000000000000000000e+00,5.312073457784011708e-03
5.267500000000141291e+00,4.502483455566141970e+02,6.032838804809485822e+01,1.549589540983396907e-05,0.000000000000000000e+00,5.314048135769532805e-03
5.270000000000141682e+00,4.503991486543888527e+02,6.029690509073890325e+01,1.553438664214727819e-05,0.000000000000000000e+00,5.316022251241577130e-03
5.272500000000142073e+00,4.505498730489082959e+02,6.026542942211082732e+01,1.526011228605756405e-05,0.000000000000000000e+00,5.317995799046141593e-03
5.275000000000142464e+00,4.507005187583895918e+02,6.023396103369660892e+01,1.533793000916809797e-05,0.000000000000000000e+00,5.319968814841864561e-03
5.277500000000142855e+00,4.508510858010284323e+02,6.020249991702997505e+01,1.516496798061255471e-05,0.000000000000000000e+00,5.321941298017741732e-03
5.280000000000143245e+00,4.510015741949993640e+02,6.017104606369013453e+01,1.490254768309439791e-05,0.000000000000000000e+00,5.323913271937155516e-03
5.282500000000143636e+00,4.511519839584559577e+02,6.013959946533937995e+01,1.474933081057730815e-05,0.000000000000000000e+00,5.325884765034280197e-03
5.285000000000144027e+00,4.513023151095309800e+02,6.010816011370866363e+01,1.469479299520314688e-05,0.000000000000000000e+00,5.327855804350216037e-03
5.287500000000144418e+00,4.514525676663365630e+02,6.007672800057392948e+01,1.472444479876920765e-05,0.000000000000000000e+00,5.329826393556330068e-03
5.290000000000144809e+00,4.516027416469642617e+02,6.004530311777712370e+01,1.476973823984098654e-05,0.000000000000000000e+00,5.331796540764248242e-03
5.292500000000145199e+00,4.517528370694853947e+02,6.001388545721209056e+01,1.454123501937732002e-05,0.000000000000000000e+00,5.333766243084887490e-03
5.295000000000145590e+00,4.519028539519509309e+02,5.998247501084581046e+01,1.451067912925618325e-05,0.000000000000000000e+00,5.335735534172420143e-03
5.297500000000145981e+00,4.520527923123918299e+02,5.995107177070818238e+01,1.439434052439328123e-05,0.000000000000000000e+00,5.337704420757428438e-03
5.300000000000146372e+00,4.522026521688190996e+02,5.991967572889885219e+01,1.440914020090293200e-05,0.000000000000000000e+00,5.339672933873320856e-03
5.302500000000146763e+00,4.523524335392241937e+02,5.988828687760134528e+01,1.451504671468868584e-05,0.000000000000000000e+00,5.341641075965239578e-03
5.305000000000147153e+00,4.525021364415789549e+02,5.985690520909564327e+01,1.458590839692817949e-05,0.000000000000000000e+00,5.343608843296810545e-03
5.307500000000147544e+00,4.526517608938360127e+02,5.982553071570966097e+01,1.470390067752568619e-05,0.000000000000000000e+00,5.345576233815966909e-03
5.310000000000147935e+00,4.528013069139288405e+02,5.979416338982877477e+01,1.462916739377692174e-05,0.000000000000000000e+00,5.347543242329461793e-03
5.312500000000148326e+00,4.529507745197718691e+02,5.976280322391192357e+01,1.455358906386662536e-05,0.000000000000000000e+00,5.349509879386993468e-03
5.315000000000148717e+00,4.531001637292607711e+02,5.973145021046754266e+01,1.468229439184347594e-05,0.000000000000000000e+00,5.351476160513914636e-03
5.317500000000149107e+00,4.532494745602724606e+02,5.970010434206525929e+01,1.443416417950646258e-05,0.000000000000000000e+00,5.353442078546371587e-03
5.320000000000149498e+00,4.533987070306653777e+02,5.966876561134519363e+01,1.450267260740648213e-05,0.000000000000000000e+00,5.355407663801515020e-03
5.322500000000149889e+00,4.535478611582796020e+02,5.963743401100661856e+01,1.444422370660953247e-05,0.000000000000000000e+00,5.357372932328532088e-03
5.325000000000150280e+00,4.536969369609369096e+02,5.960610953382842325e+01,1.451688496212801564e-05,0.000000000000000000e+00,5.359337892514283441e-03
5.327500000000150671e+00,4.538459344564411708e+02,5.957479217270324057e+01,1.434693872142008766e-05,0.000000000000000000e+00,5.361302538082091985e-03
5.330000000000151061e+00,4.539948536625785209e+02,5.954348192057319977e+01,1.415130827238307984e-05,0.000000000000000000e+00,5.363266902988855778e-03
5.332500000000151452e+00,4.541436945971174737e+02,5.951217877043223581e+01,1.409440910358467867e-05,0.000000000000000000e+00,5.365231020194446629e-03
5.335000000000151843e+00,4.542924572778090351e+02,5.948088271538460958e+01,1.404348765777115478e-05,0.000000000000000000e+00,5.367194900161349584e-03
5.337500000000152234e+00,4.544411417223869876e+02,5.944959374857845802e+01,1.383394004249944705e-05,0.000000000000000000e+00,5.369158558529222615e-03
5.340000000000152625e+00,4.545897479485681174e+02,5.941831186322831115e+01,1.385938764791380159e-05,0.000000000000000000e+00,5.371122034050728258e-03
5.342500000000153015e+00,4.547382759740522715e+02,5.938703705264477861e+01,1.388669225180129265e-05,0.000000000000000000e+00,5.373085323603984421e-03
5.345000000000153406e+00,4.548867258165225849e+02,5.935576931019888747e+01,1.393123926318877605e-05,0.000000000000000000e+00,5.375048426128205964e-03
5.347500000000153797e+00,4.550350974936456510e+02,5.932450862930916458e+01,1.386464844929967442e-05,0.000000000000000000e+00,5.377011353438935354e-03
5.350000000000154188e+00,4.551833910230715787e+02,5.929325500347864164e+01,1.383725584800916361e-05,0.000000000000000000e+00,5.378974133374355739e-03
5.352500000000154579e+00,4.553316064224344473e+02,5.926200842631846655e+01,1.374414646998058648e-05,0.000000000000000000e+00,5.380936764546699613e-03
5.355000000000154969e+00,4.554797437093523058e+02,5.923076889150740953e+01,1.364896379906900499e-05,0.000000000000000000e+00,5.382899273769259883e-03
5.357500000000155360e+00,4.556278029014274580e+02,5.919953639278435986e+01,1.355342674092495969e-05,0.000000000000000000e+00,5.384861680833483676e-03
5.360000000000155751e+00,4.557757840162466323e+02,5.916831092399854697e+01,1.322705041416509675e-05,0.000000000000000000e+00,5.386824006027494602e-03
5.362500000000156142e+00,4.559236870713811527e+02,5.913709247906557209e+01,1.316830446011978091e-05,0.000000000000000000e+00,5.388786297747255247e-03
5.365000000000156533e+00,4.560715120843872796e+02,5.910588105195053998e+01,1.324104611738892560e-05,0.000000000000000000e+00,5.390748563707940463e-03
5.367500000000156923e+00,4.562192590728060964e+02,5.907467663668851543e+01,1.334845274529885712e-05,0.000000000000000000e+00,5.392710815642278756e-03
5.370000000000157314e+00,4.563669280541639068e+02,5.904347922739628984e+01,1.313189863666019710e-05,0.000000000000000000e+00,5.394673043070234882e-03
5.372500000000157705e+00,4.565145190459722926e+02,5.901228881825279871e+01,1.314709660797731419e-05,0.000000000000000000e+00,5.396635284069827010e-03
5.375000000000158096e+00,4.566620320657283401e+02,5.898110540353109599e+01,1.330308676766499595e-05,0.000000000000000000e+00,5.398597537849633525e-03
5.377500000000158487e+00,4.568094671309149248e+02,5.894992897754956829e+01,1.310246498449687583e-05,0.000000000000000000e+00,5.400559801063765757e-03
5.380000000000158877e+00,4.569568242590006548e+02,5.891875953469495641e+01,1.315085875846993499e-05,0.000000000000000000e+00,5.402522105436468464e-03
5.382500000000159268e+00,4.571041034674402113e+02,5.888759706945933203e+01,1.293871403345586876e-05,0.000000000000000000e+00,5.404484450682662394e-03
5.385000000000159659e+00,4.572513047736745193e+02,5.885644157638771645e+01,1.282055161674979647e-05,0.000000000000000000e+00,5.406446870644906512e-03
5.387500000000160050e+00,4.573984281951309185e+02,5.882529305006973175e+01,1.278650799916494463e-05,0.000000000000000000e+00,5.408409391158340400e-03
5.390000000000160441e+00,4.575454737492232766e+02,5.879415148518224044e+01,1.261128089097759184e-05,0.000000000000000000e+00,5.410372028062267885e-03
5.392500000000160831e+00,4.576924414533521599e+02,5.876301687647941208e+01,1.261854877277785224e-05,0.000000000000000000e+00,5.412334806424617603e-03
5.395000000000161222e+00,4.578393313249050607e+02,5.873188921876911905e+01,1.258445087428415483e-05,0.000000000000000000e+00,5.414297737668382314e-03
5.397500000000161613e+00,4.579861433812565679e+02,5.870076850688850811e+01,1.255994267496534928e-05,0.000000000000000000e+00,5.416260822817367190e-03
5.400000000000162004e+00,4.581328776397683100e+02,5.866965473572219736e+01,1.232611815424832298e-05,0.000000000000000000e+00,5.418224083895703015e-03
5.402500000000162395e+00,4.582795341177891828e+02,5.863854790020931773e+01,1.213264701118338778e-05,0.000000000000000000e+00,5.420187549504451412e-03
5.405000000000162785e+00,4.584261128326555195e+02,5.860744799539575212e+01,1.195777871524574635e-05,0.000000000000000000e+00,5.422151259184890618e-03
5.407500000000163176e+00,4.585726138016912046e+02,5.857635501638751663e+01,1.196503931424689390e-05,0.000000000000000000e+00,5.424115231058069565e-03
5.410000000000163567e+00,4.587190370422080719e+02,5.854526895837960865e+01,1.198597915986165908e-05,0.000000000000000000e+00,5.426079476079786156e-03
5.412500000000163958e+00,4.588653825715058474e+02,5.851418981661639407e+01,1.187462118778161456e-05,0.000000000000000000e+00,5.428044010405566958e-03
5.415000000000164349e+00,4.590116504068724907e+02,5.848311758642339697e+01,1.193264794984901848e-05,0.000000000000000000e+00,5.430008842204537937e-03
5.417500000000164739e+00,4.591578405655843653e+02,5.845205226320523906e+01,1.186354490337359568e-05,0.000000000000000000e+00,5.431973977813242364e-03
5.420000000000165130e+00,4.593039530649062385e+02,5.842099384240952276e+01,1.160777447233487850e-05,0.000000000000000000e+00,5.433939426728334569e-03
5.422500000000165521e+00,4.594499879220916227e+02,5.838994231957303072e+01,1.145921271064641071e-05,0.000000000000000000e+00,5.435905230062998590e-03
5.425000000000165912e+00,4.595959451543829459e+02,5.835889769028111829e+01,1.128430058738707904e-05,0.000000000000000000e+00,5.437871416310672071e-03
5.427500000000166303e+00,4.597418247790115515e+02,5.832785995021664860e+01,1.138646825270033932e-05,0.000000000000000000e+00,5.439838000037919979e-03
5.430000000000166693e+00,4.598876268131980964e+02,5.829682909510711397e+01,1.160621502964240433e-05,0.000000000000000000e+00,5.441804978872232142e-03
5.432500000000167084e+00,4.600333512741524942e+02,5.826580512072780493e+01,1.153631100208598473e-05,0.000000000000000000e+00,5.443772331434872970e-03
5.435000000000167475e+00,4.601789981790742559e+02,5.823478802292009959e+01,1.168523402831145881e-05,0.000000000000000000e+00,5.445740071031394437e-03
5.437500000000167866e+00,4.603245675451524335e+02,5.820377779757889414e+01,1.160075776591457362e-05,0.000000000000000000e+00,5.447708191488620857e-03
5.440000000000168257e+00,4.604700593895659040e+02,5.817277444068665915e+01,1.148450017348838353e-05,0.000000000000000000e+00,5.449676702144663244e-03
5.442500000000168647e+00,4.606154737294835400e+02,5.814177794827038070e+01,1.151395441694313141e-05,0.000000000000000000e+00,5.451645621831963280e-03
5.445000000000169038e+00,4.607608105820642663e+02,5.811078831638668163e+01,1.146948656000250849e-05,0.000000000000000000e+00,5.453614960026859082e-03
5.447500000000169429e+00,4.609060699644571741e+02,5.807980554121422756e+01,1.145517454543091564e-05,0.000000000000000000e+00,5.455584729570165867e-03
5.450000000000169820e+00,4.610512518938019753e+02,5.804882961903311411e+01,1.126546193753218091e-05,0.000000000000000000e+00,5.457554934189515553e-03
5.452500000000170211e+00,4.611963563872290024e+02,5.801786054613179999e+01,1.135156971995032251e-05,0.000000000000000000e+00,5.459525598692555395e-03
5.455000000000170601e+00,4.613413834618593796e+02,5.798689831887038082e+01,1.147999292820414845e-05,0.000000000000000000e+00,5.461496715061157567e-03
5.457500000000170992e+00,4.614863331348051361e+02,5.795594293367085470e+01,1.145549414144736773e-05,0.000000000000000000e+00,5.463468278371262643e-03
5.460000000000171383e+00,4.616312054231694333e+02,5.792499438701954517e+01,1.140383418355935175e-05,0.000000000000000000e+00,5.465440296091897757e-03
5.462500000000171774e+00,4.617760003440466221e+02,5.789405267544974976e+01,1.138673838200196879e-05,0.000000000000000000e+00,5.467412776297726242e-03
5.465000000000172165e+00,4.619207179145225268e+02,5.786311779558313617e+01,1.140087974478664011e-05,0.000000000000000000e+00,5.469385730391199997e-03
5.467500000000172555e+00,4.620653581516744453e+02,5.783218974412866942e+01,1.129921861378006295e-05,0.000000000000000000e+00,5.471359162835872682e-03
5.470000000000172946e+00,4.622099210725716034e+02,5.780126851782376463e+01,1.110681328510244432e-05,0.000000000000000000e+00,5.473333084984164168e-03
5.472500000000173337e+00,4.623544066942750419e+02,5.777035411348525429e+01,1.092668082489920915e-05,0.000000000000000000e+00,5.475307521229647555e-03
5.475000000000173728e+00,4.624988150338378432e+02,5.773944652797138133e+01,1.072739700621517721e-05,0.000000000000000000e+00,5.477282503939788320e-03
5.477500000000174118e+00,4.626431461083053591e+02,5.770854575821152821e+01,1.096958078897729492e-05,0.000000000000000000e+00,5.479258049301797759e-03
5.480000000000174509e+00,4.627873999347152107e+02,5.767765180119992152e+01,1.103276534835683268e-05,0.000000000000000000e+00,5.481234130756022956e-03
5.482500000000174900e+00,4.629315765300975727e+02,5.764676465398914473e+01,1.099004815057199985e-05,0.000000000000000000e+00,5.483210749676960781e-03
5.485000000000175291e+00,4.630756759114753436e+02,5.761588431366155305e+01,1.089779054091603317e-05,0.000000000000000000e+00,5.485187905610696552e-03
5.487500000000175682e+00,4.632196980958640324e+02,5.758501077733370010e+01,1.077088632883194648e-05,0.000000000000000000e+00,5.487165614462214194e-03
5.490000000000176072e+00,4.633636431002720428e+02,5.755414404216424629e+01,1.069645216678790784e-05,0.000000000000000000e+00,5.489143889740489765e-03
5.492500000000176463e+00,4.635075109417006161e+02,5.752328410535545089e+01,1.066617496724949607e-05,0.000000000000000000e+00,5.491122741112164883e-03
5.495000000000176854e+00,4.636513016371441154e+02,5.749243096417556131e+01,1.059580462387660857e-05,0.000000000000000000e+00,5.493102174233530088e-03
5.497500000000177245e+00,4.637950152035900828e+02,5.746158461594741595e+01,1.076387837662524827e-05,0.000000000000000000e+00,5.495082195967070787e-03
5.500000000000177636e+00,4.639386516580194098e+02,5.743074505803589602e+01,1.072828651744411669e-05,0.000000000000000000e+00,5.497062794065606280e-03
5.502500000000178026e+00,4.640822110174063369e+02,5.739991228784769817e+01,1.084989517572157302e-05,0.000000000000000000e+00,5.499043965222317337e-03
5.505000000000178417e+00,4.642256932987187952e+02,5.736908630285727639e+01,1.085197426154222829e-05,0.000000000000000000e+00,5.501025697103952353e-03
5.507500000000178808e+00,4.643690985189182925e+02,5.733826710053045872e+01,1.094811811340733921e-05,0.000000000000000000e+00,5.503007996983573687e-03
5.510000000000179199e+00,4.645124266949600838e+02,5.730745467839160057e+01,1.071236826496135211e-05,0.000000000000000000e+00,5.504990849956499684e-03
5.512500000000179590e+00,4.646556778437932280e+02,5.727664903399385565e+01,1.061295699216252500e-05,0.000000000000000000e+00,5.506974282254824965e-03
5.515000000000179980e+00,4.647988519823607021e+02,5.724585016494001621e+01,1.067414757225295727e-05,0.000000000000000000e+00,5.508958309562815917e-03
5.517500000000180371e+00,4.649419491275995711e+02,5.721505806890266399e+01,1.046395513317002903e-05,0.000000000000000000e+00,5.510942916484435662e-03
5.520000000000180762e+00,4.650849692964409883e+02,5.718427274357814127e+01,1.056380991962741982e-05,0.000000000000000000e+00,5.512928127046136904e-03
5.522500000000181153e+00,4.652279125058104796e+02,5.715349418667857861e+01,1.059899329300628308e-05,0.000000000000000000e+00,5.514913933947040992e-03
5.525000000000181544e+00,4.653707787726277729e+02,5.712272239596350687e+01,1.052027973445996712e-05,0.000000000000000000e+00,5.516900327369811743e-03
5.527500000000181934e+00,4.655135681138071391e+02,5.709195736923157938e+01,1.056644602868715279e-05,0.000000000000000000e+00,5.518887314206465632e-03
5.530000000000182325e+00,4.656562805462572214e+02,5.706119910429210762e+01,1.073095989614061302e-05,0.000000000000000000e+00,5.520874893478615146e-03
5.532500000000182716e+00,4.657989160868813201e+02,5.703044759898812543e+01,1.075268632113295306e-05,0.000000000000000000e+00,5.522863040995960350e-03
5.535000000000183107e+00,4.659414747525772782e+02,5.699970285119395896e+01,1.066059285729106919e-05,0.000000000000000000e+00,5.524851762229433978e-03
5.537500000000183498e+00,4.660839565602376524e+02,5.696896485881827488e+01,1.075851884392300275e-05,0.000000000000000000e+00,5.526841061636042843e-03
5.540000000000183888e+00,4.662263615267498267e+02,5.693823361985207043e+01,1.068753436716825420e-05,0.000000000000000000e+00,5.528830927460827091e-03
5.542500000000184279e+00,4.663686896689961827e+02,5.690750913226426633e+01,1.068116141912574482e-05,0.000000000000000000e+00,5.530821362693380538e-03
5.545000000000184670e+00,4.665109410038540432e+02,5.687679139403852702e+01,1.053678547217770443e-05,0.000000000000000000e+00,5.532812361464348704e-03
5.547500000000185061e+00,4.666531155481956148e+02,5.684608040316400235e+01,1.044418419611637443e-05,0.000000000000000000e+00,5.534803939271479636e-03
5.550000000000185452e+00,4.667952133188882158e+02,5.681537615764345617e+01,1.034238843152076044e-05,0.000000000000000000e+00,5.536796097795581607e-03
5.552500000000185842e+00,4.669372343327940484e+02,5.678467865552421756e+01,1.022653333095588752e-05,0.000000000000000000e+00,5.538788847108519833e-03
5.555000000000186233e+00,4.670791786067705402e+02,5.675398789485859652e+01,1.019897110646941645e-05,0.000000000000000000e+00,5.540782196894719451e-03
5.557500000000186624e+00,4.672210461576701732e+02,5.672330387376830174e+01,1.026655374975828161e-05,0.000000000000000000e+00,5.542776147864699778e-03
5.560000000000187015e+00,4.673628370023408820e+02,5.669262659038844987e+01,1.016505217758411386e-05,0.000000000000000000e+00,5.544770687946454224e-03
5.562500000000187406e+00,4.675045511576258832e+02,5.666195604284183673e+01,1.025927414853800907e-05,0.000000000000000000e+00,5.546765821073005968e-03
5.565000000000187796e+00,4.676461886403636754e+02,5.663129222928581186e+01,1.027789296208147184e-05,0.000000000000000000e+00,5.548761539073218500e-03
5.567500000000188187e+00,4.677877494673881529e+02,5.660063514789234063e+01,1.047666584645226899e-05,0.000000000000000000e+00,5.550757835992218073e-03
5.570000000000188578e+00,4.679292336555287193e+02,5.656998479685022829e+01,1.050724090036257128e-05,0.000000000000000000e+00,5.552754685655587885e-03
5.572500000000188969e+00,4.680706412216102876e+02,5.653934117434582163e+01,1.061376591093144839e-05,0.000000000000000000e+00,5.554752088828258591e-03
5.575000000000189360e+00,4.682119721824531098e+02,5.650870427858051670e+01,1.056158766937066487e-05,0.000000000000000000e+00,5.556750031164130361e-03
5.577500000000189750e+00,4.683532265548730038e+02,5.647807410777046044e+01,1.057304395660640616e-05,0.000000000000000000e+00,5.558748514652287441e-03
5.580000000000190141e+00,4.684944043556813540e+02,5.644745066011643075e+01,1.070456307457878064e-05,0.000000000000000000e+00,5.560747529899626347e-03
5.582500000000190532e+00,4.686355056016849971e+02,5.641683393385313394e+01,1.077145147458913266e-05,0.000000000000000000e+00,5.562747063784805393e-03
5.585000000000190923e+00,4.687765303096864500e+02,5.638622392719816645e+01,1.085424196680001517e-05,0.000000000000000000e+00,5.564747109095608511e-03
5.587500000000191314e+00,4.689174784964837386e+02,5.635562063838568747e+01,1.097818906502647636e-05,0.000000000000000000e+00,5.566747650529751089e-03
5.590000000000191704e+00,4.690583501788703984e+02,5.632502406564164943e+01,1.086955014903545212e-05,0.000000000000000000e+00,5.568748680334899628e-03
5.592500000000192095e+00,4.691991453736356448e+02,5.629443420719450586e+01,1.087172809653393557e-05,0.000000000000000000e+00,5.570750207064099555e-03
5.595000000000192486e+00,4.693398640975642024e+02,5.626385106131741054e+01,1.068354582102728755e-05,0.000000000000000000e+00,5.572752223395506348e-03
5.597500000000192877e+00,4.694805063674365329e+02,5.623327462631262819e+01,1.067760123295591593e-05,0.000000000000000000e+00,5.574754735925144082e-03
5.600000000000193268e+00,4.696210722000288342e+02,5.620270490043475320e+01,1.084066945682214075e-05,0.000000000000000000e+00,5.576757742270399554e-03
5.602500000000193658e+00,4.697615616121128710e+02,5.617214188192181723e+01,1.076443671004545622e-05,0.000000000000000000e+00,5.578761226677430955e-03
5.605000000000194049e+00,4.699019746204561443e+02,5.614158556902265929e+01,1.074400274962691924e-05,0.000000000000000000e+00,5.580765187497399235e-03
5.607500000000194440e+00,4.700423112418216078e+02,5.611103595995643190e+01,1.094418968031179030e-05,0.000000000000000000e+00,5.582769623887302510e-03
5.610000000000194831e+00,4.701825714929678952e+02,5.608049305297169695e+01,1.080073131798234792e-05,0.000000000000000000e+00,5.584774518267054955e-03
5.612500000000195222e+00,4.703227553906492062e+02,5.604995684631343522e+01,1.075696572885725819e-05,0.000000000000000000e+00,5.586779873157294782e-03
5.615000000000195612e+00,4.704628629516153069e+02,5.601942733820289533e+01,1.074553823194315187e-05,0.000000000000000000e+00,5.588785689653158126e-03
5.617500000000196003e+00,4.706028941926115863e+02,5.598890452684742058e+01,1.092348623388646914e-05,0.000000000000000000e+00,5.590791962308914315e-03
5.620000000000196394e+00,4.707428491303788860e+02,5.595838841045103607e+01,1.098495207448325714e-05,0.000000000000000000e+00,5.592798675585327652e-03
5.622500000000196785e+00,4.708827277816536139e+02,5.592787898720511208e+01,1.100189212256487322e-05,0.000000000000000000e+00,5.594805822121692342e-03
5.625000000000197176e+00,4.710225301631675734e+02,5.589737625531077470e+01,1.096706427485156139e-05,0.000000000000000000e+00,5.596813394240944539e-03
5.627500000000197566e+00,4.711622562916481343e+02,5.586688021294668971e+01,1.085631627807259380e-05,0.000000000000000000e+00,5.598821391076509203e-03
5.630000000000197957e+00,4.713019061838180619e+02,5.583639085827150694e+01,1.111120871490823497e-05,0.000000000000000000e+00,5.600829812217845809e-03
5.632500000000198348e+00,4.714414798563955173e+02,5.580590818943479547e+01,1.112275975175381173e-05,0.000000000000000000e+00,5.602838637721182895e-03
5.635000000000198739e+00,4.715809773260941142e+02,5.577543220456162487e+01,1.113827332574679195e-05,0.000000000000000000e+00,5.604847868599048197e-03
5.637500000000199130e+00,4.717203986096226345e+02,5.574496290177479807e+01,1.113441440530085014e-05,0.000000000000000000e+00,5.606857496155203541e-03
5.640000000000199520e+00,4.718597437236852556e+02,5.571450027922220016e+01,1.122334439890129143e-05,0.000000000000000000e+00,5.608867514659145181e-03
5.642500000000199911e+00,4.719990126849814374e+02,5.568404433501459039e+01,1.125517956792733033e-05,0.000000000000000000e+00,5.610877914475282183e-03
5.645000000000200302e+00,4.721382055102059780e+02,5.565359506720178473e+01,1.133268483181440150e-05,0.000000000000000000e+00,5.612888687380192601e-03
5.647500000000200693e+00,4.722773222160487876e+02,5.562315247383205730e+01,1.116305849972976740e-05,0.000000000000000000e+00,5.614899823695417014e-03
5.650000000000201084e+00,4.724163628191948305e+02,5.559271655289354896e+01,1.105280778260854398e-05,0.000000000000000000e+00,5.616911332429353615e-03
5.652500000000201474e+00,4.725553273363240123e+02,5.556228730238860436e+01,1.092139118572120181e-05,0.000000000000000000e+00,5.618923209145717731e-03
5.655000000000201865e+00,4.726942157841113499e+02,5.553186472030289167e+01,1.097574371728273778e-05,0.000000000000000000e+00,5.620935457132486025e-03
5.657500000000202256e+00,4.728330281792266305e+02,5.550144880456435459e+01,1.101402473748854168e-05,0.000000000000000000e+00,5.622948069814342684e-03
5.660000000000202647e+00,4.729717645383345825e+02,5.547103955309546564e+01,1.099321305581230086e-05,0.000000000000000000e+00,5.624961036120848870e-03
5.662500000000203038e+00,4.731104248780947046e+02,5.544063696379838291e+01,1.092939844963918684e-05,0.000000000000000000e+00,5.626974354589812238e-03
5.665000000000203428e+00,4.732490092151612089e+02,5.541024103451874083e+01,1.097819670837086375e-05,0.000000000000000000e+00,5.628988026168162823e-03
5.667500000000203819e+00,4.733875175661829076e+02,5.537985176309936008e+01,1.095915223009291927e-05,0.000000000000000000e+00,5.631002044376656399e-03
5.670000000000204210e+00,4.735259499478032126e+02,5.534946914737636803e+01,1.106502926109922323e-05,0.000000000000000000e+00,5.633016400514412672e-03
5.672500000000204601e+00,4.736643063766601358e+02,5.531909318515609186e+01,1.098080100059744049e-05,0.000000000000000000e+00,5.635031083439445004e-03
5.675000000000204992e+00,4.738025868693861753e+02,5.528872387419838219e+01,1.081020995285863133e-05,0.000000000000000000e+00,5.637046093486840388e-03
5.677500000000205382e+00,4.739407914426082016e+02,5.525836121220646646e+01,1.075132493121833778e-05,0.000000000000000000e+00,5.639061436191886330e-03
5.680000000000205773e+00,4.740789201129473440e+02,5.522800519688120602e+01,1.096724774601391843e-05,0.000000000000000000e+00,5.641077105428477997e-03
5.682500000000206164e+00,4.742169728970188771e+02,5.519765582588949115e+01,1.090305948184012003e-05,0.000000000000000000e+00,5.643093088571773247e-03
5.685000000000206555e+00,4.743549498114323342e+02,5.516731309686725382e+01,1.101658115072959789e-05,0.000000000000000000e+00,5.645109380484084928e-03
5.687500000000206946e+00,4.744928508727913368e+02,5.513697700740137719e+01,1.116929641307184147e-05,0.000000000000000000e+00,5.647125971005550506e-03
5.690000000000207336e+00,4.746306760976933106e+02,5.510664755504218704e+01,1.123213256926915603e-05,0.000000000000000000e+00,5.649142849001338208e-03
5.692500000000207727e+00,4.747684255027296558e+02,5.507632473732780198e+01,1.139649788391057494e-05,0.000000000000000000e+00,5.651160006838741069e-03
5.695000000000208118e+00,4.749060991044855768e+02,5.504600855174571450e+01,1.149032997733602699e-05,0.000000000000000000e+00,5.653177432899009723e-03
5.697500000000208509e+00,4.750436969195399115e+02,5.501569899572888289e+01,1.135023617453070036e-05,0.000000000000000000e+00,5.655195114559516401e-03
5.700000000000208900e+00,4.751812189644651312e+02,5.498539606667951318e+01,1.131778112419656841e-05,0.000000000000000000e+00,5.657213055789507908e-03
5.702500000000209290e+00,4.753186652558272272e+02,5.495509976194973234e+01,1.150094064327679133e-05,0.000000000000000000e+00,5.659231249888171597e-03
5.705000000000209681e+00,4.754560358101854263e+02,5.492481007885733391e+01,1.151369873864446063e-05,0.000000000000000000e+00,5.661249690037920175e-03
5.707500000000210072e+00,4.755933306440922479e+02,5.489452701469124207e+01,1.130824193997983774e-05,0.000000000000000000e+00,5.663268370550984809e-03
5.710000000000210463e+00,4.757305497740935039e+02,5.486425056672852918e+01,1.136840563134432997e-05,0.000000000000000000e+00,5.665287294047871743e-03
5.712500000000210854e+00,4.758676932167281279e+02,5.483398073219661484e+01,1.162419356832811175e-05,0.000000000000000000e+00,5.667306452294450583e-03
5.715000000000211244e+00,4.760047609885281759e+02,5.480371750829359456e+01,1.165749531277465199e-05,0.000000000000000000e+00,5.669325830816089769e-03
5.717500000000211635e+00,4.761417531060185411e+02,5.477346089214722014e+01,1.174079832103211318e-05,0.000000000000000000e+00,5.671345424026914654e-03
5.720000000000212026e+00,4.762786695857169548e+02,5.474321088085174836e+01,1.177554900918782571e-05,0.000000000000000000e+00,5.673365225326547877e-03
5.722500000000212417e+00,4.764155104441339290e+02,5.471296747144882033e+01,1.173240442599116234e-05,0.000000000000000000e+00,5.675385230901342122e-03
5.725000000000212808e+00,4.765522756977724725e+02,5.468273066094167945e+01,1.180433509935349581e-05,0.000000000000000000e+00,5.677405436225896503e-03
5.727500000000213198e+00,4.766889653631281476e+02,5.465250044631445547e+01,1.204624393820861818e-05,0.000000000000000000e+00,5.679425836423470514e-03
5.730000000000213589e+00,4.768255794566888994e+02,5.462227682450046018e+01,1.193302668111512749e-05,0.000000000000000000e+00,5.681446416272209129e-03
5.732500000000213980e+00,4.769621179949349994e+02,5.459205979238900852e+01,1.208663945579977455e-05,0.000000000000000000e+00,5.683467179051710297e-03
5.735000000000214371e+00,4.770985809943389313e+02,5.456184934683495413e+01,1.236639744820546049e-05,0.000000000000000000e+00,5.685488111419292022e-03
5.737500000000214762e+00,4.772349684713652778e+02,5.453164548464701511e+01,1.235448434827355227e-05,0.000000000000000000e+00,5.687509202147482228e-03
5.740000000000215152e+00,4.773712804424706064e+02,5.450144820254041633e+01,1.239497724079761910e-05,0.000000000000000000e+00,5.689530451251960212e-03
5.742500000000215543e+00,4.775075169241032995e+02,5.447125749724241217e+01,1.235521385617793215e-05,0.000000000000000000e+00,5.691551852457913709e-03
5.745000000000215934e+00,4.776436779327034401e+02,5.444107336543554965e+01,1.223253000098219629e-05,0.000000000000000000e+00,5.693573404804612957e-03
5.747500000000216325e+00,4.777797634847029258e+02,5.441089580375182777e+01,1.234459801265327112e-05,0.000000000000000000e+00,5.695595107641851507e-03
5.750000000000216716e+00,4.779157735965250708e+02,5.438072480880767046e+01,1.254034277903268053e-05,0.000000000000000000e+00,5.697616955684776073e-03
5.752500000000217106e+00,4.780517082845848336e+02,5.435056037714849708e+01,1.257978604794250132e-05,0.000000000000000000e+00,5.699638937550565755e-03
5.755000000000217497e+00,4.781875675652884752e+02,5.432040250526677738e+01,1.254288868377063347e-05,0.000000000000000000e+00,5.701661047352775576e-03
5.757500000000217888e+00,4.783233514550333894e+02,5.429025118960108642e+01,1.267402727417208634e-05,0.000000000000000000e+00,5.703683285589665822e-03
5.760000000000218279e+00,4.784590599702080453e+02,5.426010642653841387e+01,1.275183136624152562e-05,0.000000000000000000e+00,5.705705645327323848e-03
5.762500000000218670e+00,4.785946931271919311e+02,5.422996821246125876e+01,1.285413963976919718e-05,0.000000000000000000e+00,5.707728120800855884e-03
5.765000000000219060e+00,4.787302509423554397e+02,5.419983654368154191e+01,1.292766476109097841e-05,0.000000000000000000e+00,5.709750708233039471e-03
5.767500000000219451e+00,4.788657334320596988e+02,5.416971141646694576e+01,1.313279971172231346e-05,0.000000000000000000e+00,5.711773399892722952e-03
5.770000000000219842e+00,4.790011406126565134e+02,5.413959282704314546e+01,1.306768917294235248e-05,0.000000000000000000e+00,5.713796187332158619e-03
5.772500000000220233e+00,4.791364725004881961e+02,5.410948077156441371e+01,1.295378214168452108e-05,0.000000000000000000e+00,5.715819069826913804e-03
5.775000000000220624e+00,4.792717291118873959e+02,5.407937524612626845e+01,1.299269641916519171e-05,0.000000000000000000e+00,5.717842050381646661e-03
5.777500000000221014e+00,4.794069104631769278e+02,5.404927624679615406e+01,1.303439167027382770e-05,0.000000000000000000e+00,5.719865123664252642e-03
5.780000000000221405e+00,4.795420165706698867e+02,5.401918376961003787e+01,1.289295738095136288e-05,0.000000000000000000e+00,5.721888287897450298e-03
5.782500000000221796e+00,4.796770474506693063e+02,5.398909781054405244e+01,1.304879949107625696e-05,0.000000000000000000e+00,5.723911543710538327e-03
5.785000000000222187e+00,4.798120031194682724e+02,5.395901836554718756e+01,1.302225179464187741e-05,0.000000000000000000e+00,5.725934884470767691e-03
5.787500000000222578e+00,4.799468835933495825e+02,5.392894543052872791e+01,1.295504093254578852e-05,0.000000000000000000e+00,5.727958308163897186e-03
5.790000000000222968e+00,4.800816888885858589e+02,5.389887900134375798e+01,1.308750037782676392e-05,0.000000000000000000e+00,5.729981814222569018e-03
5.792500000000223359e+00,4.802164190214393216e+02,5.386881907377198786e+01,1.302067017978545878e-05,0.000000000000000000e+00,5.732005398546686191e-03
5.795000000000223750e+00,4.803510740081638346e+02,5.383876564535911768e+01,1.293651192353061605e-05,0.000000000000000000e+00,5.734029059556987676e-03
5.797500000000224141e+00,4.804856538650026323e+02,5.380871871002279505e+01,1.284240490500129720e-05,0.000000000000000000e+00,5.736052798406793968e-03
5.800000000000224532e+00,4.806201586081859318e+02,5.377867826345085689e+01,1.289260787785049446e-05,0.000000000000000000e+00,5.738076614971950040e-03
5.802500000000224922e+00,4.807545882539332069e+02,5.374864430130801196e+01,1.283342379388919151e-05,0.000000000000000000e+00,5.740100505310259497e-03
5.805000000000225313e+00,4.808889428184530175e+02,5.371861681918603892e+01,1.287362319149052507e-05,0.000000000000000000e+00,5.742124467719131146e-03
5.807500000000225704e+00,4.810232223179429525e+02,5.368859581262901060e+01,1.296192116231331647e-05,0.000000000000000000e+00,5.744148500904184586e-03
5.810000000000226095e+00,4.811574267685893460e+02,5.365858127715986825e+01,1.304908821380033565e-05,0.000000000000000000e+00,5.746172600404235789e-03
5.812500000000226485e+00,4.812915561865673908e+02,5.362857320827077245e+01,1.323241245839549812e-05,0.000000000000000000e+00,5.748196761306784662e-03
5.815000000000226876e+00,4.814256105880409109e+02,5.359857160138500376e+01,1.324721188879504536e-05,0.000000000000000000e+00,5.750220975184356341e-03
5.817500000000227267e+00,4.815595899891623617e+02,5.356857645184953043e+01,1.326794722964583696e-05,0.000000000000000000e+00,5.752245242907322309e-03
5.820000000000227658e+00,4.816934944060724320e+02,5.353858775498216005e+01,1.349558872973521030e-05,0.000000000000000000e+00,5.754269560026227873e-03
5.822500000000228049e+00,4.818273238549001007e+02,5.350860550607730914e+01,1.343737376939106020e-05,0.000000000000000000e+00,5.756293920076104714e-03
5.825000000000228439e+00,4.819610783517626373e+02,5.347862970037022023e+01,1.358634859205418377e-05,0.000000000000000000e+00,5.758318325526726351e-03
5.827500000000228830e+00,4.820947579127653171e+02,5.344866033307533115e+01,1.358042490927102266e-05,0.000000000000000000e+00,5.760342769327555547e-03
5.830000000000229221e+00,4.822283625540014214e+02,5.341869739938388761e+01,1.357151180178260289e-05,0.000000000000000000e+00,5.762367249515895802e-03
5.832500000000229612e+00,4.823618922915522376e+02,5.338874089443639548e+01,1.361610736434673377e-05,0.000000000000000000e+00,5.764391765401067833e-03
5.835000000000230003e+00,4.824953471414868318e+02,5.335879081331488294e+01,1.361430582155396725e-05,0.000000000000000000e+00,5.766416312499913870e-03
5.837500000000230393e+00,4.826287271198619919e+02,5.332884715104584217e+01,1.369487793676256805e-05,0.000000000000000000e+00,5.768440892543373957e-03
5.840000000000230784e+00,4.827620322427220003e+02,5.329890990262647676e+01,1.375292402177289794e-05,0.000000000000000000e+00,5.770465499354516734e-03
5.842500000000231175e+00,4.828952625260986338e+02,5.326897906303200614e+01,1.358795061471890563e-05,0.000000000000000000e+00,5.772490131007836436e-03
5.845000000000231566e+00,4.830284179860110498e+02,5.323905462715787706e+01,1.358697318546523976e-05,0.000000000000000000e+00,5.774514789139489554e-03
5.847500000000231957e+00,4.831614986384656731e+02,5.320913658987999639e+01,1.373048502135640675e-05,0.000000000000000000e+00,5.776539472356681353e-03
5.850000000000232347e+00,4.832945044994560817e+02,5.317922494603273265e+01,1.378264432027976039e-05,0.000000000000000000e+00,5.778564175872259387e-03
5.852500000000232738e+00,4.834274355849629501e+02,5.314931969042494586e+01,1.404851197834017381e-05,0.000000000000000000e+00,5.780588897279989591e-03
5.855000000000233129e+00,4.835602919109538220e+02,5.311942081782032687e+01,1.438155310719231028e-05,0.000000000000000000e+00,5.782613630113321579e-03
5.857500000000233520e+00,4.836930734933832809e+02,5.308952832296598956e+01,1.441415658844971738e-05,0.000000000000000000e+00,5.784638365404689946e-03
5.860000000000233911e+00,4.838257803481927226e+02,5.305964220054602976e+01,1.461106926329628001e-05,0.000000000000000000e+00,5.786663100896554182e-03
5.862500000000234301e+00,4.839584124913101846e+02,5.302976244519899041e+01,1.463869838457831533e-05,0.000000000000000000e+00,5.788687830780099922e-03
5.865000000000234692e+00,4.840909699386502894e+02,5.299988905152559227e+01,1.464686823937384814e-05,0.000000000000000000e+00,5.790712552574686471e-03
5.867500000000235083e+00,4.842234527061141875e+02,5.297002201409389954e+01,1.473486116275533622e-05,0.000000000000000000e+00,5.792737265533769511e-03
5.870000000000235474e+00,4.843558608095893305e+02,5.294016132746584447e+01,1.482032748854874774e-05,0.000000000000000000e+00,5.794761967189252135e-03
5.872500000000235865e+00,4.844881942649496978e+02,5.291030698619486117e+01,1.481730769627041904e-05,0.000000000000000000e+00,5.796786653626219074e-03
5.875000000000236255e+00,4.846204530880556263e+02,5.288045898480407203e+01,1.497300859902472998e-05,0.000000000000000000e+00,5.798811324150807828e-03
5.877500000000236646e+00,4.847526372947536402e+02,5.285061731778977645e+01,1.497845019330111163e-05,0.000000000000000000e+00,5.800835973298741795e-03
5.880000000000237037e+00,4.848847469008765643e+02,5.282078197960625943e+01,1.495755969620884621e-05,0.000000000000000000e+00,5.802860599413811951e-03
5.882500000000237428e+00,4.850167819222432968e+02,5.279095296466449128e+01,1.493635722729004674e-05,0.000000000000000000e+00,5.804885199871299278e-03
5.885000000000237819e+00,4.851487423746588092e+02,5.276113026735085754e+01,1.500743339498450755e-05,0.000000000000000000e+00,5.806909775040045019e-03
5.887500000000238209e+00,4.852806282739139192e+02,5.273131388200424396e+01,1.513057039841219419e-05,0.000000000000000000e+00,5.808934322236046846e-03
5.890000000000238600e+00,4.854124396357853470e+02,5.270150380295532244e+01,1.523429055776366577e-05,0.000000000000000000e+00,5.810958835166152997e-03
5.892500000000238991e+00,4.855441764760356591e+02,5.267170002450215094e+01,1.534492746585058395e-05,0.000000000000000000e+00,5.812983311316379659e-03
5.895000000000239382e+00,4.856758388104130404e+02,5.264190254088167364e+01,1.525983512149296621e-05,0.000000000000000000e+00,5.815007747227146986e-03
5.897500000000239773e+00,4.858074266546512945e+02,5.261211134631731312e+01,1.531716660598808209e-05,0.000000000000000000e+00,5.817032143132482187e-03
5.900000000000240163e+00,4.859389400244697867e+02,5.258232643501813186e+01,1.518798961714223465e-05,0.000000000000000000e+00,5.819056495168469130e-03
5.902500000000240554e+00,4.860703789355733875e+02,5.255254780115019031e+01,1.528011657766398820e-05,0.000000000000000000e+00,5.821080804375385921e-03
5.905000000000240945e+00,4.862017434036523582e+02,5.252277543886020794e+01,1.532986793570526908e-05,0.000000000000000000e+00,5.823105067543229985e-03
5.907500000000241336e+00,4.863330334443823517e+02,5.249300934225838944e+01,1.534068154064039999e-05,0.000000000000000000e+00,5.825129280660842727e-03
5.910000000000241727e+00,4.864642490734241846e+02,5.246324950541921339e+01,1.551130506372500121e-05,0.000000000000000000e+00,5.827153442232231584e-03
5.912500000000242117e+00,4.865953903064238943e+02,5.243349592238319445e+01,1.532988238070885604e-05,0.000000000000000000e+00,5.829177547101078473e-03
5.915000000000242508e+00,4.867264571590126252e+02,5.240374858717719064e+01,1.538983533366046608e-05,0.000000000000000000e+00,5.831201595925640697e-03
5.917500000000242899e+00,4.868574496468065718e+02,5.237400749377402320e+01,1.544427333984520382e-05,0.000000000000000000e+00,5.833225587472208942e-03
5.920000000000243290e+00,4.869883677854067514e+02,5.234427263612999326e+01,1.548371242718368413e-05,0.000000000000000000e+00,5.835249517049148106e-03
5.922500000000243681e+00,4.871192115903991748e+02,5.231454400818591211e+01,1.563739743968504733e-05,0.000000000000000000e+00,5.837273382239672667e-03
5.925000000000244071e+00,4.872499810773546187e+02,5.228482160384397304e+01,1.578310574336555899e-05,0.000000000000000000e+00,5.839297176830570389e-03
5.927500000000244462e+00,4.873806762618286825e+02,5.225510541700584355e+01,1.598778706934903776e-05,0.000000000000000000e+00,5.841320896312137897e-03
5.930000000000244853e+00,4.875112971593615612e+02,5.222539544155586810e+01,1.608337279899100974e-05,0.000000000000000000e+00,5.843344532610363247e-03
5.932500000000245244e+00,4.876418437854783292e+02,5.219569167133717968e+01,1.601854888500307326e-05,0.000000000000000000e+00,5.845368079777612559e-03
5.935000000000245635e+00,4.877723161556885429e+02,5.216599410014111982e+01,1.612434388224559602e-05,0.000000000000000000e+00,5.847391539630581933e-03
5.937500000000246025e+00,4.879027142854861836e+02,5.213630272175578284e+01,1.630466747721829438e-05,0.000000000000000000e+00,5.849414907245824302e-03
5.940000000000246416e+00,4.880330381903498278e+02,5.210661752996139739e+01,1.638772323539001752e-05,0.000000000000000000e+00,5.851438173575223244e-03
5.942500000000246807e+00,4.881632878857423634e+02,5.207693851851443867e+01,1.632583343241954450e-05,0.000000000000000000e+00,5.853461333368902703e-03
5.945000000000247198e+00,4.882934633871111032e+02,5.204726568112084806e+01,1.622650983616875277e-05,0.000000000000000000e+00,5.855484385349435730e-03
5.947500000000247589e+00,4.884235647098855679e+02,5.201759900982962392e+01,1.637331859372268301e-05,0.000000000000000000e+00,5.857507328331378223e-03
5.950000000000247979e+00,4.885535918694794759e+02,5.198793849991808003e+01,1.629111991750673821e-05,0.000000000000000000e+00,5.859530160421635991e-03
5.952500000000248370e+00,4.886835448812926757e+02,5.195828414505236026e+01,1.619907612111001066e-05,0.000000000000000000e+00,5.861552877929606525e-03
5.955000000000248761e+00,4.888134237607091563e+02,5.192863593890049145e+01,1.642601168970674004e-05,0.000000000000000000e+00,5.863575480562794630e-03
5.957500000000249152e+00,4.889432285230971047e+02,5.189899387508558704e+01,1.643175009375776591e-05,0.000000000000000000e+00,5.865597957758920955e-03
5.960000000000249543e+00,4.890729591838087345e+02,5.186935794720412929e+01,1.644194294415489438e-05,0.000000000000000000e+00,5.867620308942310577e-03
5.962500000000249933e+00,4.892026157581802863e+02,5.183972814882838520e+01,1.644025139527964955e-05,0.000000000000000000e+00,5.869642527345680580e-03
5.965000000000250324e+00,4.893321982615318007e+02,5.181010447351557957e+01,1.651555547963079546e-05,0.000000000000000000e+00,5.871664612691291328e-03
5.967500000000250715e+00,4.894617067091673448e+02,5.178048691480876897e+01,1.665368490098961587e-05,0.000000000000000000e+00,5.873686559104114926e-03
5.970000000000251106e+00,4.895911411163747289e+02,5.175087546625623247e+01,1.659243106051629810e-05,0.000000000000000000e+00,5.875708361197579110e-03
5.972500000000251497e+00,4.897205014984256763e+02,5.172127012139188196e+01,1.652745096103224912e-05,0.000000000000000000e+00,5.877730013492923206e-03
5.975000000000251887e+00,4.898497878705757671e+02,5.169167087371991443e+01,1.671352758674972671e-05,0.000000000000000000e+00,5.879751517082218958e-03
5.977500000000252278e+00,4.899790002480642102e+02,5.166207771672124238e+01,1.678699557591996428e-05,0.000000000000000000e+00,5.881772863729150223e-03
5.980000000000252669e+00,4.901081386461140710e+02,5.163249064387578358e+01,1.683337020030940245e-05,0.000000000000000000e+00,5.883794045999281991e-03
5.982500000000253060e+00,4.902372030799319873e+02,5.160290964864242369e+01,1.692243874641906332e-05,0.000000000000000000e+00,5.885815058707535331e-03
5.985000000000253451e+00,4.903661935647082828e+02,5.157333472446244116e+01,1.689647887671430962e-05,0.000000000000000000e+00,5.887835894390204376e-03
5.987500000000253841e+00,4.904951101156168534e+02,5.154376586475101618e+01,1.681348690200515776e-05,0.000000000000000000e+00,5.889856550208648345e-03
5.990000000000254232e+00,4.906239527478151672e+02,5.151420306291498008e+01,1.674228723383780913e-05,0.000000000000000000e+00,5.891877026048979171e-03
5.992500000000254623e+00,4.907527214764441510e+02,5.148464631234708122e+01,1.672671049233245008e-05,0.000000000000000000e+00,5.893897319423064760e-03
5.995000000000255014e+00,4.908814163166281901e+02,5.145509560642488367e+01,1.686376279628965514e-05,0.000000000000000000e+00,5.895917426303540730e-03
5.997500000000255405e+00,4.910100372834751852e+02,5.142555093850941006e+01,1.682141705455175200e-05,0.000000000000000000e+00,5.897937340636667976e-03
6.000000000000255795e+00,4.911385843920763818e+02,5.139601230196675630e+01,1.682382502013765756e-05,0.000000000000000000e+00,5.899957060945733647e-03
6.002500000000256186e+00,4.912670576575064274e+02,5.136647969017504067e+01,1.680248130552082183e-05,0.000000000000000000e+00,5.901976583600805452e-03
6.005000000000256577e+00,4.913954570948234277e+02,5.133695309649404237e+01,1.666752389214518900e-05,0.000000000000000000e+00,5.903995901216072678e-03
6.007500000000256968e+00,4.915237827190689472e+02,5.130743251425543150e+01,1.689009128598063875e-05,0.000000000000000000e+00,5.906015015847878268e-03
6.010000000000257359e+00,4.916520345452677248e+02,5.127791793675710608e+01,1.712255550173650491e-05,0.000000000000000000e+00,5.908033916078895935e-03
6.012500000000257749e+00,4.917802125884279008e+02,5.124840935730252767e+01,1.723546534314008289e-05,0.000000000000000000e+00,5.910052590725869970e-03
6.015000000000258140e+00,4.919083168635406764e+02,5.121890676920448726e+01,1.725786709120256764e-05,0.000000000000000000e+00,5.912071029535251494e-03
6.017500000000258531e+00,4.920363473855807115e+02,5.118941016576906833e+01,1.734552605790050207e-05,0.000000000000000000e+00,5.914089229244070753e-03
6.020000000000258922e+00,4.921643041695058969e+02,5.115991954029223621e+01,1.743780060241696171e-05,0.000000000000000000e+00,5.916107183315305086e-03
6.022500000000259313e+00,4.922921872302572410e+02,5.113043488607464582e+01,1.740440180786451577e-05,0.000000000000000000e+00,5.918124883295810060e-03
6.025000000000259703e+00,4.924199965827591541e+02,5.110095619641565179e+01,1.754835349457431254e-05,0.000000000000000000e+00,5.920142325620865974e-03
6.027500000000260094e+00,4.925477322419192205e+02,5.107148346459962340e+01,1.755132334678502482e-05,0.000000000000000000e+00,5.922159500404198737e-03
6.030000000000260485e+00,4.926753942226282561e+02,5.104201668392769164e+01,1.748528469446613480e-05,0.000000000000000000e+00,5.924176402646375190e-03
6.032500000000260876e+00,4.928029825397602508e+02,5.101255584768775719e+01,1.752096804604213901e-05,0.000000000000000000e+00,5.926193027707571219e-03
6.035000000000261267e+00,4.929304972081725396e+02,5.098310094914454993e+01,1.774042621997099192e-05,0.000000000000000000e+00,5.928209365821088088e-03
6.037500000000261657e+00,4.930579382427055180e+02,5.095365198153660913e+01,1.772620933184687611e-05,0.000000000000000000e+00,5.930225407417640329e-03
6.040000000000262048e+00,4.931853056581826991e+02,5.092420893809443783e+01,1.781947743869662353e-05,0.000000000000000000e+00,5.932241148960895258e-03
6.042500000000262439e+00,4.933125994694105998e+02,5.089477181207570311e+01,1.791929631611841042e-05,0.000000000000000000e+00,5.934256578337320474e-03
6.045000000000262830e+00,4.934398196911790251e+02,5.086534059673297037e+01,1.781423408165636743e-05,0.000000000000000000e+00,5.936271686396966084e-03
6.047500000000263221e+00,4.935669663382607837e+02,5.083591528530744341e+01,1.789124933102370784e-05,0.000000000000000000e+00,5.938286470741630657e-03
6.050000000000263611e+00,4.936940394254118587e+02,5.080649587101729026e+01,1.792702864851354358e-05,0.000000000000000000e+00,5.940300928836240481e-03
6.052500000000264002e+00,4.938210389673712370e+02,5.077708234709950830e+01,1.788896818583496638e-05,0.000000000000000000e+00,5.942315047170463813e-03
6.055000000000264393e+00,4.939479649788610232e+02,5.074767470680532711e+01,1.789986124059794124e-05,0.000000000000000000e+00,5.944328826284917683e-03
6.057500000000264784e+00,4.940748174745864389e+02,5.071827294336770109e+01,1.796029510417022719e-05,0.000000000000000000e+00,5.946342257725608510e-03
6.060000000000265175e+00,4.942015964692358239e+02,5.068887705002467214e+01,1.798430021157986175e-05,0.000000000000000000e+00,5.948355333566954228e-03
6.062500000000265565e+00,4.943283019774805211e+02,5.065948702001183790e+01,1.800238117523949582e-05,0.000000000000000000e+00,5.950368051326654015e-03
6.065000000000265956e+00,4.944549340139750484e+02,5.063010284657963922e+01,1.808616230631251366e-05,0.000000000000000000e+00,5.952380400400434333e-03
6.067500000000266347e+00,4.945814925933570407e+02,5.060072452296999757e+01,1.808873033046311170e-05,0.000000000000000000e+00,5.954392371756800882e-03
6.070000000000266738e+00,4.947079777302472507e+02,5.057135204242151616e+01,1.801970443448385340e-05,0.000000000000000000e+00,5.956403959579270081e-03
6.072500000000267129e+00,4.948343894392494349e+02,5.054198539816942315e+01,1.810059128335013187e-05,0.000000000000000000e+00,5.958415159419641442e-03
6.075000000000267519e+00,4.949607277349505239e+02,5.051262458344258732e+01,1.821632931162495245e-05,0.000000000000000000e+00,5.960425962219567143e-03
6.077500000000267910e+00,4.950869926319204524e+02,5.048326959146912429e+01,1.835789868723789177e-05,0.000000000000000000e+00,5.962436353234220297e-03
6.080000000000268301e+00,4.952131841447122724e+02,5.045392041545969164e+01,1.838385561964836425e-05,0.000000000000000000e+00,5.964446323088878552e-03
6.082500000000268692e+00,4.953393022878620968e+02,5.042457704862594170e+01,1.841285325433342560e-05,0.000000000000000000e+00,5.966455864473300084e-03
6.085000000000269083e+00,4.954653470758889853e+02,5.039523948420932697e+01,1.845327380883663123e-05,0.000000000000000000e+00,5.968464973885998469e-03
6.087500000000269473e+00,4.955913185232951150e+02,5.036590771546541134e+01,1.859534698530514039e-05,0.000000000000000000e+00,5.970473640838571891e-03
6.090000000000269864e+00,4.957172166445658945e+02,5.033658173566385585e+01,1.867953961452988726e-05,0.000000000000000000e+00,5.972481850910015162e-03
6.092500000000270255e+00,4.958430414541698497e+02,5.030726153806696033e+01,1.865551756071002506e-05,0.000000000000000000e+00,5.974489591764492805e-03
6.095000000000270646e+00,4.959687929665586807e+02,5.027794711594199129e+01,1.856694461869648038e-05,0.000000000000000000e+00,5.976496862592182990e-03
6.097500000000271037e+00,4.960944711961672624e+02,5.024863846256614863e+01,1.852801773100910766e-05,0.000000000000000000e+00,5.978503656750552842e-03
6.100000000000271427e+00,4.962200761574136436e+02,5.021933557122202529e+01,1.853607133157622185e-05,0.000000000000000000e+00,5.980509971213082351e-03
6.102500000000271818e+00,4.963456078646990477e+02,5.019003843518834884e+01,1.851517156506281709e-05,0.000000000000000000e+00,5.982515804251794383e-03
6.105000000000272209e+00,4.964710663324079860e+02,5.016074704775467552e+01,1.851202609004357937e-05,0.000000000000000000e+00,5.984521147529966133e-03
6.107500000000272600e+00,4.965964515749081443e+02,5.013146140222658431e+01,1.870858302963884418e-05,0.000000000000000000e+00,5.986525995355542265e-03
6.110000000000272991e+00,4.967217636065504962e+02,5.010218149189110193e+01,1.866360248882161692e-05,0.000000000000000000e+00,5.988530328837744950e-03
6.112500000000273381e+00,4.968470024416692468e+02,5.007290731005115703e+01,1.868993859071028032e-05,0.000000000000000000e+00,5.990534147102813921e-03
6.115000000000273772e+00,4.969721680945817752e+02,5.004363885001628631e+01,1.869524562522972293e-05,0.000000000000000000e+00,5.992537441796857815e-03
6.117500000000274163e+00,4.970972605795888626e+02,5.001437610510320297e+01,1.860932898951079547e-05,0.000000000000000000e+00,5.994540204308045767e-03
6.120000000000274554e+00,4.972222799109744642e+02,4.998511906864565901e+01,1.886071456269095844e-05,0.000000000000000000e+00,5.996542434013154947e-03
6.122500000000274945e+00,4.973472261030059940e+02,4.995586773398125047e+01,1.901113232234249027e-05,0.000000000000000000e+00,5.998544112179393130e-03
6.125000000000275335e+00,4.974720991699340971e+02,4.992662209445749966e+01,1.897275615046483752e-05,0.000000000000000000e+00,6.000545221629004569e-03
6.127500000000275726e+00,4.975968991259929339e+02,4.989738214343507394e+01,1.892334016098995000e-05,0.000000000000000000e+00,6.002545757616388651e-03
6.130000000000276117e+00,4.977216259853999532e+02,4.986814787428304641e+01,1.897505137952673225e-05,0.000000000000000000e+00,6.004545720401878797e-03
6.132500000000276508e+00,4.978462797623560618e+02,4.983891928038482888e+01,1.902593232424115724e-05,0.000000000000000000e+00,6.006545096929783931e-03
6.135000000000276899e+00,4.979708604710456825e+02,4.980969635511797122e+01,1.890155306582503455e-05,0.000000000000000000e+00,6.008543879164958586e-03
6.137500000000277289e+00,4.980953681256366394e+02,4.978047909187554154e+01,1.871824255436938068e-05,0.000000000000000000e+00,6.010542064588726523e-03
6.140000000000277680e+00,4.982198027402802154e+02,4.975126748405304511e+01,1.856090202211116075e-05,0.000000000000000000e+00,6.012539663790284795e-03
6.142500000000278071e+00,4.983441643291112086e+02,4.972206152506534949e+01,1.839622023979689070e-05,0.000000000000000000e+00,6.014536677988385933e-03
6.145000000000278462e+00,4.984684529062479896e+02,4.969286120834012621e+01,1.833639876055362164e-05,0.000000000000000000e+00,6.016533112051340552e-03
6.147500000000278852e+00,4.985926684857925011e+02,4.966366652731201725e+01,1.848618528336042375e-05,0.000000000000000000e+00,6.018528969224724336e-03
6.150000000000279243e+00,4.987168110818302580e+02,4.963447747543354183e+01,1.843645399779251314e-05,0.000000000000000000e+00,6.020524228905614270e-03
6.152500000000279634e+00,4.988408807084304613e+02,4.960529404617276583e+01,1.830505916456693776e-05,0.000000000000000000e+00,6.022518887921411018e-03
6.155000000000280025e+00,4.989648773796458840e+02,4.957611623299730041e+01,1.839228926057360613e-05,0.000000000000000000e+00,6.024512951534731313e-03
6.157500000000280416e+00,4.990888011095130992e+02,4.954694402939932729e+01,1.851023524628820591e-05,0.000000000000000000e+00,6.026506411554183144e-03
6.160000000000280806e+00,4.992126519120523653e+02,4.951777742887153266e+01,1.841546148083215073e-05,0.000000000000000000e+00,6.028499251145223205e-03
6.162500000000281197e+00,4.993364298012676272e+02,4.948861642491338131e+01,1.845139674558421430e-05,0.000000000000000000e+00,6.030491473273583321e-03
6.165000000000281588e+00,4.994601347911466291e+02,4.945946101104714643e+01,1.836776617784911003e-05,0.000000000000000000e+00,6.032483073946994304e-03
6.167500000000281979e+00,4.995837668956609718e+02,4.943031118081103159e+01,1.820967134731507915e-05,0.000000000000000000e+00,6.034474051669517364e-03
6.170000000000282370e+00,4.997073261287660557e+02,4.940116692777056073e+01,1.835615474178428871e-05,0.000000000000000000e+00,6.036464408564248471e-03
6.172500000000282760e+00,4.998308125044011945e+02,4.937202824548972302e+01,1.842247098784797666e-05,0.000000000000000000e+00,6.038454133634814543e-03
6.175000000000283151e+00,4.999542260364896720e+02,4.934289512753723272e+01,1.850157626041033568e-05,0.000000000000000000e+00,6.040443215910788755e-03
6.177500000000283542e+00,5.000775667389389127e+02,4.931376756695375008e+01,1.853661591991945040e-05,0.000000000000000000e+00,6.042431646492360531e-03
6.180000000000283933e+00,5.002008346256362756e+02,4.928464555533576430e+01,1.851649329090314093e-05,0.000000000000000000e+00,6.044419419056638008e-03
6.182500000000284324e+00,5.003240297104508159e+02,4.925552908579388145e+01,1.850278348107820212e-05,0.000000000000000000e+00,6.046406528603900932e-03
6.185000000000284714e+00,5.004471520072341377e+02,4.922641815172134727e+01,1.869204730812169409e-05,0.000000000000000000e+00,6.048392975452000948e-03
6.187500000000285105e+00,5.005702015298213041e+02,4.919731274678752442e+01,1.868823004630792189e-05,0.000000000000000000e+00,6.050378732541058548e-03
6.190000000000285496e+00,5.006931782920316323e+02,4.916821286466811358e+01,1.869930837816879371e-05,0.000000000000000000e+00,6.052363795508703889e-03
6.192500000000285887e+00,5.008160823076685233e+02,4.913911849903767859e+01,1.852312281064555271e-05,0.000000000000000000e+00,6.054348165068712366e-03
6.195000000000286278e+00,5.009389135905196326e+02,4.911002964361406953e+01,1.852638935459656987e-05,0.000000000000000000e+00,6.056331850920976777e-03
6.197500000000286668e+00,5.010616721543569270e+02,4.908094629214119209e+01,1.859373436543761067e-05,0.000000000000000000e+00,6.058314848751063762e-03
6.200000000000287059e+00,5.011843580129366842e+02,4.905186843836814603e+01,1.843997068099165451e-05,0.000000000000000000e+00,6.060297148977989747e-03
6.202500000000287450e+00,5.013069711799996639e+02,4.902279607606096334e+01,1.853137538430229230e-05,0.000000000000000000e+00,6.062278756390129288e-03
6.205000000000287841e+00,5.014295116692709939e+02,4.899372919900270062e+01,1.855810784789928600e-05,0.000000000000000000e+00,6.064259657987196642e-03
6.207500000000288232e+00,5.015519794944602836e+02,4.896466780097788529e+01,1.871538961115384501e-05,0.000000000000000000e+00,6.066239850422453124e-03
6.210000000000288622e+00,5.016743746692616241e+02,4.893561187579554428e+01,1.872075456891092880e-05,0.000000000000000000e+00,6.068219321409449099e-03
6.212500000000289013e+00,5.017966972073535885e+02,4.890656141729866135e+01,1.885457879425002869e-05,0.000000000000000000e+00,6.070198064819710103e-03
6.215000000000289404e+00,5.019189471223994019e+02,4.887751641934108449e+01,1.888111412748095171e-05,0.000000000000000000e+00,6.072176063422933014e-03
6.217500000000289795e+00,5.020411244280468850e+02,4.884847687578944431e+01,1.871099623955854930e-05,0.000000000000000000e+00,6.074153311152861827e-03
6.220000000000290186e+00,5.021632291379286244e+02,4.881944278053613573e+01,1.856045366508371180e-05,0.000000000000000000e+00,6.076129818365602273e-03
6.222500000000290576e+00,5.022852612656619158e+02,4.879041412748330231e+01,1.852093268036950622e-05,0.000000000000000000e+00,6.078105594426189140e-03
6.225000000000290967e+00,5.024072208248488209e+02,4.876139091054696451e+01,1.866996262087837095e-05,0.000000000000000000e+00,6.080080642574279236e-03
6.227500000000291358e+00,5.025291078290761675e+02,4.873237312367847096e+01,1.881819295399273431e-05,0.000000000000000000e+00,6.082054945441855813e-03
6.230000000000291749e+00,5.026509222919156628e+02,4.870336076084503674e+01,1.883573776966940763e-05,0.000000000000000000e+00,6.084028491194290976e-03
6.232500000000292140e+00,5.027726642269240642e+02,4.867435381605331202e+01,1.879408470033485686e-05,0.000000000000000000e+00,6.086001268613379540e-03
6.235000000000292530e+00,5.028943336476430090e+02,4.864535228331482841e+01,1.884116213902069313e-05,0.000000000000000000e+00,6.087973279651917938e-03
6.237500000000292921e+00,5.030159305675992414e+02,4.861635615664665977e+01,1.874273688101595766e-05,0.000000000000000000e+00,6.089944519113913227e-03
6.240000000000293312e+00,5.031374550003045556e+02,4.858736543008420483e+01,1.859206233050528711e-05,0.000000000000000000e+00,6.091914992766847385e-03
6.242500000000293703e+00,5.032589069592558531e+02,4.855838009769327357e+01,1.864362929305838848e-05,0.000000000000000000e+00,6.093884705472363619e-03
6.245000000000294094e+00,5.033802864579352558e+02,4.852940015355351022e+01,1.873794634547497253e-05,0.000000000000000000e+00,6.095853653648154735e-03
6.247500000000294484e+00,5.035015935098099931e+02,4.850042559176981882e+01,1.845910205220931819e-05,0.000000000000000000e+00,6.097821820135738632e-03
6.250000000000294875e+00,5.036228281283325714e+02,4.847145640645526754e+01,1.844499438584497198e-05,0.000000000000000000e+00,6.099789229278129027e-03
6.252500000000295266e+00,5.037439903269408887e+02,4.844249259172988786e+01,1.840297924850249121e-05,0.000000000000000000e+00,6.101755879862921610e-03
6.255000000000295657e+00,5.038650801190580637e+02,4.841353414174848524e+01,1.836764141076103728e-05,0.000000000000000000e+00,6.103721770360442424e-03
6.257500000000296048e+00,5.039860975180926062e+02,4.838458105067348924e+01,1.850074864569531147e-05,0.000000000000000000e+00,6.105686905519938472e-03
6.260000000000296438e+00,5.041070425374385309e+02,4.835563331269251819e+01,1.838242709861816825e-05,0.000000000000000000e+00,6.107651274285933775e-03
6.262500000000296829e+00,5.042279151904753007e+02,4.832669092202582561e+01,1.837219503777429117e-05,0.000000000000000000e+00,6.109614881443661306e-03
6.265000000000297220e+00,5.043487154905678835e+02,4.829775387290992228e+01,1.846075517311435903e-05,0.000000000000000000e+00,6.111577729759298978e-03
6.267500000000297611e+00,5.044694434510669225e+02,4.826882215961560263e+01,1.839459350110159066e-05,0.000000000000000000e+00,6.113539816734766055e-03
6.270000000000298002e+00,5.045900990853087364e+02,4.823989577643746429e+01,1.827436415346920097e-05,0.000000000000000000e+00,6.115501138574828445e-03
6.272500000000298392e+00,5.047106824066153763e+02,4.821097471769198961e+01,1.830397387477190990e-05,0.000000000000000000e+00,6.117461712411970814e-03
6.275000000000298783e+00,5.048311934282946822e+02,4.818205897772020307e+01,1.820459215042617685e-05,0.000000000000000000e+00,6.119421524764748037e-03
6.277500000000299174e+00,5.049516321636404541e+02,4.815314855088325885e+01,1.806136672964689293e-05,0.000000000000000000e+00,6.121380587643142530e-03
6.280000000000299565e+00,5.050719986259322809e+02,4.812424343154593487e+01,1.803235078391186253e-05,0.000000000000000000e+00,6.123338907242882254e-03
6.282500000000299956e+00,5.051922928284357113e+02,4.809534361410320713e+01,1.804904383473041418e-05,0.000000000000000000e+00,6.125296486970803651e-03
6.285000000000300346e+00,5.053125147844023104e+02,4.806644909295071244e+01,1.790838228311401374e-05,0.000000000000000000e+00,6.127253332419859040e-03
6.287500000000300737e+00,5.054326645070696600e+02,4.803755986252393484e+01,1.774212082831603190e-05,0.000000000000000000e+00,6.129209454085795920e-03
6.290000000000301128e+00,5.055527420096614151e+02,4.800867591729525685e+01,1.774359586224436505e-05,0.000000000000000000e+00,6.131164865818575400e-03
6.292500000000301519e+00,5.056727473053874178e+02,4.797979725174975130e+01,1.758015641591189091e-05,0.000000000000000000e+00,6.133119572882194184e-03
6.295000000000301910e+00,5.057926804074438110e+02,4.795092386039949872e+01,1.750544165394934981e-05,0.000000000000000000e+00,6.135073590609128880e-03
6.297500000000302300e+00,5.059125413290129245e+02,4.792205573780384498e+01,1.734998163682218502e-05,0.000000000000000000e+00,6.137026919112266617e-03
6.300000000000302691e+00,5.060323300832636164e+02,4.789319287853139429e+01,1.721752227335431612e-05,0.000000000000000000e+00,6.138979575227016330e-03
6.302500000000303082e+00,5.061520466833511023e+02,4.786433527715593073e+01,1.698238531774173089e-05,0.000000000000000000e+00,6.140931576732103561e-03
6.305000000000303473e+00,5.062716911424170121e+02,4.783548292827999404e+01,1.677695261787263284e-05,0.000000000000000000e+00,6.142882949053989593e-03
6.307500000000303864e+00,5.063912634735895608e+02,4.780663582654353405e+01,1.668108462931426985e-05,0.000000000000000000e+00,6.144833708711526683e-03
6.310000000000304254e+00,5.065107636899836052e+02,4.777779396661119193e+01,1.642592025650867752e-05,0.000000000000000000e+00,6.146783865438070447e-03
6.312500000000304645e+00,5.066301918047005870e+02,4.774895734314890205e+01,1.637959135666353791e-05,0.000000000000000000e+00,6.148733444678079058e-03
6.315000000000305036e+00,5.067495478308287034e+02,4.772012595084833464e+01,1.638865139475922101e-05,0.000000000000000000e+00,6.150682459509142740e-03
6.317500000000305427e+00,5.068688317814427933e+02,4.769129978442939688e+01,1.645772076057366314e-05,0.000000000000000000e+00,6.152630910253125557e-03
6.320000000000305818e+00,5.069880436696046218e+02,4.766247883865118951e+01,1.653199818342775433e-05,0.000000000000000000e+00,6.154578792635808510e-03
6.322500000000306208e+00,5.071071835083628230e+02,4.763366310829327688e+01,1.645911828106809915e-05,0.000000000000000000e+00,6.156526102054634547e-03
6.325000000000306599e+00,5.072262513107530140e+02,4.760485258816464693e+01,1.652163133427355933e-05,0.000000000000000000e+00,6.158472841070281902e-03
6.327500000000306990e+00,5.073452470897977946e+02,4.757604727308585524e+01,1.648128829941879265e-05,0.000000000000000000e+00,6.160419014840694957e-03
6.330000000000307381e+00,5.074641708585068614e+02,4.754724715790990075e+01,1.644081366337644718e-05,0.000000000000000000e+00,6.162364623876675183e-03
6.332500000000307772e+00,5.075830226298770640e+02,4.751845223751440983e+01,1.633925773189259789e-05,0.000000000000000000e+00,6.164309670328868562e-03
6.335000000000308162e+00,5.077018024168924626e+02,4.748966250678255108e+01,1.632303725777665656e-05,0.000000000000000000e+00,6.166254177265678184e-03
6.337500000000308553e+00,5.078205102325243274e+02,4.746087796063547160e+01,1.617106194762002916e-05,0.000000000000000000e+00,6.168198138880548291e-03
6.340000000000308944e+00,5.079391460897311958e+02,4.743209859402174544e+01,1.610892340187131285e-05,0.000000000000000000e+00,6.170141581695739834e-03
6.342500000000309335e+00,5.080577100014590997e+02,4.740332440191411223e+01,1.604348281119043356e-05,0.000000000000000000e+00,6.172084512382787665e-03
6.345000000000309726e+00,5.081762019806414514e+02,4.737455537931425198e+01,1.596759480985779909e-05,0.000000000000000000e+00,6.174026944863801776e-03
6.347500000000310116e+00,5.082946220401991582e+02,4.734579152125117929e+01,1.600506779220251915e-05,0.000000000000000000e+00,6.175968881947291669e-03
6.350000000000310507e+00,5.084129701930407919e+02,4.731703282277746325e+01,1.591538720428600816e-05,0.000000000000000000e+00,6.177910321042536304e-03
6.352500000000310898e+00,5.085312464520625326e+02,4.728827927894539584e+01,1.583747810682446330e-05,0.000000000000000000e+00,6.179851279048632386e-03
6.355000000000311289e+00,5.086494508301481687e+02,4.725953088483325359e+01,1.574235609153947730e-05,0.000000000000000000e+00,6.181791768400228711e-03
6.357500000000311680e+00,5.087675833401692103e+02,4.723078763556084425e+01,1.578347821165798070e-05,0.000000000000000000e+00,6.183731802451854567e-03
6.360000000000312070e+00,5.088856439949850028e+02,4.720204952628445483e+01,1.574700681844896994e-05,0.000000000000000000e+00,6.185671385814406689e-03
6.362500000000312461e+00,5.090036328074427843e+02,4.717331655218318787e+01,1.574290310114292643e-05,0.000000000000000000e+00,6.187610516823334635e-03
6.365000000000312852e+00,5.091215497903777418e+02,4.714458870845860616e+01,1.546664838590289132e-05,0.000000000000000000e+00,6.189549204871785254e-03
6.367500000000313243e+00,5.092393949566131255e+02,4.711586599033035583e+01,1.548448268428683332e-05,0.000000000000000000e+00,6.191487483941736369e-03
6.370000000000313634e+00,5.093571683189602481e+02,4.708714839305419275e+01,1.550087140569333165e-05,0.000000000000000000e+00,6.193425344203654093e-03
6.372500000000314024e+00,5.094748698902185424e+02,4.705843591190253505e+01,1.535557801374469079e-05,0.000000000000000000e+00,6.195362799934009922e-03
6.375000000000314415e+00,5.095924996831756175e+02,4.702972854216685761e+01,1.531918816423504789e-05,0.000000000000000000e+00,6.197299864383002538e-03
6.377500000000314806e+00,5.097100577106073729e+02,4.700102627917293319e+01,1.523251099644068491e-05,0.000000000000000000e+00,6.199236548493060328e-03
6.380000000000315197e+00,5.098275439852779982e+02,4.697232911825634005e+01,1.518015711526929498e-05,0.000000000000000000e+00,6.201172869561185665e-03
6.382500000000315588e+00,5.099449585199400872e+02,4.694363705479263160e+01,1.510672376217270424e-05,0.000000000000000000e+00,6.203108832610756962e-03
6.385000000000315978e+00,5.100623013273346373e+02,4.691495008418732482e+01,1.492134370577202586e-05,0.000000000000000000e+00,6.205044451480450085e-03
6.387500000000316369e+00,5.101795724201911639e+02,4.688626820187106858e+01,1.498276882649726439e-05,0.000000000000000000e+00,6.206979752685070142e-03
6.390000000000316760e+00,5.102967718112278703e+02,4.685759140331076367e+01,1.496239984000513677e-05,0.000000000000000000e+00,6.208914727219744766e-03
6.392500000000317151e+00,5.104138995131515344e+02,4.682891968399061255e+01,1.492699003565207808e-05,0.000000000000000000e+00,6.210849378725069592e-03
6.395000000000317542e+00,5.105309555386577358e+02,4.680025303939259373e+01,1.492906576733372499e-05,0.000000000000000000e+00,6.212783710167109515e-03
6.397500000000317932e+00,5.106479399004306856e+02,4.677159146501766429e+01,1.487256322114130967e-05,0.000000000000000000e+00,6.214717735681371535e-03
6.400000000000318323e+00,5.107648526111433966e+02,4.674293495639784624e+01,1.480970049372425790e-05,0.000000000000000000e+00,6.216651459185906434e-03
6.402500000000318714e+00,5.108816936834577405e+02,4.671428350910842653e+01,1.468464470881755022e-05,0.000000000000000000e+00,6.218584898837372678e-03
6.405000000000319105e+00,5.109984631300245610e+02,4.668563711872255340e+01,1.461529499320583367e-05,0.000000000000000000e+00,6.220518068858517380e-03
6.407500000000319496e+00,5.111151609634835609e+02,4.665699578085168753e+01,1.458405766816289123e-05,0.000000000000000000e+00,6.222450976725061970e-03
6.410000000000319886e+00,5.112317871964635856e+02,4.662835949112931644e+01,1.453528278465737867e-05,0.000000000000000000e+00,6.224383638150197615e-03
6.412500000000320277e+00,5.113483418415825668e+02,4.659972824522003521e+01,1.451596663261744943e-05,0.000000000000000000e+00,6.226316055012596010e-03
6.415000000000320668e+00,5.114648249114475220e+02,4.657110203881318000e+01,1.444800760492908973e-05,0.000000000000000000e+00,6.228248244624083607e-03
6.417500000000321059e+00,5.115812364186547825e+02,4.654248086761797509e+01,1.442349108948542126e-05,0.000000000000000000e+00,6.230180219858704252e-03
6.420000000000321450e+00,5.116975763757899927e+02,4.651386472737904398e+01,1.422357975048306129e-05,0.000000000000000000e+00,6.232111978662792547e-03
6.422500000000321840e+00,5.118138447954281105e+02,4.648525361386004562e+01,1.433247071880853051e-05,0.000000000000000000e+00,6.234043556760919362e-03
6.425000000000322231e+00,5.119300416901335211e+02,4.645664752284481835e+01,1.409863500536622976e-05,0.000000000000000000e+00,6.235974940283511674e-03
6.427500000000322622e+00,5.120461670724600936e+02,4.642804645014604148e+01,1.392052742006889925e-05,0.000000000000000000e+00,6.237906156146722815e-03
6.430000000000323013e+00,5.121622209549512945e+02,4.639945039159158569e+01,1.401490097612926782e-05,0.000000000000000000e+00,6.239837239241984544e-03
6.432500000000323404e+00,5.122782033501400747e+02,4.637085934303577517e+01,1.411603480632433514e-05,0.000000000000000000e+00,6.241768174704297005e-03
6.435000000000323794e+00,5.123941142705491529e+02,4.634227330037285242e+01,1.420860311807479331e-05,0.000000000000000000e+00,6.243698961238800145e-03
6.437500000000324185e+00,5.125099537286909026e+02,4.631369225949745783e+01,1.416838614674955225e-05,0.000000000000000000e+00,6.245629586123186382e-03
6.440000000000324576e+00,5.126257217370674653e+02,4.628511621632875972e+01,1.412659968118128410e-05,0.000000000000000000e+00,6.247560062949248337e-03
6.442500000000324967e+00,5.127414183081707506e+02,4.625654516680613426e+01,1.404232986373609177e-05,0.000000000000000000e+00,6.249490403779637236e-03
6.445000000000325358e+00,5.128570434544826639e+02,4.622797910689772038e+01,1.387300540694388557e-05,0.000000000000000000e+00,6.251420618122222397e-03
6.447500000000325748e+00,5.129725971884748787e+02,4.619941803260782365e+01,1.384360722384480054e-05,0.000000000000000000e+00,6.253350732883028104e-03
6.450000000000326139e+00,5.130880795226092914e+02,4.617086193994727950e+01,1.382876391310029835e-05,0.000000000000000000e+00,6.255280761268314227e-03
6.452500000000326530e+00,5.132034904693375665e+02,4.614231082496664982e+01,1.389364862166442739e-05,0.000000000000000000e+00,6.257210704969675547e-03
6.455000000000326921e+00,5.133188300411018190e+02,4.611376468374536586e+01,1.374086350984983376e-05,0.000000000000000000e+00,6.259140566509124176e-03
6.457500000000327312e+00,5.134340982503341593e+02,4.608522351237349568e+01,1.370973758955749431e-05,0.000000000000000000e+00,6.261070352141249844e-03
6.460000000000327702e+00,5.135492951094570344e+02,4.605668730696253732e+01,1.363374059197399723e-05,0.000000000000000000e+00,6.263000081428992359e-03
6.462500000000328093e+00,5.136644206308830007e+02,4.602815606362836576e+01,1.350462804197787478e-05,0.000000000000000000e+00,6.264929761438432949e-03
6.465000000000328484e+00,5.137794748270151786e+02,4.599962977852443657e+01,1.349499252819620710e-05,0.000000000000000000e+00,6.266859413912747451e-03
6.467500000000328875e+00,5.138944577102470248e+02,4.597110844783738060e+01,1.350425817333491537e-05,0.000000000000000000e+00,6.268789051621582314e-03
6.470000000000329266e+00,5.140093692929623330e+02,4.594259206777911686e+01,1.346477867098167407e-05,0.000000000000000000e+00,6.270718673848822873e-03
6.472500000000329656e+00,5.141242095875355744e+02,4.591408063459078193e+01,1.350654223535516365e-05,0.000000000000000000e+00,6.272648280767187737e-03
6.475000000000330047e+00,5.142389786063317842e+02,4.588557414451148730e+01,1.339873761922435480e-05,0.000000000000000000e+00,6.274577876931851719e-03
6.477500000000330438e+00,5.143536763617065617e+02,4.585707259378595069e+01,1.326384022395352010e-05,0.000000000000000000e+00,6.276507478511928612e-03
6.480000000000330829e+00,5.144683028660061836e+02,4.582857597868948574e+01,1.319826926367987471e-05,0.000000000000000000e+00,6.278437105927880610e-03
6.482500000000331219e+00,5.145828581315677184e+02,4.580008429553470961e+01,1.314880910042710766e-05,0.000000000000000000e+00,6.280366765456814153e-03
6.485000000000331610e+00,5.146973421707187981e+02,4.577159754063812613e+01,1.303109304789991356e-05,0.000000000000000000e+00,6.282296472108361667e-03
6.487500000000332001e+00,5.148117549957780739e+02,4.574311571033914703e+01,1.299421692467338528e-05,0.000000000000000000e+00,6.284226238453332128e-03
6.490000000000332392e+00,5.149260966190549880e+02,4.571463880099267385e+01,1.285207605219312277e-05,0.000000000000000000e+00,6.286156080525119767e-03
6.492500000000332783e+00,5.150403670528497742e+02,4.568616680896370497e+01,1.265183487550213735e-05,0.000000000000000000e+00,6.288086017248415392e-03
6.495000000000333173e+00,5.151545663094536849e+02,4.565769973064927001e+01,1.248510610420287394e-05,0.000000000000000000e+00,6.290016072337102290e-03
6.497500000000333564e+00,5.152686944011489913e+02,4.562923756246968310e+01,1.235622021157501859e-05,0.000000000000000000e+00,6.291946266733500388e-03
6.500000000000333955e+00,5.153827513402090972e+02,4.560078030085887235e+01,1.230126351371815811e-05,0.000000000000000000e+00,6.293876616176950940e-03
6.502500000000334346e+00,5.154967371388983111e+02,4.557232794226479200e+01,1.210599514054588686e-05,0.000000000000000000e+00,6.295807136853770122e-03
6.505000000000334737e+00,5.156106518094721878e+02,4.554388048316972259e+01,1.205742686744618573e-05,0.000000000000000000e+00,6.297737846524069892e-03
6.507500000000335127e+00,5.157244953641774146e+02,4.551543792008138922e+01,1.209707964544199147e-05,0.000000000000000000e+00,6.299668761313381715e-03
6.510000000000335518e+00,5.158382678152521521e+02,4.548700024951623533e+01,1.210843317843362396e-05,0.000000000000000000e+00,6.301599880223617695e-03
6.512500000000335909e+00,5.159519691749255799e+02,4.545856746801808868e+01,1.215054210889692724e-05,0.000000000000000000e+00,6.303531204115815634e-03
6.515000000000336300e+00,5.160655994554185781e+02,4.543013957215234910e+01,1.211824356210223235e-05,0.000000000000000000e+00,6.305462735558274405e-03
6.517500000000336691e+00,5.161791586689431597e+02,4.540171655849840704e+01,1.202205255250862581e-05,0.000000000000000000e+00,6.307394486809307296e-03
6.520000000000337081e+00,5.162926468277030381e+02,4.537329842366751365e+01,1.199308840149923376e-05,0.000000000000000000e+00,6.309326470272404001e-03
6.522500000000337472e+00,5.164060639438932867e+02,4.534488516429058791e+01,1.192791693397599889e-05,0.000000000000000000e+00,6.311258686253522036e-03
6.525000000000337863e+00,5.165194100297005662e+02,4.531647677700481580e+01,1.188369440806888609e-05,0.000000000000000000e+00,6.313191153254519433e-03
6.527500000000338254e+00,5.166326850973033515e+02,4.528807325847754583e+01,1.179749120320829861e-05,0.000000000000000000e+00,6.315123876147219623e-03
6.530000000000338645e+00,5.167458891588714778e+02,4.525967460540160658e+01,1.175513751661906212e-05,0.000000000000000000e+00,6.317056863968214392e-03
6.532500000000339035e+00,5.168590222265668217e+02,4.523128081447281090e+01,1.157866085949080159e-05,0.000000000000000000e+00,6.318990126370924165e-03
6.535000000000339426e+00,5.169720843125428473e+02,4.520289188240109013e+01,1.140439282486872614e-05,0.000000000000000000e+00,6.320923685609654979e-03
6.537500000000339817e+00,5.170850754289448332e+02,4.517450780590721848e+01,1.125444562979378381e-05,0.000000000000000000e+00,6.322857560672408110e-03
6.540000000000340208e+00,5.171979955879098725e+02,4.514612858173954635e+01,1.104800322025452257e-05,0.000000000000000000e+00,6.324791770132016065e-03
6.542500000000340599e+00,5.173108448015669865e+02,4.511775420665748015e+01,1.110534292419967665e-05,0.000000000000000000e+00,6.326726343138122481e-03
6.545000000000340989e+00,5.174236230820370110e+02,4.508938467744673062e+01,1.106530689408482652e-05,0.000000000000000000e+00,6.328661275266913612e-03
6.547500000000341380e+00,5.175363304414328240e+02,4.506101999092272337e+01,1.104378999819039900e-05,0.000000000000000000e+00,6.330596566034547325e-03
6.550000000000341771e+00,5.176489668918593452e+02,4.503266014389800631e+01,1.088634656069459982e-05,0.000000000000000000e+00,6.332532227916643115e-03
6.552500000000342162e+00,5.177615324454134225e+02,4.500430513320040404e+01,1.064153371756645488e-05,0.000000000000000000e+00,6.334468278416136716e-03
6.555000000000342553e+00,5.178740271141841731e+02,4.497595495568228330e+01,1.064455411543953747e-05,0.000000000000000000e+00,6.336404750827908001e-03
6.557500000000342943e+00,5.179864509102527563e+02,4.494760960821020035e+01,1.064883512293018590e-05,0.000000000000000000e+00,6.338341641051992680e-03
6.560000000000343334e+00,5.180988038456924869e+02,4.491926908767535309e+01,1.059411598340861461e-05,0.000000000000000000e+00,6.340278951058800697e-03
6.562500000000343725e+00,5.182110859325689489e+02,4.489093339097072288e+01,1.075437127816613715e-05,0.000000000000000000e+00,6.342216689994017997e-03
6.565000000000344116e+00,5.183232971829399958e+02,4.486260251500378615e+01,1.080385017638321858e-05,0.000000000000000000e+00,6.344154844141408969e-03
6.567500000000344507e+00,5.184354376088556364e+02,4.483427645669848260e+01,1.071430396692420807e-05,0.000000000000000000e+00,6.346093410671110532e-03
6.570000000000344897e+00,5.185475072223583766e+02,4.480595521298813111e+01,1.056888734146734224e-05,0.000000000000000000e+00,6.348032398310044649e-03
6.572500000000345288e+00,5.186595060354828775e+02,4.477763878082855342e+01,1.055110936625946140e-05,0.000000000000000000e+00,6.349971831824974614e-03
6.575000000000345679e+00,5.187714340602564107e+02,4.474932715719514675e+01,1.060060290275544701e-05,0.000000000000000000e+00,6.351911713267410428e-03
6.577500000000346070e+00,5.188832913086984036e+02,4.472102033908739571e+01,1.066352044079690478e-05,0.000000000000000000e+00,6.353852035539049245e-03
6.580000000000346461e+00,5.189950777928211210e+02,4.469271832350975160e+01,1.044584050499826684e-05,0.000000000000000000e+00,6.355792799440761719e-03
6.582500000000346851e+00,5.191067935246292109e+02,4.466442110747028238e+01,1.039796084862421212e-05,0.000000000000000000e+00,6.357734023063056975e-03
6.585000000000347242e+00,5.192184385161197042e+02,4.463612868800537825e+01,1.016619615813353136e-05,0.000000000000000000e+00,6.359675717295138614e-03
6.587500000000347633e+00,5.193300127792824696e+02,4.460784106216177491e+01,1.016604406603275151e-05,0.000000000000000000e+00,6.361617908600750160e-03
6.590000000000348024e+00,5.194415163260997588e+02,4.457955822701153181e+01,1.017014387080425815e-05,0.000000000000000000e+00,6.363560598522423339e-03
6.592500000000348415e+00,5.195529491685467747e+02,4.455128017963062348e+01,1.007136552158887976e-05,0.000000000000000000e+00,6.365503784443999127e-03
6.595000000000348805e+00,5.196643113185912171e+02,4.452300691710732394e+01,9.971287985362426416e-06,0.000000000000000000e+00,6.367447481049693173e-03
6.597500000000349196e+00,5.197756027881936234e+02,4.449473843654789107e+01,9.834713474425943653e-06,0.000000000000000000e+00,6.369391690376201808e-03
6.600000000000349587e+00,5.198868235893072551e+02,4.446647473505144177e+01,9.696260956870987098e-06,0.000000000000000000e+00,6.371336438838622572e-03
6.602500000000349978e+00,5.199979737338780978e+02,4.443821580973204277e+01,9.623237443383474704e-06,0.000000000000000000e+00,6.373281743518191197e-03
6.605000000000350369e+00,5.201090532338449748e+02,4.440996165774943449e+01,9.560917991306556421e-06,0.000000000000000000e+00,6.375227602666065294e-03
6.607500000000350759e+00,5.202200621011395469e+02,4.438171227626534687e+01,9.638058796849469147e-06,0.000000000000000000e+00,6.377174022269178899e-03
6.610000000000351150e+00,5.203310003476865404e+02,4.435346766243166883e+01,9.587381899279933780e-06,0.000000000000000000e+00,6.379121003728902353e-03
6.612500000000351541e+00,5.204418679854034053e+02,4.432522781341581464e+01,9.648674482404030501e-06,0.000000000000000000e+00,6.381068550552466620e-03
6.615000000000351932e+00,5.205526650262006569e+02,4.429699272641276764e+01,9.615107138352521472e-06,0.000000000000000000e+00,6.383016660618357797e-03
6.617500000000352323e+00,5.206633914819816482e+02,4.426876239863376838e+01,9.564653370679440837e-06,0.000000000000000000e+00,6.384965327986459431e-03
6.620000000000352713e+00,5.207740473646430246e+02,4.424053682728538917e+01,9.485773228920770303e-06,0.000000000000000000e+00,6.386914563980177276e-03
6.622500000000353104e+00,5.208846326860741556e+02,4.421231600956353702e+01,9.548404635258072207e-06,0.000000000000000000e+00,6.388864378002141048e-03
6.625000000000353495e+00,5.209951474581574757e+02,4.418409994269721608e+01,9.620733394971071466e-06,0.000000000000000000e+00,6.390814764928796389e-03
6.627500000000353886e+00,5.211055916927685985e+02,4.415588862392729652e+01,9.543576231332094782e-06,0.000000000000000000e+00,6.392765716482234559e-03
6.630000000000354277e+00,5.212159654017762023e+02,4.412768205050091552e+01,9.474919285925659717e-06,0.000000000000000000e+00,6.394717235684036806e-03
6.632500000000354667e+00,5.213262685970421444e+02,4.409948021966100384e+01,9.544585860969031965e-06,0.000000000000000000e+00,6.396669329929892227e-03
6.635000000000355058e+00,5.214365012904212335e+02,4.407128312864790587e+01,9.448816371866949497e-06,0.000000000000000000e+00,6.398621992961458886e-03
6.637500000000355449e+00,5.215466634937614572e+02,4.404309077472296963e+01,9.505760410839401040e-06,0.000000000000000000e+00,6.400575233590226516e-03
6.640000000000355840e+00,5.216567552189040953e+02,4.401490315514904239e+01,9.558571426794895269e-06,0.000000000000000000e+00,6.402529049573489096e-03
6.642500000000356231e+00,5.217667764776833792e+02,4.398672026720663553e+01,9.519160820516429236e-06,0.000000000000000000e+00,6.404483433487241639e-03
6.645000000000356621e+00,5.218767272819269465e+02,4.395854210818209395e+01,9.687255930987291860e-06,0.000000000000000000e+00,6.406438389696665972e-03
6.647500000000357012e+00,5.219866076434553861e+02,4.393036867537131229e+01,9.652429326995019747e-06,0.000000000000000000e+00,6.408393906571425644e-03
6.650000000000357403e+00,5.220964175740828068e+02,4.390219996608766451e+01,9.698142532926097616e-06,0.000000000000000000e+00,6.410349984417300362e-03
6.652500000000357794e+00,5.222061570856164963e+02,4.387403597764500063e+01,9.645334406964930067e-06,0.000000000000000000e+00,6.412306617585190882e-03
6.655000000000358185e+00,5.223158261898570345e+02,4.384587670736213738e+01,9.696349696578853512e-06,0.000000000000000000e+00,6.414263807331476754e-03
6.657500000000358575e+00,5.224254248985982940e+02,4.381772215255054448e+01,9.799973742292521155e-06,0.000000000000000000e+00,6.416221554252934077e-03
6.660000000000358966e+00,5.225349532236274399e+02,4.378957231054415900e+01,9.826084493092654610e-06,0.000000000000000000e+00,6.418179844772942122e-03
6.662500000000359357e+00,5.226444111767250433e+02,4.376142717868388843e+01,9.823072640038858360e-06,0.000000000000000000e+00,6.420138678058321009e-03
6.665000000000359748e+00,5.227537987696648543e+02,4.373328675431163504e+01,9.746998525031671056e-06,0.000000000000000000e+00,6.422098054696509691e-03
6.667500000000360139e+00,5.228631160142141425e+02,4.370515103478597041e+01,9.587852072572523044e-06,0.000000000000000000e+00,6.424057974965062187e-03
6.670000000000360529e+00,5.229723629221334704e+02,4.367702001745964679e+01,9.620553832823207686e-06,0.000000000000000000e+00,6.426018460220596362e-03
6.672500000000360920e+00,5.230815395051768064e+02,4.364889369968960864e+01,9.549568517268257082e-06,0.000000000000000000e+00,6.427979503527078871e-03
6.675000000000361311e+00,5.231906457750916388e+02,4.362077207884729546e+01,9.617427357776992271e-06,0.000000000000000000e+00,6.429941111560067389e-03
6.677500000000361702e+00,5.232996817436187484e+02,4.359265515230040933e+01,9.627934958302577679e-06,0.000000000000000000e+00,6.431903274898178105e-03
6.680000000000362093e+00,5.234086474224924359e+02,4.356454291741116691e+01,9.709058843646846689e-06,0.000000000000000000e+00,6.433865996945647113e-03
6.682500000000362483e+00,5.235175428234402943e+02,4.353643537155876686e+01,9.708216496173081213e-06,0.000000000000000000e+00,6.435829265612839564e-03
6.685000000000362874e+00,5.236263679581834367e+02,4.350833251213679631e+01,9.651499416383341111e-06,0.000000000000000000e+00,6.437793082474236456e-03
6.687500000000363265e+00,5.237351228384363822e+02,4.348023433653660419e+01,9.555170993467843117e-06,0.000000000000000000e+00,6.439757441627867902e-03
6.690000000000363656e+00,5.238438074759072833e+02,4.345214084213792205e+01,9.504041053517179395e-06,0.000000000000000000e+00,6.441722361974384914e-03
6.692500000000364047e+00,5.239524218822976991e+02,4.342405202632271255e+01,9.576093537618686683e-06,0.000000000000000000e+00,6.443687843725566869e-03
6.695000000000364437e+00,5.240609660693024807e+02,4.339596788648934478e+01,9.521314743100456007e-06,0.000000000000000000e+00,6.445653878958179650e-03
6.697500000000364828e+00,5.241694400486102268e+02,4.336788842003674205e+01,9.593439010740220581e-06,0.000000000000000000e+00,6.447620470846582470e-03
6.700000000000365219e+00,5.242778438319028282e+02,4.333981362435898887e+01,9.520252850457809444e-06,0.000000000000000000e+00,6.449587608512753756e-03
6.702500000000365610e+00,5.243861774308558097e+02,4.331174349685506542e+01,9.443401323701007761e-06,0.000000000000000000e+00,6.451555299987936712e-03
6.705000000000366001e+00,5.244944408571381018e+02,4.328367803491163102e+01,9.659725735361995513e-06,0.000000000000000000e+00,6.453523548768994728e-03
6.707500000000366391e+00,5.246026341224120415e+02,4.325561723592768715e+01,9.643579314505048913e-06,0.000000000000000000e+00,6.455492337215927232e-03
6.710000000000366782e+00,5.247107572383335992e+02,4.322756109729692042e+01,9.630064891725201805e-06,0.000000000000000000e+00,6.457461665163453240e-03
6.712500000000367173e+00,5.248188102165522650e+02,4.319950961642279452e+01,9.499614703315950213e-06,0.000000000000000000e+00,6.459431530272871473e-03
6.715000000000367564e+00,5.249267930687108219e+02,4.317146279070855996e+01,9.510903181617584709e-06,0.000000000000000000e+00,6.461401944874919923e-03
6.717500000000367955e+00,5.250347058064457997e+02,4.314342061755630198e+01,9.595023465293351573e-06,0.000000000000000000e+00,6.463372901126035984e-03
6.720000000000368345e+00,5.251425484413871345e+02,4.311538309436259908e+01,9.676312503799864372e-06,0.000000000000000000e+00,6.465344394940353463e-03
6.722500000000368736e+00,5.252503209851581687e+02,4.308735021851475722e+01,9.587474363617125726e-06,0.000000000000000000e+00,6.467316420681769665e-03
6.725000000000369127e+00,5.253580234493757644e+02,4.305932198742396366e+01,9.563437720503511349e-06,0.000000000000000000e+00,6.469288982573996247e-03
6.727500000000369518e+00,5.254656558456504172e+02,4.303129839850380733e+01,9.435071224815320352e-06,0.000000000000000000e+00,6.471262073782913134e-03
6.730000000000369909e+00,5.255732181855860290e+02,4.300327944915004252e+01,9.492723239318680788e-06,0.000000000000000000e+00,6.473235705982753954e-03
6.732500000000370299e+00,5.256807104807801352e+02,4.297526513675142468e+01,9.560984928723022225e-06,0.000000000000000000e+00,6.475209873065461939e-03
6.735000000000370690e+00,5.257881327428235636e+02,4.294725545870643657e+01,9.636999163429511611e-06,0.000000000000000000e+00,6.477184567488077777e-03
6.737500000000371081e+00,5.258954849833006620e+02,4.291925041242080141e+01,9.582961027666867090e-06,0.000000000000000000e+00,6.479159783537189084e-03
6.740000000000371472e+00,5.260027672137895252e+02,4.289124999529598625e+01,9.517788162714379752e-06,0.000000000000000000e+00,6.481135523341743920e-03
6.742500000000371863e+00,5.261099794458614269e+02,4.286325420472726222e+01,9.567496941295266477e-06,0.000000000000000000e+00,6.483111784942170025e-03
6.745000000000372253e+00,5.262171216910812745e+02,4.283526303809110658e+01,9.741899271026249827e-06,0.000000000000000000e+00,6.485088562356020221e-03
6.747500000000372644e+00,5.263241939610074951e+02,4.280727649275179658e+01,9.720486785487260112e-06,0.000000000000000000e+00,6.487065841144766878e-03
6.750000000000373035e+00,5.264311962671918081e+02,4.277929456608828929e+01,9.559166827202305287e-06,0.000000000000000000e+00,6.489043619542678339e-03
6.752500000000373426e+00,5.265381286211793395e+02,4.275131725548111916e+01,9.492936607372325729e-06,0.000000000000000000e+00,6.491021910427098758e-03
6.755000000000373817e+00,5.266449910345088483e+02,4.272334455830375788e+01,9.503785133279097068e-06,0.000000000000000000e+00,6.493000716419027041e-03
6.757500000000374207e+00,5.267517835187123865e+02,4.269537647193229191e+01,9.577976724522104633e-06,0.000000000000000000e+00,6.494980037323956450e-03
6.760000000000374598e+00,5.268585060853154118e+02,4.266741299374242402e+01,9.613338357822204768e-06,0.000000000000000000e+00,6.496959860598177858e-03
6.762500000000374989e+00,5.269651587458370159e+02,4.263945412110215472e+01,9.628562627302081253e-06,0.000000000000000000e+00,6.498940183102611123e-03
6.765000000000375380e+00,5.270717415117894689e+02,4.261149985137092244e+01,9.583082879380463518e-06,0.000000000000000000e+00,6.500921001186700694e-03
6.767500000000375771e+00,5.271782543946785609e+02,4.258355018190288632e+01,9.532259413600048550e-06,0.000000000000000000e+00,6.502902315790120256e-03
6.770000000000376161e+00,5.272846974060034881e+02,4.255560511005575108e+01,9.488580061987036135e-06,0.000000000000000000e+00,6.504884126345176348e-03
6.772500000000376552e+00,5.273910705572567394e+02,4.252766463317055212e+01,9.424603457837375594e-06,0.000000000000000000e+00,6.506866433646980342e-03
6.775000000000376943e+00,5.274973738599242097e+02,4.249972874858308813e+01,9.394090151204157743e-06,0.000000000000000000e+00,6.508849242413136151e-03
6.777500000000377334e+00,5.276036073254850862e+02,4.247179745362475956e+01,9.437611509131798535e-06,0.000000000000000000e+00,6.510832550405783702e-03
6.780000000000377725e+00,5.277097709654120763e+02,4.244387074562387596e+01,9.400011286805118649e-06,0.000000000000000000e+00,6.512816358801517408e-03
6.782500000000378115e+00,5.278158647911709522e+02,4.241594862191132620e+01,9.383207459857474599e-06,0.000000000000000000e+00,6.514800660702729784e-03
6.785000000000378506e+00,5.279218888142208925e+02,4.238803107981954810e+01,9.351317050936974672e-06,0.000000000000000000e+00,6.516785456053029307e-03
6.787500000000378897e+00,5.280278430460144818e+02,4.236011811665485993e+01,9.341535512125968531e-06,0.000000000000000000e+00,6.518770749039720994e-03
6.790000000000379288e+00,5.281337274979974836e+02,4.233220972973026619e+01,9.313449254978330467e-06,0.000000000000000000e+00,6.520756533807512030e-03
6.792500000000379679e+00,5.282395421816089538e+02,4.230430591635045090e+01,9.236769060897336768e-06,0.000000000000000000e+00,6.522742813206685794e-03
6.795000000000380069e+00,5.283452871082813544e+02,4.227640667381453454e+01,9.234202260671927283e-06,0.000000000000000000e+00,6.524729593999125006e-03
6.797500000000380460e+00,5.284509622894400991e+02,4.224851199943417157e+01,9.262326571779315375e-06,0.000000000000000000e+00,6.526716863075610227e-03
6.800000000000380851e+00,5.285565677365041211e+02,4.222062189050394210e+01,9.336711605024688857e-06,0.000000000000000000e+00,6.528704624411627196e-03
6.802500000000381242e+00,5.286621034608855325e+02,4.219273634429707442e+01,9.371885056993043645e-06,0.000000000000000000e+00,6.530692869970692975e-03
6.805000000000381633e+00,5.287675694739895107e+02,4.216485535810204510e+01,9.324030918920878691e-06,0.000000000000000000e+00,6.532681594217625010e-03
6.807500000000382023e+00,5.288729657872145253e+02,4.213697892919640253e+01,9.269291389079220792e-06,0.000000000000000000e+00,6.534670795064436398e-03
6.810000000000382414e+00,5.289782924119523386e+02,4.210910705485007810e+01,9.262919849024027968e-06,0.000000000000000000e+00,6.536660471123541781e-03
6.812500000000382805e+00,5.290835493595877779e+02,4.208123973230213011e+01,9.320337523225659106e-06,0.000000000000000000e+00,6.538650623478844959e-03
6.815000000000383196e+00,5.291887366414987355e+02,4.205337695879502746e+01,9.333088143841172674e-06,0.000000000000000000e+00,6.540641245731062051e-03
6.817500000000383586e+00,5.292938542690562826e+02,4.202551873157887030e+01,9.339460951249819261e-06,0.000000000000000000e+00,6.542632331747118973e-03
6.820000000000383977e+00,5.293989022536245557e+02,4.199766504788314592e+01,9.365112730796663006e-06,0.000000000000000000e+00,6.544623877547167158e-03
6.822500000000384368e+00,5.295038806065607560e+02,4.196981590493267333e+01,9.310425464791918082e-06,0.000000000000000000e+00,6.546615877991067423e-03
6.825000000000384759e+00,5.296087893392152637e+02,4.194197129995110629e+01,9.334329921160131735e-06,0.000000000000000000e+00,6.548608338380227517e-03
6.827500000000385150e+00,5.297136284629312968e+02,4.191413123014888242e+01,9.337417310699809369e-06,0.000000000000000000e+00,6.550601247720593684e-03
6.830000000000385540e+00,5.298183979890453656e+02,4.188629569271842001e+01,9.386708036896002660e-06,0.000000000000000000e+00,6.552594610146199317e-03
6.832500000000385931e+00,5.299230979288867047e+02,4.185846468484008653e+01,9.475289721425486698e-06,0.000000000000000000e+00,6.554588417256260874e-03
6.835000000000386322e+00,5.300277282937776135e+02,4.183063820370510655e+01,9.501069950612232046e-06,0.000000000000000000e+00,6.556582659190162560e-03
6.837500000000386713e+00,5.301322890950333431e+02,4.180281624648151961e+01,9.638512896619437210e-06,0.000000000000000000e+00,6.558577333288071083e-03
6.840000000000387104e+00,5.302367803439619820e+02,4.177499881032220941e+01,9.792343089567266605e-06,0.000000000000000000e+00,6.560572426062009216e-03
6.842500000000387494e+00,5.303412020518646841e+02,4.174718589237669164e+01,9.854881328567503080e-06,0.000000000000000000e+00,6.562567921115449593e-03
6.845000000000387885e+00,5.304455542300353272e+02,4.171937748977810401e+01,9.906174475594978776e-06,0.000000000000000000e+00,6.564563811783982739e-03
6.847500000000388276e+00,5.305498368897606269e+02,4.169157359964635390e+01,1.004159585296814967e-05,0.000000000000000000e+00,6.566560095280948861e-03
6.850000000000388667e+00,5.306540500423201365e+02,4.166377421910066658e+01,1.018362007722504065e-05,0.000000000000000000e+00,6.568556758566960682e-03
6.852500000000389058e+00,5.307581936989861333e+02,4.163597934526915623e+01,1.010288962316626708e-05,0.000000000000000000e+00,6.570553789127674474e-03
6.855000000000389448e+00,5.308622678710238461e+02,4.160818897526310423e+01,1.013967613722976428e-05,0.000000000000000000e+00,6.572551189707699464e-03
6.857500000000389839e+00,5.309662725696911139e+02,4.158040310618211066e+01,1.019389425405989502e-05,0.000000000000000000e+00,6.574548954608491584e-03
6.860000000000390230e+00,5.310702078062387272e+02,4.155262173511891177e+01,1.018231052797435860e-05,0.000000000000000000e+00,6.576547078931306231e-03
6.862500000000390621e+00,5.311740735919099734e+02,4.152484485914813206e+01,1.027407112108921394e-05,0.000000000000000000e+00,6.578545558728987434e-03
6.865000000000391012e+00,5.312778699379409773e+02,4.149707247533429211e+01,1.039572250288230334e-05,0.000000000000000000e+00,6.580544387664689215e-03
6.867500000000391402e+00,5.313815968555603604e+02,4.146930458073042303e+01,1.039797568499120696e-05,0.000000000000000000e+00,6.582543554276389271e-03
6.870000000000391793e+00,5.314852543559895821e+02,4.144154117238372237e+01,1.042276041300548268e-05,0.000000000000000000e+00,6.584543056654482314e-03
6.872500000000392184e+00,5.315888424504424847e+02,4.141378224733660574e+01,1.049788939012176072e-05,0.000000000000000000e+00,6.586542890269781424e-03
6.875000000000392575e+00,5.316923611501257483e+02,4.138602780261271619e+01,1.061664969936981384e-05,0.000000000000000000e+00,6.588543046236262739e-03
6.877500000000392966e+00,5.317958104662384358e+02,4.135827783521904166e+01,1.065327999136062182e-05,0.000000000000000000e+00,6.590543516047217033e-03
6.880000000000393356e+00,5.318991904099722206e+02,4.133053234216303196e+01,1.076677638922617536e-05,0.000000000000000000e+00,6.592544294600373271e-03
6.882500000000393747e+00,5.320025009925111590e+02,4.130279132044768176e+01,1.083130130988474068e-05,0.000000000000000000e+00,6.594545372128288521e-03
6.885000000000394138e+00,5.321057422250319178e+02,4.127505476705609766e+01,1.090385516268365775e-05,0.000000000000000000e+00,6.596546743339109890e-03
6.887500000000394529e+00,5.322089141187036603e+02,4.124732267896936833e+01,1.098831090491329216e-05,0.000000000000000000e+00,6.598548401028598437e-03
6.890000000000394920e+00,5.323120166846878192e+02,4.121959505315740557e+01,1.109592056272225036e-05,0.000000000000000000e+00,6.600550339616325680e-03
6.892500000000395310e+00,5.324150499341384375e+02,4.119187188658886356e+01,1.101612816302244390e-05,0.000000000000000000e+00,6.602552551122858535e-03
6.895000000000395701e+00,5.325180138782019412e+02,4.116415317622888637e+01,1.116997480191221061e-05,0.000000000000000000e+00,6.604555033296269188e-03
6.897500000000396092e+00,5.326209085280170257e+02,4.113643891901308791e+01,1.119376130060584973e-05,0.000000000000000000e+00,6.606557775165272997e-03
6.900000000000396483e+00,5.327237338947148828e+02,4.110872911185839484e+01,1.126011276105004017e-05,0.000000000000000000e+00,6.608560777495831040e-03
6.902500000000396874e+00,5.328264899894188602e+02,4.108102375168173381e+01,1.143123164406680712e-05,0.000000000000000000e+00,6.610564028687403344e-03
6.905000000000397264e+00,5.329291768232446884e+02,4.105332283539014782e+01,1.144768295494420234e-05,0.000000000000000000e+00,6.612567518238741601e-03
6.907500000000397655e+00,5.330317944073003673e+02,4.102562635987585082e+01,1.161073127117416617e-05,0.000000000000000000e+00,6.614571245112593929e-03
6.910000000000398046e+00,5.331343427526859386e+02,4.099793432202686461e+01,1.162164937085963678e-05,0.000000000000000000e+00,6.616575194675722131e-03
6.912500000000398437e+00,5.332368218704939409e+02,4.097024671872367207e+01,1.180541924090491070e-05,0.000000000000000000e+00,6.618579362359388457e-03
6.915000000000398828e+00,5.333392317718088407e+02,4.094256354683187737e+01,1.174171795088405322e-05,0.000000000000000000e+00,6.620583738043144158e-03
6.917500000000399218e+00,5.334415724677074877e+02,4.091488480319800658e+01,1.167641026066449404e-05,0.000000000000000000e+00,6.622588321940933546e-03
6.920000000000399609e+00,5.335438439692586599e+02,4.088721048467799335e+01,1.185179702201190184e-05,0.000000000000000000e+00,6.624593116170114995e-03
6.922500000000400000e+00,5.336460462875232906e+02,4.085954058810559530e+01,1.194278436849317590e-05,0.000000000000000000e+00,6.626598109193439050e-03
6.925000000000400391e+00,5.337481794335545828e+02,4.083187511029460381e+01,1.203137655435397590e-05,0.000000000000000000e+00,6.628603293324787475e-03
6.927500000000400782e+00,5.338502434183975538e+02,4.080421404805760233e+01,1.193595719482321532e-05,0.000000000000000000e+00,6.630608659840529079e-03
6.930000000000401172e+00,5.339522382530893765e+02,4.077655739819384451e+01,1.190905029245992844e-05,0.000000000000000000e+00,6.632614214192240551e-03
6.932500000000401563e+00,5.340541639486591521e+02,4.074890515748457887e+01,1.203512411226234345e-05,0.000000000000000000e+00,6.634619958637497095e-03
6.935000000000401954e+00,5.341560205161279100e+02,4.072125732271027232e+01,1.208182290480636283e-05,0.000000000000000000e+00,6.636625881617649707e-03
6.937500000000402345e+00,5.342578079665086079e+02,4.069361389064145840e+01,1.211210102165407359e-05,0.000000000000000000e+00,6.638631979134695937e-03
6.940000000000402736e+00,5.343595263108062454e+02,4.066597485803619350e+01,1.215536113993145955e-05,0.000000000000000000e+00,6.640638245075236937e-03
6.942500000000403126e+00,5.344611755600176366e+02,4.063834022165052318e+01,1.212775373142082136e-05,0.000000000000000000e+00,6.642644679494614721e-03
6.945000000000403517e+00,5.345627557251314101e+02,4.061070997822631057e+01,1.227003455453699097e-05,0.000000000000000000e+00,6.644651281520832370e-03
6.947500000000403908e+00,5.346642668171282367e+02,4.058308412449681413e+01,1.234521834897816640e-05,0.000000000000000000e+00,6.646658040778681380e-03
6.950000000000404299e+00,5.347657088469803739e+02,4.055546265717989485e+01,1.234122300153342535e-05,0.000000000000000000e+00,6.648664950375759303e-03
6.952500000000404690e+00,5.348670818256521216e+02,4.052784557298843282e+01,1.248764469276423675e-05,0.000000000000000000e+00,6.650672008415214539e-03
6.955000000000405080e+00,5.349683857640993665e+02,4.050023286861934935e+01,1.239514578843340960e-05,0.000000000000000000e+00,6.652679205140805269e-03
6.957500000000405471e+00,5.350696206732696965e+02,4.047262454075688254e+01,1.239954247455604172e-05,0.000000000000000000e+00,6.654686542358425466e-03
6.960000000000405862e+00,5.351707865641026274e+02,4.044502058607026385e+01,1.232896617595912319e-05,0.000000000000000000e+00,6.656694023405281511e-03
6.962500000000406253e+00,5.352718834475291487e+02,4.041742100123222059e+01,1.245931973965298109e-05,0.000000000000000000e+00,6.658701647595082970e-03
6.965000000000406644e+00,5.353729113344719508e+02,4.038982578290256953e+01,1.240644803868869063e-05,0.000000000000000000e+00,6.660709407731991299e-03
6.967500000000407034e+00,5.354738702358454248e+02,4.036223492772668919e+01,1.254591073545412581e-05,0.000000000000000000e+00,6.662717303964301938e-03
6.970000000000407425e+00,5.355747601625555490e+02,4.033464843234497010e+01,1.250868489821833062e-05,0.000000000000000000e+00,6.664725324934578192e-03
6.972500000000407816e+00,5.356755811254998889e+02,4.030706629337326774e+01,1.267103096304438207e-05,0.000000000000000000e+00,6.666733473143810797e-03
6.975000000000408207e+00,5.357763331355675973e+02,4.027948850741934450e+01,1.265615340033582357e-05,0.000000000000000000e+00,6.668741736901134462e-03
6.977500000000408598e+00,5.358770162036393003e+02,4.025191507108834088e+01,1.277473296775006769e-05,0.000000000000000000e+00,6.670750114351862645e-03
6.980000000000408988e+00,5.359776303405870976e+02,4.022434598096071312e+01,1.283041596122280163e-05,0.000000000000000000e+00,6.672758597002921913e-03
6.982500000000409379e+00,5.360781755572744487e+02,4.019678123360267108e+01,1.290625162212896887e-05,0.000000000000000000e+00,6.674767183218664919e-03
6.985000000000409770e+00,5.361786518645564001e+02,4.016922082559235463e+01,1.289614818790112496e-05,0.000000000000000000e+00,6.676775865324451227e-03
6.987500000000410161e+00,5.362790592732794721e+02,4.014166475349931318e+01,1.312703139295642070e-05,0.000000000000000000e+00,6.678784641143430990e-03
6.990000000000410552e+00,5.363793977942814308e+02,4.011411301385900430e+01,1.329499856586822779e-05,0.000000000000000000e+00,6.680793496936762547e-03
6.992500000000410942e+00,5.364796674383914024e+02,4.008656560320240203e+01,1.340149364192661047e-05,0.000000000000000000e+00,6.682802421377351254e-03
6.995000000000411333e+00,5.365798682164298725e+02,4.005902251806595160e+01,1.345206261613488178e-05,0.000000000000000000e+00,6.684811406261645557e-03
6.997500000000411724e+00,5.366800001392086870e+02,4.003148375497310241e+01,1.342029414220255205e-05,0.000000000000000000e+00,6.686820446264264695e-03
7.000000000000412115e+00,5.367800632175310511e+02,4.000394931043260272e+01,1.351643011987435948e-05,0.000000000000000000e+00,6.688829540506878273e-03
7.002500000000412506e+00,5.368800574621913029e+02,3.997641918093405877e+01,1.353925073593523092e-05,0.000000000000000000e+00,6.690838682170778366e-03
7.005000000000412896e+00,5.369799828839750262e+02,3.994889336295469207e+01,1.369816512280422718e-05,0.000000000000000000e+00,6.692847869345397785e-03
7.007500000000413287e+00,5.370798394936590512e+02,3.992137185297342938e+01,1.374994769992124465e-05,0.000000000000000000e+00,6.694857090633656201e-03
7.010000000000413678e+00,5.371796273020113404e+02,3.989385464745693355e+01,1.381479953667931563e-05,0.000000000000000000e+00,6.696866342877254470e-03
7.012500000000414069e+00,5.372793463197911024e+02,3.986634174287448928e+01,1.399478445558636393e-05,0.000000000000000000e+00,6.698875618826405018e-03
7.015000000000414460e+00,5.373789965577486782e+02,3.983883313569418050e+01,1.401477900117442061e-05,0.000000000000000000e+00,6.700884907042122668e-03
7.017500000000414850e+00,5.374785780266255415e+02,3.981132882237317716e+01,1.409428130656358486e-05,0.000000000000000000e+00,6.702894204623252410e-03
7.020000000000415241e+00,5.375780907371542980e+02,3.978382879935736582e+01,1.411944793568735178e-05,0.000000000000000000e+00,6.704903504335934031e-03
7.022500000000415632e+00,5.376775347000587999e+02,3.975633306307959458e+01,1.435649048437194857e-05,0.000000000000000000e+00,6.706912803809597645e-03
7.025000000000416023e+00,5.377769099260536905e+02,3.972884160996085967e+01,1.442037884973866172e-05,0.000000000000000000e+00,6.708922091099840321e-03
7.027500000000416414e+00,5.378762164258449729e+02,3.970135443642441686e+01,1.456713112327720865e-05,0.000000000000000000e+00,6.710931356760499455e-03
7.030000000000416804e+00,5.379754542101295556e+02,3.967387153888780915e+01,1.459308102274086337e-05,0.000000000000000000e+00,6.712940593008730368e-03
7.032500000000417195e+00,5.380746232895953653e+02,3.964639291375799957e+01,1.462738639171532292e-05,0.000000000000000000e+00,6.714949797560817307e-03
7.035000000000417586e+00,5.381737236749213480e+02,3.961891855743891711e+01,1.468034388754291798e-05,0.000000000000000000e+00,6.716958965529638316e-03
7.037500000000417977e+00,5.382727553767775817e+02,3.959144846633007830e+01,1.472696400509708137e-05,0.000000000000000000e+00,6.718968092634312189e-03
7.040000000000418368e+00,5.383717184058250496e+02,3.956398263680731020e+01,1.477039085394799655e-05,0.000000000000000000e+00,6.720977174823474648e-03
7.042500000000418758e+00,5.384706127727155263e+02,3.953652106523481535e+01,1.480445238392118226e-05,0.000000000000000000e+00,6.722986206016687456e-03
7.045000000000419149e+00,5.385694384880919188e+02,3.950906374796748111e+01,1.488894434264118107e-05,0.000000000000000000e+00,6.724995184708604419e-03
7.047500000000419540e+00,5.386681955625879255e+02,3.948161068135765817e+01,1.501321008648054048e-05,0.000000000000000000e+00,6.727004103140830048e-03
7.050000000000419931e+00,5.387668840068280360e+02,3.945416186175128814e+01,1.510364937021336067e-05,0.000000000000000000e+00,6.729012954007535657e-03
7.052500000000420322e+00,5.388655038314277590e+02,3.942671728548899068e+01,1.512172084768717276e-05,0.000000000000000000e+00,6.731021728971769459e-03
7.055000000000420712e+00,5.389640550469933942e+02,3.939927694889835408e+01,1.512927040677025676e-05,0.000000000000000000e+00,6.733030423642784139e-03
7.057500000000421103e+00,5.390625376641219191e+02,3.937184084829296893e+01,1.525785953771833066e-05,0.000000000000000000e+00,6.735039038700253895e-03
7.060000000000421494e+00,5.391609516934013300e+02,3.934440897997767905e+01,1.546845670726060745e-05,0.000000000000000000e+00,6.737047565785446619e-03
7.062500000000421885e+00,5.392592971454101871e+02,3.931698134025398161e+01,1.552015262421905983e-05,0.000000000000000000e+00,6.739055988969458282e-03
7.065000000000422276e+00,5.393575740307178421e+02,3.928955792542463854e+01,1.562934416476577382e-05,0.000000000000000000e+00,6.741064302240481511e-03
7.067500000000422666e+00,5.394557823598844379e+02,3.926213873177430713e+01,1.560450055134082937e-05,0.000000000000000000e+00,6.743072497231532986e-03
7.070000000000423057e+00,5.395539221434609090e+02,3.923472375558051084e+01,1.568736226087912855e-05,0.000000000000000000e+00,6.745080576519802903e-03
7.072500000000423448e+00,5.396519933919886398e+02,3.920731299311289320e+01,1.585302975734547502e-05,0.000000000000000000e+00,6.747088531360394097e-03
7.075000000000423839e+00,5.397499961159999202e+02,3.917990644063460337e+01,1.588223975079467503e-05,0.000000000000000000e+00,6.749096349331830391e-03
7.077500000000424230e+00,5.398479303260176039e+02,3.915250409438790768e+01,1.581580378677796442e-05,0.000000000000000000e+00,6.751104031771390165e-03
7.080000000000424620e+00,5.399457960325551085e+02,3.912510595061492324e+01,1.576695456738495956e-05,0.000000000000000000e+00,6.753111577702282722e-03
7.082500000000425011e+00,5.400435932461165294e+02,3.909771200555651660e+01,1.574635004245315115e-05,0.000000000000000000e+00,6.755118988795460501e-03
7.085000000000425402e+00,5.401413219771964123e+02,3.907032225543873949e+01,1.578063769035124622e-05,0.000000000000000000e+00,6.757126267501550008e-03
7.087500000000425793e+00,5.402389822362800942e+02,3.904293669649064213e+01,1.586102415397909227e-05,0.000000000000000000e+00,6.759133406921588941e-03
7.090000000000426184e+00,5.403365740338432488e+02,3.901555532493238587e+01,1.593521744065442281e-05,0.000000000000000000e+00,6.761140401935884434e-03
7.092500000000426574e+00,5.404340973803522274e+02,3.898817813696608425e+01,1.597584729342376204e-05,0.000000000000000000e+00,6.763147246683714857e-03
7.095000000000426965e+00,5.405315522862638318e+02,3.896080512879777302e+01,1.604483652795609790e-05,0.000000000000000000e+00,6.765153938425483467e-03
7.097500000000427356e+00,5.406289387620255411e+02,3.893343629662437166e+01,1.615932041862888107e-05,0.000000000000000000e+00,6.767160467625864609e-03
7.100000000000427747e+00,5.407262568180750577e+02,3.890607163663035095e+01,1.623726605877734232e-05,0.000000000000000000e+00,6.769166828795659778e-03
7.102500000000428138e+00,5.408235064648406478e+02,3.887871114499158409e+01,1.624566817141580763e-05,0.000000000000000000e+00,6.771173013769882058e-03
7.105000000000428528e+00,5.409206877127410280e+02,3.885135481788982048e+01,1.632501935011592797e-05,0.000000000000000000e+00,6.773179019641844406e-03
7.107500000000428919e+00,5.410178005721854788e+02,3.882400265149578900e+01,1.630579105018574432e-05,0.000000000000000000e+00,6.775184840095809825e-03
7.110000000000429310e+00,5.411148450535735037e+02,3.879665464196882851e+01,1.648286345313254675e-05,0.000000000000000000e+00,6.777190472449345915e-03
7.112500000000429701e+00,5.412118211672950565e+02,3.876931078546811449e+01,1.634559968140147058e-05,0.000000000000000000e+00,6.779195904810511250e-03
7.115000000000430092e+00,5.413087289237306550e+02,3.874197107813564855e+01,1.629023568328213001e-05,0.000000000000000000e+00,6.781201143666442180e-03
7.117500000000430482e+00,5.414055683332509261e+02,3.871463551610782616e+01,1.622752081372093183e-05,0.000000000000000000e+00,6.783206189311995725e-03
7.120000000000430873e+00,5.415023394062169473e+02,3.868730409551167071e+01,1.626859438697639282e-05,0.000000000000000000e+00,6.785211048780620362e-03
7.122500000000431264e+00,5.415990421529801324e+02,3.865997681247922912e+01,1.625002845877946678e-05,0.000000000000000000e+00,6.787215714414551911e-03
7.125000000000431655e+00,5.416956765838821184e+02,3.863265366313989801e+01,1.638311979128042318e-05,0.000000000000000000e+00,6.789220187112225344e-03
7.127500000000432046e+00,5.417922427092549924e+02,3.860533464360497646e+01,1.642806919652208735e-05,0.000000000000000000e+00,6.791224455125324799e-03
7.130000000000432436e+00,5.418887405394210646e+02,3.857801974998709227e+01,1.658392894453451560e-05,0.000000000000000000e+00,6.793228513134221859e-03
7.132500000000432827e+00,5.419851700846928679e+02,3.855070897838540134e+01,1.667159343095415028e-05,0.000000000000000000e+00,6.795232350389534236e-03
7.135000000000433218e+00,5.420815313553732722e+02,3.852340232489355998e+01,1.671125538392299997e-05,0.000000000000000000e+00,6.797235962414812337e-03
7.137500000000433609e+00,5.421778243617553699e+02,3.849609978561177570e+01,1.672225944291072815e-05,0.000000000000000000e+00,6.799239338999778226e-03
7.140000000000434000e+00,5.422740491141224766e+02,3.846880135662984657e+01,1.670075777569196332e-05,0.000000000000000000e+00,6.801242478282089159e-03
7.142500000000434390e+00,5.423702056227480170e+02,3.844150703402652880e+01,1.663091253728342012e-05,0.000000000000000000e+00,6.803245381335274421e-03
7.145000000000434781e+00,5.424662938978958664e+02,3.841421681387132736e+01,1.668385832658950726e-05,0.000000000000000000e+00,6.805248051372348068e-03
7.147500000000435172e+00,5.425623139498197816e+02,3.838693069223505461e+01,1.685045152474413092e-05,0.000000000000000000e+00,6.807250480955214823e-03
7.150000000000435563e+00,5.426582657887638561e+02,3.835964866519360328e+01,1.688964577663402118e-05,0.000000000000000000e+00,6.809252659539288648e-03
7.152500000000435953e+00,5.427541494249624066e+02,3.833237072881214402e+01,1.700876879218184948e-05,0.000000000000000000e+00,6.811254581222474756e-03
7.155000000000436344e+00,5.428499648686397450e+02,3.830509687915655093e+01,1.701339682630965719e-05,0.000000000000000000e+00,6.813256236039381790e-03
7.157500000000436735e+00,5.429457121300105200e+02,3.827782711227725088e+01,1.705126604248388702e-05,0.000000000000000000e+00,6.815257618177300060e-03
7.160000000000437126e+00,5.430413912192793759e+02,3.825056142421819061e+01,1.708687873800478446e-05,0.000000000000000000e+00,6.817258724599067898e-03
7.162500000000437517e+00,5.431370021466411799e+02,3.822329981101240293e+01,1.720277300222211996e-05,0.000000000000000000e+00,6.819259549113800695e-03
7.165000000000437907e+00,5.432325449222807947e+02,3.819604226869375196e+01,1.724679541880531900e-05,0.000000000000000000e+00,6.821260084594511948e-03
7.167500000000438298e+00,5.433280195563731922e+02,3.816878879329752294e+01,1.736203717475793559e-05,0.000000000000000000e+00,6.823260327696842147e-03
7.170000000000438689e+00,5.434234260590834538e+02,3.814153938086489148e+01,1.740120227885865630e-05,0.000000000000000000e+00,6.825260266221694523e-03
7.172500000000439080e+00,5.435187644405666560e+02,3.811429402743255679e+01,1.747535503562077695e-05,0.000000000000000000e+00,6.827259895344494310e-03
7.175000000000439471e+00,5.436140347109680988e+02,3.808705272902661676e+01,1.745141927664679726e-05,0.000000000000000000e+00,6.829259207427416239e-03
7.177500000000439861e+00,5.437092368804231910e+02,3.805981548167429196e+01,1.740809579422019894e-05,0.000000000000000000e+00,6.831258203173958335e-03
7.180000000000440252e+00,5.438043709590572234e+02,3.803258228140052921e+01,1.745802022033305552e-05,0.000000000000000000e+00,6.833256881076586915e-03
7.182500000000440643e+00,5.438994369569855962e+02,3.800535312421911271e+01,1.763149006919328271e-05,0.000000000000000000e+00,6.835255235731484830e-03
7.185000000000441034e+00,5.439944348843138187e+02,3.797812800614632067e+01,1.764614210878707930e-05,0.000000000000000000e+00,6.837253252855180104e-03
7.187500000000441425e+00,5.440893647511373956e+02,3.795090692319315195e+01,1.768769425866571220e-05,0.000000000000000000e+00,6.839250928275427723e-03
7.190000000000441815e+00,5.441842265675418275e+02,3.792368987136613612e+01,1.771265711141047365e-05,0.000000000000000000e+00,6.841248259395252100e-03
7.192500000000442206e+00,5.442790203436027241e+02,3.789647684667055927e+01,1.770588786350137900e-05,0.000000000000000000e+00,6.843245239661524537e-03
7.195000000000442597e+00,5.443737460893855769e+02,3.786926784511422994e+01,1.771574234136351586e-05,0.000000000000000000e+00,6.845241866142943998e-03
7.197500000000442988e+00,5.444684038149459866e+02,3.784206286269449038e+01,1.772954365160145130e-05,0.000000000000000000e+00,6.847238136756291470e-03
7.200000000000443379e+00,5.445629935303295497e+02,3.781486189539892706e+01,1.770405295011420486e-05,0.000000000000000000e+00,6.849234046447089282e-03
7.202500000000443769e+00,5.446575152455718580e+02,3.778766493922066871e+01,1.771109666728733773e-05,0.000000000000000000e+00,6.851229592805416213e-03
7.205000000000444160e+00,5.447519689706983854e+02,3.776047199014421096e+01,1.774208363791222968e-05,0.000000000000000000e+00,6.853224774526533829e-03
7.207500000000444551e+00,5.448463547157246012e+02,3.773328304415176149e+01,1.782285255397421516e-05,0.000000000000000000e+00,6.855219588943609228e-03
7.210000000000444942e+00,5.449406724906558566e+02,3.770609809722123629e+01,1.771155336240202638e-05,0.000000000000000000e+00,6.857214026270043797e-03
7.212500000000445333e+00,5.450349223054876120e+02,3.767891714533670466e+01,1.777708821493854409e-05,0.000000000000000000e+00,6.859208091083141348e-03
7.215000000000445723e+00,5.451291041702052098e+02,3.765174018447691395e+01,1.783868646853734290e-05,0.000000000000000000e+00,6.861201773668738381e-03
7.217500000000446114e+00,5.452232180947838742e+02,3.762456721060926412e+01,1.770697119987658960e-05,0.000000000000000000e+00,6.863195066791237357e-03
7.220000000000446505e+00,5.453172640891888250e+02,3.759739821968994988e+01,1.769831813661566945e-05,0.000000000000000000e+00,6.865187975349304819e-03
7.222500000000446896e+00,5.454112421633751637e+02,3.757023320767912367e+01,1.773878708490835268e-05,0.000000000000000000e+00,6.867180502110574111e-03
7.225000000000447287e+00,5.455051523272877603e+02,3.754307217054482493e+01,1.767938089584732806e-05,0.000000000000000000e+00,6.869172639902564742e-03
7.227500000000447677e+00,5.455989945908615937e+02,3.751591510426410991e+01,1.781232867329610731e-05,0.000000000000000000e+00,6.871164388478595564e-03
7.230000000000448068e+00,5.456927689640215249e+02,3.748876200480196275e+01,1.792598999146430004e-05,0.000000000000000000e+00,6.873155735558947668e-03
7.232500000000448459e+00,5.457864754566822967e+02,3.746161286812035485e+01,1.802798372393838328e-05,0.000000000000000000e+00,6.875146666327913367e-03
7.235000000000448850e+00,5.458801140787486474e+02,3.743446769017320008e+01,1.801320343746598188e-05,0.000000000000000000e+00,6.877137174754989306e-03
7.237500000000449241e+00,5.459736848401149700e+02,3.740732646690710084e+01,1.807639521555040493e-05,0.000000000000000000e+00,6.879127257639169185e-03
7.240000000000449631e+00,5.460671877506657665e+02,3.738018919427425857e+01,1.816522560760667590e-05,0.000000000000000000e+00,6.881116909365157450e-03
7.242500000000450022e+00,5.461606228202753073e+02,3.735305586822478574e+01,1.812103086915728542e-05,0.000000000000000000e+00,6.883106119927643284e-03
7.245000000000450413e+00,5.462539900588077444e+02,3.732592648471563734e+01,1.814598879317426845e-05,0.000000000000000000e+00,6.885094887708452342e-03
7.247500000000450804e+00,5.463472894761171119e+02,3.729880103970025118e+01,1.819437435091625856e-05,0.000000000000000000e+00,6.887083208998986093e-03
7.250000000000451195e+00,5.464405210820474394e+02,3.727167952913033844e+01,1.829045937669417787e-05,0.000000000000000000e+00,6.889071072838061187e-03
7.252500000000451585e+00,5.465336848864324111e+02,3.724456194894889904e+01,1.826579278429413364e-05,0.000000000000000000e+00,6.891058468187360661e-03
7.255000000000451976e+00,5.466267808990958201e+02,3.721744829509120223e+01,1.832200742482026153e-05,0.000000000000000000e+00,6.893045397878137109e-03
7.257500000000452367e+00,5.467198091298511144e+02,3.719033856349862077e+01,1.838078557851887231e-05,0.000000000000000000e+00,6.895031853515727963e-03
7.260000000000452758e+00,5.468127695885016237e+02,3.716323275012000238e+01,1.847884216213821826e-05,0.000000000000000000e+00,6.897017824986870563e-03
7.262500000000453149e+00,5.469056622848405596e+02,3.713613085089553323e+01,1.854295072140169312e-05,0.000000000000000000e+00,6.899003306071087652e-03
7.265000000000453539e+00,5.469984872286511290e+02,3.710903286176851879e+01,1.855975393565876635e-05,0.000000000000000000e+00,6.900988287485236398e-03
7.267500000000453930e+00,5.470912444297061938e+02,3.708193877868596644e+01,1.850998708976367123e-05,0.000000000000000000e+00,6.902972765000410516e-03
7.270000000000454321e+00,5.471839338977684974e+02,3.705484859759364724e+01,1.860133831172634076e-05,0.000000000000000000e+00,6.904956736063096179e-03
7.272500000000454712e+00,5.472765556425907789e+02,3.702776231442781096e+01,1.861488243112369452e-05,0.000000000000000000e+00,6.906940190929235397e-03
7.275000000000455103e+00,5.473691096739155455e+02,3.700067992512531845e+01,1.853484023157112373e-05,0.000000000000000000e+00,6.908923126190190216e-03
7.277500000000455493e+00,5.474615960014751863e+02,3.697360142562702379e+01,1.852841134445748841e-05,0.000000000000000000e+00,6.910905544190225173e-03
7.280000000000455884e+00,5.475540146349918587e+02,3.694652681187677956e+01,1.851428324700372168e-05,0.000000000000000000e+00,6.912887444422867803e-03
7.282500000000456275e+00,5.476463655841777154e+02,3.691945607981963207e+01,1.851581000565097744e-05,0.000000000000000000e+00,6.914868820440813607e-03
7.285000000000456666e+00,5.477386488587346776e+02,3.689238922540815935e+01,1.856833369010269912e-05,0.000000000000000000e+00,6.916849671265899724e-03
7.287500000000457057e+00,5.478308644683544344e+02,3.686532624458687479e+01,1.865031967399517697e-05,0.000000000000000000e+00,6.918829990148495784e-03
7.290000000000457447e+00,5.479230124227187844e+02,3.683826713330405767e+01,1.867254517729982280e-05,0.000000000000000000e+00,6.920809762598281387e-03
7.292500000000457838e+00,5.480150927314991804e+02,3.681121188750471873e+01,1.863097577346577082e-05,0.000000000000000000e+00,6.922788986099459932e-03
7.295000000000458229e+00,5.481071054043571849e+02,3.678416050312921470e+01,1.860519142314183915e-05,0.000000000000000000e+00,6.924767659029561033e-03
7.297500000000458620e+00,5.481990504509439006e+02,3.675711297611851336e+01,1.873155803087616405e-05,0.000000000000000000e+00,6.926745777132038186e-03
7.300000000000459011e+00,5.482909278809005400e+02,3.673006930241252377e+01,1.876084397015229913e-05,0.000000000000000000e+00,6.928723329065629259e-03
7.302500000000459401e+00,5.483827377038579698e+02,3.670302947794787940e+01,1.874176996488517374e-05,0.000000000000000000e+00,6.930700312173106517e-03
7.305000000000459792e+00,5.484744799294370523e+02,3.667599349866995340e+01,1.865276254846514776e-05,0.000000000000000000e+00,6.932676720934062911e-03
7.307500000000460183e+00,5.485661545672484181e+02,3.664896136052492892e+01,1.866040004043825932e-05,0.000000000000000000e+00,6.934652556888923347e-03
7.310000000000460574e+00,5.486577616268925794e+02,3.662193305945509536e+01,1.874013257713741612e-05,0.000000000000000000e+00,6.936627817472973759e-03
7.312500000000460965e+00,5.487493011179599307e+02,3.659490859140603902e+01,1.870952323410959037e-05,0.000000000000000000e+00,6.938602495533072352e-03
7.315000000000461355e+00,5.488407730500307480e+02,3.656788795233115508e+01,1.868587819957640540e-05,0.000000000000000000e+00,6.940576586915932038e-03
7.317500000000461746e+00,5.489321774326751893e+02,3.654087113817985966e+01,1.862273524106793782e-05,0.000000000000000000e+00,6.942550092733321479e-03
7.320000000000462137e+00,5.490235142754532944e+02,3.651385814490314630e+01,1.849987480182942575e-05,0.000000000000000000e+00,6.944523011407876568e-03
7.322500000000462528e+00,5.491147835879148715e+02,3.648684896845369252e+01,1.851573397852597256e-05,0.000000000000000000e+00,6.946495347533782581e-03
7.325000000000462919e+00,5.492059853795997242e+02,3.645984360478084341e+01,1.851107354701920940e-05,0.000000000000000000e+00,6.948467101193111888e-03
7.327500000000463309e+00,5.492971196600375379e+02,3.643284204983637409e+01,1.854842607457702052e-05,0.000000000000000000e+00,6.950438263444406670e-03
7.330000000000463700e+00,5.493881864387477663e+02,3.640584429957963408e+01,1.855414582293379828e-05,0.000000000000000000e+00,6.952408831321277641e-03
7.332500000000464091e+00,5.494791857252398586e+02,3.637885034996622124e+01,1.856785249426388165e-05,0.000000000000000000e+00,6.954378799947110931e-03
7.335000000000464482e+00,5.495701175290131459e+02,3.635186019695539983e+01,1.868919850854990631e-05,0.000000000000000000e+00,6.956348162616778769e-03
7.337500000000464873e+00,5.496609818595568413e+02,3.632487383651258739e+01,1.879169603822022119e-05,0.000000000000000000e+00,6.958316908821414806e-03
7.340000000000465263e+00,5.497517787263500395e+02,3.629789126460585180e+01,1.881014670957454376e-05,0.000000000000000000e+00,6.960285028176031903e-03
7.342500000000465654e+00,5.498425081388618310e+02,3.627091247720415623e+01,1.887327628185082176e-05,0.000000000000000000e+00,6.962252509925253435e-03
7.345000000000466045e+00,5.499331701065511879e+02,3.624393747027271218e+01,1.879654179377706277e-05,0.000000000000000000e+00,6.964219346258588433e-03
7.347500000000466436e+00,5.500237646388670782e+02,3.621696623977408080e+01,1.886912229775437706e-05,0.000000000000000000e+00,6.966185539418579854e-03
7.350000000000466827e+00,5.501142917452481242e+02,3.618999878167286255e+01,1.894549495207307652e-05,0.000000000000000000e+00,6.968151080192395812e-03
7.352500000000467217e+00,5.502047514351231712e+02,3.616303509193699739e+01,1.886335391395080433e-05,0.000000000000000000e+00,6.970115958147681673e-03
7.355000000000467608e+00,5.502951437179108325e+02,3.613607516653516427e+01,1.886374826563319649e-05,0.000000000000000000e+00,6.972080180433156554e-03
7.357500000000467999e+00,5.503854686030196035e+02,3.610911900144701292e+01,1.899512453207981855e-05,0.000000000000000000e+00,6.974043741735595769e-03
7.360000000000468390e+00,5.504757260998479751e+02,3.608216659265974613e+01,1.898633245005069110e-05,0.000000000000000000e+00,6.976006623388391996e-03
7.362500000000468781e+00,5.505659162177844337e+02,3.605521793615498893e+01,1.916411289689566388e-05,0.000000000000000000e+00,6.977968827745387181e-03
7.365000000000469171e+00,5.506560389662074613e+02,3.602827302791762776e+01,1.921672693136247645e-05,0.000000000000000000e+00,6.979930331061507710e-03
7.367500000000469562e+00,5.507460943544854217e+02,3.600133186393522777e+01,1.926084854299873274e-05,0.000000000000000000e+00,6.981891126208698492e-03
7.370000000000469953e+00,5.508360823919766744e+02,3.597439444019388333e+01,1.927978171149682959e-05,0.000000000000000000e+00,6.983851205225820834e-03
7.372500000000470344e+00,5.509260030880295744e+02,3.594746075268465546e+01,1.936651802789971104e-05,0.000000000000000000e+00,6.985810562115284290e-03
7.375000000000470735e+00,5.510158564519823585e+02,3.592053079739582699e+01,1.930820827181858290e-05,0.000000000000000000e+00,6.987769186922207325e-03
7.377500000000471125e+00,5.511056424931633728e+02,3.589360457032777418e+01,1.924914845359171643e-05,0.000000000000000000e+00,6.989727080492632791e-03
7.380000000000471516e+00,5.511953612208908453e+02,3.586668206748264254e+01,1.926271812760207487e-05,0.000000000000000000e+00,6.991684240668075492e-03
7.382500000000471907e+00,5.512850126444729995e+02,3.583976328486332363e+01,1.933288757673705318e-05,0.000000000000000000e+00,6.993640664758898721e-03
7.385000000000472298e+00,5.513745967732082818e+02,3.581284821847365407e+01,1.922077565156828259e-05,0.000000000000000000e+00,6.995596344050646238e-03
7.387500000000472689e+00,5.514641136163849069e+02,3.578593686432091658e+01,1.914804536413178320e-05,0.000000000000000000e+00,6.997551281787284770e-03
7.390000000000473079e+00,5.515535631832813124e+02,3.575902921841643689e+01,1.920724766598759647e-05,0.000000000000000000e+00,6.999505481912031597e-03
7.392500000000473470e+00,5.516429454831657040e+02,3.573212527677267758e+01,1.931402292963059795e-05,0.000000000000000000e+00,7.001458932074339919e-03
7.395000000000473861e+00,5.517322605252966241e+02,3.570522503540743031e+01,1.923339903145932048e-05,0.000000000000000000e+00,7.003411620437499305e-03
7.397500000000474252e+00,5.518215083189223833e+02,3.567832849033232634e+01,1.912787376195447766e-05,0.000000000000000000e+00,7.005363548867685371e-03
7.400000000000474643e+00,5.519106888732815150e+02,3.565143563757032297e+01,1.917340300534472704e-05,0.000000000000000000e+00,7.007314727297761676e-03
7.402500000000475033e+00,5.519998021976025484e+02,3.562454647315087897e+01,1.918445920248188456e-05,0.000000000000000000e+00,7.009265147143846353e-03
7.405000000000475424e+00,5.520888483011040080e+02,3.559766099311284648e+01,1.918006805784093773e-05,0.000000000000000000e+00,7.011214803079926332e-03
7.407500000000475815e+00,5.521778271929946413e+02,3.557077919348921569e+01,1.922618646809825442e-05,0.000000000000000000e+00,7.013163688275040469e-03
7.410000000000476206e+00,5.522667388824733052e+02,3.554390107031384360e+01,1.923008166816665872e-05,0.000000000000000000e+00,7.015111794005002462e-03
7.412500000000476597e+00,5.523555833787288520e+02,3.551702661962587371e+01,1.923191458650022189e-05,0.000000000000000000e+00,7.017059118615064789e-03
7.415000000000476987e+00,5.524443606909401296e+02,3.549015583747320335e+01,1.919626568744179805e-05,0.000000000000000000e+00,7.019005659545160709e-03
7.417500000000477378e+00,5.525330708282763226e+02,3.546328871990927212e+01,1.930161193156327963e-05,0.000000000000000000e+00,7.020951416035463993e-03
7.420000000000477769e+00,5.526217137998967246e+02,3.543642526299753825e+01,1.929821272848261963e-05,0.000000000000000000e+00,7.022896374581163656e-03
7.422500000000478160e+00,5.527102896149507387e+02,3.540956546279869599e+01,1.927100770683672415e-05,0.000000000000000000e+00,7.024840527689069601e-03
7.425000000000478551e+00,5.527987982825777635e+02,3.538270931537599751e+01,1.928551138696283490e-05,0.000000000000000000e+00,7.026783879655116097e-03
7.427500000000478941e+00,5.528872398119076479e+02,3.535585681679656744e+01,1.933305714223475369e-05,0.000000000000000000e+00,7.028726423562840081e-03
7.430000000000479332e+00,5.529756142120602362e+02,3.532900796312960523e+01,1.920749471498621190e-05,0.000000000000000000e+00,7.030668147071084811e-03
7.432500000000479723e+00,5.530639214921455959e+02,3.530216275044700325e+01,1.926162268404375271e-05,0.000000000000000000e+00,7.032609061319920057e-03
7.435000000000480114e+00,5.531521616612639036e+02,3.527532117482154916e+01,1.920375905919625466e-05,0.000000000000000000e+00,7.034549156965057455e-03
7.437500000000480505e+00,5.532403347285055588e+02,3.524848323233480585e+01,1.906484446335165168e-05,0.000000000000000000e+00,7.036488438115039504e-03
7.440000000000480895e+00,5.533284407029512977e+02,3.522164891907425499e+01,1.906379308552368291e-05,0.000000000000000000e+00,7.038426911701493351e-03
7.442500000000481286e+00,5.534164795936718519e+02,3.519481823113453345e+01,1.912020998809989286e-05,0.000000000000000000e+00,7.040364571076885777e-03
7.445000000000481677e+00,5.535044514097284036e+02,3.516799116460929753e+01,1.910328831336065983e-05,0.000000000000000000e+00,7.042301407589462124e-03
7.447500000000482068e+00,5.535923561601721303e+02,3.514116771559650232e+01,1.906270211470287925e-05,0.000000000000000000e+00,7.044237424141790334e-03
7.450000000000482459e+00,5.536801938540447736e+02,3.511434788020167730e+01,1.910499286112983774e-05,0.000000000000000000e+00,7.046172613897919330e-03
7.452500000000482849e+00,5.537679645003780706e+02,3.508753165453341438e+01,1.907524798501569364e-05,0.000000000000000000e+00,7.048106973204805968e-03
7.455000000000483240e+00,5.538556681081942088e+02,3.506071903469388218e+01,1.907670387703290068e-05,0.000000000000000000e+00,7.050040504365406684e-03
7.457500000000483631e+00,5.539433046865054848e+02,3.503391001680410000e+01,1.897158642464225644e-05,0.000000000000000000e+00,7.051973200097983764e-03
7.460000000000484022e+00,5.540308742443145320e+02,3.500710459699700294e+01,1.886322741074765840e-05,0.000000000000000000e+00,7.053905065353736382e-03
7.462500000000484413e+00,5.541183767906144340e+02,3.498030277139744015e+01,1.872582561550688378e-05,0.000000000000000000e+00,7.055836106688144656e-03
7.465000000000484803e+00,5.542058123343884972e+02,3.495350453613046682e+01,1.871730800344547564e-05,0.000000000000000000e+00,7.057766335102568130e-03
7.467500000000485194e+00,5.542931808846103650e+02,3.492670988732992754e+01,1.861214228905572169e-05,0.000000000000000000e+00,7.059695751484962312e-03
7.470000000000485585e+00,5.543804824502440169e+02,3.489991882114266275e+01,1.855642713885922502e-05,0.000000000000000000e+00,7.061624360729423615e-03
7.472500000000485976e+00,5.544677170402437696e+02,3.487313133372198592e+01,1.855659004700078809e-05,0.000000000000000000e+00,7.063552160928706844e-03
7.475000000000486367e+00,5.545548846635543896e+02,3.484634742122022999e+01,1.846419675366544829e-05,0.000000000000000000e+00,7.065479146496165402e-03
7.477500000000486757e+00,5.546419853291109803e+02,3.481956707978726939e+01,1.844205846079460974e-05,0.000000000000000000e+00,7.067405328377442987e-03
7.480000000000487148e+00,5.547290190458389816e+02,3.479279030558303276e+01,1.851247784969650652e-05,0.000000000000000000e+00,7.069330701252193871e-03
7.482500000000487539e+00,5.548159858226543975e+02,3.476601709477390045e+01,1.854601254991709747e-05,0.000000000000000000e+00,7.071255256720505346e-03
7.485000000000487930e+00,5.549028856684634547e+02,3.473924744352762417e+01,1.844500886536110611e-05,0.000000000000000000e+00,7.073178990096883230e-03
7.487500000000488320e+00,5.549897185921629443e+02,3.471248134801861340e+01,1.838643536876930182e-05,0.000000000000000000e+00,7.075101905611305003e-03
7.490000000000488711e+00,5.550764846026399937e+02,3.468571880442168975e+01,1.834468250383985058e-05,0.000000000000000000e+00,7.077024005162419439e-03
7.492500000000489102e+00,5.551631837087721806e+02,3.465895980891581729e+01,1.847253725929590197e-05,0.000000000000000000e+00,7.078945292982682068e-03
7.495000000000489493e+00,5.552498159194276468e+02,3.463220435768665340e+01,1.840570646989554452e-05,0.000000000000000000e+00,7.080865751534384626e-03
7.497500000000489884e+00,5.553363812434648707e+02,3.460545244692691824e+01,1.828947895007759336e-05,0.000000000000000000e+00,7.082785385808760235e-03
7.500000000000490274e+00,5.554228796897328948e+02,3.457870407283238734e+01,1.819634201040481599e-05,0.000000000000000000e+00,7.084704201855516505e-03
7.502500000000490665e+00,5.555093112670712117e+02,3.455195923160485449e+01,1.821268169944065526e-05,0.000000000000000000e+00,7.086622207895079510e-03
7.505000000000491056e+00,5.555956759843098780e+02,3.452521791944872120e+01,1.824903671594879759e-05,0.000000000000000000e+00,7.088539402137714225e-03
7.507500000000491447e+00,5.556819738502694008e+02,3.449848013258182533e+01,1.831420672322977956e-05,0.000000000000000000e+00,7.090455776112550811e-03
7.510000000000491838e+00,5.557682048737608511e+02,3.447174586722567824e+01,1.833232059142164163e-05,0.000000000000000000e+00,7.092371317634378093e-03
7.512500000000492228e+00,5.558543690635858638e+02,3.444501511959865780e+01,1.835226252467650704e-05,0.000000000000000000e+00,7.094286029104756794e-03
7.515000000000492619e+00,5.559404664285365243e+02,3.441828788592831501e+01,1.846558796115007023e-05,0.000000000000000000e+00,7.096199900099319814e-03
7.517500000000493010e+00,5.560264969773957091e+02,3.439156416245258896e+01,1.845333331368328203e-05,0.000000000000000000e+00,7.098112920700731972e-03
7.520000000000493401e+00,5.561124607189367453e+02,3.436484394541069776e+01,1.840965615332636071e-05,0.000000000000000000e+00,7.100025087609966416e-03
7.522500000000493792e+00,5.561983576619236374e+02,3.433812723105288001e+01,1.828557735908218298e-05,0.000000000000000000e+00,7.101936400184829384e-03
7.525000000000494182e+00,5.562841878151108403e+02,3.431141401563051829e+01,1.828572060719833108e-05,0.000000000000000000e+00,7.103846864945473349e-03
7.527500000000494573e+00,5.563699511872436005e+02,3.428470429539291331e+01,1.818610682445556017e-05,0.000000000000000000e+00,7.105756483439670639e-03
7.530000000000494964e+00,5.564556477870578419e+02,3.425799806659799884e+01,1.817163853033371278e-05,0.000000000000000000e+00,7.107665260918853353e-03
7.532500000000495355e+00,5.565412776232799388e+02,3.423129532551148202e+01,1.808369623139716672e-05,0.000000000000000000e+00,7.109573197284362565e-03
7.535000000000495746e+00,5.566268407046271705e+02,3.420459606840417166e+01,1.801077817413963700e-05,0.000000000000000000e+00,7.111480298439529051e-03
7.537500000000496136e+00,5.567123370398072666e+02,3.417790029155339937e+01,1.806395475072681837e-05,0.000000000000000000e+00,7.113386570362895990e-03
7.540000000000496527e+00,5.567977666375188619e+02,3.415120799123931761e+01,1.801616595343988203e-05,0.000000000000000000e+00,7.115292002924654066e-03
7.542500000000496918e+00,5.568831295064510414e+02,3.412451916374925531e+01,1.792273811464854976e-05,0.000000000000000000e+00,7.117196601143693097e-03
7.545000000000497309e+00,5.569684256552839088e+02,3.409783380537525943e+01,1.797895324107517866e-05,0.000000000000000000e+00,7.119100371199930770e-03
7.547500000000497700e+00,5.570536550926880182e+02,3.407115191241637575e+01,1.793843170811648005e-05,0.000000000000000000e+00,7.121003307042936964e-03
7.550000000000498090e+00,5.571388178273249423e+02,3.404447348117783889e+01,1.789443997020718011e-05,0.000000000000000000e+00,7.122905407643627743e-03
7.552500000000498481e+00,5.572239138678468180e+02,3.401779850797111493e+01,1.795656580351654599e-05,0.000000000000000000e+00,7.124806671910293050e-03
7.555000000000498872e+00,5.573089432228965734e+02,3.399112698910918340e+01,1.795077685949564658e-05,0.000000000000000000e+00,7.126707095522831319e-03
7.557500000000499263e+00,5.573939059011080417e+02,3.396445892090824259e+01,1.795874574717603773e-05,0.000000000000000000e+00,7.128606676374060931e-03
7.560000000000499654e+00,5.574788019111058475e+02,3.393779429969578132e+01,1.799807500439583465e-05,0.000000000000000000e+00,7.130505414025141084e-03
7.562500000000500044e+00,5.575636312615052930e+02,3.391113312180723227e+01,1.794233995211858484e-05,0.000000000000000000e+00,7.132403300151695866e-03
7.565000000000500435e+00,5.576483939609125855e+02,3.388447538358670386e+01,1.785180192394929884e-05,0.000000000000000000e+00,7.134300338929719029e-03
7.567500000000500826e+00,5.577330900179249511e+02,3.385782108138116797e+01,1.778606081178611020e-05,0.000000000000000000e+00,7.136196539592943276e-03
7.570000000000501217e+00,5.578177194411302935e+02,3.383117021154505011e+01,1.776407818664443300e-05,0.000000000000000000e+00,7.138091901683610643e-03
7.572500000000501608e+00,5.579022822391074214e+02,3.380452277043469422e+01,1.772585667140961924e-05,0.000000000000000000e+00,7.139986430641073224e-03
7.575000000000501998e+00,5.579867784204261625e+02,3.377787875441323706e+01,1.762527024919494168e-05,0.000000000000000000e+00,7.141880126681633689e-03
7.577500000000502389e+00,5.580712079936471355e+02,3.375123815985158870e+01,1.756419083154001971e-05,0.000000000000000000e+00,7.143772998307739049e-03
7.580000000000502780e+00,5.581555709673218644e+02,3.372460098312487276e+01,1.758888619045784709e-05,0.000000000000000000e+00,7.145665048061033281e-03
7.582500000000503171e+00,5.582398673499930055e+02,3.369796722061366268e+01,1.756882855054183411e-05,0.000000000000000000e+00,7.147556271116940751e-03
7.585000000000503562e+00,5.583240971501940066e+02,3.367133686870185727e+01,1.761785522659971406e-05,0.000000000000000000e+00,7.149446672153531024e-03
7.587500000000503952e+00,5.584082603764492205e+02,3.364470992378426217e+01,1.754421279697821625e-05,0.000000000000000000e+00,7.151336243135972617e-03
7.590000000000504343e+00,5.584923570372742461e+02,3.361808638226339241e+01,1.764197749446252882e-05,0.000000000000000000e+00,7.153224984056176516e-03
7.592500000000504734e+00,5.585763871411754735e+02,3.359146624054365304e+01,1.765034033055530780e-05,0.000000000000000000e+00,7.155112886658619720e-03
7.595000000000505125e+00,5.586603506966503119e+02,3.356484949503094839e+01,1.766073434746392792e-05,0.000000000000000000e+00,7.156999947813625154e-03
7.597500000000505516e+00,5.587442477121873026e+02,3.353823614214338988e+01,1.756013266870539563e-05,0.000000000000000000e+00,7.158886163799926469e-03
7.600000000000505906e+00,5.588280781962658921e+02,3.351162617830111401e+01,1.751652143586758097e-05,0.000000000000000000e+00,7.160771542643015394e-03
7.602500000000506297e+00,5.589118421573567730e+02,3.348501959992815102e+01,1.751101821066095455e-05,0.000000000000000000e+00,7.162656090791227718e-03
7.605000000000506688e+00,5.589955396039215429e+02,3.345841640345985724e+01,1.743542704786368004e-05,0.000000000000000000e+00,7.164539807154176113e-03
7.607500000000507079e+00,5.590791705444129320e+02,3.343181658533949019e+01,1.739682528208308382e-05,0.000000000000000000e+00,7.166422696280390532e-03
7.610000000000507470e+00,5.591627349872748027e+02,3.340522014201623335e+01,1.732988117665262045e-05,0.000000000000000000e+00,7.168304757525684016e-03
7.612500000000507860e+00,5.592462329409421500e+02,3.337862706993738726e+01,1.719046515430128327e-05,0.000000000000000000e+00,7.170186004255161595e-03
7.615000000000508251e+00,5.593296644138411011e+02,3.335203736555963872e+01,1.710120296629731091e-05,0.000000000000000000e+00,7.172066444079352662e-03
7.617500000000508642e+00,5.594130294143888023e+02,3.332545102535279113e+01,1.703384654152386238e-05,0.000000000000000000e+00,7.173946088281285549e-03
7.620000000000509033e+00,5.594963279509937593e+02,3.329886804578660531e+01,1.705574059204081671e-05,0.000000000000000000e+00,7.175824938427120651e-03
7.622500000000509424e+00,5.595795600320556105e+02,3.327228842334240966e+01,1.697392514436836528e-05,0.000000000000000000e+00,7.177702994636334446e-03
7.625000000000509814e+00,5.596627256659651266e+02,3.324571215449876149e+01,1.689633292830598592e-05,0.000000000000000000e+00,7.179580263962540704e-03
7.627500000000510205e+00,5.597458248611042109e+02,3.321913923574238225e+01,1.688058375816785351e-05,0.000000000000000000e+00,7.181456750103414402e-03
7.630000000000510596e+00,5.598288576258462399e+02,3.319256966356698513e+01,1.688051141630905893e-05,0.000000000000000000e+00,7.183332459833308321e-03
7.632500000000510987e+00,5.599118239685556091e+02,3.316600343447557009e+01,1.685554261318655066e-05,0.000000000000000000e+00,7.185207390603126111e-03
7.635000000000511378e+00,5.599947238975880737e+02,3.313944054498212921e+01,1.690528580055817174e-05,0.000000000000000000e+00,7.187081544457403319e-03
7.637500000000511768e+00,5.600775574212906349e+02,3.311288099160385912e+01,1.699435532906089355e-05,0.000000000000000000e+00,7.188954911186760596e-03
7.640000000000512159e+00,5.601603245480015403e+02,3.308632477086424473e+01,1.687446189212131313e-05,0.000000000000000000e+00,7.190827483806962704e-03
7.642500000000512550e+00,5.602430252860505107e+02,3.305977187929068606e+01,1.674153801239492399e-05,0.000000000000000000e+00,7.192699276429679808e-03
7.645000000000512941e+00,5.603256596437583994e+02,3.303322231342140469e+01,1.671477018408430083e-05,0.000000000000000000e+00,7.194570296259240189e-03
7.647500000000513332e+00,5.604082276294376470e+02,3.300667606979925495e+01,1.657194342177820004e-05,0.000000000000000000e+00,7.196440547214401524e-03
7.650000000000513722e+00,5.604907292513918264e+02,3.298013314496655823e+01,1.655873091269642527e-05,0.000000000000000000e+00,7.198310048952409265e-03
7.652500000000514113e+00,5.605731645179158704e+02,3.295359353547978287e+01,1.649725956542951534e-05,0.000000000000000000e+00,7.200178793868182783e-03
7.655000000000514504e+00,5.606555334372962989e+02,3.292705723789990202e+01,1.646804492034046661e-05,0.000000000000000000e+00,7.202046791602672443e-03
7.657500000000514895e+00,5.607378360178109915e+02,3.290052424879056048e+01,1.649842949759221244e-05,0.000000000000000000e+00,7.203914045296406013e-03
7.660000000000515286e+00,5.608200722677290742e+02,3.287399456472178372e+01,1.657158966199396050e-05,0.000000000000000000e+00,7.205780548373640938e-03
7.662500000000515676e+00,5.609022421953111461e+02,3.284746818226928156e+01,1.654347792054165685e-05,0.000000000000000000e+00,7.207646292407800942e-03
7.665000000000516067e+00,5.609843458088093939e+02,3.282094509801375182e+01,1.640430999520266846e-05,0.000000000000000000e+00,7.209511282198700216e-03
7.667500000000516458e+00,5.610663831164673638e+02,3.279442530854245774e+01,1.637320467069215509e-05,0.000000000000000000e+00,7.211375532427283588e-03
7.670000000000516849e+00,5.611483541265200756e+02,3.276790881045656789e+01,1.639088318249800819e-05,0.000000000000000000e+00,7.213239041832312549e-03
7.672500000000517240e+00,5.612302588471941363e+02,3.274139560035801821e+01,1.633088866604049576e-05,0.000000000000000000e+00,7.215101817483928447e-03
7.675000000000517630e+00,5.613120972867075125e+02,3.271488567485807408e+01,1.647095057855014918e-05,0.000000000000000000e+00,7.216963855829144382e-03
7.677500000000518021e+00,5.613938694532697582e+02,3.268837903057466576e+01,1.635267461529133198e-05,0.000000000000000000e+00,7.218825144825191664e-03
7.680000000000518412e+00,5.614755753550820145e+02,3.266187566412432375e+01,1.622773221133933975e-05,0.000000000000000000e+00,7.220685694779114573e-03
7.682500000000518803e+00,5.615572150003370098e+02,3.263537557212913498e+01,1.625780268933712115e-05,0.000000000000000000e+00,7.222545518597836035e-03
7.685000000000519194e+00,5.616387883972189456e+02,3.260887875122110557e+01,1.625169795277341388e-05,0.000000000000000000e+00,7.224404616612918953e-03
7.687500000000519584e+00,5.617202955539034974e+02,3.258238519804117317e+01,1.617485011675759963e-05,0.000000000000000000e+00,7.226262987664868950e-03
7.690000000000519975e+00,5.618017364785582686e+02,3.255589490923930640e+01,1.617984114767968205e-05,0.000000000000000000e+00,7.228120636291012271e-03
7.692500000000520366e+00,5.618831111793422224e+02,3.252940788146491258e+01,1.611277373462677466e-05,0.000000000000000000e+00,7.229977563401496742e-03
7.695000000000520757e+00,5.619644196644060230e+02,3.250292411137169069e+01,1.602788751212249019e-05,0.000000000000000000e+00,7.231833779501856303e-03
7.697500000000521148e+00,5.620456619418919217e+02,3.247644359562141858e+01,1.604243154622630497e-05,0.000000000000000000e+00,7.233689288292498992e-03
7.700000000000521538e+00,5.621268380199339845e+02,3.244996633088593541e+01,1.599746810020492570e-05,0.000000000000000000e+00,7.235544090755735396e-03
7.702500000000521929e+00,5.622079479066578642e+02,3.242349231383719399e+01,1.604650150678505616e-05,0.000000000000000000e+00,7.237398191571479955e-03
7.705000000000522320e+00,5.622889916101808012e+02,3.239702154115558841e+01,1.602127222381292035e-05,0.000000000000000000e+00,7.239251587062951569e-03
7.707500000000522711e+00,5.623699691386118502e+02,3.237055400952928608e+01,1.606320410444728365e-05,0.000000000000000000e+00,7.241104282907382360e-03
7.710000000000523102e+00,5.624508805000518805e+02,3.234408971565818547e+01,1.612939249723329690e-05,0.000000000000000000e+00,7.242956273494363488e-03
7.712500000000523492e+00,5.625317257025932349e+02,3.231762865624972392e+01,1.613440427374861428e-05,0.000000000000000000e+00,7.244807546724619379e-03
7.715000000000523883e+00,5.626125047543202982e+02,3.229117082801550964e+01,1.622009210137745225e-05,0.000000000000000000e+00,7.246658101547035109e-03
7.717500000000524274e+00,5.626932176633091558e+02,3.226471622766978697e+01,1.612506163256701629e-05,0.000000000000000000e+00,7.248507929662085549e-03
7.720000000000524665e+00,5.627738644376277080e+02,3.223826485193374936e+01,1.611785473590415018e-05,0.000000000000000000e+00,7.250357039268957686e-03
7.722500000000525056e+00,5.628544450853355556e+02,3.221181669753229926e+01,1.615968935558086733e-05,0.000000000000000000e+00,7.252205436399841026e-03
7.725000000000525446e+00,5.629349596144842280e+02,3.218537176120003096e+01,1.614552246748007891e-05,0.000000000000000000e+00,7.254053109195953385e-03
7.727500000000525837e+00,5.630154080331169553e+02,3.215893003967651254e+01,1.606659060452868054e-05,0.000000000000000000e+00,7.255900064591583841e-03
7.730000000000526228e+00,5.630957903492690093e+02,3.213249152970636402e+01,1.608867292280332143e-05,0.000000000000000000e+00,7.257746310710857032e-03
7.732500000000526619e+00,5.631761065709673630e+02,3.210605622804585835e+01,1.607870406865492740e-05,0.000000000000000000e+00,7.259591846044426491e-03
7.735000000000527010e+00,5.632563567062309176e+02,3.207962413145406089e+01,1.606077909272601777e-05,0.000000000000000000e+00,7.261436673155207376e-03
7.737500000000527400e+00,5.633365407630706159e+02,3.205319523669766113e+01,1.602071538775889472e-05,0.000000000000000000e+00,7.263280795128968306e-03
7.740000000000527791e+00,5.634166587494892156e+02,3.202676954055320380e+01,1.599097357775260746e-05,0.000000000000000000e+00,7.265124210391457268e-03
7.742500000000528182e+00,5.634967106734812887e+02,3.200034703979792994e+01,1.594967943601726708e-05,0.000000000000000000e+00,7.266966928811254174e-03
7.745000000000528573e+00,5.635766965430335631e+02,3.197392773121677578e+01,1.585436455341277423e-05,0.000000000000000000e+00,7.268808952359642403e-03
7.747500000000528964e+00,5.636566163661246947e+02,3.194751161160381159e+01,1.584744947685395617e-05,0.000000000000000000e+00,7.270650287736489178e-03
7.750000000000529354e+00,5.637364701507251539e+02,3.192109867775877419e+01,1.582318016005447819e-05,0.000000000000000000e+00,7.272490940779627322e-03
7.752500000000529745e+00,5.638162579047976806e+02,3.189468892648258702e+01,1.581601267034349925e-05,0.000000000000000000e+00,7.274330910048542459e-03
7.755000000000530136e+00,5.638959796362968291e+02,3.186828235458336422e+01,1.585117699104422785e-05,0.000000000000000000e+00,7.276170199889690077e-03
7.757500000000530527e+00,5.639756353531691957e+02,3.184187895887503217e+01,1.582645667957809923e-05,0.000000000000000000e+00,7.278008802790080813e-03
7.760000000000530918e+00,5.640552250633535323e+02,3.181547873617931543e+01,1.573831950073199714e-05,0.000000000000000000e+00,7.279846720737122301e-03
7.762500000000531308e+00,5.641347487747805189e+02,3.178908168331681594e+01,1.576459531239121715e-05,0.000000000000000000e+00,7.281683970492806510e-03
7.765000000000531699e+00,5.642142064953729914e+02,3.176268779711975654e+01,1.566874451062605847e-05,0.000000000000000000e+00,7.283520543603367974e-03
7.767500000000532090e+00,5.642935982330457136e+02,3.173629707442719905e+01,1.556623120321974315e-05,0.000000000000000000e+00,7.285356455518547138e-03
7.770000000000532481e+00,5.643729239957057189e+02,3.170990951208309028e+01,1.554628097382103246e-05,0.000000000000000000e+00,7.287191716925490483e-03
7.772500000000532872e+00,5.644521837912520823e+02,3.168352510693904733e+01,1.558459633377803447e-05,0.000000000000000000e+00,7.289026331743519473e-03
7.775000000000533262e+00,5.645313776275760347e+02,3.165714385585565438e+01,1.557176896376539834e-05,0.000000000000000000e+00,7.290860291435660896e-03
7.777500000000533653e+00,5.646105055125609624e+02,3.163076575569709448e+01,1.543102679976725140e-05,0.000000000000000000e+00,7.292693602167744753e-03
7.780000000000534044e+00,5.646895674540824075e+02,3.160439080332978889e+01,1.531755513868655514e-05,0.000000000000000000e+00,7.294526275401936460e-03
7.782500000000534435e+00,5.647685634600079538e+02,3.157801899562626247e+01,1.529980201660451316e-05,0.000000000000000000e+00,7.296358328647165221e-03
7.785000000000534826e+00,5.648474935381975683e+02,3.155165032946484871e+01,1.523760409581485305e-05,0.000000000000000000e+00,7.298189763044534741e-03
7.787500000000535216e+00,5.649263576965033735e+02,3.152528480173305070e+01,1.526190668979766232e-05,0.000000000000000000e+00,7.300020586273805491e-03
7.790000000000535607e+00,5.650051559427696475e+02,3.149892240932487653e+01,1.530168721568103679e-05,0.000000000000000000e+00,7.301850796137267577e-03
7.792500000000535998e+00,5.650838882848329376e+02,3.147256314913932229e+01,1.529245551922790334e-05,0.000000000000000000e+00,7.303680391710661197e-03
7.795000000000536389e+00,5.651625547305220607e+02,3.144620701808240071e+01,1.537210779316886572e-05,0.000000000000000000e+00,7.305509375347895087e-03
7.797500000000536780e+00,5.652411552876579890e+02,3.141985401306923364e+01,1.533519531605991709e-05,0.000000000000000000e+00,7.307337732385778446e-03
7.800000000000537170e+00,5.653196899640541915e+02,3.139350413101686144e+01,1.516061989876695882e-05,0.000000000000000000e+00,7.309165468287868832e-03
7.802500000000537561e+00,5.653981587675162928e+02,3.136715736884301009e+01,1.504981333946404752e-05,0.000000000000000000e+00,7.310992605777866769e-03
7.805000000000537952e+00,5.654765617058423004e+02,3.134081372347326422e+01,1.502641502942766103e-05,0.000000000000000000e+00,7.312819155650187100e-03
7.807500000000538343e+00,5.655548987868223776e+02,3.131447319183788025e+01,1.499379314836481163e-05,0.000000000000000000e+00,7.314645120454746699e-03
7.810000000000538734e+00,5.656331700182391842e+02,3.128813577086951270e+01,1.485998052413745576e-05,0.000000000000000000e+00,7.316470508576923028e-03
7.812500000000539124e+00,5.657113754078676493e+02,3.126180145751348860e+01,1.488364494967869489e-05,0.000000000000000000e+00,7.318295333605373196e-03
7.815000000000539515e+00,5.657895149634749714e+02,3.123547024872046052e+01,1.483066801884692280e-05,0.000000000000000000e+00,7.320119594588701990e-03
7.817500000000539906e+00,5.658675886928209593e+02,3.120914214144424648e+01,1.487328600684018789e-05,0.000000000000000000e+00,7.321943298504171929e-03
7.820000000000540297e+00,5.659455966036575774e+02,3.118281713264353527e+01,1.474948420126871925e-05,0.000000000000000000e+00,7.323766441870330039e-03
7.822500000000540687e+00,5.660235387037294004e+02,3.115649521928465049e+01,1.468411844231717776e-05,0.000000000000000000e+00,7.325589040383958736e-03
7.825000000000541078e+00,5.661014150007731587e+02,3.113017639834109218e+01,1.476780763918369493e-05,0.000000000000000000e+00,7.327411098389773579e-03
7.827500000000541469e+00,5.661792255025183067e+02,3.110386066679016182e+01,1.476853824678197676e-05,0.000000000000000000e+00,7.329232611149255963e-03
7.830000000000541860e+00,5.662569702166865682e+02,3.107754802161379004e+01,1.478505822349904712e-05,0.000000000000000000e+00,7.331053576373018459e-03
7.832500000000542251e+00,5.663346491509921634e+02,3.105123845980188690e+01,1.480107080909027840e-05,0.000000000000000000e+00,7.332873993496183927e-03
7.835000000000542641e+00,5.664122623131418095e+02,3.102493197834662553e+01,1.470747786117787719e-05,0.000000000000000000e+00,7.334693860069421700e-03
7.837500000000543032e+00,5.664898097108347201e+02,3.099862857424635010e+01,1.475334235128790719e-05,0.000000000000000000e+00,7.336513190765011662e-03
7.840000000000543423e+00,5.665672913517624920e+02,3.097232824450675537e+01,1.472281221344662780e-05,0.000000000000000000e+00,7.338331982367132106e-03
7.842500000000543814e+00,5.666447072436094459e+02,3.094603098614192405e+01,1.477253119715942515e-05,0.000000000000000000e+00,7.340150235738709950e-03
7.845000000000544205e+00,5.667220573940522854e+02,3.091973679617058934e+01,1.467692002811764975e-05,0.000000000000000000e+00,7.341967945233662633e-03
7.847500000000544595e+00,5.667993418107603247e+02,3.089344567161167632e+01,1.467355669792483752e-05,0.000000000000000000e+00,7.343785124931147268e-03
7.850000000000544986e+00,5.668765605013952609e+02,3.086715760949007858e+01,1.474230054305285595e-05,0.000000000000000000e+00,7.345601772136226698e-03
7.852500000000545377e+00,5.669537134736116286e+02,3.084087260683779164e+01,1.470545635007538118e-05,0.000000000000000000e+00,7.347417883450899426e-03
7.855000000000545768e+00,5.670308007350564594e+02,3.081459066069352914e+01,1.474133172637643997e-05,0.000000000000000000e+00,7.349233462666077479e-03
7.857500000000546159e+00,5.671078222933692814e+02,3.078831176810163583e+01,1.468571301024067703e-05,0.000000000000000000e+00,7.351048501361459077e-03
7.860000000000546549e+00,5.671847781561822330e+02,3.076203592610831450e+01,1.458407246578049196e-05,0.000000000000000000e+00,7.352863011823848605e-03
7.862500000000546940e+00,5.672616683311202905e+02,3.073576313176436869e+01,1.464998566599413495e-05,0.000000000000000000e+00,7.354677008849240354e-03
7.865000000000547331e+00,5.673384928258008131e+02,3.070949338213021917e+01,1.464364102979469429e-05,0.000000000000000000e+00,7.356490482604823543e-03
7.867500000000547722e+00,5.674152516478338839e+02,3.068322667427416306e+01,1.474300595012753765e-05,0.000000000000000000e+00,7.358303438962773314e-03
7.870000000000548113e+00,5.674919448048223103e+02,3.065696300526682450e+01,1.471066420040961092e-05,0.000000000000000000e+00,7.360115864133140451e-03
7.872500000000548503e+00,5.675685723043615099e+02,3.063070237218814285e+01,1.457058049544776614e-05,0.000000000000000000e+00,7.361927765567085301e-03
7.875000000000548894e+00,5.676451341540397380e+02,3.060444477212142900e+01,1.453250789322523784e-05,0.000000000000000000e+00,7.363739154489993069e-03
7.877500000000549285e+00,5.677216303614378603e+02,3.057819020215448091e+01,1.451916661023794981e-05,0.000000000000000000e+00,7.365550038900502833e-03
7.880000000000549676e+00,5.677980609341294667e+02,3.055193865937611619e+01,1.446385887726757213e-05,0.000000000000000000e+00,7.367360418432359823e-03
7.882500000000550067e+00,5.678744258796807571e+02,3.052569014088022925e+01,1.444664899362597095e-05,0.000000000000000000e+00,7.369170302122392616e-03
7.885000000000550457e+00,5.679507252056508833e+02,3.049944464376514475e+01,1.443860244895605086e-05,0.000000000000000000e+00,7.370979687911153981e-03
7.887500000000550848e+00,5.680269589195917206e+02,3.047320216513623947e+01,1.433742603463065111e-05,0.000000000000000000e+00,7.372788578839334882e-03
7.890000000000551239e+00,5.681031270290477551e+02,3.044696270209804112e+01,1.430537894060240022e-05,0.000000000000000000e+00,7.374596989080084083e-03
7.892500000000551630e+00,5.681792295415563103e+02,3.042072625176115963e+01,1.419814743568510891e-05,0.000000000000000000e+00,7.376404926445794680e-03
7.895000000000552021e+00,5.682552664646475478e+02,3.039449281124682045e+01,1.414751406896797683e-05,0.000000000000000000e+00,7.378212403380814306e-03
7.897500000000552411e+00,5.683312378058444665e+02,3.036826237768316972e+01,1.402289068721325136e-05,0.000000000000000000e+00,7.380019427964274945e-03
7.900000000000552802e+00,5.684071435726626760e+02,3.034203494820247471e+01,1.397547904276891900e-05,0.000000000000000000e+00,7.381826013893183665e-03
7.902500000000553193e+00,5.684829837726108508e+02,3.031581051994098885e+01,1.397387830115050940e-05,0.000000000000000000e+00,7.383632165320399079e-03
7.905000000000553584e+00,5.685587584131903895e+02,3.028958909003527467e+01,1.396443671421979198e-05,0.000000000000000000e+00,7.385437886944278343e-03
7.907500000000553975e+00,5.686344675018955286e+02,3.026337065562977102e+01,1.397454892935421872e-05,0.000000000000000000e+00,7.387243177570410567e-03
7.910000000000554365e+00,5.687101110462133420e+02,3.023715521386950300e+01,1.391399003385021848e-05,0.000000000000000000e+00,7.389048038138081725e-03
7.912500000000554756e+00,5.687856890536239689e+02,3.021094276190493844e+01,1.392511027373885518e-05,0.000000000000000000e+00,7.390852478675173989e-03
7.915000000000555147e+00,5.688612015316001589e+02,3.018473329689517470e+01,1.388445301218785245e-05,0.000000000000000000e+00,7.392656498654477139e-03
7.917500000000555538e+00,5.689366484876077266e+02,3.015852681600554774e+01,1.383727772535821875e-05,0.000000000000000000e+00,7.394460099922096040e-03
7.920000000000555929e+00,5.690120299291054380e+02,3.013232331640496042e+01,1.387673253247259643e-05,0.000000000000000000e+00,7.396263294888567701e-03
7.922500000000556319e+00,5.690873458635447832e+02,3.010612279526544199e+01,1.386962999531194764e-05,0.000000000000000000e+00,7.398066071915572472e-03
7.925000000000556710e+00,5.691625962983704312e+02,3.007992524976419446e+01,1.398060042915331486e-05,0.000000000000000000e+00,7.399868438350366839e-03
7.927500000000557101e+00,5.692377812410197748e+02,3.005373067708202228e+01,1.390771240849881512e-05,0.000000000000000000e+00,7.401670378610771157e-03
7.930000000000557492e+00,5.693129006989233858e+02,3.002753907440505543e+01,1.384987533494191402e-05,0.000000000000000000e+00,7.403471900433394523e-03
7.932500000000557883e+00,5.693879546795045599e+02,3.000135043892039022e+01,1.375767920796348311e-05,0.000000000000000000e+00,7.405273017451259598e-03
7.935000000000558273e+00,5.694629431901797716e+02,2.997516476782262984e+01,1.366006720206141509e-05,0.000000000000000000e+00,7.407073742064738779e-03
7.937500000000558664e+00,5.695378662383583332e+02,2.994898205831421123e+01,1.353740424273756846e-05,0.000000000000000000e+00,7.408874082532069041e-03
7.940000000000559055e+00,5.696127238314426222e+02,2.992280230760317394e+01,1.355536136397416622e-05,0.000000000000000000e+00,7.410674052039640733e-03
7.942500000000559446e+00,5.696875159768280810e+02,2.989662551289290349e+01,1.355673927158980851e-05,0.000000000000000000e+00,7.412473657271875967e-03
7.945000000000559837e+00,5.697622426819032171e+02,2.987045167139732627e+01,1.357302162666330874e-05,0.000000000000000000e+00,7.414272892974855048e-03
7.947500000000560227e+00,5.698369039540493759e+02,2.984428078033537801e+01,1.357899396904710389e-05,0.000000000000000000e+00,7.416071753390578863e-03
7.950000000000560618e+00,5.699114998006410815e+02,2.981811283692274017e+01,1.359035617014185724e-05,0.000000000000000000e+00,7.417870243060295000e-03
7.952500000000561009e+00,5.699860302290458094e+02,2.979194783838064353e+01,1.360489860444431747e-05,0.000000000000000000e+00,7.419668362119300614e-03
7.955000000000561400e+00,5.700604952466243276e+02,2.976578578193652191e+01,1.357394408315437736e-05,0.000000000000000000e+00,7.421466111419393503e-03
7.957500000000561791e+00,5.701348948607301281e+02,2.973962666482300321e+01,1.345196082581365371e-05,0.000000000000000000e+00,7.423263499507020205e-03
7.960000000000562181e+00,5.702092290787101092e+02,2.971347048427957560e+01,1.336761541504657097e-05,0.000000000000000000e+00,7.425060540266200521e-03
7.962500000000562572e+00,5.702834979079041204e+02,2.968731723755247032e+01,1.342896067270411916e-05,0.000000000000000000e+00,7.426857239458782046e-03
7.965000000000562963e+00,5.703577013556450765e+02,2.966116692189022075e+01,1.338414323707515250e-05,0.000000000000000000e+00,7.428653590713896540e-03
7.967500000000563354e+00,5.704318394292590710e+02,2.963501953454198201e+01,1.332030214114783457e-05,0.000000000000000000e+00,7.430449602240316205e-03
7.970000000000563745e+00,5.705059121360653762e+02,2.960887507276203223e+01,1.338704048099074415e-05,0.000000000000000000e+00,7.432245283919352088e-03
7.972500000000564135e+00,5.705799194833763295e+02,2.958273353381108350e+01,1.332647473043675373e-05,0.000000000000000000e+00,7.434040630952045217e-03
7.975000000000564526e+00,5.706538614784974470e+02,2.955659491495767810e+01,1.338562477971346729e-05,0.000000000000000000e+00,7.435835646271213642e-03
7.977500000000564917e+00,5.707277381287274238e+02,2.953045921347396430e+01,1.335189322399992207e-05,0.000000000000000000e+00,7.437630328530774396e-03
7.980000000000565308e+00,5.708015494413581337e+02,2.950432642663345817e+01,1.330304150101394050e-05,0.000000000000000000e+00,7.439424680182995901e-03
7.982500000000565699e+00,5.708752954236746291e+02,2.947819655171553777e+01,1.324288116275254382e-05,0.000000000000000000e+00,7.441218712840355631e-03
7.985000000000566089e+00,5.709489760829552552e+02,2.945206958600488534e+01,1.326750479181071444e-05,0.000000000000000000e+00,7.443012426597970209e-03
7.987500000000566480e+00,5.710225914264714220e+02,2.942594552678916031e+01,1.320899717547017666e-05,0.000000000000000000e+00,7.444805820248825978e-03
7.990000000000566871e+00,5.710961414614878322e+02,2.939982437135344284e+01,1.315368193759635859e-05,0.000000000000000000e+00,7.446598902807623384e-03
7.992500000000567262e+00,5.711696261952623672e+02,2.937370611698738188e+01,1.318916845755220714e-05,0.000000000000000000e+00,7.448391684721410166e-03
7.995000000000567653e+00,5.712430456350462009e+02,2.934759076098637820e+01,1.309205154376308739e-05,0.000000000000000000e+00,7.450184159137371136e-03
7.997500000000568043e+00,5.713163997880836860e+02,2.932147830064993954e+01,1.308946720740529928e-05,0.000000000000000000e+00,7.451976338727887665e-03
8.000000000000568434e+00,5.713896886616124675e+02,2.929536873327909774e+01,1.305889013207657412e-05,0.000000000000000000e+00,7.453768227258563035e-03
8.002500000000567937e+00,5.714629122628634832e+02,2.926926205618127241e+01,1.298381059533486399e-05,0.000000000000000000e+00,7.455559825903406920e-03
8.005000000000567439e+00,5.715360705990608494e+02,2.924315826666513018e+01,1.298352322042534207e-05,0.000000000000000000e+00,7.457351146086155409e-03
8.007500000000566942e+00,5.716091636774219751e+02,2.921705736204246406e+01,1.299224901654634962e-05,0.000000000000000000e+00,7.459142188134842977e-03
8.010000000000566445e+00,5.716821915051575616e+02,2.919095933963302869e+01,1.288790006153983951e-05,0.000000000000000000e+00,7.460932951194844225e-03
8.012500000000565947e+00,5.717551540894717164e+02,2.916486419675918640e+01,1.289056324255451874e-05,0.000000000000000000e+00,7.462723451040185335e-03
8.015000000000565450e+00,5.718280514375616121e+02,2.913877193074580418e+01,1.287705238612805084e-05,0.000000000000000000e+00,7.464513678858689626e-03
8.017500000000564953e+00,5.719008835566179414e+02,2.911268253891767088e+01,1.284399539172812232e-05,0.000000000000000000e+00,7.466303644012067288e-03
8.020000000000564455e+00,5.719736504538246891e+02,2.908659601860114563e+01,1.277523818327906624e-05,0.000000000000000000e+00,7.468093351132444602e-03
8.022500000000563958e+00,5.720463521363591326e+02,2.906051236713024721e+01,1.278395940612354086e-05,0.000000000000000000e+00,7.469882807110543935e-03
8.025000000000563460e+00,5.721189886113918419e+02,2.903443158184323991e+01,1.278989378956291222e-05,0.000000000000000000e+00,7.471672015692552675e-03
8.027500000000562963e+00,5.721915598860866794e+02,2.900835366008252336e+01,1.278611174848504592e-05,0.000000000000000000e+00,7.473460970862714353e-03
8.030000000000562466e+00,5.722640659676010273e+02,2.898227859919345661e+01,1.274666096537321969e-05,0.000000000000000000e+00,7.475249680724436671e-03
8.032500000000561968e+00,5.723365068630855603e+02,2.895620639652233308e+01,1.269617872517646015e-05,0.000000000000000000e+00,7.477038146727706461e-03
8.035000000000561471e+00,5.724088825796843594e+02,2.893013704941985154e+01,1.265065851396144806e-05,0.000000000000000000e+00,7.478826375425337569e-03
8.037500000000560973e+00,5.724811931245347978e+02,2.890407055523909463e+01,1.257066742907934167e-05,0.000000000000000000e+00,7.480614376398410717e-03
8.040000000000560476e+00,5.725534385047676551e+02,2.887800691133956832e+01,1.248330397630825859e-05,0.000000000000000000e+00,7.482402157413832813e-03
8.042500000000559979e+00,5.726256187275072307e+02,2.885194611508311624e+01,1.252977054200576232e-05,0.000000000000000000e+00,7.484189732435661199e-03
8.045000000000559481e+00,5.726977337998710027e+02,2.882588816383460184e+01,1.248595121081258350e-05,0.000000000000000000e+00,7.485977096007253792e-03
8.047500000000558984e+00,5.727697837289700828e+02,2.879983305496356749e+01,1.251905437320096079e-05,0.000000000000000000e+00,7.487764250060723048e-03
8.050000000000558487e+00,5.728417685219089890e+02,2.877378078584138521e+01,1.249613245382763205e-05,0.000000000000000000e+00,7.489551193087386899e-03
8.052500000000557989e+00,5.729136881857854178e+02,2.874773135384003098e+01,1.252349840294803438e-05,0.000000000000000000e+00,7.491337926708745154e-03
8.055000000000557492e+00,5.729855427276908131e+02,2.872168475633608864e+01,1.244198089354999510e-05,0.000000000000000000e+00,7.493124454060137891e-03
8.057500000000556994e+00,5.730573321547099113e+02,2.869564099070919738e+01,1.240349817923739981e-05,0.000000000000000000e+00,7.494910782014611514e-03
8.060000000000556497e+00,5.731290564739209685e+02,2.866960005434250647e+01,1.240598853628840055e-05,0.000000000000000000e+00,7.496696917526431310e-03
8.062500000000556000e+00,5.732007156923955336e+02,2.864356194462389027e+01,1.233678697819963145e-05,0.000000000000000000e+00,7.498482861761200484e-03
8.065000000000555502e+00,5.732723098171987886e+02,2.861752665894578129e+01,1.226830844934770488e-05,0.000000000000000000e+00,7.500268619139462828e-03
8.067500000000555005e+00,5.733438388553894356e+02,2.859149419470518438e+01,1.221137619012087574e-05,0.000000000000000000e+00,7.502054198074850980e-03
8.070000000000554508e+00,5.734153028140194692e+02,2.856546454929306122e+01,1.223748871286173391e-05,0.000000000000000000e+00,7.503839604592574784e-03
8.072500000000554010e+00,5.734867017001345175e+02,2.853943772010148194e+01,1.217591245521732127e-05,0.000000000000000000e+00,7.505624841475240852e-03
8.075000000000553513e+00,5.735580355207737284e+02,2.851341370452988855e+01,1.213667616727966215e-05,0.000000000000000000e+00,7.507409911405715265e-03
8.077500000000553015e+00,5.736293042829695423e+02,2.848739249998185485e+01,1.220166774851453345e-05,0.000000000000000000e+00,7.509194820935505624e-03
8.080000000000552518e+00,5.737005079937481469e+02,2.846137410386197431e+01,1.224513818890463025e-05,0.000000000000000000e+00,7.510979565490802715e-03
8.082500000000552021e+00,5.737716466601291359e+02,2.843535851357711053e+01,1.226472192279224704e-05,0.000000000000000000e+00,7.512764137267462054e-03
8.085000000000551523e+00,5.738427202891256229e+02,2.840934572653812040e+01,1.221256848711890342e-05,0.000000000000000000e+00,7.514548538199403681e-03
8.087500000000551026e+00,5.739137288877442415e+02,2.838333574015970839e+01,1.217204919209512797e-05,0.000000000000000000e+00,7.516332772103295062e-03
8.090000000000550529e+00,5.739846724629851451e+02,2.835732855185878165e+01,1.204786090559590827e-05,0.000000000000000000e+00,7.518116845622844352e-03
8.092500000000550031e+00,5.740555510218420068e+02,2.833132415905273760e+01,1.197507831487451136e-05,0.000000000000000000e+00,7.519900771620528258e-03
8.095000000000549534e+00,5.741263645713022470e+02,2.830532255916133266e+01,1.182307543097081110e-05,0.000000000000000000e+00,7.521684563332925282e-03
8.097500000000549036e+00,5.741971131183465786e+02,2.827932374960760953e+01,1.185743122749740576e-05,0.000000000000000000e+00,7.523468238044439364e-03
8.100000000000548539e+00,5.742677966699494618e+02,2.825332772781774793e+01,1.189463705009630250e-05,0.000000000000000000e+00,7.525251793771485335e-03
8.102500000000548042e+00,5.743384152330787629e+02,2.822733449122296889e+01,1.182851929790138486e-05,0.000000000000000000e+00,7.527035225196127867e-03
8.105000000000547544e+00,5.744089688146960953e+02,2.820134403725474925e+01,1.174112204046516977e-05,0.000000000000000000e+00,7.528818540004300446e-03
8.107500000000547047e+00,5.744794574217564787e+02,2.817535636334546467e+01,1.177540470019195593e-05,0.000000000000000000e+00,7.530601748333746147e-03
8.110000000000546549e+00,5.745498810612086800e+02,2.814937146693056036e+01,1.184052831199136341e-05,0.000000000000000000e+00,7.532384850040428279e-03
8.112500000000546052e+00,5.746202397399949859e+02,2.812338934544878910e+01,1.179767798835269935e-05,0.000000000000000000e+00,7.534167831964671234e-03
8.115000000000545555e+00,5.746905334650512032e+02,2.809740999633904579e+01,1.185386771215759884e-05,0.000000000000000000e+00,7.535950705107447717e-03
8.117500000000545057e+00,5.747607622433068855e+02,2.807143341704004769e+01,1.181472321776159144e-05,0.000000000000000000e+00,7.537733459930778812e-03
8.120000000000544560e+00,5.748309260816851065e+02,2.804545960499795498e+01,1.172104125678439130e-05,0.000000000000000000e+00,7.539516105415694849e-03
8.122500000000544063e+00,5.749010249871024598e+02,2.801948855766129043e+01,1.175202870283914244e-05,0.000000000000000000e+00,7.541298648971360256e-03
8.125000000000543565e+00,5.749710589664693998e+02,2.799352027248050589e+01,1.181110636602014233e-05,0.000000000000000000e+00,7.543081088008648204e-03
8.127500000000543068e+00,5.750410280266897871e+02,2.796755474690629484e+01,1.188103512030920828e-05,0.000000000000000000e+00,7.544863415086265450e-03
8.130000000000542570e+00,5.751109321746611158e+02,2.794159197839169551e+01,1.184054678866548612e-05,0.000000000000000000e+00,7.546645623970523083e-03
8.132500000000542073e+00,5.751807714172747410e+02,2.791563196439093630e+01,1.189869281993022894e-05,0.000000000000000000e+00,7.548427721452757692e-03
8.135000000000541576e+00,5.752505457614154238e+02,2.788967470236373813e+01,1.181037947193329415e-05,0.000000000000000000e+00,7.550209699646040322e-03
8.137500000000541078e+00,5.753202552139616728e+02,2.786372018977328935e+01,1.188102190525601443e-05,0.000000000000000000e+00,7.551991569192027798e-03
8.140000000000540581e+00,5.753898997817856298e+02,2.783776842408489216e+01,1.189391203751485129e-05,0.000000000000000000e+00,7.553773318986518361e-03
8.142500000000540084e+00,5.754594794717530704e+02,2.781181940276470854e+01,1.176606974863807399e-05,0.000000000000000000e+00,7.555554949146477475e-03
8.145000000000539586e+00,5.755289942907235172e+02,2.778587312327726622e+01,1.185367821565731532e-05,0.000000000000000000e+00,7.557336473310812854e-03
8.147500000000539089e+00,5.755984442455501267e+02,2.775992958308911795e+01,1.186534329808196894e-05,0.000000000000000000e+00,7.559117885326109045e-03
8.150000000000538591e+00,5.756678293430798021e+02,2.773398877967111531e+01,1.192248961645082928e-05,0.000000000000000000e+00,7.560899179037172506e-03
8.152500000000538094e+00,5.757371495901528533e+02,2.770805071049620949e+01,1.184680138296616469e-05,0.000000000000000000e+00,7.562680349652386481e-03
8.155000000000537597e+00,5.758064049936035644e+02,2.768211537303831449e+01,1.185005830866022937e-05,0.000000000000000000e+00,7.564461406293082266e-03
8.157500000000537099e+00,5.758755955602597396e+02,2.765618276477142246e+01,1.185983741258423856e-05,0.000000000000000000e+00,7.566242346809648640e-03
8.160000000000536602e+00,5.759447212969429302e+02,2.763025288317266615e+01,1.185483249424050898e-05,0.000000000000000000e+00,7.568023175129943644e-03
8.162500000000536104e+00,5.760137822104684346e+02,2.760432572572193521e+01,1.184527551702248018e-05,0.000000000000000000e+00,7.569803885472469601e-03
8.165000000000535607e+00,5.760827783076451851e+02,2.757840128989913353e+01,1.174787508707388557e-05,0.000000000000000000e+00,7.571584483615514082e-03
8.167500000000535110e+00,5.761517095952757472e+02,2.755247957318376351e+01,1.168112771965881389e-05,0.000000000000000000e+00,7.573364975382211595e-03
8.170000000000534612e+00,5.762205760801565475e+02,2.752656057305624770e+01,1.165969259287219974e-05,0.000000000000000000e+00,7.575145378075089607e-03
8.172500000000534115e+00,5.762893777690775323e+02,2.750064428700136787e+01,1.170679449757725648e-05,0.000000000000000000e+00,7.576925686645064571e-03
8.175000000000533618e+00,5.763581146688225090e+02,2.747473071250587751e+01,1.178420601869438087e-05,0.000000000000000000e+00,7.578705895375725636e-03
8.177500000000533120e+00,5.764267867861689183e+02,2.744881984705557443e+01,1.179136711681557247e-05,0.000000000000000000e+00,7.580485998089307037e-03
8.180000000000532623e+00,5.764953941278880620e+02,2.742291168813903823e+01,1.175956075122434817e-05,0.000000000000000000e+00,7.582265992027482221e-03
8.182500000000532125e+00,5.765639367007447618e+02,2.739700623324824136e+01,1.179337604103058323e-05,0.000000000000000000e+00,7.584045883432591166e-03
8.185000000000531628e+00,5.766324145114975863e+02,2.737110347987786696e+01,1.180573337073555836e-05,0.000000000000000000e+00,7.585825667453797994e-03
8.187500000000531131e+00,5.767008275668989654e+02,2.734520342552412586e+01,1.191261684161659561e-05,0.000000000000000000e+00,7.587605347911995091e-03
8.190000000000530633e+00,5.767691758736950760e+02,2.731930606768574066e+01,1.187308285941694568e-05,0.000000000000000000e+00,7.589384907434818493e-03
8.192500000000530136e+00,5.768374594386257286e+02,2.729341140386272357e+01,1.182651034991821117e-05,0.000000000000000000e+00,7.591164352395354288e-03
8.195000000000529639e+00,5.769056782684245945e+02,2.726751943155712254e+01,1.183761358349239698e-05,0.000000000000000000e+00,7.592943681679478925e-03
8.197500000000529141e+00,5.769738323698189788e+02,2.724163014826952178e+01,1.173842275113900337e-05,0.000000000000000000e+00,7.594722904669381873e-03
8.200000000000528644e+00,5.770419217495301609e+02,2.721574355150330859e+01,1.173347539612051466e-05,0.000000000000000000e+00,7.596502026567512715e-03
8.202500000000528146e+00,5.771099464142728266e+02,2.718985963876571432e+01,1.170303191871338932e-05,0.000000000000000000e+00,7.598281049302510991e-03
8.205000000000527649e+00,5.771779063707557498e+02,2.716397840756371096e+01,1.168975830163280785e-05,0.000000000000000000e+00,7.600059977653969220e-03
8.207500000000527152e+00,5.772458016256813380e+02,2.713809985540540737e+01,1.172556148636863580e-05,0.000000000000000000e+00,7.601838811914936843e-03
8.210000000000526654e+00,5.773136321857457460e+02,2.711222397979944176e+01,1.177222568749472593e-05,0.000000000000000000e+00,7.603617546202527666e-03
8.212500000000526157e+00,5.773813980576389895e+02,2.708635077825466553e+01,1.177444373890147973e-05,0.000000000000000000e+00,7.605396170637685783e-03
8.215000000000525660e+00,5.774490992480448313e+02,2.706048024828070098e+01,1.181363397278553057e-05,0.000000000000000000e+00,7.607174692058744914e-03
8.217500000000525162e+00,5.775167357636406678e+02,2.703461238738928074e+01,1.178955667765437195e-05,0.000000000000000000e+00,7.608953104553063153e-03
8.220000000000524665e+00,5.775843076110978700e+02,2.700874719309661742e+01,1.176251484083145779e-05,0.000000000000000000e+00,7.610731411756846421e-03
8.222500000000524167e+00,5.776518147970815562e+02,2.698288466292008536e+01,1.172531500886603318e-05,0.000000000000000000e+00,7.612509616068712480e-03
8.225000000000523670e+00,5.777192573282505919e+02,2.695702479437876775e+01,1.163189153020796602e-05,0.000000000000000000e+00,7.614287720661677868e-03
8.227500000000523173e+00,5.777866352112575896e+02,2.693116758499134278e+01,1.160663836900772889e-05,0.000000000000000000e+00,7.616065737206537990e-03
8.230000000000522675e+00,5.778539484527491368e+02,2.690531303227863091e+01,1.160495418316946100e-05,0.000000000000000000e+00,7.617843669087398344e-03
8.232500000000522178e+00,5.779211970593654542e+02,2.687946113376237633e+01,1.154908056159331968e-05,0.000000000000000000e+00,7.619621517173574832e-03
8.235000000000521680e+00,5.779883810377406235e+02,2.685361188696349544e+01,1.150429480935561686e-05,0.000000000000000000e+00,7.621399286358979987e-03
8.237500000000521183e+00,5.780555003945024737e+02,2.682776528940632943e+01,1.149998870986306688e-05,0.000000000000000000e+00,7.623176982445399943e-03
8.240000000000520686e+00,5.781225551362728083e+02,2.680192133861517689e+01,1.147779516844625240e-05,0.000000000000000000e+00,7.624954602578180689e-03
8.242500000000520188e+00,5.781895452696670645e+02,2.677608003211628329e+01,1.144267354588197285e-05,0.000000000000000000e+00,7.626732151036681208e-03
8.245000000000519691e+00,5.782564708012946539e+02,2.675024136743545355e+01,1.143044380317600799e-05,0.000000000000000000e+00,7.628509635743421780e-03
8.247500000000519194e+00,5.783233317377586218e+02,2.672440534210058516e+01,1.147736841875641313e-05,0.000000000000000000e+00,7.630287051613095228e-03
8.250000000000518696e+00,5.783901280856559879e+02,2.669857195363982783e+01,1.153397934634047194e-05,0.000000000000000000e+00,7.632064397949607330e-03
8.252500000000518199e+00,5.784568598515775193e+02,2.667274119958283762e+01,1.142209413860797229e-05,0.000000000000000000e+00,7.633841663521563799e-03
8.255000000000517701e+00,5.785235270421078440e+02,2.664691307746217319e+01,1.139008437999848476e-05,0.000000000000000000e+00,7.635618859498104899e-03
8.257500000000517204e+00,5.785901296638253370e+02,2.662108758480811233e+01,1.142443017222513460e-05,0.000000000000000000e+00,7.637395996506075521e-03
8.260000000000516707e+00,5.786566677233023483e+02,2.659526471915249246e+01,1.140960731529283322e-05,0.000000000000000000e+00,7.639173066827713472e-03
8.262500000000516209e+00,5.787231412271048612e+02,2.656944447802939280e+01,1.143981303371831220e-05,0.000000000000000000e+00,7.640950072820127184e-03
8.265000000000515712e+00,5.787895501817929471e+02,2.654362685897232055e+01,1.145253722369821187e-05,0.000000000000000000e+00,7.642727009482885164e-03
8.267500000000515215e+00,5.788558945939203113e+02,2.651781185951698561e+01,1.146586541748580474e-05,0.000000000000000000e+00,7.644503878374756152e-03
8.270000000000514717e+00,5.789221744700345198e+02,2.649199947720070369e+01,1.138020242636537276e-05,0.000000000000000000e+00,7.646280669362625314e-03
8.272500000000514220e+00,5.789883898166769995e+02,2.646618970956054184e+01,1.140825793971305065e-05,0.000000000000000000e+00,7.648057396844355760e-03
8.275000000000513722e+00,5.790545406403831521e+02,2.644038255413041938e+01,1.140013820899458696e-05,0.000000000000000000e+00,7.649834052471984544e-03
8.277500000000513225e+00,5.791206269476820125e+02,2.641457800844657200e+01,1.141254913804932331e-05,0.000000000000000000e+00,7.651610642600943472e-03
8.280000000000512728e+00,5.791866487450965906e+02,2.638877607004699755e+01,1.137122156176183693e-05,0.000000000000000000e+00,7.653387165890886308e-03
8.282500000000512230e+00,5.792526060391436431e+02,2.636297673647391449e+01,1.135159177591213103e-05,0.000000000000000000e+00,7.655163625140137124e-03
8.285000000000511733e+00,5.793184988363339016e+02,2.633718000527069947e+01,1.127269746370082266e-05,0.000000000000000000e+00,7.656940017161047857e-03
8.287500000000511235e+00,5.793843271431719586e+02,2.631138587397572337e+01,1.131876508421886815e-05,0.000000000000000000e+00,7.658716353987394393e-03
8.290000000000510738e+00,5.794500909661560399e+02,2.628559434012754892e+01,1.123965854762519483e-05,0.000000000000000000e+00,7.660492631592167104e-03
8.292500000000510241e+00,5.795157903117784599e+02,2.625980540126862550e+01,1.119132861698598229e-05,0.000000000000000000e+00,7.662268859607520438e-03
8.295000000000509743e+00,5.795814251865252800e+02,2.623401905494188213e+01,1.123274431610020259e-05,0.000000000000000000e+00,7.664045042423663946e-03
8.297500000000509246e+00,5.796469955968764225e+02,2.620823529869359803e+01,1.114610690979467474e-05,0.000000000000000000e+00,7.665821173793261646e-03
8.300000000000508749e+00,5.797125015493056708e+02,2.618245413006659561e+01,1.117124631225915497e-05,0.000000000000000000e+00,7.667597263754157358e-03
8.302500000000508251e+00,5.797779430502807827e+02,2.615667554660545235e+01,1.115500026029706591e-05,0.000000000000000000e+00,7.669373310023936373e-03
8.305000000000507754e+00,5.798433201062631497e+02,2.613089954585528929e+01,1.111283942416403852e-05,0.000000000000000000e+00,7.671149311013142694e-03
8.307500000000507256e+00,5.799086327237082514e+02,2.610512612536050980e+01,1.108140268282803029e-05,0.000000000000000000e+00,7.672925275131936042e-03
8.310000000000506759e+00,5.799738809090653149e+02,2.607935528266619940e+01,1.111990148823014937e-05,0.000000000000000000e+00,7.674701205920590394e-03
8.312500000000506262e+00,5.800390646687774279e+02,2.605358701532115262e+01,1.108667917310556638e-05,0.000000000000000000e+00,7.676477094449317418e-03
8.315000000000505764e+00,5.801041840092815391e+02,2.602782132087334688e+01,1.099828871102703351e-05,0.000000000000000000e+00,7.678252944873068669e-03
8.317500000000505267e+00,5.801692389370085721e+02,2.600205819687097275e+01,1.092809223211813168e-05,0.000000000000000000e+00,7.680028766562597455e-03
8.320000000000504770e+00,5.802342294583831972e+02,2.597629764086114079e+01,1.096644020762241209e-05,0.000000000000000000e+00,7.681804569267092209e-03
8.322500000000504272e+00,5.802991555798239460e+02,2.595053965039092247e+01,1.095430752445489996e-05,0.000000000000000000e+00,7.683580347568921311e-03
8.325000000000503775e+00,5.803640173077433246e+02,2.592478422300902707e+01,1.088976424484625771e-05,0.000000000000000000e+00,7.685356102144009355e-03
8.327500000000503277e+00,5.804288146485477000e+02,2.589903135626378372e+01,1.089271127287456251e-05,0.000000000000000000e+00,7.687131841839511988e-03
8.330000000000502780e+00,5.804935476086373001e+02,2.587328104770502080e+01,1.091830708789176488e-05,0.000000000000000000e+00,7.688907566003910440e-03
8.332500000000502283e+00,5.805582161944060999e+02,2.584753329488342644e+01,1.086828549272339502e-05,0.000000000000000000e+00,7.690683267094191623e-03
8.335000000000501785e+00,5.806228204122421630e+02,2.582178809534699226e+01,1.085551061511256533e-05,0.000000000000000000e+00,7.692458954580835492e-03
8.337500000000501288e+00,5.806873602685271862e+02,2.579604544664631049e+01,1.089021632640919280e-05,0.000000000000000000e+00,7.694234630814657770e-03
8.340000000000500791e+00,5.807518357696369549e+02,2.577030534633546566e+01,1.089942819997576385e-05,0.000000000000000000e+00,7.696010287379038625e-03
8.342500000000500293e+00,5.808162469219411150e+02,2.574456779196918532e+01,1.089129954154355814e-05,0.000000000000000000e+00,7.697785925406271101e-03
8.345000000000499796e+00,5.808805937318030601e+02,2.571883278110222193e+01,1.084308404065022158e-05,0.000000000000000000e+00,7.699561541067176038e-03
8.347500000000499298e+00,5.809448762055801581e+02,2.569310031128788196e+01,1.079251520761423294e-05,0.000000000000000000e+00,7.701337139841207997e-03
8.350000000000498801e+00,5.810090943496236378e+02,2.566737038007803662e+01,1.081158653160185367e-05,0.000000000000000000e+00,7.703112730489836829e-03
8.352500000000498304e+00,5.810732481702785890e+02,2.564164298502742767e+01,1.084989870922853071e-05,0.000000000000000000e+00,7.704888307925326744e-03
8.355000000000497806e+00,5.811373376738840761e+02,2.561591812369096033e+01,1.077866408515718462e-05,0.000000000000000000e+00,7.706663870694485143e-03
8.357500000000497309e+00,5.812013628667729108e+02,2.559019579362432140e+01,1.087766681236791336e-05,0.000000000000000000e+00,7.708439421105725900e-03
8.360000000000496811e+00,5.812653237552719929e+02,2.556447599238223134e+01,1.078984836407451784e-05,0.000000000000000000e+00,7.710214948432048999e-03
8.362500000000496314e+00,5.813292203457019696e+02,2.553875871751704452e+01,1.080807533943643153e-05,0.000000000000000000e+00,7.711990459145971408e-03
8.365000000000495817e+00,5.813930526443773488e+02,2.551304396658115792e+01,1.081180914423684958e-05,0.000000000000000000e+00,7.713765955345859744e-03
8.367500000000495319e+00,5.814568206576066132e+02,2.548733173712698274e+01,1.081913428297844666e-05,0.000000000000000000e+00,7.715541432881506054e-03
8.370000000000494822e+00,5.815205243916921063e+02,2.546162202670976882e+01,1.083741601213916058e-05,0.000000000000000000e+00,7.717316888885780192e-03
8.372500000000494325e+00,5.815841638529299189e+02,2.543591483288216537e+01,1.084104091871602367e-05,0.000000000000000000e+00,7.719092322295135339e-03
8.375000000000493827e+00,5.816477390476102300e+02,2.541021015319959275e+01,1.080854799138148846e-05,0.000000000000000000e+00,7.720867733157754306e-03
8.377500000000493330e+00,5.817112499820169660e+02,2.538450798521844121e+01,1.080355125953974009e-05,0.000000000000000000e+00,7.722643124879216732e-03
8.380000000000492832e+00,5.817746966624280276e+02,2.535880832649517913e+01,1.086473726083189433e-05,0.000000000000000000e+00,7.724418496109681370e-03
8.382500000000492335e+00,5.818380790951151766e+02,2.533311117458673678e+01,1.089420444382003880e-05,0.000000000000000000e+00,7.726193838941198752e-03
8.385000000000491838e+00,5.819013972863440358e+02,2.530741652704856293e+01,1.087639069113369310e-05,0.000000000000000000e+00,7.727969148537392786e-03
8.387500000000491340e+00,5.819646512423740887e+02,2.528172438143741374e+01,1.082897569412110551e-05,0.000000000000000000e+00,7.729744426059117005e-03
8.390000000000490843e+00,5.820278409694589072e+02,2.525603473531002763e+01,1.086753398447270554e-05,0.000000000000000000e+00,7.731519676247322961e-03
8.392500000000490346e+00,5.820909664738456968e+02,2.523034758622182139e+01,1.078920065382764914e-05,0.000000000000000000e+00,7.733294894010415976e-03
8.395000000000489848e+00,5.821540277617757511e+02,2.520466293172975725e+01,1.086115059023074363e-05,0.000000000000000000e+00,7.735070090907019899e-03
8.397500000000489351e+00,5.822170248394841110e+02,2.517898076939117757e+01,1.083993015012165984e-05,0.000000000000000000e+00,7.736845256335198734e-03
8.400000000000488853e+00,5.822799577131997921e+02,2.515330109676320092e+01,1.085614562554263973e-05,0.000000000000000000e+00,7.738620390963572154e-03
8.402500000000488356e+00,5.823428263891456709e+02,2.512762391140318030e+01,1.083637355269724609e-05,0.000000000000000000e+00,7.740395495638806647e-03
8.405000000000487859e+00,5.824056308735384846e+02,2.510194921086911890e+01,1.084347752470502768e-05,0.000000000000000000e+00,7.742170570566824297e-03
8.407500000000487361e+00,5.824683711725890589e+02,2.507627699272133981e+01,1.084676435715961345e-05,0.000000000000000000e+00,7.743945613030604920e-03
8.410000000000486864e+00,5.825310472925018530e+02,2.505060725451977177e+01,1.082791692117517657e-05,0.000000000000000000e+00,7.745720621448497906e-03
8.412500000000486367e+00,5.825936592394754143e+02,2.502493999382283718e+01,1.085555011337683698e-05,0.000000000000000000e+00,7.747495595578146772e-03
8.415000000000485869e+00,5.826562070197020375e+02,2.499927520818812710e+01,1.077351411616901295e-05,0.000000000000000000e+00,7.749270531517277183e-03
8.417500000000485372e+00,5.827186906393681056e+02,2.497361289517224847e+01,1.079578793842537329e-05,0.000000000000000000e+00,7.751045437740942262e-03
8.420000000000484874e+00,5.827811101046536351e+02,2.494795305233282079e+01,1.082119429767412960e-05,0.000000000000000000e+00,7.752820313073371591e-03
8.422500000000484377e+00,5.828434654217327306e+02,2.492229567722804973e+01,1.081584810336351728e-05,0.000000000000000000e+00,7.754595151428360714e-03
8.425000000000483880e+00,5.829057565967734718e+02,2.489664076741741638e+01,1.085234048114966314e-05,0.000000000000000000e+00,7.756369951283722738e-03
8.427500000000483382e+00,5.829679836359375713e+02,2.487098832045942487e+01,1.081730809897261417e-05,0.000000000000000000e+00,7.758144710324407604e-03
8.430000000000482885e+00,5.830301465453808305e+02,2.484533833391155966e+01,1.075852228933830862e-05,0.000000000000000000e+00,7.759919432080099669e-03
8.432500000000482387e+00,5.830922453312527978e+02,2.481969080533206906e+01,1.070213370964193385e-05,0.000000000000000000e+00,7.761694119635326357e-03
8.435000000000481890e+00,5.831542799996971098e+02,2.479404573227688147e+01,1.069391465111850849e-05,0.000000000000000000e+00,7.763468779845524026e-03
8.437500000000481393e+00,5.832162505568511506e+02,2.476840311230261449e+01,1.065400024096578443e-05,0.000000000000000000e+00,7.765243415337770919e-03
8.440000000000480895e+00,5.832781570088462786e+02,2.474276294296683432e+01,1.068828397338812744e-05,0.000000000000000000e+00,7.767018028749283001e-03
8.442500000000480398e+00,5.833399993618075996e+02,2.471712522182771465e+01,1.061385276351210765e-05,0.000000000000000000e+00,7.768792615477185769e-03
8.445000000000479901e+00,5.834017776218543077e+02,2.469148994644302775e+01,1.056655394402732484e-05,0.000000000000000000e+00,7.770567185304561551e-03
8.447500000000479403e+00,5.834634917950994577e+02,2.466585711437101480e+01,1.059081567512678696e-05,0.000000000000000000e+00,7.772341738321258617e-03
8.450000000000478906e+00,5.835251418876498519e+02,2.464022672316951557e+01,1.056784451245643171e-05,0.000000000000000000e+00,7.774116273852982144e-03
8.452500000000478408e+00,5.835867279056062671e+02,2.461459877039526134e+01,1.058165074486253100e-05,0.000000000000000000e+00,7.775890792611399836e-03
8.455000000000477911e+00,5.836482498550634546e+02,2.458897325360612385e+01,1.061097282594159711e-05,0.000000000000000000e+00,7.777665293559979723e-03
8.457500000000477414e+00,5.837097077421099129e+02,2.456335017036035495e+01,1.068559307858039408e-05,0.000000000000000000e+00,7.779439772902072177e-03
8.460000000000476916e+00,5.837711015728281154e+02,2.453772951821735049e+01,1.081357547773442329e-05,0.000000000000000000e+00,7.781214217859099523e-03
8.462500000000476419e+00,5.838324313532945098e+02,2.451211129473524863e+01,1.090231671728623379e-05,0.000000000000000000e+00,7.782988614508156398e-03
8.465000000000475922e+00,5.838936970895792911e+02,2.448649549747298693e+01,1.098373336736239880e-05,0.000000000000000000e+00,7.784762945407262651e-03
8.467500000000475424e+00,5.839548987877466288e+02,2.446088212398712969e+01,1.100754394655789743e-05,0.000000000000000000e+00,7.786537202210933387e-03
8.470000000000474927e+00,5.840160364538546673e+02,2.443527117183259634e+01,1.101751029854257442e-05,0.000000000000000000e+00,7.788311384141884119e-03
8.472500000000474429e+00,5.840771100939552980e+02,2.440966263856693885e+01,1.105860801925196420e-05,0.000000000000000000e+00,7.790085481602089350e-03
8.475000000000473932e+00,5.841381197140942731e+02,2.438405652174795435e+01,1.112247549919513435e-05,0.000000000000000000e+00,7.791859495393733785e-03
8.477500000000473435e+00,5.841990653203114334e+02,2.435845281893328362e+01,1.108429016899661624e-05,0.000000000000000000e+00,7.793633413678281198e-03
8.480000000000472937e+00,5.842599469186403667e+02,2.433285152768061366e+01,1.105074111124413319e-05,0.000000000000000000e+00,7.795407241071058806e-03
8.482500000000472440e+00,5.843207645151086354e+02,2.430725264554693865e+01,1.109295041028719651e-05,0.000000000000000000e+00,7.797180977957360835e-03
8.485000000000471942e+00,5.843815181157375491e+02,2.428165617008940558e+01,1.119953222527463052e-05,0.000000000000000000e+00,7.798954619042468631e-03
8.487500000000471445e+00,5.844422077265425060e+02,2.425606209886435138e+01,1.125212820542929657e-05,0.000000000000000000e+00,7.800728151348822192e-03
8.490000000000470948e+00,5.845028333535326510e+02,2.423047042942973306e+01,1.128775365836328563e-05,0.000000000000000000e+00,7.802501564518461372e-03
8.492500000000470450e+00,5.845633950027109904e+02,2.420488115934374918e+01,1.128143252201274204e-05,0.000000000000000000e+00,7.804274854082049809e-03
8.495000000000469953e+00,5.846238926800746185e+02,2.417929428616204390e+01,1.125049112550447757e-05,0.000000000000000000e+00,7.806048021267142888e-03
8.497500000000469456e+00,5.846843263916143769e+02,2.415370980744021168e+01,1.128563898659435599e-05,0.000000000000000000e+00,7.807821065802015258e-03
8.500000000000468958e+00,5.847446961433150818e+02,2.412812772073462142e+01,1.128885996125247633e-05,0.000000000000000000e+00,7.809593984047159820e-03
8.502500000000468461e+00,5.848050019411552967e+02,2.410254802360048743e+01,1.128109865664206587e-05,0.000000000000000000e+00,7.811366775605128009e-03
8.505000000000467963e+00,5.848652437911076731e+02,2.407697071359604379e+01,1.121831130444900385e-05,0.000000000000000000e+00,7.813139435718072928e-03
8.507500000000467466e+00,5.849254216991386102e+02,2.405139578827870750e+01,1.118295983887014902e-05,0.000000000000000000e+00,7.814911974701506045e-03
8.510000000000466969e+00,5.849855356712083676e+02,2.402582324520339085e+01,1.120669950933919986e-05,0.000000000000000000e+00,7.816684393746007112e-03
8.512500000000466471e+00,5.850455857132711799e+02,2.400025308192664397e+01,1.125348513513960108e-05,0.000000000000000000e+00,7.818456690801877176e-03
8.515000000000465974e+00,5.851055718312752560e+02,2.397468529600455867e+01,1.128672370641134725e-05,0.000000000000000000e+00,7.820228856517841276e-03
8.517500000000465477e+00,5.851654940311625523e+02,2.394911988499337951e+01,1.134628557914781783e-05,0.000000000000000000e+00,7.822000887622896151e-03
8.520000000000464979e+00,5.852253523188688860e+02,2.392355684644890346e+01,1.141211257669931745e-05,0.000000000000000000e+00,7.823772777246716312e-03
8.522500000000464482e+00,5.852851467003240487e+02,2.389799617792790443e+01,1.150870710315746053e-05,0.000000000000000000e+00,7.825544513299196800e-03
8.525000000000463984e+00,5.853448771814518068e+02,2.387243787698710307e+01,1.154806271263075142e-05,0.000000000000000000e+00,7.827316081837714518e-03
8.527500000000463487e+00,5.854045437681696740e+02,2.384688194118250593e+01,1.154166533430601416e-05,0.000000000000000000e+00,7.829087476261459289e-03
8.530000000000462990e+00,5.854641464663890247e+02,2.382132836806969323e+01,1.153598798555769168e-05,0.000000000000000000e+00,7.830858696037988967e-03
8.532500000000462492e+00,5.855236852820153217e+02,2.379577715520234804e+01,1.145852075492124676e-05,0.000000000000000000e+00,7.832629740490350267e-03
8.535000000000461995e+00,5.855831602209476614e+02,2.377022830013518728e+01,1.143231855414548974e-05,0.000000000000000000e+00,7.834400616182820090e-03
8.537500000000461498e+00,5.856425712890792283e+02,2.374468180042277154e+01,1.136090766178901086e-05,0.000000000000000000e+00,7.836171327464114267e-03
8.540000000000461000e+00,5.857019184922970680e+02,2.371913765361847126e+01,1.130369989377496676e-05,0.000000000000000000e+00,7.837941881228426347e-03
8.542500000000460503e+00,5.857612018364819733e+02,2.369359585727658768e+01,1.133847115201562809e-05,0.000000000000000000e+00,7.839712285971970479e-03
8.545000000000460005e+00,5.858204213275088250e+02,2.366805640895161389e+01,1.131882522028348536e-05,0.000000000000000000e+00,7.841482533202407887e-03
8.547500000000459508e+00,5.858795769712461379e+02,2.364251930619808917e+01,1.132076654705586858e-05,0.000000000000000000e+00,7.843252625697690050e-03
8.550000000000459011e+00,5.859386687735566284e+02,2.361698454657004476e+01,1.143183546518742189e-05,0.000000000000000000e+00,7.845022559975168772e-03
8.552500000000458513e+00,5.859976967402965329e+02,2.359145212762273403e+01,1.138544352029465881e-05,0.000000000000000000e+00,7.846792322824362731e-03
8.555000000000458016e+00,5.860566608773162898e+02,2.356592204691211734e+01,1.147195263887887118e-05,0.000000000000000000e+00,7.848561920855012461e-03
8.557500000000457518e+00,5.861155611904600846e+02,2.354039430199530614e+01,1.149710658321710922e-05,0.000000000000000000e+00,7.850331339028330038e-03
8.560000000000457021e+00,5.861743976855659639e+02,2.351486889042890738e+01,1.156266034472063826e-05,0.000000000000000000e+00,7.852100569034800928e-03
8.562500000000456524e+00,5.862331703684659487e+02,2.348934580976663256e+01,1.157093654116222961e-05,0.000000000000000000e+00,7.853869604305086308e-03
8.565000000000456026e+00,5.862918792449859211e+02,2.346382505756146131e+01,1.155924061846089008e-05,0.000000000000000000e+00,7.855638442226121898e-03
8.567500000000455529e+00,5.863505243209456239e+02,2.343830663136694170e+01,1.165602624384520281e-05,0.000000000000000000e+00,7.857407081020836154e-03
8.570000000000455032e+00,5.864091056021586610e+02,2.341279052873622035e+01,1.173996113837313632e-05,0.000000000000000000e+00,7.859175508741598690e-03
8.572500000000454534e+00,5.864676230944326107e+02,2.338727674722207439e+01,1.170340331071395389e-05,0.000000000000000000e+00,7.860943714079382874e-03
8.575000000000454037e+00,5.865260768035687988e+02,2.336176528437849598e+01,1.172114733737457362e-05,0.000000000000000000e+00,7.862711701129536032e-03
8.577500000000453539e+00,5.865844667353626392e+02,2.333625613776197483e+01,1.171105389067799377e-05,0.000000000000000000e+00,7.864479463401788037e-03
8.580000000000453042e+00,5.866427928956031792e+02,2.331074930492614072e+01,1.170120938519388959e-05,0.000000000000000000e+00,7.866247003354479711e-03
8.582500000000452545e+00,5.867010552900735547e+02,2.328524478342503912e+01,1.177114845259010651e-05,0.000000000000000000e+00,7.868014322088395449e-03
8.585000000000452047e+00,5.867592539245507623e+02,2.325974257081524144e+01,1.179854616682207995e-05,0.000000000000000000e+00,7.869781407167748474e-03
8.587500000000451550e+00,5.868173888048055460e+02,2.323424266465189092e+01,1.184518485336778563e-05,0.000000000000000000e+00,7.871548251619295625e-03
8.590000000000451053e+00,5.868754599366026241e+02,2.320874506248806313e+01,1.185619162032689688e-05,0.000000000000000000e+00,7.873314850061693959e-03
8.592500000000450555e+00,5.869334673257006898e+02,2.318324976187681230e+01,1.185426563110957694e-05,0.000000000000000000e+00,7.875081199743901028e-03
8.595000000000450058e+00,5.869914109778521834e+02,2.315775676037243969e+01,1.185709320222275278e-05,0.000000000000000000e+00,7.876847298009737736e-03
8.597500000000449560e+00,5.870492908988035197e+02,2.313226605552831572e+01,1.189233117893042404e-05,0.000000000000000000e+00,7.878613141554342489e-03
8.600000000000449063e+00,5.871071070942948609e+02,2.310677764489722819e+01,1.192932582181868004e-05,0.000000000000000000e+00,7.880378725302913598e-03
8.602500000000448566e+00,5.871648595700604574e+02,2.308129152603317635e+01,1.199435432504365958e-05,0.000000000000000000e+00,7.882144044939804264e-03
8.605000000000448068e+00,5.872225483318283068e+02,2.305580769649006712e+01,1.204221348030944344e-05,0.000000000000000000e+00,7.883909089568527651e-03
8.607500000000447571e+00,5.872801733853203814e+02,2.303032615382372228e+01,1.204095618576936530e-05,0.000000000000000000e+00,7.885673850315331329e-03
8.610000000000447073e+00,5.873377347362524006e+02,2.300484689558872020e+01,1.201714561204787639e-05,0.000000000000000000e+00,7.887438328698979581e-03
8.612500000000446576e+00,5.873952323903340584e+02,2.297936991933899620e+01,1.196464595081531390e-05,0.000000000000000000e+00,7.889202521538241086e-03
8.615000000000446079e+00,5.874526663532690236e+02,2.295389522262797755e+01,1.205878545772945179e-05,0.000000000000000000e+00,7.890966438125765828e-03
8.617500000000445581e+00,5.875100366307545983e+02,2.292842280300936864e+01,1.211348036766162567e-05,0.000000000000000000e+00,7.892730060881061188e-03
8.620000000000445084e+00,5.875673432284822866e+02,2.290295265803820612e+01,1.209790882300799277e-05,0.000000000000000000e+00,7.894493384893619403e-03
8.622500000000444587e+00,5.876245861521372262e+02,2.287748478526789953e+01,1.206631547736957415e-05,0.000000000000000000e+00,7.896256411166355238e-03
8.625000000000444089e+00,5.876817654073985295e+02,2.285201918225277495e+01,1.200571095868385315e-05,0.000000000000000000e+00,7.898019138318146046e-03
8.627500000000443592e+00,5.877388809999391697e+02,2.282655584654666825e+01,1.201447566886580251e-05,0.000000000000000000e+00,7.899781571490361795e-03
8.630000000000443094e+00,5.877959329354260944e+02,2.280109477570180232e+01,1.205910722622828728e-05,0.000000000000000000e+00,7.901543708853007997e-03
8.632500000000442597e+00,5.878529212195201126e+02,2.277563596727062034e+01,1.206060089661680691e-05,0.000000000000000000e+00,7.903305544350138975e-03
8.635000000000442100e+00,5.879098458578757800e+02,2.275017941880729566e+01,1.211105659645790566e-05,0.000000000000000000e+00,7.905067077107134910e-03
8.637500000000441602e+00,5.879667068561416272e+02,2.272472512786713139e+01,1.224410133685501283e-05,0.000000000000000000e+00,7.906828295884684235e-03
8.640000000000441105e+00,5.880235042199601594e+02,2.269927309200405219e+01,1.222722662234195209e-05,0.000000000000000000e+00,7.908589183468562114e-03
8.642500000000440608e+00,5.880802379549675152e+02,2.267382330877172691e+01,1.220359652913352706e-05,0.000000000000000000e+00,7.910349739350210074e-03
8.645000000000440110e+00,5.881369080667940352e+02,2.264837577572377825e+01,1.221540986416824040e-05,0.000000000000000000e+00,7.912109965239385451e-03
8.647500000000439613e+00,5.881935145610636937e+02,2.262293049041408111e+01,1.229272000214652355e-05,0.000000000000000000e+00,7.913869858032437227e-03
8.650000000000439115e+00,5.882500574433945530e+02,2.259748745039675555e+01,1.236585878991266186e-05,0.000000000000000000e+00,7.915629409367092723e-03
8.652500000000438618e+00,5.883065367193984230e+02,2.257204665322760206e+01,1.234291597824691705e-05,0.000000000000000000e+00,7.917388603880271339e-03
8.655000000000438121e+00,5.883629523946809741e+02,2.254660809646123454e+01,1.238038857742015422e-05,0.000000000000000000e+00,7.919147441390479367e-03
8.657500000000437623e+00,5.884193044748418515e+02,2.252117177764989719e+01,1.236634031505563429e-05,0.000000000000000000e+00,7.920905912909177726e-03
8.660000000000437126e+00,5.884755929654745614e+02,2.249573769434606518e+01,1.240657524142494480e-05,0.000000000000000000e+00,7.922664022719532254e-03
8.662500000000436629e+00,5.885318178721665845e+02,2.247030584410286735e+01,1.239107772708760780e-05,0.000000000000000000e+00,7.924421762814194692e-03
8.665000000000436131e+00,5.885879792004990350e+02,2.244487622447432784e+01,1.242644313234681543e-05,0.000000000000000000e+00,7.926179134324806697e-03
8.667500000000435634e+00,5.886440769560471153e+02,2.241944883301439972e+01,1.244172975027167518e-05,0.000000000000000000e+00,7.927936128986888889e-03
8.670000000000435136e+00,5.887001111443798891e+02,2.239402366727690108e+01,1.254058419912476860e-05,0.000000000000000000e+00,7.929692745339569915e-03
8.672500000000434639e+00,5.887560817710601668e+02,2.236860072481617934e+01,1.253741001067430780e-05,0.000000000000000000e+00,7.931448967536787464e-03
8.675000000000434142e+00,5.888119888416448475e+02,2.234318000318760866e+01,1.259815798546819692e-05,0.000000000000000000e+00,7.933204796903630882e-03
8.677500000000433644e+00,5.888678323616846910e+02,2.231776149994662717e+01,1.268827795360896088e-05,0.000000000000000000e+00,7.934960218156660722e-03
8.680000000000433147e+00,5.889236123367240907e+02,2.229234521264813651e+01,1.267699777587726948e-05,0.000000000000000000e+00,7.936715220604240173e-03
8.682500000000432649e+00,5.889793287723016419e+02,2.226693113884592989e+01,1.278593964617814615e-05,0.000000000000000000e+00,7.938469803379267706e-03
8.685000000000432152e+00,5.890349816739496873e+02,2.224151927609426949e+01,1.278162288594926268e-05,0.000000000000000000e+00,7.940223950200926348e-03
8.687500000000431655e+00,5.890905710471944303e+02,2.221610962194813865e+01,1.272918526818491953e-05,0.000000000000000000e+00,7.941977661659625765e-03
8.690000000000431157e+00,5.891460968975560490e+02,2.219070217396261668e+01,1.270722673039775423e-05,0.000000000000000000e+00,7.943730939016596659e-03
8.692500000000430660e+00,5.892015592305485825e+02,2.216529692969316656e+01,1.266732711628548773e-05,0.000000000000000000e+00,7.945483782418872459e-03
8.695000000000430163e+00,5.892569580516798169e+02,2.213989388669399005e+01,1.266154301903100576e-05,0.000000000000000000e+00,7.947236195469525866e-03
8.697500000000429665e+00,5.893122933664516268e+02,2.211449304251885195e+01,1.266916140853448070e-05,0.000000000000000000e+00,7.948988177346232031e-03
8.700000000000429168e+00,5.893675651803596338e+02,2.208909439472349945e+01,1.273297698970126891e-05,0.000000000000000000e+00,7.950739725720147241e-03
8.702500000000428670e+00,5.894227734988934344e+02,2.206369794086325342e+01,1.274448396468681113e-05,0.000000000000000000e+00,7.952490830216795911e-03
8.705000000000428173e+00,5.894779183275364858e+02,2.203830367849331040e+01,1.280354653590469073e-05,0.000000000000000000e+00,7.954241488159747783e-03
8.707500000000427676e+00,5.895329996717661061e+02,2.201291160517019563e+01,1.279841879636660278e-05,0.000000000000000000e+00,7.955991687798808290e-03
8.710000000000427178e+00,5.895880175370534744e+02,2.198752171844999381e+01,1.279418267654406079e-05,0.000000000000000000e+00,7.957741429644834413e-03
8.712500000000426681e+00,5.896429719288637443e+02,2.196213401588948244e+01,1.284076292288696199e-05,0.000000000000000000e+00,7.959490712008507329e-03
8.715000000000426184e+00,5.896978628526559305e+02,2.193674849504552071e+01,1.280760446150712622e-05,0.000000000000000000e+00,7.961239523956305589e-03
8.717500000000425686e+00,5.897526903138830221e+02,2.191136515347361424e+01,1.279684650833473108e-05,0.000000000000000000e+00,7.962987869366017907e-03
8.720000000000425189e+00,5.898074543179917555e+02,2.188598398872899153e+01,1.277380456544462870e-05,0.000000000000000000e+00,7.964735745635491415e-03
8.722500000000424691e+00,5.898621548704227280e+02,2.186060499836884574e+01,1.281235374360302049e-05,0.000000000000000000e+00,7.966483154233207700e-03
8.725000000000424194e+00,5.899167919766106252e+02,2.183522817994950316e+01,1.285975139555818039e-05,0.000000000000000000e+00,7.968230087950035900e-03
8.727500000000423697e+00,5.899713656419838799e+02,2.180985353102905577e+01,1.282817038325689078e-05,0.000000000000000000e+00,7.969976539864693024e-03
8.730000000000423199e+00,5.900258758719647858e+02,2.178448104916686034e+01,1.286925411064037845e-05,0.000000000000000000e+00,7.971722510935454198e-03
8.732500000000422702e+00,5.900803226719697250e+02,2.175911073192240508e+01,1.290038799507875537e-05,0.000000000000000000e+00,7.973467993528391209e-03
8.735000000000422204e+00,5.901347060474088266e+02,2.173374257685405553e+01,1.299120050366659719e-05,0.000000000000000000e+00,7.975212979563365071e-03
8.737500000000421707e+00,5.901890260036860809e+02,2.170837658151998539e+01,1.306800524203999629e-05,0.000000000000000000e+00,7.976957457455484748e-03
8.740000000000421210e+00,5.902432825461994526e+02,2.168301274347871299e+01,1.314609305625801092e-05,0.000000000000000000e+00,7.978701415065191788e-03
8.742500000000420712e+00,5.902974756803407672e+02,2.165765106028967324e+01,1.312183766792580938e-05,0.000000000000000000e+00,7.980444837852127687e-03
8.745000000000420215e+00,5.903516054114958251e+02,2.163229152951168288e+01,1.314874800575179718e-05,0.000000000000000000e+00,7.982187727115098996e-03
8.747500000000419718e+00,5.904056717450442875e+02,2.160693414870347695e+01,1.314111885560728171e-05,0.000000000000000000e+00,7.983930077130971942e-03
8.750000000000419220e+00,5.904596746863596763e+02,2.158157891542515827e+01,1.315043801487298302e-05,0.000000000000000000e+00,7.985671886280368281e-03
8.752500000000418723e+00,5.905136142408093747e+02,2.155622582723724179e+01,1.312741374302181562e-05,0.000000000000000000e+00,7.987413151490206295e-03
8.755000000000418225e+00,5.905674904137547401e+02,2.153087488169964914e+01,1.320239621598862418e-05,0.000000000000000000e+00,7.989153870767927088e-03
8.757500000000417728e+00,5.906213032105511047e+02,2.150552607637255775e+01,1.322215418942435415e-05,0.000000000000000000e+00,7.990894033542453659e-03
8.760000000000417231e+00,5.906750526365475480e+02,2.148017940881602783e+01,1.318705730320401057e-05,0.000000000000000000e+00,7.992633635538901743e-03
8.762500000000416733e+00,5.907287386970870102e+02,2.145483487659024036e+01,1.316248861285013008e-05,0.000000000000000000e+00,7.994372678386717918e-03
8.765000000000416236e+00,5.907823613975065200e+02,2.142949247725740847e+01,1.319109792287744957e-05,0.000000000000000000e+00,7.996111161934525008e-03
8.767500000000415739e+00,5.908359207431369668e+02,2.140415220837945398e+01,1.325543390918320755e-05,0.000000000000000000e+00,7.997849079046659426e-03
8.770000000000415241e+00,5.908894167393031012e+02,2.137881406751819213e+01,1.326527482719157188e-05,0.000000000000000000e+00,7.999586418597369811e-03
8.772500000000414744e+00,5.909428493913235343e+02,2.135347805223570461e+01,1.332660951371696989e-05,0.000000000000000000e+00,8.001323180801699422e-03
8.775000000000414246e+00,5.909962187045108521e+02,2.132814416009547287e+01,1.334217321409914643e-05,0.000000000000000000e+00,8.003059353554400901e-03
8.777500000000413749e+00,5.910495246841715016e+02,2.130281238866225380e+01,1.340560016087646202e-05,0.000000000000000000e+00,8.004794929602480902e-03
8.780000000000413252e+00,5.911027673356059040e+02,2.127748273549996583e+01,1.341681967902398622e-05,0.000000000000000000e+00,8.006529902893621056e-03
8.782500000000412754e+00,5.911559466641083418e+02,2.125215519817282583e+01,1.344810232061856359e-05,0.000000000000000000e+00,8.008264266943166537e-03
8.785000000000412257e+00,5.912090626749669582e+02,2.122682977424624795e+01,1.345885452787443945e-05,0.000000000000000000e+00,8.009998017550177402e-03
8.787500000000411760e+00,5.912621153734639847e+02,2.120150646128664107e+01,1.348920324497071317e-05,0.000000000000000000e+00,8.011731145349157424e-03
8.790000000000411262e+00,5.913151047648754002e+02,2.117618525685920616e+01,1.349081300306077072e-05,0.000000000000000000e+00,8.013463646118263242e-03
8.792500000000410765e+00,5.913680308544711579e+02,2.115086615852813168e+01,1.347103268815193427e-05,0.000000000000000000e+00,8.015195516682257007e-03
8.795000000000410267e+00,5.914208936475150722e+02,2.112554916385906267e+01,1.344006670699190989e-05,0.000000000000000000e+00,8.016926757997042477e-03
8.797500000000409770e+00,5.914736931492649319e+02,2.110023427041800304e+01,1.350394582174637545e-05,0.000000000000000000e+00,8.018657371074074461e-03
8.800000000000409273e+00,5.915264293649725005e+02,2.107492147577275432e+01,1.358462144282132294e-05,0.000000000000000000e+00,8.020387343154139134e-03
8.802500000000408775e+00,5.915791022998832887e+02,2.104961077749140941e+01,1.359446638482809166e-05,0.000000000000000000e+00,8.022116662555353606e-03
8.805000000000408278e+00,5.916317119592368954e+02,2.102430217314154604e+01,1.364031171417234877e-05,0.000000000000000000e+00,8.023845324495836387e-03
8.807500000000407780e+00,5.916842583482667806e+02,2.099899566029153775e+01,1.366067947809819803e-05,0.000000000000000000e+00,8.025573319499358649e-03
8.810000000000407283e+00,5.917367414722002650e+02,2.097369123651055389e+01,1.369205138042221371e-05,0.000000000000000000e+00,8.027300641424197844e-03
8.812500000000406786e+00,5.917891613362586440e+02,2.094838889936729842e+01,1.372232609262545515e-05,0.000000000000000000e+00,8.029027286101922747e-03
8.815000000000406288e+00,5.918415179456571877e+02,2.092308864643127464e+01,1.368935630272953238e-05,0.000000000000000000e+00,8.030753246821242114e-03
8.817500000000405791e+00,5.918938113056050270e+02,2.089779047527421696e+01,1.371616445358371134e-05,0.000000000000000000e+00,8.032478524741672871e-03
8.820000000000405294e+00,5.919460414213051536e+02,2.087249438346905350e+01,1.378128827011195626e-05,0.000000000000000000e+00,8.034203112716690326e-03
8.822500000000404796e+00,5.919982082979546476e+02,2.084720036858775671e+01,1.377720893080827609e-05,0.000000000000000000e+00,8.035926998788104833e-03
8.825000000000404299e+00,5.920503119407443364e+02,2.082190842820355670e+01,1.383629360060935599e-05,0.000000000000000000e+00,8.037650180963100757e-03
8.827500000000403801e+00,5.921023523548592493e+02,2.079661855989016317e+01,1.383465033257869768e-05,0.000000000000000000e+00,8.039372646161497063e-03
8.830000000000403304e+00,5.921543295454780491e+02,2.077133076122031241e+01,1.381878515637425186e-05,0.000000000000000000e+00,8.041094393367313048e-03
8.832500000000402807e+00,5.922062435177734869e+02,2.074604502976675136e+01,1.387015153889937869e-05,0.000000000000000000e+00,8.042815424788128317e-03
8.835000000000402309e+00,5.922580942769122885e+02,2.072076136310464278e+01,1.387244634088321429e-05,0.000000000000000000e+00,8.044535726821405372e-03
8.837500000000401812e+00,5.923098818280550404e+02,2.069547975880996660e+01,1.387908197759985770e-05,0.000000000000000000e+00,8.046255295012738618e-03
8.840000000000401315e+00,5.923616061763561902e+02,2.067020021445839362e+01,1.387291859867890421e-05,0.000000000000000000e+00,8.047974126825516508e-03
8.842500000000400817e+00,5.924132673269642737e+02,2.064492272762524649e+01,1.391908652162668408e-05,0.000000000000000000e+00,8.049692220410310448e-03
8.845000000000400320e+00,5.924648652850218014e+02,2.061964729588722989e+01,1.395017161699195120e-05,0.000000000000000000e+00,8.051409570432113694e-03
8.847500000000399822e+00,5.925164000556650308e+02,2.059437391682266139e+01,1.393297500127236905e-05,0.000000000000000000e+00,8.053126166434641103e-03
8.850000000000399325e+00,5.925678716440243079e+02,2.056910258801051938e+01,1.387041361598336475e-05,0.000000000000000000e+00,8.054842006255278838e-03
8.852500000000398828e+00,5.926192800552238396e+02,2.054383330702791000e+01,1.391100900929037163e-05,0.000000000000000000e+00,8.056557099502703601e-03
8.855000000000398330e+00,5.926706252943819209e+02,2.051856607145415978e+01,1.388150583272327039e-05,0.000000000000000000e+00,8.058271434949384332e-03
8.857500000000397833e+00,5.927219073666107079e+02,2.049330087887036100e+01,1.396520538593244953e-05,0.000000000000000000e+00,8.059985013154231590e-03
8.860000000000397335e+00,5.927731262770162175e+02,2.046803772685773737e+01,1.405155577640400756e-05,0.000000000000000000e+00,8.061697819459376704e-03
8.862500000000396838e+00,5.928242820306985550e+02,2.044277661299755877e+01,1.402899532246194682e-05,0.000000000000000000e+00,8.063409838804989557e-03
8.865000000000396341e+00,5.928753746327516865e+02,2.041751753487149657e+01,1.403379874975083268e-05,0.000000000000000000e+00,8.065121074916227484e-03
8.867500000000395843e+00,5.929264040882635527e+02,2.039226049006254371e+01,1.408774695828592879e-05,0.000000000000000000e+00,8.066831520045463291e-03
8.870000000000395346e+00,5.929773704023161827e+02,2.036700547615500412e+01,1.413553019363227638e-05,0.000000000000000000e+00,8.068541166789041166e-03
8.872500000000394849e+00,5.930282735799853526e+02,2.034175249073270564e+01,1.414794660223203786e-05,0.000000000000000000e+00,8.070250001940391590e-03
8.875000000000394351e+00,5.930791136263409271e+02,2.031650153138032877e+01,1.411815341860794095e-05,0.000000000000000000e+00,8.071958023253458792e-03
8.877500000000393854e+00,5.931298905464467452e+02,2.029125259568269257e+01,1.413315573916668858e-05,0.000000000000000000e+00,8.073665232066436215e-03
8.880000000000393356e+00,5.931806043453605071e+02,2.026600568122595192e+01,1.413254560924006731e-05,0.000000000000000000e+00,8.075371620838175599e-03
8.882500000000392859e+00,5.932312550281340009e+02,2.024076078559702196e+01,1.423211820971844568e-05,0.000000000000000000e+00,8.077077186427862945e-03
8.885000000000392362e+00,5.932818425998129896e+02,2.021551790638374158e+01,1.425289041100444480e-05,0.000000000000000000e+00,8.078781911705702409e-03
8.887500000000391864e+00,5.933323670654370972e+02,2.019027704117360500e+01,1.435085092902345633e-05,0.000000000000000000e+00,8.080485789124248683e-03
8.890000000000391367e+00,5.933828284300399218e+02,2.016503818755482769e+01,1.440013661919435547e-05,0.000000000000000000e+00,8.082188804714019945e-03
8.892500000000390870e+00,5.934332266986490367e+02,2.013980134311758974e+01,1.443071629028357072e-05,0.000000000000000000e+00,8.083890947213071693e-03
8.895000000000390372e+00,5.934835618762861031e+02,2.011456650545243718e+01,1.443605465817233161e-05,0.000000000000000000e+00,8.085592209926608168e-03
8.897500000000389875e+00,5.935338339679666433e+02,2.008933367214964605e+01,1.448189038829354738e-05,0.000000000000000000e+00,8.087292589731889456e-03
8.900000000000389377e+00,5.935840429787002677e+02,2.006410284080063988e+01,1.457931075514185478e-05,0.000000000000000000e+00,8.088992075921546537e-03
8.902500000000388880e+00,5.936341889134904477e+02,2.003887400899852977e+01,1.459848486727566806e-05,0.000000000000000000e+00,8.090690650630012748e-03
8.905000000000388383e+00,5.936842717773346294e+02,2.001364717433595075e+01,1.460327941902761624e-05,0.000000000000000000e+00,8.092388310540248736e-03
8.907500000000387885e+00,5.937342915752243471e+02,1.998842233440648641e+01,1.462343408589947563e-05,0.000000000000000000e+00,8.094085048918739714e-03
8.910000000000387388e+00,5.937842483121451096e+02,1.996319948680583778e+01,1.466401210203790364e-05,0.000000000000000000e+00,8.095780858708205574e-03
8.912500000000386891e+00,5.938341419930762868e+02,1.993797862912917296e+01,1.474254104898648392e-05,0.000000000000000000e+00,8.097475733443533150e-03
8.915000000000386393e+00,5.938839726229913367e+02,1.991275975897255535e+01,1.482294920325027099e-05,0.000000000000000000e+00,8.099169657812441483e-03
8.917500000000385896e+00,5.939337402068578058e+02,1.988754287393328113e+01,1.479556610369616687e-05,0.000000000000000000e+00,8.100862616607754779e-03
8.920000000000385398e+00,5.939834447496369876e+02,1.986232797160918651e+01,1.475901468516537669e-05,0.000000000000000000e+00,8.102554608045446985e-03
8.922500000000384901e+00,5.940330862562843777e+02,1.983711504959840966e+01,1.477368909074900468e-05,0.000000000000000000e+00,8.104245634016214034e-03
8.925000000000384404e+00,5.940826647317493325e+02,1.981190410550035352e+01,1.478814825892222688e-05,0.000000000000000000e+00,8.105935689249754370e-03
8.927500000000383906e+00,5.941321801809754106e+02,1.978669513691564319e+01,1.475506188402408262e-05,0.000000000000000000e+00,8.107624767486930686e-03
8.930000000000383409e+00,5.941816326088999176e+02,1.976148814144618981e+01,1.481528024972582855e-05,0.000000000000000000e+00,8.109312871497995762e-03
8.932500000000382911e+00,5.942310220204542475e+02,1.973628311669461866e+01,1.484021851597200350e-05,0.000000000000000000e+00,8.110999988401796854e-03
8.935000000000382414e+00,5.942803484205638824e+02,1.971108006026494053e+01,1.484367269477953725e-05,0.000000000000000000e+00,8.112686112528738960e-03
8.937500000000381917e+00,5.943296118141482793e+02,1.968587896976169915e+01,1.485826531585768711e-05,0.000000000000000000e+00,8.114371238988107513e-03
8.940000000000381419e+00,5.943788122061209833e+02,1.966067984279062841e+01,1.488634389955269937e-05,0.000000000000000000e+00,8.116055362855633185e-03
8.942500000000380922e+00,5.944279496013892867e+02,1.963548267695798799e+01,1.485459143957468900e-05,0.000000000000000000e+00,8.117738475044903798e-03
8.945000000000380425e+00,5.944770240048547976e+02,1.961028746987147997e+01,1.491160522240482942e-05,0.000000000000000000e+00,8.119420575586734981e-03
8.947500000000379927e+00,5.945260354214129848e+02,1.958509421913852933e+01,1.493601550738424490e-05,0.000000000000000000e+00,8.121101655131534452e-03
8.950000000000379430e+00,5.945749838559534055e+02,1.955990292236765526e+01,1.488737887001062749e-05,0.000000000000000000e+00,8.122781703910652781e-03
8.952500000000378932e+00,5.946238693133595916e+02,1.953471357716966494e+01,1.491439175459823505e-05,0.000000000000000000e+00,8.124460724772124276e-03
8.955000000000378435e+00,5.946726917985091632e+02,1.950952618115498538e+01,1.493361625324276730e-05,0.000000000000000000e+00,8.126138709785160966e-03
8.957500000000377938e+00,5.947214513162736012e+02,1.948434073193545402e+01,1.489315041243754682e-05,0.000000000000000000e+00,8.127815655908809944e-03
8.960000000000377440e+00,5.947701478715185885e+02,1.945915722712421925e+01,1.491977202479020892e-05,0.000000000000000000e+00,8.129491560355743551e-03
8.962500000000376943e+00,5.948187814691038966e+02,1.943397566433484513e+01,1.497065484458785079e-05,0.000000000000000000e+00,8.131166415915462228e-03
8.965000000000376446e+00,5.948673521138830438e+02,1.940879604118118706e+01,1.492679951787277916e-05,0.000000000000000000e+00,8.132840211203461525e-03
8.967500000000375948e+00,5.949158598107038642e+02,1.938361835527785004e+01,1.499612692724688410e-05,0.000000000000000000e+00,8.134512951434608174e-03
8.970000000000375451e+00,5.949643045644081667e+02,1.935844260424135399e+01,1.503113576660849354e-05,0.000000000000000000e+00,8.136184621638729506e-03
8.972500000000374953e+00,5.950126863798317345e+02,1.933326878569010887e+01,1.505678352305141325e-05,0.000000000000000000e+00,8.137855210802274336e-03
8.975000000000374456e+00,5.950610052618044392e+02,1.930809689724286216e+01,1.503903481793201143e-05,0.000000000000000000e+00,8.139524713461795263e-03
8.977500000000373959e+00,5.951092612151501271e+02,1.928292693651899370e+01,1.508309758121750458e-05,0.000000000000000000e+00,8.141193127998999982e-03
8.980000000000373461e+00,5.951574542446868463e+02,1.925775890113918365e+01,1.509315192295029860e-05,0.000000000000000000e+00,8.142860443996077779e-03
8.982500000000372964e+00,5.952055843552265060e+02,1.923259278872611588e+01,1.513135730909015366e-05,0.000000000000000000e+00,8.144526655766485407e-03
8.985000000000372467e+00,5.952536515515753308e+02,1.920742859690306048e+01,1.522025633797122841e-05,0.000000000000000000e+00,8.146191754930882239e-03
8.987500000000371969e+00,5.953016558385332928e+02,1.918226632329402292e+01,1.525970000150336044e-05,0.000000000000000000e+00,8.147855724063233704e-03
8.990000000000371472e+00,5.953495972208946796e+02,1.915710596552342793e+01,1.528794881928187557e-05,0.000000000000000000e+00,8.149518554717500793e-03
8.992500000000370974e+00,5.953974757034476397e+02,1.913194752121765063e+01,1.533732916518907587e-05,0.000000000000000000e+00,8.151180240188122053e-03
8.995000000000370477e+00,5.954452912909745237e+02,1.910679098800530085e+01,1.537561548893482375e-05,0.000000000000000000e+00,8.152840765136242299e-03
8.997500000000369980e+00,5.954930439882517703e+02,1.908163636351519798e+01,1.541556962867099472e-05,0.000000000000000000e+00,8.154500121220896458e-03
9.000000000000369482e+00,5.955407338000497930e+02,1.905648364537611172e+01,1.543703218751698967e-05,0.000000000000000000e+00,8.156158299975875894e-03
9.002500000000368985e+00,5.955883607311330934e+02,1.903133283121850283e+01,1.544119451092129937e-05,0.000000000000000000e+00,8.157815290489648513e-03
9.005000000000368487e+00,5.956359247862603752e+02,1.900618391867388723e+01,1.546765361596791146e-05,0.000000000000000000e+00,8.159471090874052812e-03
9.007500000000367990e+00,5.956834259701843166e+02,1.898103690537480048e+01,1.544650403971964785e-05,0.000000000000000000e+00,8.161125692046624844e-03
9.010000000000367493e+00,5.957308642876515705e+02,1.895589178895503224e+01,1.547930616362096386e-05,0.000000000000000000e+00,8.162779094080202177e-03
9.012500000000366995e+00,5.957782397434031054e+02,1.893074856704942377e+01,1.551377843094678242e-05,0.000000000000000000e+00,8.164431284568502215e-03
9.015000000000366498e+00,5.958255523421738644e+02,1.890560723729486270e+01,1.555394003451819487e-05,0.000000000000000000e+00,8.166082255068098442e-03
9.017500000000366001e+00,5.958728020886927652e+02,1.888046779732817271e+01,1.562316045917053696e-05,0.000000000000000000e+00,8.167731996267900765e-03
9.020000000000365503e+00,5.959199889876830412e+02,1.885533024478820963e+01,1.571401568314393721e-05,0.000000000000000000e+00,8.169380493012752542e-03
9.022500000000365006e+00,5.959671130438619002e+02,1.883019457731473523e+01,1.572658000769106064e-05,0.000000000000000000e+00,8.171027729561087735e-03
9.025000000000364508e+00,5.960141742619406386e+02,1.880506079254821827e+01,1.570806789070350892e-05,0.000000000000000000e+00,8.172673698771242348e-03
9.027500000000364011e+00,5.960611726466247546e+02,1.877992888813141903e+01,1.570724443459257596e-05,0.000000000000000000e+00,8.174318399263991522e-03
9.030000000000363514e+00,5.961081082026137210e+02,1.875479886170851529e+01,1.570684074900578992e-05,0.000000000000000000e+00,8.175961825150231815e-03
9.032500000000363016e+00,5.961549809346012125e+02,1.872967071092435631e+01,1.579265954988571876e-05,0.000000000000000000e+00,8.177603971854166889e-03
9.035000000000362519e+00,5.962017908472749923e+02,1.870454443342421769e+01,1.576447565769719335e-05,0.000000000000000000e+00,8.179244822621171279e-03
9.037500000000362022e+00,5.962485379453169116e+02,1.867942002685463976e+01,1.577398355438759924e-05,0.000000000000000000e+00,8.180884378741905272e-03
9.040000000000361524e+00,5.962952222334030239e+02,1.865429748886429806e+01,1.583628991558856788e-05,0.000000000000000000e+00,8.182522631685467188e-03
9.042500000000361027e+00,5.963418437162033570e+02,1.862917681710317908e+01,1.584452864401812038e-05,0.000000000000000000e+00,8.184159567476942052e-03
9.045000000000360529e+00,5.963884023983822544e+02,1.860405800922169917e+01,1.587258057068924078e-05,0.000000000000000000e+00,8.185795182191044420e-03
9.047500000000360032e+00,5.964348982845980345e+02,1.857894106287156433e+01,1.588872012438140513e-05,0.000000000000000000e+00,8.187429465055979377e-03
9.050000000000359535e+00,5.964813313795031036e+02,1.855382597570568137e+01,1.589591163454741557e-05,0.000000000000000000e+00,8.189062412316599690e-03
9.052500000000359037e+00,5.965277016877441838e+02,1.852871274537827162e+01,1.590743975775918087e-05,0.000000000000000000e+00,8.190694014942337398e-03
9.055000000000358540e+00,5.965740092139619719e+02,1.850360136954495260e+01,1.588642108069042362e-05,0.000000000000000000e+00,8.192324266294723212e-03
9.057500000000358042e+00,5.966202539627914803e+02,1.847849184586187476e+01,1.585424453987647461e-05,0.000000000000000000e+00,8.193953164316323048e-03
9.060000000000357545e+00,5.966664359388616958e+02,1.845338417198658831e+01,1.585897532333325883e-05,0.000000000000000000e+00,8.195580709794798510e-03
9.062500000000357048e+00,5.967125551467958076e+02,1.842827834557799349e+01,1.585622868801460264e-05,0.000000000000000000e+00,8.197206896953360827e-03
9.065000000000356550e+00,5.967586115912110927e+02,1.840317436429678821e+01,1.588149008510228414e-05,0.000000000000000000e+00,8.198831722159771393e-03
9.067500000000356053e+00,5.968046052767191441e+02,1.837807222580465094e+01,1.591095661113680604e-05,0.000000000000000000e+00,8.200455177618415359e-03
9.070000000000355556e+00,5.968505362079255292e+02,1.835297192776507558e+01,1.593381392409687084e-05,0.000000000000000000e+00,8.202077254665150405e-03
9.072500000000355058e+00,5.968964043894301312e+02,1.832787346784319382e+01,1.600363782460854781e-05,0.000000000000000000e+00,8.203697945172923681e-03
9.075000000000354561e+00,5.969422098258269216e+02,1.830277684370534530e+01,1.604593119627613788e-05,0.000000000000000000e+00,8.205317233841482802e-03
9.077500000000354063e+00,5.969879525217039600e+02,1.827768205301976323e+01,1.609386814879522953e-05,0.000000000000000000e+00,8.206935107284429876e-03
9.080000000000353566e+00,5.970336324816436218e+02,1.825258909345547664e+01,1.616036206966923040e-05,0.000000000000000000e+00,8.208551552810456828e-03
9.082500000000353069e+00,5.970792497102222569e+02,1.822749796268190892e+01,1.615348473512284922e-05,0.000000000000000000e+00,8.210166556786184511e-03
9.085000000000352571e+00,5.971248042120106447e+02,1.820240865836984412e+01,1.620918160495532053e-05,0.000000000000000000e+00,8.211780113595331179e-03
9.087500000000352074e+00,5.971702959915736528e+02,1.817732117819156556e+01,1.624732665015050015e-05,0.000000000000000000e+00,8.213392210419473427e-03
9.090000000000351577e+00,5.972157250534702371e+02,1.815223551982006711e+01,1.623157155243676818e-05,0.000000000000000000e+00,8.215002839861273304e-03
9.092500000000351079e+00,5.972610914022535553e+02,1.812715168093093610e+01,1.623403053376801963e-05,0.000000000000000000e+00,8.216611995391517875e-03
9.095000000000350582e+00,5.973063950424709674e+02,1.810206965920074751e+01,1.628511134229236444e-05,0.000000000000000000e+00,8.218219672960221100e-03
9.097500000000350084e+00,5.973516359786641488e+02,1.807698945230739085e+01,1.636664169731254085e-05,0.000000000000000000e+00,8.219825860449735816e-03
9.100000000000349587e+00,5.973968142153688632e+02,1.805191105793109330e+01,1.640514756853567172e-05,0.000000000000000000e+00,8.221430539435534493e-03
9.102500000000349090e+00,5.974419297571150764e+02,1.802683447375278547e+01,1.640947475984403932e-05,0.000000000000000000e+00,8.223033701912759938e-03
9.105000000000348592e+00,5.974869826084269562e+02,1.800175969745511395e+01,1.644731410074614874e-05,0.000000000000000000e+00,8.224635338058965475e-03
9.107500000000348095e+00,5.975319727738228721e+02,1.797668672672235601e+01,1.648625833290348437e-05,0.000000000000000000e+00,8.226235436210909552e-03
9.110000000000347598e+00,5.975769002578153959e+02,1.795161555923914065e+01,1.644221073526354877e-05,0.000000000000000000e+00,8.227833988888816688e-03
9.112500000000347100e+00,5.976217650649114148e+02,1.792654619269178440e+01,1.647772893460537608e-05,0.000000000000000000e+00,8.229430994364085247e-03
9.115000000000346603e+00,5.976665671996119045e+02,1.790147862476814922e+01,1.650777834377107744e-05,0.000000000000000000e+00,8.231026440569378516e-03
9.117500000000346105e+00,5.977113066664121561e+02,1.787641285315779527e+01,1.649802358799144059e-05,0.000000000000000000e+00,8.232620320077720794e-03
9.120000000000345608e+00,5.977559834698015493e+02,1.785134887555119931e+01,1.652880748270174464e-05,0.000000000000000000e+00,8.234212627056253578e-03
9.122500000000345111e+00,5.978005976142638929e+02,1.782628668964047947e+01,1.653308162624659013e-05,0.000000000000000000e+00,8.235803352321952736e-03
9.125000000000344613e+00,5.978451491042770840e+02,1.780122629311939164e+01,1.656460909800839870e-05,0.000000000000000000e+00,8.237392489211693355e-03
9.127500000000344116e+00,5.978896379443132219e+02,1.777616768368332600e+01,1.653006650458045047e-05,0.000000000000000000e+00,8.238980028644409676e-03
9.130000000000343618e+00,5.979340641388388349e+02,1.775111085902870300e+01,1.654259767995326736e-05,0.000000000000000000e+00,8.240565967529008343e-03
9.132500000000343121e+00,5.979784276923144262e+02,1.772605581685325760e+01,1.652542893382300858e-05,0.000000000000000000e+00,8.242150300618804326e-03
9.135000000000342624e+00,5.980227286091949281e+02,1.770100255485649043e+01,1.658439260019194892e-05,0.000000000000000000e+00,8.243733023330755347e-03
9.137500000000342126e+00,5.980669668939295889e+02,1.767595107073890404e+01,1.659906866831737846e-05,0.000000000000000000e+00,8.245314123062563727e-03
9.140000000000341629e+00,5.981111425509617447e+02,1.765090136220279859e+01,1.665352256011642254e-05,0.000000000000000000e+00,8.246893592506829990e-03
9.142500000000341132e+00,5.981552555847289341e+02,1.762585342695238921e+01,1.671324707694596683e-05,0.000000000000000000e+00,8.248471413890736195e-03
9.145000000000340634e+00,5.981993059996632383e+02,1.760080726269288220e+01,1.675954397617935126e-05,0.000000000000000000e+00,8.250047574935640698e-03
9.147500000000340137e+00,5.982432938001907132e+02,1.757576286713146629e+01,1.677629193844560622e-05,0.000000000000000000e+00,8.251622062178293887e-03
9.150000000000339639e+00,5.982872189907318443e+02,1.755072023797662695e+01,1.675902186516730339e-05,0.000000000000000000e+00,8.253194867482860006e-03
9.152500000000339142e+00,5.983310815757013188e+02,1.752567937293772005e+01,1.677069334772234875e-05,0.000000000000000000e+00,8.254765986232655284e-03
9.155000000000338645e+00,5.983748815595082533e+02,1.750064026972541953e+01,1.678269372601935445e-05,0.000000000000000000e+00,8.256335410151159626e-03
9.157500000000338147e+00,5.984186189465557391e+02,1.747560292605144383e+01,1.676631881102185476e-05,0.000000000000000000e+00,8.257903130301190442e-03
9.160000000000337650e+00,5.984622937412414103e+02,1.745056733962947249e+01,1.678496050771373729e-05,0.000000000000000000e+00,8.259469144952629946e-03
9.162500000000337153e+00,5.985059059479571033e+02,1.742553350817419755e+01,1.676304163728820000e-05,0.000000000000000000e+00,8.261033446698987787e-03
9.165000000000336655e+00,5.985494555710889699e+02,1.740050142940232902e+01,1.683558513294256394e-05,0.000000000000000000e+00,8.262596032493654125e-03
9.167500000000336158e+00,5.985929426150173640e+02,1.737547110103295722e+01,1.685890722039483678e-05,0.000000000000000000e+00,8.264156884189128097e-03
9.170000000000335660e+00,5.986363670841169551e+02,1.735044252078622051e+01,1.689895667797773244e-05,0.000000000000000000e+00,8.265715992261016276e-03
9.172500000000335163e+00,5.986797289827568420e+02,1.732541568638398388e+01,1.690815509395639994e-05,0.000000000000000000e+00,8.267273344818667005e-03
9.175000000000334666e+00,5.987230283153003256e+02,1.730039059554940195e+01,1.694338700466719444e-05,0.000000000000000000e+00,8.268828935384440679e-03
9.177500000000334168e+00,5.987662650861050224e+02,1.727536724600716767e+01,1.699709476233137424e-05,0.000000000000000000e+00,8.270382752356629855e-03
9.180000000000333671e+00,5.988094392995228645e+02,1.725034563548387112e+01,1.701511534523196423e-05,0.000000000000000000e+00,8.271934781318938251e-03
9.182500000000333173e+00,5.988525509599000998e+02,1.722532576170782903e+01,1.704210072234308787e-05,0.000000000000000000e+00,8.273485012479342773e-03
9.185000000000332676e+00,5.988956000715774053e+02,1.720030762240880051e+01,1.706750410413638175e-05,0.000000000000000000e+00,8.275033435106682669e-03
9.187500000000332179e+00,5.989385866388895465e+02,1.717529121531831748e+01,1.707445549423228722e-05,0.000000000000000000e+00,8.276580040554565310e-03
9.190000000000331681e+00,5.989815106661658319e+02,1.715027653816947861e+01,1.717410777637874895e-05,0.000000000000000000e+00,8.278124822613449132e-03
9.192500000000331184e+00,5.990243721577298857e+02,1.712526358869720511e+01,1.721591132477104201e-05,0.000000000000000000e+00,8.279667758477778083e-03
9.195000000000330687e+00,5.990671711178995338e+02,1.710025236463804177e+01,1.718896971503949760e-05,0.000000000000000000e+00,8.281208833620004595e-03
9.197500000000330189e+00,5.991099075509870318e+02,1.707524286372963829e+01,1.722192599231952165e-05,0.000000000000000000e+00,8.282748047755366869e-03
9.200000000000329692e+00,5.991525814612989507e+02,1.705023508371126795e+01,1.721882944862364610e-05,0.000000000000000000e+00,8.284285391013758437e-03
9.202500000000329194e+00,5.991951928531362910e+02,1.702522902232473356e+01,1.722847499539242647e-05,0.000000000000000000e+00,8.285820853968105595e-03
9.205000000000328697e+00,5.992377417307942551e+02,1.700022467731307785e+01,1.729669919168129661e-05,0.000000000000000000e+00,8.287354429820124185e-03
9.207500000000328200e+00,5.992802280985625885e+02,1.697522204642059407e+01,1.735798734728785867e-05,0.000000000000000000e+00,8.288886100814610650e-03
9.210000000000327702e+00,5.993226519607252385e+02,1.695022112739352238e+01,1.740172492532423857e-05,0.000000000000000000e+00,8.290415850204180259e-03
9.212500000000327205e+00,5.993650133215606957e+02,1.692522191797933928e+01,1.744610697589112284e-05,0.000000000000000000e+00,8.291943664886856913e-03
9.215000000000326708e+00,5.994073121853416524e+02,1.690022441592653024e+01,1.750852303269860553e-05,0.000000000000000000e+00,8.293469531985311199e-03
9.217500000000326210e+00,5.994495485563352304e+02,1.687522861898541393e+01,1.748934988831533354e-05,0.000000000000000000e+00,8.294993436654731975e-03
9.220000000000325713e+00,5.994917224388029808e+02,1.685023452490897000e+01,1.750600926128221296e-05,0.000000000000000000e+00,8.296515374372346457e-03
9.222500000000325215e+00,5.995338338370006568e+02,1.682524213145232750e+01,1.746442185337328953e-05,0.000000000000000000e+00,8.298035332949024734e-03
9.225000000000324718e+00,5.995758827551786680e+02,1.680025143637145391e+01,1.747502869856413929e-05,0.000000000000000000e+00,8.299553314714804009e-03
9.227500000000324221e+00,5.996178691975816264e+02,1.677526243742408241e+01,1.754293585711719648e-05,0.000000000000000000e+00,8.301069311625639685e-03
9.230000000000323723e+00,5.996597931684485729e+02,1.675027513237028387e+01,1.757124337164241043e-05,0.000000000000000000e+00,8.302583306233223340e-03
9.232500000000323226e+00,5.997016546720130918e+02,1.672528951897145433e+01,1.765677135891661898e-05,0.000000000000000000e+00,8.304095285870324861e-03
9.235000000000322729e+00,5.997434537125029692e+02,1.670030559499052103e+01,1.770917400312854533e-05,0.000000000000000000e+00,8.305605231031564298e-03
9.237500000000322231e+00,5.997851902941404205e+02,1.667532335819248246e+01,1.775011283288800950e-05,0.000000000000000000e+00,8.307113124724834277e-03
9.240000000000321734e+00,5.998268644211422043e+02,1.665034280634384345e+01,1.776785977165967734e-05,0.000000000000000000e+00,8.308618956000882877e-03
9.242500000000321236e+00,5.998684760977193946e+02,1.662536393721247308e+01,1.778595057580258448e-05,0.000000000000000000e+00,8.310122712549933635e-03
9.245000000000320739e+00,5.999100253280774950e+02,1.660038674856803809e+01,1.779376045499424358e-05,0.000000000000000000e+00,8.311624387479092310e-03
9.247500000000320242e+00,5.999515121164165521e+02,1.657541123818174356e+01,1.779859999928789193e-05,0.000000000000000000e+00,8.313123970743770477e-03
9.250000000000319744e+00,5.999929364669309280e+02,1.655043740382694395e+01,1.781241306894919813e-05,0.000000000000000000e+00,8.314621452571356597e-03
9.252500000000319247e+00,6.000342983838093005e+02,1.652546524327800626e+01,1.779258434797476783e-05,0.000000000000000000e+00,8.316116825859670714e-03
9.255000000000318749e+00,6.000755978712351180e+02,1.650049475431119816e+01,1.778844164909410325e-05,0.000000000000000000e+00,8.317610085348325216e-03
9.257500000000318252e+00,6.001168349333859169e+02,1.647552593470487636e+01,1.777247607101505326e-05,0.000000000000000000e+00,8.319101225142157274e-03
9.260000000000317755e+00,6.001580095744338905e+02,1.645055878223843848e+01,1.779930694675437388e-05,0.000000000000000000e+00,8.320590238741848443e-03
9.262500000000317257e+00,6.001991217985456615e+02,1.642559329469342444e+01,1.782965545639526362e-05,0.000000000000000000e+00,8.322077115807522199e-03
9.265000000000316760e+00,6.002401716098822817e+02,1.640062946985352355e+01,1.784011611935804444e-05,0.000000000000000000e+00,8.323561844479184652e-03
9.267500000000316263e+00,6.002811590125992325e+02,1.637566730550450700e+01,1.782739513930902984e-05,0.000000000000000000e+00,8.325044416946017836e-03
9.270000000000315765e+00,6.003220840108464245e+02,1.635070679943367722e+01,1.783572100869447485e-05,0.000000000000000000e+00,8.326524826481995767e-03
9.272500000000315268e+00,6.003629466087684250e+02,1.632574794943052510e+01,1.783294263898441137e-05,0.000000000000000000e+00,8.328003063655118124e-03
9.275000000000314770e+00,6.004037468105040034e+02,1.630079075328577431e+01,1.785219328367434858e-05,0.000000000000000000e+00,8.329479122208743869e-03
9.277500000000314273e+00,6.004444846201866994e+02,1.627583520879195689e+01,1.788850165520379241e-05,0.000000000000000000e+00,8.330952992306234553e-03
9.280000000000313776e+00,6.004851600419442548e+02,1.625088131374338474e+01,1.792415394733347451e-05,0.000000000000000000e+00,8.332424659961264191e-03
9.282500000000313278e+00,6.005257730798990679e+02,1.622592906593602535e+01,1.793198167604359385e-05,0.000000000000000000e+00,8.333894111368792337e-03
9.285000000000312781e+00,6.005663237381680801e+02,1.620097846316772205e+01,1.792079481219013501e-05,0.000000000000000000e+00,8.335361337857531347e-03
9.287500000000312284e+00,6.006068120208625487e+02,1.617602950323814781e+01,1.794645731588447550e-05,0.000000000000000000e+00,8.336826332839114215e-03
9.290000000000311786e+00,6.006472379320882737e+02,1.615108218394859207e+01,1.797246558448118244e-05,0.000000000000000000e+00,8.338289086742800907e-03
9.292500000000311289e+00,6.006876014759457121e+02,1.612613650310264291e+01,1.798832770363323973e-05,0.000000000000000000e+00,8.339749588600670407e-03
9.295000000000310791e+00,6.007279026565297499e+02,1.610119245850592051e+01,1.806837164920820795e-05,0.000000000000000000e+00,8.341207827522225879e-03
9.297500000000310294e+00,6.007681414779297029e+02,1.607625004796612700e+01,1.807291583643681114e-05,0.000000000000000000e+00,8.342663781613605598e-03
9.300000000000309797e+00,6.008083179442294295e+02,1.605130926929249213e+01,1.807443382167373073e-05,0.000000000000000000e+00,8.344117441803510296e-03
9.302500000000309299e+00,6.008484320595074450e+02,1.602637012029563479e+01,1.803915870906645232e-05,0.000000000000000000e+00,8.345568800313086025e-03
9.305000000000308802e+00,6.008884838278365805e+02,1.600143259878788982e+01,1.802791161761221076e-05,0.000000000000000000e+00,8.347017855100486924e-03
9.307500000000308304e+00,6.009284732532844373e+02,1.597649670258369525e+01,1.801709517032853094e-05,0.000000000000000000e+00,8.348464603670389603e-03
9.310000000000307807e+00,6.009684003399130461e+02,1.595156242949968828e+01,1.806329302484517500e-05,0.000000000000000000e+00,8.349909036882657495e-03
9.312500000000307310e+00,6.010082650917788669e+02,1.592662977735493790e+01,1.805765636189840244e-05,0.000000000000000000e+00,8.351351138416564582e-03
9.315000000000306812e+00,6.010480675129330166e+02,1.590169874396940486e+01,1.807749497029018787e-05,0.000000000000000000e+00,8.352790901190497788e-03
9.317500000000306315e+00,6.010878076074212686e+02,1.587676932716475697e+01,1.803417565579592928e-05,0.000000000000000000e+00,8.354228314067610461e-03
9.320000000000305818e+00,6.011274853792837121e+02,1.585184152476464625e+01,1.807365971205269798e-05,0.000000000000000000e+00,8.355663376179104512e-03
9.322500000000305320e+00,6.011671008325552066e+02,1.582691533459441402e+01,1.809513865822954680e-05,0.000000000000000000e+00,8.357096073799091460e-03
9.325000000000304823e+00,6.012066539712650410e+02,1.580199075448203239e+01,1.807756644026242156e-05,0.000000000000000000e+00,8.358526395697805922e-03
9.327500000000304325e+00,6.012461447994371611e+02,1.577706778225753759e+01,1.806941070337768831e-05,0.000000000000000000e+00,8.359954334799631764e-03
9.330000000000303828e+00,6.012855733210900553e+02,1.575214641575247754e+01,1.812483888172246701e-05,0.000000000000000000e+00,8.361379887178313833e-03
9.332500000000303331e+00,6.013249395402367554e+02,1.572722665280034349e+01,1.817314318944018056e-05,0.000000000000000000e+00,8.362803032354152594e-03
9.335000000000302833e+00,6.013642434608849499e+02,1.570230849123647587e+01,1.818952186693769638e-05,0.000000000000000000e+00,8.364223759269784689e-03
9.337500000000302336e+00,6.014034850870368700e+02,1.567739192889824018e+01,1.824362462520957203e-05,0.000000000000000000e+00,8.365642052988351077e-03
9.340000000000301839e+00,6.014426644226892904e+02,1.565247696362556695e+01,1.821383889889913169e-05,0.000000000000000000e+00,8.367057897567376987e-03
9.342500000000301341e+00,6.014817814718337559e+02,1.562756359325954314e+01,1.822273593920839389e-05,0.000000000000000000e+00,8.368471290241989019e-03
9.345000000000300844e+00,6.015208362384562406e+02,1.560265181564315640e+01,1.827206880111867244e-05,0.000000000000000000e+00,8.369882222214334103e-03
9.347500000000300346e+00,6.015598287265374893e+02,1.557774162862184575e+01,1.831532348540265253e-05,0.000000000000000000e+00,8.371290675628939928e-03
9.350000000000299849e+00,6.015987589400526758e+02,1.555283303004294204e+01,1.829014469944776285e-05,0.000000000000000000e+00,8.372696634775493238e-03
9.352500000000299352e+00,6.016376268829717446e+02,1.552792601775537484e+01,1.829837103862000120e-05,0.000000000000000000e+00,8.374100094952209930e-03
9.355000000000298854e+00,6.016764325592590694e+02,1.550302058960988383e+01,1.831930038199844484e-05,0.000000000000000000e+00,8.375501048894912898e-03
9.357500000000298357e+00,6.017151759728739080e+02,1.547811674345947175e+01,1.830012014423685555e-05,0.000000000000000000e+00,8.376899482763509874e-03
9.360000000000297860e+00,6.017538571277700612e+02,1.545321447715919838e+01,1.832944459538709690e-05,0.000000000000000000e+00,8.378295390282515520e-03
9.362500000000297362e+00,6.017924760278958729e+02,1.542831378856586078e+01,1.830405886753784791e-05,0.000000000000000000e+00,8.379688758395235221e-03
9.365000000000296865e+00,6.018310326771943437e+02,1.540341467553863097e+01,1.829075901945058591e-05,0.000000000000000000e+00,8.381079586885834681e-03
9.367500000000296367e+00,6.018695270796032446e+02,1.537851713593868830e+01,1.832594510147306639e-05,0.000000000000000000e+00,8.382467865593464310e-03
9.370000000000295870e+00,6.019079592390550033e+02,1.535362116762981977e+01,1.832222447048651511e-05,0.000000000000000000e+00,8.383853578811955101e-03
9.372500000000295373e+00,6.019463291594764769e+02,1.532872676847654780e+01,1.835353790611817527e-05,0.000000000000000000e+00,8.385236717845110516e-03
9.375000000000294875e+00,6.019846368447894065e+02,1.530383393634505040e+01,1.836280415708357538e-05,0.000000000000000000e+00,8.386617271604748097e-03
9.377500000000294378e+00,6.020228822989101900e+02,1.527894266910439391e+01,1.836162394712420831e-05,0.000000000000000000e+00,8.387995230787141654e-03
9.380000000000293880e+00,6.020610655257497683e+02,1.525405296462599836e+01,1.837107937174302491e-05,0.000000000000000000e+00,8.389370584763761879e-03
9.382500000000293383e+00,6.020991865292138527e+02,1.522916482078294820e+01,1.837243942077137926e-05,0.000000000000000000e+00,8.390743324221660790e-03
9.385000000000292886e+00,6.021372453132029250e+02,1.520427823545031032e+01,1.834738730568375960e-05,0.000000000000000000e+00,8.392113442705542020e-03
9.387500000000292388e+00,6.021752418816120098e+02,1.517939320650554613e+01,1.830730057527022565e-05,0.000000000000000000e+00,8.393480931640636203e-03
9.390000000000291891e+00,6.022131762383307887e+02,1.515450973182822203e+01,1.832216062124028533e-05,0.000000000000000000e+00,8.394845789587065607e-03
9.392500000000291394e+00,6.022510483872438272e+02,1.512962780929959017e+01,1.833326189814583529e-05,0.000000000000000000e+00,8.396208005857086140e-03
9.395000000000290896e+00,6.022888583322302338e+02,1.510474743680323684e+01,1.838976861873748699e-05,0.000000000000000000e+00,8.397567568382193620e-03
9.397500000000290399e+00,6.023266060771638877e+02,1.507986861222454600e+01,1.840949912732820621e-05,0.000000000000000000e+00,8.398924459656263025e-03
9.400000000000289901e+00,6.023642916259133244e+02,1.505499133345089824e+01,1.843261415531537506e-05,0.000000000000000000e+00,8.400278669082416813e-03
9.402500000000289404e+00,6.024019149823419639e+02,1.503011559837168143e+01,1.849651360577462685e-05,0.000000000000000000e+00,8.401630183469602567e-03
9.405000000000288907e+00,6.024394761503078826e+02,1.500524140487902436e+01,1.854415669745045994e-05,0.000000000000000000e+00,8.402978981196974548e-03
9.407500000000288409e+00,6.024769751336637000e+02,1.498036875086679665e+01,1.861068924863742906e-05,0.000000000000000000e+00,8.404325047715655028e-03
9.410000000000287912e+00,6.025144119362570336e+02,1.495549763423083611e+01,1.862340914576113946e-05,0.000000000000000000e+00,8.405668363641670415e-03
9.412500000000287415e+00,6.025517865619301574e+02,1.493062805286946926e+01,1.861442587747707753e-05,0.000000000000000000e+00,8.407008917982924587e-03
9.415000000000286917e+00,6.025890990145200021e+02,1.490576000468330164e+01,1.861399694467283462e-05,0.000000000000000000e+00,8.408346703242711162e-03
9.417500000000286420e+00,6.026263492978582690e+02,1.488089348757499941e+01,1.865311227822846516e-05,0.000000000000000000e+00,8.409681707377969148e-03
9.420000000000285922e+00,6.026635374157715432e+02,1.485602849944910453e+01,1.865770104634286187e-05,0.000000000000000000e+00,8.411013914938645850e-03
9.422500000000285425e+00,6.027006633720810669e+02,1.483116503821244336e+01,1.867501683921613456e-05,0.000000000000000000e+00,8.412343315802582946e-03
9.425000000000284928e+00,6.027377271706028523e+02,1.480630310177398812e+01,1.871272033000692222e-05,0.000000000000000000e+00,8.413669898471738337e-03
9.427500000000284430e+00,6.027747288151476823e+02,1.478144268804460104e+01,1.867597521334280204e-05,0.000000000000000000e+00,8.414993644410071263e-03
9.430000000000283933e+00,6.028116683095212238e+02,1.475658379493710548e+01,1.866888893196794338e-05,0.000000000000000000e+00,8.416314553806671789e-03
9.432500000000283435e+00,6.028485456575238004e+02,1.473172642036656477e+01,1.874608859415761408e-05,0.000000000000000000e+00,8.417632618781992204e-03
9.435000000000282938e+00,6.028853608629506198e+02,1.470687056225061617e+01,1.875984813319285537e-05,0.000000000000000000e+00,8.418947816372514270e-03
9.437500000000282441e+00,6.029221139295916601e+02,1.468201621850931993e+01,1.879705596949230893e-05,0.000000000000000000e+00,8.420260134399367227e-03
9.440000000000281943e+00,6.029588048612315561e+02,1.465716338706467070e+01,1.878865841500178705e-05,0.000000000000000000e+00,8.421569559645255762e-03
9.442500000000281446e+00,6.029954336616499404e+02,1.463231206584127797e+01,1.882272399059120634e-05,0.000000000000000000e+00,8.422876081707152476e-03
9.445000000000280949e+00,6.030320003346212161e+02,1.460746225276572829e+01,1.881254742164777507e-05,0.000000000000000000e+00,8.424179684580101329e-03
9.447500000000280451e+00,6.030685048839145566e+02,1.458261394576633663e+01,1.881191284525292589e-05,0.000000000000000000e+00,8.425480360392884754e-03
9.450000000000279954e+00,6.031049473132939056e+02,1.455776714277349271e+01,1.879796284323579137e-05,0.000000000000000000e+00,8.426778097454332150e-03
9.452500000000279456e+00,6.031413276265182049e+02,1.453292184171977830e+01,1.879123588584764219e-05,0.000000000000000000e+00,8.428072889854339514e-03
9.455000000000278959e+00,6.031776458273410526e+02,1.450807804053993877e+01,1.882649626049190386e-05,0.000000000000000000e+00,8.429364730624827953e-03
9.457500000000278462e+00,6.032139019195110450e+02,1.448323573717129520e+01,1.885366536679045321e-05,0.000000000000000000e+00,8.430653602700316496e-03
9.460000000000277964e+00,6.032500959067715485e+02,1.445839492955347438e+01,1.883374780804805343e-05,0.000000000000000000e+00,8.431939493184409384e-03
9.462500000000277467e+00,6.032862277928607000e+02,1.443355561562865574e+01,1.883011007854855533e-05,0.000000000000000000e+00,8.433222394822718557e-03
9.465000000000276970e+00,6.033222975815115205e+02,1.440871779334118763e+01,1.881397877484408619e-05,0.000000000000000000e+00,8.434502297342397203e-03
9.467500000000276472e+00,6.033583052764520289e+02,1.438388146063737771e+01,1.883716545709591991e-05,0.000000000000000000e+00,8.435779193242450708e-03
9.470000000000275975e+00,6.033942508814050143e+02,1.435904661546563332e+01,1.884070028921824860e-05,0.000000000000000000e+00,8.437053071076398153e-03
9.472500000000275477e+00,6.034301344000881500e+02,1.433421325577682026e+01,1.890567023341349016e-05,0.000000000000000000e+00,8.438323918741181401e-03
9.475000000000274980e+00,6.034659558362138796e+02,1.430938137952443512e+01,1.894362962405330133e-05,0.000000000000000000e+00,8.439591716686487693e-03
9.477500000000274483e+00,6.035017151934897583e+02,1.428455098466420026e+01,1.896548256847968854e-05,0.000000000000000000e+00,8.440856446880072930e-03
9.480000000000273985e+00,6.035374124756179981e+02,1.425972206915401408e+01,1.898932462808607084e-05,0.000000000000000000e+00,8.442118095949595682e-03
9.482500000000273488e+00,6.035730476862959222e+02,1.423489463095402918e+01,1.900044385708398541e-05,0.000000000000000000e+00,8.443376648225775841e-03
9.485000000000272991e+00,6.036086208292156243e+02,1.421006866802656710e+01,1.900597625682212940e-05,0.000000000000000000e+00,8.444632094249089962e-03
9.487500000000272493e+00,6.036441319080640824e+02,1.418524417833625506e+01,1.901445060406842309e-05,0.000000000000000000e+00,8.445884420756527566e-03
9.490000000000271996e+00,6.036795809265232720e+02,1.416042115985028182e+01,1.906034533465042960e-05,0.000000000000000000e+00,8.447133617328652505e-03
9.492500000000271498e+00,6.037149678882700528e+02,1.413559961053834257e+01,1.907155264582595001e-05,0.000000000000000000e+00,8.448379665956139845e-03
9.495000000000271001e+00,6.037502927969761686e+02,1.411077952837240623e+01,1.912546530451481521e-05,0.000000000000000000e+00,8.449622552978298951e-03
9.497500000000270504e+00,6.037855556563083610e+02,1.408596091132688244e+01,1.913919438503189918e-05,0.000000000000000000e+00,8.450862261167728026e-03
9.500000000000270006e+00,6.038207564699282557e+02,1.406114375737837463e+01,1.915902444454474046e-05,0.000000000000000000e+00,8.452098775953421211e-03
9.502500000000269509e+00,6.038558952414924761e+02,1.403632806450602821e+01,1.917937249483948851e-05,0.000000000000000000e+00,8.453332082624952920e-03
9.505000000000269011e+00,6.038909719746525298e+02,1.401151383069134226e+01,1.920742913783559232e-05,0.000000000000000000e+00,8.454562169947952080e-03
9.507500000000268514e+00,6.039259866730549220e+02,1.398670105391814289e+01,1.918642092042600875e-05,0.000000000000000000e+00,8.455789021846087453e-03
9.510000000000268017e+00,6.039609393403411559e+02,1.396188973217313389e+01,1.916454546484577153e-05,0.000000000000000000e+00,8.457012631290708807e-03
9.512500000000267519e+00,6.039958299801476187e+02,1.393707986344516669e+01,1.916920257940696326e-05,0.000000000000000000e+00,8.458232989972599980e-03
9.515000000000267022e+00,6.040306585961058090e+02,1.391227144572534868e+01,1.914796285772717835e-05,0.000000000000000000e+00,8.459450086735341434e-03
9.517500000000266525e+00,6.040654251918419959e+02,1.388746447700706987e+01,1.912922402921941666e-05,0.000000000000000000e+00,8.460663914215469164e-03
9.520000000000266027e+00,6.041001297709775599e+02,1.386265895528620362e+01,1.914083119692879350e-05,0.000000000000000000e+00,8.461874467112356912e-03
9.522500000000265530e+00,6.041347723371288794e+02,1.383785487856118657e+01,1.914160711444653714e-05,0.000000000000000000e+00,8.463081731362067164e-03
9.525000000000265032e+00,6.041693528939073303e+02,1.381305224483335259e+01,1.917707927565883498e-05,0.000000000000000000e+00,8.464285696638536999e-03
9.527500000000264535e+00,6.042038714449192867e+02,1.378825105210642477e+01,1.919578621729997202e-05,0.000000000000000000e+00,8.465486344862290999e-03
9.530000000000264038e+00,6.042383279937661200e+02,1.376345129838654202e+01,1.918904035876370658e-05,0.000000000000000000e+00,8.466683663426692943e-03
9.532500000000263540e+00,6.042727225440441998e+02,1.373865298168228222e+01,1.920712306134171341e-05,0.000000000000000000e+00,8.467877642260932328e-03
9.535000000000263043e+00,6.043070550993448933e+02,1.371385610000477229e+01,1.918258613904661112e-05,0.000000000000000000e+00,8.469068267298320365e-03
9.537500000000262546e+00,6.043413256632546791e+02,1.368906065136771133e+01,1.917583498122512782e-05,0.000000000000000000e+00,8.470255532094718431e-03
9.540000000000262048e+00,6.043755342393549199e+02,1.366426663378737949e+01,1.922531378850371865e-05,0.000000000000000000e+00,8.471439427089407989e-03
9.542500000000261551e+00,6.044096808312223175e+02,1.363947404528272855e+01,1.922381354141911906e-05,0.000000000000000000e+00,8.472619931011690295e-03
9.545000000000261053e+00,6.044437654424283437e+02,1.361468288387492365e+01,1.921097697929869769e-05,0.000000000000000000e+00,8.473797035602749841e-03
9.547500000000260556e+00,6.044777880765395821e+02,1.358989314758770206e+01,1.920267708064893634e-05,0.000000000000000000e+00,8.474970732398742421e-03
9.550000000000260059e+00,6.045117487371177276e+02,1.356510483444809090e+01,1.923512619712137466e-05,0.000000000000000000e+00,8.476141010782718005e-03
9.552500000000259561e+00,6.045456474277195866e+02,1.354031794248543008e+01,1.926576722565157359e-05,0.000000000000000000e+00,8.477307855662752356e-03
9.555000000000259064e+00,6.045794841518969633e+02,1.351553246973169742e+01,1.929726462840939378e-05,0.000000000000000000e+00,8.478471248660407814e-03
9.557500000000258567e+00,6.046132589131967734e+02,1.349074841422129190e+01,1.931591106491205406e-05,0.000000000000000000e+00,8.479631173053270993e-03
9.560000000000258069e+00,6.046469717151610439e+02,1.346596577399084183e+01,1.930877928011150502e-05,0.000000000000000000e+00,8.480787617112064622e-03
9.562500000000257572e+00,6.046806225613267998e+02,1.344118454707994204e+01,1.930695963203106670e-05,0.000000000000000000e+00,8.481940567386254612e-03
9.565000000000257074e+00,6.047142114552261773e+02,1.341640473153113611e+01,1.927507190911295266e-05,0.000000000000000000e+00,8.483090016118693608e-03
9.567500000000256577e+00,6.047477384003865382e+02,1.339162632538931597e+01,1.933035308864144419e-05,0.000000000000000000e+00,8.484235954321942344e-03
9.570000000000256080e+00,6.047812034003303552e+02,1.336684932670220682e+01,1.939117758049555020e-05,0.000000000000000000e+00,8.485378362578392675e-03
9.572500000000255582e+00,6.048146064585750992e+02,1.334207373352012382e+01,1.938389484854378581e-05,0.000000000000000000e+00,8.486517218040588034e-03
9.575000000000255085e+00,6.048479475786333524e+02,1.331729954389588322e+01,1.942773530290312504e-05,0.000000000000000000e+00,8.487652511941988845e-03
9.577500000000254587e+00,6.048812267640130358e+02,1.329252675588514876e+01,1.945479038394705315e-05,0.000000000000000000e+00,8.488784226309997738e-03
9.580000000000254090e+00,6.049144440182169546e+02,1.326775536754669638e+01,1.946311685904150325e-05,0.000000000000000000e+00,8.489912344888094278e-03
9.582500000000253593e+00,6.049475993447432529e+02,1.324298537694199318e+01,1.949418091065772791e-05,0.000000000000000000e+00,8.491036852622412326e-03
9.585000000000253095e+00,6.049806927470851861e+02,1.321821678213493634e+01,1.951979069349642641e-05,0.000000000000000000e+00,8.492157732894925481e-03
9.587500000000252598e+00,6.050137242287311210e+02,1.319344958119213906e+01,1.955278357309011227e-05,0.000000000000000000e+00,8.493274970072477517e-03
9.590000000000252101e+00,6.050466937931646498e+02,1.316868377218303365e+01,1.958208168627322059e-05,0.000000000000000000e+00,8.494388546814163679e-03
9.592500000000251603e+00,6.050796014438644761e+02,1.314391935317985727e+01,1.958294873684725902e-05,0.000000000000000000e+00,8.495498446382098584e-03
9.595000000000251106e+00,6.051124471843045285e+02,1.311915632225767503e+01,1.961430602435299274e-05,0.000000000000000000e+00,8.496604656642670408e-03
9.597500000000250608e+00,6.051452310179539609e+02,1.309439467749454344e+01,1.959712845161883712e-05,0.000000000000000000e+00,8.497707161028829337e-03
9.600000000000250111e+00,6.051779529482770386e+02,1.306963441697140915e+01,1.964958542604416022e-05,0.000000000000000000e+00,8.498805948805454244e-03
9.602500000000249614e+00,6.052106129787332520e+02,1.304487553877194195e+01,1.964217722736766506e-05,0.000000000000000000e+00,8.499901000391149597e-03
9.605000000000249116e+00,6.052432111127774306e+02,1.302011804098239445e+01,1.966000081064449127e-05,0.000000000000000000e+00,8.500992304965357405e-03
9.607500000000248619e+00,6.052757473538594013e+02,1.299536192169218829e+01,1.964950632098849733e-05,0.000000000000000000e+00,8.502079847815872254e-03
9.610000000000248122e+00,6.053082217054243301e+02,1.297060717899377025e+01,1.966513823273057245e-05,0.000000000000000000e+00,8.503163618217204206e-03
9.612500000000247624e+00,6.053406341709127219e+02,1.294585381098258736e+01,1.966803027381130214e-05,0.000000000000000000e+00,8.504243602620299020e-03
9.615000000000247127e+00,6.053729847537600790e+02,1.292110181575712957e+01,1.966185254053237540e-05,0.000000000000000000e+00,8.505319788014114799e-03
9.617500000000246629e+00,6.054052734573973567e+02,1.289635119141882491e+01,1.968756642076396351e-05,0.000000000000000000e+00,8.506392161731716334e-03
9.620000000000246132e+00,6.054375002852507350e+02,1.287160193607198266e+01,1.968210748742288177e-05,0.000000000000000000e+00,8.507460707853202811e-03
9.622500000000245635e+00,6.054696652407415058e+02,1.284685404782382889e+01,1.967881465836795955e-05,0.000000000000000000e+00,8.508525416732443114e-03
9.625000000000245137e+00,6.055017683272864133e+02,1.282210752478487592e+01,1.971493664036306272e-05,0.000000000000000000e+00,8.509586276156506923e-03
9.627500000000244640e+00,6.055338095482974268e+02,1.279736236506854574e+01,1.973743346617523012e-05,0.000000000000000000e+00,8.510643267193590197e-03
9.630000000000244142e+00,6.055657889071817408e+02,1.277261856679112384e+01,1.977220965320236417e-05,0.000000000000000000e+00,8.511696372492749338e-03
9.632500000000243645e+00,6.055977064073420024e+02,1.274787612807194392e+01,1.974627136244681605e-05,0.000000000000000000e+00,8.512745574368289422e-03
9.635000000000243148e+00,6.056295620521758565e+02,1.272313504703335951e+01,1.977520123302115520e-05,0.000000000000000000e+00,8.513790865165725766e-03
9.637500000000242650e+00,6.056613558450766277e+02,1.269839532180064978e+01,1.980317228581325044e-05,0.000000000000000000e+00,8.514832228226174027e-03
9.640000000000242153e+00,6.056930877894326386e+02,1.267365695050241925e+01,1.978582011480204222e-05,0.000000000000000000e+00,8.515869645821712644e-03
9.642500000000241656e+00,6.057247578886276642e+02,1.264891993127062442e+01,1.981096314139682874e-05,0.000000000000000000e+00,8.516903108708812065e-03
9.645000000000241158e+00,6.057563661460408184e+02,1.262418426224018120e+01,1.980418416742385349e-05,0.000000000000000000e+00,8.517932598504231179e-03
9.647500000000240661e+00,6.057879125650466676e+02,1.259944994154900222e+01,1.981462539950180551e-05,0.000000000000000000e+00,8.518958104533591938e-03
9.650000000000240163e+00,6.058193971490148897e+02,1.257471696733822775e+01,1.983310686023696912e-05,0.000000000000000000e+00,8.519979613467178539e-03
9.652500000000239666e+00,6.058508199013106150e+02,1.254998533775244951e+01,1.982569132202506820e-05,0.000000000000000000e+00,8.520997108836263559e-03
9.655000000000239169e+00,6.058821808252944265e+02,1.252525505093963787e+01,1.984743662225836621e-05,0.000000000000000000e+00,8.522010578893131350e-03
9.657500000000238671e+00,6.059134799243221323e+02,1.250052610505111161e+01,1.984181430100155559e-05,0.000000000000000000e+00,8.523020007873256809e-03
9.660000000000238174e+00,6.059447172017451066e+02,1.247579849824109743e+01,1.983101525958299238e-05,0.000000000000000000e+00,8.524025384256636237e-03
9.662500000000237677e+00,6.059758926609099490e+02,1.245107222866723262e+01,1.986347064203089434e-05,0.000000000000000000e+00,8.525026697735395287e-03
9.665000000000237179e+00,6.060070063051585976e+02,1.242634729449067521e+01,1.987797974115175631e-05,0.000000000000000000e+00,8.526023928458614440e-03
9.667500000000236682e+00,6.060380581378286706e+02,1.240162369387567765e+01,1.987491486522094356e-05,0.000000000000000000e+00,8.527017060812313101e-03
9.670000000000236184e+00,6.060690481622528978e+02,1.237690142498976442e+01,1.990388771034004627e-05,0.000000000000000000e+00,8.528006082255238512e-03
9.672500000000235687e+00,6.060999763817596886e+02,1.235218048600393459e+01,1.989935097307833905e-05,0.000000000000000000e+00,8.528990976292914750e-03
9.675000000000235190e+00,6.061308427996726778e+02,1.232746087509266886e+01,1.990693663130821024e-05,0.000000000000000000e+00,8.529971731518303305e-03
9.677500000000234692e+00,6.061616474193109525e+02,1.230274259043415697e+01,1.989988822043482170e-05,0.000000000000000000e+00,8.530948331065520487e-03
9.680000000000234195e+00,6.061923902439892800e+02,1.227802563020964755e+01,1.990294391228276130e-05,0.000000000000000000e+00,8.531920763630379545e-03
9.682500000000233698e+00,6.062230712770175387e+02,1.225330999260359377e+01,1.989675322557042403e-05,0.000000000000000000e+00,8.532889015903825231e-03
9.685000000000233200e+00,6.062536905217014009e+02,1.222859567580427509e+01,1.990150771072149183e-05,0.000000000000000000e+00,8.533853076842720653e-03
9.687500000000232703e+00,6.062842479813417640e+02,1.220388267800355209e+01,1.994648628645650159e-05,0.000000000000000000e+00,8.534812931049556156e-03
9.690000000000232205e+00,6.063147436592350914e+02,1.217917099739670128e+01,1.992662779333744211e-05,0.000000000000000000e+00,8.535768559822938875e-03
9.692500000000231708e+00,6.063451775586734129e+02,1.215446063218263362e+01,1.995777839336162677e-05,0.000000000000000000e+00,8.536719951601033987e-03
9.695000000000231211e+00,6.063755496829440972e+02,1.212975158056401170e+01,1.999722547001894559e-05,0.000000000000000000e+00,8.537667089042725102e-03
9.697500000000230713e+00,6.064058600353301927e+02,1.210504384074710771e+01,2.000706982793759451e-05,0.000000000000000000e+00,8.538609951002079992e-03
9.700000000000230216e+00,6.064361086191102004e+02,1.208033741094174296e+01,1.999182622784998414e-05,0.000000000000000000e+00,8.539548521643937351e-03
9.702500000000229718e+00,6.064662954375580739e+02,1.205563228936139097e+01,2.001498654281066167e-05,0.000000000000000000e+00,8.540482792085989094e-03
9.705000000000229221e+00,6.064964204939433330e+02,1.203092847422311706e+01,2.003879255527286880e-05,0.000000000000000000e+00,8.541412743863200166e-03
9.707500000000228724e+00,6.065264837915311773e+02,1.200622596374780926e+01,2.002716064919228596e-05,0.000000000000000000e+00,8.542338361423774604e-03
9.710000000000228226e+00,6.065564853335822590e+02,1.198152475616035062e+01,2.002364979610627026e-05,0.000000000000000000e+00,8.543259631582407129e-03
9.712500000000227729e+00,6.065864251233526829e+02,1.195682484968947534e+01,2.003265328009390419e-05,0.000000000000000000e+00,8.544176540868766989e-03
9.715000000000227232e+00,6.066163031640943473e+02,1.193212624256754495e+01,2.004332787876313913e-05,0.000000000000000000e+00,8.545089074279013999e-03
9.717500000000226734e+00,6.066461194590544892e+02,1.190742893303074901e+01,2.006956377963250331e-05,0.000000000000000000e+00,8.545997214592411170e-03
9.720000000000226237e+00,6.066758740114761395e+02,1.188273291931893816e+01,2.006867460835682875e-05,0.000000000000000000e+00,8.546900945875580621e-03
9.722500000000225739e+00,6.067055668245978950e+02,1.185803819967572181e+01,2.006805729426280771e-05,0.000000000000000000e+00,8.547800253785001190e-03
9.725000000000225242e+00,6.067351979016539190e+02,1.183334477234879678e+01,2.008680706438889475e-05,0.000000000000000000e+00,8.548695123889865632e-03
9.727500000000224745e+00,6.067647672458740544e+02,1.180865263558981404e+01,2.006018375636403503e-05,0.000000000000000000e+00,8.549585540093778899e-03
9.730000000000224247e+00,6.067942748604837107e+02,1.178396178765436453e+01,2.007958913925834895e-05,0.000000000000000000e+00,8.550471494344985546e-03
9.732500000000223750e+00,6.068237207487038631e+02,1.175927222680229001e+01,2.011477500978098849e-05,0.000000000000000000e+00,8.551352970920356178e-03
9.735000000000223253e+00,6.068531049137512809e+02,1.173458395129732779e+01,2.012399985736478380e-05,0.000000000000000000e+00,8.552229946821192363e-03
9.737500000000222755e+00,6.068824273588384131e+02,1.170989695940731146e+01,2.015191196054375058e-05,0.000000000000000000e+00,8.553102404979497780e-03
9.740000000000222258e+00,6.069116880871732747e+02,1.168521124940401812e+01,2.018098532028866427e-05,0.000000000000000000e+00,8.553970331659600107e-03
9.742500000000221760e+00,6.069408871019595608e+02,1.166052681956358938e+01,2.020053589691652327e-05,0.000000000000000000e+00,8.554833706507935023e-03
9.745000000000221263e+00,6.069700244063967602e+02,1.163584366816648163e+01,2.021269561790802114e-05,0.000000000000000000e+00,8.555692511065478290e-03
9.747500000000220766e+00,6.069991000036817468e+02,1.161116178309451286e+01,2.021991423508090712e-05,0.000000000000000000e+00,8.556546730963522293e-03
9.750000000000220268e+00,6.070281138969451149e+02,1.158648113386391820e+01,2.024154799376463529e-05,0.000000000000000000e+00,8.557396350076948432e-03
9.752500000000219771e+00,6.070570660892815340e+02,1.156180171420242964e+01,2.025613177867255241e-05,0.000000000000000000e+00,8.558241350482104562e-03
9.755000000000219273e+00,6.070859565837640730e+02,1.153712351967263494e+01,2.023715518858006812e-05,0.000000000000000000e+00,8.559081714602796709e-03
9.757500000000218776e+00,6.071147853834546595e+02,1.151244654881153551e+01,2.025004472988015027e-05,0.000000000000000000e+00,8.559917431080888220e-03
9.760000000000218279e+00,6.071435524914116968e+02,1.148777080015996255e+01,2.024276700015031628e-05,0.000000000000000000e+00,8.560748483122724087e-03
9.762500000000217781e+00,6.071722579106898365e+02,1.146309627226255046e+01,2.024104534941317411e-05,0.000000000000000000e+00,8.561574861092399388e-03
9.765000000000217284e+00,6.072009016443402061e+02,1.143842296366803524e+01,2.024508503010726703e-05,0.000000000000000000e+00,8.562396550393787734e-03
9.767500000000216787e+00,6.072294836954101811e+02,1.141375087292914081e+01,2.023003719488659986e-05,0.000000000000000000e+00,8.563213533509828404e-03
9.770000000000216289e+00,6.072580040669436130e+02,1.138907999860236941e+01,2.025313633904572951e-05,0.000000000000000000e+00,8.564025801381092845e-03
9.772500000000215792e+00,6.072864627619807152e+02,1.136441033924809041e+01,2.025639213683998817e-05,0.000000000000000000e+00,8.564833333610159458e-03
9.775000000000215294e+00,6.073148597835580631e+02,1.133974189343080319e+01,2.029467797495712922e-05,0.000000000000000000e+00,8.565636115932020664e-03
9.777500000000214797e+00,6.073431951347087079e+02,1.131507465971916382e+01,2.029579162305044117e-05,0.000000000000000000e+00,8.566434127799751191e-03
9.780000000000214300e+00,6.073714688184621764e+02,1.129040863668591932e+01,2.031220324448011565e-05,0.000000000000000000e+00,8.567227356005315680e-03
9.782500000000213802e+00,6.073996808378442438e+02,1.126574382290807286e+01,2.029508364672831202e-05,0.000000000000000000e+00,8.568015781275892945e-03
9.785000000000213305e+00,6.074278311958772747e+02,1.124108021696663862e+01,2.028311587567203586e-05,0.000000000000000000e+00,8.568799391355044065e-03
9.787500000000212808e+00,6.074559198955801094e+02,1.121641781744664002e+01,2.030042362953706433e-05,0.000000000000000000e+00,8.569578175085162952e-03
9.790000000000212310e+00,6.074839469399679501e+02,1.119175662293736018e+01,2.027351901111867989e-05,0.000000000000000000e+00,8.570352114918277850e-03
9.792500000000211813e+00,6.075119123320525887e+02,1.116709663203261549e+01,2.028361594443147805e-05,0.000000000000000000e+00,8.571121201248940377e-03
9.795000000000211315e+00,6.075398160748421788e+02,1.114243784333048737e+01,2.026873533079305456e-05,0.000000000000000000e+00,8.571885416419242412e-03
9.797500000000210818e+00,6.075676581713414635e+02,1.111778025543335957e+01,2.024495053355484571e-05,0.000000000000000000e+00,8.572644750063270966e-03
9.800000000000210321e+00,6.075954386245516616e+02,1.109312386694808694e+01,2.024056166411622698e-05,0.000000000000000000e+00,8.573399192077314768e-03
9.802500000000209823e+00,6.076231574374704678e+02,1.106846867648610733e+01,2.025369612198425182e-05,0.000000000000000000e+00,8.574148727812395607e-03
9.805000000000209326e+00,6.076508146130921659e+02,1.104381468266337940e+01,2.026378665136149823e-05,0.000000000000000000e+00,8.574893342003342411e-03
9.807500000000208829e+00,6.076784101544076293e+02,1.101916188410038444e+01,2.026611117151066918e-05,0.000000000000000000e+00,8.575633016932685329e-03
9.810000000000208331e+00,6.077059440644042070e+02,1.099451027942234838e+01,2.027842681249264110e-05,0.000000000000000000e+00,8.576367737358460419e-03
9.812500000000207834e+00,6.077334163460658374e+02,1.096985986725908013e+01,2.025914039189104839e-05,0.000000000000000000e+00,8.577097486850551733e-03
9.815000000000207336e+00,6.077608270023730483e+02,1.094521064624512974e+01,2.025283739778600286e-05,0.000000000000000000e+00,8.577822253434763330e-03
9.817500000000206839e+00,6.077881760363028434e+02,1.092056261501969949e+01,2.023877451023083698e-05,0.000000000000000000e+00,8.578542024628602741e-03
9.820000000000206342e+00,6.078154634508290428e+02,1.089591577222677898e+01,2.020174660590710498e-05,0.000000000000000000e+00,8.579256788510476045e-03
9.822500000000205844e+00,6.078426892489218289e+02,1.087127011651529784e+01,2.020696258046356168e-05,0.000000000000000000e+00,8.579966535710359388e-03
9.825000000000205347e+00,6.078698534335482009e+02,1.084662564653920391e+01,2.021989154030069878e-05,0.000000000000000000e+00,8.580671252543532745e-03
9.827500000000204849e+00,6.078969560076718608e+02,1.082198236095745436e+01,2.023395291234383103e-05,0.000000000000000000e+00,8.581370920374769076e-03
9.830000000000204352e+00,6.079239969742528729e+02,1.079734025843399969e+01,2.022262200239555011e-05,0.000000000000000000e+00,8.582065522761528342e-03
9.832500000000203855e+00,6.079509763362482317e+02,1.077269933763778376e+01,2.024801735632292179e-05,0.000000000000000000e+00,8.582755046786169628e-03
9.835000000000203357e+00,6.079778940966114078e+02,1.074805959724282722e+01,2.023818143847906347e-05,0.000000000000000000e+00,8.583439471481789373e-03
9.837500000000202860e+00,6.080047502582926882e+02,1.072342103592831641e+01,2.025602857341139194e-05,0.000000000000000000e+00,8.584118783406775172e-03
9.840000000000202363e+00,6.080315448242390630e+02,1.069878365237856599e+01,2.026995393372887225e-05,0.000000000000000000e+00,8.584792966327232586e-03
9.842500000000201865e+00,6.080582777973942257e+02,1.067414744528317172e+01,2.027417189477824001e-05,0.000000000000000000e+00,8.585462001424126743e-03
9.845000000000201368e+00,6.080849491806984588e+02,1.064951241333731247e+01,2.028146917253754585e-05,0.000000000000000000e+00,8.586125873383544313e-03
9.847500000000200870e+00,6.081115589770889756e+02,1.062487855524152280e+01,2.026867369695754437e-05,0.000000000000000000e+00,8.586784565904469202e-03
9.850000000000200373e+00,6.081381071894996921e+02,1.060024586970180493e+01,2.030132817426035066e-05,0.000000000000000000e+00,8.587438065762145051e-03
9.852500000000199876e+00,6.081645938208612279e+02,1.057561435542966244e+01,2.033454265203142239e-05,0.000000000000000000e+00,8.588086352030271237e-03
9.855000000000199378e+00,6.081910188741010188e+02,1.055098401114212159e+01,2.033887630503264477e-05,0.000000000000000000e+00,8.588729403743179322e-03
9.857500000000198881e+00,6.082173823521433178e+02,1.052635483556194096e+01,2.032920150446463194e-05,0.000000000000000000e+00,8.589367204186742696e-03
9.860000000000198384e+00,6.082436842579091945e+02,1.050172682741762031e+01,2.030075031421355020e-05,0.000000000000000000e+00,8.589999742164891247e-03
9.862500000000197886e+00,6.082699245943164215e+02,1.047709998544351606e+01,2.033345655486423699e-05,0.000000000000000000e+00,8.590627004624181232e-03
9.865000000000197389e+00,6.082961033642798157e+02,1.045247430837977198e+01,2.035354481789422907e-05,0.000000000000000000e+00,8.591248972101773324e-03
9.867500000000196891e+00,6.083222205707108969e+02,1.042784979497226772e+01,2.035091500319492319e-05,0.000000000000000000e+00,8.591865624368841964e-03
9.870000000000196394e+00,6.083482762165181157e+02,1.040322644397299001e+01,2.036955621808476510e-05,0.000000000000000000e+00,8.592476947271351570e-03
9.872500000000195897e+00,6.083742703046067390e+02,1.037860425413996346e+01,2.036879563680097930e-05,0.000000000000000000e+00,8.593082922316544470e-03
9.875000000000195399e+00,6.084002028378790783e+02,1.035398322423735706e+01,2.036237828986829133e-05,0.000000000000000000e+00,8.593683535778101970e-03
9.877500000000194902e+00,6.084260738192341478e+02,1.032936335303553932e+01,2.033124847134889585e-05,0.000000000000000000e+00,8.594278771851432061e-03
9.880000000000194404e+00,6.084518832515681197e+02,1.030474463931126650e+01,2.034603731689176554e-05,0.000000000000000000e+00,8.594868621261077604e-03
9.882500000000193907e+00,6.084776311377738693e+02,1.028012708184752100e+01,2.033337310730037225e-05,0.000000000000000000e+00,8.595453065122474548e-03
9.885000000000193410e+00,6.085033174807414298e+02,1.025551067943376360e+01,2.036749494140066224e-05,0.000000000000000000e+00,8.596032091219073940e-03
9.887500000000192912e+00,6.085289422833577646e+02,1.023089543086584818e+01,2.036643646180701187e-05,0.000000000000000000e+00,8.596605676487397568e-03
9.890000000000192415e+00,6.085545055485067678e+02,1.020628133494604661e+01,2.038434124827744176e-05,0.000000000000000000e+00,8.597173807135845627e-03
9.892500000000191918e+00,6.085800072790694912e+02,1.018166839048321037e+01,2.041732430810904515e-05,0.000000000000000000e+00,8.597736462098421947e-03
9.895000000000191420e+00,6.086054474779238035e+02,1.015705659629303348e+01,2.038938858292950966e-05,0.000000000000000000e+00,8.598293620558175934e-03
9.897500000000190923e+00,6.086308261479447310e+02,1.013244595119791036e+01,2.041142165173782903e-05,0.000000000000000000e+00,8.598845271465115070e-03
9.900000000000190425e+00,6.086561432920043444e+02,1.010783645402709396e+01,2.040508650614151936e-05,0.000000000000000000e+00,8.599391397080071581e-03
9.902500000000189928e+00,6.086813989129717584e+02,1.008322810361687516e+01,2.043657490255360457e-05,0.000000000000000000e+00,8.599931981638079745e-03
9.905000000000189431e+00,6.087065930137132455e+02,1.005862089881064136e+01,2.042371711645314447e-05,0.000000000000000000e+00,8.600467006194234890e-03
9.907500000000188933e+00,6.087317255970922361e+02,1.003401483845891384e+01,2.040613299191933747e-05,0.000000000000000000e+00,8.600996454549021328e-03
9.910000000000188436e+00,6.087567966659690910e+02,1.000940992141949515e+01,2.038920387616199298e-05,0.000000000000000000e+00,8.601520314975630299e-03
9.912500000000187939e+00,6.087818062232015563e+02,9.984806146557334117e+00,2.039116671997035732e-05,0.000000000000000000e+00,8.602038577238147257e-03
9.915000000000187441e+00,6.088067542716444223e+02,9.960203512744831400e+00,2.041367972330082389e-05,0.000000000000000000e+00,8.602551222881029552e-03
9.917500000000186944e+00,6.088316408141496368e+02,9.935602018861885654e+00,2.042681981000970732e-05,0.000000000000000000e+00,8.603058231783648063e-03
9.920000000000186446e+00,6.088564658535664194e+02,9.911001663795824257e+00,2.041377404985006733e-05,0.000000000000000000e+00,8.603559585514576266e-03
9.922500000000185949e+00,6.088812293927411474e+02,9.886402446441588054e+00,2.041108734077991103e-05,0.000000000000000000e+00,8.604055271944775068e-03
9.925000000000185452e+00,6.089059314345174698e+02,9.861804365701795305e+00,2.041615591289576914e-05,0.000000000000000000e+00,8.604545274990008097e-03
9.927500000000184954e+00,6.089305719817364206e+02,9.837207420487013465e+00,2.041807589987281932e-05,0.000000000000000000e+00,8.605029577936351703e-03
9.930000000000184457e+00,6.089551510372360781e+02,9.812611609715775174e+00,2.043874520037444037e-05,0.000000000000000000e+00,8.605508166576694706e-03
9.932500000000183960e+00,6.089796686038520193e+02,9.788016932314645757e+00,2.043229365680945760e-05,0.000000000000000000e+00,8.605981020623034924e-03
9.935000000000183462e+00,6.090041246844169791e+02,9.763423387218370664e+00,2.044135204883548384e-05,0.000000000000000000e+00,8.606448123763781391e-03
9.937500000000182965e+00,6.090285192817611915e+02,9.738830973369825728e+00,2.046853888575449895e-05,0.000000000000000000e+00,8.606909460142623050e-03
9.940000000000182467e+00,6.090528523987121616e+02,9.714239689720198356e+00,2.047521763782254818e-05,0.000000000000000000e+00,8.607365008128923384e-03
9.942500000000181970e+00,6.090771240380947802e+02,9.689649535229106547e+00,2.047144885402512276e-05,0.000000000000000000e+00,8.607814750637035259e-03
9.945000000000181473e+00,6.091013342027314366e+02,9.665060508864730338e+00,2.048927304158473014e-05,0.000000000000000000e+00,8.608258671331086784e-03
9.947500000000180975e+00,6.091254828954417917e+02,9.640472609603920162e+00,2.048310289537966944e-05,0.000000000000000000e+00,8.608696751525118929e-03
9.950000000000180478e+00,6.091495701190430054e+02,9.615885836432180866e+00,2.045731957686444674e-05,0.000000000000000000e+00,8.609128977000779503e-03
9.952500000000179980e+00,6.091735958763497365e+02,9.591300188343996780e+00,2.047236920373126732e-05,0.000000000000000000e+00,8.609555335328689801e-03
9.955000000000179483e+00,6.091975601701741425e+02,9.566715664342805070e+00,2.045563033799644586e-05,0.000000000000000000e+00,8.609975807199811079e-03
9.957500000000178986e+00,6.092214630033259937e+02,9.542132263441061468e+00,2.044253691406261968e-05,0.000000000000000000e+00,8.610390380234039451e-03
9.960000000000178488e+00,6.092453043786123317e+02,9.517549984660421458e+00,2.045421612400851884e-05,0.000000000000000000e+00,8.610799040479977587e-03
9.962500000000177991e+00,6.092690842988380382e+02,9.492968827031772250e+00,2.045674806135257314e-05,0.000000000000000000e+00,8.611201770258874663e-03
9.965000000000177494e+00,6.092928027668053801e+02,9.468388789595358901e+00,2.046634963226221565e-05,0.000000000000000000e+00,8.611598553260413000e-03
9.967500000000176996e+00,6.093164597853142368e+02,9.443809871401073863e+00,2.048160264160316736e-05,0.000000000000000000e+00,8.611989371651052397e-03
9.970000000000176499e+00,6.093400553571622140e+02,9.419232071508563564e+00,2.047633705792857004e-05,0.000000000000000000e+00,8.612374206206151878e-03
9.972500000000176001e+00,6.093635894851446437e+02,9.394655388987260380e+00,2.048562187489200314e-05,0.000000000000000000e+00,8.612753041814651470e-03
9.975000000000175504e+00,6.093870621720543568e+02,9.370079822916466128e+00,2.048292556634147689e-05,0.000000000000000000e+00,8.613125861713425563e-03
9.977500000000175007e+00,6.094104734206819103e+02,9.345505372385565224e+00,2.050520221173047472e-05,0.000000000000000000e+00,8.613492648441965424e-03
9.980000000000174509e+00,6.094338232338157013e+02,9.320932036494074424e+00,2.049814235660054658e-05,0.000000000000000000e+00,8.613853382405852951e-03
9.982500000000174012e+00,6.094571116142418532e+02,9.296359814351825790e+00,2.051712574785622659e-05,0.000000000000000000e+00,8.614208049686801483e-03
9.985000000000173515e+00,6.094803385647442155e+02,9.271788705079163861e+00,2.053952600391798129e-05,0.000000000000000000e+00,8.614556629590689255e-03
9.987500000000173017e+00,6.095035040881044779e+02,9.247218707807038030e+00,2.053593589664187474e-05,0.000000000000000000e+00,8.614899101662689199e-03
9.990000000000172520e+00,6.095266081871020560e+02,9.222649821676974113e+00,2.050432185320359273e-05,0.000000000000000000e+00,8.615235449657254740e-03
9.992500000000172022e+00,6.095496508645144331e+02,9.198082045841267984e+00,2.053110390248630935e-05,0.000000000000000000e+00,8.615565664489304235e-03
9.995000000000171525e+00,6.095726321231168185e+02,9.173515379463250241e+00,2.051929137672913893e-05,0.000000000000000000e+00,8.615889725041698394e-03
9.997500000000171028e+00,6.095955519656824890e+02,9.148949821717499375e+00,2.049564554460617653e-05,0.000000000000000000e+00,8.616207616760730020e-03
1.000000000000017053e+01,6.096184103949824475e+02,9.124385371789836441e+00,2.050658819576869590e-05,0.000000000000000000e+00,8.616519328689028687e-03
1.000250000000017003e+01,6.096412074137858781e+02,9.099822028877500912e+00,2.053544530787975898e-05,0.000000000000000000e+00,8.616824841349457476e-03
1.000500000000016954e+01,6.096639430248598046e+02,9.075259792189234176e+00,2.054072913540886284e-05,0.000000000000000000e+00,8.617124131864720843e-03
1.000750000000016904e+01,6.096866172309693184e+02,9.050698660945407426e+00,2.051064249696484313e-05,0.000000000000000000e+00,8.617417184554358386e-03
1.001000000000016854e+01,6.097092300348776917e+02,9.026138634378263248e+00,2.050344281944599129e-05,0.000000000000000000e+00,8.617703987284293377e-03
1.001250000000016804e+01,6.097317814393461504e+02,9.001579711732100364e+00,2.050474766157904310e-05,0.000000000000000000e+00,8.617984526656323127e-03
1.001500000000016755e+01,6.097542714471339877e+02,8.977021892263405078e+00,2.051596171572601978e-05,0.000000000000000000e+00,8.618258785792226595e-03
1.001750000000016705e+01,6.097767000609987917e+02,8.952465175241076878e+00,2.052816236047852371e-05,0.000000000000000000e+00,8.618526746974537397e-03
1.002000000000016655e+01,6.097990672836963313e+02,8.927909559946510143e+00,2.053762160147321909e-05,0.000000000000000000e+00,8.618788390752467332e-03
1.002250000000016605e+01,6.098213731179804427e+02,8.903355045673750467e+00,2.054555898936427462e-05,0.000000000000000000e+00,8.619043698766671105e-03
1.002500000000016556e+01,6.098436175666033705e+02,8.878801631729613675e+00,2.054947605050853537e-05,0.000000000000000000e+00,8.619292652226924131e-03
1.002750000000016506e+01,6.098658006323155405e+02,8.854249317433900757e+00,2.055407315006023810e-05,0.000000000000000000e+00,8.619535235277021173e-03
1.003000000000016456e+01,6.098879223178656730e+02,8.829698102119586167e+00,2.057081684345088903e-05,0.000000000000000000e+00,8.619771429795176909e-03
1.003250000000016406e+01,6.099099826260007831e+02,8.805147985132965260e+00,2.053973492547242881e-05,0.000000000000000000e+00,8.620001217508839464e-03
1.003500000000016357e+01,6.099319815594664078e+02,8.780598965833902980e+00,2.053415332279007901e-05,0.000000000000000000e+00,8.620224585634276432e-03
1.003750000000016307e+01,6.099539191210063791e+02,8.756051043595848071e+00,2.052475794689317094e-05,0.000000000000000000e+00,8.620441520132113983e-03
1.004000000000016257e+01,6.099757953133630508e+02,8.731504217806126178e+00,2.052042496673694429e-05,0.000000000000000000e+00,8.620652005455389094e-03
1.004250000000016207e+01,6.099976101392771852e+02,8.706958487866218732e+00,2.053174759164639522e-05,0.000000000000000000e+00,8.620856026910117889e-03
1.004500000000016158e+01,6.100193636014880667e+02,8.682413853191775388e+00,2.055969483887683239e-05,0.000000000000000000e+00,8.621053566281127942e-03
1.004750000000016108e+01,6.100410557027335017e+02,8.657870313212942648e+00,2.057478690838185630e-05,0.000000000000000000e+00,8.621244602525788073e-03
1.005000000000016058e+01,6.100626864457500460e+02,8.633327867374573472e+00,2.056796076080465188e-05,0.000000000000000000e+00,8.621429115674929602e-03
1.005250000000016009e+01,6.100842558332725503e+02,8.608786515136351625e+00,2.058160457439720963e-05,0.000000000000000000e+00,8.621607089780970734e-03
1.005500000000015959e+01,6.101057638680348418e+02,8.584246255972924899e+00,2.057890508941414719e-05,0.000000000000000000e+00,8.621778505657600941e-03
1.005750000000015909e+01,6.101272105527692702e+02,8.559707089374082756e+00,2.057702891972592763e-05,0.000000000000000000e+00,8.621943347881808398e-03
1.006000000000015859e+01,6.101485958902070479e+02,8.535169014845070734e+00,2.059985474224407536e-05,0.000000000000000000e+00,8.622101599511402398e-03
1.006250000000015810e+01,6.101699198830780233e+02,8.510632031906792960e+00,2.061199740655213195e-05,0.000000000000000000e+00,8.622253240272293243e-03
1.006500000000015760e+01,6.101911825341109079e+02,8.486096140096044849e+00,2.061318995111117300e-05,0.000000000000000000e+00,8.622398252926866818e-03
1.006750000000015710e+01,6.102123838460332763e+02,8.461561338965742252e+00,2.062760947065428078e-05,0.000000000000000000e+00,8.622536618863760674e-03
1.007000000000015660e+01,6.102335238215715663e+02,8.437027628085051134e+00,2.064012162540976484e-05,0.000000000000000000e+00,8.622668318686689884e-03
1.007250000000015611e+01,6.102546024634511923e+02,8.412495007039533235e+00,2.064027249917028142e-05,0.000000000000000000e+00,8.622793332610744627e-03
1.007500000000015561e+01,6.102756197743965458e+02,8.387963475431435612e+00,2.063784557188543174e-05,0.000000000000000000e+00,8.622911646595428706e-03
1.007750000000015511e+01,6.102965757571309950e+02,8.363433032880015716e+00,2.063128281370206957e-05,0.000000000000000000e+00,8.623023242913203934e-03
1.008000000000015461e+01,6.103174704143769986e+02,8.338903679021752779e+00,2.062054655487296345e-05,0.000000000000000000e+00,8.623128107289350017e-03
1.008250000000015412e+01,6.103383037488559921e+02,8.314375413510472157e+00,2.063524330118870673e-05,0.000000000000000000e+00,8.623226225318001564e-03
1.008500000000015362e+01,6.103590757632887289e+02,8.289848236017681060e+00,2.061081438171322340e-05,0.000000000000000000e+00,8.623317577800427430e-03
1.008750000000015312e+01,6.103797864603950529e+02,8.265322146232813694e+00,2.062836080842309620e-05,0.000000000000000000e+00,8.623402152877499352e-03
1.009000000000015262e+01,6.104004358428941259e+02,8.240797143863469287e+00,2.063985950165460898e-05,0.000000000000000000e+00,8.623479929672635616e-03
1.009250000000015213e+01,6.104210239135043139e+02,8.216273228635550652e+00,2.061979475771150584e-05,0.000000000000000000e+00,8.623550890529891808e-03
1.009500000000015163e+01,6.104415506749433007e+02,8.191750400293557277e+00,2.061639899515323878e-05,0.000000000000000000e+00,8.623615022597133639e-03
1.009750000000015113e+01,6.104620161299282017e+02,8.167228658600935276e+00,2.063814802039286314e-05,0.000000000000000000e+00,8.623672310280012382e-03
1.010000000000015064e+01,6.104824202811754503e+02,8.142708003340146661e+00,2.061323851553575629e-05,0.000000000000000000e+00,8.623722732490044646e-03
1.010250000000015014e+01,6.105027631314010250e+02,8.118188434313074353e+00,2.058617490165574226e-05,0.000000000000000000e+00,8.623766278481088607e-03
1.010500000000014964e+01,6.105230446833204496e+02,8.093669951341276203e+00,2.056343584595101114e-05,0.000000000000000000e+00,8.623802937563460752e-03
1.010750000000014914e+01,6.105432649396487932e+02,8.069152554266301181e+00,2.057198542060639828e-05,0.000000000000000000e+00,8.623832696280550256e-03
1.011000000000014865e+01,6.105634239031007837e+02,8.044636242949861682e+00,2.056197266354670245e-05,0.000000000000000000e+00,8.623855535822073926e-03
1.011250000000014815e+01,6.105835215763905808e+02,8.020121017274028929e+00,2.055996623993209085e-05,0.000000000000000000e+00,8.623871442215217537e-03
1.011500000000014765e+01,6.106035579622323439e+02,7.995606877141629987e+00,2.053645434736996314e-05,0.000000000000000000e+00,8.623880399150104029e-03
1.011750000000014715e+01,6.106235330633398917e+02,7.971093822476553292e+00,2.055334604166397287e-05,0.000000000000000000e+00,8.623882396336962630e-03
1.012000000000014666e+01,6.106434468824268151e+02,7.946581853224040870e+00,2.056948522755749087e-05,0.000000000000000000e+00,8.623877414135628847e-03
1.012250000000014616e+01,6.106632994222067055e+02,7.922070969351013403e+00,2.056574019298090353e-05,0.000000000000000000e+00,8.623865432016201982e-03
1.012500000000014566e+01,6.106830906853929264e+02,7.897561170846262080e+00,2.055218181703148499e-05,0.000000000000000000e+00,8.623846436161361484e-03
1.012750000000014516e+01,6.107028206746989554e+02,7.873052457720778996e+00,2.055325525776488093e-05,0.000000000000000000e+00,8.623820411178611048e-03
1.013000000000014467e+01,6.107224893928382699e+02,7.848544830008073347e+00,2.053206070278894879e-05,0.000000000000000000e+00,8.623787340756557465e-03
1.013250000000014417e+01,6.107420968425244610e+02,7.824038287764415678e+00,2.052047229057468765e-05,0.000000000000000000e+00,8.623747213413704427e-03
1.013500000000014367e+01,6.107616430264711198e+02,7.799532831069282857e+00,2.053815545462888101e-05,0.000000000000000000e+00,8.623700014334221078e-03
1.013750000000014317e+01,6.107811279473922923e+02,7.775028460025611210e+00,2.055614476320080045e-05,0.000000000000000000e+00,8.623645724544637056e-03
1.014000000000014268e+01,6.108005516080021380e+02,7.750525174760086955e+00,2.054451719002487511e-05,0.000000000000000000e+00,8.623584323668507037e-03
1.014250000000014218e+01,6.108199140110152712e+02,7.726022975423549433e+00,2.056624932693092321e-05,0.000000000000000000e+00,8.623515798592058801e-03
1.014500000000014168e+01,6.108392151591465336e+02,7.701521862191259338e+00,2.055788726708284385e-05,0.000000000000000000e+00,8.623440128303745678e-03
1.014750000000014118e+01,6.108584550551113352e+02,7.677021835263334815e+00,2.055648671908869899e-05,0.000000000000000000e+00,8.623357299024058883e-03
1.015000000000014069e+01,6.108776337016255411e+02,7.652522894864990377e+00,2.056499534023371425e-05,0.000000000000000000e+00,8.623267293545289203e-03
1.015250000000014019e+01,6.108967511014055844e+02,7.628025041246879745e+00,2.058467140644030326e-05,0.000000000000000000e+00,8.623170093385838439e-03
1.015500000000013969e+01,6.109158072571686944e+02,7.603528274685405819e+00,2.059942648100460564e-05,0.000000000000000000e+00,8.623065679210246276e-03
1.015750000000013920e+01,6.109348021716325547e+02,7.579032595483224277e+00,2.061708565912231844e-05,0.000000000000000000e+00,8.622954031603674921e-03
1.016000000000013870e+01,6.109537358475158726e+02,7.554538003969479831e+00,2.060526276823531543e-05,0.000000000000000000e+00,8.622835131746600310e-03
1.016250000000013820e+01,6.109726082875380371e+02,7.530044500500256532e+00,2.061150942234396866e-05,0.000000000000000000e+00,8.622708965752012844e-03
1.016500000000013770e+01,6.109914194944193468e+02,7.505552085458945477e+00,2.060732111149044993e-05,0.000000000000000000e+00,8.622575515320201819e-03
1.016750000000013721e+01,6.110101694708811237e+02,7.481060759256585868e+00,2.061530142850808795e-05,0.000000000000000000e+00,8.622434765039665300e-03
1.017000000000013671e+01,6.110288582196457128e+02,7.456570522332232720e+00,2.062086258925278844e-05,0.000000000000000000e+00,8.622286699488309128e-03
1.017250000000013621e+01,6.110474857434365958e+02,7.432081375153422265e+00,2.063424516429576493e-05,0.000000000000000000e+00,8.622131300972564472e-03
1.017500000000013571e+01,6.110660520449783917e+02,7.407593318216571632e+00,2.063342130636714017e-05,0.000000000000000000e+00,8.621968550503972956e-03
1.017750000000013522e+01,6.110845571269969696e+02,7.383106352047335896e+00,2.064119781037479444e-05,0.000000000000000000e+00,8.621798432353108138e-03
1.018000000000013472e+01,6.111030009922196768e+02,7.358620477201036181e+00,2.064442356157772252e-05,0.000000000000000000e+00,8.621620929065574451e-03
1.018250000000013422e+01,6.111213836433751112e+02,7.334135694263070882e+00,2.063781438169653846e-05,0.000000000000000000e+00,8.621436022649075007e-03
1.018500000000013372e+01,6.111397050831933484e+02,7.309652003849258506e+00,2.061688921600767134e-05,0.000000000000000000e+00,8.621243700515817884e-03
1.018750000000013323e+01,6.111579653144061695e+02,7.285169406606327058e+00,2.062382451078438722e-05,0.000000000000000000e+00,8.621043949007655555e-03
1.019000000000013273e+01,6.111761643397468333e+02,7.260687903212393657e+00,2.063447540172776943e-05,0.000000000000000000e+00,8.620836751986186638e-03
1.019250000000013223e+01,6.111943021619503043e+02,7.236207494377275395e+00,2.063729360075614318e-05,0.000000000000000000e+00,8.620622091461050199e-03
1.019500000000013173e+01,6.112123787837534792e+02,7.211728180843029357e+00,2.063407065154241268e-05,0.000000000000000000e+00,8.620399949927658179e-03
1.019750000000013124e+01,6.112303942078950740e+02,7.187249963384342522e+00,2.062735517665125409e-05,0.000000000000000000e+00,8.620170312876783425e-03
1.020000000000013074e+01,6.112483484371157374e+02,7.162772842809016716e+00,2.062897178209154700e-05,0.000000000000000000e+00,8.619933166851006731e-03
1.020250000000013024e+01,6.112662414741581642e+02,7.138296819958510397e+00,2.062384798296260509e-05,0.000000000000000000e+00,8.619688494189989628e-03
1.020500000000012975e+01,6.112840733217670959e+02,7.113821895708376530e+00,2.061463378796414691e-05,0.000000000000000000e+00,8.619436281380709816e-03
1.020750000000012925e+01,6.113018439826895474e+02,7.089348070968701343e+00,2.060438472556489389e-05,0.000000000000000000e+00,8.619176513361607658e-03
1.021000000000012875e+01,6.113195534596749212e+02,7.064875346684576840e+00,2.060417063141779635e-05,0.000000000000000000e+00,8.618909177309093742e-03
1.021250000000012825e+01,6.113372017554748936e+02,7.040403723836567096e+00,2.058917149052823164e-05,0.000000000000000000e+00,8.618634257627773299e-03
1.021500000000012776e+01,6.113547888728436419e+02,7.015933203441307775e+00,2.058097115796096762e-05,0.000000000000000000e+00,8.618351740756499332e-03
1.021750000000012726e+01,6.113723148145378445e+02,6.991463786551917359e+00,2.059409675751356104e-05,0.000000000000000000e+00,8.618061613280533773e-03
1.022000000000012676e+01,6.113897795833169084e+02,6.966995474258553145e+00,2.060994378195930051e-05,0.000000000000000000e+00,8.617763857672903691e-03
1.022250000000012626e+01,6.114071831819429690e+02,6.942528267688948596e+00,2.061963939171816045e-05,0.000000000000000000e+00,8.617458455583882834e-03
1.022500000000012577e+01,6.114245256131810038e+02,6.918062168008915158e+00,2.061039321946194988e-05,0.000000000000000000e+00,8.617145389067439390e-03
1.022750000000012527e+01,6.114418068797989463e+02,6.893597176422874284e+00,2.060068417108941729e-05,0.000000000000000000e+00,8.616824645019505180e-03
1.023000000000012477e+01,6.114590269845677994e+02,6.869133294174396553e+00,2.058708470666674792e-05,0.000000000000000000e+00,8.616496209487938679e-03
1.023250000000012427e+01,6.114761859302615221e+02,6.844670522546772773e+00,2.057593296456745738e-05,0.000000000000000000e+00,8.616160068949741194e-03
1.023500000000012378e+01,6.114932837196574837e+02,6.820208862863519350e+00,2.056522994556735510e-05,0.000000000000000000e+00,8.615816212225985149e-03
1.023750000000012328e+01,6.115103203555363507e+02,6.795748316489036434e+00,2.057272225364454858e-05,0.000000000000000000e+00,8.615464624439921407e-03
1.024000000000012278e+01,6.115272958406821999e+02,6.771288884829160359e+00,2.057255070632132353e-05,0.000000000000000000e+00,8.615105289033945721e-03
1.024250000000012228e+01,6.115442101778826327e+02,6.746830569331687677e+00,2.057713119979659815e-05,0.000000000000000000e+00,8.614738191629731437e-03
1.024500000000012179e+01,6.115610633699288883e+02,6.722373371487022631e+00,2.057894299825800363e-05,0.000000000000000000e+00,8.614363316896354525e-03
1.024750000000012129e+01,6.115778554196159575e+02,6.697917292828783786e+00,2.057682481701843800e-05,0.000000000000000000e+00,8.613980647792949738e-03
1.025000000000012079e+01,6.115945863297426968e+02,6.673462334934370688e+00,2.057306214826577599e-05,0.000000000000000000e+00,8.613590170526720310e-03
1.025250000000012029e+01,6.116112561031119412e+02,6.649008499425596241e+00,2.055959917056220267e-05,0.000000000000000000e+00,8.613191871328113036e-03
1.025500000000011980e+01,6.116278647425306190e+02,6.624555787969381271e+00,2.054804247742727334e-05,0.000000000000000000e+00,8.612785736729066180e-03
1.025750000000011930e+01,6.116444122508098644e+02,6.600104202278321175e+00,2.055215614150627875e-05,0.000000000000000000e+00,8.612371753694393964e-03
1.026000000000011880e+01,6.116608986307651321e+02,6.575653744111286336e+00,2.054917624493747354e-05,0.000000000000000000e+00,8.611949907561634171e-03
1.026250000000011831e+01,6.116773238852161967e+02,6.551204415274152204e+00,2.053222613242653788e-05,0.000000000000000000e+00,8.611520183994955668e-03
1.026500000000011781e+01,6.116936880169874939e+02,6.526756217620479639e+00,2.054271682805247995e-05,0.000000000000000000e+00,8.611082570745469053e-03
1.026750000000011731e+01,6.117099910289080071e+02,6.502309153052173940e+00,2.054842740939494548e-05,0.000000000000000000e+00,8.610637052562684218e-03
1.027000000000011681e+01,6.117262329238116081e+02,6.477863223520166081e+00,2.054981344115898735e-05,0.000000000000000000e+00,8.610183612881209744e-03
1.027250000000011632e+01,6.117424137045369434e+02,6.453418431025160551e+00,2.055604976524342392e-05,0.000000000000000000e+00,8.609722235954710839e-03
1.027500000000011582e+01,6.117585333739278894e+02,6.428974777618213565e+00,2.055470614137212110e-05,0.000000000000000000e+00,8.609252906662581348e-03
1.027750000000011532e+01,6.117745919348333246e+02,6.404532265401546631e+00,2.054992571384051583e-05,0.000000000000000000e+00,8.608775610924964197e-03
1.028000000000011482e+01,6.117905893901074705e+02,6.380090896529289068e+00,2.055814360540968383e-05,0.000000000000000000e+00,8.608290334162988292e-03
1.028250000000011433e+01,6.118065257426098924e+02,6.355650673208161905e+00,2.057084528921364618e-05,0.000000000000000000e+00,8.607797061654810095e-03
1.028500000000011383e+01,6.118224009952057258e+02,6.331211597698239935e+00,2.057274208418944587e-05,0.000000000000000000e+00,8.607295775337626617e-03
1.028750000000011333e+01,6.118382151507659046e+02,6.306773672313710222e+00,2.057457647542155371e-05,0.000000000000000000e+00,8.606786461235884506e-03
1.029000000000011283e+01,6.118539682121670467e+02,6.282336899423655474e+00,2.056893299265111417e-05,0.000000000000000000e+00,8.606269103984385063e-03
1.029250000000011234e+01,6.118696601822917955e+02,6.257901281452838305e+00,2.055893485299219365e-05,0.000000000000000000e+00,8.605743690901637016e-03
1.029500000000011184e+01,6.118852910640289338e+02,6.233466820882456183e+00,2.054996380947724132e-05,0.000000000000000000e+00,8.605210209393636400e-03
1.029750000000011134e+01,6.119008608602733830e+02,6.209033520250979876e+00,2.054352211937306570e-05,0.000000000000000000e+00,8.604668647402427886e-03
1.030000000000011084e+01,6.119163695739264313e+02,6.184601382154943927e+00,2.054025615409496813e-05,0.000000000000000000e+00,8.604118991752686060e-03
1.030250000000011035e+01,6.119318172078958469e+02,6.160170409249813517e+00,2.053259102461795139e-05,0.000000000000000000e+00,8.603561228908535377e-03
1.030500000000010985e+01,6.119472037650963330e+02,6.135740604250826458e+00,2.055464792915719937e-05,0.000000000000000000e+00,8.602995347174182197e-03
1.030750000000010935e+01,6.119625292484490728e+02,6.111311969933804988e+00,2.055369307557273722e-05,0.000000000000000000e+00,8.602421328593210653e-03
1.031000000000010886e+01,6.119777936608825257e+02,6.086884509136085697e+00,2.056111090778665244e-05,0.000000000000000000e+00,8.601839158737292421e-03
1.031250000000010836e+01,6.119929970053320858e+02,6.062458224757357961e+00,2.056671611863592373e-05,0.000000000000000000e+00,8.601248823330985560e-03
1.031500000000010786e+01,6.120081392847404231e+02,6.038033119760576994e+00,2.058477648751087075e-05,0.000000000000000000e+00,8.600650306800149136e-03
1.031750000000010736e+01,6.120232205020578249e+02,6.013609197172823606e+00,2.057146545824573459e-05,0.000000000000000000e+00,8.600043592655801095e-03
1.032000000000010687e+01,6.120382406602419678e+02,5.989186460086257213e+00,2.057194384113821760e-05,0.000000000000000000e+00,8.599428668892647107e-03
1.032250000000010637e+01,6.120531997622584868e+02,5.964764911659051982e+00,2.057608140719858626e-05,0.000000000000000000e+00,8.598805521733449142e-03
1.032500000000010587e+01,6.120680978110808610e+02,5.940344555116312542e+00,2.057998537846613706e-05,0.000000000000000000e+00,8.598174137106834661e-03
1.032750000000010537e+01,6.120829348096906415e+02,5.915925393751054528e+00,2.059340127159623338e-05,0.000000000000000000e+00,8.597534501524048411e-03
1.033000000000010488e+01,6.120977107610777921e+02,5.891507430925222444e+00,2.060730996612322125e-05,0.000000000000000000e+00,8.596886598558168072e-03
1.033250000000010438e+01,6.121124256682405758e+02,5.867090670070625791e+00,2.059068808321490171e-05,0.000000000000000000e+00,8.596230412468547008e-03
1.033500000000010388e+01,6.121270795341857820e+02,5.842675114689932059e+00,2.059325579452986251e-05,0.000000000000000000e+00,8.595565932569666778e-03
1.033750000000010338e+01,6.121416723619292952e+02,5.818260768357706780e+00,2.059285195535711768e-05,0.000000000000000000e+00,8.594893145433808376e-03
1.034000000000010289e+01,6.121562041544957538e+02,5.793847634721424278e+00,2.060030700763910462e-05,0.000000000000000000e+00,8.594212037857268047e-03
1.034250000000010239e+01,6.121706749149190046e+02,5.769435717502513938e+00,2.059469409137876963e-05,0.000000000000000000e+00,8.593522595890185425e-03
1.034500000000010189e+01,6.121850846462423306e+02,5.745025020497479318e+00,2.060577983093924776e-05,0.000000000000000000e+00,8.592824807741110751e-03
1.034750000000010139e+01,6.121994333515183371e+02,5.720615547578966620e+00,2.060662568073174855e-05,0.000000000000000000e+00,8.592118658758914757e-03
1.035000000000010090e+01,6.122137210338096338e+02,5.696207302696855379e+00,2.061186236970986542e-05,0.000000000000000000e+00,8.591404134986336746e-03
1.035250000000010040e+01,6.122279476961884939e+02,5.671800289879381118e+00,2.060649241339686743e-05,0.000000000000000000e+00,8.590681223477033071e-03
1.035500000000009990e+01,6.122421133417375358e+02,5.647394513234192281e+00,2.059530045600636963e-05,0.000000000000000000e+00,8.589949912045681535e-03
1.035750000000009940e+01,6.122562179735494965e+02,5.622989976949559932e+00,2.058584200110094315e-05,0.000000000000000000e+00,8.589210190478388171e-03
1.036000000000009891e+01,6.122702615947276854e+02,5.598586685295500409e+00,2.059975229944829598e-05,0.000000000000000000e+00,8.588462047443920153e-03
1.036250000000009841e+01,6.122842442083862124e+02,5.574184642624962827e+00,2.059586444055342867e-05,0.000000000000000000e+00,8.587705468260731570e-03
1.036500000000009791e+01,6.122981658176501014e+02,5.549783853375037879e+00,2.060103900283410597e-05,0.000000000000000000e+00,8.586940441011570516e-03
1.036750000000009742e+01,6.123120264256554037e+02,5.525384322068186194e+00,2.060830501766909800e-05,0.000000000000000000e+00,8.586166952705868299e-03
1.037000000000009692e+01,6.123258260355496532e+02,5.500986053313439150e+00,2.060403725893424754e-05,0.000000000000000000e+00,8.585384989788030774e-03
1.037250000000009642e+01,6.123395646504918659e+02,5.476589051807708941e+00,2.060476653184338847e-05,0.000000000000000000e+00,8.584594540620072226e-03
1.037500000000009592e+01,6.123532422736529952e+02,5.452193322337027581e+00,2.061087268810535769e-05,0.000000000000000000e+00,8.583795593356457684e-03
1.037750000000009543e+01,6.123668589082158178e+02,5.427798869777815227e+00,2.061230402477459911e-05,0.000000000000000000e+00,8.582988134273118394e-03
1.038000000000009493e+01,6.123804145573753885e+02,5.403405699098208004e+00,2.059379548608884615e-05,0.000000000000000000e+00,8.582172151584601533e-03
1.038250000000009443e+01,6.123939092243393816e+02,5.379013815359388495e+00,2.059452487884400117e-05,0.000000000000000000e+00,8.581347636177885999e-03
1.038500000000009393e+01,6.124073429123280903e+02,5.354623223716920677e+00,2.059105784007702033e-05,0.000000000000000000e+00,8.580514577438566604e-03
1.038750000000009344e+01,6.124207156245746546e+02,5.330233929422118599e+00,2.059357946892764266e-05,0.000000000000000000e+00,8.579672962837642941e-03
1.039000000000009294e+01,6.124340273643256296e+02,5.305845937823458591e+00,2.060162552535764143e-05,0.000000000000000000e+00,8.578822780461308264e-03
1.039250000000009244e+01,6.124472781348407580e+02,5.281459254367953271e+00,2.061205578611077571e-05,0.000000000000000000e+00,8.577964017559679827e-03
1.039500000000009194e+01,6.124604679393935385e+02,5.257073884602589509e+00,2.061255900161816258e-05,0.000000000000000000e+00,8.577096660994662849e-03
1.039750000000009145e+01,6.124735967812714534e+02,5.232689834175821453e+00,2.060956364631177552e-05,0.000000000000000000e+00,8.576220699180226587e-03
1.040000000000009095e+01,6.124866646637761960e+02,5.208307108838996946e+00,2.061565264655061143e-05,0.000000000000000000e+00,8.575336121528401301e-03
1.040250000000009045e+01,6.124996715902237838e+02,5.183925714447881639e+00,2.063760197907235278e-05,0.000000000000000000e+00,8.574442915328136031e-03
1.040500000000008995e+01,6.125126175639449002e+02,5.159545656964144911e+00,2.063029745857422519e-05,0.000000000000000000e+00,8.573541065806863926e-03
1.040750000000008946e+01,6.125255025882853488e+02,5.135166942456940831e+00,2.063012757589873905e-05,0.000000000000000000e+00,8.572630563376147303e-03
1.041000000000008896e+01,6.125383266666060535e+02,5.110789577104477566e+00,2.063720306028573814e-05,0.000000000000000000e+00,8.571711396167240593e-03
1.041250000000008846e+01,6.125510898022835136e+02,5.086413567195571694e+00,2.063325130469443133e-05,0.000000000000000000e+00,8.570783551866576963e-03
1.041500000000008797e+01,6.125637919987100304e+02,5.062038919131242487e+00,2.063437766415719622e-05,0.000000000000000000e+00,8.569847020361490500e-03
1.041750000000008747e+01,6.125764332592938217e+02,5.037665639426347042e+00,2.064128099798066642e-05,0.000000000000000000e+00,8.568901791657004136e-03
1.042000000000008697e+01,6.125890135874595899e+02,5.013293734711293581e+00,2.065344786998656067e-05,0.000000000000000000e+00,8.567947853684251130e-03
1.042250000000008647e+01,6.126015329866487491e+02,4.988923211733682805e+00,2.065380274666114643e-05,0.000000000000000000e+00,8.566985192722040635e-03
1.042500000000008598e+01,6.126139914603194256e+02,4.964554077360035400e+00,2.063803207116465092e-05,0.000000000000000000e+00,8.566013798736012153e-03
1.042750000000008548e+01,6.126263890119471398e+02,4.940186338577525760e+00,2.064348204318880109e-05,0.000000000000000000e+00,8.565033664703951277e-03
1.043000000000008498e+01,6.126387256450250334e+02,4.915820002495760122e+00,2.063135439115887097e-05,0.000000000000000000e+00,8.564044779384641717e-03
1.043250000000008448e+01,6.126510013630638696e+02,4.891455076348551145e+00,2.063084137219003232e-05,0.000000000000000000e+00,8.563047134245056757e-03
1.043500000000008399e+01,6.126632161695927152e+02,4.867091567495715587e+00,2.062569485265584163e-05,0.000000000000000000e+00,8.562040720544261338e-03
1.043750000000008349e+01,6.126753700681590544e+02,4.842729483375675770e+00,2.061543210855101274e-05,0.000000000000000000e+00,8.561025528803167806e-03
1.044000000000008299e+01,6.126874630623285611e+02,4.818368830462279817e+00,2.063039273370307936e-05,0.000000000000000000e+00,8.560001550916922566e-03
1.044250000000008249e+01,6.126994951556814613e+02,4.794009613744283804e+00,2.062025974976205623e-05,0.000000000000000000e+00,8.558968774577973074e-03
1.044500000000008200e+01,6.127114663518110547e+02,4.769651838225247964e+00,2.060909830196697477e-05,0.000000000000000000e+00,8.557927191528607105e-03
1.044750000000008150e+01,6.127233766543230331e+02,4.745295508745646984e+00,2.061640178760088804e-05,0.000000000000000000e+00,8.556876795648262271e-03
1.045000000000008100e+01,6.127352260668352528e+02,4.720940630139012661e+00,2.060509919095908281e-05,0.000000000000000000e+00,8.555817574491041827e-03
1.045250000000008050e+01,6.127470145929777345e+02,4.696587207272852282e+00,2.060953363371712533e-05,0.000000000000000000e+00,8.554749522200543604e-03
1.045500000000008001e+01,6.127587422363924361e+02,4.672235245048880437e+00,2.061791097686163960e-05,0.000000000000000000e+00,8.553672627964062705e-03
1.045750000000007951e+01,6.127704090007339346e+02,4.647884748403256161e+00,2.061189265538525441e-05,0.000000000000000000e+00,8.552586881259328574e-03
1.046000000000007901e+01,6.127820148896688579e+02,4.623535722306761464e+00,2.061561725922925927e-05,0.000000000000000000e+00,8.551492274343543490e-03
1.046250000000007851e+01,6.127935599068764532e+02,4.599188171765054456e+00,2.061419822665516903e-05,0.000000000000000000e+00,8.550388796738306318e-03
1.046500000000007802e+01,6.128050440560485868e+02,4.574842101818900275e+00,2.060811324385980532e-05,0.000000000000000000e+00,8.549276439705129696e-03
1.046750000000007752e+01,6.128164673408895169e+02,4.550497517544358494e+00,2.060495373794935905e-05,0.000000000000000000e+00,8.548155196447674090e-03
1.047000000000007702e+01,6.128278297651163484e+02,4.526154424053088654e+00,2.060932030521936845e-05,0.000000000000000000e+00,8.547025058596906602e-03
1.047250000000007653e+01,6.128391313324589191e+02,4.501812826492535891e+00,2.061021011046469252e-05,0.000000000000000000e+00,8.545886016142307043e-03
1.047500000000007603e+01,6.128503720466600271e+02,4.477472730046163640e+00,2.060886698691018480e-05,0.000000000000000000e+00,8.544738061402667312e-03
1.047750000000007553e+01,6.128615519114754306e+02,4.453134139933741409e+00,2.060936673793628939e-05,0.000000000000000000e+00,8.543581185487616331e-03
1.048000000000007503e+01,6.128726709306739622e+02,4.428797061411586355e+00,2.061871764774344485e-05,0.000000000000000000e+00,8.542415380821444942e-03
1.048250000000007454e+01,6.128837291080375280e+02,4.404461499772772015e+00,2.061700769630337172e-05,0.000000000000000000e+00,8.541240637535784871e-03
1.048500000000007404e+01,6.128947264473614496e+02,4.380127460347438273e+00,2.061779516965663427e-05,0.000000000000000000e+00,8.540056947751166472e-03
1.048750000000007354e+01,6.129056629524542359e+02,4.355794948503019626e+00,2.061047734396845421e-05,0.000000000000000000e+00,8.538864302328230335e-03
1.049000000000007304e+01,6.129165386271379248e+02,4.331463969644476997e+00,2.060801222956068338e-05,0.000000000000000000e+00,8.537662695957022596e-03
1.049250000000007255e+01,6.129273534752480828e+02,4.307134529214587282e+00,2.061494664640336872e-05,0.000000000000000000e+00,8.536452120823488296e-03
1.049500000000007205e+01,6.129381075006339188e+02,4.282806632694239113e+00,2.062013874258184501e-05,0.000000000000000000e+00,8.535232567805249235e-03
1.049750000000007155e+01,6.129488007071583979e+02,4.258480285602684212e+00,2.062666634094705535e-05,0.000000000000000000e+00,8.534004028067313646e-03
1.050000000000007105e+01,6.129594330987102921e+02,4.234155435124144162e+00,2.063115509701338396e-05,0.000000000000000000e+00,8.532766513947531023e-03
1.050250000000007056e+01,6.129700046786798566e+02,4.209831701958749228e+00,2.063304713483909598e-05,0.000000000000000000e+00,8.531520066274903003e-03
1.050500000000007006e+01,6.129805154497946660e+02,4.185508897395895822e+00,2.063613849108258196e-05,0.000000000000000000e+00,8.530264743635145724e-03
1.050750000000006956e+01,6.129909654144066735e+02,4.161187021980470746e+00,2.062632408826966428e-05,0.000000000000000000e+00,8.529000606688749708e-03
1.051000000000006906e+01,6.130013545748431625e+02,4.136866048600724710e+00,2.061478670070317033e-05,0.000000000000000000e+00,8.527727721455097623e-03
1.051250000000006857e+01,6.130116829333635451e+02,4.112545985030261697e+00,2.061917340260684210e-05,0.000000000000000000e+00,8.526446154907668315e-03
1.051500000000006807e+01,6.130219504922467877e+02,4.088226839081531949e+00,2.062878787036623757e-05,0.000000000000000000e+00,8.525155970959862398e-03
1.051750000000006757e+01,6.130321572537915245e+02,4.063908618605828416e+00,2.062608034294609750e-05,0.000000000000000000e+00,8.523857233472254685e-03
1.052000000000006708e+01,6.130423032203158300e+02,4.039591331493292081e+00,2.063037258985767958e-05,0.000000000000000000e+00,8.522550008357854603e-03
1.052250000000006658e+01,6.130523883941575605e+02,4.015274985672903085e+00,2.062548510016104286e-05,0.000000000000000000e+00,8.521234360873701508e-03
1.052500000000006608e+01,6.130624127776744672e+02,3.990959589112470063e+00,2.062998078514004580e-05,0.000000000000000000e+00,8.519910358569360298e-03
1.052750000000006558e+01,6.130723763732443103e+02,3.966645149818617266e+00,2.062548062422782152e-05,0.000000000000000000e+00,8.518578067358414593e-03
1.053000000000006509e+01,6.130822791832648591e+02,3.942331675836761917e+00,2.062946400085962777e-05,0.000000000000000000e+00,8.517237554020427176e-03
1.053250000000006459e+01,6.130921212101538913e+02,3.918019175251082675e+00,2.062475288185017030e-05,0.000000000000000000e+00,8.515888885308445580e-03
1.053500000000006409e+01,6.131019024563495350e+02,3.893707656184490329e+00,2.061256309499668839e-05,0.000000000000000000e+00,8.514532127947243081e-03
1.053750000000006359e+01,6.131116229243101543e+02,3.869397126798590936e+00,2.060894009095744168e-05,0.000000000000000000e+00,8.513167352005242966e-03
1.054000000000006310e+01,6.131212826165146907e+02,3.845087595293647631e+00,2.060511161847953149e-05,0.000000000000000000e+00,8.511794625997839980e-03
1.054250000000006260e+01,6.131308815354625494e+02,3.820779069908547765e+00,2.061663469151469094e-05,0.000000000000000000e+00,8.510414018039867343e-03
1.054500000000006210e+01,6.131404196836735991e+02,3.796471558920757161e+00,2.061655558593550070e-05,0.000000000000000000e+00,8.509025594407330570e-03
1.054750000000006160e+01,6.131498970636886270e+02,3.772165070646264606e+00,2.061082464597858947e-05,0.000000000000000000e+00,8.507629422576306472e-03
1.055000000000006111e+01,6.131593136780691111e+02,3.747859613439529447e+00,2.060415370421468114e-05,0.000000000000000000e+00,8.506225572801621310e-03
1.055250000000006061e+01,6.131686695293975617e+02,3.723555195693423414e+00,2.060040107743570415e-05,0.000000000000000000e+00,8.504814115402230604e-03
1.055500000000006011e+01,6.131779646202774074e+02,3.699251825839181773e+00,2.061309959235394992e-05,0.000000000000000000e+00,8.503395119377008676e-03
1.055750000000005961e+01,6.131871989533331089e+02,3.674949512346326941e+00,2.061697950066087193e-05,0.000000000000000000e+00,8.501968651762994642e-03
1.056000000000005912e+01,6.131963725312103861e+02,3.650648263722601872e+00,2.061897917134026352e-05,0.000000000000000000e+00,8.500534780707532170e-03
1.056250000000005862e+01,6.132054853565763324e+02,3.626348088513898560e+00,2.062154243531009339e-05,0.000000000000000000e+00,8.499093575601870953e-03
1.056500000000005812e+01,6.132145374321193003e+02,3.602048995304186096e+00,2.062204635255586419e-05,0.000000000000000000e+00,8.497645106137459783e-03
1.056750000000005763e+01,6.132235287605492431e+02,3.577750992715437839e+00,2.061399873017743790e-05,0.000000000000000000e+00,8.496189442068353623e-03
1.057000000000005713e+01,6.132324593445976006e+02,3.553454089407548366e+00,2.061563144219545195e-05,0.000000000000000000e+00,8.494726655098972651e-03
1.057250000000005663e+01,6.132413291870175271e+02,3.529158294078249103e+00,2.061337140627775619e-05,0.000000000000000000e+00,8.493256815859984848e-03
1.057500000000005613e+01,6.132501382905838909e+02,3.504863615463023940e+00,2.061456415641795480e-05,0.000000000000000000e+00,8.491779995399491646e-03
1.057750000000005564e+01,6.132588866580933882e+02,3.480570062335024861e+00,2.060475150214626660e-05,0.000000000000000000e+00,8.490296264006918364e-03
1.058000000000005514e+01,6.132675742923647704e+02,3.456277643504971131e+00,2.060887128280754931e-05,0.000000000000000000e+00,8.488805695137447913e-03
1.058250000000005464e+01,6.132762011962388442e+02,3.431986367821065365e+00,2.060541814973508291e-05,0.000000000000000000e+00,8.487308359716226255e-03
1.058500000000005414e+01,6.132847673725784716e+02,3.407696244168891386e+00,2.061365360688938644e-05,0.000000000000000000e+00,8.485804330186058619e-03
1.058750000000005365e+01,6.132932728242689109e+02,3.383407281471316530e+00,2.060900977609924712e-05,0.000000000000000000e+00,8.484293676780114979e-03
1.059000000000005315e+01,6.133017175542174755e+02,3.359119488688398825e+00,2.061025108518921802e-05,0.000000000000000000e+00,8.482776472493559067e-03
1.059250000000005265e+01,6.133101015653541026e+02,3.334832874817273751e+00,2.061064968653400991e-05,0.000000000000000000e+00,8.481252789384090968e-03
1.059500000000005215e+01,6.133184248606312394e+02,3.310547448892052991e+00,2.061050392353968387e-05,0.000000000000000000e+00,8.479722700315585338e-03
1.059750000000005166e+01,6.133266874430238431e+02,3.286263219983722728e+00,2.061546241150909257e-05,0.000000000000000000e+00,8.478186278580365776e-03
1.060000000000005116e+01,6.133348893155297219e+02,3.261980197200037512e+00,2.062276076575767522e-05,0.000000000000000000e+00,8.476643596085881027e-03
1.060250000000005066e+01,6.133430304811693077e+02,3.237698389685408351e+00,2.061235499318846896e-05,0.000000000000000000e+00,8.475094724644433725e-03
1.060500000000005016e+01,6.133511109429858834e+02,3.213417806620789463e+00,2.061646567626744165e-05,0.000000000000000000e+00,8.473539740129204870e-03
1.060750000000004967e+01,6.133591307040459242e+02,3.189138457223565482e+00,2.062113823674982746e-05,0.000000000000000000e+00,8.471978715654634312e-03
1.061000000000004917e+01,6.133670897674388698e+02,3.164860350747439544e+00,2.062850108792191507e-05,0.000000000000000000e+00,8.470411724665199982e-03
1.061250000000004867e+01,6.133749881362772385e+02,3.140583496482318271e+00,2.062551860904444486e-05,0.000000000000000000e+00,8.468838839444154179e-03
1.061500000000004817e+01,6.133828258136968543e+02,3.116307903754191866e+00,2.063071681708942382e-05,0.000000000000000000e+00,8.467260135347078054e-03
1.061750000000004768e+01,6.133906028028568471e+02,3.092033581925021313e+00,2.062340668281580970e-05,0.000000000000000000e+00,8.465675686493354113e-03
1.062000000000004718e+01,6.133983191069397662e+02,3.067760540392623358e+00,2.061544246823318003e-05,0.000000000000000000e+00,8.464085569845073570e-03
1.062250000000004668e+01,6.134059747291516942e+02,3.043488788590556382e+00,2.061633036026506402e-05,0.000000000000000000e+00,8.462489862142139052e-03
1.062500000000004619e+01,6.134135696727224740e+02,3.019218335987997381e+00,2.061580729849981725e-05,0.000000000000000000e+00,8.460888638045446081e-03
1.062750000000004569e+01,6.134211039409053683e+02,2.994949192089623402e+00,2.062003262418023899e-05,0.000000000000000000e+00,8.459281973840019828e-03
1.063000000000004519e+01,6.134285775369776275e+02,2.970681366435489412e+00,2.061886344154600242e-05,0.000000000000000000e+00,8.457669944078743257e-03
1.063250000000004469e+01,6.134359904642401489e+02,2.946414868600908399e+00,2.062383279884634217e-05,0.000000000000000000e+00,8.456052626130498504e-03
1.063500000000004420e+01,6.134433427260180451e+02,2.922149708196338125e+00,2.062746998661014371e-05,0.000000000000000000e+00,8.454430095704576834e-03
1.063750000000004370e+01,6.134506343256604168e+02,2.897885894867266110e+00,2.062540962870237720e-05,0.000000000000000000e+00,8.452802429018243385e-03
1.064000000000004320e+01,6.134578652665403524e+02,2.873623438294087951e+00,2.062232838650501391e-05,0.000000000000000000e+00,8.451169703405968583e-03
1.064250000000004270e+01,6.134650355520552694e+02,2.849362348191988747e+00,2.062725532223994769e-05,0.000000000000000000e+00,8.449531995947095336e-03
1.064500000000004221e+01,6.134721451856269141e+02,2.825102634310817873e+00,2.062529769698665343e-05,0.000000000000000000e+00,8.447889384307056757e-03
1.064750000000004171e+01,6.134791941707013621e+02,2.800844306434981057e+00,2.062150088578750218e-05,0.000000000000000000e+00,8.446241946108982990e-03
1.065000000000004121e+01,6.134861825107491313e+02,2.776587374383326257e+00,2.062761308866025765e-05,0.000000000000000000e+00,8.444589760012687074e-03
1.065250000000004071e+01,6.134931102092654100e+02,2.752331848009018866e+00,2.062570741848451233e-05,0.000000000000000000e+00,8.442932903306053435e-03
1.065500000000004022e+01,6.134999772697700564e+02,2.728077737199439579e+00,2.062375070711497353e-05,0.000000000000000000e+00,8.441271455036477439e-03
1.065750000000003972e+01,6.135067836958075986e+02,2.703825051876071139e+00,2.062590801965962154e-05,0.000000000000000000e+00,8.439605494341806402e-03
1.066000000000003922e+01,6.135135294909473487e+02,2.679573801994386439e+00,2.062986491700991891e-05,0.000000000000000000e+00,8.437935099903273728e-03
1.066250000000003872e+01,6.135202146587836296e+02,2.655323997543737491e+00,2.063740320766449085e-05,0.000000000000000000e+00,8.436260350270917419e-03
1.066500000000003823e+01,6.135268392029356619e+02,2.631075648547251511e+00,2.063920258168089214e-05,0.000000000000000000e+00,8.434581323317619228e-03
1.066750000000003773e+01,6.135334031270477908e+02,2.606828765061720787e+00,2.064689424453015911e-05,0.000000000000000000e+00,8.432898098803560255e-03
1.067000000000003723e+01,6.135399064347894864e+02,2.582583357177502759e+00,2.065603179398669059e-05,0.000000000000000000e+00,8.431210755265178269e-03
1.067250000000003674e+01,6.135463491298555709e+02,2.558339435018418762e+00,2.066408281528994540e-05,0.000000000000000000e+00,8.429519371245553297e-03
1.067500000000003624e+01,6.135527312159661051e+02,2.534097008741654111e+00,2.066463963795016768e-05,0.000000000000000000e+00,8.427824025729592494e-03
1.067750000000003574e+01,6.135590526968665017e+02,2.509856088537659513e+00,2.066946968680482825e-05,0.000000000000000000e+00,8.426124799607101132e-03
1.068000000000003524e+01,6.135653135763278669e+02,2.485616684630060913e+00,2.066178462165967446e-05,0.000000000000000000e+00,8.424421773318899881e-03
1.068250000000003475e+01,6.135715138581466590e+02,2.461378807275569347e+00,2.065499335920466917e-05,0.000000000000000000e+00,8.422715029056598163e-03
1.068500000000003425e+01,6.135776535461451431e+02,2.437142466763887683e+00,2.065098720029907747e-05,0.000000000000000000e+00,8.421004650346005510e-03
1.068750000000003375e+01,6.135837326441712776e+02,2.412907673417625798e+00,2.064802456498108108e-05,0.000000000000000000e+00,8.419290718966626966e-03
1.069000000000003325e+01,6.135897511560988278e+02,2.388674437592217092e+00,2.064638688512576828e-05,0.000000000000000000e+00,8.417573318076281702e-03
1.069250000000003276e+01,6.135957090858274796e+02,2.364442769675839440e+00,2.065187412562206063e-05,0.000000000000000000e+00,8.415852530057475051e-03
1.069500000000003226e+01,6.136016064372829533e+02,2.340212680089341024e+00,2.064925098772277744e-05,0.000000000000000000e+00,8.414128436715283613e-03
1.069750000000003176e+01,6.136074432144168895e+02,2.315984179286166178e+00,2.065210153793412232e-05,0.000000000000000000e+00,8.412401121109186822e-03
1.070000000000003126e+01,6.136132194212073045e+02,2.291757277752288324e+00,2.065231701319467805e-05,0.000000000000000000e+00,8.410670666329464126e-03
1.070250000000003077e+01,6.136189350616583624e+02,2.267531986006142475e+00,2.066392676990323323e-05,0.000000000000000000e+00,8.408937155760366419e-03
1.070500000000003027e+01,6.136245901398004889e+02,2.243308314598564390e+00,2.066168885601960724e-05,0.000000000000000000e+00,8.407200670396349634e-03
1.070750000000002977e+01,6.136301846596904852e+02,2.219086274112730628e+00,2.066176093743126108e-05,0.000000000000000000e+00,8.405461295103446376e-03
1.071000000000002927e+01,6.136357186254117551e+02,2.194865875164103031e+00,2.065543640638193963e-05,0.000000000000000000e+00,8.403719113845525487e-03
1.071250000000002878e+01,6.136411920410740777e+02,2.170647128400381654e+00,2.065735949860071410e-05,0.000000000000000000e+00,8.401974211805083442e-03
1.071500000000002828e+01,6.136466049108140624e+02,2.146430044501457690e+00,2.065808297311295990e-05,0.000000000000000000e+00,8.400226673553785883e-03
1.071750000000002778e+01,6.136519572387949211e+02,2.122214634179373949e+00,2.065215394442546977e-05,0.000000000000000000e+00,8.398476584068914966e-03
1.072000000000002728e+01,6.136572490292066959e+02,2.098000908178287105e+00,2.065190879545487812e-05,0.000000000000000000e+00,8.396724029970860370e-03
1.072250000000002679e+01,6.136624802862662591e+02,2.073788877274437503e+00,2.065924857954666962e-05,0.000000000000000000e+00,8.394969096196072331e-03
1.072500000000002629e+01,6.136676510142175403e+02,2.049578552276116294e+00,2.066485915597495471e-05,0.000000000000000000e+00,8.393211867520664060e-03
1.072750000000002579e+01,6.136727612173314128e+02,2.025369944023643676e+00,2.066552351169148892e-05,0.000000000000000000e+00,8.391452429249969536e-03
1.073000000000002530e+01,6.136778108999059214e+02,2.001163063389352903e+00,2.066999187832317341e-05,0.000000000000000000e+00,8.389690867519238732e-03
1.073250000000002480e+01,6.136828000662662816e+02,1.976957921277573416e+00,2.067536474617109312e-05,0.000000000000000000e+00,8.387927268037262407e-03
1.073500000000002430e+01,6.136877287207651079e+02,1.952754528624622621e+00,2.067349475942699405e-05,0.000000000000000000e+00,8.386161716673409469e-03
1.073750000000002380e+01,6.136925968677821857e+02,1.928552896398801453e+00,2.067682404808509882e-05,0.000000000000000000e+00,8.384394300476676401e-03
1.074000000000002331e+01,6.136974045117248124e+02,1.904353035600393484e+00,2.067821174217424071e-05,0.000000000000000000e+00,8.382625106542307414e-03
1.074250000000002281e+01,6.137021516570277981e+02,1.880154957261672699e+00,2.067254665974549722e-05,0.000000000000000000e+00,8.380854222647123042e-03
1.074500000000002231e+01,6.137068383081535785e+02,1.855958672446914814e+00,2.066984885744168910e-05,0.000000000000000000e+00,8.379081737693905990e-03
1.074750000000002181e+01,6.137114644695923289e+02,1.831764192252412826e+00,2.066389079082827233e-05,0.000000000000000000e+00,8.377307740365835115e-03
1.075000000000002132e+01,6.137160301458618505e+02,1.807571527806496992e+00,2.066279308603223753e-05,0.000000000000000000e+00,8.375532320500773259e-03
1.075250000000002082e+01,6.137205353415079117e+02,1.783380690269561697e+00,2.065870370398360142e-05,0.000000000000000000e+00,8.373755567065167479e-03
1.075500000000002032e+01,6.137249800611040200e+02,1.759191690834096988e+00,2.066167256424492201e-05,0.000000000000000000e+00,8.371977570098923863e-03
1.075750000000001982e+01,6.137293643092518778e+02,1.735004540724724542e+00,2.065523193125662466e-05,0.000000000000000000e+00,8.370198417579880965e-03
1.076000000000001933e+01,6.137336880905811540e+02,1.710819251198238966e+00,2.065621913482462200e-05,0.000000000000000000e+00,8.368418201018027608e-03
1.076250000000001883e+01,6.137379514097498259e+02,1.686635833543654872e+00,2.066041675405981917e-05,0.000000000000000000e+00,8.366637009663804164e-03
1.076500000000001833e+01,6.137421542714438374e+02,1.662454299082260167e+00,2.066212971759758771e-05,0.000000000000000000e+00,8.364854933559486352e-03
1.076750000000001783e+01,6.137462966803776681e+02,1.638274659167672009e+00,2.066120435620832075e-05,0.000000000000000000e+00,8.363072062521702266e-03
1.077000000000001734e+01,6.137503786412942191e+02,1.614096925185900755e+00,2.065748058655332987e-05,0.000000000000000000e+00,8.361288487506083819e-03
1.077250000000001684e+01,6.137544001589646996e+02,1.589921108555416573e+00,2.066323479744309026e-05,0.000000000000000000e+00,8.359504300710753413e-03
1.077500000000001634e+01,6.137583612381889679e+02,1.565747220727222278e+00,2.066215253893171139e-05,0.000000000000000000e+00,8.357719591928786801e-03
1.077750000000001585e+01,6.137622618837956452e+02,1.541575273184931705e+00,2.065995569976019841e-05,0.000000000000000000e+00,8.355934453574083431e-03
1.078000000000001535e+01,6.137661021006418878e+02,1.517405277444852318e+00,2.065896014534702226e-05,0.000000000000000000e+00,8.354148978012348667e-03
1.078250000000001485e+01,6.137698818936138423e+02,1.493237245056072471e+00,2.065738844917283762e-05,0.000000000000000000e+00,8.352363257189526421e-03
1.078500000000001435e+01,6.137736012676264181e+02,1.469071187600554662e+00,2.065876496029079429e-05,0.000000000000000000e+00,8.350577384324443450e-03
1.078750000000001386e+01,6.137772602276235148e+02,1.444907116693233018e+00,2.066106773644017943e-05,0.000000000000000000e+00,8.348791452335975471e-03
1.079000000000001336e+01,6.137808587785781356e+02,1.420745043982114986e+00,2.066044011471619859e-05,0.000000000000000000e+00,8.347005553286400426e-03
1.079250000000001286e+01,6.137843969254923877e+02,1.396584981148389026e+00,2.065975211174177258e-05,0.000000000000000000e+00,8.345219781159566794e-03
1.079500000000001236e+01,6.137878746733975959e+02,1.372426939906536525e+00,2.066705191531828707e-05,0.000000000000000000e+00,8.343434230015968345e-03
1.079750000000001187e+01,6.137912920273544159e+02,1.348270932004446809e+00,2.066737345762154797e-05,0.000000000000000000e+00,8.341648992211882219e-03
1.080000000000001137e+01,6.137946489924529487e+02,1.324116969223539053e+00,2.066627331371040727e-05,0.000000000000000000e+00,8.339864161925636746e-03
1.080250000000001087e+01,6.137979455738126262e+02,1.299965063378887731e+00,2.066326167753214317e-05,0.000000000000000000e+00,8.338079834073053656e-03
1.080500000000001037e+01,6.138011817765825526e+02,1.275815226319351181e+00,2.066134642371618099e-05,0.000000000000000000e+00,8.336296104332346565e-03
1.080750000000000988e+01,6.138043576059413908e+02,1.251667469927701948e+00,2.066251035527083744e-05,0.000000000000000000e+00,8.334511451582442623e-03
1.081000000000000938e+01,6.138074729105744609e+02,1.227423198900734702e+00,2.065985222282227320e-05,0.000000000000000000e+00,8.332725231273914110e-03
1.081250000000000888e+01,6.138105276245629511e+02,1.203059317833642394e+00,2.065555307395372224e-05,0.000000000000000000e+00,8.330934177287408621e-03
1.081500000000000838e+01,6.138135214290575732e+02,1.178673879109609413e+00,2.066314316023635297e-05,0.000000000000000000e+00,8.329137756144133764e-03
1.081750000000000789e+01,6.138164542701670143e+02,1.154288813001380198e+00,2.066903710842403841e-05,0.000000000000000000e+00,8.327335998068570444e-03
1.082000000000000739e+01,6.138193261488244161e+02,1.129904122105171105e+00,2.067161034031630098e-05,0.000000000000000000e+00,8.325528933655448535e-03
1.082250000000000689e+01,6.138221370659691729e+02,1.105519809043807200e+00,2.066897409483502547e-05,0.000000000000000000e+00,8.323716593621325807e-03
1.082500000000000639e+01,6.138248870225475002e+02,1.081135876467556711e+00,2.067385827698874602e-05,0.000000000000000000e+00,8.321899009609268899e-03
1.082750000000000590e+01,6.138275760195120938e+02,1.056752327054977902e+00,2.067081886245890929e-05,0.000000000000000000e+00,8.320076211888231821e-03
1.083000000000000540e+01,6.138302040578223568e+02,1.032369163513771726e+00,2.066991194440598141e-05,0.000000000000000000e+00,8.318248231848523327e-03
1.083250000000000490e+01,6.138327711384445138e+02,1.007986388581645576e+00,2.066786906348174241e-05,0.000000000000000000e+00,8.316415101073400262e-03
1.083500000000000441e+01,6.138352772623517239e+02,9.836040050271840363e-01,2.066640043721711554e-05,0.000000000000000000e+00,8.314576850485585341e-03
1.083750000000000391e+01,6.138377224305239679e+02,9.592220156507310636e-01,2.066837249062794800e-05,0.000000000000000000e+00,8.312733511092955385e-03
1.084000000000000341e+01,6.138401066439483884e+02,9.348404232852830509e-01,2.066857049491601668e-05,0.000000000000000000e+00,8.310885113612475825e-03
1.084250000000000291e+01,6.138424299036190632e+02,9.104592307973802257e-01,2.067124368316032611e-05,0.000000000000000000e+00,8.309031688331372512e-03
1.084500000000000242e+01,6.138446922105373460e+02,8.860784410880185868e-01,2.067007684999917010e-05,0.000000000000000000e+00,8.307173265363327827e-03
1.084750000000000192e+01,6.138468935657118664e+02,8.616980570935655059e-01,2.066342706039530575e-05,0.000000000000000000e+00,8.305309875970961001e-03
1.085000000000000142e+01,6.138490339701585299e+02,8.373180817866773262e-01,2.066443511272764131e-05,0.000000000000000000e+00,8.303441551096028134e-03
1.085250000000000092e+01,6.138511134249008592e+02,8.129385181772310620e-01,2.066489815305029565e-05,0.000000000000000000e+00,8.301568321329264033e-03
1.085500000000000043e+01,6.138531319309697665e+02,7.885593693132602056e-01,2.066651513702147779e-05,0.000000000000000000e+00,8.299690216512348173e-03
1.085749999999999993e+01,6.138550894894038947e+02,7.641806382818983057e-01,2.066749237770669536e-05,0.000000000000000000e+00,8.297807266645342017e-03
1.085999999999999943e+01,6.138569861012496176e+02,7.398023282103294296e-01,2.066866910433733145e-05,0.000000000000000000e+00,8.295919501190027537e-03
1.086249999999999893e+01,6.138588217675611531e+02,7.154244422667423997e-01,2.067097539328499774e-05,0.000000000000000000e+00,8.294026950601636819e-03
1.086499999999999844e+01,6.138605964894005638e+02,6.910469836612921357e-01,2.066931729157448546e-05,0.000000000000000000e+00,8.292129644318961545e-03
1.086749999999999794e+01,6.138623102678380974e+02,6.666699556470623289e-01,2.067060252217241395e-05,0.000000000000000000e+00,8.290227612198835735e-03
1.086999999999999744e+01,6.138639631039520737e+02,6.422933615210413283e-01,2.066815074889995495e-05,0.000000000000000000e+00,8.288320884425683793e-03
1.087249999999999694e+01,6.138655549988291114e+02,6.179172046250971384e-01,2.066863746448200086e-05,0.000000000000000000e+00,8.286409491061281704e-03
1.087499999999999645e+01,6.138670859535642421e+02,5.935414883469559699e-01,2.067203296156038943e-05,0.000000000000000000e+00,8.284493461772849537e-03
1.087749999999999595e+01,6.138685559692610241e+02,5.691662161211891169e-01,2.066899459996149527e-05,0.000000000000000000e+00,8.282572825262500896e-03
1.087999999999999545e+01,6.138699650470314282e+02,5.447913914302001670e-01,2.066851782031078934e-05,0.000000000000000000e+00,8.280647612215929348e-03
1.088249999999999496e+01,6.138713131879964067e+02,5.204170178052180962e-01,2.067363187456979477e-05,0.000000000000000000e+00,8.278717852093256738e-03
1.088499999999999446e+01,6.138726003932855519e+02,4.960430988272895303e-01,2.067544418301756084e-05,0.000000000000000000e+00,8.276783573584618400e-03
1.088749999999999396e+01,6.138738266640376651e+02,4.716696381282788342e-01,2.067250802705808556e-05,0.000000000000000000e+00,8.274844805707039230e-03
1.088999999999999346e+01,6.138749920014004147e+02,4.472966393918701433e-01,2.067679420744314458e-05,0.000000000000000000e+00,8.272901578650647403e-03
1.089249999999999297e+01,6.138760964065309054e+02,4.229241063545668977e-01,2.067721753284873428e-05,0.000000000000000000e+00,8.270953921029144604e-03
1.089499999999999247e+01,6.138771398805955641e+02,3.985520428066938736e-01,2.067651815902018359e-05,0.000000000000000000e+00,8.269001862059614447e-03
1.089749999999999197e+01,6.138781224247702539e+02,3.741804525934070424e-01,2.067879748461104691e-05,0.000000000000000000e+00,8.267045431293296859e-03
1.089999999999999147e+01,6.138790440402406148e+02,3.498093396156940482e-01,2.067795971962605830e-05,0.000000000000000000e+00,8.265084656956373649e-03
1.090249999999999098e+01,6.138799047282018364e+02,3.254387078313861759e-01,2.067649253624181623e-05,0.000000000000000000e+00,8.263119568850903207e-03
1.090499999999999048e+01,6.138807044898593404e+02,3.010685612561626590e-01,2.067364048094179479e-05,0.000000000000000000e+00,8.261150196221690029e-03
1.090749999999998998e+01,6.138814433264283252e+02,2.766989039645584292e-01,2.067614759589330136e-05,0.000000000000000000e+00,8.259176568966008006e-03
1.090999999999998948e+01,6.138821212391344488e+02,2.523297400909692012e-01,2.067581179026268450e-05,0.000000000000000000e+00,8.257198715467470307e-03
1.091249999999998899e+01,6.138827382292136008e+02,2.279610738306564188e-01,2.067485897431913203e-05,0.000000000000000000e+00,8.255216664989181025e-03
1.091499999999998849e+01,6.138832942979122436e+02,2.035929094407542550e-01,2.067573005868983006e-05,0.000000000000000000e+00,8.253230447079980964e-03
1.091749999999998799e+01,6.138837894464875262e+02,1.792252512412683685e-01,2.067399456580545829e-05,0.000000000000000000e+00,8.251240090245760481e-03
1.091999999999998749e+01,6.138842236762073981e+02,1.548581036160782687e-01,2.066924309605384745e-05,0.000000000000000000e+00,8.249245624123966586e-03
1.092249999999998700e+01,6.138845969883508360e+02,1.304914710139345180e-01,2.067315839628646398e-05,0.000000000000000000e+00,8.247247078254808100e-03
1.092499999999998650e+01,6.138849093842079583e+02,1.061253579494571553e-01,2.067243760939000024e-05,0.000000000000000000e+00,8.245244480878360233e-03
1.092749999999998600e+01,6.138851608650801381e+02,8.175976900413087223e-02,2.067083897182720513e-05,0.000000000000000000e+00,8.243237861127565569e-03
1.092999999999998550e+01,6.138853514322803449e+02,5.739470882729405532e-02,2.067570460127751526e-05,0.000000000000000000e+00,8.241227248557846455e-03
1.093249999999998501e+01,6.138854810871332575e+02,3.303018213712374807e-02,2.067950701935166024e-05,0.000000000000000000e+00,8.239212671513361508e-03
1.093499999999998451e+01,6.138855498309752647e+02,8.666193721615259721e-03,2.067729255933006588e-05,0.000000000000000000e+00,8.237194158149574799e-03
