Time (s),Altitude (m),Velocity (m/s),Angular Velocity (rad/s),Fin Tab Angle (deg),Angular Position (deg)
0.000000000000000000e+00,1.000000000000000021e-02,0.000000000000000000e+00,-4.698591253993075860e-13,0.000000000000000000e+00,3.241525600883996073e-14
2.500000000000000052e-03,9.988567513481977703e-03,1.496320274811237423e-02,9.037233517497842894e-13,0.000000000000000000e+00,2.610084965853868779e-13
5.000000000000000104e-03,1.005932768740792210e-02,1.088164753301892468e-01,5.234642532155314087e-12,0.000000000000000000e+00,1.169355660241407064e-12
7.499999999999999722e-03,1.040951040644740380e-02,2.815680713908550459e-01,1.683795311364006727e-11,0.000000000000000000e+00,3.667327601912080203e-12
1.000000000000000021e-02,1.124116792648184940e-02,5.146487860143184045e-01,2.255796873928156118e-11,0.000000000000000000e+00,7.363739732574087888e-12
1.250000000000000069e-02,1.266719573616702926e-02,7.693547691171758185e-01,-7.274202101841837434e-13,0.000000000000000000e+00,1.439532300776007194e-11
1.500000000000000118e-02,1.474180696895729947e-02,1.043332878579210199e+00,-1.289089792432110196e-11,0.000000000000000000e+00,2.611700660899760225e-11
1.750000000000000167e-02,1.750881698890507238e-02,1.324975072304647838e+00,7.504398820696658153e-11,0.000000000000000000e+00,4.583022139515331955e-11
2.000000000000000042e-02,2.098265814685114361e-02,1.611418567904989940e+00,-4.490989348008762665e-12,0.000000000000000000e+00,7.371480975382966132e-11
2.249999999999999917e-02,2.517533380771925719e-02,1.902663525408940792e+00,-8.695434125741273822e-11,0.000000000000000000e+00,1.138657622798026306e-10
2.499999999999999792e-02,3.009884767259699001e-02,2.198709990182606155e+00,-2.116856658273614482e-10,0.000000000000000000e+00,1.735246767444743615e-10
2.749999999999999667e-02,3.576520348919991904e-02,2.499557887736635564e+00,-2.067622081828343935e-10,0.000000000000000000e+00,2.591127361351670766e-10
2.999999999999999542e-02,4.218717312166300054e-02,2.802234771769852806e+00,-2.130531940391472264e-10,0.000000000000000000e+00,3.766751463568001319e-10
3.249999999999999417e-02,4.936325976241862784e-02,3.100545617039677904e+00,9.552938942323653253e-11,0.000000000000000000e+00,5.330547484804597013e-10
3.499999999999999639e-02,5.728254680576359836e-02,3.394316552322244718e+00,-5.058177108949180717e-11,0.000000000000000000e+00,7.274223427255389612e-10
3.749999999999999861e-02,6.593368290422392530e-02,3.683544757089639798e+00,4.316087555943892487e-10,0.000000000000000000e+00,9.754259295073817643e-10
4.000000000000000083e-02,7.530530959644025912e-02,3.968227297708625034e+00,1.038979895495230253e-09,0.000000000000000000e+00,1.275410301822191349e-09
4.250000000000000305e-02,8.538606102293225253e-02,4.248361124865320804e+00,1.553127891581558062e-09,0.000000000000000000e+00,1.622644583804010930e-09
4.500000000000000527e-02,9.616456363520743678e-02,4.523943070602306271e+00,1.360065045108896457e-09,0.000000000000000000e+00,2.016772690608929054e-09
4.750000000000000749e-02,1.076294358973274717e-01,4.794969845102553307e+00,8.165332250092493953e-10,0.000000000000000000e+00,2.469419971762424524e-09
5.000000000000000971e-02,1.197692879792442988e-01,5.061438033182009910e+00,-9.264917333848369488e-11,0.000000000000000000e+00,2.996751671704666846e-09
5.250000000000001193e-02,1.325727220451666799e-01,5.323448469997572374e+00,2.047441589345630202e-09,0.000000000000000000e+00,3.615193039067375883e-09
5.500000000000001416e-02,1.460293266239697796e-01,5.584313548955750051e+00,2.605357003679323417e-09,0.000000000000000000e+00,4.300155309295406066e-09
5.750000000000001638e-02,1.601383428508949269e-01,5.845618070652395026e+00,3.780748339246271626e-09,0.000000000000000000e+00,5.046076239002952691e-09
6.000000000000001860e-02,1.749008699501906350e-01,6.107363524413039535e+00,3.789028629787041102e-09,0.000000000000000000e+00,5.835854435841711976e-09
6.250000000000001388e-02,1.903180130685703797e-01,6.369560212374422825e+00,4.266774923288018262e-09,0.000000000000000000e+00,6.663728627976806386e-09
6.500000000000001610e-02,2.063909055251429148e-01,6.632209168113236686e+00,4.685543329908686788e-09,0.000000000000000000e+00,7.523798975331062596e-09
6.750000000000001832e-02,2.231206753220035810e-01,6.895305491343933113e+00,4.917006445802812642e-09,0.000000000000000000e+00,8.403326902036732927e-09
7.000000000000002054e-02,2.405084379817625240e-01,7.158843978993391310e+00,4.404377490583123279e-09,0.000000000000000000e+00,9.301179853268515149e-09
7.250000000000002276e-02,2.585552959380049143e-01,7.422819280365660966e+00,4.398265827791748490e-09,0.000000000000000000e+00,1.021964785547826593e-08
7.500000000000002498e-02,2.772623380470935484e-01,7.687225716454188174e+00,4.028775357374174111e-09,0.000000000000000000e+00,1.115942875852751683e-08
7.750000000000002720e-02,2.966306250541060896e-01,7.952036276835779738e+00,3.955591431094791684e-09,0.000000000000000000e+00,1.212340333118698048e-08
8.000000000000002942e-02,3.166611827806153912e-01,8.217277291543474860e+00,4.478784520113098326e-09,0.000000000000000000e+00,1.310940090608753368e-08
8.250000000000003164e-02,3.373550873123445371e-01,8.482950331694738111e+00,4.657817137866303356e-09,0.000000000000000000e+00,1.411106624493070985e-08
8.500000000000003386e-02,3.587134209681372976e-01,8.749064441365771216e+00,4.048859027062984844e-09,0.000000000000000000e+00,1.512716079803077615e-08
8.750000000000003608e-02,3.807372988106886291e-01,9.015643439010972315e+00,3.842887370050363121e-09,0.000000000000000000e+00,1.616162814083223069e-08
8.999999999999999667e-02,4.034278941678680619e-01,9.282680383561585202e+00,3.367424487888898885e-09,0.000000000000000000e+00,1.721675356306222207e-08
9.249999999999999889e-02,4.267863536012664327e-01,9.550572927261146816e+00,2.721539349191483779e-09,0.000000000000000000e+00,1.829830222527155209e-08
9.500000000000000111e-02,4.508152702803116529e-01,9.819752815010119207e+00,2.735345271059210866e-09,0.000000000000000000e+00,1.941222222481700995e-08
9.750000000000000333e-02,4.755178749637880009e-01,1.009024293906332304e+01,4.680290875300671101e-09,0.000000000000000000e+00,2.055909518365968516e-08
1.000000000000000056e-01,5.008974534279522217e-01,1.036205841434395580e+01,3.730437800905320141e-09,0.000000000000000000e+00,2.172659094542217510e-08
1.025000000000000078e-01,5.269573261359236094e-01,1.063519626882475499e+01,4.550215076270884957e-09,0.000000000000000000e+00,2.291725910658440156e-08
1.050000000000000100e-01,5.537007879607541705e-01,1.090964575793724478e+01,2.369311305418900271e-09,0.000000000000000000e+00,2.412755785700983116e-08
1.075000000000000122e-01,5.811311180026984546e-01,1.118540690513402858e+01,-1.124901352853661991e-09,0.000000000000000000e+00,2.536870985914217686e-08
1.100000000000000006e-01,6.092515954213382212e-01,1.146247973835615142e+01,-1.015541153723945968e-10,0.000000000000000000e+00,2.665884516538136737e-08
1.125000000000000028e-01,6.380654412876982651e-01,1.173993358694962019e+01,2.682175344061321418e-09,0.000000000000000000e+00,2.799237173590410981e-08
1.150000000000000050e-01,6.675726095845800900e-01,1.201683759831992937e+01,5.203001778253530137e-09,0.000000000000000000e+00,2.935531587640427955e-08
1.175000000000000072e-01,6.977717255801014762e-01,1.229319153072457560e+01,2.966954695368904255e-09,0.000000000000000000e+00,3.074104343900117650e-08
1.200000000000000094e-01,7.286614139438314375e-01,1.256899515263179978e+01,4.726928038282351484e-09,0.000000000000000000e+00,3.215790908077117913e-08
1.225000000000000117e-01,7.602402987722588490e-01,1.284424824261708231e+01,8.249481688478900688e-09,0.000000000000000000e+00,3.359698572529181825e-08
1.250000000000000000e-01,7.925070036140001717e-01,1.311895058926207547e+01,4.388901190462689823e-09,0.000000000000000000e+00,3.504609074595890500e-08
1.275000000000000022e-01,8.254601514947622620e-01,1.339310199105659294e+01,4.450491870691677116e-10,0.000000000000000000e+00,3.651810297373391817e-08
1.300000000000000044e-01,8.590983649420531609e-01,1.366670225629857072e+01,1.705233732828716555e-09,0.000000000000000000e+00,3.802676030972063117e-08
1.325000000000000067e-01,8.934201205456351325e-01,1.394000490601441555e+01,4.153699144537350081e-09,0.000000000000000000e+00,3.957530867800048920e-08
1.350000000000000089e-01,9.284254844107827642e-01,1.421403861024684723e+01,7.269673124756178118e-10,0.000000000000000000e+00,4.114802794026834954e-08
1.375000000000000111e-01,9.641164121843173174e-01,1.448891743898661844e+01,1.228743481329876708e-09,0.000000000000000000e+00,4.275818324570420736e-08
1.400000000000000133e-01,1.000495016691831385e+00,1.476464141978019384e+01,-1.166241052672581083e-09,0.000000000000000000e+00,4.440617738138563806e-08
1.425000000000000155e-01,1.037563410829205113e+00,1.504121058264206034e+01,1.459876341352257040e-09,0.000000000000000000e+00,4.610018161848830149e-08
1.450000000000000178e-01,1.075323707568728526e+00,1.531862495996762696e+01,5.181426863037286065e-09,0.000000000000000000e+00,4.783536135462660619e-08
1.475000000000000200e-01,1.113778019965003807e+00,1.559688458644600395e+01,4.175741132791369951e-09,0.000000000000000000e+00,4.959682731654711641e-08
1.500000000000000222e-01,1.152928461160632301e+00,1.587598949897205358e+01,8.239658323971930659e-09,0.000000000000000000e+00,5.138951694409052539e-08
1.525000000000000244e-01,1.192777141636015115e+00,1.615590579106230606e+01,6.322726060724771484e-09,0.000000000000000000e+00,5.320612627427990312e-08
1.550000000000000266e-01,1.233326056385268599e+00,1.643661113924362382e+01,2.590611440029619078e-09,0.000000000000000000e+00,5.505839162279201036e-08
1.575000000000000289e-01,1.274577188953050833e+00,1.671812023311958484e+01,4.308680247356892140e-09,0.000000000000000000e+00,5.695606137196867578e-08
1.600000000000000311e-01,1.316532553375416636e+00,1.700045686117003996e+01,1.573563655658708923e-08,0.000000000000000000e+00,5.889249158166116767e-08
1.625000000000000333e-01,1.359194244468457713e+00,1.728365679654261555e+01,1.847257319549448185e-08,0.000000000000000000e+00,6.083246826145646761e-08
1.650000000000000355e-01,1.402564431734990125e+00,1.756772570183737159e+01,1.175989230592613152e-08,0.000000000000000000e+00,6.276198569256455307e-08
1.675000000000000377e-01,1.446645280117794030e+00,1.785263585197895964e+01,1.850378900641016042e-08,0.000000000000000000e+00,6.469202227172750270e-08
1.700000000000000400e-01,1.491438864860901603e+00,1.813832991572864373e+01,6.139223966442680335e-09,0.000000000000000000e+00,6.660459998638033032e-08
1.725000000000000422e-01,1.536947109892691454e+00,1.842475735508100598e+01,1.014074811221031946e-08,0.000000000000000000e+00,6.852376122034507826e-08
1.750000000000000444e-01,1.583171828285093063e+00,1.871189439250161612e+01,5.170067896937154781e-09,0.000000000000000000e+00,7.043246484909263424e-08
1.775000000000000466e-01,1.630114788274545035e+00,1.899971538372463442e+01,5.382681947012258026e-09,0.000000000000000000e+00,7.234469923616791016e-08
1.800000000000000488e-01,1.677777499258975569e+00,1.928727623887311537e+01,3.509798186120950600e-09,0.000000000000000000e+00,7.425783479998950066e-08
1.825000000000000511e-01,1.726158707766880074e+00,1.957413146513207280e+01,-5.956632981028625535e-09,0.000000000000000000e+00,7.617282838257775795e-08
1.850000000000000533e-01,1.775256654266669898e+00,1.986027980955677563e+01,1.067854496196241692e-08,0.000000000000000000e+00,7.811831541031479308e-08
1.875000000000000555e-01,1.825069567903335521e+00,2.014571345266411484e+01,2.693357742450949965e-09,0.000000000000000000e+00,8.006292019799799597e-08
1.900000000000000577e-01,1.875595656744720285e+00,2.043042214404434631e+01,-1.685510742756210026e-08,0.000000000000000000e+00,8.203670025070296445e-08
1.925000000000000600e-01,1.926833102014902099e+00,2.071439368049581731e+01,-1.811324206100564801e-08,0.000000000000000000e+00,8.408134002953340462e-08
1.950000000000000622e-01,1.978780053438545572e+00,2.099761425004729176e+01,-1.456808037501404772e-08,0.000000000000000000e+00,8.621693425548382043e-08
1.975000000000000644e-01,2.031434625379858083e+00,2.128006867194239504e+01,-3.059412192028119146e-08,0.000000000000000000e+00,8.845069552157164906e-08
2.000000000000000666e-01,2.084794893530412363e+00,2.156174055564477499e+01,-5.236732441215365805e-09,0.000000000000000000e+00,9.081882334109938102e-08
2.025000000000000688e-01,2.138858897416778149e+00,2.184273668515536215e+01,-3.312542202639335739e-08,0.000000000000000000e+00,9.327767801510628316e-08
2.050000000000000711e-01,2.193625228017257900e+00,2.212397222680220210e+01,-3.549919541228259169e-08,0.000000000000000000e+00,9.589022535610007840e-08
2.075000000000000733e-01,2.249095006289602239e+00,2.240583990654363333e+01,-3.311963249407615441e-08,0.000000000000000000e+00,9.865387362140021188e-08
2.100000000000000755e-01,2.305269812068390323e+00,2.268833885378300153e+01,-1.983338299050991166e-08,0.000000000000000000e+00,1.015618090890799157e-07
2.125000000000000777e-01,2.362151223069115513e+00,2.297146829792033174e+01,-9.618682281251590382e-09,0.000000000000000000e+00,1.045729171530011059e-07
2.150000000000000799e-01,2.419740815137734646e+00,2.325522756792806334e+01,-2.630160228902642031e-08,0.000000000000000000e+00,1.076702478039989950e-07
2.175000000000000822e-01,2.478040162499560939e+00,2.353961609257076049e+01,-5.209064773539972528e-08,0.000000000000000000e+00,1.108754479894561098e-07
2.200000000000000844e-01,2.537050838009093923e+00,2.382463340130702178e+01,-3.316438280145765236e-08,0.000000000000000000e+00,1.142440560589064614e-07
2.225000000000000866e-01,2.596774413402436199e+00,2.411027912579999821e+01,-2.701121917733964837e-08,0.000000000000000000e+00,1.177163374372748413e-07
2.250000000000000888e-01,2.657212459553790929e+00,2.439655300198356613e+01,-2.512481468045561188e-08,0.000000000000000000e+00,1.212822547916206692e-07
2.275000000000000910e-01,2.718366546737523315e+00,2.468345487264307536e+01,1.397729019957595071e-09,0.000000000000000000e+00,1.249379491078291243e-07
2.300000000000000100e-01,2.780238244896826583e+00,2.497098469046301972e+01,-3.647364075022961875e-09,0.000000000000000000e+00,1.286140440030943870e-07
2.325000000000000122e-01,2.842829098361518980e+00,2.525873364604078120e+01,-1.785245382675738935e-08,0.000000000000000000e+00,1.323122005894427219e-07
2.350000000000000144e-01,2.906139216419224791e+00,2.554629304319434624e+01,-3.868422747392421867e-08,0.000000000000000000e+00,1.360521320086262715e-07
2.375000000000000167e-01,2.970168125322825592e+00,2.583366317611397633e+01,-4.816868941659540334e-08,0.000000000000000000e+00,1.398586550202768846e-07
2.400000000000000189e-01,3.034915352132256938e+00,2.612084446652202985e+01,-6.827796285837468414e-08,0.000000000000000000e+00,1.437410022735064858e-07
2.425000000000000211e-01,3.100380425035321963e+00,2.640783746747552385e+01,-6.663859978779820601e-08,0.000000000000000000e+00,1.477184808569231625e-07
2.450000000000000233e-01,3.166562873678310464e+00,2.669464286743802717e+01,-5.634902802062021591e-08,0.000000000000000000e+00,1.517749133552248885e-07
2.475000000000000255e-01,3.233462229506762764e+00,2.698126149453345590e+01,-9.171091382815223398e-08,0.000000000000000000e+00,1.558790041244908976e-07
2.500000000000000000e-01,3.301078026117207465e+00,2.726769432106539526e+01,-1.028506894252536810e-07,0.000000000000000000e+00,1.600603865544733682e-07
2.525000000000000022e-01,3.369409798109347598e+00,2.755391812321891010e+01,-1.149131093996384326e-07,0.000000000000000000e+00,1.643084860547651608e-07
2.550000000000000044e-01,3.438456997161997819e+00,2.783990880464435236e+01,-1.484428621716449040e-07,0.000000000000000000e+00,1.686434682695514672e-07
2.575000000000000067e-01,3.508219040398157240e+00,2.812566625047263358e+01,-1.485865975377022055e-07,0.000000000000000000e+00,1.730854896041534145e-07
2.600000000000000089e-01,3.578695344678505919e+00,2.841119038996438562e+01,-2.042733027319978816e-07,0.000000000000000000e+00,1.776227876029406802e-07
2.625000000000000111e-01,3.649885326712265954e+00,2.869648119760658744e+01,-1.998026940517208716e-07,0.000000000000000000e+00,1.822885596895893618e-07
2.650000000000000133e-01,3.721788403170939397e+00,2.898153869412048067e+01,-2.051433506214591515e-07,0.000000000000000000e+00,1.870474789637358571e-07
2.675000000000000155e-01,3.794403990804477100e+00,2.926636294754666068e+01,-2.155730301379163103e-07,0.000000000000000000e+00,1.918836513572186795e-07
2.700000000000000178e-01,3.867731506560112109e+00,2.955095407420681752e+01,-2.075932901967759623e-07,0.000000000000000000e+00,1.967815102195430163e-07
2.725000000000000200e-01,3.941770367703648414e+00,2.983531223964665813e+01,-2.111400868888933066e-07,0.000000000000000000e+00,2.016935883996793721e-07
2.750000000000000222e-01,4.016519991943038548e+00,3.011943765964649700e+01,-2.321505461407810246e-07,0.000000000000000000e+00,2.065996606677330605e-07
2.775000000000000244e-01,4.091979797554578191e+00,3.040333060123240827e+01,-1.979697169652176750e-07,0.000000000000000000e+00,2.114874084070319857e-07
2.800000000000000266e-01,4.168149203704477834e+00,3.068699214050895563e+01,-1.878635384549173471e-07,0.000000000000000000e+00,2.162967190628857188e-07
2.825000000000000289e-01,4.245027633873321271e+00,3.097042397734898245e+01,-1.521440667479404854e-07,0.000000000000000000e+00,2.209831016575172232e-07
2.850000000000000311e-01,4.322614513853751284e+00,3.125362712152398004e+01,-1.092627936732387608e-07,0.000000000000000000e+00,2.254948062803858847e-07
2.875000000000000333e-01,4.400909271968178160e+00,3.153660192181386890e+01,-1.190423261523997622e-07,0.000000000000000000e+00,2.297713502507261454e-07
2.899999999999999800e-01,4.479911337692494833e+00,3.181934901428218865e+01,-1.287422325404091877e-07,0.000000000000000000e+00,2.337944283049374194e-07
2.924999999999999822e-01,4.559620151897749274e+00,3.210202573269801718e+01,-9.174154886006471133e-08,0.000000000000000000e+00,2.375439484111992872e-07
2.949999999999999845e-01,4.640035706889007905e+00,3.238478924416693872e+01,-4.596561646923250225e-08,0.000000000000000000e+00,2.409851901493275788e-07
2.974999999999999867e-01,4.721158220065847289e+00,3.266764030068122082e+01,8.459357317750733052e-09,0.000000000000000000e+00,2.440748417726744915e-07
2.999999999999999889e-01,4.802987910732065657e+00,3.295057969659447394e+01,-2.861298399327157166e-09,0.000000000000000000e+00,2.467817894470400821e-07
3.024999999999999911e-01,4.885524998910431016e+00,3.323358764318047065e+01,1.802055644342072759e-09,0.000000000000000000e+00,2.490997635052846546e-07
3.049999999999999933e-01,4.968769634148798353e+00,3.351664389207893890e+01,1.442608892019736148e-08,0.000000000000000000e+00,2.510137658656706580e-07
3.074999999999999956e-01,5.052721937280367115e+00,3.379974918491621594e+01,6.920415950119418250e-08,0.000000000000000000e+00,2.525028561653157926e-07
3.099999999999999978e-01,5.137382030599175309e+00,3.408290344652504444e+01,7.760675370897204820e-08,0.000000000000000000e+00,2.535507842790963791e-07
3.125000000000000000e-01,5.222750036340324975e+00,3.436611035867579034e+01,1.393197319335068417e-07,0.000000000000000000e+00,2.541572352761387456e-07
3.150000000000000022e-01,5.308826091066193520e+00,3.464937360587153847e+01,7.582280019446497973e-08,0.000000000000000000e+00,2.543285474096463075e-07
3.175000000000000044e-01,5.395610335983561434e+00,3.493269384526789878e+01,2.853147933722438631e-08,0.000000000000000000e+00,2.540782182918318650e-07
3.200000000000000067e-01,5.483102913836976455e+00,3.521607171647127643e+01,1.902889133007124917e-08,0.000000000000000000e+00,2.534089861036059649e-07
3.225000000000000089e-01,5.571303969154866031e+00,3.549950796231905059e+01,-1.781695013393674459e-08,0.000000000000000000e+00,2.523239688682201726e-07
3.250000000000000111e-01,5.660213648315394863e+00,3.578300338758446486e+01,-1.227027059220910370e-08,0.000000000000000000e+00,2.508155402753025291e-07
3.275000000000000133e-01,5.749832099749943914e+00,3.606655887051631026e+01,-6.934135281307886563e-09,0.000000000000000000e+00,2.488895540940101460e-07
3.300000000000000155e-01,5.840159474127600170e+00,3.635017536397248961e+01,2.437386824638246350e-08,0.000000000000000000e+00,2.465401768565958823e-07
3.325000000000000178e-01,5.931195924542212339e+00,3.663385389617489096e+01,-1.467069641308627057e-08,0.000000000000000000e+00,2.437827870467188713e-07
3.350000000000000200e-01,6.022941606700973338e+00,3.691759557124492375e+01,-2.239930060110167964e-08,0.000000000000000000e+00,2.406047642371564076e-07
3.375000000000000222e-01,6.115396679114618372e+00,3.720140157002369818e+01,3.204152895562577235e-08,0.000000000000000000e+00,2.370001709613293225e-07
3.400000000000000244e-01,6.208561303289682698e+00,3.748527315082694145e+01,3.365590998156918992e-08,0.000000000000000000e+00,2.330031747040037128e-07
3.425000000000000266e-01,6.302435643922649433e+00,3.776921164989162349e+01,2.781577655412972548e-08,0.000000000000000000e+00,2.286099140117659090e-07
3.450000000000000289e-01,6.397019869094869193e+00,3.805321848209466395e+01,6.119451486507863708e-08,0.000000000000000000e+00,2.238363273709449652e-07
3.475000000000000311e-01,6.492314150469683298e+00,3.833729514136368266e+01,5.970213814925272276e-08,0.000000000000000000e+00,2.187165576747518655e-07
3.500000000000000333e-01,6.588318663489903138e+00,3.862144320085813121e+01,2.979929520353532608e-08,0.000000000000000000e+00,2.132316015839645201e-07
3.525000000000000355e-01,6.685033589349158589e+00,3.890569195147650561e+01,3.499781829460355981e-08,0.000000000000000000e+00,2.073840616892485058e-07
3.550000000000000377e-01,6.782459210377984604e+00,3.919007070595579023e+01,-3.573661263130550715e-08,0.000000000000000000e+00,2.011666862826951449e-07
3.575000000000000400e-01,6.880595852524550082e+00,3.947458114000644258e+01,-7.040438099736819453e-08,0.000000000000000000e+00,1.945035818231257281e-07
3.600000000000000422e-01,6.979443845964176774e+00,3.975922499497001894e+01,-1.610127892097444055e-07,0.000000000000000000e+00,1.873199198078950585e-07
3.625000000000000444e-01,7.079003525262524299e+00,4.004400407665328743e+01,-1.577682912448041259e-07,0.000000000000000000e+00,1.794955420671986054e-07
3.650000000000000466e-01,7.179275229536272285e+00,4.032892025402792058e+01,-2.083130650834463688e-07,0.000000000000000000e+00,1.710091153894159196e-07
3.675000000000000488e-01,7.280259302609994876e+00,4.061397545771117734e+01,-1.649162594012423450e-07,0.000000000000000000e+00,1.617350014967191147e-07
3.700000000000000511e-01,7.381956093169553590e+00,4.089917167818676802e+01,-2.335772072219392925e-07,0.000000000000000000e+00,1.517282365218000917e-07
3.725000000000000533e-01,7.484365954841618596e+00,4.118451129562605928e+01,-2.368240013025346062e-07,0.000000000000000000e+00,1.408220416653138126e-07
3.750000000000000555e-01,7.587489251759948594e+00,4.147000454791609059e+01,-2.466789120999030957e-07,0.000000000000000000e+00,1.289815959019886531e-07
3.775000000000000577e-01,7.691326371761804559e+00,4.175565715642004960e+01,-2.436455425270366215e-07,0.000000000000000000e+00,1.161664181279106475e-07
3.800000000000000600e-01,7.795877714358829813e+00,4.204147112994041180e+01,-1.883140682600256250e-07,0.000000000000000000e+00,1.023427771003664993e-07
3.825000000000000622e-01,7.901143684049176663e+00,4.232744834573554726e+01,-2.360740110644204162e-07,0.000000000000000000e+00,8.761618749756773206e-08
3.850000000000000644e-01,8.007124689986651944e+00,4.261359061351083710e+01,-2.326204827150634167e-07,0.000000000000000000e+00,7.185990104276279695e-08
3.875000000000000666e-01,8.113821145809902546e+00,4.289989967207026211e+01,-2.183286507682005405e-07,0.000000000000000000e+00,5.508747647237670403e-08
3.900000000000000688e-01,8.221233469463427923e+00,4.318637718609356568e+01,-3.197042556650025101e-07,0.000000000000000000e+00,3.735993378952688802e-08
3.925000000000000711e-01,8.329362083010137141e+00,4.347302474271865691e+01,-2.410564595918939532e-07,0.000000000000000000e+00,1.832566882254775741e-08
3.950000000000000733e-01,8.438207412436099730e+00,4.375984384872849375e+01,-2.047028077788056260e-07,0.000000000000000000e+00,-1.793052692485754995e-09
3.975000000000000755e-01,8.547769887447646653e+00,4.404683592745760734e+01,-2.007510951410079001e-07,0.000000000000000000e+00,-2.283355211788065278e-08
4.000000000000000777e-01,8.658049942106464059e+00,4.433399508247454435e+01,-1.334627980526622788e-07,0.000000000000000000e+00,-4.478581235731859335e-08
4.025000000000000799e-01,8.769047973695275999e+00,4.462131334790517201e+01,-1.817609296622125446e-07,0.000000000000000000e+00,-6.737164423677815579e-08
4.050000000000000822e-01,8.880764416275106043e+00,4.490883693706256707e+01,-1.954270815716937667e-07,0.000000000000000000e+00,-9.077568099437552844e-08
4.075000000000000844e-01,8.993199787058664185e+00,4.519657199131434311e+01,-2.039698624569543913e-07,0.000000000000000000e+00,-1.149772659483306295e-07
4.100000000000000866e-01,9.106354617459162526e+00,4.548452262835554905e+01,-1.807525625692659656e-07,0.000000000000000000e+00,-1.400137006963880277e-07
4.125000000000000888e-01,9.220229448062493560e+00,4.577269099776120953e+01,-1.861507873604048481e-07,0.000000000000000000e+00,-1.656642361200828579e-07
4.150000000000000910e-01,9.334824823737672972e+00,4.606107733529337622e+01,-2.267342807416842109e-07,0.000000000000000000e+00,-1.919279620401118450e-07
4.175000000000000933e-01,9.450141288882019097e+00,4.634968001575604291e+01,-2.379457965238377124e-07,0.000000000000000000e+00,-2.189526334338992256e-07
4.200000000000000955e-01,9.566179382797715292e+00,4.663849560448017684e+01,-2.223283674996770294e-07,0.000000000000000000e+00,-2.468634807954910975e-07
4.225000000000000977e-01,9.682939635196749606e+00,4.692751890792663971e+01,-2.883447105332552952e-07,0.000000000000000000e+00,-2.754317188417748947e-07
4.250000000000000999e-01,9.800422561831522827e+00,4.721674302343029694e+01,-2.889613634643193038e-07,0.000000000000000000e+00,-3.050167833810043047e-07
4.275000000000001021e-01,9.918628660249703799e+00,4.750615938829287188e+01,-2.345792138490879062e-07,0.000000000000000000e+00,-3.356099360145277318e-07
4.300000000000001044e-01,1.003755840567144020e+01,4.779575782844932519e+01,-2.197502535256085444e-07,0.000000000000000000e+00,-3.666980942781884791e-07
4.325000000000001066e-01,1.015721224698801883e+01,4.808552660676605939e+01,-2.466379679043205655e-07,0.000000000000000000e+00,-3.981769388976691519e-07
4.350000000000001088e-01,1.027759060288118675e+01,4.837545247131132697e+01,-3.098768118554640406e-07,0.000000000000000000e+00,-4.300975316541727670e-07
4.375000000000001110e-01,1.039869385806320956e+01,4.866552070360256010e+01,-3.395080505612077883e-07,0.000000000000000000e+00,-4.630105041513234320e-07
4.400000000000001132e-01,1.052052235963760829e+01,4.895571516728728056e+01,-3.274739391511697072e-07,0.000000000000000000e+00,-4.971240434773148669e-07
4.425000000000001155e-01,1.064307641358190537e+01,4.924601835709668762e+01,-3.305389372124835641e-07,0.000000000000000000e+00,-5.322877984105211519e-07
4.450000000000001177e-01,1.076635628135299605e+01,4.953641144848371169e+01,-3.584210634600227936e-07,0.000000000000000000e+00,-5.684844388490441451e-07
4.475000000000001199e-01,1.089036217661704953e+01,4.982687434819303007e+01,-3.414498339491799921e-07,0.000000000000000000e+00,-6.060205167571671872e-07
4.500000000000001221e-01,1.101509426209656084e+01,5.011738582478811566e+01,-3.057747640333119407e-07,0.000000000000000000e+00,-6.445843923267132761e-07
4.525000000000001243e-01,1.114055264615220331e+01,5.040792568600265611e+01,-2.990251739654783931e-07,0.000000000000000000e+00,-6.835629910598227723e-07
4.550000000000001266e-01,1.126673739211337022e+01,5.069848608380355870e+01,-2.766303870418229768e-07,0.000000000000000000e+00,-7.229031087791436199e-07
4.575000000000001288e-01,1.139364854976207120e+01,5.098906426944705572e+01,-2.896566129545281579e-07,0.000000000000000000e+00,-7.621141519888646532e-07
4.600000000000001310e-01,1.152128616200569411e+01,5.127965749079130120e+01,-2.846211899602880174e-07,0.000000000000000000e+00,-8.014795132909256231e-07
4.625000000000001332e-01,1.164965026487042721e+01,5.157026299572311956e+01,-2.844966178843807972e-07,0.000000000000000000e+00,-8.409869239063143187e-07
4.650000000000001354e-01,1.177874088750330550e+01,5.186087803565835941e+01,-2.817959882263099985e-07,0.000000000000000000e+00,-8.805999639250091679e-07
4.675000000000001377e-01,1.190855805218304297e+01,5.215149986910697777e+01,-2.834928999199253605e-07,0.000000000000000000e+00,-9.201895291170221762e-07
4.700000000000001399e-01,1.203910177433982476e+01,5.244212576530138392e+01,-2.854009977788451719e-07,0.000000000000000000e+00,-9.598804247274293996e-07
4.725000000000001421e-01,1.217037206258417292e+01,5.273275300789593700e+01,-2.842660826325455361e-07,0.000000000000000000e+00,-1.000011676461914552e-06
4.750000000000001443e-01,1.230236891874515059e+01,5.302337889871539289e+01,-2.820999311656711537e-07,0.000000000000000000e+00,-1.040621729243273774e-06
4.775000000000001465e-01,1.243509233791790081e+01,5.331400076153618528e+01,-2.789901925427870179e-07,0.000000000000000000e+00,-1.081608417371719440e-06
4.800000000000001488e-01,1.256854230852070664e+01,5.360461594591915002e+01,-2.738007919825895994e-07,0.000000000000000000e+00,-1.123176308950861959e-06
4.825000000000001510e-01,1.270271878212130368e+01,5.389527457625401752e+01,-2.763104342409544600e-07,0.000000000000000000e+00,-1.165531476034304771e-06
4.850000000000001532e-01,1.283762203429583693e+01,5.418618794749353640e+01,-2.772639463583893310e-07,0.000000000000000000e+00,-1.208377708850714122e-06
4.875000000000001554e-01,1.297325272705437982e+01,5.447737723563397338e+01,-2.944209884123296525e-07,0.000000000000000000e+00,-1.251420978621856510e-06
4.900000000000001577e-01,1.310961154876149770e+01,5.476883994413499579e+01,-2.896864701054072698e-07,0.000000000000000000e+00,-1.294120172863889683e-06
4.925000000000001599e-01,1.324669918156335591e+01,5.506057361869441280e+01,-2.903385884033871106e-07,0.000000000000000000e+00,-1.336623830003773410e-06
4.950000000000001621e-01,1.338451630149566185e+01,5.535257585124713131e+01,-2.834479528318605185e-07,0.000000000000000000e+00,-1.378672787541041760e-06
4.975000000000001643e-01,1.352306357860145525e+01,5.564484428397469173e+01,-2.795308805226066014e-07,0.000000000000000000e+00,-1.420328928173657308e-06
5.000000000000001110e-01,1.366234167705914260e+01,5.593737661340947653e+01,-2.815076855203243497e-07,0.000000000000000000e+00,-1.461474291305484045e-06
5.025000000000000577e-01,1.380235125685202568e+01,5.623019585346330018e+01,-2.950517874788097345e-07,0.000000000000000000e+00,-1.502153122595755525e-06
5.050000000000000044e-01,1.394309306127332526e+01,5.652332578287646214e+01,-3.016781503265465517e-07,0.000000000000000000e+00,-1.542078202592457133e-06
5.074999999999999512e-01,1.408456786639716363e+01,5.681676520970702882e+01,-2.948639946364442154e-07,0.000000000000000000e+00,-1.581344726036534478e-06
5.099999999999998979e-01,1.422677644525779606e+01,5.711051283640802723e+01,-3.016994803232450588e-07,0.000000000000000000e+00,-1.619908500415292488e-06
5.124999999999998446e-01,1.436971956758632274e+01,5.740456726120138597e+01,-3.049601278925244761e-07,0.000000000000000000e+00,-1.657761859277974465e-06
5.149999999999997913e-01,1.451339799955088949e+01,5.769892697956369432e+01,-3.136369507615496893e-07,0.000000000000000000e+00,-1.694879040016615668e-06
5.174999999999997380e-01,1.465781250350079290e+01,5.799359038626806750e+01,-2.903852092379312700e-07,0.000000000000000000e+00,-1.731202282964980866e-06
5.199999999999996847e-01,1.480296383771594115e+01,5.828855577733266102e+01,-2.869685136106492795e-07,0.000000000000000000e+00,-1.767084398177387265e-06
5.224999999999996314e-01,1.494885275616105602e+01,5.858382135226891307e+01,-3.207804218869813335e-07,0.000000000000000000e+00,-1.802410473668254864e-06
5.249999999999995781e-01,1.509548000824588776e+01,5.887938521670958636e+01,-3.480971930166710730e-07,0.000000000000000000e+00,-1.837099639045745516e-06
5.274999999999995248e-01,1.524284640386975020e+01,5.917513152790758113e+01,-2.894812239923650718e-07,0.000000000000000000e+00,-1.870902484904855719e-06
5.299999999999994715e-01,1.539095203440234982e+01,5.947059654634065851e+01,-3.336255422229713437e-07,0.000000000000000000e+00,-1.904260174611770898e-06
5.324999999999994182e-01,1.553979613799080184e+01,5.976572695354700926e+01,-3.704566107330970976e-07,0.000000000000000000e+00,-1.936980635302259894e-06
5.349999999999993650e-01,1.568937787687404395e+01,6.006052053823294301e+01,-3.594865442031801308e-07,0.000000000000000000e+00,-1.968865000816350021e-06
5.374999999999993117e-01,1.583969640770356335e+01,6.035497510739543259e+01,-2.921822574198482333e-07,0.000000000000000000e+00,-1.999922258591765767e-06
5.399999999999992584e-01,1.599075088181109550e+01,6.064908883087389313e+01,-1.932152279590004090e-07,0.000000000000000000e+00,-2.030613355839775506e-06
5.424999999999992051e-01,1.614254044612789940e+01,6.094286005336902434e+01,-1.663404546742156457e-07,0.000000000000000000e+00,-2.061515454163005164e-06
5.449999999999991518e-01,1.629506424349304439e+01,6.123628720926087254e+01,-9.670667406141759367e-08,0.000000000000000000e+00,-2.092780038054593294e-06
5.474999999999990985e-01,1.644832141288122429e+01,6.152936882031138310e+01,-1.779297055532326818e-07,0.000000000000000000e+00,-2.124665408403625650e-06
5.499999999999990452e-01,1.660231108962065960e+01,6.182210349419124640e+01,-2.593483444014498669e-07,0.000000000000000000e+00,-2.156912549808513003e-06
5.524999999999989919e-01,1.675703240537297134e+01,6.211448532457834659e+01,-2.176808598137077795e-07,0.000000000000000000e+00,-2.189196550212445307e-06
5.549999999999989386e-01,1.691248447210092820e+01,6.240650750083580078e+01,-1.724115950633143981e-07,0.000000000000000000e+00,-2.221595070269763633e-06
5.574999999999988853e-01,1.706866638915512979e+01,6.269816734737689501e+01,-1.807891623752286048e-07,0.000000000000000000e+00,-2.254361522368065396e-06
5.599999999999988320e-01,1.722557724918747368e+01,6.298946217370512102e+01,-2.315160044247254093e-07,0.000000000000000000e+00,-2.287248967646857630e-06
5.624999999999987788e-01,1.738321613811678290e+01,6.328038927969025451e+01,-2.211974815855431461e-07,0.000000000000000000e+00,-2.320143404260897935e-06
5.649999999999999467e-01,1.754158213510790887e+01,6.357094596076585447e+01,-3.223207566293929995e-07,0.000000000000000000e+00,-2.353138769145058516e-06
5.674999999999998934e-01,1.770067433496969755e+01,6.386148785400405359e+01,-4.060000295439606497e-07,0.000000000000000000e+00,-2.385943829777649893e-06
5.699999999999998401e-01,1.786049308359211096e+01,6.415237054114855653e+01,-5.587411480638315768e-07,0.000000000000000000e+00,-2.418002375100003475e-06
5.724999999999997868e-01,1.802103923138831121e+01,6.444359121521716816e+01,-6.858356733607308772e-07,0.000000000000000000e+00,-2.448926267131337604e-06
5.749999999999997335e-01,1.818231362167806964e+01,6.473514681944341476e+01,-4.762356018755067659e-07,0.000000000000000000e+00,-2.478100387302388078e-06
5.774999999999996803e-01,1.834431708997484023e+01,6.502703418166029792e+01,-4.805980112171978693e-07,0.000000000000000000e+00,-2.506289869554710475e-06
5.799999999999996270e-01,1.850705046387938424e+01,6.531925015403915324e+01,-5.376762402543083549e-07,0.000000000000000000e+00,-2.533320028788243115e-06
5.824999999999995737e-01,1.867051456314068503e+01,6.561179162243195151e+01,-4.360717870251572859e-07,0.000000000000000000e+00,-2.559152376755893082e-06
5.849999999999995204e-01,1.883471019974337324e+01,6.590465551287446999e+01,-6.848456438085806877e-07,0.000000000000000000e+00,-2.583962194530723769e-06
5.874999999999994671e-01,1.899963817801229027e+01,6.619783879863123843e+01,-6.224242480335246526e-07,0.000000000000000000e+00,-2.607043042626819893e-06
5.899999999999994138e-01,1.916529929473437832e+01,6.649133850662877876e+01,-5.876436548421779198e-07,0.000000000000000000e+00,-2.628546833986203281e-06
5.924999999999993605e-01,1.933169433929638359e+01,6.678515172439774972e+01,-8.417636797766216326e-07,0.000000000000000000e+00,-2.648666774206118384e-06
5.949999999999993072e-01,1.949882409384066406e+01,6.707927560707678083e+01,-8.599882891969264787e-07,0.000000000000000000e+00,-2.666543494134925806e-06
5.974999999999992539e-01,1.966668933343794734e+01,6.737370738423625482e+01,-8.034842854446208008e-07,0.000000000000000000e+00,-2.682112338136533861e-06
5.999999999999999778e-01,1.983529082627752871e+01,6.766844436699481946e+01,-1.036953007813900916e-06,0.000000000000000000e+00,-2.695579910650422881e-06
6.024999999999999245e-01,2.000462931155232837e+01,6.796311102921782776e+01,-1.099162018050796849e-06,0.000000000000000000e+00,-2.706350440933576678e-06
6.049999999999998712e-01,2.017470420832422917e+01,6.825731829645380344e+01,-9.600544262195615133e-07,0.000000000000000000e+00,-2.714267650152328463e-06
6.074999999999998179e-01,2.034551435532624808e+01,6.855104419674113103e+01,-1.281269427177653167e-06,0.000000000000000000e+00,-2.719768396400153094e-06
6.099999999999997646e-01,2.051705853709927041e+01,6.884426807788918268e+01,-1.190473449573940217e-06,0.000000000000000000e+00,-2.722228910589400685e-06
6.124999999999997113e-01,2.068933548731418171e+01,6.913697064671627857e+01,-9.746639159251876527e-07,0.000000000000000000e+00,-2.721863456381758741e-06
6.149999999999996581e-01,2.086234389219121610e+01,6.942913400629799980e+01,-1.441304426960629208e-06,0.000000000000000000e+00,-2.719322263187510573e-06
6.174999999999996048e-01,2.103608239401112456e+01,6.972074169163344948e+01,-1.651156196988436298e-06,0.000000000000000000e+00,-2.713878196721472244e-06
6.199999999999995515e-01,2.121054959471431900e+01,7.001177870332038822e+01,-1.578444208467484110e-06,0.000000000000000000e+00,-2.705367900009673530e-06
6.224999999999994982e-01,2.138574405958309654e+01,7.030223153885614806e+01,-1.617792433323118473e-06,0.000000000000000000e+00,-2.694217056839550690e-06
6.249999999999994449e-01,2.156166432100171448e+01,7.059208822181585674e+01,-1.707455123253219767e-06,0.000000000000000000e+00,-2.680690557390263615e-06
6.274999999999993916e-01,2.173830888228634706e+01,7.088133832812600588e+01,-2.088547851091367364e-06,0.000000000000000000e+00,-2.664958545781631176e-06
6.299999999999993383e-01,2.191567622158046902e+01,7.116997301035407020e+01,-2.075236767742103900e-06,0.000000000000000000e+00,-2.647008827748668457e-06
6.324999999999992850e-01,2.209376479580912545e+01,7.145798501931334101e+01,-2.276028507748388830e-06,0.000000000000000000e+00,-2.627336169461892618e-06
6.349999999999992317e-01,2.227257304468608012e+01,7.174536872179140801e+01,-2.456520118845045419e-06,0.000000000000000000e+00,-2.606383075864779406e-06
6.374999999999991784e-01,2.245209939476329808e+01,7.203212011732455267e+01,-2.714465233529061013e-06,0.000000000000000000e+00,-2.584683770269587503e-06
6.399999999999991251e-01,2.263234223322665883e+01,7.231835406394907295e+01,-2.774224619589416025e-06,0.000000000000000000e+00,-2.562743444293780762e-06
6.424999999999990719e-01,2.281330050492691086e+01,7.260431406670051047e+01,-2.735009881934522791e-06,0.000000000000000000e+00,-2.541386640492318587e-06
6.449999999999990186e-01,2.299497352508940651e+01,7.289000778902520494e+01,-2.576161804869226839e-06,0.000000000000000000e+00,-2.521634872180114356e-06
6.474999999999989653e-01,2.317736062905027339e+01,7.317543780955627142e+01,-2.276587030249454279e-06,0.000000000000000000e+00,-2.504547962601723348e-06
6.499999999999989120e-01,2.336046115953662650e+01,7.346060837426772139e+01,-2.105836828010784844e-06,0.000000000000000000e+00,-2.491247699821014942e-06
6.524999999999988587e-01,2.354427448011655599e+01,7.374567387379134686e+01,-1.922224894066968842e-06,0.000000000000000000e+00,-2.482589212175232056e-06
6.549999999999988054e-01,2.372880049167537919e+01,7.403079211084410360e+01,-1.672931394318818397e-06,0.000000000000000000e+00,-2.479327409262761404e-06
6.574999999999987521e-01,2.391403933211263322e+01,7.431597386395597482e+01,-1.529459861589202376e-06,0.000000000000000000e+00,-2.482079242237952947e-06
6.599999999999986988e-01,2.409999116628043581e+01,7.460122991150535654e+01,-1.460039712692715036e-06,0.000000000000000000e+00,-2.491408477120053501e-06
6.624999999999986455e-01,2.428665618622308031e+01,7.488657145222209977e+01,-1.808332336621618101e-06,0.000000000000000000e+00,-2.507771071012284661e-06
6.649999999999985922e-01,2.447403461203930775e+01,7.517200977153008523e+01,-2.086197869355951440e-06,0.000000000000000000e+00,-2.531819034915577248e-06
6.674999999999985389e-01,2.466212669212373498e+01,7.545755628402741877e+01,-1.946510884583241908e-06,0.000000000000000000e+00,-2.564258089252618752e-06
6.699999999999984857e-01,2.485093270346807159e+01,7.574322249905647197e+01,-1.896811874488757781e-06,0.000000000000000000e+00,-2.605554262774908499e-06
6.724999999999984324e-01,2.504045295188101505e+01,7.602901998484146873e+01,-1.896647643079839532e-06,0.000000000000000000e+00,-2.656168455365324147e-06
6.749999999999983791e-01,2.523068777211337377e+01,7.631496033008701829e+01,-1.840050823430829104e-06,0.000000000000000000e+00,-2.716542395603449463e-06
6.774999999999983258e-01,2.542163752788631470e+01,7.660105510759373715e+01,-2.129971549674198801e-06,0.000000000000000000e+00,-2.787005915999035258e-06
6.799999999999982725e-01,2.561330261183296386e+01,7.688731583606683273e+01,-1.865450194259119165e-06,0.000000000000000000e+00,-2.868414530315999103e-06
6.824999999999982192e-01,2.580568344533915948e+01,7.717375393987141763e+01,-1.990500633968782402e-06,0.000000000000000000e+00,-2.960825935435548836e-06
6.849999999999981659e-01,2.599878047828610050e+01,7.746038071024430849e+01,-2.065174565733799146e-06,0.000000000000000000e+00,-3.064593450158031376e-06
6.874999999999981126e-01,2.619259418869417999e+01,7.774720726441969987e+01,-1.884666990738257864e-06,0.000000000000000000e+00,-3.180205668005378106e-06
6.899999999999980593e-01,2.638712508226597819e+01,7.803424450574932791e+01,-2.014147011383261527e-06,0.000000000000000000e+00,-3.307613442834527090e-06
6.924999999999980060e-01,2.658237369182710808e+01,7.832150308321980958e+01,-2.148230994200634172e-06,0.000000000000000000e+00,-3.447234499471686920e-06
6.949999999999979527e-01,2.677834057667010015e+01,7.860899335091781381e+01,-2.447800701392697594e-06,0.000000000000000000e+00,-3.599791661319574056e-06
6.974999999999978995e-01,2.697502632179091364e+01,7.889672532726726217e+01,-2.721868536986651866e-06,0.000000000000000000e+00,-3.766191164736585956e-06
6.999999999999978462e-01,2.717243153702899860e+01,7.918470865417138782e+01,1.999999688088526284e+01,0.000000000000000000e+00,-3.947790492168190621e-06
7.024999999999977929e-01,2.737055685394357596e+01,7.947291976896734411e+01,1.931774845050284384e+01,0.000000000000000000e+00,2.842387001656582868e+00
7.049999999999977396e-01,2.756940281202627929e+01,7.976133708291364144e+01,1.865629108987075213e+01,-1.995124095292128974e-01,5.586829911205306587e+00
7.074999999999976863e-01,2.776896993513275547e+01,8.004997638751027011e+01,1.800867978444375339e+01,-9.290842562147498818e-01,8.236144573783622747e+00
7.099999999999976330e-01,2.796925878758990791e+01,8.033885366135852735e+01,1.735735345525516848e+01,-3.250215352893527143e+00,1.079181067740899458e+01
7.124999999999975797e-01,2.817026997301942970e+01,8.062798370188232866e+01,1.665038662086162446e+01,-4.913786746570774966e+00,1.325166927354610458e+01
7.149999999999975264e-01,2.837200413134454280e+01,8.091738005240276266e+01,1.591045420736992355e+01,-4.913786746570774966e+00,1.560852506134749262e+01
7.174999999999974731e-01,2.857446193560346970e+01,8.120705489646009312e+01,1.519303854742600279e+01,-4.913786746570774966e+00,1.785951751699311174e+01
7.199999999999974198e-01,2.877764408848982924e+01,8.149701896405997559e+01,1.449754386350598168e+01,-4.913786746570774966e+00,2.000794326068640672e+01
7.224999999999973666e-01,2.898155131867670420e+01,8.178728148706213119e+01,1.382338728153221119e+01,-4.913786746570774966e+00,2.205701242589452349e+01
7.249999999999973133e-01,2.918618437705781332e+01,8.207785017256945537e+01,1.316999766248524573e+01,-4.913786746570774966e+00,2.400984995348221318e+01
7.274999999999972600e-01,2.939154403292286588e+01,8.236873118594101584e+01,1.253681703748701892e+01,-6.544505474475414530e+00,2.586949701810785385e+01
7.299999999999972067e-01,2.959763109154569349e+01,8.265984615083326048e+01,1.186750819131334644e+01,-6.544505474475414530e+00,2.763710284952528795e+01
7.324999999999971534e-01,2.980444597050457034e+01,8.295102518685915527e+01,1.121892159640300335e+01,-6.544505474475414530e+00,2.930939985571079376e+01
7.349999999999971001e-01,3.001198883119727157e+01,8.324226495556177952e+01,1.059049380797467954e+01,-6.544505474475414530e+00,3.088941861218919627e+01
7.374999999999970468e-01,3.022025982576931469e+01,8.353356531248557815e+01,9.981672938559608355e+00,-6.544505474475414530e+00,3.238010627825192245e+01
7.399999999999969935e-01,3.042925910510421517e+01,8.382492453204950777e+01,9.391919391740305656e+00,-6.544505474475414530e+00,3.378432842933970193e+01
7.424999999999969402e-01,3.063898681487896880e+01,8.411633932026188631e+01,8.820705412912518639e+00,-6.544505474475414530e+00,3.510487081493796779e+01
7.449999999999968869e-01,3.084944309165029708e+01,8.440780483000808943e+01,8.267514912952691475e+00,-6.544505474475414530e+00,3.634444126068634517e+01
7.474999999999968336e-01,3.106062805898065093e+01,8.469931467797266578e+01,7.731843397011219921e+00,-6.544505474475414530e+00,3.750567133652150886e+01
7.499999999999967804e-01,3.127254182360956136e+01,8.499086096578916738e+01,7.213373901112551501e+00,-7.218101669009374888e+00,3.859111892086620088e+01
7.524999999999967271e-01,3.148518447498818418e+01,8.528247529364185198e+01,6.687255919123649583e+00,-7.218101669009374888e+00,3.960251075154449296e+01
7.549999999999966738e-01,3.169855621871285223e+01,8.557417775544817573e+01,6.178258746785021849e+00,-7.218101669009374888e+00,4.053961234798346425e+01
7.574999999999966205e-01,3.191265725986803758e+01,8.586594066870094366e+01,5.685866111022991554e+00,-7.218101669009374888e+00,4.140491714409839119e+01
7.599999999999965672e-01,3.212748773329437313e+01,8.615773457601471819e+01,5.209576466674325168e+00,-7.218101669009374888e+00,4.220084158977533662e+01
7.624999999999965139e-01,3.234304769922064793e+01,8.644952836804002061e+01,4.748902539616999263e+00,-7.218101669009374888e+00,4.292972706953049311e+01
7.649999999999964606e-01,3.255933713920577333e+01,8.674128940935403875e+01,4.303370027425646782e+00,-7.218101669009374888e+00,4.359384198185241388e+01
7.674999999999964073e-01,3.277635595239428312e+01,8.703298366170486133e+01,3.872520001049669425e+00,-7.218101669009374888e+00,4.419538340854169434e+01
7.699999999999963540e-01,3.299410395207777213e+01,8.732457580336581771e+01,3.455907323059390635e+00,-7.218101669009374888e+00,4.473647936630337085e+01
7.724999999999963007e-01,3.321258086255300412e+01,8.761602934255184039e+01,3.053101543680744268e+00,-7.218101669009374888e+00,4.521919070637402882e+01
7.749999999999962474e-01,3.343178631625843167e+01,8.790730672351858743e+01,2.663687383712316503e+00,-7.218101669009374888e+00,4.564551308655734374e+01
7.774999999999961942e-01,3.365171985117234499e+01,8.819836941766121186e+01,2.287265987412532287e+00,-7.218101669009374888e+00,4.601737906941733058e+01
7.799999999999961409e-01,3.387238090842487992e+01,8.848917799451400867e+01,1.923454971452359441e+00,-7.218101669009374888e+00,4.633666049487696625e+01
7.824999999999960876e-01,3.409376883007794845e+01,8.877969216375478823e+01,1.571885198476927981e+00,-7.218101669009374888e+00,4.660517030965853991e+01
7.849999999999960343e-01,3.431588285698632745e+01,8.906987077113693374e+01,1.232200446663267224e+00,-7.218101669009374888e+00,4.682466402354197754e+01
7.874999999999959810e-01,3.453872212661909913e+01,8.935967173626171700e+01,9.040399808368617673e-01,-7.218101669009374888e+00,4.699684028013306403e+01
7.899999999999959277e-01,3.476228567068740460e+01,8.964905192189561944e+01,5.870279468486133689e-01,-7.218101669009374888e+00,4.712333888379875901e+01
7.924999999999958744e-01,3.498657241240631066e+01,8.993796694383625834e+01,2.807647990519365755e-01,-7.218101669009374888e+00,4.720573738501929739e+01
7.949999999999958211e-01,3.521158116325887022e+01,9.022637097245589644e+01,-1.642417072529661626e-02,-7.218101669009375776e+00,4.724568823919541671e+01
7.974999999999957678e-01,3.543731061928590975e+01,9.051421661108354044e+01,-3.017246575073890824e-01,-7.218101669009375776e+00,4.724421282236796316e+01
8.000000000000000444e-01,3.566375935713713830e+01,9.080145499052305524e+01,-5.778287082675583886e-01,-7.218101669009375776e+00,4.720304506618714413e+01
8.024999999999999911e-01,3.589092582540088472e+01,9.108795125867779063e+01,-8.443127688145137810e-01,-7.218101669009375776e+00,4.712347662992015529e+01
8.049999999999999378e-01,3.611880804852641802e+01,9.137356762148640144e+01,-1.101660356996327250e+00,-7.218101669009375776e+00,4.700681360549279475e+01
8.074999999999998845e-01,3.634740379603663740e+01,9.165825012249123915e+01,-1.350198028107294945e+00,-7.218101669009375776e+00,4.685428266869804048e+01
8.099999999999998312e-01,3.657671070286975379e+01,9.194194555886394937e+01,-1.590237393541565680e+00,-7.218101669009375776e+00,4.666705428134038414e+01
8.124999999999997780e-01,3.680672627155345111e+01,9.222460194839622716e+01,-1.822072473515888857e+00,-7.218101669009375776e+00,4.644624604989447647e+01
8.149999999999997247e-01,3.703744787548214390e+01,9.250616889252120245e+01,-2.045984185772164565e+00,-7.218101669009375776e+00,4.619292518359367961e+01
8.174999999999996714e-01,3.726887276305495789e+01,9.278659787450460783e+01,-2.262239135017810376e+00,-7.218101669009375776e+00,4.590811099821684849e+01
8.199999999999996181e-01,3.750099806253569312e+01,9.306584251676154906e+01,-2.471096617570373688e+00,-7.218101669009375776e+00,4.559277666504821980e+01
8.224999999999995648e-01,3.773382078753268587e+01,9.334385880661479007e+01,-2.672807825441760876e+00,-7.218101669009375776e+00,4.524785071819952975e+01
8.249999999999995115e-01,3.796733784303330594e+01,9.362060530675022108e+01,-2.867612737929769562e+00,-7.218101669009375776e+00,4.487421852278448853e+01
8.274999999999994582e-01,3.820154603195638288e+01,9.389604335148121095e+01,-3.055748184859188754e+00,-7.218101669009375776e+00,4.447272419609294047e+01
8.299999999999994049e-01,3.843644206219216386e+01,9.417013723025426941e+01,-3.237441402770284249e+00,-7.218101669009375776e+00,4.404417201387298064e+01
8.324999999999993516e-01,3.867202255408154343e+01,9.444285435432107079e+01,-3.412913298350675362e+00,-7.218101669009375776e+00,4.358932736674424291e+01
8.349999999999992983e-01,3.890828404831779608e+01,9.471416541501498898e+01,-3.582377522023861172e+00,-7.218101669009375776e+00,4.310891931115363462e+01
8.374999999999992450e-01,3.914522301423264850e+01,9.498404453182432405e+01,-3.746042207118556622e+00,-7.218101669009375776e+00,4.260364162884607708e+01
8.399999999999991918e-01,3.938283585844130386e+01,9.525246938154882059e+01,-3.904109414129290911e+00,-7.218101669009375776e+00,4.207415455231123502e+01
8.424999999999991385e-01,3.962111893380804162e+01,9.551942131781758860e+01,-4.056777084719549897e+00,-7.218101669009375776e+00,4.152108647774289807e+01
8.449999999999990852e-01,3.986006854869909688e+01,9.578488547695694422e+01,-4.204232147680783349e+00,-7.218101669009375776e+00,4.094503532731862805e+01
8.474999999999990319e-01,4.009968097649664287e+01,9.604885086865839128e+01,-4.346662328580713108e+00,-7.218101669009375776e+00,4.034657101170775917e+01
8.499999999999989786e-01,4.033995246532840895e+01,9.631131045311173011e+01,-4.484136959538552070e+00,-7.218101669009375776e+00,3.972623640789755228e+01
8.524999999999989253e-01,4.058087920685799332e+01,9.657151488527541972e+01,-4.616778876697081202e+00,-7.218101669009375776e+00,3.908453357069945611e+01
8.549999999999988720e-01,4.082245474364619042e+01,9.682864338564664308e+01,-4.744833528063043815e+00,-7.218101669009375776e+00,3.842192474222294152e+01
8.574999999999988187e-01,4.106467132597250469e+01,9.708259798409559949e+01,-4.868534194980124852e+00,-7.218101669009375776e+00,3.773883914467633360e+01
8.599999999999987654e-01,4.130752096953031582e+01,9.733329905806722593e+01,-4.988101296852528677e+00,-7.218101669009375776e+00,3.703567691019510022e+01
8.624999999999987121e-01,4.155099550139367892e+01,9.758068546783459851e+01,-5.103744113090488810e+00,-7.218101669009375776e+00,3.631281283612339195e+01
8.649999999999986589e-01,4.179508660626628114e+01,9.782471462161809939e+01,-5.215665143418948269e+00,-7.218101669009375776e+00,3.557060003952031479e+01
8.674999999999986056e-01,4.203978587286736968e+01,9.806536246833783821e+01,-5.324055024932921931e+00,-7.218101669009375776e+00,3.480937405909159565e+01
8.699999999999985523e-01,4.228508484025148562e+01,9.830262340665315435e+01,-5.429093465338269198e+00,-7.218101669009375776e+00,3.402945593666046165e+01
8.724999999999984990e-01,4.253097504384588490e+01,9.853651009225950475e+01,-5.530952922020921037e+00,-7.218101669009375776e+00,3.323115619780507046e+01
8.749999999999984457e-01,4.277744806245448217e+01,9.876704966923932716e+01,-5.629799069496698394e+00,-7.218101669009375776e+00,3.241477856603448515e+01
8.774999999999983924e-01,4.302449554484645233e+01,9.899426391283024884e+01,-5.725787535854012233e+00,-7.218101669009375776e+00,3.158062272171808260e+01
8.799999999999983391e-01,4.327210918886999735e+01,9.921817785401286471e+01,-5.819061959916130178e+00,-7.218101669009375776e+00,3.072898854949674430e+01
8.824999999999982858e-01,4.352028076265280276e+01,9.943885010992491402e+01,-5.909715162481798956e+00,-7.218101669009375776e+00,2.986017557510382048e+01
8.849999999999982325e-01,4.376900210303391248e+01,9.965654981277150171e+01,-5.997775524885106790e+00,-7.218101669009375776e+00,2.897459008194131513e+01
8.874999999999981792e-01,4.401826629032610327e+01,9.987177944271010688e+01,-6.083363059812767482e+00,-7.218101669009375776e+00,2.807269722097404596e+01
8.899999999999981259e-01,4.426806718142653807e+01,1.000846103504150477e+02,-6.166605094107606710e+00,-7.218101669009375776e+00,2.715496404013847354e+01
8.924999999999980727e-01,4.451839881412426081e+01,1.002951050716949624e+02,-6.247616431088982125e+00,-7.218101669009375776e+00,2.622185538830100171e+01
8.949999999999980194e-01,4.476925538498034030e+01,1.005033304070211955e+02,-6.326508102392679689e+00,-7.218101669009375776e+00,2.527383427813138184e+01
8.974999999999979661e-01,4.502063125988748737e+01,1.007093572022351537e+02,-6.403386633070868861e+00,-7.218101669009375776e+00,2.431136132997968957e+01
8.999999999999979128e-01,4.527252098403555181e+01,1.009132601007001142e+02,-6.477802619032466680e+00,-7.218101669009375776e+00,2.333489599642174994e+01
9.024999999999978595e-01,4.552491939028625723e+01,1.011166929033386168e+02,-6.549359070024464380e+00,-7.218101669009375776e+00,2.234493146046780154e+01
9.049999999999978062e-01,4.577782702139460724e+01,1.013212963358261476e+02,-6.618228288120920233e+00,-7.218101669009375776e+00,2.134197727415349277e+01
9.074999999999977529e-01,4.603124683910633763e+01,1.015271323699124508e+02,-6.684569670482788162e+00,-7.218101669009375776e+00,2.032654558847265847e+01
9.099999999999976996e-01,4.628518196028822018e+01,1.017342631644359585e+02,-6.748533902534647133e+00,-7.218101669009375776e+00,1.929915252252693847e+01
9.124999999999976463e-01,4.653963565723179840e+01,1.019427507703331628e+02,-6.810264923866083286e+00,-7.218101669009375776e+00,1.826032061024979569e+01
9.149999999999975930e-01,4.679461135721673770e+01,1.021526568334734009e+02,-6.869899067573613571e+00,-7.218101669009375776e+00,1.721057937685071337e+01
9.174999999999975397e-01,4.705011264133030835e+01,1.023640422881149448e+02,-6.927530572162652334e+00,-7.218101669009375776e+00,1.615046412931029707e+01
9.199999999999974865e-01,4.730614320393859629e+01,1.025771108455793694e+02,-6.983153822649851961e+00,-7.218101669009375776e+00,1.508057145125265208e+01
9.224999999999974332e-01,4.756270769076915883e+01,1.027924122920284731e+02,-7.036891019400357550e+00,-7.218101669009375776e+00,1.400154797154975483e+01
9.249999999999973799e-01,4.781981174460813122e+01,1.030101472927262449e+02,-7.088853008795499733e+00,-7.218101669009375776e+00,1.291402910088383926e+01
9.274999999999973266e-01,4.807746156150828654e+01,1.032304194017080761e+02,-7.139146698316244155e+00,-7.218101669009375776e+00,1.181863413855884026e+01
9.299999999999972733e-01,4.833566350229429531e+01,1.034532552526070361e+02,-7.187876499506867134e+00,-7.218101669009375776e+00,1.071596345869500944e+01
9.324999999999972200e-01,4.859442398858036682e+01,1.036786779865671093e+02,-7.235140325009704831e+00,-7.218101669009375776e+00,9.606595771536605710e+00
9.349999999999971667e-01,4.885374950611333134e+01,1.039067168649092281e+02,-7.281031961785057405e+00,-7.218101669009375776e+00,8.491085846770307199e+00
9.374999999999971134e-01,4.911364660911484492e+01,1.041373902579851745e+02,-7.325636139697625282e+00,-7.218101669009375776e+00,7.369962012888113811e+00
9.399999999999970601e-01,4.937412188999380191e+01,1.043707028668939216e+02,-7.369039088927848091e+00,-7.218101669009375776e+00,6.243724129065629569e+00
9.424999999999970068e-01,4.963518194521575566e+01,1.046066458198174303e+02,-7.411325822183443712e+00,-7.218101669009375776e+00,5.112841670355827262e+00
9.449999999999969535e-01,4.989683334142537774e+01,1.048451968243663686e+02,-7.452569831999350747e+00,-7.218101669009375776e+00,3.977751796825745423e+00
9.474999999999969003e-01,5.015908258201099557e+01,1.050863203996668460e+02,-7.492844941440429452e+00,-7.218101669009375776e+00,2.838858072117613762e+00
9.499999999999968470e-01,5.042193607428653479e+01,1.053299681852012100e+02,-7.532221987028119514e+00,-7.218101669009375776e+00,1.696529290695874659e+00
9.524999999999967937e-01,5.068540011105748988e+01,1.055762693880369056e+02,-7.570785318211630255e+00,-7.218101669009375776e+00,5.510983577527895916e-01
9.549999999999967404e-01,5.094948148498080798e+01,1.058253179183980990e+02,-7.608616182087620139e+00,-7.218101669009375776e+00,-5.971426678695586077e-01
9.574999999999966871e-01,5.121418699930523388e+01,1.060769922773413185e+02,-7.645796455868490327e+00,-7.218101669009375776e+00,-1.747943405996941646e+00
9.599999999999966338e-01,5.147952314545145214e+01,1.063311570941043698e+02,-7.682402503722408404e+00,-7.218101669009375776e+00,-2.901094838565652978e+00
9.624999999999965805e-01,5.174549606883646646e+01,1.065876640307841825e+02,-7.718504409951886913e+00,-7.218101669009375776e+00,-4.056428451563154347e+00
9.649999999999965272e-01,5.201211153698498890e+01,1.068463527732950809e+02,-7.754172882845158377e+00,-7.218101669009375776e+00,-5.213815011279670841e+00
9.674999999999964739e-01,5.227937491017173244e+01,1.071070520871307963e+02,-7.789472205298382690e+00,-7.218101669009375776e+00,-6.373162935343565039e+00
9.699999999999964206e-01,5.254729111473495351e+01,1.073695809355539836e+02,-7.824463592538193346e+00,-7.218101669009375776e+00,-7.534416151129084582e+00
9.724999999999963674e-01,5.281586461921714459e+01,1.076337496641345837e+02,-7.859218513338146472e+00,-7.218101669009375776e+00,-8.697551179425536461e+00
9.749999999999963141e-01,5.308509941351748296e+01,1.078993613008551762e+02,-7.893853750065503938e+00,-7.218101669009375776e+00,-9.862573278482903660e+00
9.774999999999962608e-01,5.335499899136571855e+01,1.081662131272021128e+02,-7.928601130177542977e+00,-7.218101669009375776e+00,-1.102951152848023142e+01
9.799999999999962075e-01,5.362556632885074492e+01,1.084341698983827200e+02,-7.963599814818637768e+00,-7.218101669009375776e+00,-1.219842003550488307e+01
9.824999999999961542e-01,5.389680431060933330e+01,1.087036670471851778e+02,-7.999327417525510242e+00,-7.218101669009375776e+00,-1.336939140342762755e+01
9.849999999999961009e-01,5.416871693783811281e+01,1.089746838220837333e+02,-8.035607331410917098e+00,-7.218101669009375776e+00,-1.454257681306078176e+01
9.874999999999960476e-01,5.444130792001048036e+01,1.092470733387453095e+02,-8.072051873516764786e+00,-7.218101669009375776e+00,-1.571816799402534670e+01
9.899999999999959943e-01,5.471458061308850063e+01,1.095207059508126122e+02,-8.108615514158346471e+00,-7.218101669009375776e+00,-1.689636669579036266e+01
9.924999999999959410e-01,5.498853805397955341e+01,1.097954592638922975e+02,-8.145353587249807958e+00,-7.218101669009375776e+00,-1.807738073334288131e+01
9.949999999999958877e-01,5.526318297661838130e+01,1.100712161118774048e+02,-8.182333735590322732e+00,-7.218101669009375776e+00,-1.926142399314659315e+01
9.974999999999958344e-01,5.553851782498270495e+01,1.103478647882664205e+02,-8.219620263598724108e+00,-7.218101669009375776e+00,-2.044871562920184260e+01
9.999999999999957812e-01,5.581454477221860344e+01,1.106252548332111303e+02,-8.256547435110249467e+00,-7.218101669009375776e+00,-2.163947497756294069e+01
1.002499999999995728e+00,5.609126545355549354e+01,1.109028142755304600e+02,-8.292453502951939726e+00,-7.218101669009375776e+00,-2.283375328249825031e+01
1.004999999999995675e+00,5.636868001438694620e+01,1.111803337942086216e+02,-8.327392412731260407e+00,-7.218101669009375776e+00,-2.403153688824022183e+01
1.007499999999995621e+00,5.664678834719389044e+01,1.114578001690472604e+02,-8.361409179916467593e+00,-7.218101669009375776e+00,-2.523281868931708161e+01
1.009999999999995568e+00,5.692559031185489005e+01,1.117352009114667624e+02,-8.394548323534401391e+00,-7.218101669009375776e+00,-2.643759748203996196e+01
1.012499999999995515e+00,5.720508573740249147e+01,1.120125241406307310e+02,-8.426847828704323362e+00,-7.218101669009375776e+00,-2.764587764563588124e+01
1.014999999999995461e+00,5.748527442347638328e+01,1.122897584744768835e+02,-8.458341548431443258e+00,-7.218101669009375776e+00,-2.885766868579601052e+01
1.017499999999995408e+00,5.776615614151650391e+01,1.125668929386318666e+02,-8.489062012229355858e+00,-7.218101669009375776e+00,-3.007298486006457949e+01
1.020000000000000018e+00,5.804773063573254888e+01,1.128439168879329770e+02,-8.519036081083761758e+00,-7.218101669009375776e+00,-3.129184483749783396e+01
1.022499999999999964e+00,5.832999758657632583e+01,1.131202233900446572e+02,-8.548285060814922787e+00,-7.218101669009375776e+00,-3.251427106016812019e+01
1.024999999999999911e+00,5.861295455479683625e+01,1.133952059081994577e+02,-8.576828585451339748e+00,-7.218101669009375776e+00,-3.374028902484789683e+01
1.027499999999999858e+00,5.889659822490190777e+01,1.136688548186501038e+02,-8.604683877938905212e+00,-7.218101669009375776e+00,-3.496992719902176106e+01
1.029999999999999805e+00,5.918092525752344102e+01,1.139411608184909284e+02,-8.631866331632634726e+00,-7.218101669009375776e+00,-3.620321647995000802e+01
1.032499999999999751e+00,5.946593229022398930e+01,1.142121149454672349e+02,-8.658391843483505212e+00,-7.218101669009375776e+00,-3.744018992426929771e+01
1.034999999999999698e+00,5.975161593836529050e+01,1.144817086212360238e+02,-8.684274701320088496e+00,-7.218101669009375776e+00,-3.868088278253928536e+01
1.037499999999999645e+00,6.003797279610327564e+01,1.147499337203410761e+02,-8.709530182201950410e+00,-7.218101669009375776e+00,-3.992533213750125753e+01
1.039999999999999591e+00,6.032499943756509708e+01,1.150167826649139187e+02,-8.734173105635649748e+00,-7.218101669009375776e+00,-4.117357673391605744e+01
1.042499999999999538e+00,6.061269241827881160e+01,1.152822485387534073e+02,-8.758216949816031160e+00,-7.218101669009375776e+00,-4.242565670807604761e+01
1.044999999999999485e+00,6.090104872759613386e+01,1.155445811398889617e+02,-8.781664448317819449e+00,-7.218101669009375776e+00,-4.368161280773583854e+01
1.047499999999999432e+00,6.119005696908573810e+01,1.158001429024531035e+02,-8.804507473861093558e+00,-7.218101669009375776e+00,-4.494148466711725831e+01
1.049999999999999378e+00,6.147970021495196846e+01,1.160488323462490570e+02,-8.826835883326806353e+00,-7.218101669009375776e+00,-4.620530969643891694e+01
1.052499999999999325e+00,6.176996128494339189e+01,1.162906648330335031e+02,-8.848732351800059348e+00,-7.218101669009375776e+00,-4.747313600855937921e+01
1.054999999999999272e+00,6.206082305444923009e+01,1.165256613246073698e+02,-8.870178482596813296e+00,-7.218101669009375776e+00,-4.874501037768316536e+01
1.057499999999999218e+00,6.235226843859818757e+01,1.167538316048914311e+02,-8.891157600980639231e+00,-7.218101669009375776e+00,-5.002097162544060893e+01
1.059999999999999165e+00,6.264428037798737847e+01,1.169751872168268250e+02,-8.911654932578965571e+00,-7.218101669009375776e+00,-5.130104954006052509e+01
1.062499999999999112e+00,6.293684184305323015e+01,1.171897413974764675e+02,-8.931656709863460719e+00,-7.218101669009375776e+00,-5.258526531453338038e+01
1.064999999999999059e+00,6.322993584115616272e+01,1.173974837154997601e+02,-8.951147161513027584e+00,-7.218101669009375776e+00,-5.387363058735240884e+01
1.067499999999999005e+00,6.352354526578329796e+01,1.175982026344588007e+02,-8.970115061855750582e+00,-7.218101669009375776e+00,-5.516614684715097638e+01
1.069999999999998952e+00,6.381765247561695986e+01,1.177918602742944358e+02,-8.988546607391606713e+00,-7.218101669009375776e+00,-5.646280558980996034e+01
1.072499999999998899e+00,6.411223982834529522e+01,1.179784764073464487e+02,-9.006431861144053030e+00,-7.218101669009375776e+00,-5.776358714612191392e+01
1.074999999999998845e+00,6.440728973183274775e+01,1.181580720804850415e+02,-9.023757285679497642e+00,-7.218101669009375776e+00,-5.906846102436861656e+01
1.077499999999998792e+00,6.470278464724610501e+01,1.183306695080026714e+02,-9.040517327246485380e+00,-7.218101669009375776e+00,-6.037738533901387683e+01
1.079999999999998739e+00,6.499870709191762330e+01,1.184962919695787633e+02,-9.056701854474356495e+00,-7.218101669009375776e+00,-6.169030658522939348e+01
1.082499999999998685e+00,6.529503964194364585e+01,1.186549637004650322e+02,-9.072304883947536425e+00,-7.218101669009375776e+00,-6.300715957290022118e+01
1.084999999999998632e+00,6.559176493451386136e+01,1.188067097786049970e+02,-9.087320325928951448e+00,-7.218101669009375776e+00,-6.432786695755193307e+01
1.087499999999998579e+00,6.588886566995084593e+01,1.189515560008193518e+02,-9.101742399897430502e+00,-7.218101669009375776e+00,-6.565233942881198459e+01
1.089999999999998526e+00,6.618632461343571549e+01,1.190895287614434039e+02,-9.115565495760977299e+00,-7.218101669009375776e+00,-6.698047539092013380e+01
1.092499999999998472e+00,6.648412434037533103e+01,1.192211015931988101e+02,-9.128791543974760003e+00,-7.218101669009375776e+00,-6.831216123839971033e+01
1.094999999999998419e+00,6.678225029244546818e+01,1.193481123717733823e+02,-9.141429666378265040e+00,-7.218101669009375776e+00,-6.964727188481796816e+01
1.097499999999998366e+00,6.708069130472318875e+01,1.194707884768013884e+02,-9.153489781280859106e+00,-7.218101669009375776e+00,-7.098567145468506112e+01
1.099999999999998312e+00,6.737943655562898471e+01,1.195891566128177601e+02,-9.165180497388931258e+00,-7.218101669009375776e+00,-7.232721312126579960e+01
1.102499999999998259e+00,6.767847529709999321e+01,1.197033219071532386e+02,-9.176725208846086446e+00,-7.218101669009375776e+00,-7.367172194385965156e+01
1.104999999999998206e+00,6.797779711430220573e+01,1.198133637298514742e+02,-9.188151534845115265e+00,-7.218101669009375776e+00,-7.501900300209983641e+01
1.107499999999998153e+00,6.827739169151799103e+01,1.199192686493575621e+02,-9.199486686354147125e+00,-7.218101669009375776e+00,-7.636885000158073922e+01
1.110000000000000098e+00,6.857724867822106773e+01,1.200210211534738676e+02,-9.210752350387993559e+00,-7.218101669009375776e+00,-7.772104701317333308e+01
1.112500000000000044e+00,6.887735775352570045e+01,1.201197150632901156e+02,-9.221976290885402605e+00,-7.218101669009375776e+00,-7.907537092962542147e+01
1.114999999999999991e+00,6.917771245223541143e+01,1.202164420829049050e+02,-9.233182237504395928e+00,-7.218101669009375776e+00,-8.043159448997093364e+01
1.117499999999999938e+00,6.947830784555623040e+01,1.203111812433121770e+02,-9.244396694178480089e+00,-7.218101669009375776e+00,-8.178948908956482455e+01
1.119999999999999885e+00,6.977913895164525115e+01,1.204039105941475754e+02,-9.255639516753426221e+00,-7.218101669009375776e+00,-8.314882751308279296e+01
1.122499999999999831e+00,7.008020073331877597e+01,1.204946075016750058e+02,-9.266925136892741222e+00,-7.218101669009375776e+00,-8.450938670424704924e+01
1.124999999999999778e+00,7.038148809651997340e+01,1.205832489570900066e+02,-9.278269935144937364e+00,-7.218101669009375776e+00,-8.587095059831672472e+01
1.127499999999999725e+00,7.068299588955588320e+01,1.206698118945736127e+02,-9.289684305286225907e+00,-7.218101669009375776e+00,-8.723331289193417604e+01
1.129999999999999671e+00,7.098471890313594201e+01,1.207542735011146391e+02,-9.301177001017441270e+00,-7.218101669009375776e+00,-8.859627972537005292e+01
1.132499999999999618e+00,7.128665187117515245e+01,1.208366115151070375e+02,-9.312754059208325330e+00,-7.218101669009375776e+00,-8.995967211633099225e+01
1.134999999999999565e+00,7.158878947233843348e+01,1.209168045116752523e+02,-9.324417498655583003e+00,-7.218101669009375776e+00,-9.132332828550202919e+01
1.137499999999999512e+00,7.189112633228739924e+01,1.209948321702353411e+02,-9.336168181879566319e+00,-7.218101669009375776e+00,-9.268710550888522448e+01
1.139999999999999458e+00,7.219365702658737405e+01,1.210706755164483894e+02,-9.348009681840443008e+00,-7.218101669009375776e+00,-9.405088191848724932e+01
1.142499999999999405e+00,7.249637648538974588e+01,1.211436172867162071e+02,-9.359931735802387465e+00,-7.218101669009375776e+00,-9.541455782695456378e+01
1.144999999999999352e+00,7.279927521090657194e+01,1.212108046025866059e+02,-9.371918849191880341e+00,-7.218101669009375776e+00,-9.677805539514952216e+01
1.147499999999999298e+00,7.310233845639474737e+01,1.212719099910377594e+02,-9.383951641080237493e+00,-7.218101669009375776e+00,-9.814131874249419241e+01
1.149999999999999245e+00,7.340555101039871033e+01,1.213269226071324312e+02,-9.395861621434866251e+00,-7.218101669009375776e+00,-9.950431391767595812e+01
1.152499999999999192e+00,7.370889764301068681e+01,1.213762687338667376e+02,-9.407488025987294833e+00,-7.218101669009375776e+00,-1.008670179189854963e+02
1.154999999999999138e+00,7.401236671039769988e+01,1.214309943261515201e+02,-9.418873071865762725e+00,-7.218101669009375776e+00,-1.022294253303328730e+02
1.157499999999999085e+00,7.431597861820262096e+01,1.214963421024202290e+02,-9.430066496986260205e+00,-7.218101669009375776e+00,-1.035915555791584239e+02
1.159999999999999920e+00,7.461975992620743625e+01,1.215723197340986417e+02,-9.441108793348114148e+00,-7.218101669009375776e+00,-1.049534544771332065e+02
1.162499999999999867e+00,7.492373549530830701e+01,1.216314678193607079e+02,-9.451894105752895570e+00,-7.218101669009375776e+00,-1.063151823246424641e+02
1.164999999999999813e+00,7.522783048423741548e+01,1.216591580646415451e+02,-9.462350857972188223e+00,-7.218101669009375776e+00,-1.076768043293695030e+02
1.167499999999999760e+00,7.553199243618547598e+01,1.216821246657513882e+02,-9.472471602946994196e+00,-7.218101669009375776e+00,-1.090383922262334266e+02
1.169999999999999707e+00,7.583620954569542505e+01,1.217011150178033887e+02,-9.482256059003699278e+00,-7.218101669009375776e+00,-1.104000286913005624e+02
1.172499999999999654e+00,7.614047187681886442e+01,1.217161371447220546e+02,-9.491702433453081511e+00,-7.218101669009375776e+00,-1.117618073977988047e+02
1.174999999999999600e+00,7.644476947500439223e+01,1.217275326460624854e+02,-9.500809076867236413e+00,-7.218101669009375776e+00,-1.131238304458453428e+02
1.177499999999999547e+00,7.674909441127466891e+01,1.217383225806554634e+02,-9.509588780080814985e+00,-7.218101669009375776e+00,-1.144862074786972528e+02
1.179999999999999494e+00,7.705344640221636610e+01,1.217492560372086388e+02,-9.518052694435670702e+00,-7.218101669009375776e+00,-1.158490546697951658e+02
1.182499999999999440e+00,7.735782580970557376e+01,1.217603381647932252e+02,-9.526211692333953707e+00,-7.218101669009375776e+00,-1.172124930591933776e+02
1.184999999999999387e+00,7.766223300813454955e+01,1.217715734586954142e+02,-9.534076884462400869e+00,-7.218101669009375776e+00,-1.185766459139963018e+02
1.187499999999999334e+00,7.796666838274893507e+01,1.217829657306431130e+02,-9.541655202113107137e+00,-7.218101669009375776e+00,-1.199416371531993804e+02
1.189999999999999281e+00,7.827113232793054465e+01,1.217945180827900629e+02,-9.548957056854556313e+00,-7.218101669009375776e+00,-1.213075885801315081e+02
1.192499999999999227e+00,7.857562524540800553e+01,1.218062328815348678e+02,-9.555989164393633217e+00,-7.218101669009375776e+00,-1.226746188568912004e+02
1.194999999999999174e+00,7.888014754240101922e+01,1.218181117417470460e+02,-9.562759416943093171e+00,-7.218101669009375776e+00,-1.240428404603102308e+02
1.197499999999999121e+00,7.918469962973738063e+01,1.218301555138306895e+02,-9.569272627480140514e+00,-7.218101669009375776e+00,-1.254123587604570105e+02
1.199999999999999956e+00,7.948928191993722692e+01,1.218423642776030960e+02,-9.575652498054806117e+00,-7.218101669009375776e+00,-1.267832700068822191e+02
1.202499999999999902e+00,7.979389478566110938e+01,1.218541011826476677e+02,-9.582007774137888845e+00,-7.218101669009375776e+00,-1.281556836038513154e+02
1.204999999999999849e+00,8.009853636466456805e+01,1.218647275711897890e+02,-9.588322239892276500e+00,-7.218101669009375776e+00,-1.295297068485923830e+02
1.207499999999999796e+00,8.040320387897632770e+01,1.218742413354011518e+02,-9.594580464992951363e+00,-7.218101669009375776e+00,-1.309054326386336129e+02
1.209999999999999742e+00,8.070789454644751970e+01,1.218826422991360801e+02,-9.600766982977877007e+00,-7.218101669009375776e+00,-1.322829377182854387e+02
1.212499999999999689e+00,8.101260558558435321e+01,1.218899322196580073e+02,-9.606865465115296487e+00,-7.218101669009375776e+00,-1.336622806800438639e+02
1.214999999999999636e+00,8.131733422037514458e+01,1.218961147769294655e+02,-9.612858020872060649e+00,-7.218101669009375776e+00,-1.350435004928475848e+02
1.217499999999999583e+00,8.162207768508878303e+01,1.219011955417288959e+02,-9.618726631713192532e+00,-7.218101669009375776e+00,-1.364266147997343239e+02
1.219999999999999529e+00,8.192683322897873666e+01,1.219051819364982947e+02,-9.624451418559020865e+00,-7.218101669009375776e+00,-1.378116187136440658e+02
1.222499999999999476e+00,8.223159812088262299e+01,1.219080831721693272e+02,-9.630015214132374268e+00,-7.218101669009375776e+00,-1.391984841058098255e+02
1.224999999999999423e+00,8.253636965365501510e+01,1.219099101668091691e+02,-9.635397604317001097e+00,-7.218101669009375776e+00,-1.405871592792389606e+02
1.227499999999999369e+00,8.284114514838221055e+01,1.219106754562426289e+02,-9.640578586060211563e+00,-7.218101669009375776e+00,-1.419775684064740631e+02
1.229999999999999316e+00,8.314592195837576583e+01,1.219103930908921143e+02,-9.645537460099154359e+00,-7.218101669009375776e+00,-1.433696117222253861e+02
1.232499999999999263e+00,8.345069747288958695e+01,1.219090785000639698e+02,-9.650255511787715790e+00,-7.218101669009375776e+00,-1.447631664442231170e+02
1.234999999999999210e+00,8.375546912048457671e+01,1.219067483518428929e+02,-9.654711883950099605e+00,-7.218101669009375776e+00,-1.461580876463158063e+02
1.237499999999999156e+00,8.406023437205054449e+01,1.219034204120103624e+02,-9.658886966403693819e+00,-7.218101669009375776e+00,-1.475542095584762023e+02
1.239999999999999103e+00,8.436499074346357929e+01,1.218991133786262111e+02,-9.662759457611494796e+00,-7.218101669009375776e+00,-1.489513473022463472e+02
1.242499999999999050e+00,8.466973579781847548e+01,1.218938467103721450e+02,-9.666310535343882293e+00,-7.218101669009375776e+00,-1.503492990125800475e+02
1.244999999999998996e+00,8.497446714722747174e+01,1.218876404421620094e+02,-9.669519583754354386e+00,-7.218101669009375776e+00,-1.517478483551051625e+02
1.247499999999998943e+00,8.527918245416240950e+01,1.218805149930852139e+02,-9.672366592149534981e+00,-7.218101669009375776e+00,-1.531467672846414416e+02
1.249999999999998890e+00,8.558387943229266170e+01,1.218724909716365090e+02,-9.674298554678026463e+00,-7.218101669009375776e+00,-1.545458158971802618e+02
1.252499999999998836e+00,8.588855590299738196e+01,1.218643791763893915e+02,-9.674963989033530609e+00,-7.218101669009375776e+00,-1.559446301440054583e+02
1.254999999999999893e+00,8.619321247955093668e+01,1.218568926948308189e+02,-9.674628939899656999e+00,-7.218101669009375776e+00,-1.573428395330093679e+02
1.257499999999999840e+00,8.649785064450054506e+01,1.218498056556014291e+02,-9.673546385946634629e+00,-7.218101669009375776e+00,-1.587401339749823705e+02
1.259999999999999787e+00,8.680247121961079415e+01,1.218428655287832356e+02,-9.671958062944236545e+00,-7.218101669009375776e+00,-1.601362655472769916e+02
1.262499999999999734e+00,8.710707446644990171e+01,1.218358749691688416e+02,-9.670097933917299216e+00,-7.218101669009375776e+00,-1.615310498682089531e+02
1.264999999999999680e+00,8.741166014002136819e+01,1.218286142153105658e+02,-9.668190686499903208e+00,-7.218101669009375776e+00,-1.629243678224199527e+02
1.267499999999999627e+00,8.771622743392333632e+01,1.218208433718582882e+02,-9.666438668646410548e+00,-7.218101669009375776e+00,-1.643161641306995193e+02
1.269999999999999574e+00,8.802077493138078523e+01,1.218123055404851840e+02,-9.665048627790731928e+00,-7.218101669009375776e+00,-1.657064428512898075e+02
1.272499999999999520e+00,8.832530056498990234e+01,1.218027323985050572e+02,-9.664242477344949123e+00,-7.218101669009375776e+00,-1.670952682988887830e+02
1.274999999999999467e+00,8.862980159253217494e+01,1.217918536547966397e+02,-9.664219019334360894e+00,-7.218101669009375776e+00,-1.684827685428278130e+02
1.277499999999999414e+00,8.893427459870312646e+01,1.217794090089563070e+02,-9.665135539123649977e+00,-7.218101669009375776e+00,-1.698691301372672910e+02
1.279999999999999361e+00,8.923871552690272324e+01,1.217651586071336851e+02,-9.667120818606976584e+00,-7.218101669009375776e+00,-1.712545866991585513e+02
1.282499999999999307e+00,8.954311973505571132e+01,1.217488896450051215e+02,-9.670287758224255015e+00,-7.218101669009375776e+00,-1.726394084095001062e+02
1.284999999999999254e+00,8.984748206574650453e+01,1.217304197913877175e+02,-9.674746890721909409e+00,-7.218101669009375776e+00,-1.740238939305093879e+02
1.287499999999999201e+00,9.015179692363923891e+01,1.217095988791418364e+02,-9.680598685842301876e+00,-7.218101669009375776e+00,-1.754083645884044529e+02
1.289999999999999147e+00,9.045605835649676862e+01,1.216863097479049003e+02,-9.687942791650192120e+00,-7.218101669009375776e+00,-1.767931585317487304e+02
1.292499999999999094e+00,9.076026013798964698e+01,1.216604686121728776e+02,-9.696872382245382838e+00,-7.218101669009375776e+00,-1.781786263486259543e+02
1.294999999999999041e+00,9.106439585122480196e+01,1.216320251077821979e+02,-9.707473000495673077e+00,-7.218101669009375776e+00,-1.795651262925412368e+02
1.297499999999998987e+00,9.136845897222958968e+01,1.216009620872846853e+02,-9.719823594755087726e+00,-7.218101669009375776e+00,1.790469804088321268e+02
1.299999999999998934e+00,9.167244295279508037e+01,1.215672951604825585e+02,-9.732418747035051609e+00,-7.218101669009375776e+00,1.776573387894708844e+02
1.302499999999998881e+00,9.197634135263115240e+01,1.215318800175416527e+02,-9.743751656534225702e+00,-7.218101669009375776e+00,1.762659106717383679e+02
1.304999999999998828e+00,9.228015070342702586e+01,1.214955995532455546e+02,-9.753887887061832629e+00,-7.218101669009375776e+00,1.748727923810752998e+02
1.307499999999998774e+00,9.258386888642337453e+01,1.214585289541371225e+02,-9.762886031436696754e+00,-8.675774669352907864e+00,1.734780840491633285e+02
1.309999999999998721e+00,9.288749396609541975e+01,1.214207348990206583e+02,-9.876613003171041072e+00,-8.675774669352907864e+00,1.720784702392007830e+02
1.312499999999998668e+00,9.319102416872445360e+01,1.213822398759277377e+02,-9.983254725020811904e+00,-8.675774669352907864e+00,1.706624898898057836e+02
1.314999999999998614e+00,9.349445749187086108e+01,1.213418108554547956e+02,-1.008321568090227061e+01,-8.675774669352907864e+00,1.692311021828780895e+02
1.317499999999998561e+00,9.379778830884868057e+01,1.212988741073758803e+02,-1.017687036546346313e+01,-8.675774669352907864e+00,1.677852170587576381e+02
1.319999999999998508e+00,9.410101037118231204e+01,1.212534625519475355e+02,-1.026456777834169110e+01,-8.675774669352907864e+00,1.663256989835922468e+02
1.322499999999998455e+00,9.440411750763092869e+01,1.212056001819451723e+02,-1.034663800491932939e+01,-8.675774669352907864e+00,1.648533694856494662e+02
1.324999999999998401e+00,9.470710360193524480e+01,1.211553022079074395e+02,-1.042338547195216947e+01,-8.675774669352907864e+00,1.633690098105360562e+02
1.327499999999998348e+00,9.500996257096160491e+01,1.211025752751458953e+02,-1.049510041729233656e+01,-8.675774669352907864e+00,1.618733627884654140e+02
1.329999999999998295e+00,9.531268834343389074e+01,1.210474177563492049e+02,-1.056205920532221576e+01,-8.675774669352907864e+00,1.603671349829944006e+02
1.332499999999998241e+00,9.561527483944117023e+01,1.209898201319004585e+02,-1.062451916583130362e+01,-8.675774669352907864e+00,1.588509977103833819e+02
1.334999999999999964e+00,9.591771595095418945e+01,1.209297654668606583e+02,-1.068272789825015856e+01,-8.675774669352907864e+00,1.573255891520215073e+02
1.337499999999999911e+00,9.622000561664962959e+01,1.208687172108226804e+02,-1.073692988847555796e+01,-8.675774669352907864e+00,1.557915146870864476e+02
1.339999999999999858e+00,9.652214293193496530e+01,1.208081317866185600e+02,-1.078736296585518772e+01,-8.675774669352907864e+00,1.542493472711732636e+02
1.342499999999999805e+00,9.682412903452399178e+01,1.207479727863434675e+02,-1.083425395684805892e+01,-8.675774669352907864e+00,1.526996279984337264e+02
1.344999999999999751e+00,9.712596496843102045e+01,1.206881994696791622e+02,-1.087781684676451732e+01,-8.675774669352907864e+00,1.511428672965021747e+02
1.347499999999999698e+00,9.742765167366088974e+01,1.206287677349394158e+02,-1.091825842115150458e+01,-8.675774669352907864e+00,1.495795465080776694e+02
1.349999999999999645e+00,9.772918997838586108e+01,1.205696311788175876e+02,-1.095626773682503519e+01,-8.675774669352907864e+00,1.480101169693830059e+02
1.352499999999999591e+00,9.803058059338958685e+01,1.205107933286158755e+02,-1.099250037999336271e+01,-8.675774669352907864e+00,1.464349313028044719e+02
1.354999999999999538e+00,9.833182430595495305e+01,1.204523059826498326e+02,-1.102708748939661731e+01,-8.675774669352907864e+00,1.448542957119002779e+02
1.357499999999999485e+00,9.863292200588688274e+01,1.203941914530453658e+02,-1.106015316977132201e+01,-8.675774669352907864e+00,1.432685037827744452e+02
1.359999999999999432e+00,9.893387463671982118e+01,1.203364683885961597e+02,-1.109180424008266641e+01,-8.675774669352907864e+00,1.416778365727516871e+02
1.362499999999999378e+00,9.923468318651821107e+01,1.202791517299502146e+02,-1.112214081126042409e+01,-8.675774669352907864e+00,1.400825640432494481e+02
1.364999999999999325e+00,9.953534867859617918e+01,1.202222527182255902e+02,-1.115124923295538828e+01,-8.675774669352907864e+00,1.384829447314785398e+02
1.367499999999999272e+00,9.983587216228657724e+01,1.201657789540956998e+02,-1.117921166001440980e+01,-8.675774669352907864e+00,1.368792256307470439e+02
1.369999999999999218e+00,1.001362547038973645e+02,1.201097345178656752e+02,-1.120610122025215105e+01,-8.675774669352907864e+00,1.352716418284820747e+02
1.372499999999999165e+00,1.004364973779914436e+02,1.200541201428836899e+02,-1.123198438457178128e+01,-8.675774669352907864e+00,1.336604157593798448e+02
1.374999999999999112e+00,1.007366012591349715e+02,1.199989334365718605e+02,-1.125692423826382971e+01,-8.675774669352907864e+00,1.320457567993137502e+02
1.377499999999999059e+00,1.010365674142197179e+02,1.199441691383549653e+02,-1.128097730715479940e+01,-8.675774669352907864e+00,1.304278601419905215e+02
1.379999999999999005e+00,1.013363968954486296e+02,1.198898194058370308e+02,-1.130419417909957502e+01,-8.675774669352907864e+00,1.288069061980467325e+02
1.382499999999998952e+00,1.016360907340494748e+02,1.198358741151176332e+02,-1.132662037270860367e+01,-8.675774669352907864e+00,1.271830598186285499e+02
1.384999999999998899e+00,1.019356499347430400e+02,1.197823211620041093e+02,-1.134829712730270934e+01,-8.675774669352907864e+00,1.255564699011197263e+02
1.387499999999998845e+00,1.022350754709620588e+02,1.197291467504252154e+02,-1.136925692638354590e+01,-8.675774669352907864e+00,1.239272685079466356e+02
1.389999999999998792e+00,1.025343682807748991e+02,1.196763356596725174e+02,-1.138952538927923186e+01,-8.675774669352907864e+00,1.222955709079566446e+02
1.392499999999998739e+00,1.028335292634698988e+02,1.196238714821084415e+02,-1.140912106083917621e+01,-8.675774669352907864e+00,1.206614751680391890e+02
1.394999999999998685e+00,1.031325592767109782e+02,1.195717368279059087e+02,-1.142805611342505046e+01,-8.675774669352907864e+00,1.190250619735237336e+02
1.397499999999998632e+00,1.034314591341863547e+02,1.195199134999979407e+02,-1.144633474610926349e+01,-8.675774669352907864e+00,1.173863946939529797e+02
1.399999999999998579e+00,1.037302296036839806e+02,1.194683826461528753e+02,-1.146360788892405935e+01,-8.675774669352907864e+00,1.157455209981537507e+02
1.402499999999998526e+00,1.040288714094457845e+02,1.194171784602126536e+02,-1.147955424679345882e+01,-8.675774669352907864e+00,1.141025367225437037e+02
1.404999999999998472e+00,1.043273854122222843e+02,1.193663262459674286e+02,-1.149421375048787652e+01,-8.675774669352907864e+00,1.124575479911087257e+02
1.407499999999998419e+00,1.046257724732424919e+02,1.193157921317758650e+02,-1.150762229699210337e+01,-8.675774669352907864e+00,1.108106446229764970e+02
1.409999999999998366e+00,1.049240333680346282e+02,1.192655405456677897e+02,-1.151981178063624434e+01,-8.675774669352907864e+00,1.091619021860953325e+02
1.412499999999998312e+00,1.052221687823046921e+02,1.192155344414028235e+02,-1.153081064868031902e+01,-8.675774669352907864e+00,1.075113837741979950e+02
1.414999999999998259e+00,1.055201793083781325e+02,1.191657355184530331e+02,-1.154064444803308298e+01,-8.675774669352907864e+00,1.058591422697065951e+02
1.417499999999998206e+00,1.058180654421862528e+02,1.191161044323052067e+02,-1.154933670849447047e+01,-8.675774669352907864e+00,1.042052226906462664e+02
1.419999999999998153e+00,1.061158275807698033e+02,1.190666009934150225e+02,-1.155690805378419306e+01,-8.675774669352907864e+00,1.025496643232202558e+02
1.422499999999998099e+00,1.064134660202773404e+02,1.190171843568031846e+02,-1.156338067114903900e+01,-8.675774669352907864e+00,1.008925034659001909e+02
1.424999999999998046e+00,1.067109809544326708e+02,1.189678132042575527e+02,-1.156877513578741379e+01,-8.675774669352907864e+00,9.923377556536489408e+01
1.427499999999997993e+00,1.070083724734497395e+02,1.189184459174356334e+02,-1.157311240615210757e+01,-8.675774669352907864e+00,9.757351758318620227e+01
1.429999999999997939e+00,1.073056405633814023e+02,1.188690407493949834e+02,-1.157641545276109696e+01,-8.675774669352907864e+00,9.591177058922100684e+01
1.432499999999997886e+00,1.076027851058933322e+02,1.188195559988298839e+02,-1.157870623818660860e+01,-8.675774669352907864e+00,9.424858167376190465e+01
1.434999999999997833e+00,1.078998058784818710e+02,1.187699501902021098e+02,-1.157999666728187371e+01,-8.675774669352907864e+00,9.258400627660935811e+01
1.437499999999997780e+00,1.081967025551382449e+02,1.187201822654007231e+02,-1.158029914490064805e+01,-8.675774669352907864e+00,9.091811052559553730e+01
1.439999999999997726e+00,1.084934747075091934e+02,1.186702118019072429e+02,-1.157962678022856018e+01,-8.675774669352907864e+00,8.925097354598520383e+01
1.442499999999997673e+00,1.087901218066200784e+02,1.186199992468931299e+02,-1.157799129609744959e+01,-8.675774669352907864e+00,8.758268872142770078e+01
1.444999999999997620e+00,1.090866432251810494e+02,1.185695061614367063e+02,-1.157540606117600035e+01,-8.675774669352907864e+00,8.591336539480025181e+01
1.447499999999997566e+00,1.093830382405176920e+02,1.185186954729231275e+02,-1.157188643253597071e+01,-8.675774669352907864e+00,8.424313028578063722e+01
1.449999999999997513e+00,1.096793060381273364e+02,1.184675317337289187e+02,-1.156737627816053227e+01,-8.675774669352907864e+00,8.257212847309607184e+01
1.452499999999997460e+00,1.099754457157465311e+02,1.184159744471683950e+02,-1.156184294955744996e+01,-8.675774669352907864e+00,8.090054682167074418e+01
1.454999999999997407e+00,1.102714562627112400e+02,1.183639812706279315e+02,-1.155533660105671956e+01,-8.675774669352907864e+00,7.922859812421808101e+01
1.457499999999997353e+00,1.105673365688349605e+02,1.183115170790560455e+02,-1.154790832210120399e+01,-8.675774669352907864e+00,7.755651000924301286e+01
1.459999999999997300e+00,1.108630854374593042e+02,1.182585492396165847e+02,-1.153961368365822082e+01,-8.675774669352907864e+00,7.588452372734941775e+01
1.462499999999997247e+00,1.111587015918460963e+02,1.182050478956497273e+02,-1.153050557169858692e+01,-8.675774669352907864e+00,7.421289193091317316e+01
1.464999999999997193e+00,1.114541836822759251e+02,1.181509862337506291e+02,-1.152064028821064667e+01,-8.675774669352907864e+00,7.254187684373191303e+01
1.467499999999997140e+00,1.117495302937993102e+02,1.180963407288387259e+02,-1.151007530253797739e+01,-8.675774669352907864e+00,7.087174740468391576e+01
1.469999999999997087e+00,1.120447399545872713e+02,1.180410913638259842e+02,-1.149886635751038533e+01,-8.675774669352907864e+00,6.920277589678823915e+01
1.472499999999997033e+00,1.123398111448199472e+02,1.179852218091367604e+02,-1.148706819054161521e+01,-8.675774669352907864e+00,6.753523543488013559e+01
1.474999999999996980e+00,1.126347423059842896e+02,1.179287195648815185e+02,-1.147473335743852729e+01,-8.675774669352907864e+00,6.586939639657281020e+01
1.477499999999996927e+00,1.129295318505292016e+02,1.178715760700851547e+02,-1.146191213957718880e+01,-8.675774669352907864e+00,6.420552325398786309e+01
1.479999999999996874e+00,1.132241781717492444e+02,1.178137867651486914e+02,-1.144865074727604437e+01,-8.675774669352907864e+00,6.254387121440099406e+01
1.482499999999996820e+00,1.135186796538214509e+02,1.177553511177283383e+02,-1.143500038959616028e+01,-8.675774669352907864e+00,6.088468313317194713e+01
1.484999999999996767e+00,1.138130346818634138e+02,1.176962726066058025e+02,-1.142100055889760668e+01,-8.675774669352907864e+00,5.922818620386485833e+01
1.487499999999996714e+00,1.141072416519493231e+02,1.176365586673291119e+02,-1.140669406611390713e+01,-8.675774669352907864e+00,5.757458942693802584e+01
1.489999999999996660e+00,1.144012989809591261e+02,1.175762206109560424e+02,-1.139212036074655998e+01,-8.675774669352907864e+00,5.592408079595398362e+01
1.492499999999996607e+00,1.146952051162011514e+02,1.175152735034211986e+02,-1.137731631507989682e+01,-8.675774669352907864e+00,5.427682469269188203e+01
1.494999999999996554e+00,1.149889585447340323e+02,1.174537360181811039e+02,-1.136231413833602666e+01,-8.675774669352907864e+00,5.263295981237689602e+01
1.497499999999996501e+00,1.152825578022799675e+02,1.173916302567208731e+02,-1.134714789838586135e+01,-8.675774669352907864e+00,5.099259779611227117e+01
1.499999999999996447e+00,1.155760014816968919e+02,1.173289815449178377e+02,-3.133185193218858444e+01,-8.675774669352907864e+00,4.935582157584683216e+01
1.502499999999996394e+00,1.158692882405346012e+02,1.172658113900672419e+02,-3.030965072311581210e+01,-8.675774669352907864e+00,4.489073644833741383e+01
1.504999999999996341e+00,1.161624167549614555e+02,1.172017101423405023e+02,-2.934096570605235144e+01,-8.675774669352907864e+00,4.057263027401729261e+01
1.507499999999996287e+00,1.164553842598285769e+02,1.171363099374945165e+02,-2.842287528143757669e+01,-8.675774669352907864e+00,3.639364470794385653e+01
1.509999999999996234e+00,1.167481875582562907e+02,1.170697056902511264e+02,-2.755261460716770472e+01,-8.675774669352907864e+00,3.234633610179209029e+01
1.512499999999996181e+00,1.170408236977519323e+02,1.170020037979569594e+02,-2.672758153537378689e+01,-8.675774669352907864e+00,2.842366182305462985e+01
1.514999999999996128e+00,1.173332899975170847e+02,1.169333197581662915e+02,-2.594531760405106624e+01,-8.675774669352907864e+00,2.461896238135269144e+01
1.517499999999996074e+00,1.176255840699212882e+02,1.168637759570911498e+02,-2.520350299899851976e+01,-8.675774669352907864e+00,2.092594573442070427e+01
1.519999999999996021e+00,1.179177038365048134e+02,1.167934996152995666e+02,-2.449994872062146456e+01,-8.675774669352907864e+00,1.733866919162883846e+01
1.522499999999995968e+00,1.182096475389765686e+02,1.167226209194874400e+02,-2.383259249400664004e+01,-8.675774669352907864e+00,1.385152405935385111e+01
1.524999999999995914e+00,1.185014137456286818e+02,1.166512713200035165e+02,-2.319948645509962404e+01,-8.675774669352907864e+00,1.045921746884303971e+01
1.527499999999995861e+00,1.187930013535850691e+02,1.165795819979035173e+02,-2.259879536741255279e+01,-8.675774669352907864e+00,7.156756371114401993e+00
1.529999999999995808e+00,1.190844095873107165e+02,1.165076824893232299e+02,-2.202878910505934229e+01,-8.675774669352907864e+00,3.939431685252140269e+00
1.532499999999995755e+00,1.193756379937784828e+02,1.164356994524235489e+02,-2.148783675778507529e+01,-8.675774669352907864e+00,8.028016622314274597e-01
1.534999999999995701e+00,1.196666864346181285e+02,1.163637555786846178e+02,-2.097439835558460786e+01,-8.675774669352907864e+00,-2.257321817769369243e+00
1.537499999999995648e+00,1.199575550756295002e+02,1.162919686270231381e+02,-2.048702026806343923e+01,-8.675774669352907864e+00,-5.244888754480259152e+00
1.539999999999995595e+00,1.202482443739449280e+02,1.162204505814793691e+02,-2.002433096026178561e+01,-8.675774669352907864e+00,-8.163623731820747409e+00
1.542499999999995541e+00,1.205387550631481730e+02,1.161493069085812522e+02,-1.958503864336205780e+01,-8.675774669352907864e+00,-1.101703913674949931e+01
1.544999999999995488e+00,1.208290881366034881e+02,1.160786359300626174e+02,-1.916792248682776290e+01,-8.675774669352907864e+00,-1.380844801637481822e+01
1.547499999999995435e+00,1.211192448292608077e+02,1.160085282921942422e+02,-1.877183352589736032e+01,-8.675774669352907864e+00,-1.654097525669029878e+01
1.549999999999995381e+00,1.214092265982048957e+02,1.159390665150552024e+02,-1.839539832687226806e+01,-8.675774669352907864e+00,-1.921756849980031490e+01
1.552499999999995328e+00,1.216990350862909054e+02,1.158700203786570597e+02,-1.803736432553522562e+01,-8.675774669352907864e+00,-2.184095312852456416e+01
1.554999999999995275e+00,1.219886710353835610e+02,1.158011105381283983e+02,-1.769685328349290288e+01,-8.675774669352907864e+00,-2.441368819471628626e+01
1.557499999999995222e+00,1.222781347881049214e+02,1.157323422828491175e+02,-1.737304104087547429e+01,-8.675774669352907864e+00,-2.693820135141503513e+01
1.559999999999995168e+00,1.225674267027504669e+02,1.156637252237479316e+02,-1.706515525900223906e+01,-8.675774669352907864e+00,-2.941679814845500474e+01
1.562499999999995115e+00,1.228565471640731204e+02,1.155952732178191127e+02,-1.677246326276253185e+01,-8.675774669352907864e+00,-3.185167012327575264e+01
1.564999999999995062e+00,1.231454965938294777e+02,1.155270042125020069e+02,-1.649427807452959627e+01,-8.675774669352907864e+00,-3.424490103830969900e+01
1.567499999999995008e+00,1.234342754608927066e+02,1.154589400271700015e+02,-1.622995333454682765e+01,-8.675774669352907864e+00,-3.659847396070050962e+01
1.569999999999994955e+00,1.237228842907891817e+02,1.153911060750451441e+02,-1.597887846434933756e+01,-8.675774669352907864e+00,-3.891427763089453151e+01
1.572499999999994902e+00,1.240113236745225151e+02,1.153235310441771446e+02,-1.574047296685404618e+01,-8.675774669352907864e+00,-4.119411121120653263e+01
1.574999999999994849e+00,1.242995942765542168e+02,1.152562465269156178e+02,-1.551419270248662663e+01,-8.675774669352907864e+00,-4.343968943323800858e+01
1.577499999999994795e+00,1.245876968418511268e+02,1.151892866211464792e+02,-1.529951788277356783e+01,-8.675774669352907864e+00,-4.565264777940867447e+01
1.579999999999994742e+00,1.248756322019084877e+02,1.151226875002520984e+02,-1.509595994075698222e+01,-8.675774669352907864e+00,-4.783454556477079933e+01
1.582499999999994689e+00,1.251634012796947673e+02,1.150564869643352921e+02,-1.490305044927657363e+01,-8.675774669352907864e+00,-4.998687102170980978e+01
1.584999999999994635e+00,1.254510050934567147e+02,1.149907239721087535e+02,-1.472034524039585612e+01,-8.675774669352907864e+00,-5.211104388489039962e+01
1.587499999999994582e+00,1.257384447593459385e+02,1.149254381590657914e+02,-1.454741923790924396e+01,-8.675774669352907864e+00,-5.420841890191227463e+01
1.589999999999994529e+00,1.260257214928399918e+02,1.148606693548630204e+02,-1.438386910654776507e+01,-8.675774669352907864e+00,-5.628028861424724738e+01
1.592499999999994476e+00,1.263128366089506329e+02,1.147964570963069946e+02,-1.422930635382244624e+01,-8.675774669352907864e+00,-5.832788668460233339e+01
1.594999999999994422e+00,1.265997915212179521e+02,1.147328401308108141e+02,-1.408335948354038436e+01,-8.675774669352907864e+00,-6.035238972969842308e+01
1.597499999999994369e+00,1.268865877394542423e+02,1.146698559416935694e+02,-1.394567051436035143e+01,-8.675774669352907864e+00,-6.235492005039139940e+01
1.599999999999994316e+00,1.271732268663209737e+02,1.146075402804522128e+02,-1.381536416366243003e+01,-8.675774669352907864e+00,-6.433654588659082663e+01
1.602499999999994262e+00,1.274597106338630113e+02,1.145464776916392537e+02,-1.369154197373605619e+01,-8.675774669352907864e+00,-6.629819628360559136e+01
1.604999999999994209e+00,1.277460427595985664e+02,1.144871582824505367e+02,-1.357384013767382669e+01,-8.675774669352907864e+00,-6.824071293236008273e+01
1.607499999999994156e+00,1.280322275367822442e+02,1.144294577710852820e+02,-1.346191796928975926e+01,-8.675774669352907864e+00,-7.016489151020748238e+01
1.609999999999994102e+00,1.283182689353322985e+02,1.143732303265961150e+02,-1.335545997503758109e+01,-8.675774669352907864e+00,-7.207148665636931639e+01
1.612499999999994049e+00,1.286041705489851665e+02,1.143183103927588888e+02,-1.325417764347469785e+01,-8.675774669352907864e+00,-7.396121711901818685e+01
1.614999999999993996e+00,1.288899355470047396e+02,1.142645144786519893e+02,-1.315780946398483309e+01,-8.675774669352907864e+00,-7.583477119986321213e+01
1.617499999999993943e+00,1.291755666303351973e+02,1.142116428218871391e+02,-1.306611820495447951e+01,-8.675774669352907864e+00,-7.769281242994186698e+01
1.619999999999993889e+00,1.294610659917928501e+02,1.141594807977399881e+02,-1.297888626021178737e+01,-8.675774669352907864e+00,-7.953598565993449654e+01
1.622499999999993836e+00,1.297464352796057767e+02,1.141077999175000599e+02,-1.289589030830608429e+01,-8.675774669352907864e+00,-8.136492295936785979e+01
1.624999999999993783e+00,1.300316755631536694e+02,1.140563582552835555e+02,-1.281687050280306472e+01,-8.675774669352907864e+00,-8.318024741158644986e+01
1.627499999999993729e+00,1.303167872994111463e+02,1.140049002586644775e+02,-1.274155467892078875e+01,-8.675774669352907864e+00,-8.498257105662528943e+01
1.629999999999993676e+00,1.306017702986130189e+02,1.139531563016485762e+02,-1.266980697475001882e+01,-8.675774669352907864e+00,-8.677249909339285239e+01
1.632499999999993623e+00,1.308866236888608796e+02,1.139008431495601457e+02,-1.260148355662149200e+01,-8.675774669352907864e+00,-8.855064918511283167e+01
1.634999999999993570e+00,1.311713458829325987e+02,1.138476669775120058e+02,-1.253636891833560796e+01,-8.675774669352907864e+00,-9.031765444077886684e+01
1.637499999999993516e+00,1.314559345546448981e+02,1.137933292386920812e+02,-1.247420988373983519e+01,-8.675774669352907864e+00,-9.207415527800792177e+01
1.639999999999993463e+00,1.317403866310786213e+02,1.137375339210477989e+02,-1.241476783148969432e+01,-8.675774669352907864e+00,-9.382078948830995557e+01
1.642499999999993410e+00,1.320246983031131833e+02,1.136799944768399513e+02,-1.235784815438304562e+01,-8.675774669352907864e+00,-9.555818650421224447e+01
1.644999999999993356e+00,1.323088650526363779e+02,1.136204394711014913e+02,-1.230329651891084985e+01,-8.675774669352907864e+00,-9.728696617623363352e+01
1.647499999999993303e+00,1.325928816930512539e+02,1.135586168551670312e+02,-1.225098637418129321e+01,-8.675774669352907864e+00,-9.900773938451762035e+01
1.649999999999993250e+00,1.328767424197504852e+02,1.134942971232719060e+02,-1.220097508408798959e+01,-8.675774669352907864e+00,-1.007211076497995350e+02
1.652499999999993197e+00,1.331604408873070611e+02,1.134276824857422099e+02,-1.215329874298286938e+01,-8.675774669352907864e+00,-1.024276532665629418e+02
1.654999999999993143e+00,1.334439717073239535e+02,1.133590810301990359e+02,-1.210783056166489580e+01,-8.675774669352907864e+00,-1.041279385333140226e+02
1.657499999999993090e+00,1.337273298861638295e+02,1.132884520684186498e+02,-1.206445247789295117e+01,-8.675774669352907864e+00,-1.058225071516009450e+02
1.659999999999993037e+00,1.340105103367838240e+02,1.132157696147931176e+02,-1.202305266357859104e+01,-8.675774669352907864e+00,-1.075118844140304191e+02
1.662499999999992983e+00,1.342935079154645734e+02,1.131410223060289439e+02,-1.198352782591675414e+01,-8.675774669352907864e+00,-1.091965760511387629e+02
1.664999999999992930e+00,1.345763174583029524e+02,1.130642132174968282e+02,-1.194577932632081030e+01,-8.675774669352907864e+00,-1.108770674018164470e+02
1.667499999999992877e+00,1.348589338171594534e+02,1.129853595754535576e+02,-1.190971246390013683e+01,-8.675774669352907864e+00,-1.125538222512623321e+02
1.669999999999992824e+00,1.351413518948361343e+02,1.129044923700212308e+02,-1.187524136677183506e+01,-8.675774669352907864e+00,-1.142272823763351397e+02
1.672499999999992770e+00,1.354235666792448001e+02,1.128216558897195085e+02,-1.184228724273483202e+01,-8.675774669352907864e+00,-1.158978661648287414e+02
1.674999999999992717e+00,1.357055732763585638e+02,1.127369071705110031e+02,-1.181077222799237703e+01,-8.675774669352907864e+00,-1.175659687692982658e+02
1.677499999999992664e+00,1.359873669417503379e+02,1.126503153895449287e+02,-1.178062237663597855e+01,-8.675774669352907864e+00,-1.192319600683845948e+02
1.679999999999992610e+00,1.362689431105827964e+02,1.125619611923916921e+02,-1.175177296379914260e+01,-8.675774669352907864e+00,-1.208961847145387196e+02
1.682499999999992557e+00,1.365502974258750157e+02,1.124719359716002032e+02,-1.172416104491858313e+01,-8.675774669352907864e+00,-1.225589613945969205e+02
1.684999999999992504e+00,1.368314257649652745e+02,1.123803411156648338e+02,-1.169772773909590313e+01,-8.675774669352907864e+00,-1.242205821260243113e+02
1.687499999999992450e+00,1.371123242640465776e+02,1.122872872042400729e+02,-1.167241921592090925e+01,-8.675774669352907864e+00,-1.258813117193151356e+02
1.689999999999992397e+00,1.373929893406935321e+02,1.121928931956180833e+02,-1.164818632905434725e+01,-8.675774669352907864e+00,-1.275413875942651600e+02
1.692499999999992344e+00,1.376734177143270870e+02,1.120972855625067126e+02,-1.162498184112343580e+01,-8.675774669352907864e+00,-1.292010197136389991e+02
1.694999999999992291e+00,1.379536064245433238e+02,1.120005972528836651e+02,-1.160276144151356270e+01,-8.675774669352907864e+00,-1.308603899180145902e+02
1.697499999999992237e+00,1.382335528469704116e+02,1.119029662403131340e+02,-1.158148720591000647e+01,-8.675774669352907864e+00,-1.325196525769583786e+02
1.699999999999992184e+00,1.385132547037035238e+02,1.118045343035121704e+02,-1.156112477052231569e+01,-8.675774669352907864e+00,-1.341789339461585655e+02
1.702499999999992131e+00,1.387927100717088535e+02,1.117054100536655454e+02,-1.154164189800768625e+01,-8.675774669352907864e+00,-1.358383357266926339e+02
1.704999999999992077e+00,1.390719172637781469e+02,1.116057060546442443e+02,-1.152301181434912003e+01,-8.675774669352907864e+00,-1.374979333637179479e+02
1.707499999999992024e+00,1.393508749166366556e+02,1.115055763055970175e+02,-1.150520656874821235e+01,-8.675774669352907864e+00,-1.391577758998118952e+02
1.709999999999991971e+00,1.396295820537992540e+02,1.114051775511105973e+02,-1.148819943512584096e+01,-8.675774669352907864e+00,-1.408178841374213164e+02
1.712499999999991918e+00,1.399080380918915125e+02,1.113046682545965922e+02,-1.147196371174504215e+01,-8.675774669352907864e+00,-1.424782508283848870e+02
1.714999999999991864e+00,1.401862428443293425e+02,1.112042074709767121e+02,-1.145647144363318581e+01,-8.675774669352907864e+00,-1.441388401857451527e+02
1.717499999999991811e+00,1.404641965221338751e+02,1.111039536794177565e+02,-1.144170036582830541e+01,-8.675774669352907864e+00,-1.457995903634506760e+02
1.719999999999991758e+00,1.407418997318211780e+02,1.110040636163931396e+02,-1.142762932384135688e+01,-8.675774669352907864e+00,-1.474604149868411298e+02
1.722499999999991704e+00,1.410193534704230274e+02,1.109046911525944239e+02,-1.141423555416792013e+01,-8.675774669352907864e+00,-1.491212054557559838e+02
1.724999999999991651e+00,1.412965591176741214e+02,1.108059861915714635e+02,-1.140149546128752966e+01,-8.675774669352907864e+00,-1.507818331161018932e+02
1.727499999999991598e+00,1.415735184255096897e+02,1.107080936285820059e+02,-1.138938846190847975e+01,-8.675774669352907864e+00,-1.524421518287999504e+02
1.729999999999991545e+00,1.418502335049579699e+02,1.106111523725345478e+02,-1.137789621061664036e+01,-8.675774669352907864e+00,-1.541020007582376365e+02
1.732499999999991491e+00,1.421267068106561453e+02,1.105152944322672113e+02,-1.136699389427337081e+01,-8.675774669352907864e+00,-1.557612076526708620e+02
1.734999999999991438e+00,1.424029411231175573e+02,1.104206440980973127e+02,-1.135665982943557140e+01,-8.675774669352907864e+00,-1.574195909950903456e+02
1.737499999999991385e+00,1.426789395289747802e+02,1.103273171823454533e+02,-1.134687323436862982e+01,-8.675774669352907864e+00,-1.590769643020334172e+02
1.739999999999991331e+00,1.429547053994101589e+02,1.102354203807346806e+02,-1.133761447601801819e+01,-8.675774669352907864e+00,-1.607331382012904157e+02
1.742499999999991278e+00,1.432302423669965776e+02,1.101450508093279410e+02,-1.132886148574264062e+01,-8.675774669352907864e+00,-1.623879245210346483e+02
1.744999999999991225e+00,1.435055543020513369e+02,1.100562971565673536e+02,-1.132058858920284905e+01,-8.675774669352907864e+00,-1.640411388444046565e+02
1.747499999999991172e+00,1.437806452923121299e+02,1.099692397400241930e+02,-1.131277434126730341e+01,-8.675774669352907864e+00,-1.656926035809631230e+02
1.749999999999991118e+00,1.440555196206961455e+02,1.098839488696879272e+02,-1.130522156233789133e+01,-8.675774669352907864e+00,-1.673421498249990975e+02
1.752499999999991065e+00,1.443301817650477687e+02,1.098008358920810110e+02,-1.129773896233800023e+01,-8.675774669352907864e+00,-1.689895819401832284e+02
1.754999999999991012e+00,1.446046375653377822e+02,1.097202612356654186e+02,-1.129030821985443822e+01,-8.675774669352907864e+00,-1.706347070972828419e+02
1.757499999999990958e+00,1.448788933575326610e+02,1.096422011849946614e+02,-1.128291524588225236e+01,-8.675774669352907864e+00,-1.722773555728848294e+02
1.759999999999990905e+00,1.451529554105273121e+02,1.095666184969010288e+02,-1.127554730896379453e+01,-8.675774669352907864e+00,-1.739173815094929694e+02
1.762499999999990852e+00,1.454268298926453440e+02,1.094934630047042674e+02,-1.126818755898754709e+01,-8.675774669352907864e+00,-1.755546651325726373e+02
1.764999999999990798e+00,1.457005228396886594e+02,1.094226722993303156e+02,-1.126082710915833829e+01,-8.675774669352907864e+00,-1.771891128569409091e+02
1.767499999999990745e+00,1.459740401247433965e+02,1.093541724926358825e+02,-1.125345273844052763e+01,-8.675774669352907864e+00,-1.788206578624453869e+02
1.769999999999990692e+00,1.462473874299374756e+02,1.092878790306412355e+02,-1.124605826598893898e+01,-8.675774669352907864e+00,1.795507399001904218e+02
1.772499999999990639e+00,1.465205702202385680e+02,1.092236975568905990e+02,-1.123863569038937271e+01,-8.675774669352907864e+00,1.779250934846857604e+02
1.774999999999990585e+00,1.467935937194575899e+02,1.091615248229627326e+02,-1.123117759759201562e+01,-8.675774669352907864e+00,1.763023897869643122e+02
1.777499999999990532e+00,1.470664628885379841e+02,1.091012496295863770e+02,-1.122367902155458275e+01,-8.675774669352907864e+00,1.746825904105984648e+02
1.779999999999990479e+00,1.473391824062245234e+02,1.090427537863112377e+02,-1.121613880482653336e+01,-8.675774669352907864e+00,1.730656326531314733e+02
1.782499999999990425e+00,1.476117566521203059e+02,1.089859130757200774e+02,-1.120855855793419309e+01,-8.675774669352907864e+00,1.714514303008554350e+02
1.784999999999990372e+00,1.478841896921734644e+02,1.089305982199853844e+02,-1.120094421673609020e+01,-8.675774669352907864e+00,1.698398747908795485e+02
1.787499999999990319e+00,1.481564852665644878e+02,1.088766758384708595e+02,-1.119330460496583513e+01,-8.675774669352907864e+00,1.682308363348338105e+02
1.789999999999990266e+00,1.484286467799855416e+02,1.088240093755412943e+02,-1.118565522259699740e+01,-1.000000000000000000e+01,1.666241653577877457e+02
1.792499999999990212e+00,1.487006772942178259e+02,1.087724599839214505e+02,-1.125351256683220669e+01,-1.000000000000000000e+01,1.650172545258097045e+02
1.794999999999990159e+00,1.489725795228688980e+02,1.087218873270222588e+02,-1.131779532836502611e+01,-1.000000000000000000e+01,1.634016513228937697e+02
1.797499999999990106e+00,1.492443558281321998e+02,1.086721504508889922e+02,-1.137871373657709384e+01,-1.000000000000000000e+01,1.617776738210135363e+02
1.799999999999990052e+00,1.495160082196805433e+02,1.086231084142258680e+02,-1.143657726214353332e+01,-1.000000000000000000e+01,1.601455976341683254e+02
1.802499999999989999e+00,1.497875383496343318e+02,1.085746155350272772e+02,-1.149164037239553160e+01,-1.000000000000000000e+01,1.585056432289168811e+02
1.804999999999989946e+00,1.500589475242414323e+02,1.085265949158090280e+02,-1.154402629873555242e+01,-1.000000000000000000e+01,1.568579904263569915e+02
1.807499999999989893e+00,1.503302369025086307e+02,1.084790072229311022e+02,-1.159385534219543779e+01,-1.000000000000000000e+01,1.552027895942951261e+02
1.809999999999989839e+00,1.506014075437508382e+02,1.084318107789014789e+02,-1.164124988640966230e+01,-1.000000000000000000e+01,1.535401632347207226e+02
1.812499999999989786e+00,1.508724604017987474e+02,1.083849616844256900e+02,-1.168633655786455172e+01,-1.000000000000000000e+01,1.518702076729883572e+02
1.814999999999989733e+00,1.511433963195153751e+02,1.083384139454158230e+02,-1.172925867920986143e+01,-1.000000000000000000e+01,1.501929947251114186e+02
1.817499999999989679e+00,1.514142160236305585e+02,1.082921195920627753e+02,-1.177019250013910501e+01,-1.000000000000000000e+01,1.485085725729433079e+02
1.819999999999989626e+00,1.516849201198631079e+02,1.082460287740339027e+02,-1.180935921787323117e+01,-1.000000000000000000e+01,1.468169666799492461e+02
1.822499999999989573e+00,1.519555090882650745e+02,1.082000897990950534e+02,-1.184697665939457423e+01,-1.000000000000000000e+01,1.451181826606515983e+02
1.824999999999989519e+00,1.522259832786105562e+02,1.081542490173932549e+02,-1.188294007846939593e+01,-1.000000000000000000e+01,1.434122236946460873e+02
1.827499999999989466e+00,1.524963429053528330e+02,1.081084502450341631e+02,-1.191680359353467722e+01,-1.000000000000000000e+01,1.416991186165018632e+02
1.829999999999989413e+00,1.527665880407715520e+02,1.080626332515968215e+02,-1.194678657113175646e+01,-1.000000000000000000e+01,1.399791373608671279e+02
1.832499999999989360e+00,1.530367186030922539e+02,1.080167342084258877e+02,-1.197272284071316939e+01,-1.000000000000000000e+01,1.382526126286533952e+02
1.834999999999989306e+00,1.533067343511870320e+02,1.079706897586168850e+02,-1.199592711159586855e+01,-1.000000000000000000e+01,1.365197488899488576e+02
1.837499999999989253e+00,1.535766348861990025e+02,1.079244380694182723e+02,-1.201699881304256223e+01,-1.000000000000000000e+01,1.347806153315184190e+02
1.839999999999989200e+00,1.538464196555258923e+02,1.078779180899741021e+02,-1.203612612695489759e+01,-1.000000000000000000e+01,1.330352639902865519e+02
1.842499999999989146e+00,1.541160879540219923e+02,1.078310692448841053e+02,-1.205339365368626581e+01,-1.000000000000000000e+01,1.312837633593652527e+02
1.844999999999989093e+00,1.543856389254313513e+02,1.077838316964004548e+02,-1.206884649191218628e+01,-1.000000000000000000e+01,1.295262038540515164e+02
1.847499999999989040e+00,1.546550715644454499e+02,1.077361467254178962e+02,-1.208251630818296363e+01,-1.000000000000000000e+01,1.277627007134190080e+02
1.849999999999988987e+00,1.549243847197203365e+02,1.076879571238516320e+02,-1.209413123349452768e+01,-1.000000000000000000e+01,1.259933994556653829e+02
1.852499999999988933e+00,1.551935770826033831e+02,1.076389091266078566e+02,-1.210356384497696958e+01,-1.000000000000000000e+01,1.242186225530101780e+02
1.854999999999988880e+00,1.554626461452888577e+02,1.075886084455936356e+02,-1.211101461880449470e+01,-1.000000000000000000e+01,1.224387725164196326e+02
1.857499999999988827e+00,1.557315887118709270e+02,1.075369465917477072e+02,-1.211663865798831985e+01,-1.000000000000000000e+01,1.206542704438003710e+02
1.859999999999988773e+00,1.560004013218161560e+02,1.074838269965565303e+02,-1.212055796093004645e+01,-1.000000000000000000e+01,1.188655592007708748e+02
1.862499999999988720e+00,1.562690802801060386e+02,1.074291655356605730e+02,-1.212288374190221063e+01,-1.000000000000000000e+01,1.170731038848696954e+02
1.864999999999988667e+00,1.565376216885838119e+02,1.073728908695091917e+02,-1.212371505326822430e+01,-1.000000000000000000e+01,1.152773915402137987e+02
1.867499999999988614e+00,1.568060214780547312e+02,1.073149446331544397e+02,-1.212313466033944742e+01,-1.000000000000000000e+01,1.134789294745173436e+02
1.869999999999988560e+00,1.570742754407851862e+02,1.072552815079171609e+02,-1.212123611829845871e+01,-1.000000000000000000e+01,1.116782430683475127e+02
1.872499999999988507e+00,1.573423792631249967e+02,1.071938691811036222e+02,-1.211809240379680119e+01,-1.000000000000000000e+01,1.098758723738731078e+02
1.874999999999988454e+00,1.576103285579590931e+02,1.071306882004219432e+02,-1.211378130912396500e+01,-1.000000000000000000e+01,1.080723688810349046e+02
1.877499999999988400e+00,1.578781188967506637e+02,1.070657317416647061e+02,-1.210836857298609104e+01,-1.000000000000000000e+01,1.062682916175492664e+02
1.879999999999988347e+00,1.581457458409419132e+02,1.069990052885589193e+02,-1.210192164844922580e+01,-1.000000000000000000e+01,1.044642037080972159e+02
1.882499999999988294e+00,1.584132049725269837e+02,1.069305262437219710e+02,-1.209450915272375227e+01,-1.000000000000000000e+01,1.026606678180698538e+02
1.884999999999988241e+00,1.586804919236004991e+02,1.068603234767751786e+02,-1.208618631513305353e+01,-1.000000000000000000e+01,1.008582409018695074e+02
1.887499999999988187e+00,1.589476024047510236e+02,1.067884368020648935e+02,-1.207701135764202682e+01,-1.000000000000000000e+01,9.905747176913537544e+01
1.889999999999988134e+00,1.592145322321113099e+02,1.067149164153702543e+02,-1.206703809853427067e+01,-1.000000000000000000e+01,9.725889460638582307e+01
1.892499999999988081e+00,1.594812773529740468e+02,1.066398222824213917e+02,-1.205631821525276770e+01,-1.000000000000000000e+01,9.546302648245705313e+01
1.894999999999988027e+00,1.597478338698538494e+02,1.065632234823856805e+02,-1.204490061131857814e+01,-1.000000000000000000e+01,9.367036259878535986e+01
1.897499999999987974e+00,1.600141980629006184e+02,1.064851975403258706e+02,-1.203283267076784213e+01,-1.000000000000000000e+01,9.188137230744742112e+01
1.899999999999987921e+00,1.602803664106243957e+02,1.064058297159306079e+02,-1.202027287857506899e+01,-1.000000000000000000e+01,9.009649756724103042e+01
1.902499999999987867e+00,1.605463355813034809e+02,1.063247645182974281e+02,-1.200741257319256050e+01,-1.000000000000000000e+01,8.831618229736479009e+01
1.904999999999987814e+00,1.608121009062779194e+02,1.062416491428042491e+02,-1.199433548529929716e+01,-1.000000000000000000e+01,8.654083729067416186e+01
1.907499999999987761e+00,1.610776573154155358e+02,1.061565865413779335e+02,-1.198112977226913500e+01,-1.000000000000000000e+01,8.477082038757717442e+01
1.909999999999987708e+00,1.613430000025093989e+02,1.060696907937095546e+02,-1.196787044791236632e+01,-1.000000000000000000e+01,8.300643327318394427e+01
1.912499999999987654e+00,1.616081244524838780e+02,1.059810860144173716e+02,-1.195462630051269493e+01,-1.000000000000000000e+01,8.124792113165685237e+01
1.914999999999987601e+00,1.618730264658566398e+02,1.058909052473764945e+02,-1.194146635050623573e+01,-1.000000000000000000e+01,7.949547270331036941e+01
1.917499999999987548e+00,1.621377021804382537e+02,1.057992893654150919e+02,-1.192845642506529735e+01,-1.000000000000000000e+01,7.774921890648846556e+01
1.919999999999987494e+00,1.624021480902954693e+02,1.057063859940642345e+02,-1.191565471098694573e+01,-1.000000000000000000e+01,7.600923296286366337e+01
1.922499999999987441e+00,1.626663610620168754e+02,1.056123484314304335e+02,-1.190312005971731502e+01,-1.000000000000000000e+01,7.427553232830567254e+01
1.924999999999987388e+00,1.629303383483039340e+02,1.055173346135709807e+02,-1.189090271409147626e+01,-1.000000000000000000e+01,7.254807895384372785e+01
1.927499999999987335e+00,1.631940775989866950e+02,1.054215060889404327e+02,-1.187905612685251988e+01,-1.000000000000000000e+01,7.082678211412765279e+01
1.929999999999987281e+00,1.634575768694859619e+02,1.053250270369274091e+02,-1.186763598399223163e+01,-1.000000000000000000e+01,6.911149711322441647e+01
1.932499999999987228e+00,1.637208346268480739e+02,1.052280632382671826e+02,-1.185669844346909763e+01,-1.000000000000000000e+01,6.740202570347030075e+01
1.934999999999987175e+00,1.639838497531930841e+02,1.051307809704998562e+02,-1.184629273952390882e+01,-1.000000000000000000e+01,6.569811799985856737e+01
1.937499999999987121e+00,1.642466215463791173e+02,1.050333458165071789e+02,-1.183645662417969291e+01,-1.000000000000000000e+01,6.399947681256899301e+01
1.939999999999987068e+00,1.645091497171172250e+02,1.049359214203988131e+02,-1.182722811938174878e+01,-1.000000000000000000e+01,6.230576317942438180e+01
1.942499999999987015e+00,1.647714343840922879e+02,1.048386690555422263e+02,-1.181862682158651268e+01,-1.000000000000000000e+01,6.061660079307853266e+01
1.944999999999986962e+00,1.650334760675023347e+02,1.047417465461366675e+02,-1.181067256944444921e+01,-1.000000000000000000e+01,5.893158324846348251e+01
1.947499999999986908e+00,1.652952756798117946e+02,1.046453072083424871e+02,-1.180337568343071020e+01,-1.000000000000000000e+01,5.725027890064654912e+01
1.949999999999986855e+00,1.655568345139099051e+02,1.045494988564547469e+02,-1.179655858770103904e+01,-1.000000000000000000e+01,5.557223881975060920e+01
1.952499999999986802e+00,1.658181542461063316e+02,1.044547204510194121e+02,-1.179003754762309342e+01,-1.000000000000000000e+01,5.389702839869552520e+01
1.954999999999986748e+00,1.660792377990246109e+02,1.043613461864772631e+02,-1.178380703083106162e+01,-1.000000000000000000e+01,5.222422180509486367e+01
1.957499999999986695e+00,1.663400887415946841e+02,1.042694758162184030e+02,-1.177786147759958268e+01,-1.000000000000000000e+01,5.055339584276234177e+01
1.959999999999986642e+00,1.666007108876510756e+02,1.041792007281911481e+02,-1.177219261667600669e+01,-1.000000000000000000e+01,4.888413568713568935e+01
1.962499999999986589e+00,1.668611082741227278e+02,1.040906026018700032e+02,-1.176679391937137531e+01,-1.000000000000000000e+01,4.721603850233618971e+01
1.964999999999986535e+00,1.671212851364137464e+02,1.040037528718867605e+02,-1.176165191613831063e+01,-1.000000000000000000e+01,4.554871825693567189e+01
1.967499999999986482e+00,1.673812458826606644e+02,1.039187125200389090e+02,-1.175675558991865088e+01,-1.000000000000000000e+01,4.388180955997441401e+01
1.969999999999986429e+00,1.676409950674966467e+02,1.038355319318968810e+02,-1.175208999127464260e+01,-1.000000000000000000e+01,4.221497149111439029e+01
1.972499999999986375e+00,1.679005373655149356e+02,1.037542508377043191e+02,-1.174764285977381029e+01,-1.000000000000000000e+01,4.054789038234763865e+01
1.974999999999986322e+00,1.681598775446069567e+02,1.036748983129862296e+02,-1.174339716014506152e+01,-1.000000000000000000e+01,3.888028303655551809e+01
1.977499999999986269e+00,1.684190204393453030e+02,1.035974928424977151e+02,-1.173933761708736867e+01,-1.000000000000000000e+01,3.721189881660525600e+01
1.979999999999986215e+00,1.686779709245726622e+02,1.035220424596417530e+02,-1.173544799133391692e+01,-1.000000000000000000e+01,3.554252103780066108e+01
1.982499999999986162e+00,1.689367338893591182e+02,1.034485449287691665e+02,-1.173171696761114369e+01,-1.000000000000000000e+01,3.387196924593803971e+01
1.984999999999986109e+00,1.691953142114531374e+02,1.033769879944421177e+02,-1.172812843379395353e+01,-1.000000000000000000e+01,3.220009845210383759e+01
1.987499999999986056e+00,1.694537167323925075e+02,1.033073496864330423e+02,-1.172466928632191419e+01,-1.000000000000000000e+01,3.052680110895721555e+01
1.989999999999986002e+00,1.697119462334032960e+02,1.032395986862581907e+02,-1.172132536653667501e+01,-1.000000000000000000e+01,2.885200614923109086e+01
1.992499999999985949e+00,1.699700074122568481e+02,1.031736947364653645e+02,-1.171809039677780540e+01,-1.000000000000000000e+01,2.717567852509545645e+01
1.994999999999985896e+00,1.702279048611547978e+02,1.031095890836193547e+02,-1.171495625467508894e+01,-1.000000000000000000e+01,2.549781786934338612e+01
1.997499999999985842e+00,1.704856430457616625e+02,1.030472249724246154e+02,-1.171191759846826663e+01,-1.000000000000000000e+01,2.381845691550558186e+01
1.999999999999985789e+00,1.707432262854866281e+02,1.029865381704198484e+02,-1.170937100383050833e+01,-1.000000000000000000e+01,2.213765865204111805e+01
2.002499999999985736e+00,1.710006587135063398e+02,1.029271398049459521e+02,-1.170773982146449121e+01,-1.000000000000000000e+01,2.045543485889646007e+01
2.004999999999985683e+00,1.712579431756055328e+02,1.028686593316429168e+02,-1.170706369845261108e+01,-1.000000000000000000e+01,1.877178781089507709e+01
2.007499999999985629e+00,1.715150819418620358e+02,1.028110519098217850e+02,-1.170736623334484783e+01,-1.000000000000000000e+01,1.708674374046613309e+01
2.009999999999985576e+00,1.717720771686600187e+02,1.027542702535588575e+02,-1.170865284599730849e+01,-1.000000000000000000e+01,1.540035578606853051e+01
2.012499999999985523e+00,1.720289308930310881e+02,1.026982653803544423e+02,-1.171091073847359176e+01,-1.000000000000000000e+01,1.371270622893522173e+01
2.014999999999985469e+00,1.722856450287939651e+02,1.026429872281102718e+02,-1.171410153478085014e+01,-1.000000000000000000e+01,1.202390913967214026e+01
2.017499999999985416e+00,1.725422213641593316e+02,1.025883851419890362e+02,-1.171816384591408067e+01,-1.000000000000000000e+01,1.033411290027719964e+01
2.019999999999985363e+00,1.727986615604884832e+02,1.025344082448689846e+02,-1.172301654543021954e+01,-1.000000000000000000e+01,8.643501385286102234e+00
2.022499999999985310e+00,1.730549671519066521e+02,1.024810056954553374e+02,-1.172856383382011103e+01,-1.000000000000000000e+01,6.952293459369884410e+00
2.024999999999985256e+00,1.733111395455036927e+02,1.024281268552072817e+02,-1.173469510589421994e+01,-1.000000000000000000e+01,5.260740279278486753e+00
2.027499999999985203e+00,1.735671800219160446e+02,1.023757213951859484e+02,-1.174129408268276009e+01,-1.000000000000000000e+01,3.569121740900292217e+00
2.029999999999985150e+00,1.738230897361421796e+02,1.023237393548324832e+02,-1.174823828993480213e+01,-1.000000000000000000e+01,1.877739969081186011e+00
2.032499999999985096e+00,1.740788697184825082e+02,1.022721311718658228e+02,-1.175540530922295623e+01,-1.000000000000000000e+01,1.869123019381586093e-01
2.034999999999985043e+00,1.743345208755535225e+02,1.022208477086175122e+02,-1.176267219048555468e+01,-1.000000000000000000e+01,-1.503037563492620965e+00
2.037499999999984990e+00,1.745900439913581863e+02,1.021698402755227733e+02,-1.176991836147544745e+01,-1.000000000000000000e+01,-3.191788812720586233e+00
2.039999999999984936e+00,1.748454397284264701e+02,1.021190606655819408e+02,-1.177702593876721870e+01,-1.000000000000000000e+01,-4.879033628593853145e+00
2.042499999999984883e+00,1.751007086290405539e+02,1.020684612007484731e+02,-1.178387995430272461e+01,-1.000000000000000000e+01,-6.564487311249349588e+00
2.044999999999984830e+00,1.753558511165976768e+02,1.020179947805612386e+02,-1.179036854676310142e+01,-1.000000000000000000e+01,-8.247898506506126992e+00
2.047499999999984777e+00,1.756108674979720945e+02,1.019676127307692184e+02,-1.179638240757403267e+01,-1.000000000000000000e+01,-9.929059141964186708e+00
2.049999999999984723e+00,1.758657579534623210e+02,1.019172539158930277e+02,-1.180009118188923978e+01,-1.000000000000000000e+01,-1.160780615862609544e+01
2.052499999999984670e+00,1.761205225123526645e+02,1.018669239106222051e+02,-1.179998783656590078e+01,-1.000000000000000000e+01,-1.328370143052745256e+01
2.054999999999984617e+00,1.763751612732351646e+02,1.018165758815880366e+02,-1.179643095710070355e+01,-1.000000000000000000e+01,-1.495628413539760793e+01
2.057499999999984563e+00,1.766296741132081536e+02,1.017660823258233478e+02,-1.178976139379386900e+01,-1.000000000000000000e+01,-1.662522934974908395e+01
2.059999999999984510e+00,1.768840606020848440e+02,1.017153234948570173e+02,-1.178027290567866814e+01,-1.000000000000000000e+01,-1.829034168252431058e+01
2.062499999999984457e+00,1.771383200066621555e+02,1.016641736229808117e+02,-1.176822780787534306e+01,-1.000000000000000000e+01,-1.995154683812230445e+01
2.064999999999984404e+00,1.773924512760875984e+02,1.016125014694061548e+02,-1.175386186311065018e+01,-1.000000000000000000e+01,-2.160888450307560049e+01
2.067499999999984350e+00,1.776464530285700505e+02,1.015601709897510716e+02,-1.173738325595237875e+01,-1.000000000000000000e+01,-2.326250149480532414e+01
2.069999999999984297e+00,1.779003235397254343e+02,1.015070419763522409e+02,-1.171898883677039294e+01,-1.000000000000000000e+01,-2.491264456178171116e+01
2.072499999999984244e+00,1.781540607325446501e+02,1.014529707781713768e+02,-1.169887536880574430e+01,-1.000000000000000000e+01,-2.655965499763284399e+01
2.074999999999984190e+00,1.784076621692301217e+02,1.013978111958117410e+02,-1.167725611402419261e+01,-1.000000000000000000e+01,-2.820396296419049875e+01
2.077499999999984137e+00,1.786611250454065214e+02,1.013414156471834247e+02,-1.165436435573357166e+01,-1.000000000000000000e+01,-2.984608074774556385e+01
2.079999999999984084e+00,1.789144461874220156e+02,1.012836366733707507e+02,-1.163047315821955863e+01,-1.000000000000000000e+01,-3.148659395347485201e+01
2.082499999999984031e+00,1.791676220536281505e+02,1.012243288068473674e+02,-1.160587697901474691e+01,-1.000000000000000000e+01,-3.312615101214238678e+01
2.084999999999983977e+00,1.794206487405235180e+02,1.011633507526283324e+02,-1.158088898469367045e+01,-1.000000000000000000e+01,-3.476544799397740348e+01
2.087499999999983924e+00,1.796735219945004474e+02,1.011005677683289861e+02,-1.155582582331961028e+01,-1.000000000000000000e+01,-3.640521166443036805e+01
2.089999999999983871e+00,1.799262372296024353e+02,1.010358540961931624e+02,-1.153099282326727604e+01,-1.000000000000000000e+01,-3.804618153826744731e+01
2.092499999999983817e+00,1.801787895513485864e+02,1.009690953028653695e+02,-1.150666798872327234e+01,-1.000000000000000000e+01,-3.968909076698700744e+01
2.094999999999983764e+00,1.804311737863091309e+02,1.009001903972475702e+02,-1.148309447026786323e+01,-1.000000000000000000e+01,-4.133464870067952290e+01
2.097499999999983711e+00,1.806833845168039545e+02,1.008290536089507299e+02,-1.146048344987694989e+01,-1.000000000000000000e+01,-4.298352559353405411e+01
2.099999999999983658e+00,1.809354161198390614e+02,1.007556157954504243e+02,-1.143860907177935538e+01,-1.000000000000000000e+01,-4.463634004688584866e+01
2.102499999999983604e+00,1.811872628135092214e+02,1.006799313192213958e+02,-1.141713919336873673e+01,-1.000000000000000000e+01,-4.629363687873154731e+01
2.104999999999983551e+00,1.814389190796755429e+02,1.006021040314733597e+02,-1.139608329109336005e+01,-1.000000000000000000e+01,-4.795589456852253818e+01
2.107499999999983498e+00,1.816903795740074088e+02,1.005221618042310325e+02,-1.137544886133439093e+01,-1.000000000000000000e+01,-4.962352611563092353e+01
2.109999999999983444e+00,1.819416390289009371e+02,1.004401447486684162e+02,-1.135523692833412923e+01,-1.000000000000000000e+01,-5.129687637505505649e+01
2.112499999999983391e+00,1.821926922837573954e+02,1.003561046215410784e+02,-1.133545544654906578e+01,-1.000000000000000000e+01,-5.297621792705319166e+01
2.114999999999983338e+00,1.824435343137471648e+02,1.002701041101326354e+02,-1.131610540458307845e+01,-1.000000000000000000e+01,-5.466174965307730105e+01
2.117499999999983284e+00,1.826941602571338308e+02,1.001822152426206856e+02,-1.129718518057910259e+01,-1.000000000000000000e+01,-5.635359461114733648e+01
2.119999999999983231e+00,1.829445654356301816e+02,1.000925161321018351e+02,-1.127869480380685907e+01,-1.000000000000000000e+01,-5.805179875441560000e+01
2.122499999999983178e+00,1.831947453703311055e+02,1.000010935058293882e+02,-1.126063021306580758e+01,-1.000000000000000000e+01,-5.975633124154429510e+01
2.124999999999983125e+00,1.834446958043851907e+02,9.990804309018336937e+01,-1.124299174129467005e+01,-1.000000000000000000e+01,-6.146708372572302181e+01
2.127499999999983071e+00,1.836944127251169050e+02,9.981346892646745061e+01,-1.122577528627996024e+01,-1.000000000000000000e+01,-6.318387218266437344e+01
2.129999999999983018e+00,1.839438923844041938e+02,9.971748262854474376e+01,-1.120897570151685585e+01,-1.000000000000000000e+01,-6.490643815642515335e+01
2.132499999999982965e+00,1.841931313171883176e+02,9.962020262897104317e+01,-1.119259087829511579e+01,-1.000000000000000000e+01,-6.663445158867276064e+01
2.134999999999982911e+00,1.844421263580836410e+02,9.952175339791425301e+01,-1.117661655320277525e+01,-1.000000000000000000e+01,-6.836751356934715318e+01
2.137499999999982858e+00,1.846908746560303882e+02,9.942226464700354427e+01,-1.116104928857511069e+01,-1.000000000000000000e+01,-7.010516085515959617e+01
2.139999999999982805e+00,1.849393736869415079e+02,9.932187052033292218e+01,-1.114588379342990798e+01,-1.000000000000000000e+01,-7.184686983804213867e+01
2.142499999999982752e+00,1.851876212643394126e+02,9.922070879268628119e+01,-1.113112040410970849e+01,-1.000000000000000000e+01,-7.359206216766672526e+01
2.144999999999982698e+00,1.854356155479571839e+02,9.911892005210502532e+01,-1.111675061522488761e+01,-1.000000000000000000e+01,-7.534011063073273817e+01
2.147499999999982645e+00,1.856833550503346544e+02,9.901664690878537556e+01,-1.110277060565001150e+01,-1.000000000000000000e+01,-7.709034538474730880e+01
2.149999999999982592e+00,1.859308386414309382e+02,9.891403320967687307e+01,-1.108987474597003065e+01,-1.000000000000000000e+01,-7.884206067939992124e+01
2.152499999999982538e+00,1.861780655437221697e+02,9.881108774374335724e+01,-1.107879080410885564e+01,-1.000000000000000000e+01,-8.059451401918349234e+01
2.154999999999982485e+00,1.864250348615831854e+02,9.870780753018865994e+01,-1.106958554984093723e+01,-1.000000000000000000e+01,-8.234694576250620912e+01
2.157499999999982432e+00,1.866717458297724193e+02,9.860431992674814694e+01,-1.106231596271945961e+01,-1.000000000000000000e+01,-8.409859448501956081e+01
2.159999999999982379e+00,1.869181980021441234e+02,9.850075341725238331e+01,-1.105703736344129773e+01,-1.000000000000000000e+01,-8.584870712931228809e+01
2.162499999999982325e+00,1.871643912543083559e+02,9.839724165964126712e+01,-1.105378107788239994e+01,-1.000000000000000000e+01,-8.759654964890573581e+01
2.164999999999982272e+00,1.874103257964304987e+02,9.829391715253650830e+01,-1.105257465904191605e+01,-1.000000000000000000e+01,-8.934141843472781375e+01
2.167499999999982219e+00,1.876560021700685752e+02,9.819090928899623805e+01,-1.105343254386252738e+01,-1.000000000000000000e+01,-9.108265103247649108e+01
2.169999999999982165e+00,1.879014212265558399e+02,9.808833610230195177e+01,-1.105632319456133317e+01,-1.000000000000000000e+01,-9.281963599790492481e+01
2.172499999999982112e+00,1.881465841281684845e+02,9.798636460034239803e+01,-1.106119854087765120e+01,-1.000000000000000000e+01,-9.455182550774442518e+01
2.174999999999982059e+00,1.883914924975346707e+02,9.788514579214432842e+01,-1.106802827441575587e+01,-1.000000000000000000e+01,-9.627874180338207566e+01
2.177499999999982006e+00,1.886361482842158352e+02,9.778479985760347404e+01,-1.107677991362312930e+01,-1.000000000000000000e+01,-9.799998244757365740e+01
2.179999999999981952e+00,1.888805537368203602e+02,9.768544304014379520e+01,-1.108741138781712010e+01,-1.000000000000000000e+01,-9.971522427077675843e+01
2.182499999999981899e+00,1.891247113930087664e+02,9.758718873408194838e+01,-1.109988393315946276e+01,-1.000000000000000000e+01,-1.014242258542210351e+02
2.184999999999981846e+00,1.893686240722381910e+02,9.749014724852052893e+01,-1.111415151687453040e+01,-1.000000000000000000e+01,-1.031268282551501443e+02
2.187499999999981792e+00,1.896122948679229410e+02,9.739442558789548343e+01,-1.113016559132273464e+01,-1.000000000000000000e+01,-1.048229547506828254e+02
2.189999999999981739e+00,1.898557271390473886e+02,9.730012725080844405e+01,-1.114788683073662057e+01,-1.000000000000000000e+01,-1.065126090876056395e+02
2.192499999999981686e+00,1.900989245013021787e+02,9.720735203480930409e+01,-1.116726611813978209e+01,-1.000000000000000000e+01,-1.081958729136149060e+02
2.194999999999981632e+00,1.903418908177089293e+02,9.711619585621915007e+01,-1.118826491712442284e+01,-1.000000000000000000e+01,-1.098729019127161877e+02
2.197499999999981579e+00,1.905846301888347796e+02,9.702675058009705822e+01,-1.121083996235557301e+01,-1.000000000000000000e+01,-1.115439217209350176e+02
2.199999999999981526e+00,1.908271469425602902e+02,9.693910386392947487e+01,-1.123368156771564763e+01,-1.000000000000000000e+01,-1.132092165272318738e+02
2.202499999999981473e+00,1.910694456352840120e+02,9.685344680867285660e+01,-1.125432072203642520e+01,-1.000000000000000000e+01,-1.148688279495207070e+02
2.204999999999981419e+00,1.913115314975067349e+02,9.677031463772392783e+01,-1.127239473734672259e+01,-1.000000000000000000e+01,-1.165227698320010035e+02
2.207499999999981366e+00,1.915534110309280322e+02,9.668981687249960544e+01,-1.128802426920828239e+01,-1.000000000000000000e+01,-1.181711108665924428e+02
2.209999999999981313e+00,1.917950907883501657e+02,9.661189110687043069e+01,-1.130132864840572005e+01,-1.000000000000000000e+01,-1.198139611862536356e+02
2.212499999999981259e+00,1.920365771627283777e+02,9.653646863633710495e+01,-1.131242294913545265e+01,-1.000000000000000000e+01,-1.214514661988714579e+02
2.214999999999981206e+00,1.922778763713426429e+02,9.646348038133119474e+01,-1.132141667509325877e+01,-1.000000000000000000e+01,-1.230838009506640987e+02
2.217499999999981153e+00,1.925189944671801072e+02,9.639286934508228910e+01,-1.132842823516106812e+01,-1.000000000000000000e+01,-1.247111650301726087e+02
2.219999999999981100e+00,1.927599373606996664e+02,9.632457390021492927e+01,-1.133356646243797172e+01,-1.000000000000000000e+01,-1.263337777768383177e+02
2.222499999999981046e+00,1.930007108034548082e+02,9.625852418684478096e+01,-1.133693632532076911e+01,-1.000000000000000000e+01,-1.279518737344795767e+02
2.224999999999980993e+00,1.932413203679308253e+02,9.619464288599162671e+01,-1.133864615649258312e+01,-1.000000000000000000e+01,-1.295656985527325844e+02
2.227499999999980940e+00,1.934817714293431550e+02,9.613284599235117867e+01,-1.133880107906447066e+01,-1.000000000000000000e+01,-1.311755056207522045e+02
2.229999999999980886e+00,1.937220691493543256e+02,9.607304359520291825e+01,-1.133750660274608357e+01,-1.000000000000000000e+01,-1.327815527808131151e+02
2.232499999999980833e+00,1.939622184617525420e+02,9.601514065956629906e+01,-1.133486214330421227e+01,-1.000000000000000000e+01,-1.343840997133725068e+02
2.234999999999980780e+00,1.942022240600778389e+02,9.595903779753902541e+01,-1.133097296938961662e+01,-1.000000000000000000e+01,-1.359834051502144234e+02
2.237499999999980727e+00,1.944420903871742894e+02,9.590463203319471575e+01,-1.132593693971110227e+01,-1.000000000000000000e+01,-1.375797249703563239e+02
2.239999999999980673e+00,1.946818216266472348e+02,9.585181755066810183e+01,-1.131985596905792946e+01,-1.000000000000000000e+01,-1.391733106996501306e+02
2.242499999999980620e+00,1.949214216961782142e+02,9.580048642440469564e+01,-1.131283357802984213e+01,-1.000000000000000000e+01,-1.407644075066891389e+02
2.244999999999980567e+00,1.951608942426578892e+02,9.575052932347215062e+01,-1.130496787720643148e+01,-1.000000000000000000e+01,-1.423532536581838031e+02
2.247499999999980513e+00,1.954002426390621281e+02,9.570183619818696741e+01,-1.129636645159704322e+01,-1.000000000000000000e+01,-1.439400792693220410e+02
2.249999999999980460e+00,1.956394699830344450e+02,9.565429692588338639e+01,-1.128785971810418687e+01,-1.000000000000000000e+01,-1.455251077322394622e+02
2.252499999999980407e+00,1.958785791042959090e+02,9.560789658967210869e+01,-1.128038880171889780e+01,-1.000000000000000000e+01,-1.471086375364619698e+02
2.254999999999980353e+00,1.961175728851302438e+02,9.556260322573146482e+01,-1.127426506806908080e+01,-1.000000000000000000e+01,-1.486909961832894567e+02
2.257499999999980300e+00,1.963564540165550625e+02,9.551828360323496270e+01,-1.126973638983145598e+01,-1.000000000000000000e+01,-1.502725176317392481e+02
2.259999999999980247e+00,1.965952248589616431e+02,9.547481039716885221e+01,-1.126686585769261661e+01,-1.000000000000000000e+01,-1.518535502015048451e+02
2.262499999999980194e+00,1.968338874588638987e+02,9.543206497887049977e+01,-1.126551485025209054e+01,-1.000000000000000000e+01,-1.534344520193127153e+02
2.264999999999980140e+00,1.970724435716827259e+02,9.538993843521377869e+01,-1.126543148307048980e+01,-1.000000000000000000e+01,-1.550155751710187246e+02
2.267499999999980087e+00,1.973108946860061792e+02,9.534833095039878970e+01,-1.126635569801092096e+01,-1.000000000000000000e+01,-1.565972490965081647e+02
2.269999999999980034e+00,1.975492420455776141e+02,9.530715028082356355e+01,-1.126807713170336989e+01,-1.000000000000000000e+01,-1.581797693515927108e+02
2.272499999999979980e+00,1.977874866672413248e+02,9.526631010218567042e+01,-1.127044934558149158e+01,-1.000000000000000000e+01,-1.597633922512724212e+02
2.274999999999979927e+00,1.980256293548807491e+02,9.522572867938299623e+01,-1.127339804188184580e+01,-1.000000000000000000e+01,-1.613483346124058642e+02
2.277499999999979874e+00,1.982636707102875562e+02,9.518532799517089416e+01,-1.127686382870817283e+01,-1.000000000000000000e+01,-1.629347764926932314e+02
2.279999999999979821e+00,1.985016111420979428e+02,9.514503333095444759e+01,-1.128077190902649640e+01,-1.000000000000000000e+01,-1.645228599662119393e+02
2.282499999999979767e+00,1.987394508739535297e+02,9.510477320529689393e+01,-1.128504201401983131e+01,-1.000000000000000000e+01,-1.661126873245735851e+02
2.284999999999979714e+00,1.989771899526396339e+02,9.506447952631647524e+01,-1.128959622097142201e+01,-1.000000000000000000e+01,-1.677043208266572094e+02
2.287499999999979661e+00,1.992148282566940622e+02,9.502408787490152520e+01,-1.129435715687206532e+01,-1.000000000000000000e+01,-1.692977833770292477e+02
2.289999999999979607e+00,1.994523655057824385e+02,9.498353787578658114e+01,-1.129925143361267459e+01,-1.000000000000000000e+01,-1.708930601990675768e+02
2.292499999999979554e+00,1.996898012710345824e+02,9.494277360928282405e+01,-1.130421154233438941e+01,-1.000000000000000000e+01,-1.724901014350722335e+02
2.294999999999979501e+00,1.999271349864229705e+02,9.490174404106791428e+01,-1.130917252805526019e+01,-1.000000000000000000e+01,-1.740888254761961775e+02
2.297499999999979448e+00,2.001643659612219608e+02,9.486040345074106028e+01,-1.131407448070367039e+01,-1.000000000000000000e+01,-1.756891229116369573e+02
2.299999999999979394e+00,2.004014933935331157e+02,9.481871184496559124e+01,-1.131814336110926966e+01,-1.000000000000000000e+01,-1.772908581792639779e+02
2.302499999999979341e+00,2.006385163818069657e+02,9.477655778079615345e+01,-1.132066967685377712e+01,-1.000000000000000000e+01,-1.788937385552679871e+02
2.304999999999979288e+00,2.008754336663903075e+02,9.473381712098941421e+01,-1.132168791271046615e+01,-1.000000000000000000e+01,1.795025892838032178e+02
2.307499999999979234e+00,2.011122437505411540e+02,9.469043612420314560e+01,-1.132123578246081586e+01,-1.000000000000000000e+01,1.778984717678696086e+02
2.309999999999979181e+00,2.013489450031429442e+02,9.464636263155793472e+01,-1.131935194503354580e+01,-1.000000000000000000e+01,1.762942430630622539e+02
2.312499999999979128e+00,2.015855356646806058e+02,9.460154840484970862e+01,-1.131607655630146425e+01,-1.000000000000000000e+01,1.746902197748942740e+02
2.314999999999979075e+00,2.018220138574098428e+02,9.455594947538925510e+01,-1.131144972252550041e+01,-1.000000000000000000e+01,1.730866965291922952e+02
2.317499999999979021e+00,2.020583775961468689e+02,9.450952634338391078e+01,-1.130551401650369137e+01,-1.000000000000000000e+01,1.714839413540644841e+02
2.319999999999978968e+00,2.022946247995492399e+02,9.446224415898078064e+01,-1.129831163572455743e+01,-1.000000000000000000e+01,1.698821918620413669e+02
2.322499999999978915e+00,2.025307533018320498e+02,9.441407287263814396e+01,-1.128988424002052327e+01,-1.000000000000000000e+01,1.682816518412208495e+02
2.324999999999978861e+00,2.027667608648405917e+02,9.436498734926522047e+01,-1.128027425836571851e+01,-1.000000000000000000e+01,1.666824884762700663e+02
2.327499999999978808e+00,2.030026451903921156e+02,9.431496745787541158e+01,-1.126952220812712291e+01,-1.000000000000000000e+01,1.650848302083136048e+02
2.329999999999978755e+00,2.032384039328268841e+02,9.426399812508421405e+01,-1.125769076088268505e+01,-1.000000000000000000e+01,1.634887649412788164e+02
2.332499999999978701e+00,2.034740347116666612e+02,9.421207133791784827e+01,-1.124492462246871050e+01,-1.000000000000000000e+01,1.618943385770521388e+02
2.334999999999978648e+00,2.037095351254783395e+02,9.415919245702596641e+01,-1.123146422356269092e+01,-1.000000000000000000e+01,1.603015372158180867e+02
2.337499999999978595e+00,2.039449028144721296e+02,9.410538415105544630e+01,-1.121735962836620004e+01,-1.000000000000000000e+01,1.587102981045017032e+02
2.339999999999978542e+00,2.041801354603259142e+02,9.405065711502381021e+01,-1.120265466528801745e+01,-1.000000000000000000e+01,1.571205207258529981e+02
2.342499999999978488e+00,2.044152307729018787e+02,9.399502419693118327e+01,-1.118738614806273723e+01,-1.000000000000000000e+01,1.555320692290000579e+02
2.344999999999978435e+00,2.046501864955601775e+02,9.393850061964232623e+01,-1.117158800268367003e+01,-1.000000000000000000e+01,1.539447755406891076e+02
2.347499999999978382e+00,2.048850004110115606e+02,9.388110383427311945e+01,-1.115529207134858503e+01,-1.000000000000000000e+01,1.523584418600616175e+02
2.349999999999978328e+00,2.051196703468048099e+02,9.382285337781355850e+01,-1.113813846418835496e+01,-1.000000000000000000e+01,1.507728453884469957e+02
2.352499999999978275e+00,2.053541941803123052e+02,9.376377092747404163e+01,-1.111979883552169213e+01,-1.000000000000000000e+01,1.491878031152136543e+02
2.354999999999978222e+00,2.055885698451210999e+02,9.370388292012287934e+01,-1.110034572739975012e+01,-1.000000000000000000e+01,1.476031312640442934e+02
2.357499999999978169e+00,2.058227953435206246e+02,9.364321866149724372e+01,-1.107984187342500526e+01,-1.000000000000000000e+01,1.460186204590326895e+02
2.359999999999978115e+00,2.060568687518963316e+02,9.358180886737751791e+01,-1.105835258673701738e+01,-1.000000000000000000e+01,1.444340397236814795e+02
2.362499999999978062e+00,2.062907882241753725e+02,9.351968552452149197e+01,-1.103593568530065561e+01,-1.000000000000000000e+01,1.428491408193564496e+02
2.364999999999978009e+00,2.065245519949289417e+02,9.345688175109634699e+01,-1.101264642894502721e+01,-1.000000000000000000e+01,1.412636627403805107e+02
2.367499999999977955e+00,2.067581583821169602e+02,9.339343165407547076e+01,-1.098853302345036376e+01,-1.000000000000000000e+01,1.396773359569973820e+02
2.369999999999977902e+00,2.069916057894778874e+02,9.332937018912815574e+01,-1.096364384450618346e+01,-1.000000000000000000e+01,1.380898874502847775e+02
2.372499999999977849e+00,2.072248927085823880e+02,9.326473303157885653e+01,-1.093802389993564361e+01,-1.000000000000000000e+01,1.365010448813837911e+02
2.374999999999977796e+00,2.074580177205534994e+02,9.319955644840085540e+01,-1.091171022627697518e+01,-1.000000000000000000e+01,1.349105417720882940e+02
2.377499999999977742e+00,2.076909794974749843e+02,9.313387715936673317e+01,-1.088474073750625237e+01,-1.000000000000000000e+01,1.333181218462630113e+02
2.379999999999977689e+00,2.079237768034440990e+02,9.306773221240152338e+01,-1.085715252106317052e+01,-1.000000000000000000e+01,1.317235439343025121e+02
2.382499999999977636e+00,2.081564084953246550e+02,9.300115886006943811e+01,-1.082897645556115052e+01,-1.000000000000000000e+01,1.301265864048156971e+02
2.384999999999977582e+00,2.083888735231918758e+02,9.293419443822905635e+01,-1.080024014368172303e+01,-1.000000000000000000e+01,1.285270517996898718e+02
2.387499999999977529e+00,2.086211709304668034e+02,9.286687624173339373e+01,-1.077097374941432939e+01,-1.000000000000000000e+01,1.269247717997271963e+02
2.389999999999977476e+00,2.088532998537507979e+02,9.279924140954518919e+01,-1.074120096497281196e+01,-1.000000000000000000e+01,1.253196111273555147e+02
2.392499999999977423e+00,2.090852595223673802e+02,9.273132681047115966e+01,-1.071111023857275946e+01,-1.000000000000000000e+01,1.237114728379953306e+02
2.394999999999977369e+00,2.093170492764036226e+02,9.266321236920059334e+01,-1.068083660819559633e+01,-1.000000000000000000e+01,1.221003053903550466e+02
2.397499999999977316e+00,2.095486686596083530e+02,9.259496482324428257e+01,-1.065042001219241996e+01,-1.000000000000000000e+01,1.204861052714562533e+02
2.399999999999977263e+00,2.097801173622451927e+02,9.252662572862053025e+01,-1.062010162269605296e+01,-1.000000000000000000e+01,1.188689157840122732e+02
2.402499999999977209e+00,2.100113951688153975e+02,9.245812377022950557e+01,-1.059036759045052278e+01,-1.000000000000000000e+01,1.172486721271868504e+02
2.404999999999977156e+00,2.102425015563383681e+02,9.238947363393390333e+01,-1.056174900670349359e+01,-1.000000000000000000e+01,1.156252928274731460e+02
2.407499999999977103e+00,2.104734363286678160e+02,9.232086155935391503e+01,-1.053430817710906986e+01,-1.000000000000000000e+01,1.139987380302080169e+02
2.409999999999977049e+00,2.107041996117246470e+02,9.225234550408774226e+01,-1.050808093197822046e+01,-1.000000000000000000e+01,1.123690037564440303e+02
2.412499999999976996e+00,2.109347916770813356e+02,9.218398181069623831e+01,-1.048310804527117135e+01,-1.000000000000000000e+01,1.107361223169594524e+02
2.414999999999976943e+00,2.111652129378895779e+02,9.211582807277210350e+01,-1.045942089248189966e+01,-1.000000000000000000e+01,1.091001623405746557e+02
2.417499999999976890e+00,2.113954639519575380e+02,9.204794303111086151e+01,-1.043704511677987767e+01,-1.000000000000000000e+01,1.074612285775364171e+02
2.419999999999976836e+00,2.116255454245471697e+02,9.198038645790200007e+01,-1.041600504507290381e+01,-1.000000000000000000e+01,1.058194617336468326e+02
2.422499999999976783e+00,2.118554582108928628e+02,9.191321903907935109e+01,-1.039631680587243068e+01,-1.000000000000000000e+01,1.041750378148112617e+02
2.424999999999976730e+00,2.120852033184107484e+02,9.184650222470388314e+01,-1.037799464923116588e+01,-1.000000000000000000e+01,1.025281671345164796e+02
2.427499999999976676e+00,2.123147819085216952e+02,9.178029808322953897e+01,-1.036104647135717371e+01,-1.000000000000000000e+01,1.008790932227037729e+02
2.429999999999976623e+00,2.125441952981110205e+02,9.171466914736427611e+01,-1.034547911511958063e+01,-1.000000000000000000e+01,9.922809135853006524e+01
2.432499999999976570e+00,2.127734449606035980e+02,9.164967824846519306e+01,-1.033128946983892327e+01,-1.000000000000000000e+01,9.757546681090427398e+01
2.434999999999976517e+00,2.130025325266132654e+02,9.158538834447863053e+01,-1.031847615315822964e+01,-1.000000000000000000e+01,9.592155291030586284e+01
2.437499999999976463e+00,2.132314597841559305e+02,9.152186234413366606e+01,-1.030703074048020618e+01,-1.000000000000000000e+01,9.426670890012205462e+01
2.439999999999976410e+00,2.134602286784317755e+02,9.145916292591314800e+01,-1.029694024000806785e+01,-1.000000000000000000e+01,9.261131741184695443e+01
2.442499999999976357e+00,2.136888413111479110e+02,9.139735235253249357e+01,-1.028818587497095116e+01,-1.000000000000000000e+01,9.095578180199674989e+01
2.444999999999976303e+00,2.139172999393654777e+02,9.133649228033510781e+01,-1.028075441951180125e+01,-1.000000000000000000e+01,8.930052337681732411e+01
2.447499999999976250e+00,2.141456069738807457e+02,9.127664356879726881e+01,-1.027461888605835583e+01,-1.000000000000000000e+01,8.764597854543539768e+01
2.449999999999976197e+00,2.143737649771220788e+02,9.121786608221026427e+01,-1.026666612033209702e+01,-1.000000000000000000e+01,8.599260712056781131e+01
2.452499999999976144e+00,2.146017766364416843e+02,9.115973508964614780e+01,-1.025399749830321028e+01,-1.000000000000000000e+01,8.434146431608201055e+01
2.454999999999976090e+00,2.148296430638071683e+02,9.110174713690592796e+01,-1.023687483529124798e+01,-1.000000000000000000e+01,8.269384677578342746e+01
2.457499999999976037e+00,2.150573645830642988e+02,9.104384219202239592e+01,-1.021555014076959012e+01,-1.000000000000000000e+01,8.105104218194709631e+01
2.459999999999975984e+00,2.152849413676940173e+02,9.098595952693261779e+01,-1.019025599799322457e+01,-1.000000000000000000e+01,7.941432633867547963e+01
2.462499999999975930e+00,2.155123734387849765e+02,9.092803720160269165e+01,-1.016121486720477662e+01,-1.000000000000000000e+01,7.778496012922417435e+01
2.464999999999975877e+00,2.157396606617109001e+02,9.087001153188610658e+01,-1.012864036274889479e+01,-1.000000000000000000e+01,7.616418497083174088e+01
2.467499999999975824e+00,2.159668027414626863e+02,9.081181654028739558e+01,-1.009273846548885878e+01,-1.000000000000000000e+01,7.455321722040353905e+01
2.469999999999975770e+00,2.161937992165962612e+02,9.075338338979695152e+01,-1.005405247579379591e+01,-1.000000000000000000e+01,7.295324495159091782e+01
2.472499999999975717e+00,2.164206494433823877e+02,9.069466973615880079e+01,-1.001430374799124046e+01,-1.000000000000000000e+01,7.136533676395214343e+01
2.474999999999975664e+00,2.166473527663201537e+02,9.063574702796547911e+01,-9.973937155796141596e+00,-1.000000000000000000e+01,6.979035452391130434e+01
2.477499999999975611e+00,2.168739086622192644e+02,9.057658450006931616e+01,-9.933072768745011771e+00,-1.000000000000000000e+01,6.822904151977107290e+01
2.479999999999975557e+00,2.171003164972283912e+02,9.051711968838240807e+01,-9.891820943151644840e+00,-1.000000000000000000e+01,6.668203347046095075e+01
2.482499999999975504e+00,2.173265754789648838e+02,9.045728584263504501e+01,-9.850290024464076311e+00,-1.000000000000000000e+01,6.514985526075314226e+01
2.484999999999975451e+00,2.175526846455228736e+02,9.039701207381155257e+01,-9.808591227124368928e+00,-1.000000000000000000e+01,6.363291771546603570e+01
2.487499999999975397e+00,2.177786428572149475e+02,9.033622891465540761e+01,-9.766834753115523071e+00,-1.000000000000000000e+01,6.213151505329366842e+01
2.489999999999975344e+00,2.180044488015788033e+02,9.027486277402684323e+01,-9.725139625187884107e+00,-1.000000000000000000e+01,6.064582231132978052e+01
2.492499999999975291e+00,2.182301009760487034e+02,9.021282932368765728e+01,-9.683629114178902597e+00,-1.000000000000000000e+01,5.917589367464071159e+01
2.494999999999975238e+00,2.184555976611800929e+02,9.015003355827100506e+01,-9.642435131774954371e+00,-1.000000000000000000e+01,5.772166104609749482e+01
2.497499999999975184e+00,2.186809368940768650e+02,9.008637006837186334e+01,-9.601691953968172655e+00,-1.000000000000000000e+01,5.628293367891255627e+01
2.499999999999975131e+00,2.189061164425792185e+02,9.002172347130853325e+01,-9.561526154085287388e+00,-1.000000000000000000e+01,5.485939753379069828e+01
2.502499999999975078e+00,2.191311338050001893e+02,8.995644502783319751e+01,-9.521955729297888027e+00,-1.000000000000000000e+01,5.345059713768125675e+01
2.504999999999975024e+00,2.193559878556247611e+02,8.989095090635295549e+01,-9.482965069022805338e+00,-1.000000000000000000e+01,5.205599339632227895e+01
2.507499999999974971e+00,2.195806780414089019e+02,8.982521663495263908e+01,-9.444530198969157908e+00,-1.000000000000000000e+01,5.067498687087595499e+01
2.509999999999974918e+00,2.198052037481621710e+02,8.975921782949737349e+01,-9.406631554047008237e+00,-1.000000000000000000e+01,4.930692157692693911e+01
2.512499999999974865e+00,2.200295643008024342e+02,8.969293025547027298e+01,-9.369250518125292970e+00,-1.000000000000000000e+01,4.795108749297804707e+01
2.514999999999974811e+00,2.202537589637664155e+02,8.962632988799005318e+01,-9.332368033212308234e+00,-1.000000000000000000e+01,4.660672283999586085e+01
2.517499999999974758e+00,2.204777869415672171e+02,8.955939297229843987e+01,-9.295959202311474101e+00,-1.000000000000000000e+01,4.527301747184723979e+01
2.519999999999974705e+00,2.207016473795036404e+02,8.949209609245248487e+01,-9.260003877432586350e+00,-1.000000000000000000e+01,4.394911460303876538e+01
2.522499999999974651e+00,2.209253393645454935e+02,8.942441624475395656e+01,-9.224482020852081021e+00,-1.000000000000000000e+01,4.263411457248550107e+01
2.524999999999974598e+00,2.211488619264131330e+02,8.935633091253373550e+01,-9.189372934816766758e+00,-1.000000000000000000e+01,4.132707494747901222e+01
2.527499999999974545e+00,2.213722140388327944e+02,8.928781813570589065e+01,-9.154654673540038701e+00,-1.000000000000000000e+01,4.002701401209409227e+01
2.529999999999974492e+00,2.215953946209673404e+02,8.921885658452585233e+01,-9.120308899894512322e+00,-1.000000000000000000e+01,3.873291261894317472e+01
2.532499999999974438e+00,2.218184025390360432e+02,8.914942563624651939e+01,-9.086317479300767275e+00,-1.000000000000000000e+01,3.744371505614920892e+01
2.534999999999974385e+00,2.220412366081239668e+02,8.907950544782606528e+01,-9.052660425155798052e+00,-1.000000000000000000e+01,3.615833067851025362e+01
2.537499999999974332e+00,2.222638955941756080e+02,8.900907702903178631e+01,-9.019320552313827122e+00,-1.000000000000000000e+01,3.487563614082563390e+01
2.539999999999974278e+00,2.224863782161627910e+02,8.893812231470013785e+01,-8.986275318689548541e+00,-1.000000000000000000e+01,3.359447618635162769e+01
2.542499999999974225e+00,2.227086831484378422e+02,8.886662422676222661e+01,-8.953514809417251641e+00,-1.000000000000000000e+01,3.231366598688654079e+01
2.544999999999974172e+00,2.229308090232398172e+02,8.879456674966056084e+01,-8.921021857549174428e+00,-1.000000000000000000e+01,3.103199064319474232e+01
2.547499999999974118e+00,2.231527544333930564e+02,8.872193499631198677e+01,-8.888781253401420557e+00,-1.000000000000000000e+01,2.974820779821138927e+01
2.549999999999974065e+00,2.233745179351576837e+02,8.864871526815053926e+01,-8.856649985890669541e+00,-1.000000000000000000e+01,2.846104988232047006e+01
2.552499999999974012e+00,2.235960980135232319e+02,8.857422675315365268e+01,-8.824531513573200314e+00,-1.000000000000000000e+01,2.716922026222983533e+01
2.554999999999973959e+00,2.238174907620563374e+02,8.849773692293125293e+01,-8.792463512188858132e+00,-1.000000000000000000e+01,2.587139384600601133e+01
2.557499999999973905e+00,2.240386911261585965e+02,8.841915590848302031e+01,-8.760502788008567521e+00,-1.000000000000000000e+01,2.456622103460323103e+01
2.559999999999973852e+00,2.242596938279112351e+02,8.833839676942585584e+01,-8.728706119969508848e+00,-1.000000000000000000e+01,2.325233373014016891e+01
2.562499999999973799e+00,2.244804933741103241e+02,8.825537674784182229e+01,-8.697130062318684907e+00,-1.000000000000000000e+01,2.192835261312360728e+01
2.564999999999973745e+00,2.247010840674120402e+02,8.817001842332359729e+01,-8.665834878595310542e+00,-1.000000000000000000e+01,2.059289708349009018e+01
2.567499999999973692e+00,2.249214600202893735e+02,8.808225075222706835e+01,-8.634870850293491884e+00,-1.000000000000000000e+01,1.924459417376348469e+01
2.569999999999973639e+00,2.251416151715226590e+02,8.799200996550709419e+01,-8.604294761891507548e+00,-1.000000000000000000e+01,1.788209107618628835e+01
2.572499999999973586e+00,2.253615433048413479e+02,8.789924032124581288e+01,-8.574158094328970137e+00,-1.000000000000000000e+01,1.650406571545180867e+01
2.574999999999973532e+00,2.255812380693655257e+02,8.780389467273526805e+01,-8.544501088046814630e+00,-1.000000000000000000e+01,1.510923915212313240e+01
2.577499999999973479e+00,2.258006930017977254e+02,8.770593390755830399e+01,-8.515360512842192975e+00,-1.000000000000000000e+01,1.369638969633776959e+01
2.579999999999973426e+00,2.260199015438934111e+02,8.760532314196989034e+01,-8.486769872094917844e+00,-1.000000000000000000e+01,1.226436682126688282e+01
2.582499999999973372e+00,2.262388570528950424e+02,8.750203435972026966e+01,-8.458750484994570940e+00,-1.000000000000000000e+01,1.081210469563548848e+01
2.584999999999973319e+00,2.264575528207706725e+02,8.739604804349748690e+01,-8.431328670026024596e+00,-1.000000000000000000e+01,9.338637777162054121e+00
2.587499999999973266e+00,2.266759820955449811e+02,8.728735328652685155e+01,-8.404516141057005285e+00,-1.000000000000000000e+01,7.843114834613221120e+00
2.589999999999973213e+00,2.268941381028550666e+02,8.717594783665637692e+01,-8.378361067208599522e+00,-1.000000000000000000e+01,6.324815559540132526e+00
2.592499999999973159e+00,2.271120140675957657e+02,8.706188139904112688e+01,-8.353141721345528126e+00,-1.000000000000000000e+01,4.783180403356854349e+00
2.594999999999973106e+00,2.273296034193121784e+02,8.694562649604188209e+01,-8.328956968309542575e+00,-1.000000000000000000e+01,3.217934442030429221e+00
2.597499999999973053e+00,2.275469010447369556e+02,8.682745244838982046e+01,-8.305728357521079630e+00,-1.000000000000000000e+01,1.628992261910986006e+00
2.599999999999972999e+00,2.277639021593949735e+02,8.670738292905433298e+01,-8.283390764519362293e+00,-1.000000000000000000e+01,1.643838088869912714e-02
2.602499999999972946e+00,2.279806020365936376e+02,8.658541328093296841e+01,-8.261887836334071977e+00,-1.000000000000000000e+01,-1.619465603862808134e+00
2.604999999999972893e+00,2.281969959088237374e+02,8.646153777070337298e+01,-8.241144630425960571e+00,-1.000000000000000000e+01,-3.278282549717185912e+00
2.607499999999972840e+00,2.284130790242627143e+02,8.633577912486509831e+01,-8.221101091082619661e+00,-1.000000000000000000e+01,-4.959402143792122075e+00
2.609999999999972786e+00,2.286288466881809711e+02,8.620816056300289176e+01,-8.201701114065070186e+00,-1.000000000000000000e+01,-6.662042814166809990e+00
2.612499999999972733e+00,2.288442942641642048e+02,8.607870578039727150e+01,-8.182879638945964373e+00,-1.000000000000000000e+01,-8.385256272245401377e+00
2.614999999999972680e+00,2.290594171752892123e+02,8.594743891354049481e+01,-8.164596185638885117e+00,-1.000000000000000000e+01,-1.012793150230608319e+01
2.617499999999972626e+00,2.292742109052018122e+02,8.581438448645778294e+01,-8.146799675478597180e+00,-1.000000000000000000e+01,-1.188880334348880297e+01
2.619999999999972573e+00,2.294886709990520615e+02,8.567956733587395490e+01,-8.129444524834900321e+00,-1.000000000000000000e+01,-1.366646142900757788e+01
2.622499999999972520e+00,2.297027930642280467e+02,8.554301253458878307e+01,-8.112494742764237543e+00,-1.000000000000000000e+01,-1.545936134396421657e+01
2.624999999999972466e+00,2.299165727708992790e+02,8.540474530287416144e+01,-8.095907947794119153e+00,-1.000000000000000000e+01,-1.726583800716361594e+01
2.627499999999972413e+00,2.301300058523361827e+02,8.526479091284265621e+01,-8.079649387567716445e+00,-1.000000000000000000e+01,-1.908412064918300288e+01
2.629999999999972360e+00,2.303430881049825416e+02,8.512317458893126343e+01,-8.063685134152558831e+00,-1.000000000000000000e+01,-2.091234940776017481e+01
2.632499999999972307e+00,2.305558153882818431e+02,8.497992140794630700e+01,-8.047983774128121937e+00,-1.000000000000000000e+01,-2.274859328180198048e+01
2.634999999999972253e+00,2.307681836242480529e+02,8.483505619973091427e+01,-8.032520099441931904e+00,-1.000000000000000000e+01,-2.459086913217274528e+01
2.637499999999972200e+00,2.309801887967962273e+02,8.468860345086608277e+01,-8.017266464863201492e+00,-1.000000000000000000e+01,-2.643716107061953480e+01
2.639999999999972147e+00,2.311918269508332457e+02,8.454058720835023166e+01,-8.002200782011241742e+00,-1.000000000000000000e+01,-2.828544050007374722e+01
2.642499999999972093e+00,2.314030941910977219e+02,8.439103098241005796e+01,-7.987299634609831500e+00,-1.000000000000000000e+01,-3.013368589825912736e+01
2.644999999999972040e+00,2.316139866807689884e+02,8.423995765382844070e+01,-7.972539659183982330e+00,-1.000000000000000000e+01,-3.197990202213542332e+01
2.647499999999971987e+00,2.318245006398450130e+02,8.408738939064778606e+01,-7.957902047358493824e+00,-1.000000000000000000e+01,-3.382213827966183572e+01
2.649999999999971934e+00,2.320346323433103919e+02,8.393334756753445447e+01,-7.943371640693624336e+00,-1.000000000000000000e+01,-3.565850602172319839e+01
2.652499999999971880e+00,2.322443781202697153e+02,8.377787203298655072e+01,-7.928929974127142621e+00,-1.000000000000000000e+01,-3.748719388401956110e+01
2.654999999999971827e+00,2.324537344184867322e+02,8.362100221736841377e+01,-7.914566097186821025e+00,-1.000000000000000000e+01,-3.930648110511251758e+01
2.657499999999971774e+00,2.326626977635043545e+02,8.346275751950342681e+01,-7.900257514192113639e+00,-1.000000000000000000e+01,-4.111474935121189844e+01
2.659999999999971720e+00,2.328712647287787263e+02,8.330315627038969239e+01,-7.885996630685044195e+00,-1.000000000000000000e+01,-4.291049253292317189e+01
2.662499999999971667e+00,2.330794319329688165e+02,8.314221567587122763e+01,-7.871771806165930307e+00,-1.000000000000000000e+01,-4.469232442731605914e+01
2.664999999999971614e+00,2.332871960370938211e+02,8.297995175864875250e+01,-7.857566716116726191e+00,-1.000000000000000000e+01,-4.645898450028009563e+01
2.667499999999971561e+00,2.334945537415414663e+02,8.281637931184287993e+01,-7.843375165063325660e+00,-1.000000000000000000e+01,-4.820934115205587744e+01
2.669999999999971507e+00,2.337015017829754413e+02,8.265151184696257758e+01,-7.829178411687612638e+00,-1.000000000000000000e+01,-4.994239338875414802e+01
2.672499999999971454e+00,2.339080369310993888e+02,8.248536155315827045e+01,-7.814974902053811512e+00,-1.000000000000000000e+01,-5.165726993552984680e+01
2.674999999999971401e+00,2.341141559853327294e+02,8.231793926091890512e+01,-7.800746844285726844e+00,-1.000000000000000000e+01,-5.335322833552741884e+01
2.677499999999971347e+00,2.343198557713906212e+02,8.214925440495161979e+01,-7.786489517588124798e+00,-1.000000000000000000e+01,-5.502965050172081618e+01
2.679999999999971294e+00,2.345251331377743043e+02,8.197931498797555605e+01,-7.772194071421961503e+00,-1.000000000000000000e+01,-5.668603843798098296e+01
2.682499999999971241e+00,2.347299849521743340e+02,8.180812755759301069e+01,-7.757851758389956665e+00,-1.000000000000000000e+01,-5.832200836680585354e+01
2.684999999999971187e+00,2.349344080978272871e+02,8.163569718100652040e+01,-7.743452191742143498e+00,-1.000000000000000000e+01,-5.993728477912788577e+01
2.687499999999971134e+00,2.351383994697883111e+02,8.146202741972764727e+01,-7.728988997160413099e+00,-1.000000000000000000e+01,-6.153169246319330199e+01
2.689999999999971081e+00,2.353419559711627187e+02,8.128712031043093589e+01,-7.714459884886214702e+00,-1.000000000000000000e+01,-6.310514923013319333e+01
2.692499999999971028e+00,2.355450745092851150e+02,8.111097635136535189e+01,-7.699852613470554274e+00,-1.000000000000000000e+01,-6.465765872291494532e+01
2.694999999999970974e+00,2.357477519918611222e+02,8.093359449134058536e+01,-7.685164746307750150e+00,-1.000000000000000000e+01,-6.618930227147455980e+01
2.697499999999970921e+00,2.359499853230897486e+02,8.075497210929670189e+01,-7.670384804744553975e+00,-1.000000000000000000e+01,-6.770023008421597410e+01
2.699999999999970868e+00,2.361517713997280055e+02,8.057510501399727332e+01,-7.655596487152299012e+00,-1.000000000000000000e+01,-6.919065302967152320e+01
2.702499999999970814e+00,2.363531071881115793e+02,8.039528522602942928e+01,-7.640886187285455655e+00,-1.000000000000000000e+01,-7.066073675743845683e+01
2.704999999999970761e+00,2.365539941788441354e+02,8.021679172975963468e+01,-7.626261497193293160e+00,-1.000000000000000000e+01,-7.211065583975300797e+01
2.707499999999970708e+00,2.367544356761599147e+02,8.003960465145743797e+01,-7.611727946803378941e+00,-1.000000000000000000e+01,-7.354063207721230810e+01
2.709999999999970655e+00,2.369544349353643611e+02,7.986370544219610679e+01,-7.597292833122997635e+00,-1.000000000000000000e+01,-7.495092954464949742e+01
2.712499999999970601e+00,2.371539951661207510e+02,7.968907682905100387e+01,-7.582953971052793563e+00,-1.000000000000000000e+01,-7.634185311377119376e+01
2.714999999999970548e+00,2.373531195356138426e+02,7.951570276538659243e+01,-7.568717931785383435e+00,-1.000000000000000000e+01,-7.771374149593820846e+01
2.717499999999970495e+00,2.375518111715835801e+02,7.934356837906656779e+01,-7.554588570866084929e+00,-1.000000000000000000e+01,-7.906696620264665398e+01
2.719999999999970441e+00,2.377500731652347952e+02,7.917265993278007841e+01,-7.540573389174816121e+00,-1.000000000000000000e+01,-8.040192708846484493e+01
2.722499999999970388e+00,2.379479085740590847e+02,7.900296478147517121e+01,-7.526667383602225314e+00,-1.000000000000000000e+01,-8.171905015257306104e+01
2.724999999999970335e+00,2.381453204245339066e+02,7.883447133053674349e+01,-7.512878201545175827e+00,-1.000000000000000000e+01,-8.301878309648709831e+01
2.727499999999970282e+00,2.383423117147276002e+02,7.866716899321707501e+01,-7.499208648835087310e+00,-1.000000000000000000e+01,-8.430159388914253782e+01
2.729999999999970228e+00,2.385388854168005537e+02,7.850104815413597237e+01,-7.485660625047684924e+00,-1.000000000000000000e+01,-8.556796806964302959e+01
2.732499999999970175e+00,2.387350444794055875e+02,7.833610013021063878e+01,-7.472235141911034439e+00,-1.000000000000000000e+01,-8.681840491522618208e+01
2.734999999999970122e+00,2.389307918300020503e+02,7.817231713644699198e+01,-7.458936908592321835e+00,-1.000000000000000000e+01,-8.805341751109796178e+01
2.737499999999970068e+00,2.391261303770844506e+02,7.800969225431146015e+01,-7.445772842640476341e+00,-1.000000000000000000e+01,-8.927352910755115545e+01
2.739999999999970015e+00,2.393210630123245153e+02,7.784821939338308994e+01,-7.432738387347644249e+00,-1.000000000000000000e+01,-9.047927245718325651e+01
2.742499999999969962e+00,2.395155926126285237e+02,7.768789326623229385e+01,-7.419838057608242110e+00,-1.000000000000000000e+01,-9.167118741073029753e+01
2.744999999999969909e+00,2.397097220421246391e+02,7.752870935925801632e+01,-7.407071912475766240e+00,-1.000000000000000000e+01,-9.284982020844152828e+01
2.747499999999969855e+00,2.399034541540825671e+02,7.737066389682561862e+01,-7.394445460418371141e+00,-1.000000000000000000e+01,-9.401572138578585225e+01
2.749999999999969802e+00,2.400967917927385145e+02,7.721375381074687994e+01,-7.381986208299993635e+00,-1.000000000000000000e+01,-9.516944536528060894e+01
2.752499999999969749e+00,2.402897378114230094e+02,7.705823084378255317e+01,-7.369723735979029300e+00,-1.000000000000000000e+01,-9.631154012849900425e+01
2.754999999999969695e+00,2.404822959446648838e+02,7.690433803209100461e+01,-7.357664783839855893e+00,-1.000000000000000000e+01,-9.744255449848449757e+01
2.757499999999969642e+00,2.406744702597670482e+02,7.675206150712507736e+01,-7.345808990280173312e+00,-1.000000000000000000e+01,-9.856304236740020031e+01
2.759999999999969589e+00,2.408662647900956415e+02,7.660138868129152456e+01,-7.334159224238661956e+00,-1.000000000000000000e+01,-9.967356172933746450e+01
2.762499999999969535e+00,2.410576835382489094e+02,7.645230818685645602e+01,-7.322718369570953456e+00,-1.000000000000000000e+01,-1.007746738605818422e+02
2.764999999999969482e+00,2.412487304790756752e+02,7.630480981679460228e+01,-7.311492054011926811e+00,-1.000000000000000000e+01,-1.018669433728994704e+02
2.767499999999969429e+00,2.414394095625422665e+02,7.615888447024084940e+01,-7.300474255354454378e+00,-1.000000000000000000e+01,-1.029509383663744444e+02
2.769999999999969376e+00,2.416297247164702355e+02,7.601452410244938562e+01,-7.289670103882465391e+00,-1.000000000000000000e+01,-1.040272285418321587e+02
2.772499999999969322e+00,2.418196798491452739e+02,7.587172166844239030e+01,-7.279077590128931519e+00,-1.000000000000000000e+01,-1.050963864575423798e+02
2.774999999999969269e+00,2.420092788517897304e+02,7.573047107177636406e+01,-7.268699794890183696e+00,-1.000000000000000000e+01,-1.061589868450275134e+02
2.777499999999969216e+00,2.421985256009007230e+02,7.559076711349183597e+01,-7.258530536048580117e+00,-1.000000000000000000e+01,-1.072156062398209428e+02
2.779999999999969162e+00,2.423874239604726597e+02,7.545260544979871042e+01,-7.248570685263746149e+00,-1.000000000000000000e+01,-1.082668233259572474e+02
2.782499999999969109e+00,2.425759777841040830e+02,7.531598253748826721e+01,-7.238820320730491531e+00,-1.000000000000000000e+01,-1.093132181357556334e+02
2.784999999999969056e+00,2.427641909169712733e+02,7.518089557771415343e+01,-7.229276702064677984e+00,-1.000000000000000000e+01,-1.103553734050019841e+02
2.787499999999969003e+00,2.429520671976579536e+02,7.504734246826103572e+01,-7.219938748990748500e+00,-1.000000000000000000e+01,-1.113938731848050026e+02
2.789999999999968949e+00,2.431396104598665886e+02,7.491532175239100866e+01,-7.210802636341910876e+00,-1.000000000000000000e+01,-1.124293038411829428e+02
2.792499999999968896e+00,2.433268245340068461e+02,7.478483256533604617e+01,-7.201868495854822250e+00,-1.000000000000000000e+01,-1.134622532790658767e+02
2.794999999999968843e+00,2.435137132486461553e+02,7.465587458264856480e+01,-7.193127587554597469e+00,-1.000000000000000000e+01,-1.144933111273023627e+02
2.797499999999968789e+00,2.437002804318269398e+02,7.452844796510680681e+01,-7.184581256528648652e+00,-1.000000000000000000e+01,-1.155230686152739423e+02
2.799999999999968736e+00,2.438865299122488182e+02,7.440255330743177353e+01,-7.176153136509558550e+00,-1.000000000000000000e+01,-1.165521182784565752e+02
2.802499999999968683e+00,2.440724654884239158e+02,7.427769470856713951e+01,-7.167762148182648119e+00,-1.000000000000000000e+01,-1.175810370912818286e+02
2.804999999999968630e+00,2.442580892265158354e+02,7.415339356681032257e+01,-7.159409689281220679e+00,-1.000000000000000000e+01,-1.186103888597825318e+02
2.807499999999968576e+00,2.444434025344585564e+02,7.402967489557097736e+01,-7.151099826003957993e+00,-1.000000000000000000e+01,-1.196407310432195885e+02
2.809999999999968523e+00,2.446284068823362361e+02,7.390656301961736574e+01,-7.142835509681008332e+00,-1.000000000000000000e+01,-1.206726144669997041e+02
2.812499999999968470e+00,2.448131038006519020e+02,7.378408156788675853e+01,-7.134615671816141536e+00,-1.000000000000000000e+01,-1.217065836095478772e+02
2.814999999999968416e+00,2.449974948785880429e+02,7.366225347117074307e+01,-7.126443816951852916e+00,-1.000000000000000000e+01,-1.227431746487071820e+02
2.817499999999968363e+00,2.451815817622614020e+02,7.354110095686181126e+01,-7.118321426217890213e+00,-1.000000000000000000e+01,-1.237829169130155407e+02
2.819999999999968310e+00,2.453653661529538681e+02,7.342064553967979634e+01,-7.110248038292139583e+00,-1.000000000000000000e+01,-1.248263316836922314e+02
2.822499999999968257e+00,2.455488498053367437e+02,7.330090801665319589e+01,-7.102226216546250193e+00,-1.000000000000000000e+01,-1.258739319328072810e+02
2.824999999999968203e+00,2.457320345256637495e+02,7.318190846807564753e+01,-7.094260305151386170e+00,-1.000000000000000000e+01,-1.269262214359062710e+02
2.827499999999968150e+00,2.459149221699873351e+02,7.306366625283703797e+01,-7.086350844512438130e+00,-1.000000000000000000e+01,-1.279836949288655035e+02
2.829999999999968097e+00,2.460975146423484148e+02,7.294620000356371747e+01,-7.078496798626828124e+00,-1.000000000000000000e+01,-1.290468366409004091e+02
2.832499999999968043e+00,2.462798138929602771e+02,7.282952762342226549e+01,-7.070702834663141090e+00,-1.000000000000000000e+01,-1.301161200205511363e+02
2.834999999999967990e+00,2.464618219163825472e+02,7.271366628496748774e+01,-7.062973557986027551e+00,-1.000000000000000000e+01,-1.311920065139206599e+02
2.837499999999967937e+00,2.466435407496921073e+02,7.259863242812997441e+01,-7.055306528942052680e+00,-1.000000000000000000e+01,-1.322749454374992411e+02
2.839999999999967883e+00,2.468249724706533357e+02,7.248444175835527403e+01,-7.047708398596198798e+00,-1.000000000000000000e+01,-1.333653711935544095e+02
2.842499999999967830e+00,2.470061191958799327e+02,7.237110924331709327e+01,-7.040180605211123321e+00,-1.000000000000000000e+01,-1.344637044627915543e+02
2.844999999999967777e+00,2.471869830789865148e+02,7.225864911343579422e+01,-7.032726040037990956e+00,-1.000000000000000000e+01,-1.355703489798529517e+02
2.847499999999967724e+00,2.473675663087522594e+02,7.214707486406858550e+01,-7.025343164264767459e+00,-1.000000000000000000e+01,-1.366856904193571154e+02
2.849999999999967670e+00,2.475478711072775866e+02,7.203639925033218105e+01,-7.018166747664305483e+00,-1.000000000000000000e+01,-1.378100972088048195e+02
2.852499999999967617e+00,2.477278997750069607e+02,7.192734676160114304e+01,-7.011317910551983168e+00,-1.000000000000000000e+01,-1.389440004403728324e+02
2.854999999999967564e+00,2.479076571251266046e+02,7.182060187875512725e+01,-7.004789923762971604e+00,-1.000000000000000000e+01,-1.400878495870664722e+02
2.857499999999967510e+00,2.480871489010397966e+02,7.171611954358155572e+01,-6.998577949154874744e+00,-1.000000000000000000e+01,-1.412420754731143120e+02
2.859999999999967457e+00,2.482663807341996289e+02,7.161385587443071188e+01,-6.992672560190753117e+00,-1.000000000000000000e+01,-1.424070882054759011e+02
2.862499999999967404e+00,2.484453581469720689e+02,7.151376803795476178e+01,-6.987067794401662368e+00,-1.000000000000000000e+01,-1.435832741203453224e+02
2.864999999999967351e+00,2.486240865551878017e+02,7.141581413053512506e+01,-6.981747509826045750e+00,-1.000000000000000000e+01,-1.447709917772029655e+02
2.867499999999967297e+00,2.488025712704037744e+02,7.131995306164131421e+01,-6.976706389910826367e+00,-1.000000000000000000e+01,-1.459705677520842357e+02
2.869999999999967244e+00,2.489808175018691543e+02,7.122614443827824005e+01,-6.971931350049687559e+00,-1.000000000000000000e+01,-1.471822945642923628e+02
2.872499999999967191e+00,2.491588303582038009e+02,7.113434845794934347e+01,-6.967411587823517216e+00,-1.000000000000000000e+01,-1.484064256030947888e+02
2.874999999999967137e+00,2.493366148488199201e+02,7.104452580864061417e+01,-6.963102947948293320e+00,-1.000000000000000000e+01,-1.496431761870043715e+02
2.877499999999967084e+00,2.495141758429389256e+02,7.095677132726900993e+01,-6.958871110739132781e+00,-1.000000000000000000e+01,-1.508926319882111216e+02
2.879999999999967031e+00,2.496915188659445732e+02,7.087160272889992996e+01,-6.954716466233579197e+00,-1.000000000000000000e+01,-1.521547052253280583e+02
2.882499999999966978e+00,2.498686504739634984e+02,7.078908063309231125e+01,-6.950659172167326538e+00,-1.000000000000000000e+01,-1.534292432810060234e+02
2.884999999999966924e+00,2.500455772571519333e+02,7.070915755315179752e+01,-6.946718945518586708e+00,-1.000000000000000000e+01,-1.547160450056061904e+02
2.887499999999966871e+00,2.502223056857602330e+02,7.063178399468992552e+01,-6.942923147395038797e+00,-1.000000000000000000e+01,-1.560148606868981176e+02
2.889999999999966818e+00,2.503988421053007016e+02,7.055691253652682349e+01,-6.939293817478512594e+00,-1.000000000000000000e+01,-1.573253940414763008e+02
2.892499999999966764e+00,2.505751927473390310e+02,7.048450045565728317e+01,-6.935856306560436835e+00,-1.000000000000000000e+01,-1.586473018532312267e+02
2.894999999999966711e+00,2.507513637356084075e+02,7.041450219879634176e+01,-6.932630349407023829e+00,-1.000000000000000000e+01,-1.599801959192348022e+02
2.897499999999966658e+00,2.509273610778857346e+02,7.034686859946994275e+01,-6.929643896352201793e+00,-1.000000000000000000e+01,-1.613236442209264965e+02
2.899999999999966604e+00,2.511031906570225090e+02,7.028154700157202228e+01,-6.926584560251528799e+00,-1.000000000000000000e+01,-1.626771728266448633e+02
2.902499999999966551e+00,2.512788581123550955e+02,7.021674346978954873e+01,-6.923179004795254166e+00,-1.000000000000000000e+01,-1.640402167289310569e+02
2.904999999999966498e+00,2.514543628559071635e+02,7.015068637620196057e+01,-6.919504236338519298e+00,-1.000000000000000000e+01,-1.654121373033330258e+02
2.907499999999966445e+00,2.516297017407129317e+02,7.008335400783795421e+01,-6.915631837959042016e+00,-1.000000000000000000e+01,-1.667922396755592445e+02
2.909999999999966391e+00,2.518048715674106006e+02,7.001472811011461772e+01,-6.911632023447178419e+00,-1.000000000000000000e+01,-1.681797740483185351e+02
2.912499999999966338e+00,2.519798690930428222e+02,6.994479413946051238e+01,-6.907566077393846093e+00,-1.000000000000000000e+01,-1.695739377306715880e+02
2.914999999999966285e+00,2.521546910405130006e+02,6.987354101233529491e+01,-6.903490600131996224e+00,-1.000000000000000000e+01,-1.709738777386191373e+02
2.917499999999966231e+00,2.523293341067112863e+02,6.980095436714640300e+01,-6.899456005700573158e+00,-1.000000000000000000e+01,-1.723786946979505785e+02
2.919999999999966178e+00,2.525037949469732723e+02,6.972701500773179362e+01,-6.895509356949272473e+00,-1.000000000000000000e+01,-1.737874470641629898e+02
2.922499999999966125e+00,2.526780701689663715e+02,6.965170443062125116e+01,-6.891597636580959474e+00,-1.000000000000000000e+01,-1.751991633852111647e+02
2.924999999999966072e+00,2.528521562594943362e+02,6.957512896509715006e+01,-6.887315039497701186e+00,-1.000000000000000000e+01,-1.766127746691591938e+02
2.927499999999966018e+00,2.530260504380699444e+02,6.949778974351485772e+01,-6.882620362860044416e+00,-1.000000000000000000e+01,-1.780271252349109545e+02
2.929999999999965965e+00,2.531997508572179072e+02,6.941970262638078282e+01,-6.877520334996301443e+00,-1.000000000000000000e+01,-1.794410806186389493e+02
2.932499999999965912e+00,2.533732556241946554e+02,6.934082642144535669e+01,-6.872031489579305763e+00,-1.000000000000000000e+01,1.791464583542324647e+02
2.934999999999965858e+00,2.535465627427918776e+02,6.926111908280745411e+01,-6.866173696444024088e+00,-1.000000000000000000e+01,1.777365484481834699e+02
2.937499999999965805e+00,2.537196701112206085e+02,6.918053772085922049e+01,-6.859977030477424798e+00,-1.000000000000000000e+01,1.763301973681249990e+02
2.939999999999965752e+00,2.538925755199936134e+02,6.909903857913309366e+01,-6.853472132735026534e+00,-1.000000000000000000e+01,1.749283581873821447e+02
2.942499999999965699e+00,2.540652766497388484e+02,6.901657698632936899e+01,-6.846694709420349412e+00,-1.000000000000000000e+01,1.735319245854958865e+02
2.944999999999965645e+00,2.542377710688756167e+02,6.893310728490209272e+01,-6.839689422397688290e+00,-1.000000000000000000e+01,1.721417269863708839e+02
2.947499999999965592e+00,2.544100562311060116e+02,6.884858274305767623e+01,-6.832494045146375150e+00,-1.000000000000000000e+01,1.707585296408510942e+02
2.949999999999965539e+00,2.545821294726723920e+02,6.876295545112630236e+01,-6.825381462476863170e+00,-1.000000000000000000e+01,1.693830284100700965e+02
2.952499999999965485e+00,2.547539881156366732e+02,6.867785726390978596e+01,-6.818602517343424374e+00,-1.000000000000000000e+01,1.680158697059491146e+02
2.954999999999965432e+00,2.549256352385207549e+02,6.859488919065611867e+01,-6.812169641394552499e+00,-1.000000000000000000e+01,1.666576758035093917e+02
2.957499999999965379e+00,2.550970761157757067e+02,6.851396256026504261e+01,-6.806097919858841827e+00,-1.000000000000000000e+01,1.653090432161651222e+02
2.959999999999965326e+00,2.552683158021775398e+02,6.843499220042892262e+01,-6.800407903737976767e+00,-1.000000000000000000e+01,1.639705384400795367e+02
2.962499999999965272e+00,2.554393591414884099e+02,6.835789629401686796e+01,-6.795111538195820700e+00,-1.000000000000000000e+01,1.626426938694990270e+02
2.964999999999965219e+00,2.556102107747715309e+02,6.828259624890741009e+01,-6.790226334771881866e+00,-1.000000000000000000e+01,1.613260039535951478e+02
2.967499999999965166e+00,2.557808751483823926e+02,6.820901657994916434e+01,-6.785771944900684360e+00,-1.000000000000000000e+01,1.600209216014726792e+02
2.969999999999965112e+00,2.559513565216742563e+02,6.813708479786792793e+01,-6.781769499005484647e+00,-1.000000000000000000e+01,1.587278548267429130e+02
2.972499999999965059e+00,2.561216589744273620e+02,6.806673131221577933e+01,-6.778238378782845075e+00,-1.000000000000000000e+01,1.574471637369822759e+02
2.974999999999965006e+00,2.562917864140475217e+02,6.799788934349261638e+01,-6.775200777409178698e+00,-1.000000000000000000e+01,1.561791577846381358e+02
2.977499999999964952e+00,2.564617425825465489e+02,6.793049484629453616e+01,-6.772680330643284563e+00,-1.000000000000000000e+01,1.549240931375712762e+02
2.979999999999964899e+00,2.566315310633380591e+02,6.786448643849277573e+01,-6.770699990619189812e+00,-1.000000000000000000e+01,1.536821707877238055e+02
2.982499999999964846e+00,2.568011552878562043e+02,6.779980533908076268e+01,-6.769285211276609537e+00,-1.000000000000000000e+01,1.524535345697204320e+02
2.984999999999964793e+00,2.569706185420304223e+02,6.773639531726186647e+01,-6.768128753706228906e+00,-1.000000000000000000e+01,1.512382661763891178e+02
2.987499999999964739e+00,2.571399240372732606e+02,6.767444158640387286e+01,-6.767122094353752892e+00,-1.000000000000000000e+01,1.500363495731773469e+02
2.989999999999964686e+00,2.573090755052639906e+02,6.761397149595745759e+01,-6.766290838931979579e+00,-1.000000000000000000e+01,1.488477004291835613e+02
2.992499999999964633e+00,2.574780766135346539e+02,6.755491181605411555e+01,-6.765662094461224463e+00,-1.000000000000000000e+01,1.476721754863797287e+02
2.994999999999964579e+00,2.576469308471315571e+02,6.749719039978408830e+01,-6.765255782466587320e+00,-1.000000000000000000e+01,1.465095764573708834e+02
2.997499999999964526e+00,2.578156415113510320e+02,6.744073623065510503e+01,-6.765093203487489326e+00,-1.000000000000000000e+01,1.453596538492042214e+02
2.999999999999964473e+00,2.579842117345921224e+02,6.738547946169083502e+01,1.323494711906562138e+01,-1.000000000000000000e+01,1.442221122877904236e+02
3.002499999999964420e+00,2.581526444349905773e+02,6.733080274616921201e+01,1.273368282326160816e+01,-1.000000000000000000e+01,1.459390580523730705e+02
3.004999999999964366e+00,2.583209404259541202e+02,6.727570582562302093e+01,1.224574673802950642e+01,-1.000000000000000000e+01,1.475818230797032697e+02
3.007499999999964313e+00,2.584890981794237064e+02,6.721966822978409084e+01,1.177104517020252672e+01,-1.000000000000000000e+01,1.491539043421930160e+02
3.009999999999964260e+00,2.586571152615084657e+02,6.716254494852985601e+01,1.130951117496226921e+01,-1.000000000000000000e+01,1.506586442884413373e+02
3.012499999999964206e+00,2.588249888764339062e+02,6.710419795247825903e+01,1.086137478905055964e+01,-1.000000000000000000e+01,1.520992374749643830e+02
3.014999999999964153e+00,2.589927158831155793e+02,6.704467639711680249e+01,1.042686700847248638e+01,-1.000000000000000000e+01,1.534787066064055523e+02
3.017499999999964100e+00,2.591602935019710685e+02,6.698406217461850076e+01,1.000583544017782955e+01,-1.000000000000000000e+01,1.547999345924628756e+02
3.019999999999964047e+00,2.593277189272687906e+02,6.692222652711657815e+01,9.598108525197838858e+00,-1.000000000000000000e+01,1.560656852422602299e+02
3.022499999999963993e+00,2.594949890326984701e+02,6.685904166615674171e+01,9.203496042069183147e+00,-1.000000000000000000e+01,1.572786092994774378e+02
3.024999999999963940e+00,2.596621003737521960e+02,6.679438201402685138e+01,8.821789847717372623e+00,-1.000000000000000000e+01,1.584412511052645982e+02
3.027499999999963887e+00,2.598290491932353348e+02,6.672812419474131218e+01,8.452768514997194060e+00,-1.000000000000000000e+01,1.595560530829150707e+02
3.029999999999963833e+00,2.599958314267763626e+02,6.666014706131488765e+01,8.096199835904634767e+00,-1.000000000000000000e+01,1.606253618440485411e+02
3.032499999999963780e+00,2.601624427084225886e+02,6.659033175338892363e+01,7.751838481441176931e+00,-1.000000000000000000e+01,1.616514325619169199e+02
3.034999999999963727e+00,2.603288783763987908e+02,6.651856178089438743e+01,7.419435089532355754e+00,-1.000000000000000000e+01,1.626364334985476603e+02
3.037499999999963674e+00,2.604951334790874284e+02,6.644472313095299398e+01,7.098731048622811457e+00,-1.000000000000000000e+01,1.635824504714798593e+02
3.039999999999963620e+00,2.606612027812856809e+02,6.636870438801048522e+01,6.789461545823378685e+00,-1.000000000000000000e+01,1.644914908072549906e+02
3.042499999999963567e+00,2.608270807707676795e+02,6.629039686238516538e+01,6.491365462043428458e+00,-1.000000000000000000e+01,1.653654866220896906e+02
3.044999999999963514e+00,2.609927616651753510e+02,6.620969472697127856e+01,6.204170229163719519e+00,-1.000000000000000000e+01,1.662062988090207512e+02
3.047499999999963460e+00,2.611582394192517427e+02,6.612649515138868139e+01,5.927610483372077077e+00,-1.000000000000000000e+01,1.670157197859473683e+02
3.049999999999963407e+00,2.613235077324039253e+02,6.604069843743295110e+01,5.661074587198324792e+00,-1.000000000000000000e+01,1.677954760795987568e+02
3.052499999999963354e+00,2.614885600674239186e+02,6.595234295482062237e+01,5.403983641820877537e+00,-1.000000000000000000e+01,1.685471782059942143e+02
3.054999999999963300e+00,2.616533901091168559e+02,6.586143683694774609e+01,5.156113249857352976e+00,-1.000000000000000000e+01,1.692723481985023852e+02
3.057499999999963247e+00,2.618179914009772915e+02,6.576783939994089678e+01,4.917238840458881377e+00,-1.000000000000000000e+01,1.699724424573787189e+02
3.059999999999963194e+00,2.619823571361654331e+02,6.567141256805571459e+01,4.687136241215567267e+00,-1.000000000000000000e+01,1.706488557356800015e+02
3.062499999999963141e+00,2.621464801642778184e+02,6.557202131341536244e+01,4.465587777190748398e+00,-1.000000000000000000e+01,1.713029249574147457e+02
3.064999999999963087e+00,2.623103529992129097e+02,6.546953409723118966e+01,4.252372406479648426e+00,-1.000000000000000000e+01,1.719359329594566645e+02
3.067499999999963034e+00,2.624739678281437705e+02,6.536382331701581450e+01,4.047272368291670475e+00,-1.000000000000000000e+01,1.725491114296233945e+02
3.069999999999962981e+00,2.626373165216103303e+02,6.525476574593243129e+01,3.850070380041504148e+00,-1.000000000000000000e+01,1.731436444815895186e+02
3.072499999999962927e+00,2.628003906447024178e+02,6.514224297259066532e+01,3.660553947284660659e+00,-1.000000000000000000e+01,1.737206717647959522e+02
3.074999999999962874e+00,2.629631814693460115e+02,6.502614182809905685e+01,3.478764267571460067e+00,-1.000000000000000000e+01,1.742812474919541046e+02
3.077499999999962821e+00,2.631256799876429113e+02,6.490635480450043815e+01,3.303528911167968207e+00,-1.000000000000000000e+01,1.748263926633661924e+02
3.079999999999962768e+00,2.632878769262533751e+02,6.478278045963138254e+01,3.135944867807245906e+00,-1.000000000000000000e+01,1.753573127973189116e+02
3.082499999999962714e+00,2.634497627617910780e+02,6.465532380948532420e+01,2.975103042539540166e+00,-1.000000000000000000e+01,1.758749197646172320e+02
3.084999999999962661e+00,2.636113277371696313e+02,6.452389669303177300e+01,2.820925278317758966e+00,-1.000000000000000000e+01,1.763801582865359592e+02
3.087499999999962608e+00,2.637725618788689985e+02,6.438841813259040237e+01,2.673214870364566842e+00,-1.000000000000000000e+01,1.768739626126961468e+02
3.089999999999962554e+00,2.639334550150887821e+02,6.424881466751072878e+01,2.531781792415419119e+00,-1.000000000000000000e+01,1.773572414917420872e+02
3.092499999999962501e+00,2.640939967947166451e+02,6.410502066648349739e+01,2.396433551717600974e+00,-1.000000000000000000e+01,1.778308814145123051e+02
3.094999999999962448e+00,2.642541767070711671e+02,6.395697861781623317e+01,2.266986275010844487e+00,-1.000000000000000000e+01,1.782957477012850802e+02
3.097499999999962395e+00,2.644139841023589383e+02,6.380463939530072537e+01,2.143256890486449517e+00,-1.000000000000000000e+01,1.787526875056101119e+02
3.099999999999962341e+00,2.645734082127744387e+02,6.364796250258936539e+01,2.024423954828615368e+00,-1.000000000000000000e+01,1.792025289471025360e+02
3.102499999999962288e+00,2.647324381544852940e+02,6.348644083206237809e+01,1.909675359808762130e+00,-1.000000000000000000e+01,1.796459262819109313e+02
3.104999999999962235e+00,2.648910612604599919e+02,6.331944545885180986e+01,1.798854425195681950e+00,-1.000000000000000000e+01,-1.799165414355122437e+02
3.107499999999962181e+00,2.650492637265705298e+02,6.314676997946325798e+01,1.691832926519096336e+00,-1.000000000000000000e+01,-1.794842984474407217e+02
3.109999999999962128e+00,2.652070312416409479e+02,6.296822441464769327e+01,1.588499429653456696e+00,-1.000000000000000000e+01,-1.790567655834344407e+02
3.112499999999962075e+00,2.653643490292105298e+02,6.278363642899868324e+01,1.488763712749322732e+00,-1.000000000000000000e+01,-1.786333538439608901e+02
3.114999999999962021e+00,2.655212018923037931e+02,6.259285247061117019e+01,1.392551066348316713e+00,-1.000000000000000000e+01,-1.782134597920521628e+02
3.117499999999961968e+00,2.656775742609935946e+02,6.239573882008929928e+01,1.299794039744345264e+00,-1.000000000000000000e+01,-1.777964599205292870e+02
3.119999999999961915e+00,2.658334502425431083e+02,6.219218254555997305e+01,1.210437395726790211e+00,-1.000000000000000000e+01,-1.773817084192587004e+02
3.122499999999961862e+00,2.659888136738745743e+02,6.198209236395113209e+01,1.124426215674934282e+00,-1.000000000000000000e+01,-1.769685326081854555e+02
3.124999999999961808e+00,2.661436481761443247e+02,6.176539939894578879e+01,1.041720566608339560e+00,-1.000000000000000000e+01,-1.765562315869360361e+02
3.127499999999961755e+00,2.662979372111429939e+02,6.154205783203440205e+01,9.622780871927484325e-01,-1.000000000000000000e+01,-1.761440715164314668e+02
3.129999999999961702e+00,2.664516641392751239e+02,6.131204545823211305e+01,8.860605666047058904e-01,-1.000000000000000000e+01,-1.757312841482179522e+02
3.132499999999961648e+00,2.666048122788617434e+02,6.107536412585744756e+01,8.130302533746716076e-01,-1.000000000000000000e+01,-1.753170636951732320e+02
3.134999999999961595e+00,2.667573649664894901e+02,6.083204008005066044e+01,7.431474078563836683e-01,-1.000000000000000000e+01,-1.749005658161954671e+02
3.137499999999961542e+00,2.669093056181566794e+02,6.058212419809734683e+01,6.763768371474342400e-01,-1.000000000000000000e+01,-1.744809038275625426e+02
3.139999999999961489e+00,2.670606177909539838e+02,6.032569212243569012e+01,6.126777635650388909e-01,-1.000000000000000000e+01,-1.740571456599575981e+02
3.142499999999961435e+00,2.672112852450099467e+02,6.006284427965916706e+01,5.520079541182562055e-01,-1.000000000000000000e+01,-1.736283121815665140e+02
3.144999999999961382e+00,2.673612920054270035e+02,5.979370579839429212e+01,4.943280208679801668e-01,-1.000000000000000000e+01,-1.731933736060516082e+02
3.147499999999961329e+00,2.675106224239593757e+02,5.951842632121837795e+01,4.395900408691291728e-01,-1.000000000000000000e+01,-1.727512460591667036e+02
3.149999999999961275e+00,2.676592612401510110e+02,5.923717970493670038e+01,3.882635302674480871e-01,-1.000000000000000000e+01,-1.723007859146684666e+02
3.152499999999961222e+00,2.678071937968744578e+02,5.895265513966208459e+01,3.406734006527858960e-01,-1.000000000000000000e+01,-1.718407725933511756e+02
3.154999999999961169e+00,2.679544146573082344e+02,5.866754501971091429e+01,2.965795732262315743e-01,-1.000000000000000000e+01,-1.713699514795653727e+02
3.157499999999961116e+00,2.681009224723445072e+02,5.838205131456953723e+01,2.557604064089843421e-01,-1.000000000000000000e+01,-1.708870456352599945e+02
3.159999999999961062e+00,2.682467163955082015e+02,5.809637178566313764e+01,2.180027310875928548e-01,-1.000000000000000000e+01,-1.703907500213618391e+02
3.162499999999961009e+00,2.683917960722870930e+02,5.781069972603169305e+01,1.831049374849796629e-01,-1.000000000000000000e+01,-1.698797257770167164e+02
3.164999999999960956e+00,2.685361616288175242e+02,5.752522371201468587e+01,1.508795598990932685e-01,-1.000000000000000000e+01,-1.693525927371326247e+02
3.167499999999960902e+00,2.686798136599580289e+02,5.724012736712835192e+01,1.211500703005796153e-01,-1.000000000000000000e+01,-1.688079228069794340e+02
3.169999999999960849e+00,2.688227532167742311e+02,5.695558913780973853e+01,9.374176207727405452e-02,-1.000000000000000000e+01,-1.682442343609518787e+02
3.172499999999960796e+00,2.689649817934770226e+02,5.667178208704871878e+01,6.850207015751520745e-02,-1.000000000000000000e+01,-1.676599856421777872e+02
3.174999999999960743e+00,2.691065013138539257e+02,5.638887370686703093e+01,4.527658044489489553e-02,-1.000000000000000000e+01,-1.670535639862663118e+02
3.177499999999960689e+00,2.692473141172372380e+02,5.610702574358847983e+01,2.392935205959869499e-02,-1.000000000000000000e+01,-1.664232824421517307e+02
3.179999999999960636e+00,2.693874229440482964e+02,5.582639404205254863e+01,4.325570171808731240e-03,-1.000000000000000000e+01,-1.657673688971328829e+02
3.182499999999960583e+00,2.695268309209614017e+02,5.554712840968805665e+01,-1.366190777630529180e-02,-1.000000000000000000e+01,-1.650839584433633433e+02
3.184999999999960529e+00,2.696655415457375398e+02,5.526937249754323744e+01,-3.014753297924139402e-02,-1.000000000000000000e+01,-1.643710871028565634e+02
3.187499999999960476e+00,2.698035586717725778e+02,5.499326370173275791e+01,-4.524211806017471721e-02,-1.000000000000000000e+01,-1.636266798497892694e+02
3.189999999999960423e+00,2.699408864924109253e+02,5.471893308418034962e+01,-5.904947013352624535e-02,-1.000000000000000000e+01,-1.628485449296901777e+02
3.192499999999960369e+00,2.700775295250686554e+02,5.444650531160694129e+01,-7.166238098749642960e-02,-1.000000000000000000e+01,-1.620343649426611989e+02
3.194999999999960316e+00,2.702134925952179287e+02,5.417609861541509986e+01,-8.317453004241588677e-02,-1.000000000000000000e+01,-1.611816876882638496e+02
3.197499999999960263e+00,2.703487808202813767e+02,5.390782476981721061e+01,-9.366924658273280413e-02,-1.000000000000000000e+01,-1.602879201220818288e+02
3.199999999999960210e+00,2.704833995934812947e+02,5.364178908845066474e+01,-1.032169220672320559e-01,-1.000000000000000000e+01,-1.593503208832590303e+02
3.202499999999960156e+00,2.706173545704633057e+02,5.337812700734017568e+01,-1.118850296213629025e-01,-1.000000000000000000e+01,-1.583659983877021205e+02
3.204999999999960103e+00,2.707506517761069631e+02,5.311696062403056828e+01,-1.197400676061835673e-01,-1.000000000000000000e+01,-1.573319051661662229e+02
3.207499999999960050e+00,2.708832974941327620e+02,5.285836578193426760e+01,-1.268450047463900165e-01,-1.000000000000000000e+01,-1.562448378635319273e+02
3.209999999999959996e+00,2.710152981943347754e+02,5.260241209677608509e+01,-1.332613210156343153e-01,-1.000000000000000000e+01,-1.551014386473318041e+02
3.212499999999959943e+00,2.711466605170745083e+02,5.234916307616754239e+01,-1.390415377366350513e-01,-1.000000000000000000e+01,-1.538982036934502275e+02
3.214999999999959890e+00,2.712773912580816500e+02,5.209867625256996604e+01,-1.442343067272787160e-01,-1.000000000000000000e+01,-1.526314940473503157e+02
3.217499999999959837e+00,2.714074973535945219e+02,5.185100332872470119e+01,-1.488879171478326158e-01,-1.000000000000000000e+01,-1.512975571491612925e+02
3.219999999999959783e+00,2.715369858658708608e+02,5.160619033459803973e+01,-1.530478812460470683e-01,-1.000000000000000000e+01,-1.498925570071048696e+02
3.222499999999959730e+00,2.716658639690970176e+02,5.136427779416828798e+01,-1.567492916129359648e-01,-1.000000000000000000e+01,-1.484126144574049988e+02
3.224999999999959677e+00,2.717941389357195021e+02,5.112530090089806833e+01,-1.600294914715666983e-01,-1.000000000000000000e+01,-1.468538585626450867e+02
3.227499999999959623e+00,2.719218181232193956e+02,5.088928970121335027e+01,-1.629205226778487892e-01,-1.000000000000000000e+01,-1.452124988844149982e+02
3.229999999999959570e+00,2.720489089613499800e+02,5.065626928427911935e+01,-1.654527124878219235e-01,-1.000000000000000000e+01,-1.434849098910950147e+02
3.232499999999959517e+00,2.721754189398519657e+02,5.042625997686329242e+01,-1.676550402513139471e-01,-1.000000000000000000e+01,-1.416677404580194093e+02
3.234999999999959464e+00,2.723013555966583112e+02,5.019927754290904431e+01,-1.695517296949984043e-01,-1.000000000000000000e+01,-1.397580397391066640e+02
3.237499999999959410e+00,2.724267265066004029e+02,4.997533338599453856e+01,-1.711648951213113057e-01,-1.000000000000000000e+01,-1.377534084458774259e+02
3.239999999999959357e+00,2.725515392706217881e+02,4.975443475443112362e+01,-1.725157800231578165e-01,-1.000000000000000000e+01,-1.356521697889723441e+02
3.242499999999959304e+00,2.726758015055060014e+02,4.953658494687396541e+01,-1.736221571574447509e-01,-1.000000000000000000e+01,-1.334535579781318688e+02
3.244999999999959250e+00,2.727995208341175157e+02,4.932178351788064674e+01,-1.745015963067250431e-01,-1.000000000000000000e+01,-1.311579141063174632e+02
3.247499999999959197e+00,2.729227048761575816e+02,4.911002648334597609e+01,-1.751688259758971689e-01,-1.000000000000000000e+01,-1.287668884378423400e+02
3.249999999999959144e+00,2.730453612394327934e+02,4.890130652533733979e+01,-1.757557144471720012e-01,-1.000000000000000000e+01,-1.262836306743685952e+02
3.252499999999959091e+00,2.731674975143963593e+02,4.869571024805379977e+01,-1.763944938771921656e-01,-1.000000000000000000e+01,-1.237129202540081110e+02
3.254999999999959037e+00,2.732891216184186192e+02,4.849336403066110535e+01,-1.770953432895879254e-01,-1.000000000000000000e+01,-1.210612960318807723e+02
3.257499999999958984e+00,2.734102417038027397e+02,4.829431257919156195e+01,-1.778732982082010250e-01,-1.000000000000000000e+01,-1.183371166585312437e+02
3.259999999999958931e+00,2.735308660304751811e+02,4.809859330251651954e+01,-1.787393402366585227e-01,-1.000000000000000000e+01,-1.155505282120644637e+02
3.262499999999958877e+00,2.736510029478125148e+02,4.790623644680910331e+01,-1.797031258801582432e-01,-1.000000000000000000e+01,-1.127133390927546372e+02
3.264999999999958824e+00,2.737706608768164642e+02,4.771726524929734126e+01,-1.807726237358507626e-01,-1.000000000000000000e+01,-1.098387896071015035e+02
3.267499999999958771e+00,2.738898482926831548e+02,4.753169611030479302e+01,-1.819544600643618337e-01,-1.000000000000000000e+01,-1.069412314929744383e+02
3.269999999999958717e+00,2.740085737078130137e+02,4.734953878324153465e+01,-1.832581810389722621e-01,-1.000000000000000000e+01,-1.040357242980348076e+02
3.272499999999958664e+00,2.741268456553045780e+02,4.717079657906187151e+01,-1.846875178038797916e-01,-1.000000000000000000e+01,-1.011375822393687969e+02
3.274999999999958611e+00,2.742446726729680222e+02,4.699546658474974947e+01,-1.862463583519792520e-01,-1.000000000000000000e+01,-9.826189853889970038e+01
3.277499999999958558e+00,2.743620632878919423e+02,4.682353989425264018e+01,-1.879386268296562579e-01,-1.000000000000000000e+01,-9.542309082835633660e+01
3.279999999999958504e+00,2.744790260015934678e+02,4.665500185029454627e+01,-1.897692811276372737e-01,-1.000000000000000000e+01,-9.263449330985038443e+01
3.282499999999958451e+00,2.745955692757788142e+02,4.648983229429092745e+01,-1.917374458378479085e-01,-1.000000000000000000e+01,-8.990802964325816049e+01
3.284999999999958398e+00,2.747117015187342304e+02,4.632800582603383788e+01,-1.938447810930662984e-01,-1.000000000000000000e+01,-8.725397985325149364e+01
3.287499999999958344e+00,2.748274310723689382e+02,4.616949206775819192e+01,-1.960932026832178654e-01,-1.000000000000000000e+01,-8.468084667040004376e+01
3.289999999999958291e+00,2.749427661999215502e+02,4.601425593393207691e+01,-1.984806073973611196e-01,-1.000000000000000000e+01,-8.219531961671609110e+01
3.292499999999958238e+00,2.750577150743440598e+02,4.586225790457242368e+01,-2.010069069941802788e-01,-1.000000000000000000e+01,-7.980232145954499856e+01
3.294999999999958185e+00,2.751722857673694307e+02,4.571345429929503013e+01,-2.036683427640558486e-01,-1.000000000000000000e+01,-7.750512104552323933e+01
3.297499999999958131e+00,2.752864862392657983e+02,4.556779755255516307e+01,-2.064632837534514098e-01,-1.000000000000000000e+01,-7.530549311563063952e+01
3.299999999999958078e+00,2.754003243292773959e+02,4.542523648771365430e+01,-2.094376188144607409e-01,-1.000000000000000000e+01,-7.320390511932413347e+01
3.302499999999958025e+00,2.755138077556004532e+02,4.528584671753837654e+01,-2.126218572229853498e-01,-1.000000000000000000e+01,-7.119968666090801435e+01
3.304999999999957971e+00,2.756269445506022748e+02,4.514968884089589807e+01,-2.159883677145577330e-01,-1.000000000000000000e+01,-6.929126058104152719e+01
3.307499999999957918e+00,2.757397427504864140e+02,4.501668355197459448e+01,-2.195022967504328126e-01,-1.000000000000000000e+01,-6.747634733522802719e+01
3.309999999999957865e+00,2.758522101907238380e+02,4.488674738112176499e+01,-2.231328531885373445e-01,-1.000000000000000000e+01,-6.575213441425427163e+01
3.312499999999957812e+00,2.759643544958949519e+02,4.475979313745322230e+01,-2.268419341279666324e-01,-1.000000000000000000e+01,-6.411542460890869677e+01
3.314999999999957758e+00,2.760761830706334763e+02,4.463573034183821164e+01,-2.305899588631863117e-01,-1.000000000000000000e+01,-6.256276242323259851e+01
3.317499999999957705e+00,2.761877030916457443e+02,4.451446564814714435e+01,-2.343369106535956314e-01,-1.000000000000000000e+01,-6.109053887528629190e+01
3.319999999999957652e+00,2.762989215007767712e+02,4.439590324789846676e+01,-2.380370904741699045e-01,-1.000000000000000000e+01,-5.969507626835249425e+01
3.322499999999957598e+00,2.764098449990777908e+02,4.427994525855497443e+01,-2.416493212234837318e-01,-1.000000000000000000e+01,-5.837269539474932145e+01
3.324999999999957545e+00,2.765204800418332525e+02,4.416649209287414379e+01,-2.451277739421186819e-01,-1.000000000000000000e+01,-5.711976683401771737e+01
3.327499999999957492e+00,2.766308328345027689e+02,4.405544280771042054e+01,-2.484298321612105342e-01,-1.000000000000000000e+01,-5.593274897360039688e+01
3.329999999999957438e+00,2.767409093295203775e+02,4.394669542768999548e+01,-2.515130046599047819e-01,-1.000000000000000000e+01,-5.480821550351538463e+01
3.332499999999957385e+00,2.768507152238881304e+02,4.384014724504979910e+01,-2.543356612659116167e-01,-1.000000000000000000e+01,-5.374287372142021013e+01
3.334999999999957332e+00,2.769602559575084229e+02,4.373569509394302912e+01,-2.568608531265571537e-01,-1.000000000000000000e+01,-5.273357545958921122e+01
3.337499999999957279e+00,2.770695367121838331e+02,4.363323559685001385e+01,-2.590555955637077190e-01,-1.000000000000000000e+01,-5.177732268560214379e+01
3.339999999999957225e+00,2.771785624112192181e+02,4.353266538183897438e+01,-2.608915668177079206e-01,-1.000000000000000000e+01,-5.087126910306361793e+01
3.342499999999957172e+00,2.772873377195492139e+02,4.343388127148212874e+01,-2.623429990019099378e-01,-1.000000000000000000e+01,-5.001271790574470089e+01
3.344999999999957119e+00,2.773958670443223582e+02,4.333678044247773187e+01,-2.633958818094961352e-01,-1.000000000000000000e+01,-4.919911794140634953e+01
3.347499999999957065e+00,2.775041545358672579e+02,4.324126055513250577e+01,-2.640402275066114912e-01,-1.000000000000000000e+01,-4.842805831899955393e+01
3.349999999999957012e+00,2.776122040889663367e+02,4.314721985599957321e+01,-2.648337876229792109e-01,-1.000000000000000000e+01,-4.769726256973360279e+01
3.352499999999956959e+00,2.777200193484950432e+02,4.305465231559120554e+01,-2.662988832721553401e-01,-1.000000000000000000e+01,-4.700463276226361842e+01
3.354999999999956906e+00,2.778276040477454103e+02,4.296357844727516095e+01,-2.683793676959040919e-01,-1.000000000000000000e+01,-4.634820028885182097e+01
3.357499999999956852e+00,2.779349618868066614e+02,4.287393874563381502e+01,-2.710199146491052979e-01,-1.000000000000000000e+01,-4.572609827059687149e+01
3.359999999999956799e+00,2.780420964182329158e+02,4.278567585339839496e+01,-2.741644884520318404e-01,-1.000000000000000000e+01,-4.513656005269100291e+01
3.362499999999956746e+00,2.781490110523680528e+02,4.269873448179195208e+01,-2.777560783082052009e-01,-1.000000000000000000e+01,-4.457791552528437506e+01
3.364999999999956692e+00,2.782557090624737270e+02,4.261306133487391890e+01,-2.817395787693644515e-01,-1.000000000000000000e+01,-4.404858820747092807e+01
3.367499999999956639e+00,2.783621935896694026e+02,4.252860503759217892e+01,-2.860584078191569235e-01,-1.000000000000000000e+01,-4.354709159815868702e+01
3.369999999999956586e+00,2.784684676476967411e+02,4.244531606983606054e+01,-2.906575812585439067e-01,-1.000000000000000000e+01,-4.307202464826751509e+01
3.372499999999956533e+00,2.785745341275211331e+02,4.236314670404593130e+01,-2.954799302963821428e-01,-1.000000000000000000e+01,-4.262206783551576450e+01
3.374999999999956479e+00,2.786803958017789000e+02,4.228205094654603613e+01,-3.004704236969317765e-01,-1.000000000000000000e+01,-4.219597905614527633e+01
3.377499999999956426e+00,2.787860553290809094e+02,4.220198448398236479e+01,-3.055745476982102971e-01,-1.000000000000000000e+01,-4.179258923161725647e+01
3.379999999999956373e+00,2.788915152581848815e+02,4.212290463246733196e+01,-3.107353471204410411e-01,-1.000000000000000000e+01,-4.141079833407909661e+01
3.382499999999956319e+00,2.789967780320407087e+02,4.204477028901253988e+01,-3.158995669420195940e-01,-1.000000000000000000e+01,-4.104957131327206099e+01
3.384999999999956266e+00,2.791018459917166297e+02,4.196754188613400061e+01,-3.210109221202149810e-01,-1.000000000000000000e+01,-4.070793454105924525e+01
3.387499999999956213e+00,2.792067213802134802e+02,4.189118134813885774e+01,-3.260173867521811153e-01,-1.000000000000000000e+01,-4.038497157617226918e+01
3.389999999999956160e+00,2.793114063461698606e+02,4.181565204770506483e+01,-3.308653805497421274e-01,-1.000000000000000000e+01,-4.007982035795732401e+01
3.392499999999956106e+00,2.794159029474587896e+02,4.174091876295003800e+01,-3.355015313059979687e-01,-1.000000000000000000e+01,-3.979166925324729931e+01
3.394999999999956053e+00,2.795202131546775490e+02,4.166694763404546364e+01,-3.398750352110875284e-01,-1.000000000000000000e+01,-3.951975452047249604e+01
3.397499999999956000e+00,2.796243388545273660e+02,4.159370611801973894e+01,-3.439370214812276783e-01,-1.000000000000000000e+01,-3.926335685363812900e+01
3.399999999999955946e+00,2.797282818530805457e+02,4.152116294222010140e+01,-3.481075357513943036e-01,-1.000000000000000000e+01,-3.902180348459478409e+01
3.402499999999955893e+00,2.798320438874281990e+02,4.144931807658267786e+01,-3.527316881759749445e-01,-1.000000000000000000e+01,-3.879465668227685882e+01
3.404999999999955840e+00,2.799356266948166763e+02,4.137808299284399993e+01,-3.576599265500874369e-01,-1.000000000000000000e+01,-3.858156102637161666e+01
3.407499999999955786e+00,2.800390317082844831e+02,4.130729728795580513e+01,-3.627672773006739848e-01,-1.000000000000000000e+01,-3.838215023884701793e+01
3.409999999999955733e+00,2.801422599617235960e+02,4.123680365025781924e+01,-3.679606494354284996e-01,-1.000000000000000000e+01,-3.819604662799976325e+01
3.412499999999955680e+00,2.802453120973409000e+02,4.116644738309335594e+01,-3.731819681176440362e-01,-1.000000000000000000e+01,-3.802286229789537941e+01
3.414999999999955627e+00,2.803481883719261987e+02,4.109607593105048551e+01,-3.783589417835301894e-01,-1.000000000000000000e+01,-3.786221894667573906e+01
3.417499999999955573e+00,2.804508886619429404e+02,4.102553846641783508e+01,-3.833761524562609435e-01,-1.000000000000000000e+01,-3.771378221850999779e+01
3.419999999999955520e+00,2.805534124676239003e+02,4.095468567221247014e+01,-3.880765892146931795e-01,-1.000000000000000000e+01,-3.757725415808629066e+01
3.422499999999955467e+00,2.806557589167446167e+02,4.088336971205438886e+01,-3.922785910499760886e-01,-1.000000000000000000e+01,-3.745235737049869584e+01
3.424999999999955413e+00,2.807579267683363469e+02,4.081144427157482113e+01,-3.957855892398290387e-01,-1.000000000000000000e+01,-3.733882015647777308e+01
3.427499999999955360e+00,2.808599144165346502e+02,4.073876465663425961e+01,-3.983983616587622456e-01,-1.000000000000000000e+01,-3.723636433703815385e+01
3.429999999999955307e+00,2.809617198947043448e+02,4.066518794608241905e+01,-3.999290820329190477e-01,-1.000000000000000000e+01,-3.714469553798374335e+01
3.432499999999955254e+00,2.810633408799762947e+02,4.059057319420480781e+01,-4.002032291853498402e-01,-1.000000000000000000e+01,-3.706349621830241148e+01
3.434999999999955200e+00,2.811647746983156253e+02,4.051478167516046369e+01,-3.990704088313223319e-01,-1.000000000000000000e+01,-3.699242189890302512e+01
3.437499999999955147e+00,2.812660183302217547e+02,4.043767716217030994e+01,-3.964086474753981681e-01,-1.000000000000000000e+01,-3.693109944602318961e+01
3.439999999999955094e+00,2.813670684171445942e+02,4.035912623543804045e+01,-3.921186826694578187e-01,-1.000000000000000000e+01,-3.687912778863571361e+01
3.442499999999955040e+00,2.814679212686833694e+02,4.027899861120478420e+01,-3.861275713700134116e-01,-1.000000000000000000e+01,-3.683607955711199367e+01
3.444999999999954987e+00,2.815685728706180839e+02,4.019716748651280369e+01,-3.783873724429417384e-01,-1.000000000000000000e+01,-3.680150367963796043e+01
3.447499999999954934e+00,2.816690188938100619e+02,4.011350989501805486e+01,-3.688708056168133465e-01,-1.000000000000000000e+01,-3.677492894345302687e+01
3.449999999999954881e+00,2.817692547039966939e+02,4.002790706779687468e+01,-3.584342310587727010e-01,-1.000000000000000000e+01,-3.675587008194523264e+01
3.452499999999954827e+00,2.818692754150327460e+02,3.994100852952015401e+01,-3.479513138768621228e-01,-1.000000000000000000e+01,-3.674397345650958613e+01
3.454999999999954774e+00,2.819690785562442557e+02,3.985353344508079232e+01,-3.374355186316121968e-01,-1.000000000000000000e+01,-3.673895012681006023e+01
3.457499999999954721e+00,2.820686626812654367e+02,3.976547368156216322e+01,-3.268997151475600549e-01,-1.000000000000000000e+01,-3.674052003380099052e+01
3.459999999999954667e+00,2.821680263243148943e+02,3.967682271261006122e+01,-3.163567976313200747e-01,-1.000000000000000000e+01,-3.674841212950463643e+01
3.462499999999954614e+00,2.822671680041914897e+02,3.958757558066011484e+01,-3.058174033966165606e-01,-1.000000000000000000e+01,-3.676236392442221756e+01
3.464999999999954561e+00,2.823660862281742538e+02,3.949772885633290542e+01,-2.952929036792993900e-01,-1.000000000000000000e+01,-3.678212128067842457e+01
3.467499999999954508e+00,2.824647794958189593e+02,3.940728059507402037e+01,-2.847961796125911271e-01,-1.000000000000000000e+01,-3.680743835728768687e+01
3.469999999999954454e+00,2.825632463026443588e+02,3.931623029102625111e+01,-2.743336634353659154e-01,-1.000000000000000000e+01,-3.683807774017708425e+01
3.472499999999954401e+00,2.826614851437025209e+02,3.922457882828305031e+01,-2.639168802230634769e-01,-1.000000000000000000e+01,-3.687380947633652539e+01
3.474999999999954348e+00,2.827594945170255869e+02,3.913232843112222525e+01,-2.535531015865464810e-01,-1.000000000000000000e+01,-3.691441153982808743e+01
3.477499999999954294e+00,2.828572729269466777e+02,3.903948261131399278e+01,-2.432505867254335652e-01,-1.000000000000000000e+01,-3.695966940386669819e+01
3.479999999999954241e+00,2.829548188872895480e+02,3.894604611460428600e+01,-2.330166086226237721e-01,-1.000000000000000000e+01,-3.700937591110614733e+01
3.482499999999954188e+00,2.830521309244216468e+02,3.885202486535579425e+01,-2.228586825863928256e-01,-1.000000000000000000e+01,-3.706333108661339537e+01
3.484999999999954134e+00,2.831492075801695023e+02,3.875742591036809870e+01,-2.127834477467768493e-01,-1.000000000000000000e+01,-3.712134199738196827e+01
3.487499999999954081e+00,2.832460474145929084e+02,3.866225736162198245e+01,-2.027947643661190125e-01,-1.000000000000000000e+01,-3.718322280536134627e+01
3.489999999999954028e+00,2.833426490086150125e+02,3.856652833820303528e+01,-1.928983480305593023e-01,-1.000000000000000000e+01,-3.724879395343111099e+01
3.492499999999953975e+00,2.834390109665067712e+02,3.847024890780755157e+01,-1.830987575783979138e-01,-1.000000000000000000e+01,-3.731788235203296722e+01
3.494999999999953921e+00,2.835351319182262273e+02,3.837343002870307629e+01,-1.734015454693244584e-01,-1.000000000000000000e+01,-3.739032149544112826e+01
3.497499999999953868e+00,2.836310105216113584e+02,3.827608349159709178e+01,-1.638081705307531943e-01,-1.000000000000000000e+01,-3.746595093568591750e+01
3.499999999999953815e+00,2.837266454644289411e+02,3.817822186103324356e+01,-1.550084364977590556e-01,-1.000000000000000000e+01,-3.754461908852639596e+01
3.502499999999953761e+00,2.838220355289335544e+02,3.808082178592540146e+01,-1.476186007782193388e-01,-1.000000000000000000e+01,-3.762634674145284208e+01
3.504999999999953708e+00,2.839171828934095174e+02,3.798481827041156578e+01,-1.415409600836066706e-01,-1.000000000000000000e+01,-3.771122557307540291e+01
3.507499999999953655e+00,2.840120910221297663e+02,3.789016192412972117e+01,-1.366833999452415349e-01,-1.000000000000000000e+01,-3.779934952886695498e+01
3.509999999999953602e+00,2.841067632543774266e+02,3.779680081540846004e+01,-1.329555515177959502e-01,-1.000000000000000000e+01,-3.789081542553598325e+01
3.512499999999953548e+00,2.842012027982476638e+02,3.770468074112245205e+01,-1.302694462974830214e-01,-1.000000000000000000e+01,-3.798572294038343955e+01
3.514999999999953495e+00,2.842954127251181262e+02,3.761374548442105947e+01,-1.285404466609461338e-01,-1.000000000000000000e+01,-3.808417487559957237e+01
3.517499999999953442e+00,2.843893959647567158e+02,3.752393706017097230e+01,-1.276870014470238845e-01,-1.000000000000000000e+01,-3.818627766676065960e+01
3.519999999999953388e+00,2.844831553010361631e+02,3.743519594823170848e+01,-1.276267096162733983e-01,-1.000000000000000000e+01,-3.829214152627427126e+01
3.522499999999953335e+00,2.845766933682244257e+02,3.734746131395137070e+01,-1.282835234654705614e-01,-1.000000000000000000e+01,-3.840188068447592684e+01
3.524999999999953282e+00,2.846700126478196466e+02,3.726067121577310814e+01,-1.295794003656236260e-01,-1.000000000000000000e+01,-3.851561386772313256e+01
3.527499999999953229e+00,2.847631154658961918e+02,3.717476280017482537e+01,-1.314400805471894196e-01,-1.000000000000000000e+01,-3.863346425464850853e+01
3.529999999999953175e+00,2.848560039909322654e+02,3.708967248347723000e+01,-1.337887738575951058e-01,-1.000000000000000000e+01,-3.875556022448277105e+01
3.532499999999953122e+00,2.849486802320818697e+02,3.700533611892519303e+01,-1.365548267018980577e-01,-1.000000000000000000e+01,-3.888203491737021267e+01
3.534999999999953069e+00,2.850411460378586526e+02,3.692168914959520976e+01,-1.396649949882920183e-01,-1.000000000000000000e+01,-3.901302730368729499e+01
3.537499999999953015e+00,2.851334030951924774e+02,3.683866674696195531e+01,-1.430504254952363052e-01,-1.000000000000000000e+01,-3.914868210444964092e+01
3.539999999999952962e+00,2.852254529288243248e+02,3.675620393338669345e+01,-1.466402760778949821e-01,0.000000000000000000e+00,-3.928915040258753777e+01
3.542499999999952909e+00,2.853172969009984854e+02,3.667423568860381522e+01,-1.845269030935454690e-01,0.000000000000000000e+00,-3.943595259617323734e+01
3.544999999999952855e+00,2.854089362114019650e+02,3.659269702570256300e+01,-2.218904806201494884e-01,0.000000000000000000e+00,-3.959397093335387297e+01
3.547499999999952802e+00,2.855003718973274545e+02,3.651152319003701052e+01,-2.587091441701298566e-01,0.000000000000000000e+00,-3.976339996583293868e+01
3.549999999999952749e+00,2.855916048343479474e+02,3.643064974732315875e+01,-2.941670015365487334e-01,0.000000000000000000e+00,-3.994444355973966054e+01
3.552499999999952696e+00,2.856826356728322480e+02,3.634894638586555260e+01,-3.273966637612500397e-01,0.000000000000000000e+00,-4.013686717988900909e+01
3.554999999999952642e+00,2.857734611588898019e+02,3.626526658593692787e+01,-3.583192157863133165e-01,0.000000000000000000e+00,-4.034023677749473791e+01
3.557499999999952589e+00,2.858640763010728278e+02,3.617952369786380018e+01,-3.868905421393480926e-01,0.000000000000000000e+00,-4.055410420394605353e+01
3.559999999999952536e+00,2.859544758947109813e+02,3.609163755205034363e+01,-4.130933706683916351e-01,0.000000000000000000e+00,-4.077801456692894533e+01
3.562499999999952482e+00,2.860446545386931803e+02,3.600153537869505982e+01,-4.369378965320868669e-01,0.000000000000000000e+00,-4.101151186269652982e+01
3.564999999999952429e+00,2.861346066544088558e+02,3.590915249106248552e+01,-4.584573319179843787e-01,0.000000000000000000e+00,-4.125414410310872881e+01
3.567499999999952376e+00,2.862243265062714954e+02,3.581443275916993940e+01,-4.776987179936583727e-01,0.000000000000000000e+00,-4.150546704996123992e+01
3.569999999999952323e+00,2.863138082233164141e+02,3.571732890201131028e+01,-4.947238392371678395e-01,0.000000000000000000e+00,-4.176504698883541522e+01
3.572499999999952269e+00,2.864030458214357964e+02,3.561780262623750559e+01,-5.096037005344503656e-01,0.000000000000000000e+00,-4.203246285870314125e+01
3.574999999999952216e+00,2.864920332258813005e+02,3.551582463586390048e+01,-5.224156634964016721e-01,0.000000000000000000e+00,-4.230730774734111321e+01
3.577499999999952163e+00,2.865807642937255650e+02,3.541137453466038920e+01,-5.332425855605867904e-01,0.000000000000000000e+00,-4.258918997674378915e+01
3.579999999999952109e+00,2.866692328360255715e+02,3.530444064037820340e+01,-5.421685387355983377e-01,0.000000000000000000e+00,-4.287773381989876498e+01
3.582499999999952056e+00,2.867574326394769741e+02,3.519501972707288218e+01,-5.492809637593611960e-01,0.000000000000000000e+00,-4.317257968003275437e+01
3.584999999999952003e+00,2.868453574873889238e+02,3.508311670892787504e+01,-5.546658501838757083e-01,0.000000000000000000e+00,-4.347338428853100112e+01
3.587499999999951950e+00,2.869330011798389819e+02,3.496874427742866231e+01,-5.584075945762420057e-01,0.000000000000000000e+00,-4.377982046171199215e+01
3.589999999999951896e+00,2.870203575528984175e+02,3.485192250179974849e+01,-5.605910264960917155e-01,0.000000000000000000e+00,-4.409157727580197417e+01
3.592499999999951843e+00,2.871074204968404615e+02,3.473267840026517916e+01,-5.612969575131221411e-01,0.000000000000000000e+00,-4.440835971470983878e+01
3.594999999999951790e+00,2.871941839732629091e+02,3.461104548933464287e+01,-5.606052441665987374e-01,0.000000000000000000e+00,-4.472988834932176161e+01
3.597499999999951736e+00,2.872806420310736826e+02,3.448706331799100866e+01,-5.585943794159933251e-01,0.000000000000000000e+00,-4.505589896942965566e+01
3.599999999999951683e+00,2.873667888213054198e+02,3.436077699134246899e+01,-5.561615157585468872e-01,0.000000000000000000e+00,-4.538614778372007663e+01
3.602499999999951630e+00,2.874526187820303562e+02,3.423482381010477127e+01,-5.541633751143250075e-01,0.000000000000000000e+00,-4.572065663479820330e+01
3.604999999999951577e+00,2.875381354947440400e+02,3.411169606686436850e+01,-5.526107579414336612e-01,0.000000000000000000e+00,-4.605956075556894547e+01
3.607499999999951523e+00,2.876233459316127892e+02,3.399123275032124525e+01,-5.515156409644217383e-01,0.000000000000000000e+00,-4.640300442114521928e+01
3.609999999999951470e+00,2.877082566638594585e+02,3.387327569908575242e+01,-5.508848514664287377e-01,0.000000000000000000e+00,-4.675114164377102099e+01
3.612499999999951417e+00,2.877928738688824524e+02,3.375766958771568937e+01,-5.507261171872144256e-01,0.000000000000000000e+00,-4.710413611553725843e+01
3.614999999999951363e+00,2.878772033373395516e+02,3.364426191359395801e+01,-5.510448506634230137e-01,0.000000000000000000e+00,-4.746216161281441259e+01
3.617499999999951310e+00,2.879612504802003627e+02,3.353290298667434399e+01,-5.518419307928111861e-01,0.000000000000000000e+00,-4.782540249473223781e+01
3.619999999999951257e+00,2.880450203357748933e+02,3.342344592305162365e+01,-5.531181756666645466e-01,0.000000000000000000e+00,-4.819405272921991212e+01
3.622499999999951203e+00,2.881285175767282567e+02,3.331574664305944111e+01,-5.548702433516412569e-01,0.000000000000000000e+00,-4.856831716122378850e+01
3.624999999999951150e+00,2.882117465170938431e+02,3.320966387363235128e+01,-5.570932674300002052e-01,0.000000000000000000e+00,-4.894841051936614207e+01
3.627499999999951097e+00,2.882947111192937655e+02,3.310505915414446321e+01,-5.597782983975445603e-01,0.000000000000000000e+00,-4.933455805240264880e+01
3.629999999999951044e+00,2.883774150011759048e+02,3.300179684484844955e+01,-5.629148085510538024e-01,0.000000000000000000e+00,-4.972699521044706472e+01
3.632499999999950990e+00,2.884598614430728958e+02,3.289974413573175838e+01,-5.664883619298065609e-01,0.000000000000000000e+00,-5.012596722249833192e+01
3.634999999999950937e+00,2.885420533948831121e+02,3.279877105475168975e+01,-5.704803485054926737e-01,0.000000000000000000e+00,-5.053172979049512747e+01
3.637499999999950884e+00,2.886239934831708069e+02,3.269875047316475047e+01,-5.748705726490640489e-01,0.000000000000000000e+00,-5.094454771462377352e+01
3.639999999999950830e+00,2.887056840182775659e+02,3.259955810598491865e+01,-5.796366183328912625e-01,0.000000000000000000e+00,-5.136469531882632111e+01
3.642499999999950777e+00,2.887871270014313723e+02,3.250107250627747391e+01,-5.847503429875332559e-01,0.000000000000000000e+00,-5.179245550130163167e+01
3.644999999999950724e+00,2.888683241318374257e+02,3.240317505159193701e+01,-5.901835904584622483e-01,0.000000000000000000e+00,-5.222811939083785404e+01
3.647499999999950671e+00,2.889492768137303074e+02,3.230574992143679935e+01,-5.959008530566384243e-01,0.000000000000000000e+00,-5.267198555313699160e+01
3.649999999999950617e+00,2.890299861633639011e+02,3.220868406434556164e+01,-6.014707619333218291e-01,0.000000000000000000e+00,-5.312435358281847897e+01
3.652499999999950564e+00,2.891104529954694158e+02,3.211163615703400609e+01,-6.064942698455684233e-01,0.000000000000000000e+00,-5.358521298029657487e+01
3.654999999999950511e+00,2.891906770704099472e+02,3.201435519631557725e+01,-6.109867085695191991e-01,0.000000000000000000e+00,-5.405442241806333925e+01
3.657499999999950457e+00,2.892706578189363995e+02,3.191686492206292769e+01,-6.149649716717110470e-01,0.000000000000000000e+00,-5.453183678745264018e+01
3.659999999999950404e+00,2.893503947312073024e+02,3.181918915408986237e+01,-6.184418862065589328e-01,0.000000000000000000e+00,-5.501730745489518881e+01
3.662499999999950351e+00,2.894298873569586590e+02,3.172135173872731784e+01,-6.214326168552470886e-01,0.000000000000000000e+00,-5.551068192905491827e+01
3.664999999999950298e+00,2.895091353055403829e+02,3.162337649750418933e+01,-6.239514705008201156e-01,0.000000000000000000e+00,-5.601180396373306536e+01
3.667499999999950244e+00,2.895881382458258599e+02,3.152528717742618625e+01,-6.260124747482127550e-01,0.000000000000000000e+00,-5.652051363723207800e+01
3.669999999999950191e+00,2.896668959059986719e+02,3.142710740389389201e+01,-6.276283785798373316e-01,0.000000000000000000e+00,-5.703664704423179188e+01
3.672499999999950138e+00,2.897454080732222792e+02,3.132886063559296730e+01,-6.288152154287596218e-01,0.000000000000000000e+00,-5.756003633738232139e+01
3.674999999999950084e+00,2.898236745931987457e+02,3.123057012166163204e+01,-6.295857996453231298e-01,0.000000000000000000e+00,-5.809051000990112357e+01
3.677499999999950031e+00,2.899016953696212795e+02,3.113225886129297848e+01,-6.299529811456561212e-01,0.000000000000000000e+00,-5.862789299170744783e+01
3.679999999999949978e+00,2.899794703635273549e+02,3.103394956542372185e+01,-6.299293581097965555e-01,0.000000000000000000e+00,-5.917200659274524810e+01
3.682499999999949925e+00,2.900569995925571902e+02,3.093566462079139612e+01,-6.295296712136430051e-01,0.000000000000000000e+00,-5.972266826387291871e+01
3.684999999999949871e+00,2.901342831301238334e+02,3.083742605652205881e+01,-6.287655424091249667e-01,0.000000000000000000e+00,-6.027969195593625784e+01
3.687499999999949818e+00,2.902113211045008825e+02,3.073925551296699155e+01,-6.276499895344033186e-01,0.000000000000000000e+00,-6.084288803447039840e+01
3.689999999999949765e+00,2.902881136978337508e+02,3.064117421308853295e+01,-6.261942302659885273e-01,0.000000000000000000e+00,-6.141206366415276818e+01
3.692499999999949711e+00,2.903646611450809019e+02,3.054320293579781165e+01,-6.244112261122901630e-01,0.000000000000000000e+00,-6.198702235278778971e+01
3.694999999999949658e+00,2.904409637328892018e+02,3.044536199183794523e+01,-6.223117616460399626e-01,0.000000000000000000e+00,-6.256756494366815957e+01
3.697499999999949605e+00,2.905170217984106671e+02,3.034767120170863208e+01,-6.199078245294801226e-01,0.000000000000000000e+00,-6.315348893768426564e+01
3.699999999999949551e+00,2.905928357280652108e+02,3.025014987582374104e+01,-6.174149416169758542e-01,0.000000000000000000e+00,-6.374459086275414421e+01
3.702499999999949498e+00,2.906684059616241029e+02,3.015286679893959132e+01,-6.150407149239481841e-01,0.000000000000000000e+00,-6.434077338268923540e+01
3.704999999999949445e+00,2.907437331498699677e+02,3.005585832439805571e+01,-6.127811187049141406e-01,0.000000000000000000e+00,-6.494197808452325660e+01
3.707499999999949392e+00,2.908188179627180148e+02,2.995909531468469567e+01,-6.106332253385940989e-01,0.000000000000000000e+00,-6.554813935516084200e+01
3.709999999999949338e+00,2.908936609975298779e+02,2.986254914416806372e+01,-6.085938243511163082e-01,0.000000000000000000e+00,-6.615918420887625473e+01
3.712499999999949285e+00,2.909682627803900345e+02,2.976619169290900757e+01,-6.066591680574738854e-01,0.000000000000000000e+00,-6.677503247801752195e+01
3.714999999999949232e+00,2.910426237673664218e+02,2.966999534021552876e+01,-6.048268587475426061e-01,0.000000000000000000e+00,-6.739559646642354096e+01
3.717499999999949178e+00,2.911167443457549098e+02,2.957393295801008648e+01,-6.030920017538875522e-01,0.000000000000000000e+00,-6.802078086679699709e+01
3.719999999999949125e+00,2.911906248353070623e+02,2.947797790401946827e+01,-6.014512636183084737e-01,0.000000000000000000e+00,-6.865048247167888462e+01
3.722499999999949072e+00,2.912642654894410157e+02,2.938210401486723100e+01,-5.999019245861941796e-01,0.000000000000000000e+00,-6.928459022486171648e+01
3.724999999999949019e+00,2.913376664964345650e+02,2.928628559911315676e+01,-5.984384732973597743e-01,0.000000000000000000e+00,-6.992298528141064651e+01
3.727499999999948965e+00,2.914108279806011979e+02,2.919049743000722685e+01,-5.970587647706546708e-01,0.000000000000000000e+00,-7.056554094301851876e+01
3.729999999999948912e+00,2.914837500034478239e+02,2.909471473818333820e+01,-5.957583157388833817e-01,0.000000000000000000e+00,-7.121212207008214534e+01
3.732499999999948859e+00,2.915564325648138606e+02,2.899891320426816321e+01,-5.945338628456804386e-01,0.000000000000000000e+00,-7.186258633879255342e+01
3.734999999999948805e+00,2.916288756039922987e+02,2.890306895137150889e+01,-5.933802400741576832e-01,0.000000000000000000e+00,-7.251678298133215606e+01
3.737499999999948752e+00,2.917010790008315553e+02,2.880715853740017351e+01,-5.922938356989709829e-01,0.000000000000000000e+00,-7.317455371347443815e+01
3.739999999999948699e+00,2.917730425768181135e+02,2.871115894746802155e+01,-5.912703522905567999e-01,0.000000000000000000e+00,-7.383573222307958872e+01
3.742499999999948646e+00,2.918447660961401198e+02,2.861504758593078890e+01,-5.903067561055056478e-01,0.000000000000000000e+00,-7.450014476348589199e+01
3.744999999999948592e+00,2.919162492667314268e+02,2.851880226867021406e+01,-5.893986502518799853e-01,0.000000000000000000e+00,-7.516761060776421743e+01
3.747499999999948539e+00,2.919874917412956279e+02,2.842240121505744455e+01,-5.885425357538446312e-01,0.000000000000000000e+00,-7.583794184663049975e+01
3.749999999999948486e+00,2.920584931183102526e+02,2.832582303981907756e+01,-5.876620054478943755e-01,0.000000000000000000e+00,-7.651094220698982440e+01
3.752499999999948432e+00,2.921292529539468319e+02,2.822924278239017681e+01,-5.866859636030770098e-01,0.000000000000000000e+00,-7.718633165123786455e+01
3.754999999999948379e+00,2.921997714454196284e+02,2.813285380262963287e+01,-5.856180952227626468e-01,0.000000000000000000e+00,-7.786379438896784677e+01
3.757499999999948326e+00,2.922700490746184414e+02,2.803666256254182798e+01,-5.844628780551441860e-01,0.000000000000000000e+00,-7.854301259909021837e+01
3.759999999999948272e+00,2.923400863394865610e+02,2.794067534447802004e+01,-5.832250088023100965e-01,0.000000000000000000e+00,-7.922366718937756502e+01
3.762499999999948219e+00,2.924098837535718758e+02,2.784489825171935351e+01,-5.819052802955404502e-01,0.000000000000000000e+00,-7.990543832469504082e+01
3.764999999999948166e+00,2.924794418455795153e+02,2.774933720924736136e+01,-5.805098274317938012e-01,0.000000000000000000e+00,-8.058800573345672547e+01
3.767499999999948113e+00,2.925487611589267090e+02,2.765399796471016813e+01,-5.790413179912005104e-01,0.000000000000000000e+00,-8.127105006964933409e+01
3.769999999999948059e+00,2.926178422513000896e+02,2.755888608966374420e+01,-5.775020608310874604e-01,0.000000000000000000e+00,-8.195425263489198642e+01
3.772499999999948006e+00,2.926866856942160666e+02,2.746400698096494253e+01,-5.758966977499271334e-01,0.000000000000000000e+00,-8.263729667221730324e+01
3.774999999999947953e+00,2.927552920725850072e+02,2.736936586217711209e+01,-5.742275183925208415e-01,0.000000000000000000e+00,-8.331986870508642085e+01
3.777499999999947899e+00,2.928236619842787718e+02,2.727496778509588893e+01,-5.724969256026529729e-01,0.000000000000000000e+00,-8.400165727551934935e+01
3.779999999999947846e+00,2.928917960397021716e+02,2.718081763150704688e+01,-5.707091614673671653e-01,0.000000000000000000e+00,-8.468235572465199823e+01
3.782499999999947793e+00,2.929596948613693144e+02,2.708692011504499320e+01,-5.688646176977044666e-01,0.000000000000000000e+00,-8.536166139705716205e+01
3.784999999999947740e+00,2.930273590834837023e+02,2.699327978300775754e+01,-5.669674065543268693e-01,0.000000000000000000e+00,-8.603927645107773969e+01
3.787499999999947686e+00,2.930947893515240708e+02,2.689990101847540416e+01,-5.650198672644424214e-01,0.000000000000000000e+00,-8.671490872878469247e+01
3.789999999999947633e+00,2.931619863218345472e+02,2.680678804241714985e+01,-5.630245198647112481e-01,0.000000000000000000e+00,-8.738827180844711506e+01
3.792499999999947580e+00,2.932289506612210062e+02,2.671394491599522425e+01,-5.609836663081708696e-01,0.000000000000000000e+00,-8.805908653116587459e+01
3.794999999999947526e+00,2.932956830465526536e+02,2.662137554278556095e+01,-5.589008397115060589e-01,0.000000000000000000e+00,-8.872708039073498298e+01
3.797499999999947473e+00,2.933621841643692960e+02,2.652908367101212761e+01,-5.567768249047382323e-01,0.000000000000000000e+00,-8.939198868599220305e+01
3.799999999999947420e+00,2.934284547104943499e+02,2.643707289605453781e+01,-5.546746904346325779e-01,0.000000000000000000e+00,-9.005355518586776498e+01
3.802499999999947367e+00,2.934944953740258029e+02,2.634507968195616101e+01,-5.526538958505344823e-01,0.000000000000000000e+00,-9.071157213434089783e+01
3.804999999999947313e+00,2.935603059119657132e+02,2.625282668616742043e+01,-5.507115994960157801e-01,0.000000000000000000e+00,-9.136585364321406644e+01
3.807499999999947260e+00,2.936258856649914719e+02,2.616029660711484794e+01,-5.488445439186997454e-01,0.000000000000000000e+00,-9.201621927765303610e+01
3.809999999999947207e+00,2.936912339307328921e+02,2.606747250490224488e+01,-5.470464545681644752e-01,0.000000000000000000e+00,-9.266249461245647012e+01
3.812499999999947153e+00,2.937563499646725518e+02,2.597433779423477773e+01,-5.453153310329055259e-01,0.000000000000000000e+00,-9.330451026308000451e+01
3.814999999999947100e+00,2.938212329810281176e+02,2.588087623741806809e+01,-5.436472704638918296e-01,0.000000000000000000e+00,-9.394210402277032301e+01
3.817499999999947047e+00,2.938858821536176151e+02,2.578707193727255387e+01,-5.420377615869321763e-01,0.000000000000000000e+00,-9.457512006885718847e+01
3.819999999999946994e+00,2.939502966167065097e+02,2.569290932978993780e+01,-5.404848541629532210e-01,0.000000000000000000e+00,-9.520340928664828084e+01
3.822499999999946940e+00,2.940144754658364832e+02,2.559837317697879300e+01,-5.389829787028840302e-01,0.000000000000000000e+00,-9.582682981387743837e+01
3.824999999999946887e+00,2.940784177586365331e+02,2.550344855953688139e+01,-5.375311369903418290e-01,0.000000000000000000e+00,-9.644524647327615696e+01
3.827499999999946834e+00,2.941421225156153696e+02,2.540812086951761373e+01,-5.361226752707176635e-01,0.000000000000000000e+00,-9.705853244212730147e+01
3.829999999999946780e+00,2.942055887209359639e+02,2.531237580285053568e+01,-5.347559835097521752e-01,0.000000000000000000e+00,-9.766656792335675163e+01
3.832499999999946727e+00,2.942688153231704291e+02,2.521619935167938920e+01,-5.334271116771834853e-01,0.000000000000000000e+00,-9.826924058634699577e+01
3.834999999999946674e+00,2.943318012360367106e+02,2.511957779678181879e+01,-5.321326078062950105e-01,0.000000000000000000e+00,-9.886644667360066308e+01
3.837499999999946620e+00,2.943945453391157230e+02,2.502249769998339701e+01,-5.308670264607714406e-01,0.000000000000000000e+00,-9.945809012374586189e+01
3.839999999999946567e+00,2.944570464785494437e+02,2.492494589597924204e+01,-5.296276123970723448e-01,0.000000000000000000e+00,-1.000440828990712845e+02
3.842499999999946514e+00,2.945193034677185437e+02,2.482690948445894819e+01,-5.284109351794369358e-01,0.000000000000000000e+00,-1.006243443266138229e+02
3.844999999999946461e+00,2.945813150879005775e+02,2.472837582210069485e+01,-5.272146268384729773e-01,0.000000000000000000e+00,-1.011988034062806037e+02
3.847499999999946407e+00,2.946430800889077091e+02,2.462933251425202030e+01,-5.260336673783022610e-01,0.000000000000000000e+00,-1.017673964686163117e+02
3.849999999999946354e+00,2.947045971897034065e+02,2.452976740623520158e+01,-5.248544721807534286e-01,0.000000000000000000e+00,-1.023300673380387877e+02
3.852499999999946301e+00,2.947658651029646535e+02,2.443006385558854632e+01,-5.236676352596943973e-01,0.000000000000000000e+00,-1.028867212003742964e+02
3.854999999999946247e+00,2.948268839003009134e+02,2.433061421410383929e+01,-5.224737433924464547e-01,0.000000000000000000e+00,-1.034372553179952519e+02
3.857499999999946194e+00,2.948876542176470821e+02,2.423142050677311232e+01,-5.212741852720695901e-01,0.000000000000000000e+00,-1.039815756123711452e+02
3.859999999999946141e+00,2.949481766959607398e+02,2.413248468854927964e+01,-5.200698706317068432e-01,0.000000000000000000e+00,-1.045195982528920240e+02
3.862499999999946088e+00,2.950084519810478696e+02,2.403380864543932560e+01,-5.188616441294306991e-01,0.000000000000000000e+00,-1.050512481585632685e+02
3.864999999999946034e+00,2.950684807233904507e+02,2.393539419524080714e+01,-5.176487718283000472e-01,0.000000000000000000e+00,-1.055764593378179796e+02
3.867499999999945981e+00,2.951282635779770658e+02,2.383724308876383091e+01,-5.164318706546141557e-01,0.000000000000000000e+00,-1.060951742816545647e+02
3.869999999999945928e+00,2.951878012041356669e+02,2.373935701067643222e+01,-5.152135360413665488e-01,0.000000000000000000e+00,-1.066073438609430752e+02
3.872499999999945874e+00,2.952470942653690145e+02,2.364173758055791907e+01,-5.139928696458683222e-01,0.000000000000000000e+00,-1.071129277760924055e+02
3.874999999999945821e+00,2.953061434291922183e+02,2.354438635371157673e+01,-5.127702819957205005e-01,0.000000000000000000e+00,-1.076118930703459000e+02
3.877499999999945768e+00,2.953649493669724961e+02,2.344730482199177857e+01,-5.115455297247915034e-01,0.000000000000000000e+00,-1.081042140310160988e+02
3.879999999999945715e+00,2.954235127537713765e+02,2.335049441514036417e+01,-5.103204008496290411e-01,0.000000000000000000e+00,-1.085898719726859696e+02
3.882499999999945661e+00,2.954818342681901413e+02,2.325395650181225804e+01,-5.090939828468756811e-01,0.000000000000000000e+00,-1.090688555703022899e+02
3.884999999999945608e+00,2.955399145922173147e+02,2.315769239045765460e+01,-5.078685784110410495e-01,0.000000000000000000e+00,-1.095411595601561459e+02
3.887499999999945555e+00,2.955977544110789381e+02,2.306170333043480980e+01,-5.066426698156523134e-01,0.000000000000000000e+00,-1.100067845676225176e+02
3.889999999999945501e+00,2.956553544130916293e+02,2.296599051313280881e+01,-5.054179745031606164e-01,0.000000000000000000e+00,-1.104657382288051934e+02
3.892499999999945448e+00,2.957127152895177460e+02,2.287055507289380074e+01,-5.041943758795149888e-01,0.000000000000000000e+00,-1.109180328366649633e+02
3.894999999999945395e+00,2.957698377344237315e+02,2.277539808785759590e+01,-5.029712375896011611e-01,0.000000000000000000e+00,-1.113636860471085441e+02
3.897499999999945342e+00,2.958267224445399393e+02,2.268052058128664328e+01,-5.017499580634554590e-01,0.000000000000000000e+00,-1.118027205268681854e+02
3.899999999999945288e+00,2.958833701191243222e+02,2.258592352254113322e+01,-5.005419431559671173e-01,0.000000000000000000e+00,-1.122351640318333921e+02
3.902499999999945235e+00,2.959397814321903866e+02,2.249115486228448901e+01,-4.993547153380568093e-01,0.000000000000000000e+00,-1.126610817949114391e+02
3.904999999999945182e+00,2.959959554695562360e+02,2.239575506017027706e+01,-4.981861369951031127e-01,0.000000000000000000e+00,-1.130805555651267582e+02
3.907499999999945128e+00,2.960518906472184995e+02,2.229971332358524094e+01,-4.970320363215247061e-01,0.000000000000000000e+00,-1.134936712761285236e+02
3.909999999999945075e+00,2.961075853543178482e+02,2.220301907715110801e+01,-4.958863491318158956e-01,0.000000000000000000e+00,-1.139005192294916498e+02
3.912499999999945022e+00,2.961630379536765076e+02,2.210566195293968406e+01,-4.947454918155221870e-01,0.000000000000000000e+00,-1.143011921460753939e+02
3.914999999999944968e+00,2.962182467823111551e+02,2.200763178066523196e+01,-4.936065449421729867e-01,0.000000000000000000e+00,-1.146957875800681421e+02
3.917499999999944915e+00,2.962732101519219441e+02,2.190891857757655359e+01,-4.924644994249999241e-01,0.000000000000000000e+00,-1.150844059954789174e+02
3.919999999999944862e+00,2.963279263493547546e+02,2.180951253763795350e+01,-4.913164479103175331e-01,0.000000000000000000e+00,-1.154671505788809469e+02
3.922499999999944809e+00,2.963823936370372962e+02,2.170940402134493752e+01,-4.901561814418240459e-01,0.000000000000000000e+00,-1.158441285471502766e+02
3.924999999999944755e+00,2.964366102533897447e+02,2.160858354434623507e+01,-4.889805090710995228e-01,0.000000000000000000e+00,-1.162154497118800833e+02
3.927499999999944702e+00,2.964905744132053655e+02,2.150704176600456918e+01,-4.877874289388723916e-01,0.000000000000000000e+00,-1.165812276120004611e+02
3.929999999999944649e+00,2.965442843080037960e+02,2.140476947739533742e+01,-4.865690336931247639e-01,0.000000000000000000e+00,-1.169415778901466751e+02
3.932499999999944595e+00,2.965977381063531766e+02,2.130175758920544382e+01,-4.853231963229870383e-01,0.000000000000000000e+00,-1.172966184121069091e+02
3.934999999999944542e+00,2.966509339541625536e+02,2.119799711982319224e+01,-4.840464212379168019e-01,0.000000000000000000e+00,-1.176464694247741818e+02
3.937499999999944489e+00,2.967038699749444959e+02,2.109347918298319513e+01,-4.827331810907685150e-01,0.000000000000000000e+00,-1.179912545540230155e+02
3.939999999999944436e+00,2.967565442700455378e+02,2.098819497447266258e+01,-4.813803510034673216e-01,0.000000000000000000e+00,-1.183310996932387695e+02
3.942499999999944382e+00,2.968089549188442220e+02,2.088213575804737943e+01,-4.799833964252432916e-01,0.000000000000000000e+00,-1.186661321488971055e+02
3.944999999999944329e+00,2.968610999789127618e+02,2.077529285224584399e+01,-4.785361706143476113e-01,0.000000000000000000e+00,-1.189964823661719322e+02
3.947499999999944276e+00,2.969129774861466444e+02,2.066765761611509333e+01,-4.770360762752509087e-01,0.000000000000000000e+00,-1.193222806065569301e+02
3.949999999999944222e+00,2.969645854548579678e+02,2.055922143518616352e+01,-4.755367378711539139e-01,0.000000000000000000e+00,-1.196436593734694611e+02
3.952499999999944169e+00,2.970159219314770098e+02,2.045083937957479847e+01,-4.740866236179989701e-01,0.000000000000000000e+00,-1.199606680624613801e+02
3.954999999999944116e+00,2.970669879686129775e+02,2.034336756555891768e+01,-4.726836820841498477e-01,0.000000000000000000e+00,-1.202733255716972138e+02
3.957499999999944063e+00,2.971177858386849948e+02,2.023680035481996242e+01,-4.713283214009725830e-01,0.000000000000000000e+00,-1.205816512602797133e+02
3.959999999999944009e+00,2.971683178000425869e+02,2.013113215452718308e+01,-4.700143216352314912e-01,0.000000000000000000e+00,-1.208856678733234986e+02
3.962499999999943956e+00,2.972185860970776048e+02,2.002635741354184162e+01,-4.687427119511469731e-01,0.000000000000000000e+00,-1.211853984092566350e+02
3.964999999999943903e+00,2.972685929603261457e+02,1.992247061863734459e+01,-4.675089443205370787e-01,0.000000000000000000e+00,-1.214808684664452301e+02
3.967499999999943849e+00,2.973183406065616623e+02,1.981946629128575665e+01,-4.663103288093758403e-01,0.000000000000000000e+00,-1.217721051673690909e+02
3.969999999999943796e+00,2.973678312388789777e+02,1.971733898387514117e+01,-4.651474794349852449e-01,0.000000000000000000e+00,-1.220591365634005854e+02
3.972499999999943743e+00,2.974170670467703985e+02,1.961608327658515094e+01,-4.640170609137349023e-01,0.000000000000000000e+00,-1.223419924515220885e+02
3.974999999999943689e+00,2.974660502061934721e+02,1.951569377433514774e+01,-4.629160235491234232e-01,0.000000000000000000e+00,-1.226207034633731894e+02
3.977499999999943636e+00,2.975147828796305021e+02,1.941616510406913676e+01,-4.618428933955019411e-01,0.000000000000000000e+00,-1.228953019322555917e+02
3.979999999999943583e+00,2.975632672161424921e+02,1.931749191172965041e+01,-4.607971517251118199e-01,0.000000000000000000e+00,-1.231658209932185031e+02
3.982499999999943530e+00,2.976115053514153601e+02,1.921966885942886805e+01,-4.597760556053209768e-01,0.000000000000000000e+00,-1.234322949285550663e+02
3.984999999999943476e+00,2.976594994077979663e+02,1.912269062281304244e+01,-4.587782556216741803e-01,0.000000000000000000e+00,-1.236947586149145195e+02
3.987499999999943423e+00,2.977072514943351962e+02,1.902655188906928529e+01,-4.578025201524983934e-01,0.000000000000000000e+00,-1.239532479883020955e+02
3.989999999999943370e+00,2.977547637067955293e+02,1.893124735427529970e+01,-4.568453333918178205e-01,0.000000000000000000e+00,-1.242077996398516575e+02
3.992499999999943316e+00,2.978020381276917874e+02,1.883677172142397183e+01,-4.559055341687505147e-01,0.000000000000000000e+00,-1.244584507174318162e+02
3.994999999999943263e+00,2.978490768262973347e+02,1.874311969839257941e+01,-4.549821323008806928e-01,0.000000000000000000e+00,-1.247052386101877204e+02
3.997499999999943210e+00,2.978958818586571624e+02,1.865028599606291948e+01,-4.540730695194645783e-01,0.000000000000000000e+00,-1.249482019395267969e+02
3.999999999999943157e+00,2.979424552675947098e+02,1.855826532653354022e+01,-4.531781465586149360e-01,0.000000000000000000e+00,-1.251873785600451612e+02
4.002499999999943547e+00,2.979887990987063517e+02,1.846730149519004982e+01,-4.522964414343210171e-01,0.000000000000000000e+00,-1.254227898061801056e+02
4.004999999999943938e+00,2.980349162553288807e+02,1.837763138646856120e+01,-4.514269115169719515e-01,0.000000000000000000e+00,-1.256544516866301393e+02
4.007499999999944329e+00,2.980808099631521486e+02,1.828923972350571603e+01,-4.505622117313388686e-01,0.000000000000000000e+00,-1.258823823966666851e+02
4.009999999999944720e+00,2.981264834096899676e+02,1.820211125626796189e+01,-4.496985404487329752e-01,0.000000000000000000e+00,-1.261066022233354147e+02
4.012499999999945111e+00,2.981719397443429784e+02,1.811623075390214410e+01,-4.488310780979841708e-01,0.000000000000000000e+00,-1.263271325615108367e+02
4.014999999999945501e+00,2.982171820784426473e+02,1.803158299814172594e+01,-4.479559508791302602e-01,0.000000000000000000e+00,-1.265439967334045832e+02
4.017499999999945892e+00,2.982622134852788918e+02,1.794815277725694713e+01,-4.470704508626361373e-01,0.000000000000000000e+00,-1.267572197895047879e+02
4.019999999999946283e+00,2.983070370001134961e+02,1.786592488026936820e+01,-4.461704270057910149e-01,0.000000000000000000e+00,-1.269668281351561347e+02
4.022499999999946674e+00,2.983516556201786329e+02,1.778488409184195973e+01,-4.452514348915331266e-01,0.000000000000000000e+00,-1.271728497884657827e+02
4.024999999999947065e+00,2.983960723046635621e+02,1.770501518765487248e+01,-4.443120439072613670e-01,0.000000000000000000e+00,-1.273753140627640619e+02
4.027499999999947455e+00,2.984402899746892786e+02,1.762630293023252648e+01,-4.433485387885279794e-01,0.000000000000000000e+00,-1.275742515129328041e+02
4.029999999999947846e+00,2.984843115132738376e+02,1.754873206533029517e+01,-4.423589769097445168e-01,0.000000000000000000e+00,-1.277696939585903806e+02
4.032499999999948237e+00,2.985281397652882447e+02,1.747228731872497320e+01,-4.413393956355976533e-01,0.000000000000000000e+00,-1.279616743186973054e+02
4.034999999999948628e+00,2.985717775374050120e+02,1.739695339344789460e+01,-4.402875325614071800e-01,0.000000000000000000e+00,-1.281502263869079172e+02
4.037499999999949019e+00,2.986152275980398372e+02,1.732271496747181772e+01,-4.392008078082748623e-01,0.000000000000000000e+00,-1.283353854425905354e+02
4.039999999999949409e+00,2.986584926772877111e+02,1.724955669158439164e+01,-4.380779602512031579e-01,0.000000000000000000e+00,-1.285171868514129017e+02
4.042499999999949800e+00,2.987015754668538534e+02,1.717746318788473658e+01,-4.369159651613302442e-01,0.000000000000000000e+00,-1.286956675664506520e+02
4.044999999999950191e+00,2.987444786199814644e+02,1.710641904856379369e+01,-4.357130608932868743e-01,0.000000000000000000e+00,-1.288708652434667670e+02
4.047499999999950582e+00,2.987872047513760094e+02,1.703640883473869039e+01,-4.344688692188303225e-01,0.000000000000000000e+00,-1.290428181400521623e+02
4.049999999999950973e+00,2.988297564371273438e+02,1.696741707593939452e+01,-4.331925575525721328e-01,0.000000000000000000e+00,-1.292115655582897205e+02
4.052499999999951363e+00,2.988721362015795648e+02,1.689922685887007248e+01,-4.318968208733828251e-01,0.000000000000000000e+00,-1.293771511283710254e+02
4.054999999999951754e+00,2.989143458264702531e+02,1.683162855786169132e+01,-4.305811355986706723e-01,0.000000000000000000e+00,-1.295396200593588389e+02
4.057499999999952145e+00,2.989563867888571167e+02,1.676461731682947587e+01,-4.292453069155691137e-01,0.000000000000000000e+00,-1.296990169624599787e+02
4.059999999999952536e+00,2.989982605536388860e+02,1.669818824718962347e+01,-4.278897611947968804e-01,0.000000000000000000e+00,-1.298553855966796959e+02
4.062499999999952927e+00,2.990399685734747663e+02,1.663233642903880849e+01,-4.265136582684009303e-01,0.000000000000000000e+00,-1.300087689365346364e+02
4.064999999999953317e+00,2.990815122887066764e+02,1.656705691238339639e+01,-4.251177013917951664e-01,0.000000000000000000e+00,-1.301592097713397891e+02
4.067499999999953708e+00,2.991228931272847831e+02,1.650234471818837889e+01,-4.237012925154811094e-01,0.000000000000000000e+00,-1.303067496747262339e+02
4.069999999999954099e+00,2.991641125046954812e+02,1.643819483954807836e+01,-4.222644907191548946e-01,0.000000000000000000e+00,-1.304514299057532867e+02
4.072499999999954490e+00,2.992051718238923854e+02,1.637460224288930988e+01,-4.208072364630194295e-01,0.000000000000000000e+00,-1.305932910767189981e+02
4.074999999999954881e+00,2.992460724752303349e+02,1.631156186905299776e+01,-4.193296469260148762e-01,0.000000000000000000e+00,-1.307323729447903702e+02
4.077499999999955271e+00,2.992868158364019564e+02,1.624906863445620786e+01,-4.178316808061949272e-01,0.000000000000000000e+00,-1.308687148526060469e+02
4.079999999999955662e+00,2.993274032723774667e+02,1.618711743228220357e+01,-4.163133760486070756e-01,0.000000000000000000e+00,-1.310023553021769089e+02
4.082499999999956053e+00,2.993678361353470336e+02,1.612570313358911989e+01,-4.147749943013457896e-01,0.000000000000000000e+00,-1.311333323101669350e+02
4.084999999999956444e+00,2.994081157646662064e+02,1.606482058847235805e+01,-4.132161245760396229e-01,0.000000000000000000e+00,-1.312616832316041098e+02
4.087499999999956835e+00,2.994482434868041878e+02,1.600446462719748197e+01,-4.116367245499104044e-01,0.000000000000000000e+00,-1.313874447772293479e+02
4.089999999999957225e+00,2.994882206152948356e+02,1.594463006131747740e+01,-4.100368863879068071e-01,0.000000000000000000e+00,-1.315106531592584247e+02
4.092499999999957616e+00,2.995280484506905054e+02,1.588531168479697619e+01,-4.084169347266578542e-01,0.000000000000000000e+00,-1.316313438475123121e+02
4.094999999999958007e+00,2.995677282805187360e+02,1.582650427514980151e+01,-4.067771797784759946e-01,0.000000000000000000e+00,-1.317495517703466135e+02
4.097499999999958398e+00,2.996072613792418338e+02,1.576820259453700501e+01,-4.051178970308978444e-01,0.000000000000000000e+00,-1.318653112033646266e+02
4.099999999999958789e+00,2.996466490082189580e+02,1.571040139089890175e+01,-4.034632978203629428e-01,0.000000000000000000e+00,-1.319786558391054712e+02
4.102499999999959179e+00,2.996858923965609733e+02,1.565279119671688868e+01,-4.018367070373072836e-01,0.000000000000000000e+00,-1.320896170061114674e+02
4.104999999999959570e+00,2.997249916943342214e+02,1.559506548955057603e+01,-4.002386466577125268e-01,0.000000000000000000e+00,-1.321982247821211729e+02
4.107499999999959961e+00,2.997639466120686507e+02,1.553722307470582820e+01,-3.986688459450367650e-01,0.000000000000000000e+00,-1.323045089012493918e+02
4.109999999999960352e+00,2.998027568573336339e+02,1.547926280355913065e+01,-3.971268218162293806e-01,0.000000000000000000e+00,-1.324084989723936587e+02
4.112499999999960743e+00,2.998414221348529054e+02,1.542118357299472997e+01,-3.956118727528766255e-01,0.000000000000000000e+00,-1.325102241523391058e+02
4.114999999999961133e+00,2.998799421466179638e+02,1.536298432486012544e+01,-3.941244848091207120e-01,0.000000000000000000e+00,-1.326097134775135373e+02
4.117499999999961524e+00,2.999183165920002239e+02,1.530466404538179326e+01,-3.926636536163706781e-01,0.000000000000000000e+00,-1.327069956499378236e+02
4.119999999999961915e+00,2.999565451678615773e+02,1.524622176457575939e+01,-3.912298679085535191e-01,0.000000000000000000e+00,-1.328020992814682586e+02
4.122499999999962306e+00,2.999946275686635317e+02,1.518765655563086092e+01,-3.898223578139032863e-01,0.000000000000000000e+00,-1.328950528244959628e+02
4.124999999999962697e+00,3.000325634865747588e+02,1.512896753424749896e+01,-3.884407924401617751e-01,0.000000000000000000e+00,-1.329858846014685128e+02
4.127499999999963087e+00,3.000703526115771069e+02,1.507015385797459217e+01,-3.870850380740168406e-01,0.000000000000000000e+00,-1.330746227619071078e+02
4.129999999999963478e+00,3.001079946315696816e+02,1.501121472551504077e+01,-3.857557063582668921e-01,0.000000000000000000e+00,-1.331612953947795859e+02
4.132499999999963869e+00,3.001454892324713910e+02,1.495214937601768490e+01,-3.844512464622707459e-01,0.000000000000000000e+00,-1.332459305331962867e+02
4.134999999999964260e+00,3.001828360983217294e+02,1.489295708834018761e+01,-3.831723227168342683e-01,0.000000000000000000e+00,-1.333285561036576325e+02
4.137499999999964650e+00,3.002200349113795141e+02,1.483363718029930389e+01,-3.819179960818148145e-01,0.000000000000000000e+00,-1.334092000122490447e+02
4.139999999999965041e+00,3.002570853522199172e+02,1.477418900787477263e+01,-3.806884375539964505e-01,0.000000000000000000e+00,-1.334878902134694272e+02
4.142499999999965432e+00,3.002939870998293941e+02,1.471461196439697972e+01,-3.794835795896526753e-01,0.000000000000000000e+00,-1.335646544263394162e+02
4.144999999999965823e+00,3.003307398316986223e+02,1.465490547974093083e+01,-3.783024680604455958e-01,0.000000000000000000e+00,-1.336395206909522244e+02
4.147499999999966214e+00,3.003673432239133376e+02,1.459506901947290558e+01,-3.771456547776139145e-01,0.000000000000000000e+00,-1.337125170257684772e+02
4.149999999999966604e+00,3.004037969512430664e+02,1.453510208390269653e+01,-3.759984868354148690e-01,0.000000000000000000e+00,-1.337836714085255778e+02
4.152499999999966995e+00,3.004401007031681843e+02,1.447525862094837912e+01,-3.748459222738267926e-01,0.000000000000000000e+00,-1.338530054642785672e+02
4.154999999999967386e+00,3.004762550596395840e+02,1.441579080389688094e+01,-3.736887983520374990e-01,0.000000000000000000e+00,-1.339205377632597163e+02
4.157499999999967777e+00,3.005122609581816846e+02,1.435669581746192058e+01,-3.725264599420845535e-01,0.000000000000000000e+00,-1.339862863342536343e+02
4.159999999999968168e+00,3.005481193292816897e+02,1.429797084826695652e+01,-3.713590708763944703e-01,0.000000000000000000e+00,-1.340502687978680285e+02
4.162499999999968558e+00,3.005838310963944764e+02,1.423961308518965296e+01,-3.701874683014476641e-01,0.000000000000000000e+00,-1.341125024228728364e+02
4.164999999999968949e+00,3.006193971759483929e+02,1.418161971963463586e+01,-3.690105501432137114e-01,0.000000000000000000e+00,-1.341730039483716723e+02
4.167499999999969340e+00,3.006548184773518528e+02,1.412398794584417594e+01,-3.678281984803327687e-01,0.000000000000000000e+00,-1.342317894293070140e+02
4.169999999999969731e+00,3.006900959030004969e+02,1.406671496126271315e+01,-3.666409492453823193e-01,0.000000000000000000e+00,-1.342888747659382886e+02
4.172499999999970122e+00,3.007252303482853790e+02,1.400979796682538669e+01,-3.654489255719685081e-01,0.000000000000000000e+00,-1.343442752943608127e+02
4.174999999999970512e+00,3.007602227016020038e+02,1.395323416719808485e+01,-3.642516876730781950e-01,0.000000000000000000e+00,-1.343980059082136336e+02
4.177499999999970903e+00,3.007950738443595924e+02,1.389702077110962364e+01,-3.630497345533062470e-01,0.000000000000000000e+00,-1.344500812050295053e+02
4.179999999999971294e+00,3.008297846509915985e+02,1.384115499159936391e+01,-3.618422752695268918e-01,0.000000000000000000e+00,-1.345005152256258611e+02
4.182499999999971685e+00,3.008643559889665084e+02,1.378563404628317990e+01,-3.606305689318743402e-01,0.000000000000000000e+00,-1.345493216868617594e+02
4.184999999999972076e+00,3.008987887187994943e+02,1.373045515763152657e+01,-3.594130636975459980e-01,0.000000000000000000e+00,-1.345965139368295240e+02
4.187499999999972466e+00,3.009330836940646918e+02,1.367561555318552990e+01,-3.581903509110545003e-01,0.000000000000000000e+00,-1.346421047874163719e+02
4.189999999999972857e+00,3.009672417614079336e+02,1.362111246583837953e+01,-3.569628346398673324e-01,0.000000000000000000e+00,-1.346861067905950904e+02
4.192499999999973248e+00,3.010012637605603345e+02,1.356694313406435803e+01,-3.557301590880962983e-01,0.000000000000000000e+00,-1.347285322218130830e+02
4.194999999999973639e+00,3.010351505243524457e+02,1.351310480210944931e+01,-3.544924307022625509e-01,0.000000000000000000e+00,-1.347693928381793285e+02
4.197499999999974030e+00,3.010689028787286361e+02,1.345959472024082437e+01,-3.532497978054586762e-01,0.000000000000000000e+00,-1.348087001117766874e+02
4.199999999999974420e+00,3.011025216427624400e+02,1.340641014496772065e+01,-3.520249867084964679e-01,0.000000000000000000e+00,-1.348464651952630220e+02
4.202499999999974811e+00,3.011360076077634744e+02,1.335321148472158548e+01,-3.508405545760692745e-01,0.000000000000000000e+00,-1.348827060316373831e+02
4.204999999999975202e+00,3.011693603766838692e+02,1.329965894025740702e+01,-3.496963080516323208e-01,0.000000000000000000e+00,-1.349174443298119286e+02
4.207499999999975593e+00,3.012025790628754862e+02,1.324574912996913056e+01,-3.485927593233509869e-01,0.000000000000000000e+00,-1.349507033596613610e+02
4.209999999999975984e+00,3.012356627712923114e+02,1.319147877065432084e+01,-3.475281289570240628e-01,0.000000000000000000e+00,-1.349825078253108188e+02
4.212499999999976374e+00,3.012686105987355631e+02,1.313684467556540802e+01,-3.465033379490153331e-01,0.000000000000000000e+00,-1.350128838140325911e+02
4.214999999999976765e+00,3.013014216340935150e+02,1.308184375239907027e+01,-3.455173017061970997e-01,0.000000000000000000e+00,-1.350418589480580067e+02
4.217499999999977156e+00,3.013340949585765429e+02,1.302647300104476891e+01,-3.445694378105064182e-01,0.000000000000000000e+00,-1.350694626227983690e+02
4.219999999999977547e+00,3.013666296459462046e+02,1.297072951115255535e+01,-3.436597578603223790e-01,0.000000000000000000e+00,-1.350957257188550500e+02
4.222499999999977938e+00,3.013990247627381223e+02,1.291461045952666709e+01,-3.427869195037661076e-01,0.000000000000000000e+00,-1.351206807731073809e+02
4.224999999999978328e+00,3.014312793684785561e+02,1.285811310740638369e+01,-3.419506381253603067e-01,0.000000000000000000e+00,-1.351443620137735309e+02
4.227499999999978719e+00,3.014633925158937586e+02,1.280123479748526805e+01,-3.411509742470295592e-01,0.000000000000000000e+00,-1.351668056419774189e+02
4.229999999999979110e+00,3.014953632511117689e+02,1.274397295078189707e+01,-3.403860889877887708e-01,0.000000000000000000e+00,-1.351880492462003645e+02
4.232499999999979501e+00,3.015271906138566465e+02,1.268632506332940224e+01,-3.396560567507140860e-01,0.000000000000000000e+00,-1.352081326440122666e+02
4.234999999999979892e+00,3.015588736376337806e+02,1.262828870271746062e+01,-3.388626492354828712e-01,0.000000000000000000e+00,-1.352272205131738474e+02
4.237499999999980282e+00,3.015904113499070149e+02,1.256986150430831728e+01,-3.385617661699501513e-01,0.000000000000000000e+00,-1.352450927884555938e+02
4.239999999999980673e+00,3.016218027722658235e+02,1.251104116745346850e+01,-3.382939479791332027e-01,0.000000000000000000e+00,-1.352623262200041836e+02
4.242499999999981064e+00,3.016530469205828808e+02,1.245182545134651519e+01,-3.380572831362785302e-01,0.000000000000000000e+00,-1.352789693077792776e+02
4.244999999999981455e+00,3.016841428051615139e+02,1.239221217061343694e+01,-3.378518813183009617e-01,0.000000000000000000e+00,-1.352950726855073071e+02
4.247499999999981846e+00,3.017150894308715010e+02,1.233219919089595251e+01,-3.376752190121282693e-01,0.000000000000000000e+00,-1.353106887312737854e+02
4.249999999999982236e+00,3.017458857972742408e+02,1.227178442411944914e+01,-3.375001764470222376e-01,0.000000000000000000e+00,-1.353258709519007539e+02
4.252499999999982627e+00,3.017765309428401679e+02,1.221166079073309874e+01,-3.372963627414633514e-01,0.000000000000000000e+00,-1.353406088231828619e+02
4.254999999999983018e+00,3.018070263340252382e+02,1.215250886566744448e+01,-3.370622205486057954e-01,0.000000000000000000e+00,-1.353548667958966689e+02
4.257499999999983409e+00,3.018373743889986258e+02,1.209430909302295731e+01,-3.367976415868403350e-01,0.000000000000000000e+00,-1.353686099490189463e+02
4.259999999999983800e+00,3.018675774771634224e+02,1.203704213383806909e+01,-3.364986655876687216e-01,0.000000000000000000e+00,-1.353818042907475103e+02
4.262499999999984190e+00,3.018976379196945459e+02,1.198068885872389977e+01,-3.361645800942709150e-01,0.000000000000000000e+00,-1.353944169158336308e+02
4.264999999999984581e+00,3.019275579900589150e+02,1.192523034078533328e+01,-3.357942356523931360e-01,0.000000000000000000e+00,-1.354064161727334294e+02
4.267499999999984972e+00,3.019573399145174903e+02,1.187064784880242918e+01,-3.353863043888384854e-01,0.000000000000000000e+00,-1.354177711670479027e+02
4.269999999999985363e+00,3.019869858726108873e+02,1.181692284095152523e+01,-3.349393054090599731e-01,0.000000000000000000e+00,-1.354284521206915883e+02
4.272499999999985754e+00,3.020164979976295285e+02,1.176403695888665624e+01,-3.344520388278849343e-01,0.000000000000000000e+00,-1.354384306217579308e+02
4.274999999999986144e+00,3.020458783770690729e+02,1.171197202204806764e+01,-3.339244167281089082e-01,0.000000000000000000e+00,-1.354476791517336096e+02
4.277499999999986535e+00,3.020751290530716915e+02,1.166071002237585752e+01,-3.333540734196225874e-01,0.000000000000000000e+00,-1.354561715219558380e+02
4.279999999999986926e+00,3.021042520228546095e+02,1.161023311936537894e+01,-3.327414570674148697e-01,0.000000000000000000e+00,-1.354638825796290575e+02
4.282499999999987317e+00,3.021332492391262008e+02,1.156052363541479089e+01,-3.320855478861282628e-01,0.000000000000000000e+00,-1.354707885189700391e+02
4.284999999999987708e+00,3.021621226104908260e+02,1.151156405150863193e+01,-3.313852999544783517e-01,0.000000000000000000e+00,-1.354768666474201666e+02
4.287499999999988098e+00,3.021908740018428716e+02,1.146333700315177495e+01,-3.306409393751754688e-01,0.000000000000000000e+00,-1.354820955297002456e+02
4.289999999999988489e+00,3.022195052347509545e+02,1.141582527663871716e+01,-3.298521036450091093e-01,0.000000000000000000e+00,-1.354864550005377453e+02
4.292499999999988880e+00,3.022480180878328042e+02,1.136901180556593438e+01,-3.290184670091200747e-01,0.000000000000000000e+00,-1.354899262605463832e+02
4.294999999999989271e+00,3.022764142971216756e+02,1.132287966760595133e+01,-3.281400190303701558e-01,0.000000000000000000e+00,-1.354924918862845402e+02
4.297499999999989662e+00,3.023046955564248606e+02,1.127741208151634922e+01,-3.272170663243047506e-01,0.000000000000000000e+00,-1.354941356920691646e+02
4.299999999999990052e+00,3.023328635176748094e+02,1.123259240441458928e+01,-3.262645748120637790e-01,0.000000000000000000e+00,-1.354948430455986852e+02
4.302499999999990443e+00,3.023609197813241281e+02,1.118825346571881241e+01,-3.252969176588100253e-01,0.000000000000000000e+00,-1.354946073974361127e+02
4.304999999999990834e+00,3.023888653808800200e+02,1.114423637868538641e+01,-3.243144116466715188e-01,0.000000000000000000e+00,-1.354934254929583517e+02
4.307499999999991225e+00,3.024167011185497813e+02,1.110053687266111844e+01,-3.233171444021522567e-01,0.000000000000000000e+00,-1.354912940836520931e+02
4.309999999999991616e+00,3.024444277858785313e+02,1.105715070271797629e+01,-3.223052146682715002e-01,0.000000000000000000e+00,-1.354882099078830890e+02
4.312499999999992006e+00,3.024720461638136157e+02,1.101407364955376522e+01,-3.212788533416967574e-01,0.000000000000000000e+00,-1.354841697502536704e+02
4.314999999999992397e+00,3.024995570227684425e+02,1.097130151939763110e+01,-3.202383911716659703e-01,0.000000000000000000e+00,-1.354791703775425162e+02
4.317499999999992788e+00,3.025269611226863162e+02,1.092883014391581042e+01,-3.191835690461898856e-01,0.000000000000000000e+00,-1.354732086306368046e+02
4.319999999999993179e+00,3.025542592131039896e+02,1.088665538012467771e+01,-3.181150379814814966e-01,0.000000000000000000e+00,-1.354662812647715953e+02
4.322499999999993570e+00,3.025814520332150437e+02,1.084477311030705415e+01,-3.170325063169864843e-01,0.000000000000000000e+00,-1.354583852054469730e+02
4.324999999999993960e+00,3.026085403119329271e+02,1.080317924193471946e+01,-3.159364021323463056e-01,0.000000000000000000e+00,-1.354495172639192049e+02
4.327499999999994351e+00,3.026355247679539389e+02,1.076186970758977068e+01,-3.148269508327001254e-01,0.000000000000000000e+00,-1.354396744809519646e+02
4.329999999999994742e+00,3.026624061098199263e+02,1.072084046489396947e+01,-3.137044087080271826e-01,0.000000000000000000e+00,-1.354288537552054947e+02
4.332499999999995133e+00,3.026891850359808700e+02,1.068008749643709443e+01,-3.125689131376763186e-01,0.000000000000000000e+00,-1.354170520810658616e+02
4.334999999999995524e+00,3.027158622348572408e+02,1.063960680972850170e+01,-3.114456679582277010e-01,0.000000000000000000e+00,-1.354042688331122974e+02
4.337499999999995914e+00,3.027424384510113100e+02,1.059961544964222746e+01,-3.103434924424253172e-01,0.000000000000000000e+00,-1.353905236091886195e+02
4.339999999999996305e+00,3.027689150050525768e+02,1.056017540293167656e+01,-3.092616620201656397e-01,0.000000000000000000e+00,-1.353758384196873408e+02
4.342499999999996696e+00,3.027952932639186088e+02,1.052126680824226845e+01,-3.081999061458269851e-01,0.000000000000000000e+00,-1.353602341505729783e+02
4.344999999999997087e+00,3.028215745452462215e+02,1.048287042394463420e+01,-3.071575236892084004e-01,0.000000000000000000e+00,-1.353437307787883412e+02
4.347499999999997478e+00,3.028477601189088659e+02,1.044496760716800843e+01,-3.061338222632149497e-01,0.000000000000000000e+00,-1.353263472604327831e+02
4.349999999999997868e+00,3.028738512085021739e+02,1.040754029366209465e+01,-3.051315411242336850e-01,0.000000000000000000e+00,-1.353081019122250552e+02
4.352499999999998259e+00,3.028998489997125034e+02,1.037066898340682641e+01,-3.041518725512338261e-01,0.000000000000000000e+00,-1.352890178308412317e+02
4.354999999999998650e+00,3.029257549741905109e+02,1.033442228652461914e+01,-3.031941334187146508e-01,0.000000000000000000e+00,-1.352691190001223163e+02
4.357499999999999041e+00,3.029515706738512222e+02,1.029876604974905163e+01,-3.022572679460719391e-01,0.000000000000000000e+00,-1.352484279735100472e+02
4.359999999999999432e+00,3.029772975560250643e+02,1.026366751652913045e+01,-3.013404980865575511e-01,0.000000000000000000e+00,-1.352269658514740627e+02
4.362499999999999822e+00,3.030029369969169579e+02,1.022909526967935889e+01,-3.004429841473492679e-01,0.000000000000000000e+00,-1.352047524633354385e+02
4.365000000000000213e+00,3.030284902949237562e+02,1.019501917679014191e+01,-2.995640306730260050e-01,0.000000000000000000e+00,-1.351818064707891551e+02
4.367500000000000604e+00,3.030539586738167941e+02,1.016141033824207440e+01,-2.987025403436687210e-01,0.000000000000000000e+00,-1.351581453184830366e+02
4.370000000000000995e+00,3.030793432857954031e+02,1.012824103768243589e+01,-2.978580041614311003e-01,0.000000000000000000e+00,-1.351337854296224918e+02
4.372500000000001386e+00,3.031046452144184968e+02,1.009548469483213395e+01,-2.970295666554196856e-01,0.000000000000000000e+00,-1.351087421912972388e+02
4.375000000000001776e+00,3.031298654774189458e+02,1.006311582049567477e+01,-2.962166466076970872e-01,0.000000000000000000e+00,-1.350830300237068968e+02
4.377500000000002167e+00,3.031550050294068797e+02,1.003110997366179902e+01,-2.954185682472474372e-01,0.000000000000000000e+00,-1.350566625039773783e+02
4.380000000000002558e+00,3.031800647644670335e+02,9.999443720585572848e+00,-2.946347160312245417e-01,0.000000000000000000e+00,-1.350296523988370154e+02
4.382500000000002949e+00,3.032050455186543445e+02,9.968094595751775699e+00,-2.938645721033596447e-01,0.000000000000000000e+00,-1.350020117053624062e+02
4.385000000000003340e+00,3.032299480723935972e+02,9.937041064625548259e+00,-2.931075881209438405e-01,0.000000000000000000e+00,-1.349737517529665354e+02
4.387500000000003730e+00,3.032547731527864130e+02,9.906262488100816554e+00,-2.923633393918148027e-01,0.000000000000000000e+00,-1.349448832231444442e+02
4.390000000000004121e+00,3.032795214358304179e+02,9.875739088561442003e+00,-2.916314349853464938e-01,0.000000000000000000e+00,-1.349154161336158211e+02
4.392500000000004512e+00,3.033041935485546219e+02,9.845451917513617701e+00,-2.909113421657870679e-01,0.000000000000000000e+00,-1.348853600041817913e+02
4.395000000000004903e+00,3.033287900710744793e+02,9.815382824561197594e+00,-2.902028824926317085e-01,0.000000000000000000e+00,-1.348547238399778223e+02
4.397500000000005294e+00,3.033533115385701535e+02,9.785514427742985077e+00,-2.895057022023376225e-01,0.000000000000000000e+00,-1.348235162278786277e+02
4.400000000000005684e+00,3.033777584431915102e+02,9.755830085497649407e+00,-2.888182664906829844e-01,0.000000000000000000e+00,-1.347917453297327768e+02
4.402500000000006075e+00,3.034021312337317795e+02,9.726286577007384082e+00,-2.881392801802902803e-01,0.000000000000000000e+00,-1.347594161088372573e+02
4.405000000000006466e+00,3.034264302260971249e+02,9.696848020039444904e+00,-2.874683880835299798e-01,0.000000000000000000e+00,-1.347265322391121458e+02
4.407500000000006857e+00,3.034506556797733765e+02,9.667509360913552285e+00,-2.868058187639759837e-01,0.000000000000000000e+00,-1.346930972580336743e+02
4.410000000000007248e+00,3.034748078416932344e+02,9.638265688011614429e+00,-2.861512945523069229e-01,0.000000000000000000e+00,-1.346591145908032274e+02
4.412500000000007638e+00,3.034988869465895505e+02,9.609112228565876990e+00,-2.855049137278743432e-01,0.000000000000000000e+00,-1.346245875487900889e+02
4.415000000000008029e+00,3.035228932173406520e+02,9.580044345568108355e+00,-2.848666698685256016e-01,0.000000000000000000e+00,-1.345895193377556893e+02
4.417500000000008420e+00,3.035468268653081054e+02,9.551057534794500370e+00,-2.842365000159839949e-01,0.000000000000000000e+00,-1.345539130958512999e+02
4.420000000000008811e+00,3.035706880906669767e+02,9.522147421941188128e+00,-2.836145472200968798e-01,0.000000000000000000e+00,-1.345177719095222244e+02
4.422500000000009202e+00,3.035944770827290995e+02,9.493309759865246278e+00,-2.830008185419656264e-01,0.000000000000000000e+00,-1.344810987651281096e+02
4.425000000000009592e+00,3.036181940202594660e+02,9.464540425925617839e+00,-2.823952632126891515e-01,0.000000000000000000e+00,-1.344438965850185639e+02
4.427500000000009983e+00,3.036418390717860234e+02,9.435835419417740511e+00,-2.817981990796225578e-01,0.000000000000000000e+00,-1.344061682660327506e+02
4.430000000000010374e+00,3.036654123959030471e+02,9.407190859098440328e+00,-2.812096216261142367e-01,0.000000000000000000e+00,-1.343679166869370647e+02
4.432500000000010765e+00,3.036889141415685458e+02,9.378602980795328392e+00,-2.806296171179422094e-01,0.000000000000000000e+00,-1.343291446905253110e+02
4.435000000000011156e+00,3.037123444483954131e+02,9.350068135095433774e+00,-2.800584697922992028e-01,0.000000000000000000e+00,-1.342898550724989377e+02
4.437500000000011546e+00,3.037357034469373502e+02,9.321582785107210611e+00,-2.794963811043739699e-01,0.000000000000000000e+00,-1.342500507275289863e+02
4.440000000000011937e+00,3.037589912589685923e+02,9.293143504293489343e+00,-2.789434607409430056e-01,0.000000000000000000e+00,-1.342097344839065443e+02
4.442500000000012328e+00,3.037822079977589169e+02,9.264746974368952337e+00,-2.783999579835205185e-01,0.000000000000000000e+00,-1.341689092110514991e+02
4.445000000000012719e+00,3.038053537683429113e+02,9.236389983256341196e+00,-2.778662810546305151e-01,0.000000000000000000e+00,-1.341275778400321315e+02
4.447500000000013110e+00,3.038284286677844079e+02,9.208069423100539552e+00,-2.773425981038147858e-01,0.000000000000000000e+00,-1.340857433207291365e+02
4.450000000000013500e+00,3.038514327854359749e+02,9.179782288334154217e+00,-2.768123412384278503e-01,0.000000000000000000e+00,-1.340434083204420688e+02
4.452500000000013891e+00,3.038743662051380738e+02,9.151514825095716787e+00,-2.762629739795739447e-01,0.000000000000000000e+00,-1.340005570924611789e+02
4.455000000000014282e+00,3.038972289538980363e+02,9.123216453828987937e+00,-2.756990226011405420e-01,0.000000000000000000e+00,-1.339571674468525941e+02
4.457500000000014673e+00,3.039200209204266230e+02,9.094824328782136647e+00,-2.751235452824695171e-01,0.000000000000000000e+00,-1.339132181001095034e+02
4.460000000000015064e+00,3.039427418328795056e+02,9.066269573736549958e+00,-2.745386091447564181e-01,0.000000000000000000e+00,-1.338686880600700704e+02
4.462500000000015454e+00,3.039653912438466250e+02,9.037477395082724740e+00,-2.739448508547425165e-01,0.000000000000000000e+00,-1.338235562244507548e+02
4.465000000000015845e+00,3.039879685156271876e+02,9.008367132457800963e+00,-2.733429677818364767e-01,0.000000000000000000e+00,-1.337778009352221886e+02
4.467500000000016236e+00,3.040104728055381429e+02,8.978852169026172447e+00,-2.727328822168219036e-01,0.000000000000000000e+00,-1.337313997820942006e+02
4.470000000000016627e+00,3.040329030509532799e+02,8.948839813111016284e+00,-2.721146543620039382e-01,0.000000000000000000e+00,-1.336843293470812739e+02
4.472500000000017017e+00,3.040552579540635634e+02,8.918231213574868477e+00,-2.714878505028925360e-01,0.000000000000000000e+00,-1.336365651037579028e+02
4.475000000000017408e+00,3.040775359664369262e+02,8.886921271517390863e+00,-2.708521481403347031e-01,0.000000000000000000e+00,-1.335880812030482900e+02
4.477500000000017799e+00,3.040997352733566004e+02,8.854798581296320137e+00,-2.702070419509042809e-01,0.000000000000000000e+00,-1.335388504282628901e+02
4.480000000000018190e+00,3.041218537780369502e+02,8.821745402511847800e+00,-2.695515916261334022e-01,0.000000000000000000e+00,-1.334888438721664841e+02
4.482500000000018581e+00,3.041438890857851334e+02,8.787637664628409340e+00,-2.688852489303647508e-01,0.000000000000000000e+00,-1.334380307689470158e+02
4.485000000000018971e+00,3.041658384881958455e+02,8.752345011233250816e+00,-2.682090119445725840e-01,0.000000000000000000e+00,-1.333863781609440196e+02
4.487500000000019362e+00,3.041876989474814650e+02,8.715748243471718837e+00,-2.675980860021278107e-01,0.000000000000000000e+00,-1.333338563367033203e+02
4.490000000000019753e+00,3.042094672119059169e+02,8.678285259570417409e+00,-2.671035298204283426e-01,0.000000000000000000e+00,-1.332805123390359654e+02
4.492500000000020144e+00,3.042311415091155027e+02,8.640266527360736859e+00,-2.667311453650624276e-01,0.000000000000000000e+00,-1.332264231287231837e+02
4.495000000000020535e+00,3.042527204385846744e+02,8.601672480088575767e+00,-2.664859052451090116e-01,0.000000000000000000e+00,-1.331716778034496826e+02
4.497500000000020925e+00,3.042742025510344206e+02,8.562483835548546196e+00,-2.663716723122287466e-01,0.000000000000000000e+00,-1.331163783774447609e+02
4.500000000000021316e+00,3.042955863491397963e+02,8.522681588737016867e+00,-2.663189264444821847e-01,0.000000000000000000e+00,-1.330606384172527044e+02
4.502500000000021707e+00,3.043168703149345902e+02,8.482688695639927445e+00,-2.662543288928710394e-01,0.000000000000000000e+00,-1.330044831853620337e+02
4.505000000000022098e+00,3.043380544365437004e+02,8.442938228771636133e+00,-2.661774333466683795e-01,0.000000000000000000e+00,-1.329478993218559424e+02
4.507500000000022489e+00,3.043591393182415459e+02,8.403427036774187897e+00,-2.660883519813537212e-01,0.000000000000000000e+00,-1.328908732271177655e+02
4.510000000000022879e+00,3.043801255564423514e+02,8.364152000347791827e+00,-2.659870964684233896e-01,0.000000000000000000e+00,-1.328333913289500856e+02
4.512500000000023270e+00,3.044010137397800122e+02,8.325110031714119785e+00,-2.658732818727351233e-01,0.000000000000000000e+00,-1.327754398147942823e+02
4.515000000000023661e+00,3.044218044491866522e+02,8.286298074111758893e+00,-2.657468602811012270e-01,0.000000000000000000e+00,-1.327170048237896651e+02
4.517500000000024052e+00,3.044424982579698167e+02,8.247713101316204387e+00,-2.656073535994270540e-01,0.000000000000000000e+00,-1.326580724780992568e+02
4.520000000000024443e+00,3.044630957318885862e+02,8.209352117131384574e+00,-2.654546373245270097e-01,0.000000000000000000e+00,-1.325986286704170141e+02
4.522500000000024833e+00,3.044835974292282685e+02,8.171212154925150628e+00,-2.652887954394025916e-01,0.000000000000000000e+00,-1.325386591884861218e+02
4.525000000000025224e+00,3.045040039008742383e+02,8.133290277170488025e+00,-2.651096640892106615e-01,0.000000000000000000e+00,-1.324781499518636565e+02
4.527500000000025615e+00,3.045243156903842987e+02,8.095583574982802233e+00,-2.649167077071864496e-01,0.000000000000000000e+00,-1.324170865262022119e+02
4.530000000000026006e+00,3.045445333340600200e+02,8.058089167677444209e+00,-2.647096721292334087e-01,0.000000000000000000e+00,-1.323554543729793807e+02
4.532500000000026397e+00,3.045646573610171686e+02,8.020804202364560709e+00,-2.644887969291302432e-01,0.000000000000000000e+00,-1.322932390838247159e+02
4.535000000000026787e+00,3.045846882932546578e+02,7.983725853514159532e+00,-2.642538926835166224e-01,0.000000000000000000e+00,-1.322304259965230813e+02
4.537500000000027178e+00,3.046046266457231013e+02,7.946851322538009299e+00,-2.640047586929837320e-01,0.000000000000000000e+00,-1.321670003942732308e+02
4.540000000000027569e+00,3.046244729263915474e+02,7.910177837403487011e+00,-2.637412832110936911e-01,0.000000000000000000e+00,-1.321029476218123193e+02
4.542500000000027960e+00,3.046442276363139285e+02,7.873702652238585564e+00,-2.634634872173216569e-01,0.000000000000000000e+00,-1.320382528965609197e+02
4.545000000000028351e+00,3.046638912696941475e+02,7.837423046944023142e+00,-2.631710455237669666e-01,0.000000000000000000e+00,-1.319729012681094957e+02
4.547500000000028741e+00,3.046834643139502532e+02,7.801336326833420820e+00,-2.628637816775421521e-01,0.000000000000000000e+00,-1.319068778426513404e+02
4.550000000000029132e+00,3.047029472497778215e+02,7.765439822279607718e+00,-2.625049859895194349e-01,0.000000000000000000e+00,-1.318401663878718750e+02
4.552500000000029523e+00,3.047223405588206901e+02,7.729984386696274079e+00,-2.621351536068043386e-01,0.000000000000000000e+00,-1.317727217914542166e+02
4.555000000000029914e+00,3.047416457605880851e+02,7.695680706537142868e+00,-2.617720105270742170e-01,0.000000000000000000e+00,-1.317045498173504541e+02
4.557500000000030305e+00,3.047608658936862298e+02,7.662540777248173285e+00,-2.614123815139351437e-01,0.000000000000000000e+00,-1.316356586027444280e+02
4.560000000000030695e+00,3.047800037940550055e+02,7.630438698553312804e+00,-2.610535367542075047e-01,0.000000000000000000e+00,-1.315660535899291403e+02
4.562500000000031086e+00,3.047990619882082228e+02,7.599257766240586243e+00,-2.606940400989385398e-01,0.000000000000000000e+00,-1.314957381529708869e+02
4.565000000000031477e+00,3.048180427158668522e+02,7.568889849446162721e+00,-2.603325128804886979e-01,0.000000000000000000e+00,-1.314247142793118144e+02
4.567500000000031868e+00,3.048369479510606084e+02,7.539234811861240004e+00,-2.599687297246014994e-01,0.000000000000000000e+00,-1.313529831279744826e+02
4.570000000000032259e+00,3.048557794217977630e+02,7.510199986791853632e+00,-2.596029633408564741e-01,0.000000000000000000e+00,-1.312805456393109580e+02
4.572500000000032649e+00,3.048745386285037284e+02,7.481699668457121533e+00,-2.592361891103167615e-01,0.000000000000000000e+00,-1.312074028321054868e+02
4.575000000000033040e+00,3.048932268610457186e+02,7.453654584522449333e+00,-2.588696299102413168e-01,0.000000000000000000e+00,-1.311335561718916836e+02
4.577500000000033431e+00,3.049118452146386744e+02,7.425991531772296206e+00,-2.585049843444727213e-01,0.000000000000000000e+00,-1.310590076688085333e+02
4.580000000000033822e+00,3.049303946047861587e+02,7.398642978472185661e+00,-2.581443037881743230e-01,0.000000000000000000e+00,-1.309837602242286891e+02
4.582500000000034213e+00,3.049488757812458744e+02,7.371546698566652012e+00,-2.577902428323203265e-01,0.000000000000000000e+00,-1.309078176823237811e+02
4.585000000000034603e+00,3.049672893410995016e+02,7.344645439651407592e+00,-2.574462080627556992e-01,0.000000000000000000e+00,-1.308311850785240722e+02
4.587500000000034994e+00,3.049856357410104692e+02,7.317886625457274086e+00,-2.571165526929810596e-01,0.000000000000000000e+00,-1.307538689588862439e+02
4.590000000000035385e+00,3.050039153087578825e+02,7.291222140009428365e+00,-2.568071317934529918e-01,0.000000000000000000e+00,-1.306758777417456372e+02
4.592500000000035776e+00,3.050221282543193979e+02,7.264608254510579677e+00,-2.565253893875871216e-01,0.000000000000000000e+00,-1.305972222771290774e+02
4.595000000000036167e+00,3.050402746808285883e+02,7.238005606636120248e+00,-2.562812455765214326e-01,0.000000000000000000e+00,-1.305179165316545493e+02
4.597500000000036557e+00,3.050583545954806368e+02,7.211379167993298367e+00,-2.560868477451855307e-01,0.000000000000000000e+00,-1.304379783823240189e+02
4.600000000000036948e+00,3.050763679203409993e+02,7.184698178979289196e+00,-2.559205842208820414e-01,0.000000000000000000e+00,-1.303574299812580364e+02
4.602500000000037339e+00,3.050943145053900594e+02,7.157993536335750306e+00,-2.557514272055602111e-01,0.000000000000000000e+00,-1.302762742313060755e+02
4.605000000000037730e+00,3.051121943432560215e+02,7.131314264244554835e+00,-2.555793504008024852e-01,0.000000000000000000e+00,-1.301945052623225934e+02
4.607500000000038121e+00,3.051300074971844651e+02,7.104660042774578521e+00,-2.554044736106213520e-01,0.000000000000000000e+00,-1.301121171404807342e+02
4.610000000000038511e+00,3.051477540296210123e+02,7.078030551737552578e+00,-2.552268405291001629e-01,0.000000000000000000e+00,-1.300291039240263444e+02
4.612500000000038902e+00,3.051654340022105885e+02,7.051425470717345156e+00,-2.550465222579599844e-01,0.000000000000000000e+00,-1.299454596546261769e+02
4.615000000000039293e+00,3.051830474757969682e+02,7.024844479100445405e+00,-2.548636303586786500e-01,0.000000000000000000e+00,-1.298611783711164094e+02
4.617500000000039684e+00,3.052005945104223201e+02,6.998287256106532794e+00,-2.546782668120988191e-01,0.000000000000000000e+00,-1.297762540639012059e+02
4.620000000000040075e+00,3.052180751653268089e+02,6.971753480819382176e+00,-2.544904351576253165e-01,0.000000000000000000e+00,-1.296906807241172430e+02
4.622500000000040465e+00,3.052354894989481409e+02,6.945242832217943807e+00,-2.543003144537799853e-01,0.000000000000000000e+00,-1.296044523112317393e+02
4.625000000000040856e+00,3.052528375689215068e+02,6.918754989208312445e+00,-2.541079529545683391e-01,0.000000000000000000e+00,-1.295175627526784297e+02
4.627500000000041247e+00,3.052701194320792979e+02,6.892289630655543675e+00,-2.539134007853163788e-01,0.000000000000000000e+00,-1.294300059712588791e+02
4.630000000000041638e+00,3.052873351444509922e+02,6.865846435416153248e+00,-2.537168020910500754e-01,0.000000000000000000e+00,-1.293417758341665831e+02
4.632500000000042029e+00,3.053044847612632680e+02,6.839425082371268338e+00,-2.535181702198060494e-01,0.000000000000000000e+00,-1.292528662533828481e+02
4.635000000000042419e+00,3.053215683369400608e+02,6.813025250459889826e+00,-2.533174463788795960e-01,0.000000000000000000e+00,-1.291632710406681497e+02
4.637500000000042810e+00,3.053385859251026204e+02,6.786646618713146673e+00,-2.531148658176325394e-01,0.000000000000000000e+00,-1.290729840277488165e+02
4.640000000000043201e+00,3.053555375785698516e+02,6.760288866288019172e+00,-2.529105634312318052e-01,0.000000000000000000e+00,-1.289819990163034333e+02
4.642500000000043592e+00,3.053724233493586553e+02,6.733951672502702657e+00,-2.527044725826961269e-01,0.000000000000000000e+00,-1.288903097743738329e+02
4.645000000000043983e+00,3.053892432886843267e+02,6.707634716871853087e+00,-2.524967108297888618e-01,0.000000000000000000e+00,-1.287979100822321641e+02
4.647500000000044373e+00,3.054059974469610097e+02,6.681337679142604458e+00,-2.522873748801393035e-01,0.000000000000000000e+00,-1.287047937067629562e+02
4.650000000000044764e+00,3.054226858738024362e+02,6.655060239331170635e+00,-2.521025232175179154e-01,0.000000000000000000e+00,-1.286109546092062885e+02
4.652500000000045155e+00,3.054393086174015934e+02,6.628765215577185899e+00,-2.519803136140020272e-01,0.000000000000000000e+00,-1.285164073252232981e+02
4.655000000000045546e+00,3.054558655882221956e+02,6.602394268407115518e+00,-2.519418253865100543e-01,0.000000000000000000e+00,-1.284211804407332806e+02
4.657500000000045937e+00,3.054723565791804845e+02,6.575919024554259806e+00,-2.520116752970996132e-01,0.000000000000000000e+00,-1.283253104135474132e+02
4.660000000000046327e+00,3.054887813150527904e+02,6.549315938163480233e+00,-2.517064676801761269e-01,0.000000000000000000e+00,-1.282287850436530903e+02
4.662500000000046718e+00,3.055051386042248964e+02,6.521287573720194963e+00,-2.515822711474311468e-01,0.000000000000000000e+00,-1.281315089889299372e+02
4.665000000000047109e+00,3.055214258631822872e+02,6.493184513285688020e+00,-2.517367057206534309e-01,0.000000000000000000e+00,-1.280335566127195364e+02
4.667500000000047500e+00,3.055376428980796391e+02,6.465136523580143013e+00,-2.522147013376802582e-01,0.000000000000000000e+00,-1.279350364058828688e+02
4.670000000000047891e+00,3.055537898412634377e+02,6.437134941971433655e+00,-2.530641508173743781e-01,0.000000000000000000e+00,-1.278360671979990997e+02
4.672500000000048281e+00,3.055698668044353212e+02,6.409172873537836601e+00,-2.543346659741548832e-01,0.000000000000000000e+00,-1.277367776275713425e+02
4.675000000000048672e+00,3.055858738830490324e+02,6.381245150134797761e+00,-2.560778396490401843e-01,0.000000000000000000e+00,-1.276373049739811592e+02
4.677500000000049063e+00,3.056018111606076673e+02,6.353348297695959879e+00,-2.583459792242894792e-01,0.000000000000000000e+00,-1.275377945527394701e+02
4.680000000000049454e+00,3.056176787128813999e+02,6.325480506887644516e+00,-2.611924609707100831e-01,0.000000000000000000e+00,-1.274383980078135181e+02
4.682500000000049845e+00,3.056334766120535278e+02,6.297641605505616802e+00,-2.646714798739848717e-01,0.000000000000000000e+00,-1.273392720107931666e+02
4.685000000000050235e+00,3.056492049307975094e+02,6.269833031061598838e+00,-2.688377116696252789e-01,0.000000000000000000e+00,-1.272405768143639619e+02
4.687500000000050626e+00,3.056648637462855618e+02,6.242057802297258817e+00,-2.736069232619239844e-01,0.000000000000000000e+00,-1.271424805574422976e+02
4.690000000000051017e+00,3.056804531369779170e+02,6.214340700161506525e+00,-2.786516912939735469e-01,0.000000000000000000e+00,-1.270450707929912397e+02
4.692500000000051408e+00,3.056959732999340531e+02,6.186738274786587333e+00,-2.839627556914935402e-01,0.000000000000000000e+00,-1.269483707191598540e+02
4.695000000000051799e+00,3.057114245241853041e+02,6.159256405146556368e+00,-2.895415267001187898e-01,0.000000000000000000e+00,-1.268523954046972335e+02
4.697500000000052189e+00,3.057268071136414278e+02,6.131899657491365119e+00,-2.953892248423518052e-01,0.000000000000000000e+00,-1.267571550888803955e+02
4.700000000000052580e+00,3.057421213838292147e+02,6.104673015005337433e+00,-3.012401787409144105e-01,0.000000000000000000e+00,-1.266626546697287097e+02
4.702500000000052971e+00,3.057573676557953490e+02,6.077469523270302432e+00,-3.068332364038068305e-01,0.000000000000000000e+00,-1.265689021773569323e+02
4.705000000000053362e+00,3.057725458702108199e+02,6.050183142682365123e+00,-3.121738273514073070e-01,0.000000000000000000e+00,-1.264759051122706381e+02
4.707500000000053753e+00,3.057876558236230835e+02,6.022820393069572731e+00,-3.172670783382718906e-01,0.000000000000000000e+00,-1.263836666326165954e+02
4.710000000000054143e+00,3.058026973287229566e+02,5.995387449303065885e+00,-3.221184970611027931e-01,0.000000000000000000e+00,-1.262921869909722119e+02
4.712500000000054534e+00,3.058176702134082348e+02,5.967890145870019758e+00,-3.267330257987317021e-01,0.000000000000000000e+00,-1.262014625558947927e+02
4.715000000000054925e+00,3.058325743200058469e+02,5.940334036142539631e+00,-3.310865245631140485e-01,0.000000000000000000e+00,-1.261114863703653839e+02
4.717500000000055316e+00,3.058474095041130454e+02,5.912729162403277172e+00,-3.349433532101785960e-01,0.000000000000000000e+00,-1.260222278201967896e+02
4.720000000000055707e+00,3.058621756607955149e+02,5.885120153702315449e+00,-3.382750602410036778e-01,0.000000000000000000e+00,-1.259335741090467025e+02
4.722500000000056097e+00,3.058768727995091581e+02,5.857521381016915107e+00,-3.411165358003062642e-01,0.000000000000000000e+00,-1.258454047854985447e+02
4.725000000000056488e+00,3.058915009481791003e+02,5.829936511679196798e+00,-3.435030973587812064e-01,0.000000000000000000e+00,-1.257575981477176583e+02
4.727500000000056879e+00,3.059060601433725992e+02,5.802368295036648860e+00,-3.454688305104790524e-01,0.000000000000000000e+00,-1.256700326721762053e+02
4.730000000000057270e+00,3.059205504280157015e+02,5.774818584061112148e+00,-3.470472461756430316e-01,0.000000000000000000e+00,-1.255825877269791846e+02
4.732500000000057661e+00,3.059349718491650378e+02,5.747288358303492828e+00,-3.482710959156783970e-01,0.000000000000000000e+00,-1.254951443682777352e+02
4.735000000000058051e+00,3.059493244558375977e+02,5.719777747446233462e+00,-3.491724883937985524e-01,0.000000000000000000e+00,-1.254075864576424095e+02
4.737500000000058442e+00,3.059636082968993378e+02,5.692286054655576244e+00,-3.497827539481591641e-01,0.000000000000000000e+00,-1.253198012789049187e+02
4.740000000000058833e+00,3.059778234190118837e+02,5.664811778904149442e+00,-3.501316289468321963e-01,0.000000000000000000e+00,-1.252316804210032473e+02
4.742500000000059224e+00,3.059919698646342567e+02,5.637352635382775645e+00,-3.502483335606953463e-01,0.000000000000000000e+00,-1.251431204072530505e+02
4.745000000000059615e+00,3.060060476700915046e+02,5.609905540643709720e+00,-3.501603230238138353e-01,0.000000000000000000e+00,-1.250540232446016375e+02
4.747500000000060005e+00,3.060200568634512024e+02,5.582466588954289044e+00,-3.498942150807212159e-01,0.000000000000000000e+00,-1.249642971568025160e+02
4.750000000000060396e+00,3.060339974627118522e+02,5.555031280258155846e+00,-3.496506977342774269e-01,0.000000000000000000e+00,-1.248738589259079959e+02
4.752500000000060787e+00,3.060478694758870120e+02,5.527617842578045781e+00,-3.496396398322008658e-01,0.000000000000000000e+00,-1.247827537437815124e+02
4.755000000000061178e+00,3.060616729787300869e+02,5.500241249937540822e+00,-3.499015825797929802e-01,0.000000000000000000e+00,-1.246910875102141461e+02
4.757500000000061569e+00,3.060754080580601908e+02,5.472892632895011822e+00,-3.504796304678918228e-01,0.000000000000000000e+00,-1.245989786028582245e+02
4.760000000000061959e+00,3.060890747791274862e+02,5.445564362631169608e+00,-3.514186860514111332e-01,0.000000000000000000e+00,-1.245065573337688534e+02
4.762500000000062350e+00,3.061026731890018482e+02,5.418250274646623232e+00,-3.527654907925051875e-01,0.000000000000000000e+00,-1.244139654994963138e+02
4.765000000000062741e+00,3.061162033200915857e+02,5.390945515684916423e+00,-3.545688642487596631e-01,0.000000000000000000e+00,-1.243213555132388421e+02
4.767500000000063132e+00,3.061296651934051738e+02,5.363646513405214478e+00,-3.568781027816114726e-01,0.000000000000000000e+00,-1.242288895567036917e+02
4.770000000000063523e+00,3.061430588217415334e+02,5.336350958475591710e+00,-3.597444730390531586e-01,0.000000000000000000e+00,-1.241367385616410814e+02
4.772500000000063913e+00,3.061563842128396118e+02,5.309057792722678748e+00,-3.632186068303037696e-01,0.000000000000000000e+00,-1.240450809782317094e+02
4.775000000000064304e+00,3.061696413725012462e+02,5.281767396930797887e+00,-3.670713912601014095e-01,0.000000000000000000e+00,-1.239540947234948476e+02
4.777500000000064695e+00,3.061828303156004267e+02,5.254525523124497610e+00,-3.711295302144135277e-01,0.000000000000000000e+00,-1.238638439073647106e+02
4.780000000000065086e+00,3.061959511991243517e+02,5.227364408016352826e+00,-3.753916465157274285e-01,0.000000000000000000e+00,-1.237743555198772327e+02
4.782500000000065477e+00,3.062090042267469698e+02,5.200287275383422170e+00,-3.798567213345019344e-01,0.000000000000000000e+00,-1.236856522343938565e+02
4.785000000000065867e+00,3.062219896103446786e+02,5.173297687352645724e+00,-3.845234210855907886e-01,0.000000000000000000e+00,-1.235977515241369247e+02
4.787500000000066258e+00,3.062349075709357749e+02,5.146399470793948439e+00,-3.893885920482502705e-01,0.000000000000000000e+00,-1.235106664077685963e+02
4.790000000000066649e+00,3.062477583391490725e+02,5.119596512710836045e+00,-3.944491198378473062e-01,0.000000000000000000e+00,-1.234244049340649525e+02
4.792500000000067040e+00,3.062605421553525389e+02,5.092892731422492325e+00,-3.997016993181935485e-01,0.000000000000000000e+00,-1.233389695259627814e+02
4.795000000000067431e+00,3.062732592697219616e+02,5.066292060694594923e+00,-4.051422649373912499e-01,0.000000000000000000e+00,-1.232543573492785356e+02
4.797500000000067821e+00,3.062859099422713598e+02,5.039798435460743242e+00,-4.107656824701098608e-01,0.000000000000000000e+00,-1.231705603257871360e+02
4.800000000000068212e+00,3.062984944428482095e+02,5.013415778860125016e+00,-4.161875837810581902e-01,0.000000000000000000e+00,-1.230875662550756289e+02
4.802500000000068603e+00,3.063110130381253384e+02,4.986971826157696519e+00,-4.210380222393508842e-01,0.000000000000000000e+00,-1.230053983973173359e+02
4.805000000000068994e+00,3.063234653941432839e+02,4.960317483797632931e+00,-4.253325695468466727e-01,0.000000000000000000e+00,-1.229240707912752413e+02
4.807500000000069384e+00,3.063358510065858695e+02,4.933489707052685525e+00,-4.290881445494855173e-01,0.000000000000000000e+00,-1.228435656701885819e+02
4.810000000000069775e+00,3.063481694620630833e+02,4.906522611991062099e+00,-4.321510224120718724e-01,0.000000000000000000e+00,-1.227638529056532377e+02
4.812500000000070166e+00,3.063604204109050215e+02,4.879476615450343502e+00,-4.339614944775990746e-01,0.000000000000000000e+00,-1.226847014450784599e+02
4.815000000000070557e+00,3.063726037726484606e+02,4.852491640931100747e+00,-4.347499782552764480e-01,0.000000000000000000e+00,-1.226056995397233607e+02
4.817500000000070948e+00,3.063847197126520996e+02,4.825570816159532761e+00,-4.347953301653369462e-01,0.000000000000000000e+00,-1.225264705895479125e+02
4.820000000000071338e+00,3.063967683805860247e+02,4.798686979191303159e+00,-4.348643685655723123e-01,0.000000000000000000e+00,-1.224467634150714588e+02
4.822500000000071729e+00,3.064087504921610048e+02,4.772972228476480616e+00,-4.347726920663064765e-01,0.000000000000000000e+00,-1.223665662288504592e+02
4.825000000000072120e+00,3.064206684711392086e+02,4.747576781620836073e+00,-4.345962656324631190e-01,0.000000000000000000e+00,-1.222858073863518058e+02
4.827500000000072511e+00,3.064325230437782466e+02,4.722251452646345271e+00,-4.344158665616177917e-01,0.000000000000000000e+00,-1.222044445588903159e+02
4.830000000000072902e+00,3.064443142890029890e+02,4.696810268629588059e+00,-4.343012925804036750e-01,0.000000000000000000e+00,-1.221224762404430635e+02
4.832500000000073292e+00,3.064560418014311836e+02,4.671035791893545230e+00,-4.343328957684218783e-01,0.000000000000000000e+00,-1.220399463481425073e+02
4.835000000000073683e+00,3.064677046158851681e+02,4.644681353165905691e+00,-4.346003193277027110e-01,0.000000000000000000e+00,-1.219569580161664533e+02
4.837500000000074074e+00,3.064793011334861035e+02,4.617468937736781243e+00,-4.351940631088551115e-01,0.000000000000000000e+00,-1.218736849984175592e+02
4.840000000000074465e+00,3.064908290418976549e+02,4.589086960656734604e+00,-4.362124572538821909e-01,0.000000000000000000e+00,-1.217903775525765866e+02
4.842500000000074856e+00,3.065022852284122905e+02,4.559231102806251101e+00,-4.379822001562891920e-01,0.000000000000000000e+00,-1.217073928283156050e+02
4.845000000000075246e+00,3.065136660257506946e+02,4.528385146840959052e+00,-4.406986311395903466e-01,0.000000000000000000e+00,-1.216253729432630735e+02
4.847500000000075637e+00,3.065249692174242000e+02,4.496630765026204735e+00,-4.445031512285527175e-01,0.000000000000000000e+00,-1.215451179628240226e+02
4.850000000000076028e+00,3.065361924789809223e+02,4.463873828145474398e+00,-4.486235585563279615e-01,0.000000000000000000e+00,-1.214675613589162850e+02
4.852500000000076419e+00,3.065473333027114222e+02,4.430902548537233088e+00,-4.522083029177043634e-01,0.000000000000000000e+00,-1.213926556196898332e+02
4.855000000000076810e+00,3.065583920540812528e+02,4.398544248160051851e+00,-4.552788637086787049e-01,0.000000000000000000e+00,-1.213199495658002576e+02
4.857500000000077200e+00,3.065693702461600765e+02,4.366765075178867583e+00,-4.578588245998560513e-01,0.000000000000000000e+00,-1.212490226030491840e+02
4.860000000000077591e+00,3.065802693078264838e+02,4.335531948213642295e+00,-4.599737967241646630e-01,0.000000000000000000e+00,-1.211794852994366209e+02
4.862500000000077982e+00,3.065910905856885620e+02,4.304812546977581533e+00,-4.616524672410571850e-01,0.000000000000000000e+00,-1.211109795772179751e+02
4.865000000000078373e+00,3.066018353459820673e+02,4.274575304414678811e+00,-4.629338140133764656e-01,0.000000000000000000e+00,-1.210431791627419926e+02
4.867500000000078764e+00,3.066125047732884923e+02,4.244819354609644435e+00,-4.639517465941732088e-01,0.000000000000000000e+00,-1.209758068297378202e+02
4.870000000000079154e+00,3.066231001710852411e+02,4.215820241606565766e+00,-4.647502080369418365e-01,0.000000000000000000e+00,-1.209086846745757953e+02
4.872500000000079545e+00,3.066336235147252296e+02,4.187561271087262504e+00,-4.653472041084875110e-01,0.000000000000000000e+00,-1.208416579322838800e+02
4.875000000000079936e+00,3.066440765981652703e+02,4.159946011283138567e+00,-4.657631181876162874e-01,0.000000000000000000e+00,-1.207745888925745277e+02
4.877500000000080327e+00,3.066544609785944431e+02,4.132885474523683378e+00,-4.660202482483818409e-01,0.000000000000000000e+00,-1.207073580030839963e+02
4.880000000000080718e+00,3.066647779947975323e+02,4.106297732256899202e+00,-4.661420405311969550e-01,0.000000000000000000e+00,-1.206398634994491630e+02
4.882500000000081108e+00,3.066750287845279672e+02,4.080107229242345035e+00,-4.661528321183202594e-01,0.000000000000000000e+00,-1.205720217517829838e+02
4.885000000000081499e+00,3.066852143000783144e+02,4.054244394702973153e+00,-4.660771945733137023e-01,0.000000000000000000e+00,-1.205037666015086586e+02
4.887500000000081890e+00,3.066953353231015171e+02,4.028645284202228893e+00,-4.659389359002952813e-01,0.000000000000000000e+00,-1.204350484712906564e+02
4.890000000000082281e+00,3.067053924784295873e+02,4.003251138010002208e+00,-4.657602600114340019e-01,0.000000000000000000e+00,-1.203658330837885870e+02
4.892500000000082672e+00,3.067153862467873182e+02,3.978007951120531960e+00,-4.655617365689774800e-01,0.000000000000000000e+00,-1.202960997648468862e+02
4.895000000000083062e+00,3.067253169764461518e+02,3.952866098039675258e+00,-4.653626971159259829e-01,0.000000000000000000e+00,-1.202258396613136568e+02
4.897500000000083453e+00,3.067351848939913452e+02,3.927780077587263108e+00,-4.651837865630528701e-01,0.000000000000000000e+00,-1.201550547688470516e+02
4.900000000000083844e+00,3.067449901145288891e+02,3.902708513260451095e+00,-4.650075524444721720e-01,0.000000000000000000e+00,-1.200837578459360060e+02
4.902500000000084235e+00,3.067547326534072454e+02,3.877642533815069292e+00,-4.648112065623253297e-01,0.000000000000000000e+00,-1.200119408463376089e+02
4.905000000000084626e+00,3.067644125368844925e+02,3.852582477301162545e+00,-4.646085158292294626e-01,0.000000000000000000e+00,-1.199395909741359674e+02
4.907500000000085016e+00,3.067740297658326654e+02,3.827503069209229558e+00,-4.644124714832490453e-01,0.000000000000000000e+00,-1.198667025591594353e+02
4.910000000000085407e+00,3.067835842771579564e+02,3.802377801975110660e+00,-4.642363094788110045e-01,0.000000000000000000e+00,-1.197932771498870039e+02
4.912500000000085798e+00,3.067930759408928338e+02,3.777179141370207383e+00,-4.640945039820928986e-01,0.000000000000000000e+00,-1.197193240218286832e+02
4.915000000000086189e+00,3.068025045576812886e+02,3.751878586434766572e+00,-4.640031504258970152e-01,0.000000000000000000e+00,-1.196448612724955183e+02
4.917500000000086580e+00,3.068118698563757221e+02,3.726446672597075960e+00,-4.639797989163604308e-01,0.000000000000000000e+00,-1.195699170148103860e+02
4.920000000000086970e+00,3.068211714916158712e+02,3.700852939481690029e+00,-4.640432642540099351e-01,0.000000000000000000e+00,-1.194945303838609902e+02
4.922500000000087361e+00,3.068304090413151357e+02,3.675065886055893127e+00,-4.642132938282644838e-01,0.000000000000000000e+00,-1.194187525664000020e+02
4.925000000000087752e+00,3.068395820040340141e+02,3.649052930326676325e+00,-4.645101423173195743e-01,0.000000000000000000e+00,-1.193426472941918632e+02
4.927500000000088143e+00,3.068486897962591229e+02,3.622780381854775911e+00,-4.649543928525004532e-01,0.000000000000000000e+00,-1.192662915727191972e+02
4.930000000000088534e+00,3.068577317496192336e+02,3.596213450766191144e+00,-4.655667199314169613e-01,0.000000000000000000e+00,-1.191897758832093217e+02
4.932500000000088924e+00,3.068667071081945892e+02,3.569316343371558453e+00,-4.663678762446455961e-01,0.000000000000000000e+00,-1.191132042812007938e+02
4.935000000000089315e+00,3.068756150259764013e+02,3.542052108516716036e+00,-4.673783359649668623e-01,0.000000000000000000e+00,-1.190366944504719413e+02
4.937500000000089706e+00,3.068844545639278181e+02,3.514382687462770161e+00,-4.686185057816456001e-01,0.000000000000000000e+00,-1.189603778113327053e+02
4.940000000000090097e+00,3.068932246872688552e+02,3.486268967151171960e+00,-4.701117356105813938e-01,0.000000000000000000e+00,-1.188843994085620892e+02
4.942500000000090488e+00,3.069019242628604616e+02,3.457678307217621150e+00,-4.719686815447027284e-01,0.000000000000000000e+00,-1.188089242647709511e+02
4.945000000000090878e+00,3.069105521242246368e+02,3.428781887523873806e+00,-4.742547522440586083e-01,0.000000000000000000e+00,-1.187341936869195109e+02
4.947500000000091269e+00,3.069191076106993705e+02,3.399644871120282019e+00,-4.770039540022387725e-01,0.000000000000000000e+00,-1.186604790928611379e+02
4.950000000000091660e+00,3.069275901155452289e+02,3.370258091005040590e+00,-4.800381950776459461e-01,0.000000000000000000e+00,-1.185880709437191314e+02
4.952500000000092051e+00,3.069359990168863987e+02,3.340743318803844009e+00,-4.831571526908154390e-01,0.000000000000000000e+00,-1.185170916599358719e+02
4.955000000000092442e+00,3.069443341311470590e+02,3.311228308866521086e+00,-4.863618283213966831e-01,0.000000000000000000e+00,-1.184475912153419443e+02
4.957500000000092832e+00,3.069525954578305686e+02,3.281713233741058389e+00,-4.896523241120956382e-01,0.000000000000000000e+00,-1.183796195874892163e+02
4.960000000000093223e+00,3.069607829968741726e+02,3.252198270222544707e+00,-4.930305125531584398e-01,0.000000000000000000e+00,-1.183132263942662661e+02
4.962500000000093614e+00,3.069688967486594038e+02,3.222683599318966863e+00,-4.964967189556032112e-01,0.000000000000000000e+00,-1.182484617149866040e+02
4.965000000000094005e+00,3.069769367140227700e+02,3.193169406181249226e+00,-5.000517508890188756e-01,0.000000000000000000e+00,-1.181853751855103951e+02
4.967500000000094396e+00,3.069849028942659288e+02,3.163655880031472467e+00,-5.036958893785693503e-01,0.000000000000000000e+00,-1.181240164534195713e+02
4.970000000000094786e+00,3.069927952911659759e+02,3.134143214094573082e+00,-5.074303235099467679e-01,0.000000000000000000e+00,-1.180644342970796430e+02
4.972500000000095177e+00,3.070006139069852225e+02,3.104631605528199945e+00,-5.112550858077047344e-01,0.000000000000000000e+00,-1.180066783723351023e+02
4.975000000000095568e+00,3.070083587444811428e+02,3.075121255331582315e+00,-5.151715595080167409e-01,0.000000000000000000e+00,-1.179507974847079481e+02
4.977500000000095959e+00,3.070160298069158102e+02,3.045612368213171717e+00,-5.191805100475651580e-01,0.000000000000000000e+00,-1.178968400712615363e+02
4.980000000000096350e+00,3.070236270980651625e+02,3.016105152514203080e+00,-5.232817252072254899e-01,0.000000000000000000e+00,-1.178448544116213839e+02
4.982500000000096740e+00,3.070311506222280400e+02,2.986599820100242386e+00,-5.274759189113663593e-01,0.000000000000000000e+00,-1.177948883210573428e+02
4.985000000000097131e+00,3.070386003842348828e+02,2.957096586232117019e+00,-5.317639545690301395e-01,0.000000000000000000e+00,-1.177469892061389345e+02
4.987500000000097522e+00,3.070459763894562002e+02,2.927595669423919578e+00,-5.361470012821469844e-01,0.000000000000000000e+00,-1.177012043554742462e+02
4.990000000000097913e+00,3.070532786438105859e+02,2.898097291311889645e+00,-5.406242568487276134e-01,0.000000000000000000e+00,-1.176575802804363065e+02
4.992500000000098304e+00,3.070605071537723916e+02,2.868601676495416086e+00,-5.451967932675344519e-01,0.000000000000000000e+00,-1.176161628975893194e+02
4.995000000000098694e+00,3.070676619263791736e+02,2.839109052400119015e+00,-5.498652718256916705e-01,0.000000000000000000e+00,-1.175769977678711626e+02
4.997500000000099085e+00,3.070747429692385140e+02,2.809619649108709982e+00,-5.546295026460913435e-01,0.000000000000000000e+00,-1.175401300492206644e+02
5.000000000000099476e+00,3.070817502905347283e+02,2.780133699175223239e+00,-5.595545747637874490e-01,0.000000000000000000e+00,-1.175056051294751143e+02
5.002500000000099867e+00,3.070886838971821362e+02,2.750621325058606459e+00,-5.647078539113012940e-01,0.000000000000000000e+00,-1.174735177368449115e+02
5.005000000000100258e+00,3.070955436910348340e+02,2.721052628064429602e+00,-5.700931034507641382e-01,0.000000000000000000e+00,-1.174439834541952337e+02
5.007500000000100648e+00,3.071023295313791550e+02,2.691427779155699085e+00,-5.757154464547674655e-01,0.000000000000000000e+00,-1.174171188334421174e+02
5.010000000000101039e+00,3.071090412779420831e+02,2.661746972226704422e+00,-5.815784175279051782e-01,0.000000000000000000e+00,-1.173930411076830609e+02
5.012500000000101430e+00,3.071156787909480386e+02,2.632010423000192834e+00,-5.876867145491667666e-01,0.000000000000000000e+00,-1.173718682580802124e+02
5.015000000000101821e+00,3.071222419311727663e+02,2.602218367864525206e+00,-5.940444960157662546e-01,0.000000000000000000e+00,-1.173537177006615622e+02
5.017500000000102212e+00,3.071287305599942670e+02,2.572371062647379691e+00,-6.006549095307284203e-01,0.000000000000000000e+00,-1.173387075239187141e+02
5.020000000000102602e+00,3.071351445394408302e+02,2.542468781395746724e+00,-6.075216359940487365e-01,0.000000000000000000e+00,-1.173269564605606092e+02
5.022500000000102993e+00,3.071414837322357130e+02,2.512511814927394838e+00,-6.146489597725136589e-01,0.000000000000000000e+00,-1.173185822002634495e+02
5.025000000000103384e+00,3.071477480018382380e+02,2.482500469437777468e+00,-6.220406707771671817e-01,0.000000000000000000e+00,-1.173137035108031796e+02
5.027500000000103775e+00,3.071539372124815372e+02,2.452435064992409153e+00,-6.297004671745206617e-01,0.000000000000000000e+00,-1.173124381646732957e+02
5.030000000000104166e+00,3.071600512292061467e+02,2.422315933926841858e+00,-6.376313329811017505e-01,0.000000000000000000e+00,-1.173149034127781363e+02
5.032500000000104556e+00,3.071660899178900195e+02,2.392143419279782357e+00,-6.458366479059953758e-01,0.000000000000000000e+00,-1.173212165074622391e+02
5.035000000000104947e+00,3.071720531452742193e+02,2.361917873080283226e+00,-6.543190229771024269e-01,0.000000000000000000e+00,-1.173314934125997269e+02
5.037500000000105338e+00,3.071779407789842935e+02,2.331639654578406606e+00,-6.630823431957991732e-01,0.000000000000000000e+00,-1.173458491544089384e+02
5.040000000000105729e+00,3.071837526875475533e+02,2.301309128502026624e+00,-6.721294874386972706e-01,0.000000000000000000e+00,-1.173643987690641382e+02
5.042500000000106120e+00,3.071894887404055225e+02,2.270926663133158385e+00,-6.814629643469711784e-01,0.000000000000000000e+00,-1.173872550301043987e+02
5.045000000000106510e+00,3.071951488079218962e+02,2.240492628389636032e+00,-6.910850922467184354e-01,0.000000000000000000e+00,-1.174145305986233154e+02
5.047500000000106901e+00,3.072007327613854955e+02,2.210007393917846397e+00,-7.009982872216105054e-01,0.000000000000000000e+00,-1.174463357986054888e+02
5.050000000000107292e+00,3.072062404730082790e+02,2.179471327005106041e+00,-7.113382122856352074e-01,0.000000000000000000e+00,-1.174827819659576136e+02
5.052500000000107683e+00,3.072116718131175617e+02,2.148838546731980603e+00,-7.222468533178253436e-01,0.000000000000000000e+00,-1.175240666992120424e+02
5.055000000000108074e+00,3.072170264905311683e+02,2.118062584879899735e+00,-7.337349395000645202e-01,0.000000000000000000e+00,-1.175704250024447362e+02
5.057500000000108464e+00,3.072223041469668487e+02,2.087142866780506090e+00,-7.458156988780149099e-01,0.000000000000000000e+00,-1.176220917928762191e+02
5.060000000000108855e+00,3.072275044227238254e+02,2.056078846634774138e+00,-7.585003278190625142e-01,0.000000000000000000e+00,-1.176793028651460276e+02
5.062500000000109246e+00,3.072326269567508348e+02,2.024869999889256977e+00,-7.717992717914268219e-01,0.000000000000000000e+00,-1.177422945528451521e+02
5.065000000000109637e+00,3.072376713866948421e+02,1.993515815242027589e+00,-7.857234183983632381e-01,0.000000000000000000e+00,-1.178113032470510007e+02
5.067500000000110028e+00,3.072426373489292928e+02,1.962015786275123963e+00,-8.002820513461013086e-01,0.000000000000000000e+00,-1.178865631845830819e+02
5.070000000000110418e+00,3.072475244785617861e+02,1.930369403008109552e+00,-8.154858743150434908e-01,0.000000000000000000e+00,-1.179683083559150276e+02
5.072500000000110809e+00,3.072523324094200348e+02,1.898576141650640148e+00,-8.313415809610846807e-01,0.000000000000000000e+00,-1.180567708109511074e+02
5.075000000000111200e+00,3.072570607740100854e+02,1.866635454678060801e+00,-8.478592214667660665e-01,0.000000000000000000e+00,-1.181521805512681311e+02
5.077500000000111591e+00,3.072617092034546431e+02,1.834546764649757522e+00,-8.650481646211595210e-01,0.000000000000000000e+00,-1.182547638612936538e+02
5.080000000000111982e+00,3.072662773274132633e+02,1.802309455231023927e+00,-8.829113446553008560e-01,0.000000000000000000e+00,-1.183647466477420522e+02
5.082500000000112372e+00,3.072707647739795789e+02,1.769922861640849998e+00,-9.014586620410057760e-01,0.000000000000000000e+00,-1.184823497463767552e+02
5.085000000000112763e+00,3.072751711695547101e+02,1.737386260705933827e+00,-9.206950409551005743e-01,0.000000000000000000e+00,-1.186077911510069072e+02
5.087500000000113154e+00,3.072794961386955492e+02,1.704698861167069257e+00,-9.406258746652579328e-01,0.000000000000000000e+00,-1.187412851541739087e+02
5.090000000000113545e+00,3.072837393039394556e+02,1.671859793508452707e+00,-9.612552735612188703e-01,0.000000000000000000e+00,-1.188830406047804331e+02
5.092500000000113936e+00,3.072879002856022339e+02,1.638868100060292932e+00,-9.825857204659061983e-01,0.000000000000000000e+00,-1.190332609516221538e+02
5.095000000000114326e+00,3.072919787015526936e+02,1.605722725160928954e+00,-1.004620993522849171e+00,0.000000000000000000e+00,-1.191921460809589064e+02
5.097500000000114717e+00,3.072959741669617415e+02,1.572422504806325172e+00,-1.027364269381733752e+00,0.000000000000000000e+00,-1.193598883749211552e+02
5.100000000000115108e+00,3.072998862940257254e+02,1.538966156370077165e+00,-1.050430993783505906e+00,0.000000000000000000e+00,-1.195366716606301196e+02
5.102500000000115499e+00,3.073037146981469050e+02,1.505457361790350390e+00,-1.073431914560602385e+00,0.000000000000000000e+00,-1.197224605716943131e+02
5.105000000000115890e+00,3.073074593596388127e+02,1.471999482735696585e+00,-1.096359812377794674e+00,0.000000000000000000e+00,-1.199171278560137068e+02
5.107500000000116280e+00,3.073111204048494187e+02,1.438590856244738481e+00,-1.119204975256905765e+00,0.000000000000000000e+00,-1.201205427578239551e+02
5.110000000000116671e+00,3.073146979559663805e+02,1.405229814712450676e+00,-1.141958084814418406e+00,0.000000000000000000e+00,-1.203325733739122825e+02
5.112500000000117062e+00,3.073181921310060147e+02,1.371914686710459685e+00,-1.164613751086493787e+00,0.000000000000000000e+00,-1.205530815179892841e+02
5.115000000000117453e+00,3.073216030438042026e+02,1.338643798114320438e+00,-1.187167185217593568e+00,0.000000000000000000e+00,-1.207819274332353388e+02
5.117500000000117844e+00,3.073249308040107053e+02,1.305415474026497824e+00,-1.209604892326527237e+00,0.000000000000000000e+00,-1.210189688200145213e+02
5.120000000000118234e+00,3.073281755170867200e+02,1.272228040699622476e+00,-1.231923297559684993e+00,0.000000000000000000e+00,-1.212640605014997988e+02
5.122500000000118625e+00,3.073313372843130082e+02,1.239079831540449428e+00,-1.254111336521633868e+00,0.000000000000000000e+00,-1.215170537628173690e+02
5.125000000000119016e+00,3.073344162028076312e+02,1.205969185067109262e+00,-1.276162506867850155e+00,0.000000000000000000e+00,-1.217777980518805947e+02
5.127500000000119407e+00,3.073374123655378298e+02,1.172894445016543497e+00,-1.298070283461632668e+00,0.000000000000000000e+00,-1.220461412283590619e+02
5.130000000000119798e+00,3.073403258613334401e+02,1.139853961519788239e+00,-1.319826484436572800e+00,0.000000000000000000e+00,-1.223219295645136384e+02
5.132500000000120188e+00,3.073431567749036049e+02,1.106846092301742024e+00,-1.341422545508290876e+00,0.000000000000000000e+00,-1.226050062516387555e+02
5.135000000000120579e+00,3.073459051868567258e+02,1.073869204113385267e+00,-1.362852324125262582e+00,0.000000000000000000e+00,-1.228952129036495649e+02
5.137500000000120970e+00,3.073485711737237125e+02,1.040921674316219514e+00,-1.384109893952144787e+00,0.000000000000000000e+00,-1.231923900589819709e+02
5.140000000000121361e+00,3.073511548079852105e+02,1.008001892040531811e+00,-1.405186594238956976e+00,0.000000000000000000e+00,-1.234963769604774626e+02
5.142500000000121751e+00,3.073536561581022397e+02,9.751082595251326923e-01,-1.426075635891952631e+00,0.000000000000000000e+00,-1.238070113462605946e+02
5.145000000000122142e+00,3.073560752885488228e+02,9.422391934008146341e-01,-1.446771273088348631e+00,0.000000000000000000e+00,-1.241241298079693678e+02
5.147500000000122533e+00,3.073584122598494446e+02,9.093931260396947991e-01,-1.467266299493365844e+00,0.000000000000000000e+00,-1.244475679433860194e+02
5.150000000000122924e+00,3.073606671286187861e+02,8.765685068266626523e-01,-1.486573023210762345e+00,0.000000000000000000e+00,-1.247771519859029752e+02
5.152500000000123315e+00,3.073628399650670531e+02,8.440316738430995169e-01,-1.503777523190091392e+00,0.000000000000000000e+00,-1.251122676079163512e+02
5.155000000000123705e+00,3.073649317703773818e+02,8.120353547462517696e-01,-1.518982711100579364e+00,0.000000000000000000e+00,-1.254521618534676293e+02
5.157500000000124096e+00,3.073669438838442716e+02,7.805586131519011150e-01,-1.532293619524339734e+00,0.000000000000000000e+00,-1.257961313182880048e+02
5.160000000000124487e+00,3.073688775927448660e+02,7.495810542055361125e-01,-1.543810766495831821e+00,0.000000000000000000e+00,-1.261435242724958670e+02
5.162500000000124878e+00,3.073707341336529453e+02,7.190827563755055607e-01,-1.553635853604878436e+00,0.000000000000000000e+00,-1.264937329590338209e+02
5.165000000000125269e+00,3.073725146935854582e+02,6.890442079992153968e-01,-1.561869082472460590e+00,0.000000000000000000e+00,-1.268461971450051493e+02
5.167500000000125659e+00,3.073742204109924501e+02,6.594462485705829824e-01,-1.568609942466807183e+00,0.000000000000000000e+00,-1.272004001713957422e+02
5.170000000000126050e+00,3.073758523766032340e+02,6.302700139071686358e-01,-1.573956109869398157e+00,0.000000000000000000e+00,-1.275558691414811818e+02
5.172500000000126441e+00,3.073774116341372746e+02,6.014968857278126801e-01,-1.578003311831608135e+00,0.000000000000000000e+00,-1.279121712112280278e+02
5.175000000000126832e+00,3.073788991808917785e+02,5.731084453266640510e-01,-1.580846837060053911e+00,0.000000000000000000e+00,-1.282689149482411608e+02
5.177500000000127223e+00,3.073803159682157116e+02,5.450864313317458354e-01,-1.582579850987861914e+00,0.000000000000000000e+00,-1.286257472158794712e+02
5.180000000000127613e+00,3.073816629018803610e+02,5.174127013200207070e-01,-1.583293651045383887e+00,0.000000000000000000e+00,-1.289823513353359772e+02
5.182500000000128004e+00,3.073829408423562768e+02,4.900691975272081780e-01,-1.583077314032903748e+00,0.000000000000000000e+00,-1.293384465698400732e+02
5.185000000000128395e+00,3.073841506050067096e+02,4.630379164910665146e-01,-1.582018206548054362e+00,0.000000000000000000e+00,-1.296937853057970926e+02
5.187500000000128786e+00,3.073852929602074937e+02,4.363008826402807738e-01,-1.580201352963581218e+00,0.000000000000000000e+00,-1.300481531374303756e+02
5.190000000000129177e+00,3.073863686334029239e+02,4.098401260460330375e-01,-1.577710107216105051e+00,0.000000000000000000e+00,-1.304013661638644805e+02
5.192500000000129567e+00,3.073873783051087685e+02,3.836376645411356812e-01,-1.574625817086986901e+00,0.000000000000000000e+00,-1.307532701317216777e+02
5.195000000000129958e+00,3.073883226108730469e+02,3.576754907400332972e-01,-1.571146533692220348e+00,0.000000000000000000e+00,-1.311037400143903255e+02
5.197500000000130349e+00,3.073892021449367462e+02,3.319995784270696193e-01,-1.567435008574330713e+00,0.000000000000000000e+00,-1.314527176936465480e+02
5.200000000000130740e+00,3.073900176792533898e+02,3.066311794320390471e-01,-1.563557616060025968e+00,0.000000000000000000e+00,-1.318001734808404422e+02
5.202500000000131131e+00,3.073907699401479476e+02,2.814541116815731381e-01,-1.559580251679151486e+00,0.000000000000000000e+00,-1.321460972451107807e+02
5.205000000000131521e+00,3.073914593229589514e+02,2.563860261172780652e-01,-1.555509490278464524e+00,0.000000000000000000e+00,-1.324904880629177910e+02
5.207500000000131912e+00,3.073920860928325283e+02,2.314143594863442011e-01,-1.551352509298936644e+00,0.000000000000000000e+00,-1.328333482017173708e+02
5.210000000000132303e+00,3.073926504840250686e+02,2.065274945636975945e-01,-1.547116945801163101e+00,0.000000000000000000e+00,-1.331746834203312915e+02
5.212500000000132694e+00,3.073931527022464820e+02,1.817146045782629671e-01,-1.542810595284874076e+00,0.000000000000000000e+00,-1.335145029450306708e+02
5.215000000000133085e+00,3.073935929265797427e+02,1.569656855200693701e-01,-1.538441791279162141e+00,0.000000000000000000e+00,-1.338528196918296942e+02
5.217500000000133475e+00,3.073939713115739778e+02,1.322715694165094991e-01,-1.534019322534728946e+00,0.000000000000000000e+00,-1.341896502495473555e+02
5.220000000000133866e+00,3.073942879893260738e+02,1.076239084895631581e-01,-1.529552604529864857e+00,0.000000000000000000e+00,-1.345250151941714876e+02
5.222500000000134257e+00,3.073945430715220937e+02,8.301515828383229656e-02,-1.525051323548205273e+00,0.000000000000000000e+00,-1.348589392350091032e+02
5.225000000000134648e+00,3.073947366514358919e+02,5.843856027480717752e-02,-1.520723486215320941e+00,0.000000000000000000e+00,-1.351914426821989537e+02
5.227500000000135039e+00,3.073948688058843004e+02,3.388812470696323659e-02,-1.517157794758378531e+00,0.000000000000000000e+00,-1.355226322782596355e+02
5.230000000000135429e+00,3.073949395971397962e+02,9.358614733537801156e-03,-1.514257742985241517e+00,0.000000000000000000e+00,-1.358526588807004032e+02
