Time (s),Altitude (m),Velocity (m/s),Angular Velocity (rad/s),Fin Tab Angle (deg),Angular Position (deg)
0.000000000000000000e+00,1.000000000000000021e-02,0.000000000000000000e+00,0.000000000000000000e+00,0.000000000000000000e+00,0.000000000000000000e+00
2.500000000000000052e-03,9.988567481707710458e-03,1.496323928512193965e-02,0.000000000000000000e+00,0.000000000000000000e+00,0.000000000000000000e+00
5.000000000000000104e-03,1.005932776424622518e-02,1.088168232262113344e-01,0.000000000000000000e+00,0.000000000000000000e+00,0.000000000000000000e+00
7.499999999999999722e-03,1.040951164774603366e-02,2.815694414295912829e-01,0.000000000000000000e+00,0.000000000000000000e+00,0.000000000000000000e+00
1.000000000000000021e-02,1.124117340957762716e-02,5.146523567208216576e-01,0.000000000000000000e+00,0.000000000000000000e+00,0.000000000000000000e+00
1.250000000000000069e-02,1.266721169826118612e-02,7.693621177141998224e-01,0.000000000000000000e+00,0.000000000000000000e+00,0.000000000000000000e+00
1.500000000000000118e-02,1.474184371836534391e-02,1.043345879013278799e+00,0.000000000000000000e+00,0.000000000000000000e+00,0.000000000000000000e+00
1.750000000000000167e-02,1.750888963474287949e-02,1.324995885850237087e+00,0.000000000000000000e+00,0.000000000000000000e+00,0.000000000000000000e+00
2.000000000000000042e-02,2.098278737560788088e-02,1.611449702558631625e+00,0.000000000000000000e+00,0.000000000000000000e+00,0.000000000000000000e+00
2.249999999999999917e-02,2.517554679939365547e-02,1.902707926085420720e+00,0.000000000000000000e+00,0.000000000000000000e+00,0.000000000000000000e+00
2.499999999999999792e-02,3.009917926231184260e-02,2.198771156303761298e+00,0.000000000000000000e+00,0.000000000000000000e+00,0.000000000000000000e+00
2.749999999999999667e-02,3.576569763161981108e-02,2.499640010046166871e+00,0.000000000000000000e+00,0.000000000000000000e+00,0.000000000000000000e+00
2.999999999999999542e-02,4.218788469872510050e-02,2.802342874237937487e+00,0.000000000000000000e+00,0.000000000000000000e+00,0.000000000000000000e+00
3.249999999999999417e-02,4.936425679195972221e-02,3.100685770289002718e+00,0.000000000000000000e+00,0.000000000000000000e+00,0.000000000000000000e+00
3.499999999999999639e-02,5.728391318339719901e-02,3.394496083976020095e+00,0.000000000000000000e+00,0.000000000000000000e+00,0.000000000000000000e+00
3.749999999999999861e-02,6.593552162932797556e-02,3.683772417310854141e+00,0.000000000000000000e+00,0.000000000000000000e+00,0.000000000000000000e+00
4.000000000000000083e-02,7.530774641530774138e-02,3.968513416599376953e+00,0.000000000000000000e+00,0.000000000000000000e+00,0.000000000000000000e+00
4.250000000000000305e-02,8.538924846308362793e-02,4.248717765496272669e+00,0.000000000000000000e+00,0.000000000000000000e+00,0.000000000000000000e+00
4.500000000000000527e-02,9.616868542087672611e-02,4.524384179322400890e+00,0.000000000000000000e+00,0.000000000000000000e+00,0.000000000000000000e+00
4.750000000000000749e-02,1.076347117400590081e-01,4.795511400467590946e+00,9.514428298443908932e-16,0.000000000000000000e+00,0.000000000000000000e+00
5.000000000000000971e-02,1.197759787404932275e-01,5.062098194474819124e+00,-9.890088098663017327e-15,0.000000000000000000e+00,1.171126984088302518e-15
5.250000000000001193e-02,1.325811346675664637e-01,5.324234556137336760e+00,5.462900251688846710e-14,0.000000000000000000e+00,2.694028379048022788e-16
5.500000000000001416e-02,1.460397730668896998e-01,5.585219637829426986e+00,6.172600954017126627e-14,0.000000000000000000e+00,-9.367306851550324012e-15
5.750000000000001638e-02,1.601511194980453634e-01,5.846636933356533561e+00,2.481302479969455101e-13,0.000000000000000000e+00,-2.217702546575350554e-14
6.000000000000001860e-02,1.749162544454928025e-01,6.108486352260609209e+00,5.694211993801864555e-13,0.000000000000000000e+00,-5.974222970290316486e-14
6.250000000000001388e-02,1.903362581678114673e-01,6.370767806998826721e+00,3.041280490977337867e-13,0.000000000000000000e+00,-1.536222186238125718e-13
6.500000000000001610e-02,2.064122107075940238e-01,6.633481214784906932e+00,-2.325987485762240785e-13,0.000000000000000000e+00,-3.208870092870425383e-13
6.750000000000001832e-02,2.231451919159544994e-01,6.896626531861344667e+00,-1.171653812031239352e-12,0.000000000000000000e+00,-5.637278258045389855e-13
7.000000000000002054e-02,2.405362815855633107e-01,7.160203765018377631e+00,-9.876909402724789306e-13,0.000000000000000000e+00,-8.626859394293379014e-13
7.250000000000002276e-02,2.585865595093406744e-01,7.424212916405090290e+00,-1.983247015859968014e-12,0.000000000000000000e+00,-1.255789657016361479e-12
7.500000000000002498e-02,2.772971054782467637e-01,7.688653980440882663e+00,-3.633664190690404606e-12,0.000000000000000000e+00,-1.727474640314388088e-12
7.750000000000002720e-02,2.966689992628960271e-01,7.953526939950886110e+00,-4.484156399276139104e-12,0.000000000000000000e+00,-2.246267032573049927e-12
8.000000000000002942e-02,3.167033205851634836e-01,8.218831767077054096e+00,-1.161493891360338781e-12,0.000000000000000000e+00,-2.821645967625776016e-12
8.250000000000003164e-02,3.374011490929201829e-01,8.484568426597187241e+00,-4.602817515617758181e-12,0.000000000000000000e+00,-3.534406755795156512e-12
8.500000000000003386e-02,3.587635643410393982e-01,8.750736873854322084e+00,-3.834763443528472185e-12,0.000000000000000000e+00,-4.311845744410058035e-12
8.750000000000003608e-02,3.807916457690477818e-01,9.017337057674961187e+00,-6.753207182341904912e-12,0.000000000000000000e+00,-5.242132090687033593e-12
8.999999999999999667e-02,4.034864726853599759e-01,9.284368920858566909e+00,-3.399097828542479615e-12,0.000000000000000000e+00,-6.284023956795668773e-12
9.249999999999999889e-02,4.268491518135101859e-01,9.552273512670378608e+00,-8.619832056367087064e-12,0.000000000000000000e+00,-7.514977388261545426e-12
9.500000000000000111e-02,4.508823382329910645e-01,9.821491997925402728e+00,-2.776638884660901603e-12,0.000000000000000000e+00,-8.816949752916619620e-12
9.750000000000000333e-02,4.755893167382040931e-01,1.009202448487049608e+01,3.886624890848650320e-12,0.000000000000000000e+00,-1.033899618206136269e-11
1.000000000000000056e-01,5.009733723909221004e-01,1.036387107597238000e+01,4.418925305944019056e-14,0.000000000000000000e+00,-1.220276393674955356e-11
1.025000000000000078e-01,5.270377905060045221e-01,1.063703186821663493e+01,5.166669523008422083e-12,0.000000000000000000e+00,-1.447104454619897897e-11
1.050000000000000100e-01,5.537858566378393022e-01,1.091150695336971665e+01,5.826532201429994816e-12,0.000000000000000000e+00,-1.721835563228506977e-11
1.075000000000000122e-01,5.812208565674226168e-01,1.118729641820962328e+01,1.462048350891438482e-11,0.000000000000000000e+00,-2.050790127353585459e-11
1.100000000000000006e-01,6.093460762900007044e-01,1.146440034472902347e+01,3.975280635812798458e-11,0.000000000000000000e+00,-2.448686689460405699e-11
1.125000000000000028e-01,6.381647438359947522e-01,1.174188789136801425e+01,8.452891919173867661e-11,0.000000000000000000e+00,-2.964664520053669598e-11
1.150000000000000050e-01,6.676768192827406967e-01,1.201882763864294468e+01,7.072922717394910086e-11,0.000000000000000000e+00,-3.668887062865880858e-11
1.175000000000000072e-01,6.978809327118714601e-01,1.229521895994672853e+01,6.801406766363879331e-11,0.000000000000000000e+00,-4.576228861261478392e-11
1.200000000000000094e-01,7.287757129077648832e-01,1.257106151072389189e+01,1.854690772294043749e-11,0.000000000000000000e+00,-5.692033064519013622e-11
1.225000000000000117e-01,7.603597877551795392e-01,1.284635494326563432e+01,7.223977590147961027e-11,0.000000000000000000e+00,-6.997292083103196294e-11
1.250000000000000000e-01,7.926317842695835836e-01,1.312109892481516127e+01,7.304404062561446210e-11,0.000000000000000000e+00,-8.558117992735751505e-11
1.275000000000000022e-01,8.255903286346064629e-01,1.339529312268437877e+01,5.339922548397605738e-11,0.000000000000000000e+00,-1.039358489245099268e-10
1.300000000000000044e-01,8.592340462022741709e-01,1.366893720436850934e+01,-3.119123629628347485e-11,0.000000000000000000e+00,-1.250655997622636978e-10
1.325000000000000067e-01,8.935614159749862839e-01,1.394228463509617022e+01,2.483444177895353151e-11,0.000000000000000000e+00,-1.486839647325692042e-10
1.350000000000000089e-01,9.285725066886162393e-01,1.421636434551405337e+01,-5.215260433603370950e-11,0.000000000000000000e+00,-1.754925729000374059e-10
1.375000000000000111e-01,9.642692770538693336e-01,1.449129035876045712e+01,-9.619678896836290301e-11,0.000000000000000000e+00,-2.048577268679070534e-10
1.400000000000000133e-01,1.000653842790450776e+00,1.476706260956962424e+01,-9.256733150982709712e-11,0.000000000000000000e+00,-2.368891998720023814e-10
1.425000000000000155e-01,1.037728319453235848e+00,1.504368102973292842e+01,-1.352028465297903742e-10,0.000000000000000000e+00,-2.715979143838339787e-10
1.450000000000000178e-01,1.075494822424929886e+00,1.532114554812873841e+01,-2.421473641784657057e-10,0.000000000000000000e+00,-3.087918202074230006e-10
1.475000000000000200e-01,1.113955466908799874e+00,1.559945609074733852e+01,-2.462531871380100840e-10,0.000000000000000000e+00,-3.478112885458138145e-10
1.500000000000000222e-01,1.153112367921466097e+00,1.587861258071281334e+01,-2.388577157413633080e-10,0.000000000000000000e+00,-3.888956191492363656e-10
1.525000000000000244e-01,1.192967640285747200e+00,1.615861493830070827e+01,-2.800693875095014688e-10,0.000000000000000000e+00,-4.320467254113322194e-10
1.550000000000000266e-01,1.233523398623546319e+00,1.643946308095319608e+01,-2.781662358334166871e-10,0.000000000000000000e+00,-4.769246622108168106e-10
1.575000000000000289e-01,1.274781757348775191e+00,1.672115692329140302e+01,-3.312257090998874624e-10,0.000000000000000000e+00,-5.239018552707830662e-10
1.600000000000000311e-01,1.316744830660306231e+00,1.700369637712368132e+01,-1.094272936936195444e-10,0.000000000000000000e+00,-5.726206339301906351e-10
1.625000000000000333e-01,1.359414732534943493e+00,1.728708135145060965e+01,-3.894172601164808139e-10,0.000000000000000000e+00,-6.246120478847473953e-10
1.650000000000000355e-01,1.402793576720405166e+00,1.757131175246923149e+01,-4.233820484981820696e-10,0.000000000000000000e+00,-6.785592571264955206e-10
1.675000000000000377e-01,1.446883476728315632e+00,1.785638748357375150e+01,-3.938187087999176127e-10,0.000000000000000000e+00,-7.340541674685287434e-10
1.700000000000000400e-01,1.491686545827197063e+00,1.814230844535351395e+01,-2.602159630745051755e-12,0.000000000000000000e+00,-7.917035569552522901e-10
1.725000000000000422e-01,1.537204897035454820e+00,1.842907453558945363e+01,-8.119633707160722912e-11,0.000000000000000000e+00,-8.543293780169107005e-10
1.750000000000000444e-01,1.583440643114355284e+00,1.871668564924903677e+01,3.476112079583785737e-10,0.000000000000000000e+00,-9.219956060123538702e-10
1.775000000000000466e-01,1.630395896560985269e+00,1.900511518799828536e+01,2.869990519129276985e-10,0.000000000000000000e+00,-9.978728718039896709e-10
1.800000000000000488e-01,1.678072494169696727e+00,1.929340449806020530e+01,2.058839666854513759e-10,0.000000000000000000e+00,-1.081705356416857062e-09
1.825000000000000511e-01,1.726469474133589976e+00,1.958109326222503555e+01,2.013006061351555927e-10,0.000000000000000000e+00,-1.173804174658785006e-09
1.850000000000000533e-01,1.775585334876400134e+00,1.986818110762896694e+01,-4.697258024109523073e-10,0.000000000000000000e+00,-1.274263122758930594e-09
1.875000000000000555e-01,1.825418573890379648e+00,2.015466766259154596e+01,-4.586066760383811810e-10,0.000000000000000000e+00,-1.379198930942708528e-09
1.900000000000000577e-01,1.875967687739258594e+00,2.044055255661780990e+01,-4.125732999857700331e-10,0.000000000000000000e+00,-1.489157791732505736e-09
1.925000000000000600e-01,1.927231172061207642e+00,2.072583542039668458e+01,-3.791640743933876334e-10,0.000000000000000000e+00,-1.604858307864748534e-09
1.950000000000000622e-01,1.979207521571795692e+00,2.101051588579937857e+01,-4.737988337199330788e-10,0.000000000000000000e+00,-1.727033878527236246e-09
1.975000000000000644e-01,2.031895230066945501e+00,2.129459358587607909e+01,-3.687147494685749472e-10,0.000000000000000000e+00,-1.855825720293354384e-09
2.000000000000000666e-01,2.085292790425875342e+00,2.157806815484876850e+01,1.968992556722712967e-10,0.000000000000000000e+00,-1.991889251604903273e-09
2.025000000000000688e-01,2.139398694614025764e+00,2.186096192773140956e+01,6.228774718980137097e-11,0.000000000000000000e+00,-2.138945901203584474e-09
2.050000000000000711e-01,2.194211669702819556e+00,2.214409591396167087e+01,-1.193481665846762016e-09,0.000000000000000000e+00,-2.295541578293322209e-09
2.075000000000000733e-01,2.249732839724178035e+00,2.242786409105769962e+01,-2.185722280941072215e-10,0.000000000000000000e+00,-2.456330275013397038e-09
2.100000000000000755e-01,2.305963790069776032e+00,2.271226630860844864e+01,-7.588719352980736270e-10,0.000000000000000000e+00,-2.625509646834493385e-09
2.125000000000000777e-01,2.362906105753924901e+00,2.299730241383914375e+01,-1.110437999030046077e-09,0.000000000000000000e+00,-2.801443104605858647e-09
2.150000000000000799e-01,2.420561371407648821e+00,2.328297225158245709e+01,-1.000867489146819720e-10,0.000000000000000000e+00,-2.983746062895530416e-09
2.175000000000000822e-01,2.478931171272684697e+00,2.356927566424765530e+01,3.085579849341088979e-10,0.000000000000000000e+00,-3.178416217755851125e-09
2.200000000000000844e-01,2.538017089195408360e+00,2.385621249178979397e+01,-1.440010672855722530e-09,0.000000000000000000e+00,-3.387904163735860918e-09
2.225000000000000866e-01,2.597820708620678154e+00,2.414378257167521014e+01,-2.379182004680595566e-09,0.000000000000000000e+00,-3.602408828175007267e-09
2.250000000000000888e-01,2.658343612585594595e+00,2.443198573884636104e+01,-3.136234495408130398e-09,0.000000000000000000e+00,-3.816971291814846321e-09
2.275000000000000910e-01,2.719587383713167661e+00,2.472082182568462727e+01,-2.014863553031624083e-09,0.000000000000000000e+00,-4.029720061245528320e-09
2.300000000000000100e-01,2.781553604205895258e+00,2.501029066197472162e+01,-3.612744010418702233e-09,0.000000000000000000e+00,-4.242895352523176388e-09
2.325000000000000122e-01,2.844243830247558780e+00,2.529998254743939157e+01,-3.659169314347677758e-09,0.000000000000000000e+00,-4.449591669375423559e-09
2.350000000000000144e-01,2.907658179977039126e+00,2.558948769307575333e+01,-2.532324345944454163e-09,0.000000000000000000e+00,-4.649603350557520957e-09
2.375000000000000167e-01,2.971796186369472625e+00,2.587880578976979251e+01,-1.949199003116570402e-09,0.000000000000000000e+00,-4.848949966923220194e-09
2.400000000000000189e-01,3.036657381627036578e+00,2.616793652808661363e+01,-1.779383820076727174e-09,0.000000000000000000e+00,-5.052998493732482444e-09
2.425000000000000211e-01,3.102241297178130797e+00,2.645687959823917268e+01,-4.770455068760074300e-10,0.000000000000000000e+00,-5.259583195315863894e-09
2.450000000000000233e-01,3.168547463676478326e+00,2.674563469005620320e+01,2.857908321410997110e-10,0.000000000000000000e+00,-5.474191893425397968e-09
2.475000000000000255e-01,3.235575411000147117e+00,2.703420149294993635e+01,1.208485771639056116e-09,0.000000000000000000e+00,-5.701731126407736771e-09
2.500000000000000000e-01,3.303324668250490426e+00,2.732257969588353319e+01,1.429740598766033316e-10,0.000000000000000000e+00,-5.946120784412428609e-09
2.525000000000000022e-01,3.371794763751004620e+00,2.761076898733685780e+01,1.825429420798732913e-09,0.000000000000000000e+00,-6.200708638252931189e-09
2.550000000000000044e-01,3.440985225046100826e+00,2.789876905527075124e+01,1.499660354754686147e-09,0.000000000000000000e+00,-6.478169972685790356e-09
2.575000000000000067e-01,3.510895578899787761e+00,2.818657958709096789e+01,1.259232225560953245e-09,0.000000000000000000e+00,-6.778268953127959580e-09
2.600000000000000089e-01,3.581525351294261750e+00,2.847420026961003003e+01,3.854009887336148525e-09,0.000000000000000000e+00,-7.100157814506341404e-09
2.625000000000000111e-01,3.652874067428402594e+00,2.876163078900928483e+01,2.535801225664151429e-09,0.000000000000000000e+00,-7.453122648355959529e-09
2.650000000000000133e-01,3.724941251716173962e+00,2.904887083080039645e+01,3.922548933723777957e-09,0.000000000000000000e+00,-7.837008734183249162e-09
2.675000000000000155e-01,3.797726427784925640e+00,2.933592007978475635e+01,1.068531554370524477e-09,0.000000000000000000e+00,-8.258087897086534349e-09
2.700000000000000178e-01,3.871229118473596298e+00,2.962277822001283312e+01,5.066280101281060854e-09,0.000000000000000000e+00,-8.702976520440381730e-09
2.725000000000000200e-01,3.945448845830811457e+00,2.990944493474252752e+01,7.585457111246261468e-09,0.000000000000000000e+00,-9.195149121346022873e-09
2.750000000000000222e-01,4.020385131112878874e+00,3.019591990639696633e+01,6.149127980645561466e-09,0.000000000000000000e+00,-9.744089279229127332e-09
2.775000000000000244e-01,4.096037494781676003e+00,3.048220281652094243e+01,7.131434082129484701e-09,0.000000000000000000e+00,-1.034613156289953941e-08
2.800000000000000266e-01,4.172405456502431775e+00,3.076829334573722008e+01,9.591505797479523189e-09,0.000000000000000000e+00,-1.101264008222044277e-08
2.825000000000000289e-01,4.249488535141393797e+00,3.105419117370214721e+01,1.013430458677616408e-08,0.000000000000000000e+00,-1.174909916835121616e-08
2.850000000000000311e-01,4.327286248763388521e+00,3.133989597906058222e+01,4.124185740057154096e-09,0.000000000000000000e+00,-1.255833405070476331e-08
2.875000000000000333e-01,4.405798114629265960e+00,3.162540743940007459e+01,1.143313252854304966e-08,0.000000000000000000e+00,-1.342139487554675772e-08
2.899999999999999800e-01,4.485023649193228934e+00,3.191072523120526228e+01,1.264568843443485010e-08,0.000000000000000000e+00,-1.436771973049822859e-08
2.924999999999999822e-01,4.564962377901802704e+00,3.219600587002850034e+01,1.130326990858719061e-08,0.000000000000000000e+00,-1.541015082919339298e-08
2.949999999999999845e-01,4.645614375958442288e+00,3.248140589750682494e+01,2.227668445224652764e-09,0.000000000000000000e+00,-1.654025965649808812e-08
2.974999999999999867e-01,4.726979941673287833e+00,3.276692502847623700e+01,2.037658556375545573e-09,0.000000000000000000e+00,-1.772878633237632481e-08
2.999999999999999889e-01,4.809059372642276564e+00,3.305256297547327193e+01,-2.774656695359644350e-09,0.000000000000000000e+00,-1.897113830318083803e-08
3.024999999999999911e-01,4.891852965741365189e+00,3.333831944868089892e+01,-5.220039474020627602e-10,0.000000000000000000e+00,-2.025049501347965087e-08
3.049999999999999933e-01,4.975361017120615514e+00,3.362419415587593363e+01,-6.502635094257353071e-09,0.000000000000000000e+00,-2.157693130420152977e-08
3.074999999999999956e-01,5.059583822198145953e+00,3.391018680237237959e+01,-3.563587808842574621e-10,0.000000000000000000e+00,-2.294461355536708833e-08
3.099999999999999978e-01,5.144521675653945358e+00,3.419629709096556525e+01,3.237721421155318178e-09,0.000000000000000000e+00,-2.436312497903389108e-08
3.125000000000000000e-01,5.230174871423540317e+00,3.448252472187719064e+01,-7.125584493581264876e-09,0.000000000000000000e+00,-2.583937945797387882e-08
3.150000000000000022e-01,5.316543702691538087e+00,3.476886939269911636e+01,-5.416207659630047786e-09,0.000000000000000000e+00,-2.734915131869008556e-08
3.175000000000000044e-01,5.403628461885007894e+00,3.505533079833776355e+01,-3.336971345628209348e-09,0.000000000000000000e+00,-2.890061271521919928e-08
3.200000000000000067e-01,5.491429440666749429e+00,3.534190863096294066e+01,9.203244487593534832e-09,0.000000000000000000e+00,-3.049617717058849563e-08
3.225000000000000089e-01,5.579946929928411237e+00,3.562860257994975655e+01,1.868232334172792038e-08,0.000000000000000000e+00,-3.218507371263529504e-08
3.250000000000000111e-01,5.669181219783475001e+00,3.591541233182410764e+01,8.491816303745839639e-09,0.000000000000000000e+00,-3.400962995170133364e-08
3.275000000000000133e-01,5.759132599560108368e+00,3.620233757021330234e+01,2.101561681282074825e-08,0.000000000000000000e+00,-3.593673963790755252e-08
3.300000000000000155e-01,5.849801357793876555e+00,3.648937797578241771e+01,2.352776019795400545e-08,0.000000000000000000e+00,-3.800405719514399890e-08
3.325000000000000178e-01,5.941187782220310964e+00,3.677653322618463250e+01,1.277400346779418630e-08,0.000000000000000000e+00,-4.022235278929923532e-08
3.350000000000000200e-01,6.033292159767348117e+00,3.706380299601303108e+01,6.287493310817157074e-09,0.000000000000000000e+00,-4.257340207150948856e-08
3.375000000000000222e-01,6.126114776547658458e+00,3.735118695674818667e+01,2.531057683932855854e-08,0.000000000000000000e+00,-4.503553164178198129e-08
3.400000000000000244e-01,6.219655917850825944e+00,3.763868477670344248e+01,3.673566204721363996e-08,0.000000000000000000e+00,-4.766687338325799869e-08
3.425000000000000266e-01,6.313915868135403286e+00,3.792629612097730529e+01,4.748619480858628206e-08,0.000000000000000000e+00,-5.051259162540430406e-08
3.450000000000000289e-01,6.408894911020848184e+00,3.821402065140588888e+01,4.409416008451212570e-08,0.000000000000000000e+00,-5.361499927347314041e-08
3.475000000000000311e-01,6.504593329279342306e+00,3.850185802651496658e+01,4.370616444230227514e-08,0.000000000000000000e+00,-5.695820842506106437e-08
3.500000000000000333e-01,6.601011404827490381e+00,3.878980790146835034e+01,5.086289136003739454e-08,0.000000000000000000e+00,-6.055185839563018982e-08
3.525000000000000355e-01,6.698149418717873615e+00,3.907786992802031989e+01,5.133244675270583878e-08,0.000000000000000000e+00,-6.441672781186800656e-08
3.550000000000000377e-01,6.796007651130517857e+00,3.936604375448670368e+01,6.343860364469165779e-08,0.000000000000000000e+00,-6.857179189723274835e-08
3.575000000000000400e-01,6.894586381364272043e+00,3.965432902569480689e+01,7.801333171156995392e-08,0.000000000000000000e+00,-7.304736022184706213e-08
3.600000000000000422e-01,6.993885887828056092e+00,3.994272538294108443e+01,5.013817970134401769e-08,0.000000000000000000e+00,-7.790925323988324215e-08
3.625000000000000444e-01,7.093906448032017309e+00,4.023123246395950048e+01,3.495078188679580990e-08,0.000000000000000000e+00,-8.306332567207394608e-08
3.650000000000000466e-01,7.194648338578604196e+00,4.051984990289044930e+01,4.324594851877475069e-08,7.500000000000006661e-01,-8.847622755537207472e-08
3.675000000000000488e-01,7.296111835153561209e+00,4.080857733022852329e+01,6.276601472031006004e-03,1.500000000000001332e+00,2.046072328586033995e-04
3.700000000000000511e-01,7.398297212516789401e+00,4.109741437280091247e+01,1.900632879387811197e-02,2.250000000000001776e+00,1.519237774550410893e-03
3.725000000000000533e-01,7.501204744493165322e+00,4.138636065374370077e+01,3.836661238642553873e-02,3.000000000000002665e+00,4.874421028913823034e-03
3.750000000000000555e-01,7.604834703963306630e+00,4.167541579247348693e+01,6.453568078725754886e-02,3.750000000000003553e+00,1.122628019418368470e-02
3.775000000000000577e-01,7.709187362854252434e+00,4.196457940467501402e+01,9.769230089636224412e-02,4.500000000000003553e+00,2.155655648534196556e-02
3.800000000000000600e-01,7.814262992130123209e+00,4.225385110226235952e+01,1.370828169693308340e-01,5.250000000000004441e+00,3.680239998648745375e-02
3.825000000000000622e-01,7.920061861782686563e+00,4.254323049338314888e+01,1.822086447166723633e-01,5.250000000000004441e+00,5.791312607540694685e-02
3.850000000000000644e-01,8.026584240821939886e+00,4.283271718239864612e+01,2.270276263170118991e-01,5.250000000000004441e+00,8.548573593925834491e-02
3.875000000000000666e-01,8.133830397266605061e+00,4.312231076985498390e+01,2.716560033639700555e-01,6.000000000000005329e+00,1.194765175482874059e-01
3.900000000000000688e-01,8.241800598134636502e+00,4.341201085250680336e+01,3.231268323539217002e-01,6.750000000000005329e+00,1.600872090791431446e-01
3.925000000000000711e-01,8.350495109433689223e+00,4.370181702329212214e+01,3.814848184010433685e-01,7.500000000000006217e+00,2.083003513106799209e-01
3.950000000000000733e-01,8.459914196151615329e+00,4.399172887135720345e+01,4.467716872773035974e-01,8.250000000000007105e+00,2.651048782630031075e-01
3.975000000000000755e-01,8.570058122246981824e+00,4.428174598205561097e+01,5.190259056045373187e-01,9.000000000000007105e+00,3.314956831546208016e-01
4.000000000000000777e-01,8.680927151486331539e+00,4.457186056055252266e+01,5.982829110258438554e-01,9.750000000000007105e+00,4.084731791555035185e-01
4.025000000000000799e-01,8.792521502274153633e+00,4.486200564246905742e+01,6.845745588838202389e-01,1.000000000000000000e+01,4.970428341693841068e-01
4.050000000000000822e-01,8.904841223530517880e+00,4.515216438699914647e+01,7.729142069592451758e-01,1.000000000000000000e+01,5.980515890951638713e-01
4.075000000000000844e-01,9.017886349165262772e+00,4.544233635828675943e+01,8.607708273817711309e-01,9.250000000000000000e+00,7.117114847419315771e-01
4.100000000000000866e-01,9.131656911996673287e+00,4.573252111716058721e+01,9.404088724273900191e-01,8.499999999999996447e+00,8.377025011499252827e-01
4.125000000000000888e-01,9.246152943743277675e+00,4.602271822119349309e+01,1.011762353595538899e+00,7.749999999999998224e+00,9.748450650944607832e-01
4.150000000000000910e-01,9.361374475015686869e+00,4.631292722471718548e+01,1.074768601707033033e+00,6.999999999999996447e+00,1.121950176536611110e+00
4.175000000000000933e-01,9.477321535308512068e+00,4.660314767891148335e+01,1.129368147441731196e+00,6.249999999999996447e+00,1.277819866019422435e+00
4.200000000000000955e-01,9.593994152992532776e+00,4.689337913183774731e+01,1.175504790319695125e+00,5.499999999999997335e+00,1.441247657174732133e+00
4.225000000000000977e-01,9.711392355306980306e+00,4.718362112852194201e+01,1.213125778927293341e+00,4.749999999999995559e+00,1.611019034367599412e+00
4.250000000000000999e-01,9.829516168351890570e+00,4.747387321101094670e+01,1.242181565858509806e+00,4.749999999999995559e+00,1.785911913783892579e+00
4.275000000000001021e-01,9.948365617080767720e+00,4.776413491842394876e+01,1.271150715262792996e+00,4.749999999999995559e+00,1.964974348140839489e+00
4.300000000000001044e-01,1.006794072529328865e+01,4.805440578707887767e+01,1.300031588433138596e+00,5.499999999999997335e+00,2.148194289361899489e+00
4.325000000000001066e-01,1.018824151562835567e+01,4.834468535058537242e+01,1.337545163342807930e+00,6.249999999999996447e+00,2.335843135986142904e+00
4.350000000000001088e-01,1.030926800955740674e+01,4.863497313991086912e+01,1.383708072550461132e+00,6.999999999999996447e+00,2.529159858277020501e+00
4.375000000000001110e-01,1.043102022737780565e+01,4.892526868344348401e+01,1.438533336683813335e+00,7.749999999999998224e+00,2.729385842530383410e+00
4.400000000000001132e-01,1.055349818820644714e+01,4.921557150718226126e+01,1.502030394392813939e+00,8.500000000000000000e+00,2.937764373803628093e+00
4.425000000000001155e-01,1.067670190997394464e+01,4.950588113485326858e+01,1.574204932122700518e+00,9.250000000000000000e+00,3.155540115034718429e+00
4.450000000000001177e-01,1.080063140941895661e+01,4.979619708802999156e+01,1.655058900899022856e+00,1.000000000000000000e+01,3.383958587366247883e+00
4.475000000000001199e-01,1.092528670208292496e+01,5.008651888628673987e+01,1.744590750424458880e+00,1.000000000000000000e+01,3.624265645611835396e+00
4.500000000000001221e-01,1.105066780230507462e+01,5.037684604726433690e+01,1.833446073052193759e+00,9.250000000000000000e+00,3.877402896257400755e+00
4.525000000000001243e-01,1.117677472321775234e+01,5.066717808693313430e+01,1.912146618823129307e+00,8.499999999999996447e+00,4.142966233531530484e+00
4.550000000000001266e-01,1.130360747674228250e+01,5.095751451971915458e+01,1.980660678856300150e+00,7.749999999999998224e+00,4.419499135948798951e+00
4.575000000000001288e-01,1.143116607358530956e+01,5.124785485876599722e+01,2.038960152381924740e+00,6.999999999999996447e+00,4.705540481229052219e+00
4.600000000000001310e-01,1.155945052323560063e+01,5.153819861600821639e+01,2.087020454118148294e+00,6.249999999999996447e+00,4.999625054623226816e+00
4.625000000000001332e-01,1.168846083396114466e+01,5.182854530233611001e+01,2.124820724890337242e+00,5.499999999999997335e+00,5.300284066823392592e+00
4.650000000000001354e-01,1.181819701280661583e+01,5.211889442781118476e+01,2.152343609747383368e+00,4.749999999999995559e+00,5.606045666901759539e+00
4.675000000000001377e-01,1.194865906559144264e+01,5.240924550185716413e+01,2.169575645317422197e+00,4.749999999999995559e+00,5.915435463513605718e+00
4.700000000000001399e-01,1.207984699690833708e+01,5.269959803344890048e+01,2.186872021581155234e+00,4.749999999999995559e+00,6.227314179838337793e+00
4.725000000000001421e-01,1.221176081012217374e+01,5.298995153126554669e+01,2.204231089039627722e+00,5.499999999999997335e+00,6.541691406781709794e+00
4.750000000000001443e-01,1.234440050736950134e+01,5.328030550388643860e+01,2.232232910665335357e+00,6.249999999999996447e+00,6.858920654821753615e+00
4.775000000000001465e-01,1.247776608955827804e+01,5.357065945989065625e+01,2.270851435890624437e+00,6.999999999999996447e+00,7.180528780996036531e+00
4.800000000000001488e-01,1.261185755636795847e+01,5.386101290815337705e+01,2.320057046546827539e+00,7.749999999999998224e+00,7.508038995115400738e+00
4.825000000000001510e-01,1.274667487603919724e+01,5.415141805213686155e+01,2.379816266162976035e+00,8.500000000000000000e+00,7.842970316071143699e+00
4.850000000000001532e-01,1.288221834580912528e+01,5.444208807270885586e+01,2.450092307813274140e+00,9.250000000000000000e+00,8.186837105220707400e+00
4.875000000000001554e-01,1.301848865417511902e+01,5.473304617395154281e+01,2.530844774919676521e+00,1.000000000000000000e+01,8.541148586261193998e+00
4.900000000000001577e-01,1.315548652106338778e+01,5.502429187008629441e+01,2.622030364130476965e+00,1.000000000000000000e+01,8.907408349046642471e+00
4.925000000000001599e-01,1.329321266518424594e+01,5.531582467269338821e+01,2.712342430804610238e+00,9.250000000000000000e+00,9.286747553203250405e+00
4.950000000000001621e-01,1.343166780402527749e+01,5.560764409106557338e+01,2.790384109060648488e+00,8.499999999999996447e+00,9.678671493111957957e+00
4.975000000000001643e-01,1.357085265384639250e+01,5.589974963355416548e+01,2.856170133533789901e+00,7.750000000000014211e+00,1.008142045052582958e+01
5.000000000000001110e-01,1.371076792967838465e+01,5.619214080938851197e+01,2.909718391099910928e+00,7.000000000000030198e+00,1.049323661110862815e+01
5.025000000000000577e-01,1.385141434532634008e+01,5.648481712983313230e+01,2.951049938864152899e+00,6.250000000000047073e+00,1.091236454558828584e+01
5.050000000000000044e-01,1.399279261337475688e+01,5.677777810860724372e+01,2.980189027975839622e+00,5.500000000000063061e+00,1.133705168080651404e+01
5.074999999999999512e-01,1.413490344519381026e+01,5.707102326196962849e+01,2.997163410134598305e+00,4.750000000000078160e+00,1.176554877485565598e+01
5.099999999999998979e-01,1.427774755094590375e+01,5.736455210904713908e+01,3.002003858454195484e+00,4.000000000000094147e+00,1.219611039778308559e+01
5.124999999999998446e-01,1.442132563959295410e+01,5.765836417191920305e+01,2.994744657240651531e+00,4.000000000000094147e+00,1.262699539683803884e+01
5.149999999999997913e-01,1.456563841890372046e+01,5.795245897595252416e+01,2.987954909356790090e+00,4.000000000000094147e+00,1.305687511663896139e+01
5.174999999999997380e-01,1.471068659546246771e+01,5.824683605020945976e+01,2.981628404686637701e+00,4.750000000000078160e+00,1.348581661845592450e+01
5.199999999999996847e-01,1.485647087467827987e+01,5.854149492778827835e+01,2.988533233948078571e+00,5.500000000000063061e+00,1.391430171002016714e+01
5.224999999999996314e-01,1.500299196079539854e+01,5.883643514599364721e+01,3.008585821962425300e+00,6.250000000000047073e+00,1.434422791044214129e+01
5.249999999999995781e-01,1.515025055690375844e+01,5.913165624664159026e+01,3.041699685683170173e+00,7.000000000000030198e+00,1.477748089672699550e+01
5.274999999999995248e-01,1.529824743016495425e+01,5.942704402950069920e+01,3.087784276613749768e+00,7.750000000000014211e+00,1.521593400549065400e+01
5.299999999999994715e-01,1.544698263378647418e+01,5.972213681940219487e+01,3.146744083767609723e+00,8.499999999999996447e+00,1.566144758015966687e+01
5.324999999999994182e-01,1.559645537265907933e+01,6.001688304396780893e+01,3.218479339066445011e+00,9.249999999999984013e+00,1.611586833823993459e+01
5.349999999999993650e-01,1.574666478012365545e+01,6.031128227357178417e+01,3.302886901627072103e+00,9.999999999999966249e+00,1.658102874703298113e+01
5.374999999999993117e-01,1.589760998845202167e+01,6.060533408760648655e+01,3.399858958870642489e+00,9.999999999999966249e+00,1.705874644884986324e+01
5.399999999999992584e-01,1.604929012886986683e+01,6.089903807492054000e+01,3.495653873566270775e+00,9.999999999999966249e+00,1.755038009535267207e+01
5.424999999999992051e-01,1.620170433158040169e+01,6.119239383425944823e+01,3.590283824699309623e+00,1.000000000000000000e+01,1.805576159637395506e+01
5.449999999999991518e-01,1.635485172578943036e+01,6.148540097460034559e+01,3.683761372058348194e+00,1.000000000000000000e+01,1.857472452687858677e+01
5.474999999999990985e-01,1.650873143973121060e+01,6.177805911559799767e+01,3.776099243717836007e+00,1.000000000000000000e+01,1.910710416134220324e+01
5.499999999999990452e-01,1.666334260069537621e+01,6.207036788803490168e+01,3.867310299201003776e+00,1.000000000000000000e+01,1.965273745918446480e+01
5.524999999999989919e-01,1.681868433505488980e+01,6.236232693403734828e+01,3.957407332233441988e+00,1.000000000000000000e+01,2.021146310026848170e+01
5.549999999999989386e-01,1.697475576829446453e+01,6.265393590757010855e+01,4.046403107509550345e+00,1.000000000000000000e+01,2.078312146434006280e+01
5.574999999999988853e-01,1.713155602504064134e+01,6.294519447475359897e+01,4.134310971343705177e+00,1.000000000000000000e+01,2.136755466464497033e+01
5.599999999999988320e-01,1.728908422909251996e+01,6.323610231437258022e+01,4.221143836584024811e+00,1.000000000000000000e+01,2.196460655443042498e+01
5.624999999999987788e-01,1.744733950345306539e+01,6.352665911794343856e+01,4.306914581156543242e+00,1.000000000000000000e+01,2.257412270661039244e+01
5.649999999999999467e-01,1.760632097036170052e+01,6.381686459013493362e+01,4.391636728305937432e+00,9.250000000000015987e+00,2.319595043030900072e+01
5.674999999999998934e-01,1.776602777371954645e+01,6.410707662283523689e+01,4.460196635639423590e+00,8.500000000000031974e+00,2.382944653584837980e+01
5.699999999999998401e-01,1.792646031399685924e+01,6.439765310686544808e+01,4.512719827918619586e+00,7.750000000000047073e+00,2.447229122093946785e+01
5.724999999999997868e-01,1.808761950216566561e+01,6.468859377295230217e+01,4.549333882779319715e+00,7.000000000000064837e+00,2.512218255784457099e+01
5.749999999999997335e-01,1.824950624853181580e+01,6.497989836422993903e+01,4.570168962599360896e+00,6.250000000000080824e+00,2.577683681472357691e+01
5.774999999999996803e-01,1.841212146276589934e+01,6.527156663644770163e+01,4.575356602331161149e+00,5.500000000000095923e+00,2.643398884545733907e+01
5.799999999999996270e-01,1.857546605393530115e+01,6.556359835795456092e+01,4.565030869441911499e+00,4.750000000000111910e+00,2.709139234946477615e+01
5.824999999999995737e-01,1.873954093053516701e+01,6.585599330967487219e+01,4.539327725504314515e+00,4.000000000000128786e+00,2.774682025548546704e+01
5.849999999999995204e-01,1.890434700052043127e+01,6.614875128538893989e+01,4.498384705651156779e+00,4.000000000000128786e+00,2.839806502626068863e+01
5.874999999999994671e-01,1.906988517133752836e+01,6.644187209144358519e+01,4.458784812097873029e+00,4.000000000000128786e+00,2.904347407896380062e+01
5.899999999999994138e-01,1.923615634995600843e+01,6.673535554672166370e+01,4.420503849774159555e+00,4.750000000000113687e+00,2.968323830317983081e+01
5.924999999999993605e-01,1.940316144289971945e+01,6.702920148300177061e+01,4.400235606734583804e+00,5.500000000000096811e+00,3.031808913278243622e+01
5.949999999999993072e-01,1.957090135627918315e+01,6.732340974486874075e+01,4.397749781011754955e+00,6.250000000000081712e+00,3.095060720762982598e+01
5.974999999999992539e-01,1.973937699582405614e+01,6.761798019029578199e+01,4.412814899825234782e+00,7.000000000000298428e+00,3.158334003382254807e+01
5.999999999999999778e-01,1.990858926691640463e+01,6.791291269065536085e+01,4.445198597565237719e+00,7.750000000000282441e+00,3.221880177920283472e+01
6.024999999999999245e-01,2.007853905483747781e+01,6.820789064621672537e+01,4.494665404998757552e+00,8.500000000000266454e+00,3.285947299360648799e+01
6.049999999999998712e-01,2.024922613366517510e+01,6.850259748622734435e+01,4.560977806405108304e+00,9.250000000000248690e+00,3.350780019598995807e+01
6.074999999999998179e-01,2.042064982556645347e+01,6.879703313897353212e+01,4.643895792900432085e+00,9.250000000000248690e+00,3.416619550070199551e+01
6.099999999999997646e-01,2.059280945253774675e+01,6.909119754836721938e+01,4.725620406844907251e+00,9.250000000000248690e+00,3.483646498251166435e+01
6.124999999999997113e-01,2.076570433644387492e+01,6.938509067404208963e+01,4.806171979180235532e+00,1.000000000000000000e+01,3.551843545753879283e+01
6.149999999999996581e-01,2.093933379905813297e+01,6.967871249162001845e+01,4.903426042248701044e+00,1.000000000000000000e+01,3.621251741218464559e+01
6.174999999999996048e-01,2.111369716210169756e+01,6.997206299232584570e+01,4.999162897863166144e+00,1.000000000000000000e+01,3.692051663230652991e+01
6.199999999999995515e-01,2.128879374728259677e+01,7.026514218309324633e+01,5.093409213602332564e+00,1.000000000000000000e+01,3.764221297002343647e+01
6.224999999999994982e-01,2.146462287633526600e+01,7.055795008649222666e+01,5.186192125612416604e+00,1.000000000000000000e+01,3.837739000798707423e+01
6.249999999999994449e-01,2.164118387105907715e+01,7.085048674052137585e+01,5.277538618616491206e+00,1.000000000000000000e+01,3.912583505665382688e+01
6.274999999999993916e-01,2.181847605335742912e+01,7.114275219831939978e+01,5.367474605361636009e+00,1.000000000000000000e+01,3.988733911708629165e+01
6.299999999999993383e-01,2.199649874527489857e+01,7.143474652785818080e+01,5.456026061177705166e+00,1.000000000000000000e+01,4.066169682643776184e+01
6.324999999999992850e-01,2.217525126903431598e+01,7.172646981190284521e+01,5.543219145917952062e+00,1.000000000000000000e+01,4.144870643700948420e+01
6.349999999999992317e-01,2.235473294707392000e+01,7.201792214779541723e+01,5.629079031605356498e+00,9.250000000000015987e+00,4.224816986560190202e+01
6.374999999999991784e-01,2.253494310208337481e+01,7.230910364686853598e+01,5.694410281836915111e+00,8.500000000000031974e+00,4.305926747328112469e+01
6.399999999999991251e-01,2.271588102669891995e+01,7.260013181742580457e+01,5.739486024162108180e+00,7.750000000000047073e+00,4.387905391393503152e+01
6.424999999999990719e-01,2.289754657732149212e+01,7.289125138389572101e+01,5.764579571686995862e+00,7.000000000000064837e+00,4.470462361021886721e+01
6.449999999999990186e-01,2.307993998251295054e+01,7.318246925036068262e+01,5.769963938643825507e+00,6.250000000000080824e+00,4.553311080363540242e+01
6.474999999999989653e-01,2.326306148810760632e+01,7.347378557057562887e+01,5.755912712800237863e+00,5.500000000000095923e+00,4.636168963863864434e+01
6.499999999999989120e-01,2.344691134033051583e+01,7.376520050902531977e+01,5.722698361483848473e+00,4.750000000000111910e+00,4.718757419294458089e+01
6.524999999999988587e-01,2.363148978582362858e+01,7.405671423933192443e+01,5.670593459890612920e+00,4.000000000000128786e+00,4.800801841046386187e+01
6.549999999999988054e-01,2.381679707166748017e+01,7.434832694358776450e+01,5.599869828013345874e+00,4.000000000000128786e+00,4.882031609379342285e+01
6.574999999999987521e-01,2.400283344540305919e+01,7.464003881152744668e+01,5.531525222051032031e+00,4.000000000000128786e+00,4.962247447671646228e+01
6.599999999999986988e-01,2.418959915504884606e+01,7.493185003915448306e+01,5.465503500370860301e+00,4.750000000000113687e+00,5.041483379635035789e+01
6.624999999999986455e-01,2.437709444911727275e+01,7.522376082807251407e+01,5.422781340371046532e+00,5.500000000000096811e+00,5.119840981114985112e+01
6.649999999999985922e-01,2.456531957662727095e+01,7.551577138477135520e+01,5.402927302361741013e+00,6.250000000000081712e+00,5.197653582754521295e+01
6.674999999999985389e-01,2.475427478711678830e+01,7.580788192018887628e+01,5.405513427009016603e+00,7.000000000000064837e+00,5.275248258204171492e+01
6.699999999999984857e-01,2.494396033065366325e+01,7.610009264954157970e+01,5.430114247771035352e+00,7.750000000000049738e+00,5.352945878047295025e+01
6.724999999999984324e-01,2.513437645784589947e+01,7.639240379195732089e+01,5.476306483887748655e+00,8.500000000000031974e+00,5.431061138735729088e+01
6.749999999999983791e-01,2.532552341985143940e+01,7.668481556971636337e+01,5.543671448800319368e+00,9.250000000000017764e+00,5.509902602794620918e+01
6.774999999999983258e-01,2.551740146838558232e+01,7.697732820805656218e+01,5.631791158879376091e+00,1.000000000000000000e+01,5.589772746773691381e+01
6.799999999999982725e-01,2.571001085572833489e+01,7.726994193435490388e+01,5.740251770244796603e+00,1.000000000000000000e+01,5.670967990573716833e+01
6.824999999999982192e-01,2.590335183472898706e+01,7.756265697723382857e+01,5.846590183472216040e+00,9.250000000000015987e+00,5.753707127044114600e+01
6.849999999999981659e-01,2.609742465880855633e+01,7.785547356637486871e+01,5.928586657030779250e+00,8.500000000000031974e+00,5.837887176395593514e+01
6.874999999999981126e-01,2.629222958196348259e+01,7.814839193174104537e+01,5.986656203246297991e+00,7.750000000000047073e+00,5.923159672979223700e+01
6.899999999999980593e-01,2.648776685876414305e+01,7.844141230156903077e+01,6.021209304027757447e+00,7.000000000000064837e+00,6.009182203950535950e+01
6.924999999999980060e-01,2.668403674435040784e+01,7.873453490175150193e+01,6.032652918077022974e+00,6.250000000000080824e+00,6.095618352780786608e+01
6.949999999999979527e-01,2.688103949442527352e+01,7.902775995443120394e+01,6.021391339245347751e+00,5.500000000000095923e+00,6.182137653323692916e+01
6.974999999999978995e-01,2.707877536524441808e+01,7.932108767654422365e+01,5.987824414198408718e+00,4.750000000000111910e+00,6.268415534529427191e+01
6.999999999999978462e-01,2.727724461360245201e+01,7.961451827852403085e+01,5.932348567956750252e+00,4.000000000000128786e+00,6.354133266519297507e+01
7.024999999999977929e-01,2.747644749681582255e+01,7.990805196311171699e+01,5.855357002357328255e+00,4.000000000000128786e+00,6.438977902587906499e+01
7.049999999999977396e-01,2.767638427270329515e+01,8.020168892450722353e+01,5.781157016009458971e+00,4.000000000000128786e+00,6.522719826679858102e+01
7.074999999999976863e-01,2.787705519956425704e+01,8.049542934709822362e+01,5.709675744585237744e+00,4.750000000000113687e+00,6.605399160308205353e+01
7.099999999999976330e-01,2.807846053615247683e+01,8.078927340448122152e+01,5.665087606702400969e+00,5.500000000000096811e+00,6.687133629674568169e+01
7.124999999999975797e-01,2.828060054164994952e+01,8.108322125889429799e+01,5.646803089997733061e+00,6.250000000000081712e+00,6.768307414561449775e+01
7.149999999999975264e-01,2.848347547563738402e+01,8.137727306042998521e+01,5.654240035637817741e+00,7.000000000000064837e+00,6.849296171185675064e+01
7.174999999999974731e-01,2.868708559806363922e+01,8.167142894615354010e+01,5.686823157714821164e+00,7.750000000000049738e+00,6.930467141067575199e+01
7.199999999999974198e-01,2.889143116921219701e+01,8.196568903872430667e+01,5.743984613664189887e+00,8.500000000000031974e+00,7.012179241895185555e+01
7.224999999999973666e-01,2.909651244966506667e+01,8.226005344652064366e+01,5.825162875160182274e+00,9.250000000000017764e+00,7.094783204075821459e+01
7.249999999999973133e-01,2.930232970026684924e+01,8.255452226234331192e+01,5.929804485082625476e+00,1.000000000000000000e+01,7.178621644144631375e+01
7.274999999999972600e-01,2.950888318208503591e+01,8.284909556219419358e+01,6.057362418980668295e+00,1.000000000000000000e+01,7.264029191432523191e+01
7.299999999999972067e-01,2.971617317779293543e+01,8.314369050702676134e+01,6.181964197127280514e+00,9.250000000000015987e+00,7.351250489494115925e+01
7.324999999999971534e-01,2.992419957229192562e+01,8.343813440525870817e+01,6.278119680264000024e+00,8.500000000000031974e+00,7.440160422660579798e+01
7.349999999999971001e-01,3.013296198798760273e+01,8.373242250336124926e+01,6.346413810965409574e+00,7.750000000000047073e+00,7.530352978098910910e+01
7.374999999999970468e-01,3.034246003538567749e+01,8.402655480285598344e+01,6.387422502452507977e+00,7.000000000000064837e+00,7.621430624565014966e+01
7.399999999999969935e-01,3.055269332498423651e+01,8.432053128449392432e+01,6.401714211089621465e+00,6.250000000000080824e+00,7.713004186477419921e+01
7.424999999999969402e-01,3.076366146722085659e+01,8.461435190767308256e+01,6.389849760662102973e+00,5.500000000000095923e+00,7.804692718432815468e+01
7.449999999999968869e-01,3.097536407241970480e+01,8.490801660929473371e+01,6.352381712057242780e+00,4.750000000000111910e+00,7.896123383341691238e+01
7.474999999999968336e-01,3.118780075073410529e+01,8.520152530411861846e+01,6.289855098590939164e+00,4.000000000000128786e+00,7.986931342892683006e+01
7.499999999999967804e-01,3.140097111209153269e+01,8.549487788426172585e+01,6.202807960239534069e+00,4.000000000000128786e+00,8.076759610114162058e+01
7.524999999999967271e-01,3.161487476613674374e+01,8.578807421841888470e+01,6.119128578002423602e+00,4.000000000000128786e+00,8.165347551803210990e+01
7.549999999999966738e-01,3.182951132217301193e+01,8.608111415196694338e+01,6.038717233739994583e+00,4.750000000000113687e+00,8.252743578076568554e+01
7.574999999999966205e-01,3.204488038910388070e+01,8.637399750696999945e+01,5.989185173057787637e+00,5.500000000000096811e+00,8.339084371641948223e+01
7.599999999999965672e-01,3.226098157537468580e+01,8.666672408271708150e+01,5.969745867976587128e+00,6.250000000000081712e+00,8.424810278951881060e+01
7.624999999999965139e-01,3.247781448891606004e+01,8.695929365471700123e+01,5.979627385228615921e+00,7.000000000000064837e+00,8.510350343216005342e+01
7.649999999999964606e-01,3.269537873708385689e+01,8.725170597433469766e+01,6.018070538523010882e+00,7.750000000000049738e+00,8.596122529932733869e+01
7.674999999999964073e-01,3.291367392659834223e+01,8.754396076897936041e+01,6.084329357635504643e+00,8.500000000000031974e+00,8.682533915969318628e+01
7.699999999999963540e-01,3.313269966348503459e+01,8.783605774163990532e+01,6.177669972299747236e+00,9.250000000000017764e+00,8.769980895435054435e+01
7.724999999999963007e-01,3.335245555301251841e+01,8.812799656968662987e+01,6.297370313531913233e+00,1.000000000000000000e+01,8.858849352958553425e+01
7.749999999999962474e-01,3.357294119962770651e+01,8.841977690479863838e+01,6.442720918450821621e+00,1.000000000000000000e+01,8.949514852536270837e+01
7.774999999999961942e-01,3.379415620689292155e+01,8.871139837283884333e+01,6.584196476042672330e+00,9.250000000000015987e+00,9.042249528725868402e+01
7.799999999999961409e-01,3.401610017742007130e+01,8.900286057343399193e+01,6.692828796786959522e+00,8.500000000000031974e+00,9.136904381968884081e+01
7.824999999999960876e-01,3.423877271280488799e+01,8.929416307961024302e+01,6.769412349255680361e+00,7.750000000000047073e+00,9.233011796807956273e+01
7.849999999999960343e-01,3.446217341356067720e+01,8.958530543820540970e+01,6.814726259847895484e+00,7.000000000000064837e+00,9.330115547046385416e+01
7.874999999999959810e-01,3.468630187905321804e+01,8.987628717064139039e+01,6.829534869399690677e+00,6.250000000000080824e+00,9.427770551253777853e+01
7.899999999999959277e-01,3.491115770743771662e+01,9.016710777338897742e+01,6.814587309142865479e+00,5.500000000000095923e+00,9.525542659000700496e+01
7.924999999999958744e-01,3.513674049559675439e+01,9.045776671974067540e+01,6.770619102797562405e+00,4.750000000000111910e+00,9.623008401845811477e+01
7.949999999999958211e-01,3.536304983908332389e+01,9.074826346081125905e+01,6.698351060080626418e+00,4.000000000000128786e+00,9.719754797838326965e+01
7.974999999999957678e-01,3.559008533206594649e+01,9.103859742678785949e+01,6.598491572988272047e+00,4.000000000000128786e+00,9.815379119849500000e+01
8.000000000000000444e-01,3.581784656727779748e+01,9.132876802867912147e+01,6.502729258418675329e+00,4.000000000000128786e+00,9.909588992988169309e+01
8.024999999999999911e-01,3.604633313113968285e+01,9.161869744450763164e+01,6.410931472479092008e+00,4.750000000000113687e+00,1.000244294306814083e+02
8.049999999999999378e-01,3.627554433751318896e+01,9.190830784174679025e+01,6.354329036257682084e+00,5.500000000000096811e+00,1.009409904358970209e+02
8.074999999999998845e-01,3.650547938849708629e+01,9.219759858893475268e+01,6.331903076998862012e+00,6.250000000000081712e+00,1.018505836695788815e+02
8.099999999999998312e-01,3.673613748460363126e+01,9.248656904034157833e+01,6.342655979794793453e+00,7.000000000000064837e+00,1.027580747601263482e+02
8.124999999999997780e-01,3.696751782472270520e+01,9.277521853671073870e+01,6.385611008138803335e+00,7.750000000000049738e+00,1.036681872404385700e+02
8.149999999999997247e-01,3.719961960608872431e+01,9.306354640561593783e+01,6.459812481910146786e+00,8.500000000000031974e+00,1.045855056746926124e+02
8.174999999999996714e-01,3.743244202424728684e+01,9.335155196795140853e+01,6.564328241343749148e+00,9.250000000000017764e+00,1.055144790053980444e+02
8.199999999999996181e-01,3.766598427304906238e+01,9.363923454193870555e+01,6.698243491772199576e+00,1.000000000000000000e+01,1.064594235531655784e+02
8.224999999999995648e-01,3.790024554463181516e+01,9.392659343212908141e+01,6.860661455370869355e+00,1.000000000000000000e+01,1.074245258219475261e+02
8.249999999999995115e-01,3.813522502938707959e+01,9.421362792923586937e+01,7.018205208218046387e+00,9.250000000000015987e+00,1.084127938072373354e+02
8.274999999999994582e-01,3.837092191592581258e+01,9.450033731087155786e+01,7.138262015418900930e+00,8.500000000000031974e+00,1.094224788198948630e+02
8.299999999999994049e-01,3.860733539104525391e+01,9.478672084232526629e+01,7.221872652598984921e+00,7.750000000000047073e+00,1.104482480606690302e+02
8.324999999999993516e-01,3.884446463969968732e+01,9.507277777788131345e+01,7.270051621766679517e+00,7.000000000000064837e+00,1.114849162006541690e+02
8.349999999999992983e-01,3.908230884497328361e+01,9.535850736316551490e+01,7.283791002954917104e+00,6.250000000000080824e+00,1.125274415284686000e+02
8.374999999999992450e-01,3.932086718806041148e+01,9.564390883774547092e+01,7.264058774802004237e+00,5.500000000000095923e+00,1.135709227150282743e+02
8.399999999999991918e-01,3.956013884825122773e+01,9.592898143733515326e+01,7.211800195155490201e+00,4.750000000000111910e+00,1.146105952320817778e+02
8.424999999999991385e-01,3.980012300292410288e+01,9.621372439633368856e+01,7.127938587152398142e+00,4.000000000000128786e+00,1.156418279960526405e+02
8.449999999999990852e-01,4.004081882754361033e+01,9.649813694998559299e+01,7.013375873893448187e+00,4.000000000000128786e+00,1.166601203514738216e+02
8.474999999999990319e-01,4.028222549566273614e+01,9.678221833666417240e+01,6.903779164640197585e+00,4.000000000000128786e+00,1.176622244452597954e+02
8.499999999999989786e-01,4.052434217893404877e+01,9.706596780061849472e+01,6.798972254714835906e+00,3.250000000000145217e+00,1.186488440173988153e+02
8.524999999999989253e-01,4.076716804712388864e+01,9.734938459316336434e+01,6.663590765575182928e+00,2.500000000000160760e+00,1.196195187865660188e+02
8.549999999999988720e-01,4.101070226813161668e+01,9.763246797356816842e+01,6.498530339885238760e+00,1.750000000000176748e+00,1.205698919191509191e+02
8.574999999999988187e-01,4.125494400800955930e+01,9.791521721130045819e+01,6.304665525645511970e+00,1.337712446122116816e+00,1.214957329402497663e+02
8.599999999999987654e-01,4.149989243099058456e+01,9.819763158814498638e+01,6.099000867678191717e+00,1.337712446122116816e+00,1.223934576610371181e+02
8.624999999999987121e-01,4.174554669951883312e+01,9.847971039947371708e+01,5.901697659827552123e+00,1.337712446122116816e+00,1.232620211762040725e+02
8.649999999999986589e-01,4.199190597428615490e+01,9.876145295682562164e+01,5.712451992743643459e+00,1.337712446122116816e+00,1.241026066874873948e+02
8.674999999999986056e-01,4.223896941427217655e+01,9.904285858813520349e+01,5.530970430961324347e+00,1.337712446122116816e+00,1.249163544615792745e+02
8.699999999999985523e-01,4.248673617678586112e+01,9.932392663860660775e+01,5.356968347272631270e+00,1.337712446122116816e+00,1.257043630807785775e+02
8.724999999999984990e-01,4.273520541750951907e+01,9.960465647164642178e+01,5.190169590011254108e+00,5.877124461221328033e-01,1.264676908740604233e+02
8.749999999999984457e-01,4.298437629054416931e+01,9.988504746910005849e+01,4.993203242746602655e+00,-1.622875538778512094e-01,1.272061561146751956e+02
8.774999999999983924e-01,4.323424794845627162e+01,1.001650990313726339e+02,4.767013587456185419e+00,-9.122875538778353333e-01,1.279154572832484575e+02
8.799999999999983391e-01,4.348481954232358504e+01,1.004448105781570604e+02,4.512520628092611119e+00,-1.662287553877819235e+00,1.285914268012776347e+02
8.824999999999982858e-01,4.373609022178519012e+01,1.007241815503521281e+02,4.230620764407244216e+00,-2.412287553877803248e+00,1.292300274741567137e+02
8.849999999999982325e-01,4.398805913509418986e+01,1.010032114106709855e+02,3.922189242079358706e+00,-3.162287553877787261e+00,1.298273495712913075e+02
8.874999999999981792e-01,4.424072542917306095e+01,1.012818996438391395e+02,3.588077615268348453e+00,-3.912287553877771273e+00,1.303796075977122655e+02
8.899999999999981259e-01,4.449408824966896248e+01,1.015602457577319910e+02,3.229116267505645510e+00,-4.662287553877755286e+00,1.308831373725626861e+02
8.924999999999980727e-01,4.474814674101212830e+01,1.018382492836333881e+02,2.846116275596098255e+00,-4.662287553877755286e+00,1.313343929930751983e+02
8.949999999999980194e-01,4.500290004647436604e+01,1.021159097766012422e+02,2.478488617297827545e+00,-4.662287553877755286e+00,1.317311944996915258e+02
8.974999999999979661e-01,4.525834730822859342e+01,1.023932268153931062e+02,2.125645218819362636e+00,-5.412287553877739299e+00,1.320757218067247720e+02
8.999999999999979128e-01,4.551448766740783469e+01,1.026702000022603301e+02,1.747979652562094532e+00,-6.162287553877724200e+00,1.323688082356036375e+02
9.024999999999978595e-01,4.577132026416398247e+01,1.029468289616748109e+02,1.346331111278054493e+00,-6.912287553877708213e+00,1.326069141857839497e+02
9.049999999999978062e-01,4.602884423772266587e+01,1.032231133399668579e+02,9.215166708095305914e-01,-7.662287553877691337e+00,1.327866200114196147e+02
9.074999999999977529e-01,4.628705872643718067e+01,1.034990528044873486e+02,4.743331473257521025e-01,-8.412287553877673574e+00,1.329046229981921670e+02
9.099999999999976996e-01,4.654596286784111214e+01,1.037746470431337258e+02,5.556498396410758378e-03,-9.162287553877661139e+00,1.329577346293345386e+02
9.124999999999976463e-01,4.680555579869908200e+01,1.040498957630309746e+02,-4.825012776088002386e-01,-9.912287553877643376e+00,1.329429090506190505e+02
9.149999999999975930e-01,4.706583665505438319e+01,1.043247986896007973e+02,-9.922832088971446085e-01,-1.000000000000000000e+01,1.328573362036505330e+02
9.174999999999975397e-01,4.732680457227327508e+01,1.045993555656649079e+02,-1.486117702538071184e+00,-1.000000000000000000e+01,1.326990977693242826e+02
9.199999999999974865e-01,4.758845868508989696e+01,1.048735661509811621e+02,-1.959947165436136229e+00,-1.000000000000000000e+01,1.324706132559515197e+02
9.224999999999974332e-01,4.785079812764554674e+01,1.051474341598973865e+02,-2.414567653719203122e+00,-1.000000000000000000e+01,1.321747281972449173e+02
9.249999999999973799e-01,4.811382207449725001e+01,1.054211019589589000e+02,-2.850747245382504236e+00,-1.000000000000000000e+01,1.318141759186766251e+02
9.274999999999973266e-01,4.837753011587201257e+01,1.056946377450117609e+02,-3.269226377972112019e+00,-1.000000000000000000e+01,1.313915811476299211e+02
9.299999999999972733e-01,4.864192192161012684e+01,1.059680412966773275e+02,-3.670718565731375893e+00,-1.000000000000000000e+01,1.309094640823370526e+02
9.324999999999972200e-01,4.890699716100161965e+01,1.062413123984631085e+02,-4.055910723792006678e+00,-1.000000000000000000e+01,1.303702440810780558e+02
9.349999999999971667e-01,4.917275550280120910e+01,1.065144508393133691e+02,-4.425465167702897773e+00,-1.000000000000000000e+01,1.297762434371769587e+02
9.374999999999971134e-01,4.943919661523784725e+01,1.067874564113422196e+02,-4.780017999738559453e+00,-1.000000000000000000e+01,1.291296908692299041e+02
9.399999999999970601e-01,4.970632016602229442e+01,1.070603289083664578e+02,-5.120183264687830693e+00,-1.000000000000000000e+01,1.284327249159628650e+02
9.424999999999970068e-01,4.997412582235011769e+01,1.073330681234234447e+02,-5.446551413604310277e+00,-1.000000000000000000e+01,1.276873974190756229e+02
9.449999999999969535e-01,5.024261325089814534e+01,1.076056738470696246e+02,-5.759689511773952830e+00,-1.000000000000000000e+01,1.268956765969512617e+02
9.474999999999969003e-01,5.051178211781820693e+01,1.078781458665637700e+02,-6.060144001312228745e+00,-1.000000000000000000e+01,1.260594502196164228e+02
9.499999999999968470e-01,5.078163208872757650e+01,1.081504839632763577e+02,-6.348441024656386489e+00,-1.000000000000000000e+01,1.251805286921824631e+02
9.524999999999967937e-01,5.105216282869307065e+01,1.084226879116738758e+02,-6.625086252296866540e+00,-1.000000000000000000e+01,1.242606478091530278e+02
9.549999999999967404e-01,5.132337400221332757e+01,1.086947574789258226e+02,-6.890565694782484485e+00,-1.000000000000000000e+01,1.233014716314408901e+02
9.574999999999966871e-01,5.159526527320092981e+01,1.089666924227151128e+02,-7.145347727679786765e+00,-1.000000000000000000e+01,1.223045950441239711e+02
9.599999999999966338e-01,5.186783630495616393e+01,1.092384924893388245e+02,-7.389881084975431946e+00,-1.000000000000000000e+01,1.212715465565660224e+02
9.624999999999965805e-01,5.214108676013835719e+01,1.095101574125059471e+02,-7.624598103378238179e+00,-1.000000000000000000e+01,1.202037906252511306e+02
9.649999999999965272e-01,5.241501630073364737e+01,1.097816869128726864e+02,-7.849913751920926330e+00,-1.000000000000000000e+01,1.191027302316114316e+02
9.674999999999964739e-01,5.268962458802235460e+01,1.100530806962791246e+02,-8.066226269467872356e+00,-1.000000000000000000e+01,1.179697090786968801e+02
9.699999999999964206e-01,5.296491128253962444e+01,1.103243384532529205e+02,-8.273919961196449790e+00,-1.000000000000000000e+01,1.168060140020796496e+02
9.724999999999963674e-01,5.324087604403898411e+01,1.105954598581285779e+02,-8.473363078309917640e+00,-1.000000000000000000e+01,1.156128768367657784e+02
9.749999999999963141e-01,5.351751853145054838e+01,1.108664445686380873e+02,-8.664908434075003996e+00,-1.000000000000000000e+01,1.143914765973301115e+02
9.774999999999962608e-01,5.379483840283823781e+01,1.111372922240059467e+02,-8.848895363939869085e+00,-1.000000000000000000e+01,1.131429417539293354e+02
9.799999999999962075e-01,5.407283530719395515e+01,1.114080735314334447e+02,-9.025650930118086279e+00,-1.000000000000000000e+01,1.118683517933004765e+02
9.824999999999961542e-01,5.435150931958973075e+01,1.116794293170892871e+02,-9.195493418765689597e+00,-1.000000000000000000e+01,1.105687390308139868e+02
9.849999999999961009e-01,5.463086213697989990e+01,1.119515171569843233e+02,-9.358728439451841297e+00,-1.000000000000000000e+01,1.092450897189437029e+02
9.874999999999960476e-01,5.491089558917297353e+01,1.122243364669024430e+02,-9.515648588055919177e+00,-1.000000000000000000e+01,1.078983459844756823e+02
9.899999999999959943e-01,5.519161150450452169e+01,1.124978866396450741e+02,-9.666534604506434647e+00,-1.000000000000000000e+01,1.065294074656879815e+02
9.924999999999959410e-01,5.547301170977861773e+01,1.127721670456065794e+02,-9.811655000715127528e+00,-1.000000000000000000e+01,1.051391330349444218e+02
9.949999999999958877e-01,5.575509803021338939e+01,1.130471770332186878e+02,-9.951269011251486774e+00,-1.000000000000000000e+01,1.037283423908754401e+02
9.974999999999958344e-01,5.603787228938563203e+01,1.133229159298402351e+02,-1.008562363854714228e+01,-1.000000000000000000e+01,1.022978173376724271e+02
9.999999999999957812e-01,5.632133631434274434e+01,1.135993380475288603e+02,1.978504465708763149e+01,-1.000000000000000000e+01,1.008483036961202259e+02
1.002499999999995728e+00,5.660549166009385402e+01,1.138760368166227721e+02,1.815822753519309884e+01,-1.000000000000000000e+01,1.036291475809925515e+02
1.004999999999995675e+00,5.689033885442655958e+01,1.141529214043522131e+02,1.660769633661959332e+01,-1.000000000000000000e+01,1.061793764796167210e+02
1.007499999999995621e+00,5.717587836804260348e+01,1.144299854935078287e+02,1.512964144572800329e+01,-1.000000000000000000e+01,1.085098605541929260e+02
1.009999999999995568e+00,5.746211063596425817e+01,1.147072045599712311e+02,1.372093683996257596e+01,-1.000000000000000000e+01,1.106309198891872541e+02
1.012499999999995515e+00,5.774903603161740051e+01,1.149845538173512409e+02,1.237849436205717524e+01,-1.000000000000000000e+01,1.125524323405697658e+02
1.014999999999995461e+00,5.803665486639324200e+01,1.152620083489489531e+02,1.109932324059260900e+01,-1.000000000000000000e+01,1.142838328098060856e+02
1.017499999999995408e+00,5.832496738931462232e+01,1.155395432004480938e+02,9.880556159154894047e+00,-1.000000000000000000e+01,1.158341269319459315e+02
1.020000000000000018e+00,5.861397378706512029e+01,1.158171335783472671e+02,8.719447960094640848e+00,-1.000000000000000000e+01,1.172119076615851156e+02
1.022499999999999964e+00,5.890367414712115846e+01,1.160941577215735663e+02,7.613381324869796352e+00,-1.000000000000000000e+01,1.184253725801547574e+02
1.024999999999999911e+00,5.919406639959538552e+01,1.163699946860864145e+02,6.559854113185613400e+00,-1.000000000000000000e+01,1.194823406398173375e+02
1.027499999999999858e+00,5.948514756342088106e+01,1.166446216668438041e+02,5.556468285855109102e+00,-1.000000000000000000e+01,1.203902681352213619e+02
1.029999999999999805e+00,5.977691460097419451e+01,1.169180167266756314e+02,4.600927976544497255e+00,-1.000000000000000000e+01,1.211562632488819702e+02
1.032499999999999751e+00,6.006936442032711199e+01,1.171901589432161614e+02,3.691032246002352579e+00,-1.000000000000000000e+01,1.217871003215713444e+02
1.034999999999999698e+00,6.036249387786725151e+01,1.174610285465608968e+02,2.824673396730754238e+00,-1.000000000000000000e+01,1.222892334730799462e+02
1.037499999999999645e+00,6.065629978125314636e+01,1.177306070533187778e+02,1.999834783762269197e+00,-1.000000000000000000e+01,1.226688096323080117e+02
1.039999999999999591e+00,6.095077889270493898e+01,1.179988773948779510e+02,1.214584963841748522e+00,-1.000000000000000000e+01,1.229316820745145975e+02
1.042499999999999538e+00,6.124592793261513179e+01,1.182658240380829540e+02,4.670731901592806157e-01,-1.000000000000000000e+01,1.230834222519223005e+02
1.044999999999999485e+00,6.154174403449788144e+01,1.185296876360929446e+02,-2.480695696940029560e-01,-1.000000000000000000e+01,1.231293683042496951e+02
1.047499999999999432e+00,6.183821592053988070e+01,1.187868209732554874e+02,-9.238518859427338192e-01,-1.000000000000000000e+01,1.230740705610113679e+02
1.049999999999999378e+00,6.213532676086796158e+01,1.190371166224825146e+02,-1.568519308266839385e+00,-1.000000000000000000e+01,1.229229179002682599e+02
1.052499999999999325e+00,6.243305945805026624e+01,1.192805698149700078e+02,-2.181412688619554174e+00,-1.000000000000000000e+01,1.226803399360436941e+02
1.054999999999999272e+00,6.273139690393693257e+01,1.195171779280533144e+02,-2.764457087085893328e+00,-1.000000000000000000e+01,1.223507717084906545e+02
1.057499999999999218e+00,6.303032198505089667e+01,1.197469405250909205e+02,-3.319037779249170761e+00,-1.000000000000000000e+01,1.219383714040898781e+02
1.059999999999999165e+00,6.332981758807319039e+01,1.199698593870954539e+02,-3.846476618853178930e+00,-1.000000000000000000e+01,1.214470984093054824e+02
1.062499999999999112e+00,6.362986660540094164e+01,1.201859385265542670e+02,-4.348044202074584419e+00,-1.000000000000000000e+01,1.208807224813034367e+02
1.064999999999999059e+00,6.393045194363163830e+01,1.203951588772366108e+02,-4.824956043898625424e+00,-1.000000000000000000e+01,1.202428328433201017e+02
1.067499999999999005e+00,6.423155637420023822e+01,1.205973008167573397e+02,-5.278370170822742402e+00,-1.000000000000000000e+01,1.195368467282223577e+02
1.069999999999998952e+00,6.453316211393169510e+01,1.207923192196183919e+02,-5.709397311729287772e+00,-1.000000000000000000e+01,1.187660189836542344e+02
1.072499999999998899e+00,6.483525136102653619e+01,1.209802274138409928e+02,-6.119101875812042124e+00,-1.000000000000000000e+01,1.179334496968019863e+02
1.074999999999998845e+00,6.513780634819148929e+01,1.211610407918714998e+02,-6.508496656356060228e+00,-1.000000000000000000e+01,1.170420922086351538e+02
1.077499999999998792e+00,6.544080934775907110e+01,1.213347767338688641e+02,-6.878551183504065136e+00,-1.000000000000000000e+01,1.160947613605396640e+02
1.079999999999998739e+00,6.574424267661287047e+01,1.215014545132353447e+02,-7.230190913935907737e+00,-1.000000000000000000e+01,1.150941408650312781e+02
1.082499999999998685e+00,6.604808870085143724e+01,1.216610951837643313e+02,-7.564302029189320820e+00,-1.000000000000000000e+01,1.140427901963844874e+02
1.084999999999998632e+00,6.635232984018151114e+01,1.218137214597227995e+02,-7.881728731798463450e+00,-1.000000000000000000e+01,1.129431518803762629e+02
1.087499999999998579e+00,6.665694857199017065e+01,1.219593575777721384e+02,-8.183276921855584973e+00,-1.000000000000000000e+01,1.117975577770742035e+02
1.089999999999998526e+00,6.696192743507313594e+01,1.220980291471121149e+02,-8.469711823645731386e+00,-1.000000000000000000e+01,1.106082354353811752e+02
1.092499999999998472e+00,6.726724877696226201e+01,1.222302095766529533e+02,-8.741773045303807166e+00,-1.000000000000000000e+01,1.093773141019470643e+02
1.094999999999998419e+00,6.757289781126127082e+01,1.223577369587185331e+02,-9.000173659790570824e+00,-1.000000000000000000e+01,1.081068286983871758e+02
1.097499999999998366e+00,6.787886314594977932e+01,1.224808396797802743e+02,-9.245597602616108190e+00,-1.000000000000000000e+01,1.067987242552541147e+02
1.099999999999998312e+00,6.818513373527530064e+01,1.225995461177875541e+02,-9.478688288989120636e+00,-1.000000000000000000e+01,1.054548607791264487e+02
1.102499999999998259e+00,6.849169860480864713e+01,1.227138852477986717e+02,-9.700063627810207478e+00,-1.000000000000000000e+01,1.040770179601644827e+02
1.104999999999998206e+00,6.879854685284219329e+01,1.228238864543952218e+02,-9.910306330597602908e+00,-1.000000000000000000e+01,1.026668993399728009e+02
1.107499999999998153e+00,6.910566765129735245e+01,1.229295793491451150e+02,-1.010997227386908648e+01,-1.000000000000000000e+01,1.012261368280433089e+02
1.110000000000000098e+00,6.941305024619803987e+01,1.230309935718526901e+02,-1.029958757605266229e+01,-1.000000000000000000e+01,9.975629391665282242e+01
1.112500000000000044e+00,6.972068402710756629e+01,1.231292692804550342e+02,-1.047966485626356103e+01,-1.000000000000000000e+01,9.825886856129734781e+01
1.114999999999999991e+00,7.002856235543201535e+01,1.232255457483451693e+02,-1.065068938128645115e+01,-1.000000000000000000e+01,9.673529510836831946e+01
1.117499999999999938e+00,7.033668024900335070e+01,1.233198508820054826e+02,-1.081312517380714056e+01,-1.000000000000000000e+01,9.518694674701322356e+01
1.119999999999999885e+00,7.064503279510837785e+01,1.234122119450017721e+02,-1.096741133379233446e+01,-1.000000000000000000e+01,9.361513777179673923e+01
1.122499999999999831e+00,7.095361514876320541e+01,1.235026553575708022e+02,-1.111396157193162537e+01,-1.000000000000000000e+01,9.202112560529602092e+01
1.124999999999999778e+00,7.126242253049720432e+01,1.235912065104598554e+02,-1.125316959186562649e+01,-1.000000000000000000e+01,9.040611297481092379e+01
1.127499999999999725e+00,7.157145022368013088e+01,1.236778895855425731e+02,-1.138541020560551154e+01,-1.000000000000000000e+01,8.877124934530520761e+01
1.129999999999999671e+00,7.188069357138967064e+01,1.237627273836466628e+02,-1.151103698018624755e+01,-1.000000000000000000e+01,8.711763258214180894e+01
1.132499999999999618e+00,7.219014797287798046e+01,1.238457411663444105e+02,-1.163038280448121320e+01,-1.000000000000000000e+01,8.544631013886208848e+01
1.134999999999999565e+00,7.249980887963135956e+01,1.239269505076949969e+02,-1.174376712788022736e+01,-1.000000000000000000e+01,8.375828025417249023e+01
1.137499999999999512e+00,7.280967179107284437e+01,1.240063731686984170e+02,-1.185149065804727719e+01,-1.000000000000000000e+01,8.205449320213516273e+01
1.139999999999999458e+00,7.311973224996488341e+01,1.240840249820086285e+02,-1.195383855521063587e+01,-1.000000000000000000e+01,8.033585222576206775e+01
1.142499999999999405e+00,7.342998623882859022e+01,1.241592196797668635e+02,-1.205107207578733330e+01,-1.000000000000000000e+01,7.860321460753951328e+01
1.144999999999999352e+00,7.374042538681051440e+01,1.242291304556139266e+02,-1.214342466494135486e+01,-1.000000000000000000e+01,7.685739466149762222e+01
1.147499999999999298e+00,7.405103613707451871e+01,1.242934520409066153e+02,-1.223112012892138267e+01,-1.000000000000000000e+01,7.509916556515759112e+01
1.149999999999999245e+00,7.436180452125253737e+01,1.243521915258613859e+02,-1.231436834718107143e+01,-1.000000000000000000e+01,7.332926038805743474e+01
1.152499999999999192e+00,7.467271658736312645e+01,1.244056553489669881e+02,-1.239337821854642918e+01,-1.000000000000000000e+01,7.154837324009517374e+01
1.154999999999999138e+00,7.498376153093028051e+01,1.244647637638571496e+02,-1.246841929990595332e+01,-1.000000000000000000e+01,6.975715509398803249e+01
1.157499999999999085e+00,7.529496042263782840e+01,1.245347573256719471e+02,-1.253976172425655378e+01,-1.000000000000000000e+01,6.795620874022172586e+01
1.159999999999999920e+00,7.560634047571024041e+01,1.246156357775532939e+02,-1.260765939826753623e+01,-1.000000000000000000e+01,6.614608650096893427e+01
1.162499999999999867e+00,7.591792718205654467e+01,1.246798948778234006e+02,-1.267211893408579293e+01,-1.000000000000000000e+01,6.432730777018446133e+01
1.164999999999999813e+00,7.622964617448289459e+01,1.247128680836069208e+02,-1.273320332275778988e+01,-1.000000000000000000e+01,6.250037383264162827e+01
1.167499999999999760e+00,7.654144544836334774e+01,1.247413050871914635e+02,-1.279106456100107003e+01,-1.000000000000000000e+01,6.066576387364886358e+01
1.169999999999999707e+00,7.685331365677336635e+01,1.247659357548694459e+02,-1.284585292075641227e+01,-1.000000000000000000e+01,5.882392651532845207e+01
1.172499999999999654e+00,7.716524127768479957e+01,1.247867484138150616e+02,-1.289771095310055671e+01,-1.000000000000000000e+01,5.697527988522890752e+01
1.174999999999999600e+00,7.747721872052700576e+01,1.248040645486898939e+02,-1.294678141255223380e+01,-1.000000000000000000e+01,5.512021324446910597e+01
1.177499999999999547e+00,7.778923837162263055e+01,1.248208893779888058e+02,-1.299321454854840141e+01,-1.000000000000000000e+01,5.325908732199287243e+01
1.179999999999999494e+00,7.810130022341780887e+01,1.248379518546635865e+02,-1.303715551698900832e+01,-1.000000000000000000e+01,5.139223469246304887e+01
1.182499999999999440e+00,7.841340486078966876e+01,1.248552351720342841e+02,-1.307874392399036623e+01,-1.000000000000000000e+01,4.951996134404398475e+01
1.184999999999999387e+00,7.872555282600094984e+01,1.248727215439856622e+02,-1.311811032395506516e+01,-1.000000000000000000e+01,4.764254860623162102e+01
1.187499999999999334e+00,7.903774461634849047e+01,1.248903923814103649e+02,-1.315537861419040944e+01,-1.000000000000000000e+01,4.576025503238933823e+01
1.189999999999999281e+00,7.934998068225796430e+01,1.249082284719929703e+02,-1.319066503969095727e+01,-1.000000000000000000e+01,4.387331816387793992e+01
1.192499999999999227e+00,7.966226142582941350e+01,1.249262101656705397e+02,-1.322407297171929486e+01,-1.000000000000000000e+01,4.198195626666742442e+01
1.194999999999999174e+00,7.997458719984568631e+01,1.249443175569250570e+02,-1.325569881166937591e+01,-1.000000000000000000e+01,4.008637024526342429e+01
1.197499999999999121e+00,8.028695830723900428e+01,1.249625306571104346e+02,-1.328562907495200740e+01,-1.000000000000000000e+01,3.818674543674579525e+01
1.199999999999999956e+00,8.059937500097203156e+01,1.249808295450773841e+02,-1.331395679646608521e+01,-1.000000000000000000e+01,3.628325355914907391e+01
1.202499999999999902e+00,8.091183745651912318e+01,1.249987505771622835e+02,-1.334076828427508943e+01,-1.000000000000000000e+01,3.437605447037979189e+01
1.204999999999999849e+00,8.122434424204790560e+01,1.250158304754638152e+02,-1.336613954101920321e+01,-1.000000000000000000e+01,3.246529798281715529e+01
1.207499999999999796e+00,8.153689324387779891e+01,1.250320502738635184e+02,-1.339013919646162343e+01,-1.000000000000000000e+01,3.055112555558892140e+01
1.209999999999999742e+00,8.184948230115581680e+01,1.250473914707558833e+02,-1.341283215203216450e+01,-1.000000000000000000e+01,2.863367198723092599e+01
1.212499999999999689e+00,8.216210920706325282e+01,1.250618361158253293e+02,-1.343428114959675135e+01,-1.000000000000000000e+01,2.671306685141569304e+01
1.214999999999999636e+00,8.247477171024817721e+01,1.250753669133914343e+02,-1.345454662204389429e+01,-1.000000000000000000e+01,2.478943574260727800e+01
1.217499999999999583e+00,8.278746751652641933e+01,1.250879673387104845e+02,-1.347368745341580087e+01,-1.000000000000000000e+01,2.286290123093449722e+01
1.219999999999999529e+00,8.310019429087655851e+01,1.250996217584434902e+02,-1.349176020596646453e+01,-1.000000000000000000e+01,2.093358368017419480e+01
1.222499999999999476e+00,8.341294965973690978e+01,1.251103155491710481e+02,-1.350881913297984838e+01,-1.000000000000000000e+01,1.900160180639689855e+01
1.224999999999999423e+00,8.372573121359639003e+01,1.251200352081614398e+02,-1.352491635288965099e+01,-1.000000000000000000e+01,1.706707312926436515e+01
1.227499999999999369e+00,8.403853650985458046e+01,1.251287684540080960e+02,-1.354010116495431681e+01,-1.000000000000000000e+01,1.513011423374561382e+01
1.229999999999999316e+00,8.435136307592917149e+01,1.251365043140591951e+02,-1.355442088506210396e+01,-1.000000000000000000e+01,1.319084091879746268e+01
1.232499999999999263e+00,8.466420841257198049e+01,1.251432331989707336e+02,-1.356792015442657018e+01,-1.000000000000000000e+01,1.124936822124393032e+01
1.234999999999999210e+00,8.497706999736611522e+01,1.251489469611837819e+02,-1.358064119567924877e+01,-1.000000000000000000e+01,9.305810345822845164e+00
1.237499999999999156e+00,8.528994528835694666e+01,1.251536389384880863e+02,-1.359262428911786103e+01,-1.000000000000000000e+01,7.360280511541982484e+00
1.239999999999999103e+00,8.560283172778740379e+01,1.251573039876482909e+02,-1.360390724101674387e+01,-1.000000000000000000e+01,5.412890732700530450e+00
1.242499999999999050e+00,8.591572674590987901e+01,1.251599384997693392e+02,-1.361452607031031370e+01,-1.000000000000000000e+01,3.463751531151686436e+00
1.244999999999998996e+00,8.622862776482502056e+01,1.251615404049133105e+02,-1.362451492812949638e+01,-1.000000000000000000e+01,1.512971583302762602e+00
1.247499999999998943e+00,8.654153220232851140e+01,1.251621091584674019e+02,-1.363390568897161081e+01,-1.000000000000000000e+01,-4.393426336078171679e-01
1.249999999999998890e+00,8.685443747570914752e+01,1.251616457148636528e+02,-1.364272882149684385e+01,-1.000000000000000000e+01,-2.393087188772653917e+00
1.252499999999998836e+00,8.716734100548293895e+01,1.251601524937663328e+02,-1.365101324250100845e+01,-1.000000000000000000e+01,-4.348161158454721509e+00
1.254999999999999893e+00,8.748024021902843117e+01,1.251576333285480729e+02,-1.365878569251327335e+01,-1.000000000000000000e+01,-6.304466941086005249e+00
1.257499999999999840e+00,8.779313254909467901e+01,1.251540136187189489e+02,-1.366607161533232251e+01,-1.000000000000000000e+01,-8.261910614948384080e+00
1.259999999999999787e+00,8.810601516211242767e+01,1.251492201162830895e+02,-1.367289393615821425e+01,-1.000000000000000000e+01,-1.022040226342561375e+01
1.262499999999999734e+00,8.841888512770879061e+01,1.251432605915045144e+02,-1.367927573696499799e+01,-1.000000000000000000e+01,-1.217985615151699896e+01
1.264999999999999680e+00,8.873173953558708149e+01,1.251361439295670834e+02,-1.368523695963773257e+01,-1.000000000000000000e+01,-1.414019120477125924e+01
1.267499999999999627e+00,8.904457549826588547e+01,1.251278800323600677e+02,-1.369079765484306499e+01,-1.000000000000000000e+01,-1.610133097034190897e+01
1.269999999999999574e+00,8.935739015355967751e+01,1.251184797134157947e+02,-1.369597655827606886e+01,-1.000000000000000000e+01,-1.806320402529900448e+01
1.272499999999999520e+00,8.967018066680022059e+01,1.251079545892016540e+02,-1.370079114614753024e+01,-1.000000000000000000e+01,-2.002574390648409874e+01
1.274999999999999467e+00,8.998294423277872056e+01,1.250963169610107855e+02,-1.370525734967123554e+01,-1.000000000000000000e+01,-2.198888929122696467e+01
1.277499999999999414e+00,9.029567807739036311e+01,1.250835796989244244e+02,-1.370939167284371329e+01,-1.000000000000000000e+01,-2.395258378557229406e+01
1.279999999999999361e+00,9.060837945898796875e+01,1.250697561215730076e+02,-1.371320814849436687e+01,-1.000000000000000000e+01,-2.591677616999116296e+01
1.282499999999999307e+00,9.092104566943747557e+01,1.250548598683023869e+02,-1.371672095155067694e+01,-1.000000000000000000e+01,-2.788141998833294011e+01
1.284999999999999254e+00,9.123367403484253657e+01,1.250389047780024327e+02,-1.371994266922593475e+01,-1.000000000000000000e+01,-2.984647343757269766e+01
1.287499999999999201e+00,9.154626191598113394e+01,1.250219047650419668e+02,-1.372288540436041870e+01,-1.000000000000000000e+01,-3.181189908956048384e+01
1.289999999999999147e+00,9.185880670841881113e+01,1.250038736978792286e+02,-1.372556128692755983e+01,-1.000000000000000000e+01,-3.377766359797434603e+01
1.292499999999999094e+00,9.217130584233068191e+01,1.249848252783088327e+02,-1.372798073296550214e+01,-1.000000000000000000e+01,-3.574373747129082091e+01
1.294999999999999041e+00,9.248375678201293226e+01,1.249647729230866844e+02,-1.373015385907238439e+01,-1.000000000000000000e+01,-3.771009447459498887e+01
1.297499999999998987e+00,9.279615702510537290e+01,1.249437296442512917e+02,-1.373208989164773186e+01,-1.000000000000000000e+01,-3.967671137713705320e+01
1.299999999999998934e+00,9.310850410151542178e+01,1.249217079379330073e+02,-1.373379785659040131e+01,-1.000000000000000000e+01,-4.164356732882534118e+01
1.302499999999998881e+00,9.342079557206014329e+01,1.248987196744496799e+02,-1.373528573691347177e+01,-1.000000000000000000e+01,-4.361064348990910133e+01
1.304999999999998828e+00,9.373302902684721971e+01,1.248747759973364140e+02,-1.373656119600362757e+01,-1.000000000000000000e+01,-4.557792236084193860e+01
1.307499999999998774e+00,9.404520208340194642e+01,1.248498872327633222e+02,-1.373763125474732227e+01,-1.000000000000000000e+01,-4.754538745296374458e+01
1.309999999999998721e+00,9.435731238457734094e+01,1.248240628049323817e+02,-1.373850260423235348e+01,-1.000000000000000000e+01,-4.951302271560976465e+01
1.312499999999998668e+00,9.466935759624726643e+01,1.247972755222552337e+02,-1.373918017121836677e+01,-1.000000000000000000e+01,-5.148081202168206261e+01
1.314999999999998614e+00,9.498133503427315816e+01,1.247682434989677489e+02,-1.373966074327114839e+01,-1.000000000000000000e+01,-5.344873822179851430e+01
1.317499999999998561e+00,9.529323826916991891e+01,1.247363549608866720e+02,-1.373994038115834826e+01,-1.000000000000000000e+01,-5.541678206558904662e+01
1.319999999999998508e+00,9.560506016331106593e+01,1.247016158557693473e+02,-1.374001479907804324e+01,-1.000000000000000000e+01,-5.738492170725929498e+01
1.322499999999998455e+00,9.591679359327747534e+01,1.246640309524507160e+02,-1.373987925201032745e+01,-1.000000000000000000e+01,-5.935313234801422055e+01
1.324999999999998401e+00,9.622843144689770156e+01,1.246236038238196500e+02,-1.373952984105434005e+01,-1.000000000000000000e+01,-6.132138603798274090e+01
1.327499999999998348e+00,9.653996662025504349e+01,1.245803368418731907e+02,-1.373896273343879315e+01,-1.000000000000000000e+01,-6.328965160946739132e+01
1.329999999999998295e+00,9.685139201468126657e+01,1.245342311796839994e+02,-1.373817354377846911e+01,-1.000000000000000000e+01,-6.525789455349463708e+01
1.332499999999998241e+00,9.716270053376705107e+01,1.244852868295401720e+02,-1.373715867916456546e+01,-1.000000000000000000e+01,-6.722607696950502998e+01
1.334999999999999964e+00,9.747388508042328681e+01,1.244335026303547664e+02,-1.373591444388704197e+01,-1.000000000000000000e+01,-6.919415761904242856e+01
1.337499999999999911e+00,9.778493864767129651e+01,1.243803729494269703e+02,-1.373444790381249270e+01,-1.000000000000000000e+01,-7.116209268049395575e+01
1.339999999999999858e+00,9.809585947517378202e+01,1.243273901720604897e+02,-1.373277021118590824e+01,-1.000000000000000000e+01,-7.312983683186668316e+01
1.342499999999999805e+00,9.840664792723282517e+01,1.242745486151831074e+02,-1.373089163299365190e+01,-1.000000000000000000e+01,-7.509734408037201092e+01
1.344999999999999751e+00,9.871730435336469611e+01,1.242218415992451384e+02,-1.372882169189638546e+01,-1.000000000000000000e+01,-7.706456792304835801e+01
1.347499999999999698e+00,9.902782908584161703e+01,1.241692615113620519e+02,-1.372656921681133468e+01,-1.000000000000000000e+01,-7.903146158043139735e+01
1.349999999999999645e+00,9.933822243739652436e+01,1.241167998756108801e+02,-1.372414234971437530e+01,-1.000000000000000000e+01,-8.099797828745475670e+01
1.352499999999999591e+00,9.964848469910648987e+01,1.240644474268413120e+02,-1.372154867308449155e+01,-1.000000000000000000e+01,-8.296407161676006581e+01
1.354999999999999538e+00,9.995861613846388138e+01,1.240121941902729503e+02,-1.371879491713844423e+01,-1.000000000000000000e+01,-8.492969585425667844e+01
1.357499999999999485e+00,1.002686169976474986e+02,1.239600295648792070e+02,-1.371588684907646005e+01,-1.000000000000000000e+01,-8.689480631200366645e+01
1.359999999999999432e+00,1.005784874920056780e+02,1.239079424081602809e+02,-1.371282955700748474e+01,-1.000000000000000000e+01,-8.885935973238257191e+01
1.362499999999999378e+00,1.008882278087510684e+02,1.238559211229963211e+02,-1.370962712751099843e+01,-1.000000000000000000e+01,-9.082331461876107426e+01
1.364999999999999325e+00,1.011978381058732026e+02,1.238039537424722880e+02,-1.370628266716308552e+01,-1.000000000000000000e+01,-9.278663157118978688e+01
1.367499999999999272e+00,1.015073185112605501e+02,1.237520280114329125e+02,-1.370279751454224382e+01,-1.000000000000000000e+01,-9.474927361283995708e+01
1.369999999999999218e+00,1.018166691220254449e+02,1.237001314624368433e+02,-1.369917319032522585e+01,-1.000000000000000000e+01,-9.671120648449318935e+01
1.372499999999999165e+00,1.021258900040140816e+02,1.236482514830961463e+02,-1.369541284474722609e+01,-1.000000000000000000e+01,-9.867239928574011287e+01
1.374999999999999112e+00,1.024349811914780872e+02,1.235963753717663138e+02,-1.369152222152148468e+01,-1.000000000000000000e+01,-1.006328252356054236e+02
1.377499999999999059e+00,1.027439426868794499e+02,1.235444903827315954e+02,-1.368750918139380524e+01,-1.000000000000000000e+01,-1.025924627951975765e+02
1.379999999999999005e+00,1.030527744608040877e+02,1.234925837689315529e+02,-1.368337323636799852e+01,-1.000000000000000000e+01,-1.045512959739727137e+02
1.382499999999998952e+00,1.033614764519844016e+02,1.234406428367119020e+02,-1.367911288532031122e+01,-1.000000000000000000e+01,-1.065093136997212042e+02
1.384999999999998899e+00,1.036700485674697347e+02,1.233886550318397042e+02,-1.367472939741758786e+01,-9.250000000000015987e+00,-1.084665099969086981e+02
1.387499999999998845e+00,1.039784906830366680e+02,1.233366080579255026e+02,-1.361497589566257815e+01,-8.500000000000031974e+00,-1.104211039203876936e+02
1.389999999999998792e+00,1.042868026439083593e+02,1.232844900095034859e+02,-1.350287089123994910e+01,-7.750000000000047073e+00,-1.123652821749906536e+02
1.392499999999998739e+00,1.045949842658108651e+02,1.232322895122494089e+02,-1.334127341730190963e+01,-7.000000000000064837e+00,-1.142916625450666572e+02
1.394999999999998685e+00,1.049030353363782950e+02,1.231799958524923255e+02,-1.313289512333662579e+01,-6.250000000000080824e+00,-1.161932705344698746e+02
1.397499999999998632e+00,1.052109556168737470e+02,1.231275990916820859e+02,-1.288030308662137990e+01,-5.878856622216638073e+00,-1.180635172800360095e+02
1.399999999999998579e+00,1.055187448441841269e+02,1.230750901610236383e+02,-1.261395342736971514e+01,-5.878856622216638073e+00,-1.198970818139164152e+02
1.402499999999998526e+00,1.058264027330452990e+02,1.230224609418951331e+02,-1.236204322361063035e+01,-5.878856622216638073e+00,-1.216929367811976306e+02
1.404999999999998472e+00,1.061339289784551880e+02,1.229697043286057436e+02,-1.212376668674328073e+01,-5.878856622216638073e+00,-1.234531632095159068e+02
1.407499999999998419e+00,1.064413232582386541e+02,1.229168142750208972e+02,-1.189836634383309821e+01,-5.128856622216654060e+00,-1.251797295209168368e+02
1.409999999999998366e+00,1.067485852357168312e+02,1.228637858328145427e+02,-1.162986322459148525e+01,-4.378856622216670047e+00,-1.268727142416322948e+02
1.412499999999998312e+00,1.070557145624702429e+02,1.228106151760005673e+02,-1.132063901748266765e+01,-3.628856622216685590e+00,-1.285260467964407098e+02
1.414999999999998259e+00,1.073627108811569286e+02,1.227572996184713503e+02,-1.097294920229239779e+01,-2.878856622216702466e+00,-1.301339892330699399e+02
1.417499999999998206e+00,1.076695738283676889e+02,1.227038376197472616e+02,-1.058893457963372597e+01,-2.128856622216718009e+00,-1.316911176786407793e+02
1.419999999999998153e+00,1.079763030374909079e+02,1.226502287822400632e+02,-1.017062422905174657e+01,-1.378856622216733996e+00,-1.331923056300978772e+02
1.422499999999998099e+00,1.082828981415638196e+02,1.225964738387416162e+02,-9.719942716292683471e+00,-6.288566222167499831e-01,-1.346327075552188433e+02
1.424999999999998046e+00,1.085893587760897816e+02,1.225425746301436192e+02,-9.238716603300161978e+00,1.211433777832340436e-01,-1.360077440202133801e+02
1.427499999999997993e+00,1.088956845817917696e+02,1.224885340720145592e+02,-8.728679144905562737e+00,1.211433777832340436e-01,-1.373130879666014437e+02
1.429999999999997939e+00,1.092018752072773964e+02,1.224343561137039273e+02,-8.246520762572012941e+00,1.211433777832340436e-01,-1.385464325509421997e+02
1.432499999999997886e+00,1.095079303115992246e+02,1.223800456958216074e+02,-7.790696586678603097e+00,8.711433777832179315e-01,-1.397117329004064175e+02
1.434999999999997833e+00,1.098138495667073471e+02,1.223256086988177884e+02,-7.304816894512396352e+00,1.621143377783201833e+00,-1.408109477665634017e+02
1.437499999999997780e+00,1.101196326597679445e+02,1.222710518908121884e+02,-6.790601077491986715e+00,2.371143377783186068e+00,-1.418398040261533026e+02
1.439999999999997726e+00,1.104252792953521833e+02,1.222163828704265569e+02,-6.249683419617208635e+00,3.121143377783170525e+00,-1.427942679629596796e+02
1.442499999999997673e+00,1.107307891974772787e+02,1.221616100029586391e+02,-5.683612208259821941e+00,3.871143377783153650e+00,-1.436705335817918012e+02
1.444999999999997620e+00,1.110361621114863340e+02,1.221067423537078867e+02,-5.093859708742338732e+00,4.621143377783138106e+00,-1.444650119134466024e+02
1.447499999999997566e+00,1.113413978057623837e+02,1.220517896204032695e+02,-4.481826185641638816e+00,5.371143377783123007e+00,-1.451743211262201214e+02
1.449999999999997513e+00,1.116464960732651406e+02,1.219967620626058959e+02,-3.848839006461798551e+00,6.121143377783107020e+00,-1.457952770135025276e+02
1.452499999999997460e+00,1.119514567329032673e+02,1.219416704306214001e+02,-3.196161955892219630e+00,6.121143377783107020e+00,-1.463248841837047109e+02
1.454999999999997407e+00,1.122562796307116315e+02,1.218865258962847662e+02,-2.579132673515942997e+00,6.121143377783107020e+00,-1.467620825809762266e+02
1.457499999999997353e+00,1.125609646408742321e+02,1.218313399816445894e+02,-1.995788633585513505e+00,6.871143377783091921e+00,-1.471119286867118490e+02
1.459999999999997300e+00,1.128655116665556761e+02,1.217761244924342208e+02,-1.390242115129083356e+00,7.621143377783075046e+00,-1.473774523607235949e+02
1.462499999999997247e+00,1.131699206405740910e+02,1.217208914501048156e+02,-7.638368289647421427e-01,8.371143377783059947e+00,-1.475554902542075979e+02
1.464999999999997193e+00,1.134741915259016736e+02,1.216656530229545723e+02,-1.178528781356784627e-01,9.121143377783043960e+00,-1.476430727788647630e+02
1.467499999999997140e+00,1.137783243159930180e+02,1.216104214555046639e+02,5.464940610311831426e-01,9.871143377783027972e+00,-1.476374161145092785e+02
1.469999999999997087e+00,1.140823190349341871e+02,1.215552090032835792e+02,1.228047410983897025e+00,1.000000000000000000e+01,-1.475359135903654817e+02
1.472499999999997033e+00,1.143861757374370853e+02,1.215000278679367511e+02,1.881605504369748161e+00,1.000000000000000000e+01,-1.473375575690745904e+02
1.474999999999996980e+00,1.146898945086681749e+02,1.214448901366834548e+02,2.499545985679995752e+00,1.000000000000000000e+01,-1.470466389363943449e+02
1.477499999999996927e+00,1.149934754639273962e+02,1.213898077210742201e+02,3.083819712286334447e+00,1.000000000000000000e+01,-1.466682387616048118e+02
1.479999999999996874e+00,1.152969187481754716e+02,1.213347922939365162e+02,3.636273493215276265e+00,9.250000000000015987e+00,-1.462071620895408444e+02
1.482499999999996820e+00,1.156002245354012672e+02,1.212798552297487902e+02,4.105472254593800052e+00,8.500000000000031974e+00,-1.456696749201666137e+02
1.484999999999996767e+00,1.159033930278417159e+02,1.212250075424592666e+02,4.495890207065894373e+00,7.750000000000047073e+00,-1.450676367973699143e+02
1.487499999999996714e+00,1.162064244550472836e+02,1.211702598294002513e+02,4.811757219884035486e+00,7.000000000000064837e+00,-1.444122651713127539e+02
1.489999999999996660e+00,1.165093190728066190e+02,1.211156222131923386e+02,5.057081393851964535e+00,6.250000000000080824e+00,-1.437141686567642296e+02
1.492499999999996607e+00,1.168120771619298068e+02,1.210611042878851293e+02,5.235654943457999977e+00,5.500000000000095923e+00,-1.429833785924082008e+02
1.494999999999996554e+00,1.171146990268957211e+02,1.210067150664578151e+02,5.351068898553119624e+00,4.750000000000111910e+00,-1.422293793179265435e+02
1.497499999999996501e+00,1.174171849943727324e+02,1.209524629351866309e+02,5.406722983029717433e+00,4.000000000000128786e+00,-1.414611368531507765e+02
1.499999999999996447e+00,1.177195354116275610e+02,1.208983556101388217e+02,5.405841310844074599e+00,4.000000000000128786e+00,-1.406871268228872509e+02
1.502499999999996394e+00,1.180217506448242233e+02,1.208444000993295617e+02,5.404947117693150282e+00,4.000000000000128786e+00,-1.399136297297229419e+02
1.504999999999996341e+00,1.183238310772341748e+02,1.207906026704822864e+02,5.404038805794029621e+00,4.750000000000113687e+00,-1.391406226448644077e+02
1.507499999999996287e+00,1.186257771073721443e+02,1.207369688215928534e+02,5.456449394576046608e+00,5.500000000000096811e+00,-1.383663569200621737e+02
1.509999999999996234e+00,1.189275891470543911e+02,1.206835032592527739e+02,5.559195431199949411e+00,6.250000000000081712e+00,-1.375832401704582537e+02
1.512499999999996181e+00,1.192292676194087022e+02,1.206302098832057510e+02,5.709448415872468097e+00,7.000000000000064837e+00,-1.367841076051598748e+02
1.514999999999996128e+00,1.195308129568540068e+02,1.205770917771226323e+02,5.904525370277645457e+00,7.750000000000049738e+00,-1.359621996589362425e+02
1.517499999999996074e+00,1.198322255990539986e+02,1.205241512013929537e+02,6.141881519995497030e+00,8.500000000000031974e+00,-1.351111408128662674e+02
1.519999999999996021e+00,1.201335059908553404e+02,1.204713895915936206e+02,6.419106506043082305e+00,9.250000000000017764e+00,-1.342249196903483437e+02
1.522499999999995968e+00,1.204346545802284254e+02,1.204188075624716561e+02,6.733909716716037330e+00,1.000000000000000000e+01,-1.332978699651496299e+02
1.524999999999995914e+00,1.207356718162186695e+02,1.203664049187288043e+02,7.084116067605227940e+00,1.000000000000000000e+01,-1.323246527942073953e+02
1.527499999999995861e+00,1.210365581469292664e+02,1.203141806683121757e+02,7.415355783697052061e+00,9.250000000000015987e+00,-1.313019298096510852e+02
1.529999999999995808e+00,1.213373140175359310e+02,1.202621330389633840e+02,7.676259529129618286e+00,8.500000000000031974e+00,-1.302340706909046730e+02
1.532499999999995755e+00,1.216379398683503723e+02,1.202102595017901336e+02,7.870535101889895913e+00,7.750000000000047073e+00,-1.291310353479464368e+02
1.534999999999995701e+00,1.219384361329404527e+02,1.201585567967961197e+02,8.001697507823211097e+00,7.000000000000064837e+00,-1.280022529282393009e+02
1.537499999999995648e+00,1.222388032363197112e+02,1.201070209638389770e+02,8.073080853097936327e+00,6.250000000000080824e+00,-1.268566501295950957e+02
1.539999999999995595e+00,1.225390415932168793e+02,1.200556473816408669e+02,8.087845643145428198e+00,5.500000000000095923e+00,-1.257026777593684841e+02
1.542499999999995541e+00,1.228391516064445597e+02,1.200044308100002723e+02,8.048990790726692879e+00,4.750000000000111910e+00,-1.245483367089450724e+02
1.544999999999995488e+00,1.231391336653800153e+02,1.199533654363661839e+02,7.959363166645322174e+00,4.000000000000128786e+00,-1.234012014744798762e+02
1.547499999999995435e+00,1.234389881445599713e+02,1.199024449280975659e+02,7.821661689192464628e+00,4.000000000000128786e+00,-1.222684429629493366e+02
1.549999999999995381e+00,1.237387154024119411e+02,1.198516624857514614e+02,7.691183111244908055e+00,4.000000000000128786e+00,-1.211551486670772704e+02
1.552499999999995328e+00,1.240383157801187934e+02,1.198010109024435224e+02,7.567540784547552413e+00,4.750000000000113687e+00,-1.200602768640381157e+02
1.554999999999995275e+00,1.243377896006342809e+02,1.197504826242976748e+02,7.502978234603398633e+00,5.500000000000096811e+00,-1.189811464302861737e+02
1.557499999999995222e+00,1.246371371678491613e+02,1.197000698113724724e+02,7.494238928601777872e+00,6.250000000000081712e+00,-1.179093812012395119e+02
1.559999999999995168e+00,1.249363587659128996e+02,1.196497644013948758e+02,7.538234692808444493e+00,7.000000000000064837e+00,-1.168370697304179373e+02
1.562499999999995115e+00,1.252354546587123139e+02,1.195995581746455798e+02,7.632033427195362485e+00,7.750000000000049738e+00,-1.157567410510142736e+02
1.564999999999995062e+00,1.255344250895177112e+02,1.195494428223107661e+02,7.772849312019819656e+00,8.500000000000031974e+00,-1.146613417422212962e+02
1.567499999999995008e+00,1.258332702807984731e+02,1.194994100166833277e+02,7.958033775607617599e+00,9.250000000000017764e+00,-1.135442152396106223e+02
1.569999999999994955e+00,1.261319904342165472e+02,1.194494514786352823e+02,8.185072457810896651e+00,1.000000000000000000e+01,-1.123990819290718122e+02
1.572499999999994902e+00,1.264305857307822123e+02,1.193995590307915791e+02,8.451583538929442696e+00,1.000000000000000000e+01,-1.112200195751538843e+02
1.574999999999994849e+00,1.267290563311323126e+02,1.193497246297166186e+02,8.703709614796650840e+00,9.250000000000015987e+00,-1.100031084794472349e+02
1.577499999999994795e+00,1.270274023758757806e+02,1.192999403791577606e+02,8.890541442297623220e+00,8.500000000000031974e+00,-1.087520515213576715e+02
1.579999999999994742e+00,1.273256239859665726e+02,1.192501985378011682e+02,9.015486950623557760e+00,7.750000000000047073e+00,-1.074760948128151341e+02
1.582499999999994689e+00,1.276237212630956463e+02,1.192004915336844988e+02,9.081780984801470780e+00,7.000000000000064837e+00,-1.061840027587246880e+02
1.584999999999994635e+00,1.279216942901267799e+02,1.191508119907317678e+02,9.092494871530760747e+00,6.250000000000080824e+00,-1.048840827110255276e+02
1.587499999999994582e+00,1.282195431316047802e+02,1.191011527647944348e+02,9.050545283983982614e+00,5.500000000000095923e+00,-1.035842079883328921e+02
1.589999999999994529e+00,1.285172678343580799e+02,1.190515069848585057e+02,8.958702250745297135e+00,4.750000000000111910e+00,-1.022918397364048246e+02
1.592499999999994476e+00,1.288148684282059833e+02,1.190018680954293870e+02,8.819597191588812279e+00,4.000000000000128786e+00,-1.010140476071585312e+02
1.594999999999994422e+00,1.291123449267707315e+02,1.189522298968332876e+02,8.635729571199252774e+00,4.000000000000128786e+00,-9.975752912766955660e+01
1.597499999999994369e+00,1.294096973283889156e+02,1.189025865824693966e+02,8.461450587420282332e+00,4.000000000000128786e+00,-9.852695239792723214e+01
1.599999999999994316e+00,1.297069256171147060e+02,1.188529327725575229e+02,8.296250863088438621e+00,4.750000000000113687e+00,-9.732096875274461922e+01
1.602499999999994262e+00,1.300040297638039135e+02,1.188032635416613374e+02,8.191490217925103678e+00,5.500000000000096811e+00,-9.613663009890173328e+01
1.604999999999994209e+00,1.303010097272636756e+02,1.187535744416423995e+02,8.143859108009658954e+00,6.250000000000081712e+00,-9.496539350194517226e+01
1.607499999999994156e+00,1.305978654554575371e+02,1.187038615194377940e+02,8.150215987231932857e+00,7.000000000000064837e+00,-9.379918426399636644e+01
1.609999999999994102e+00,1.308945968867506622e+02,1.186541213298142026e+02,8.207577897845174775e+00,7.750000000000049738e+00,-9.263037206380634814e+01
1.612499999999994049e+00,1.311912039511864805e+02,1.186043509453989913e+02,8.313112980388433826e+00,8.500000000000031974e+00,-9.145174844613879372e+01
1.614999999999993996e+00,1.314876865717856163e+02,1.185545479638882966e+02,8.464131484282772178e+00,9.250000000000017764e+00,-9.025650547823349257e+01
1.617499999999993943e+00,1.317840446658620976e+02,1.185047105127274847e+02,8.658078718118233041e+00,1.000000000000000000e+01,-8.903821561921353123e+01
1.619999999999993889e+00,1.320802781463486042e+02,1.184548372491584303e+02,8.892527757149830236e+00,1.000000000000000000e+01,-8.779081258895574535e+01
1.622499999999993836e+00,1.323763869231211459e+02,1.184049273576624870e+02,9.114378872154562217e+00,9.250000000000015987e+00,-8.651021090729105367e+01
1.624999999999993783e+00,1.326723709043126007e+02,1.183549805440413962e+02,9.273433880086095371e+00,8.500000000000031974e+00,-8.519983707716529864e+01
1.627499999999993729e+00,1.329682299976136619e+02,1.183049970284652090e+02,9.372953667499917429e+00,7.750000000000047073e+00,-8.386858385828126927e+01
1.629999999999993676e+00,1.332639641115542304e+02,1.182549775355675621e+02,9.416034190791483738e+00,7.000000000000064837e+00,-8.252488157655982093e+01
1.632499999999993623e+00,1.335595731567574660e+02,1.182049232809178676e+02,9.405615081394534727e+00,6.250000000000080824e+00,-8.117672145769654435e+01
1.634999999999993570e+00,1.338550570471582546e+02,1.181548359525181695e+02,9.344487810637280845e+00,5.500000000000095923e+00,-7.983167774115426596e+01
1.637499999999993516e+00,1.341504157011711129e+02,1.181047176884007825e+02,9.235304151133963302e+00,4.750000000000111910e+00,-7.849692868063995377e+01
1.639999999999993463e+00,1.344456490428044333e+02,1.180545710526355094e+02,9.080582864918797625e+00,4.000000000000128786e+00,-7.717927640048840487e+01
1.642499999999993410e+00,1.347407570027082784e+02,1.180043990061980566e+02,8.882717300856340259e+00,4.000000000000128786e+00,-7.588516577116519102e+01
1.644999999999993356e+00,1.350357395191500416e+02,1.179542048758635815e+02,8.695105651992305340e+00,4.000000000000128786e+00,-7.461905389494882002e+01
1.647499999999993303e+00,1.353305965389112941e+02,1.179039923206946838e+02,8.517206438449516526e+00,4.750000000000113687e+00,-7.337948786353526032e+01
1.649999999999993250e+00,1.356253280180980880e+02,1.178537652958769542e+02,8.399492026400645628e+00,5.500000000000096811e+00,-7.216344728223944571e+01
1.652499999999993197e+00,1.359199339228611336e+02,1.178035280174340613e+02,8.338690911604432543e+00,6.250000000000081712e+00,-7.096241471421056701e+01
1.654999999999993143e+00,1.362144142300269323e+02,1.177532849274736719e+02,8.331696938332138203e+00,7.000000000000064837e+00,-6.976833597170609380e+01
1.657499999999993090e+00,1.365087689276431604e+02,1.177030406548805814e+02,8.375560814735372617e+00,7.750000000000049738e+00,-6.857359676573840090e+01
1.659999999999993037e+00,1.368029980154255441e+02,1.176527999798877318e+02,8.467481847835511388e+00,8.500000000000031974e+00,-6.737100054047725450e+01
1.662499999999992983e+00,1.370971015051127608e+02,1.176025677961765155e+02,8.604799827649632249e+00,9.250000000000017764e+00,-6.615374752262992786e+01
1.664999999999992930e+00,1.373910794207296533e+02,1.175523490717540227e+02,8.784987729062823547e+00,1.000000000000000000e+01,-6.491541489883297800e+01
1.667499999999992877e+00,1.376849317987530981e+02,1.175021488140862402e+02,9.005644319944225984e+00,1.000000000000000000e+01,-6.364993799132099639e+01
1.669999999999992824e+00,1.379786586881877781e+02,1.174519720324322378e+02,9.214550258389161641e+00,9.250000000000015987e+00,-6.235320277497572761e+01
1.672499999999992770e+00,1.382722601505526825e+02,1.174018237012557790e+02,9.362315855455898728e+00,8.500000000000031974e+00,-6.102848451687679443e+01
1.674999999999992717e+00,1.385657362597697784e+02,1.173517087211589285e+02,9.452086383573474748e+00,7.750000000000047073e+00,-5.968443984521889689e+01
1.677499999999992664e+00,1.388590871019597728e+02,1.173016318795115325e+02,9.486848420017437888e+00,7.000000000000064837e+00,-5.832928057641469621e+01
1.679999999999992610e+00,1.391523127751349591e+02,1.172515978136338362e+02,9.469438824961780909e+00,6.250000000000080824e+00,-5.697079623439289975e+01
1.682499999999992557e+00,1.394454133888048375e+02,1.172016109746764982e+02,9.402552364679232610e+00,5.500000000000095923e+00,-5.561637526196891201e+01
1.684999999999992504e+00,1.397383890634907857e+02,1.171516755922483526e+02,9.288749966530996716e+00,4.750000000000111910e+00,-5.427302514852362236e+01
1.687499999999992450e+00,1.400312399301511732e+02,1.171017956412243848e+02,9.130464768366431727e+00,4.000000000000128786e+00,-5.294739136832590276e+01
1.689999999999992397e+00,1.403239661295283440e+02,1.170519748100632000e+02,8.930010222437445577e+00,4.000000000000128786e+00,-5.164577539706028375e+01
1.692499999999992344e+00,1.406165678114141144e+02,1.170022164752350164e+02,8.739848274384502957e+00,4.000000000000128786e+00,-5.037253085393407304e+01
1.694999999999992291e+00,1.409090451338568641e+02,1.169525236753130031e+02,8.559440236322755524e+00,4.750000000000113687e+00,-4.912620608497696395e+01
1.697499999999992237e+00,1.412013982623037975e+02,1.169028990909038441e+02,8.438404082886430402e+00,5.500000000000096811e+00,-4.790380977250742944e+01
1.699999999999992184e+00,1.414936273686947743e+02,1.168533450271695528e+02,8.373544165351347601e+00,6.250000000000081712e+00,-4.669694663323065242e+01
1.702499999999992131e+00,1.417857326305149286e+02,1.168038633986776773e+02,8.361825066309419796e+00,7.000000000000064837e+00,-4.549767442663341654e+01
1.704999999999992077e+00,1.420777142298117042e+02,1.167544557177840545e+02,8.400362882441728019e+00,7.750000000000049738e+00,-4.429848120617224794e+01
1.707499999999992024e+00,1.423695723521815921e+02,1.167051230844972594e+02,8.486417248295380134e+00,8.500000000000031974e+00,-4.309226382335484118e+01
1.709999999999991971e+00,1.426613071857354953e+02,1.166558661794640557e+02,8.617383742352815901e+00,9.250000000000017764e+00,-4.187230751893275027e+01
1.712499999999991918e+00,1.429529189200464145e+02,1.166066852585254878e+02,8.790786567439079491e+00,1.000000000000000000e+01,-4.063226659437280830e+01
1.714999999999991864e+00,1.432444077450862778e+02,1.165575801521046344e+02,9.004271700385990229e+00,1.000000000000000000e+01,-3.936614609355383010e+01
1.717499999999991811e+00,1.435357738501623430e+02,1.165085502660926124e+02,9.206493516231944341e+00,9.250000000000015987e+00,-3.806986795833797288e+01
1.719999999999991758e+00,1.438270174228558176e+02,1.164595945838474194e+02,9.348860551093126858e+00,8.500000000000031974e+00,-3.674661977269003899e+01
1.722499999999991704e+00,1.441181386479703690e+02,1.164107116733299705e+02,9.434418994433555028e+00,7.750000000000047073e+00,-3.540488374319296128e+01
1.724999999999991651e+00,1.444091377064956703e+02,1.163618996965362982e+02,9.466063457047345864e+00,7.000000000000064837e+00,-3.405271004713508631e+01
1.727499999999991598e+00,1.447000147746007315e+02,1.163131564225383272e+02,9.446545606758396829e+00,6.250000000000080824e+00,-3.269773819434261242e+01
1.729999999999991545e+00,1.449907700226597171e+02,1.162644792447547530e+02,9.378481428548393950e+00,5.500000000000095923e+00,-3.134721720540573386e+01
1.732499999999991491e+00,1.452814036143239207e+02,1.162158652011679578e+02,9.264358392378793994e+00,4.750000000000111910e+00,-3.000802482819142369e+01
1.734999999999991438e+00,1.455719157056447841e+02,1.161673109965517199e+02,9.106542751956631321e+00,4.000000000000128786e+00,-2.868668571208656815e+01
1.737499999999991385e+00,1.458623064442549833e+02,1.161188130282653361e+02,8.907285347597598602e+00,4.000000000000128786e+00,-2.738938861967026028e+01
1.739999999999991331e+00,1.461525759686146841e+02,1.160703674126082916e+02,8.718154968022757245e+00,4.000000000000128786e+00,-2.612040877013647844e+01
1.742499999999991278e+00,1.464427244073240502e+02,1.160219700131762863e+02,8.538626961911484514e+00,4.750000000000113687e+00,-2.487831333657451083e+01
1.744999999999991225e+00,1.467327518785087648e+02,1.159736164701053411e+02,8.417495780890616786e+00,5.500000000000096811e+00,-2.366015294365732302e+01
1.747499999999991172e+00,1.470226584892770632e+02,1.159253022283931216e+02,8.351643925765150911e+00,6.250000000000081712e+00,-2.245766071373400763e+01
1.749999999999991118e+00,1.473124443352478181e+02,1.158770225652733643e+02,8.338107555842773522e+00,7.000000000000064837e+00,-2.126300956710313628e+01
1.752499999999991065e+00,1.476021095001467529e+02,1.158287726176011319e+02,8.374067997262592655e+00,7.750000000000049738e+00,-2.006879015422713053e+01
1.754999999999991012e+00,1.478916540554705819e+02,1.157805474079794266e+02,8.456845069242261204e+00,8.500000000000031974e+00,-1.886799008507684761e+01
1.757499999999990958e+00,1.481810780602156399e+02,1.157323418699032231e+02,8.583889712666147531e+00,9.250000000000017764e+00,-1.765397403735022763e+01
1.759999999999990905e+00,1.484703815606694661e+02,1.156841508707511395e+02,8.752775575178837641e+00,1.000000000000000000e+01,-1.642046483340402929e+01
1.762499999999990852e+00,1.487595645902568720e+02,1.156359692300698612e+02,8.961195711686126941e+00,1.000000000000000000e+01,-1.516152560123742354e+01
1.764999999999990798e+00,1.490486271694294089e+02,1.155877917330472968e+02,9.158683046078404999e+00,9.250000000000015987e+00,-1.387310057074116187e+01
1.767499999999990745e+00,1.493375693055849069e+02,1.155396131375691908e+02,9.297463805811830184e+00,8.500000000000031974e+00,-1.255827824580784835e+01
1.769999999999990692e+00,1.496263909930020759e+02,1.154914281809105177e+02,9.380501577506999311e+00,7.750000000000047073e+00,-1.122535759397378463e+01
1.772499999999990639e+00,1.499150922127942067e+02,1.154432315942098057e+02,9.410612283641453857e+00,7.000000000000064837e+00,-9.882218319133158957e+00
1.774999999999990585e+00,1.502036729329057891e+02,1.153950181327280546e+02,9.390475597665366436e+00,6.250000000000080824e+00,-8.536341738827843528e+00
1.777499999999990532e+00,1.504921331081960716e+02,1.153467826226834916e+02,9.322642266449641113e+00,5.500000000000095923e+00,-7.194830539903647626e+00
1.779999999999990479e+00,1.507804726806474491e+02,1.152985200176409677e+02,9.209540063434889845e+00,4.750000000000111910e+00,-5.864427902460262132e+00
1.782499999999990425e+00,1.510686915797166989e+02,1.152502254537719182e+02,9.053481132118315955e+00,4.000000000000128786e+00,-4.551535299514334554e+00
1.784999999999990372e+00,1.513567897228214463e+02,1.152018942993153843e+02,8.856664340199113639e+00,4.000000000000128786e+00,-3.262229735556636534e+00
1.787499999999990319e+00,1.516447670159447512e+02,1.151535221956000328e+02,8.669741394952719560e+00,4.000000000000128786e+00,-2.000710268078231380e+00
1.789999999999990266e+00,1.519326233543400235e+02,1.151051050923950640e+02,8.492203863227537397e+00,4.750000000000113687e+00,-7.655610168436653984e-01
1.792499999999990212e+00,1.522203586233193846e+02,1.150566392769403876e+02,8.371987844571693316e+00,5.500000000000096811e+00,4.461273410118767324e-01
1.794999999999990159e+00,1.525079726991122868e+02,1.150081213973640644e+02,8.306052227311312208e+00,6.250000000000081712e+00,1.642501646231761869e+00
1.797499999999990106e+00,1.527954654497793001e+02,1.149595484825500904e+02,8.291506930742512438e+00,7.000000000000064837e+00,2.831281428978778880e+00
1.799999999999990052e+00,1.530828367361742437e+02,1.149109179590216314e+02,8.325601226081188244e+00,7.750000000000049738e+00,4.019779924886038636e+00
1.802499999999989999e+00,1.533700864129479555e+02,1.148622276653927088e+02,8.405719774648590104e+00,8.500000000000031974e+00,5.214924235172651912e+00
1.804999999999989946e+00,1.536572143295840931e+02,1.148134758646754392e+02,8.529373757045219051e+00,9.250000000000017764e+00,6.423273957394792788e+00
1.807499999999989893e+00,1.539442203314688413e+02,1.147646612560191528e+02,8.694195938374734922e+00,1.000000000000000000e+01,7.651039164237525725e+00
1.809999999999989839e+00,1.542311042609848357e+02,1.147157829809325875e+02,8.897933233709240497e+00,1.000000000000000000e+01,8.904097276658736959e+00
1.812499999999989786e+00,1.545178659586211438e+02,1.146668406291372690e+02,9.091047430101939497e+00,9.250000000000015987e+00,1.018647370220282689e+01
1.814999999999989733e+00,1.548045052640968038e+02,1.146178342444531211e+02,9.226625366180400079e+00,8.500000000000031974e+00,1.149515212672229225e+01
1.817499999999989679e+00,1.550910220174983749e+02,1.145687643258384156e+02,9.307551119000155637e+00,7.750000000000047073e+00,1.282197330065438123e+01
1.819999999999989626e+00,1.553774160604164365e+02,1.145196318234230830e+02,9.336565980761365680e+00,7.000000000000064837e+00,1.415917996665428014e+01
1.822499999999989573e+00,1.556636872370704623e+02,1.144704381345884059e+02,9.316280290142518794e+00,6.250000000000080824e+00,1.549939661699833415e+01
1.824999999999989519e+00,1.559498353954254810e+02,1.144211850961905412e+02,9.249176132759048485e+00,5.500000000000095923e+00,1.683561099499498326e+01
1.827499999999989466e+00,1.562358603882835268e+02,1.143718749711360516e+02,9.137615477633275418e+00,4.750000000000111910e+00,1.816115632677260550e+01
1.829999999999989413e+00,1.565217620743408986e+02,1.143225104343906366e+02,8.983848121874919102e+00,4.000000000000128786e+00,1.946969480851009848e+01
1.832499999999989360e+00,1.568075403192081581e+02,1.142730945528841460e+02,8.790013536959500939e+00,4.000000000000128786e+00,2.075520215378820410e+01
1.834999999999989306e+00,1.570931949963782586e+02,1.142236307641610296e+02,8.605815506079677490e+00,4.000000000000128786e+00,2.201350064028548559e+01
1.837499999999989253e+00,1.573787259881416674e+02,1.141741228532652315e+02,8.430762436891329870e+00,4.750000000000113687e+00,2.324594667566934447e+01
1.839999999999989200e+00,1.576641331864387325e+02,1.141245749279022021e+02,8.311919035157352198e+00,5.500000000000096811e+00,2.445537025425252153e+01
1.842499999999989146e+00,1.579494164936565426e+02,1.140749913942385234e+02,8.246331728796322480e+00,6.250000000000081712e+00,2.564976798145689685e+01
1.844999999999989093e+00,1.582345758233555557e+02,1.140253769308896921e+02,8.231192742095943871e+00,7.000000000000064837e+00,2.683671881338232978e+01
1.847499999999989040e+00,1.585196111009408924e+02,1.139757364640193629e+02,8.263832563633961570e+00,7.750000000000049738e+00,2.802340380421860644e+01
1.849999999999988987e+00,1.588045222642638521e+02,1.139260751404912497e+02,8.341709030146503778e+00,8.500000000000031974e+00,2.921662475903102063e+01
1.852499999999988933e+00,1.590893092641605620e+02,1.138763983006250839e+02,8.462404290668796847e+00,9.250000000000017764e+00,3.042282190760399274e+01
1.854999999999988880e+00,1.593739720649170692e+02,1.138267114508795572e+02,8.623617973056584063e+00,1.000000000000000000e+01,3.164809056659700204e+01
1.857499999999988827e+00,1.596585106446720488e+02,1.137770202367958348e+02,8.823158530886511031e+00,1.000000000000000000e+01,3.289819698939712111e+01
1.859999999999988773e+00,1.599429249957472052e+02,1.137273304122485342e+02,9.012400604247222446e+00,9.250000000000015987e+00,3.417707954260352921e+01
1.862499999999988720e+00,1.602272151249015906e+02,1.136776478105057464e+02,9.145257716503383705e+00,8.500000000000031974e+00,3.548173278372358652e+01
1.864999999999988667e+00,1.605113810535115988e+02,1.136279783130716226e+02,9.224523364770982781e+00,7.750000000000047073e+00,3.680407950333125200e+01
1.867499999999988614e+00,1.607954228176758136e+02,1.135783278160166390e+02,9.252853488144610949e+00,7.000000000000064837e+00,3.813643665005592709e+01
1.869999999999988560e+00,1.610793404682303276e+02,1.135287021958710483e+02,9.232778653414289494e+00,6.250000000000080824e+00,3.947149732760804852e+01
1.872499999999988507e+00,1.613631340706790809e+02,1.134791072756453474e+02,9.166705091256675431e+00,5.500000000000095923e+00,4.080231384044116538e+01
1.874999999999988454e+00,1.616468037050443343e+02,1.134295487901277539e+02,9.056925172750144526e+00,4.750000000000111910e+00,4.212228165490918741e+01
1.877499999999988400e+00,1.619303494656248574e+02,1.133800323540562403e+02,8.905620259550968143e+00,4.000000000000128786e+00,4.342512422796664140e+01
1.879999999999988347e+00,1.622137714606763836e+02,1.133305634291904340e+02,8.714868568070663457e+00,4.000000000000128786e+00,4.470487857664195275e+01
1.882499999999988294e+00,1.624970698120158090e+02,1.132811472961122945e+02,8.533501349694754268e+00,4.000000000000128786e+00,4.595740534248168530e+01
1.884999999999988241e+00,1.627802446545483406e+02,1.132317890257873501e+02,8.361047608831341904e+00,4.750000000000113687e+00,4.718401728748970925e+01
1.887499999999988187e+00,1.630632961357291322e+02,1.131824934551760578e+02,8.243787385746013996e+00,5.500000000000096811e+00,4.838748122152941988e+01
1.889999999999988134e+00,1.633462244149685887e+02,1.131332651641369580e+02,8.178864328816159102e+00,6.250000000000081712e+00,4.957564979729898624e+01
1.892499999999988081e+00,1.636290296629721581e+02,1.130841084543292823e+02,8.163555373532444648e+00,7.000000000000064837e+00,5.075596571414168068e+01
1.894999999999988027e+00,1.639117120610359564e+02,1.130350273287875069e+02,8.195269470894944064e+00,7.750000000000049738e+00,5.193548082720847958e+01
1.897499999999987974e+00,1.641942718002895276e+02,1.129860254749611244e+02,8.271542109592221692e+00,8.500000000000031974e+00,5.312087435500092880e+01
1.899999999999987921e+00,1.644767090808972796e+02,1.129371062485433725e+02,8.390025081351401681e+00,9.250000000000017764e+00,5.431847021955689314e+01
1.902499999999987867e+00,1.647590241112203273e+02,1.128882726595147972e+02,8.548484187199170137e+00,1.000000000000000000e+01,5.553425362384490427e+01
1.904999999999987814e+00,1.650412171069449130e+02,1.128395273579151166e+02,8.744789546915912481e+00,1.000000000000000000e+01,5.677388677589669896e+01
1.907499999999987761e+00,1.653232882901730818e+02,1.127908726188036042e+02,8.931108501417943657e+00,9.250000000000015987e+00,5.804123667835857958e+01
1.909999999999987708e+00,1.656052378884792233e+02,1.127423103335331263e+02,9.062073033366887742e+00,8.500000000000031974e+00,5.933335253643186746e+01
1.912499999999987654e+00,1.658870661339483377e+02,1.126938420027984620e+02,9.140389519585857769e+00,7.750000000000047073e+00,6.064230862934921618e+01
1.914999999999987601e+00,1.661687732621921043e+02,1.126454687313783580e+02,9.168636435327460532e+00,7.000000000000064837e+00,6.196057326027779055e+01
1.917499999999987548e+00,1.664503595113600056e+02,1.125971912285810816e+02,9.149266239993428584e+00,6.250000000000080824e+00,6.328099088215284951e+01
1.919999999999987494e+00,1.667318251211506777e+02,1.125490098068501226e+02,9.084618027532583184e+00,5.500000000000095923e+00,6.459676463988000705e+01
1.922499999999987441e+00,1.670131703318207315e+02,1.125009243893447177e+02,8.976919172310163120e+00,4.750000000000111910e+00,6.590144004687964241e+01
1.924999999999987388e+00,1.672943953832168518e+02,1.124529345186885791e+02,8.828292644233094677e+00,4.000000000000128786e+00,6.718888911468498293e+01
1.927499999999987335e+00,1.675755005138303204e+02,1.124050393672148829e+02,8.640763928908276270e+00,4.000000000000128786e+00,6.845329487996377793e+01
1.929999999999987281e+00,1.678564859598772330e+02,1.123572377520354308e+02,8.462407428332261006e+00,4.000000000000128786e+00,6.969063150848019461e+01
1.932499999999987228e+00,1.681373519544214048e+02,1.123095281516414161e+02,8.292768031004673190e+00,4.750000000000113687e+00,7.090222035031860059e+01
1.934999999999987175e+00,1.684180987265350780e+02,1.122619087208489930e+02,8.177444982890424541e+00,5.500000000000096811e+00,7.209080881101446892e+01
1.937499999999987121e+00,1.686987265005001291e+02,1.122143773090927397e+02,8.113657030472575471e+00,6.250000000000081712e+00,7.326413052774644541e+01
1.939999999999987068e+00,1.689792354950546382e+02,1.121669314768059138e+02,8.098754330551532377e+00,7.000000000000064837e+00,7.442951824209519884e+01
1.942499999999987015e+00,1.692596259226793904e+02,1.121195685117671843e+02,8.130212394365464945e+00,7.750000000000049738e+00,7.559392345008075154e+01
1.944999999999986962e+00,1.695398979889249915e+02,1.120722854447169965e+02,8.205625844853114970e+00,8.500000000000031974e+00,7.676393444726333826e+01
1.947499999999986908e+00,1.698200518917783199e+02,1.120250790653356745e+02,8.322700618584725873e+00,9.250000000000017764e+00,7.794579424039041271e+01
1.949999999999986855e+00,1.701000878210698204e+02,1.119779459406272082e+02,8.479250447028231719e+00,1.000000000000000000e+01,7.914541689953257730e+01
1.952499999999986802e+00,1.703800059579259880e+02,1.119308824313899322e+02,8.673190152541083719e+00,1.000000000000000000e+01,8.036840351917597047e+01
1.954999999999986748e+00,1.706598064742649115e+02,1.118838847121713513e+02,8.857403822614756450e+00,9.250000000000015987e+00,8.161859952579811761e+01
1.957499999999986695e+00,1.709394895323407582e+02,1.118369487887112257e+02,8.987179303077184045e+00,8.500000000000031974e+00,8.289317049627486256e+01
1.959999999999986642e+00,1.712190552843330238e+02,1.117900705190100012e+02,9.065151880088526681e+00,7.750000000000047073e+00,8.418440438084310529e+01
1.962499999999986589e+00,1.714985038719895840e+02,1.117432456397746989e+02,9.093833903251027806e+00,7.000000000000064837e+00,8.548497027837615292e+01
1.964999999999986535e+00,1.717778354263406868e+02,1.116964697951226810e+02,9.075620306208099564e+00,6.250000000000080824e+00,8.678789988984851789e+01
1.967499999999986482e+00,1.720570500674830896e+02,1.116497385662206767e+02,9.012796164240986840e+00,5.500000000000095923e+00,8.808656974525432304e+01
1.969999999999986429e+00,1.723361479044403097e+02,1.116030475024393525e+02,8.907539564521345099e+00,4.750000000000111910e+00,8.937468443757863668e+01
1.972499999999986375e+00,1.726151290351024556e+02,1.115563921580264548e+02,8.761930253042109484e+00,4.000000000000128786e+00,9.064626042161167163e+01
1.974999999999986322e+00,1.728939935462599635e+02,1.115097681273646799e+02,8.577952013621393590e+00,4.000000000000128786e+00,9.189561056539874073e+01
1.977499999999986269e+00,1.731727415137223147e+02,1.114631710802331241e+02,8.402952883969255993e+00,4.000000000000128786e+00,9.311879604160479573e+01
1.979999999999986215e+00,1.734513730025273048e+02,1.114165967942744260e+02,8.236492505215629478e+00,4.750000000000113687e+00,9.431711824937123367e+01
1.982499999999986162e+00,1.737298880672250050e+02,1.113700411714843597e+02,8.123487144269800453e+00,5.500000000000096811e+00,9.549327656124786756e+01
1.984999999999986109e+00,1.740082867521949765e+02,1.113235002490255425e+02,8.061216148177070551e+00,6.250000000000081712e+00,9.665486524056848339e+01
1.987499999999986056e+00,1.742865690919881843e+02,1.112769702040593529e+02,8.047085642898604618e+00,7.000000000000064837e+00,9.780909068261625805e+01
1.989999999999986002e+00,1.745647351116789991e+02,1.112304473597172318e+02,8.078621793717179145e+00,7.750000000000049738e+00,9.896279026706450566e+01
1.992499999999985949e+00,1.748427848272350502e+02,1.111839281940312674e+02,8.153467714104143838e+00,8.500000000000031974e+00,1.001224500430673601e+02
1.994999999999985896e+00,1.751207182459095293e+02,1.111374093495196007e+02,8.269374580572502964e+00,9.250000000000017764e+00,1.012942218014687370e+02
1.997499999999985842e+00,1.753985353666581659e+02,1.110908876438928701e+02,8.424197708545438701e+00,1.000000000000000000e+01,1.024839390157184340e+02
1.999999999999985789e+00,1.756762361805839703e+02,1.110443600807379880e+02,8.615891129833087803e+00,1.000000000000000000e+01,1.036971321127715555e+02
2.002499999999985736e+00,1.759538206714072999e+02,1.109978238609760695e+02,8.798083047472045948e+00,9.250000000000015987e+00,1.049376091834015625e+02
2.004999999999985683e+00,1.762312888159657405e+02,1.109512763926586558e+02,8.926758772427241695e+00,8.500000000000031974e+00,1.062026109412657604e+02
2.007499999999985629e+00,1.765086405847380036e+02,1.109047153035194100e+02,9.004491563619819061e+00,7.750000000000047073e+00,1.074845729941710459e+02
2.009999999999985576e+00,1.767858759424013897e+02,1.108581384557951850e+02,9.033734309682746044e+00,7.000000000000064837e+00,1.087762922437884612e+02
2.012499999999985523e+00,1.770629948484252623e+02,1.108115439601766781e+02,9.016826815870258471e+00,6.250000000000080824e+00,1.100709092655983596e+02
2.014999999999985469e+00,1.773399972577010146e+02,1.107649301883859181e+02,8.956000889046705993e+00,5.500000000000095923e+00,1.113618915927800828e+02
2.017499999999985416e+00,1.776168831212011696e+02,1.107182957834177159e+02,8.853384887721851726e+00,4.750000000000111910e+00,1.126430182342195536e+02
2.019999999999985363e+00,1.778936523866611310e+02,1.106716396665582778e+02,8.711011306756599737e+00,4.000000000000128786e+00,1.139083646236471452e+02
2.022499999999985310e+00,1.781703049992788976e+02,1.106249610424011536e+02,8.530818489099004864e+00,4.000000000000128786e+00,1.151522892316233424e+02
2.024999999999985256e+00,1.784468409024259756e+02,1.105782594010857451e+02,8.359362921786642531e+00,4.000000000000128786e+00,1.163708647762898067e+02
2.027499999999985203e+00,1.787232600383613601e+02,1.105315345198724373e+02,8.196216271252918517e+00,4.750000000000113687e+00,1.175653212060199024e+02
2.029999999999985150e+00,1.789995623489483876e+02,1.104847864587348880e+02,8.085556601277557931e+00,5.500000000000096811e+00,1.187382675776108272e+02
2.032499999999985096e+00,1.792757477763594522e+02,1.104380155538736403e+02,8.024726797998736672e+00,6.250000000000081712e+00,1.198971397462176185e+02
2.034999999999985043e+00,1.795518162637610544e+02,1.103912224091985053e+02,8.011194958050852577e+00,7.000000000000064837e+00,1.210489991328491612e+02
2.037499999999984990e+00,1.798277677559775896e+02,1.103444078859520090e+02,8.042546191372919040e+00,7.750000000000049738e+00,1.222005503070223966e+02
2.039999999999984936e+00,1.801036022001285914e+02,1.102975730917816435e+02,8.116477518236450805e+00,8.500000000000031974e+00,1.233581574697031158e+02
2.042499999999984883e+00,1.803793195462395147e+02,1.102507193699222086e+02,8.230791815909913822e+00,9.250000000000017764e+00,1.245278601053937422e+02
2.044999999999984830e+00,1.806549197478232145e+02,1.102038482881428791e+02,8.383392756517652700e+00,1.000000000000000000e+01,1.257153876983207255e+02
2.047499999999984777e+00,1.809304027624356763e+02,1.101569616269115954e+02,8.572280532795474528e+00,1.000000000000000000e+01,1.269261739235382436e+02
2.049999999999984723e+00,1.812057685522007660e+02,1.101100613668795347e+02,8.751880859631363307e+00,9.250000000000015987e+00,1.281639563455227631e+02
2.052499999999984670e+00,1.814810170843024082e+02,1.100631496756142553e+02,8.878920182991656418e+00,8.500000000000031974e+00,1.294259976309012643e+02
2.054999999999984617e+00,1.817561483314455586e+02,1.100162288944774787e+02,8.955904730402600933e+00,7.750000000000047073e+00,1.307048192125263029e+02
2.057499999999984563e+00,1.820311622722835523e+02,1.099693015256104189e+02,8.985222202755073440e+00,7.000000000000064837e+00,1.319932935135372816e+02
2.059999999999984510e+00,1.823060588918104656e+02,1.099223702185111762e+02,8.969151861795497283e+00,6.250000000000080824e+00,1.332846279466872090e+02
2.062499999999984457e+00,1.825808381817243173e+02,1.098754377531229238e+02,8.909867955208653711e+00,5.500000000000095923e+00,1.345723500280155918e+02
2.064999999999984404e+00,1.828555001407405030e+02,1.098285070224825546e+02,8.809444067245156162e+00,4.750000000000111910e+00,1.358502930979337862e+02
2.067499999999984350e+00,1.831300447748644444e+02,1.097815810145923621e+02,8.669860031341841022e+00,4.000000000000128786e+00,1.371125830375117971e+02
2.069999999999984297e+00,1.834044720976212943e+02,1.097346627927254303e+02,8.493005000390336789e+00,4.000000000000128786e+00,1.383536254228880296e+02
2.072499999999984244e+00,1.836787821302300756e+02,1.096877554768790901e+02,8.324626550164289540e+00,4.000000000000128786e+00,1.395695179406016564e+02
2.074999999999984190e+00,1.839529749017343363e+02,1.096408622231846977e+02,8.164311336902111194e+00,4.750000000000113687e+00,1.407614444934866924e+02
2.077499999999984137e+00,1.842270504490854250e+02,1.095939862058887400e+02,8.055490690601795123e+00,5.500000000000096811e+00,1.419319524787374860e+02
2.079999999999984084e+00,1.845010088171709697e+02,1.095471305970251876e+02,7.995582628038875761e+00,6.250000000000081712e+00,1.430883501013021544e+02
2.082499999999984031e+00,1.847748500588045033e+02,1.095002985500938166e+02,7.982122830649749368e+00,7.000000000000064837e+00,1.442375806110777035e+02
2.084999999999983977e+00,1.850485742346668587e+02,1.094534931837043388e+02,8.012762847176887249e+00,7.750000000000049738e+00,1.453862387695122038e+02
2.087499999999983924e+00,1.853221814132100462e+02,1.094067175648115722e+02,8.085259925627486410e+00,8.500000000000031974e+00,1.465405865244096333e+02
2.089999999999983871e+00,1.855956716705193230e+02,1.093599746937780708e+02,8.197476799384691759e+00,9.250000000000017764e+00,1.477065678947110712e+02
2.092499999999983817e+00,1.858690450901397071e+02,1.093132674905027670e+02,8.347369724796410040e+00,1.000000000000000000e+01,1.488898231915359531e+02
2.094999999999983764e+00,1.861423017628653440e+02,1.092665987804367944e+02,8.532993077545917515e+00,1.000000000000000000e+01,1.500957025267322820e+02
2.097499999999983711e+00,1.864154417864959612e+02,1.092199712809869965e+02,8.709550364266988254e+00,9.250000000000015987e+00,1.513278866052242222e+02
2.099999999999983658e+00,1.866884652655598700e+02,1.091733875896408392e+02,8.834480828441364508e+00,8.500000000000031974e+00,1.525836806474551679e+02
2.102499999999983604e+00,1.869613723110080912e+02,1.091268501736428931e+02,8.910217355533905703e+00,7.750000000000047073e+00,1.538557224697815400e+02
2.104999999999983551e+00,1.872341630398824179e+02,1.090803613544182298e+02,8.939079035947331775e+00,7.000000000000064837e+00,1.551369966966870777e+02
2.107499999999983498e+00,1.875068375749402776e+02,1.090339232951109238e+02,8.923279826823181438e+00,6.250000000000080824e+00,1.564208193459789129e+02
2.109999999999983444e+00,1.877793960442542129e+02,1.089875379888549958e+02,8.864933160030041392e+00,5.500000000000095923e+00,1.577008231993484344e+02
2.112499999999983391e+00,1.880518385807794175e+02,1.089412072475099365e+02,8.766054613945573948e+00,4.750000000000111910e+00,1.589709438291932599e+02
2.114999999999983338e+00,1.883241653218953786e+02,1.088949326910188375e+02,8.628571891210908618e+00,4.000000000000128786e+00,1.602254062986390295e+02
2.117499999999983284e+00,1.885963764089190136e+02,1.088487157386930733e+02,8.454323449091498688e+00,4.000000000000128786e+00,1.614587124564200451e+02
2.119999999999983231e+00,1.888684719866001274e+02,1.088025576035767870e+02,8.288299191481502959e+00,4.000000000000128786e+00,1.626670301369633194e+02
2.122499999999983178e+00,1.891404522026029724e+02,1.087564592868148452e+02,8.130100988707512855e+00,4.750000000000113687e+00,1.638515317061355461e+02
2.124999999999983125e+00,1.894123172069729435e+02,1.087104215753460181e+02,8.022472284667349740e+00,5.500000000000096811e+00,1.650147317417130637e+02
2.127499999999983071e+00,1.896840671516016243e+02,1.086644450412886584e+02,7.962903679947277880e+00,6.250000000000081712e+00,1.661638281081573894e+02
2.129999999999983018e+00,1.899557021896894184e+02,1.086185300440390051e+02,7.949002032176581523e+00,7.000000000000064837e+00,1.673056608717302822e+02
2.132499999999982965e+00,1.902272224752157399e+02,1.085726767341269152e+02,7.978482910799949757e+00,7.750000000000049738e+00,1.684467284463453609e+02
2.134999999999982911e+00,1.904986281624192941e+02,1.085268850572309276e+02,8.049164806074749379e+00,8.500000000000031974e+00,1.695932029832142689e+02
2.137499999999982858e+00,1.907699194052894143e+02,1.084811547612942206e+02,8.158966530599904843e+00,9.250000000000017764e+00,1.707509450402542086e+02
2.139999999999982805e+00,1.910410963570753324e+02,1.084354854028693467e+02,8.305898224261975216e+00,1.000000000000000000e+01,1.719255175755255038e+02
2.142499999999982752e+00,1.913121591698109398e+02,1.083898763537731043e+02,8.488060530951893057e+00,1.000000000000000000e+01,1.731221992738265385e+02
2.144999999999982698e+00,1.915831079938577375e+02,1.083443268092654961e+02,8.661374995513005715e+00,9.250000000000015987e+00,1.743446284162008908e+02
2.147499999999982645e+00,1.918539429774682219e+02,1.082988357958891186e+02,8.783934780969531175e+00,8.500000000000031974e+00,1.755901764255979742e+02
2.149999999999982592e+00,1.921246642663676027e+02,1.082534021798580142e+02,8.858104162237577128e+00,7.750000000000047073e+00,1.768516258836586132e+02
2.152499999999982538e+00,1.923952720033592243e+02,1.082080246747343324e+02,8.886140168035371545e+00,7.000000000000064837e+00,1.781220982087430116e+02
2.154999999999982485e+00,1.926657663279458745e+02,1.081627018488103573e+02,8.870198535355143576e+00,6.250000000000080824e+00,1.793950383471683665e+02
2.157499999999982432e+00,1.929361473759710179e+02,1.081174321338172035e+02,8.812338694790799565e+00,5.500000000000095923e+00,-1.793357998085701581e+02
2.159999999999982379e+00,1.932064152792833056e+02,1.080722138347435219e+02,8.714527112260629593e+00,4.750000000000111910e+00,-1.780763673224406887e+02
2.162499999999982325e+00,1.934765701654253292e+02,1.080270451403004586e+02,8.578644341524112704e+00,4.000000000000128786e+00,-1.768323334647251102e+02
2.164999999999982272e+00,1.937466121573490909e+02,1.079819241346595646e+02,8.406488076123491027e+00,4.000000000000128786e+00,-1.756090983335035105e+02
2.167499999999982219e+00,1.940165413731617434e+02,1.079368488102250865e+02,8.242347306131756923e+00,4.000000000000128786e+00,-1.744104273267207361e+02
2.169999999999982165e+00,1.942863579259035305e+02,1.078918170811266037e+02,8.085840558840180492e+00,4.750000000000113687e+00,-1.732351694199495569e+02
2.172499999999982112e+00,1.945560619233601756e+02,1.078468267985720388e+02,7.979069968718947692e+00,5.500000000000096811e+00,-1.720808546103432946e+02
2.174999999999982059e+00,1.948256534679149752e+02,1.078018757675927048e+02,7.919593181786416913e+00,6.250000000000081712e+00,-1.709404095379654223e+02
2.177499999999982006e+00,1.950951326564432122e+02,1.077569617668021351e+02,7.905077578319507303e+00,7.000000000000064837e+00,-1.698071101723510878e+02
2.179999999999981952e+00,1.953644995802587232e+02,1.077120825710361913e+02,7.933292468987563240e+00,7.750000000000049738e+00,-1.686745660017294028e+02
2.182499999999981899e+00,1.956337543251180477e+02,1.076672359748892376e+02,8.002106068037670994e+00,8.500000000000031974e+00,-1.675367049893453100e+02
2.184999999999981846e+00,1.959028969712821038e+02,1.076224198104210075e+02,8.109484321537921758e+00,9.250000000000017764e+00,-1.663877592551255304e+02
2.187499999999981792e+00,1.961719275936163740e+02,1.075776319495978015e+02,8.253481513627820121e+00,1.000000000000000000e+01,-1.652222514258963884e+02
2.189999999999981739e+00,1.964408462616859481e+02,1.075328702940381902e+02,8.432240006933126253e+00,1.000000000000000000e+01,-1.640349816603405770e+02
2.192499999999981686e+00,1.967096530398229390e+02,1.074881327695829327e+02,8.602362551810804447e+00,9.250000000000015987e+00,-1.628223609752136554e+02
2.194999999999981632e+00,1.969783479871886698e+02,1.074434173331201094e+02,8.722575990805342627e+00,8.500000000000031974e+00,-1.615869599414648690e+02
2.197499999999981579e+00,1.972469311578580005e+02,1.073987219847417691e+02,8.795185404041660604e+00,7.750000000000047073e+00,-1.603358622630879040e+02
2.199999999999981526e+00,1.975154026009345500e+02,1.073540447800854025e+02,8.822393554572961705e+00,7.000000000000064837e+00,-1.590758229862218798e+02
2.202499999999981473e+00,1.977837623606963575e+02,1.073093838416459675e+02,8.806305677206241356e+00,6.250000000000080824e+00,-1.578132832859265307e+02
2.204999999999981419e+00,1.980520104767687428e+02,1.072647373684431784e+02,8.748932831234201402e+00,5.500000000000095923e+00,-1.565543845385918473e+02
2.207499999999981366e+00,1.983201469843208713e+02,1.072201036447026752e+02,8.652198481268467134e+00,4.750000000000111910e+00,-1.553049816907518164e+02
2.209999999999981313e+00,1.985881719142831798e+02,1.071754810476693223e+02,8.517940864029130310e+00,4.000000000000128786e+00,-1.540706560005568235e+02
2.212499999999981259e+00,1.988560852935842718e+02,1.071308680545578795e+02,8.347918497999149423e+00,4.000000000000128786e+00,-1.528567271413922981e+02
2.214999999999981206e+00,1.991238871454044101e+02,1.070862632483438261e+02,8.185727585270832662e+00,4.000000000000128786e+00,-1.516669101831991213e+02
2.217499999999981153e+00,1.993915774894425681e+02,1.070416653227013910e+02,8.030999136193280208e+00,4.750000000000113687e+00,-1.505000880286200697e+02
2.219999999999981100e+00,1.996591563421965532e+02,1.069970730871455658e+02,7.925187070937197653e+00,5.500000000000096811e+00,-1.493538456740643880e+02
2.222499999999981046e+00,1.999266237172546710e+02,1.069524854710493429e+02,7.865908138211215039e+00,6.250000000000081712e+00,-1.482212402250403329e+02
2.224999999999980993e+00,2.001939796255980184e+02,1.069079015283626575e+02,7.850885695231883510e+00,7.000000000000064837e+00,-1.470956683228290558e+02
2.227499999999980940e+00,2.004612240759144299e+02,1.068633204412502238e+02,7.877943626341251004e+00,7.750000000000049738e+00,-1.459708509150944735e+02
2.229999999999980886e+00,2.007283570749206376e+02,1.068187415228015027e+02,7.945002245338843139e+00,8.500000000000031974e+00,-1.448408187287537601e+02
2.232499999999980833e+00,2.009953786276909966e+02,1.067741642194205554e+02,8.050073527129800510e+00,9.250000000000017764e+00,-1.436998984772883716e+02
2.234999999999980780e+00,2.012622887379921792e+02,1.067295881121417125e+02,8.191256943348570019e+00,1.000000000000000000e+01,-1.425426997176088264e+02
2.237499999999980727e+00,2.015290874086194606e+02,1.066850129174212896e+02,8.366735956094029092e+00,1.000000000000000000e+01,-1.413641023053533843e+02
2.239999999999980673e+00,2.017957746417363865e+02,1.066404384871117941e+02,8.533807182284284920e+00,9.250000000000015987e+00,-1.401605679316461419e+02
2.242499999999980620e+00,2.020623504392125085e+02,1.065958648070457429e+02,8.651841921954657622e+00,8.500000000000031974e+00,-1.389346141528143903e+02
2.244999999999980567e+00,2.023288148029574245e+02,1.065512919952069382e+02,8.723087894997680891e+00,7.750000000000047073e+00,-1.376931983821497738e+02
2.247499999999980513e+00,2.025951677352490208e+02,1.065067202973014986e+02,8.749692942180299582e+00,7.000000000000064837e+00,-1.364429585735975934e+02
2.249999999999980460e+00,2.028614092390504879e+02,1.064621500813331636e+02,8.733710911005298172e+00,6.250000000000080824e+00,-1.351902274421477159e+02
2.252499999999980407e+00,2.031275393183124436e+02,1.064175818320934468e+02,8.677105156027604238e+00,5.500000000000095923e+00,-1.339410459342707611e+02
2.254999999999980353e+00,2.033935579782616117e+02,1.063730161448133344e+02,8.581753672217853790e+00,4.750000000000111910e+00,-1.327011760771011950e+02
2.257499999999980300e+00,2.036594652256731877e+02,1.063284537180401799e+02,8.449452649983681951e+00,4.000000000000128786e+00,-1.314761132084478561e+02
2.259999999999980247e+00,2.039252610691248719e+02,1.062838953458630016e+02,8.281920477869066488e+00,4.000000000000128786e+00,-1.302710976061214012e+02
2.262499999999980194e+00,2.041909455192308940e+02,1.062393419097795402e+02,8.122044332065398109e+00,4.000000000000128786e+00,-1.290897933055411215e+02
2.264999999999980140e+00,2.044565185888567100e+02,1.061947943706310724e+02,7.969466783741160576e+00,4.750000000000113687e+00,-1.279311131277597582e+02
2.267499999999980087e+00,2.047219802933117876e+02,1.061502537604346941e+02,7.864982114276714675e+00,5.500000000000096811e+00,-1.267926920802939463e+02
2.269999999999980034e+00,2.049873306505237451e+02,1.061057211747443318e+02,7.806265568052510595e+00,6.250000000000081712e+00,-1.256677102628849241e+02
2.272499999999979980e+00,2.052525696811919715e+02,1.060611977645776420e+02,7.791096487111432545e+00,7.000000000000064837e+00,-1.245496779892848735e+02
2.274999999999979927e+00,2.055176974089232544e+02,1.060166847299014279e+02,7.817350625487063276e+00,7.750000000000049738e+00,-1.234324211798578119e+02
2.277499999999979874e+00,2.057827138603493040e+02,1.059721833112545681e+02,7.882998130770400458e+00,8.500000000000031974e+00,-1.223100674389898330e+02
2.279999999999979821e+00,2.060476190652236994e+02,1.059276947823376531e+02,7.986097092155096000e+00,9.250000000000017764e+00,-1.211770327971745473e+02
2.282499999999979767e+00,2.063124130565005601e+02,1.058832204419172882e+02,8.124791392358526210e+00,1.000000000000000000e+01,-1.200280091271636422e+02
2.284999999999979714e+00,2.065770958703926681e+02,1.058387616059549856e+02,8.297304321825416551e+00,1.000000000000000000e+01,-1.188579521312790774e+02
2.287499999999979661e+00,2.068416675464101502e+02,1.057943195986766085e+02,8.461634901866862180e+00,9.250000000000015987e+00,-1.176633716469442419e+02
2.289999999999979607e+00,2.071061281273748023e+02,1.057498957440990637e+02,8.577805873706012108e+00,8.500000000000031974e+00,-1.164467328786666371e+02
2.292499999999979554e+00,2.073704776594163093e+02,1.057054913574430941e+02,8.648004961642781652e+00,7.750000000000047073e+00,-1.152148696330856978e+02
2.294999999999979501e+00,2.076347161919445625e+02,1.056611077352352481e+02,8.674324450121993380e+00,7.000000000000064837e+00,-1.139743052625162534e+02
2.297499999999979448e+00,2.078988437775965963e+02,1.056167461450263403e+02,8.658765484118028155e+00,6.250000000000080824e+00,-1.127312662758329793e+02
2.299999999999979394e+00,2.081628604721591103e+02,1.055724078169333779e+02,8.603241899540941873e+00,5.500000000000095923e+00,-1.114916952825151952e+02
2.302499999999979341e+00,2.084267663344699031e+02,1.055280939338399406e+02,8.509584979682120576e+00,4.750000000000111910e+00,-1.102612633195288225e+02
2.304999999999979288e+00,2.086905614262950337e+02,1.054838056237932733e+02,8.379546578816219338e+00,4.000000000000128786e+00,-1.090453815884062010e+02
2.307499999999979234e+00,2.089542458121867980e+02,1.054395439516129755e+02,8.214804105891845509e+00,4.000000000000128786e+00,-1.078492126223445382e+02
2.309999999999979181e+00,2.092178195593211285e+02,1.053953099117643291e+02,8.057535752399244799e+00,4.000000000000128786e+00,-1.066763704804782549e+02
2.312499999999979128e+00,2.094812827373187361e+02,1.053511044217226811e+02,7.907395480236807828e+00,4.750000000000113687e+00,-1.055257974174216002e+02
2.314999999999979075e+00,2.097446354180480910e+02,1.053069283161309642e+02,7.804520032253186024e+00,5.500000000000096811e+00,-1.043951779773253747e+02
2.317499999999979021e+00,2.100078776754157559e+02,1.052627823418205537e+02,7.746645014874376400e+00,6.250000000000081712e+00,-1.032778139562180257e+02
2.319999999999978968e+00,2.102710095851439576e+02,1.052186671530500917e+02,7.731604768409579442e+00,7.000000000000064837e+00,-1.021673289809659479e+02
2.322499999999978915e+00,2.105340312245372729e+02,1.051745833076142134e+02,7.757328535858508012e+00,7.750000000000049738e+00,-1.010576544830588830e+02
2.324999999999978861e+00,2.107969426722389414e+02,1.051305312634504503e+02,7.821835308616139848e+00,8.500000000000031974e+00,-9.994301634648527966e+01
2.327499999999978808e+00,2.110597440079791625e+02,1.050865113753844469e+02,7.923229920097110579e+00,9.250000000000017764e+00,-9.881792215096464815e+01
2.329999999999978755e+00,2.113224353123162018e+02,1.050425238924714080e+02,8.059699175282636574e+00,1.000000000000000000e+01,-9.767714909665784262e+01
2.332499999999978701e+00,2.115850166663703362e+02,1.049985689554852257e+02,8.229506902558231474e+00,1.000000000000000000e+01,-9.651573240509361540e+01
2.334999999999978648e+00,2.118474881515515165e+02,1.049546465948744043e+02,8.391347046909721996e+00,9.250000000000015987e+00,-9.533023465492922810e+01
2.337499999999978595e+00,2.121098498492830515e+02,1.049107567294341834e+02,8.505885782973422238e+00,8.500000000000031974e+00,-9.412307460123925296e+01
2.339999999999978542e+00,2.123721018407215126e+02,1.048668991655966920e+02,8.575253110101607845e+00,7.750000000000047073e+00,-9.290096857853598067e+01
2.342499999999978488e+00,2.126342442064761542e+02,1.048230735979652053e+02,8.601485682119303533e+00,7.000000000000064837e+00,-9.167033036624616216e+01
2.344999999999978435e+00,2.128962770263295567e+02,1.047792796098906507e+02,8.586532909548866499e+00,6.250000000000080824e+00,-9.043728428527819574e+01
2.347499999999978382e+00,2.131582003789599753e+02,1.047355166756348837e+02,8.532260549515555681e+00,5.500000000000095923e+00,-8.920767748340999503e+01
2.349999999999978328e+00,2.134200143416707931e+02,1.046917841636887800e+02,8.440454150778334608e+00,4.750000000000111910e+00,-8.798709178322577884e+01
2.352499999999978275e+00,2.136817189901273650e+02,1.046480813394512523e+02,8.312822905860423717e+00,4.000000000000128786e+00,-8.678085495154044793e+01
2.354999999999978222e+00,2.139433143981014780e+02,1.046044073695732948e+02,8.151004238273319658e+00,4.000000000000128786e+00,-8.559405145465935050e+01
2.357499999999978169e+00,2.142048006372270095e+02,1.045607613270275777e+02,7.996474092755644136e+00,4.000000000000128786e+00,-8.443024410848400407e+01
2.359999999999978115e+00,2.144661777767692286e+02,1.045171421966625616e+02,7.848897703563404882e+00,4.750000000000113687e+00,-8.328840279356298026e+01
2.362499999999978062e+00,2.147274458834069435e+02,1.044735488802192691e+02,7.747756981506657148e+00,5.500000000000096811e+00,-8.216625965816454880e+01
2.364999999999978009e+00,2.149886050210281212e+02,1.044299802021994026e+02,7.690844757623411354e+00,6.250000000000081712e+00,-8.105723654100954434e+01
2.367499999999977955e+00,2.152496552505399734e+02,1.043864349151969861e+02,7.676048605319926388e+00,7.000000000000064837e+00,-7.995506888986508898e+01
2.369999999999977902e+00,2.155105966296923157e+02,1.043429117054066353e+02,7.701347815352991510e+00,7.750000000000049738e+00,-7.885379222108844033e+01
2.372499999999977849e+00,2.157714292129142848e+02,1.042994091982453142e+02,7.764808331896158045e+00,8.500000000000031974e+00,-7.774772919352196254e+01
2.374999999999977796e+00,2.160321530511662331e+02,1.042559259642807348e+02,7.864578491313785946e+00,9.250000000000017764e+00,-7.663147714788819087e+01
2.377499999999977742e+00,2.162927681918056919e+02,1.042124605254422676e+02,7.998885422050244998e+00,1.000000000000000000e+01,-7.549989635548938338e+01
2.379999999999977689e+00,2.165532746784694211e+02,1.041690113613048112e+02,8.166032154327222514e+00,1.000000000000000000e+01,-7.434809871047869478e+01
2.382499999999977636e+00,2.168136725509711766e+02,1.041255769155921911e+02,8.325406934535683590e+00,9.250000000000015987e+00,-7.317269557625371590e+01
2.384999999999977582e+00,2.170739618452155923e+02,1.040821556027482586e+02,8.438325030121257342e+00,8.500000000000031974e+00,-7.197605312412316891e+01
2.387499999999977529e+00,2.173341425931292576e+02,1.040387458153471698e+02,8.506860740510180818e+00,7.750000000000047073e+00,-7.076476203811799337e+01
2.389999999999977476e+00,2.175942148226100414e+02,1.039953459319746258e+02,8.532998032171606795e+00,7.000000000000064837e+00,-6.954511742995431689e+01
2.392499999999977423e+00,2.178541785574970504e+02,1.039519543251015961e+02,8.518637106403078363e+00,6.250000000000080824e+00,-6.832313172780295929e+01
2.394999999999977369e+00,2.181140338175595446e+02,1.039085693682829117e+02,8.465595685611599919e+00,5.500000000000095923e+00,-6.710454666699608595e+01
2.397499999999977316e+00,2.183737806185031616e+02,1.038651894412623733e+02,8.375614715014881639e+00,4.750000000000111910e+00,-6.589484515568486245e+01
2.399999999999977263e+00,2.186334189719875951e+02,1.038218129309473170e+02,8.250364027502941511e+00,4.000000000000128786e+00,-6.469926224241240220e+01
2.402499999999977209e+00,2.188929488856431362e+02,1.037784382246379238e+02,8.091445032565925288e+00,4.000000000000128786e+00,-6.352279517137213105e+01
2.404999999999977156e+00,2.191523703630639659e+02,1.037350636965447848e+02,7.939621184972128098e+00,4.000000000000128786e+00,-6.236894697351135619e+01
2.407499999999977103e+00,2.194116834037686488e+02,1.036916877062886044e+02,7.794569214499484033e+00,4.750000000000113687e+00,-6.123670776031497098e+01
2.409999999999977049e+00,2.196708880031712852e+02,1.036483086222368541e+02,7.695105086287791885e+00,5.500000000000096811e+00,-6.012384987456281493e+01
2.412499999999976996e+00,2.199299841526224100e+02,1.036049248513159711e+02,7.639077791753549285e+00,6.250000000000081712e+00,-5.902390797162846070e+01
2.414999999999976943e+00,2.201889718395195814e+02,1.035615348583162358e+02,7.624427875734117954e+00,7.000000000000064837e+00,-5.793072120202774755e+01
2.417499999999976890e+00,2.204478510474592099e+02,1.035181371775024246e+02,7.649183260538865881e+00,7.750000000000049738e+00,-5.683842045455998715e+01
2.419999999999976836e+00,2.207066217564155863e+02,1.034747304203475124e+02,7.711456121606439673e+00,8.500000000000031974e+00,-5.574141551968155284e+01
2.422499999999976783e+00,2.209652839429372762e+02,1.034313132821484658e+02,7.809437348235098497e+00,9.250000000000017764e+00,-5.463438315273307211e+01
2.424999999999976730e+00,2.212238375803606800e+02,1.033878845486048021e+02,7.941395917438399898e+00,1.000000000000000000e+01,-5.351225558583336550e+01
2.427499999999976676e+00,2.214822826390401360e+02,1.033444431021432166e+02,8.105672554467959756e+00,1.000000000000000000e+01,-5.237020927499707312e+01
2.429999999999976623e+00,2.217406190865920053e+02,1.033009879268703344e+02,8.262366562408502091e+00,9.250000000000015987e+00,-5.120489181089486408e+01
2.432499999999976570e+00,2.219988468881520589e+02,1.032575181140068423e+02,8.373457267378345392e+00,8.500000000000031974e+00,-5.001860600661257905e+01
2.434999999999976517e+00,2.222569660066467634e+02,1.032140328672407747e+02,8.440963605036980510e+00,7.750000000000047073e+00,-4.881780905977988283e+01
2.437499999999976463e+00,2.225149764030769575e+02,1.031705315073820231e+02,8.466819927988407102e+00,7.000000000000064837e+00,-4.760867185294124937e+01
2.439999999999976410e+00,2.227728780368135801e+02,1.031270134773853329e+02,8.452877600987907414e+00,6.250000000000080824e+00,-4.639709139436929064e+01
2.442499999999976357e+00,2.230306708659047104e+02,1.030834783445530860e+02,8.400909273494804097e+00,5.500000000000095923e+00,-4.518870273424059292e+01
2.444999999999976303e+00,2.232883548473881206e+02,1.030399258032966827e+02,8.312614791863136787e+00,4.750000000000111910e+00,-4.398889039982682192e+01
2.447499999999976250e+00,2.235459299376105378e+02,1.029963556774364690e+02,8.189621754170735457e+00,4.000000000000128786e+00,-4.280279923332671643e+01
2.449999999999976197e+00,2.238033960925518215e+02,1.029527679210315512e+02,8.033490269053483956e+00,4.000000000000128786e+00,-4.163534468780245135e+01
2.452499999999976144e+00,2.240607532681505631e+02,1.029091626173556193e+02,7.884261287465260004e+00,4.000000000000128786e+00,-4.048997660836371182e+01
2.454999999999976090e+00,2.243180014206262456e+02,1.028655399779622144e+02,7.741622068942160872e+00,4.750000000000113687e+00,-3.936570875073557829e+01
2.457499999999976037e+00,2.245751405067992152e+02,1.028219003415519239e+02,7.643713777119723218e+00,5.500000000000096811e+00,-3.826035683046834635e+01
2.459999999999975984e+00,2.248321704844090902e+02,1.027782441714275166e+02,7.588441590403182779e+00,6.250000000000081712e+00,-3.716756607513875821e+01
2.462499999999975930e+00,2.250890913124225960e+02,1.027345720540943148e+02,7.573799873351106271e+00,7.000000000000064837e+00,-3.608127749872076606e+01
2.464999999999975877e+00,2.253459029513416283e+02,1.026908846961820387e+02,7.597868253988942833e+00,7.750000000000049738e+00,-3.499571520043244988e+01
2.467499999999975824e+00,2.256026053635026756e+02,1.026471829221344620e+02,7.658808706476461836e+00,8.500000000000031974e+00,-3.390537394386343806e+01
2.469999999999975770e+00,2.258591985133687103e+02,1.026034676716720355e+02,7.754857901634550466e+00,9.250000000000017764e+00,-3.280500786151507242e+01
2.472499999999975717e+00,2.261156823678167882e+02,1.025597399977312563e+02,7.884328531253324002e+00,1.000000000000000000e+01,-3.168961944029303623e+01
2.474999999999975664e+00,2.263720568964190818e+02,1.025160010626867262e+02,8.045604498495118051e+00,1.000000000000000000e+01,-3.055444889904421046e+01
2.477499999999975611e+00,2.266283220717147060e+02,1.024722521338194525e+02,8.199494003567963318e+00,9.250000000000015987e+00,-2.939618206988024340e+01
2.479999999999975557e+00,2.268844778694683839e+02,1.024284945790883512e+02,8.308633841569525558e+00,8.500000000000031974e+00,-2.821707166343209749e+01
2.482499999999975504e+00,2.271405242689212116e+02,1.023847298638911951e+02,8.374986243228786265e+00,7.750000000000047073e+00,-2.702346428953917723e+01
2.484999999999975451e+00,2.273964612530312479e+02,1.023409595436852726e+02,8.400430614139576591e+00,7.000000000000064837e+00,-2.582143127482486378e+01
2.487499999999975397e+00,2.276522888086935552e+02,1.022971852570562703e+02,8.386767843352025409e+00,6.250000000000080824e+00,-2.461678021894623924e+01
2.489999999999975344e+00,2.279080069269439264e+02,1.022534087178676288e+02,8.335721533261098770e+00,5.500000000000095923e+00,-2.341506657866648666e+01
2.492499999999975291e+00,2.281636156031437679e+02,1.022096317073583265e+02,8.248946462690582848e+00,4.750000000000111910e+00,-2.222160433078907715e+01
2.494999999999975238e+00,2.284191148371427573e+02,1.021658560649094483e+02,8.128025667808820742e+00,4.000000000000128786e+00,-2.104147583132358790e+01
2.497499999999975184e+00,2.286745046334186782e+02,1.021220836796265985e+02,7.974478866361614848e+00,4.000000000000128786e+00,-1.987954165586804933e+01
2.499999999999975131e+00,2.289297850011979278e+02,1.020783164814672688e+02,7.827644127551975473e+00,4.000000000000128786e+00,-1.873922188735920003e+01
2.502499999999975078e+00,2.291849559545523789e+02,1.020345564326371459e+02,7.687220674504073870e+00,4.750000000000113687e+00,-1.761956773408765287e+01
2.504999999999975024e+00,2.294400175124747818e+02,1.019908055186647289e+02,7.590702573377658524e+00,5.500000000000096811e+00,-1.651844865023634412e+01
2.507499999999974971e+00,2.296949696989312315e+02,1.019470657397150006e+02,7.536054547020351713e+00,6.250000000000081712e+00,-1.542962271287781384e+01
2.509999999999974918e+00,2.299498125428955575e+02,1.019033391050511028e+02,7.521328459178403314e+00,7.000000000000064837e+00,-1.434713535679646412e+01
2.512499999999974865e+00,2.302045460783667181e+02,1.018596276255743902e+02,7.544658615645366773e+00,7.750000000000049738e+00,-1.326530756392361710e+01
2.514999999999974811e+00,2.304591703443711879e+02,1.018159333080052988e+02,7.604255611028499118e+00,8.500000000000031974e+00,-1.217872436573343542e+01
2.517499999999974758e+00,2.307136853849465865e+02,1.017722581476263457e+02,7.698406727720076503e+00,9.250000000000017764e+00,-1.108222401762726683e+01
2.519999999999974705e+00,2.309680912491110121e+02,1.017286041217309958e+02,7.825469500695493075e+00,1.000000000000000000e+01,-9.970887537218024121e+00
2.522499999999974651e+00,2.312223879908131892e+02,1.016849731840091664e+02,7.983870234792030729e+00,1.000000000000000000e+01,-8.840028867602089946e+00
2.524999999999974598e+00,2.314765756688705949e+02,1.016413672571747213e+02,8.135084799013391432e+00,9.250000000000015987e+00,-7.686386313194671693e+00
2.527499999999974545e+00,2.317306543468882580e+02,1.015977882265743943e+02,8.242366786121618105e+00,8.500000000000031974e+00,-6.512185804360274943e+00
2.529999999999974492e+00,2.319846240931610168e+02,1.015542379330278777e+02,8.307619281150218526e+00,7.750000000000047073e+00,-5.323691423082890672e+00
2.532499999999974438e+00,2.322384849805576721e+02,1.015107181639147313e+02,8.332667732748298306e+00,7.000000000000064837e+00,-4.126899383034060342e+00
2.534999999999974385e+00,2.324922370863835397e+02,1.014672306452834221e+02,8.319262191397763573e+00,6.250000000000080824e+00,-2.927548926403007901e+00
2.537499999999974332e+00,2.327458804922209765e+02,1.014237770346866370e+02,8.269077782394013809e+00,5.500000000000095923e+00,-1.731132842770570557e+00
2.539999999999974278e+00,2.329994152837555532e+02,1.013803589142477506e+02,8.183722856228172304e+00,4.750000000000111910e+00,-5.429072555198651839e-01
2.542499999999974225e+00,2.332528415505837245e+02,1.013369777838261001e+02,8.064738377422761673e+00,4.000000000000128786e+00,6.320990135877422311e-01
2.544999999999974172e+00,2.335061593860023379e+02,1.012936350553980986e+02,7.913602808489669016e+00,4.000000000000128786e+00,1.789075524434456055e+00
2.547499999999974118e+00,2.337593688867874562e+02,1.012503320470498664e+02,7.769007112130987380e+00,4.000000000000128786e+00,2.924631970400807024e+00
2.549999999999974065e+00,2.340124701529547622e+02,1.012070699781729815e+02,7.630662770352947710e+00,4.750000000000113687e+00,4.039684813166719124e+00
2.552499999999974012e+00,2.342654632875122331e+02,1.011638499669542313e+02,7.535468921767824568e+00,5.500000000000096811e+00,5.136316945889676688e+00
2.554999999999973959e+00,2.345183483962042033e+02,1.011206730269546199e+02,7.481449727908073832e+00,6.250000000000081712e+00,6.220664604700337996e+00
2.557499999999973905e+00,2.347711255872496849e+02,1.010775400653759561e+02,7.466710653001395137e+00,7.000000000000064837e+00,7.298582957554989648e+00
2.559999999999973852e+00,2.350237949710748921e+02,1.010344518823882822e+02,7.489436489066084945e+00,7.750000000000049738e+00,8.375657398444031898e+00
2.562499999999973799e+00,2.352763566600453089e+02,1.009914091691343998e+02,7.547886162891233930e+00,8.500000000000031974e+00,9.457214456497274213e+00
2.564999999999973745e+00,2.355288107681922156e+02,1.009484125068422600e+02,7.640391790440430597e+00,9.250000000000017764e+00,1.054833218545924112e+01
2.567499999999973692e+00,2.357811574109375954e+02,1.009054623668352235e+02,7.765352659149719727e+00,1.000000000000000000e+01,1.165385010414883205e+01
2.569999999999973639e+00,2.360333967048199497e+02,1.008625591100785925e+02,7.921233186890480837e+00,1.000000000000000000e+01,1.277837869421448858e+01
2.572499999999973586e+00,2.362855287672166469e+02,1.008197029860700269e+02,8.070123011340758268e+00,9.250000000000015987e+00,1.392512570082962320e+01
2.574999999999973532e+00,2.365375537160659292e+02,1.007768941335333892e+02,8.175835975276301681e+00,8.500000000000031974e+00,1.509189480120986993e+01
2.577499999999973479e+00,2.367894716695908244e+02,1.007341325812261346e+02,8.240223243937675690e+00,7.750000000000047073e+00,1.627251376724145615e+01
2.579999999999973426e+00,2.370412827460232563e+02,1.006914182478189872e+02,8.265060553311203151e+00,7.000000000000064837e+00,1.746107492051407561e+01
2.582499999999973372e+00,2.372929870633309122e+02,1.006487509442763582e+02,8.252050112412975480e+00,6.250000000000080824e+00,1.865192465725349180e+01
2.584999999999973319e+00,2.375445847389476057e+02,1.006061303755355283e+02,8.202823922216044394e+00,5.500000000000095923e+00,1.983965350315947873e+01
2.587499999999973266e+00,2.377960758895109734e+02,1.005635561433946776e+02,8.118948986859738426e+00,4.750000000000111910e+00,2.101908657537422798e+01
2.589999999999973213e+00,2.380474606306050021e+02,1.005210277501045795e+02,8.001928880432913616e+00,4.000000000000128786e+00,2.218527444917587488e+01
2.592499999999973159e+00,2.382987390765150622e+02,1.004785446030550133e+02,7.853204875496768267e+00,4.000000000000128786e+00,2.333348441743520496e+01
2.594999999999973106e+00,2.385499113399923772e+02,1.004361060196657007e+02,7.710869639239852802e+00,4.000000000000128786e+00,2.446038272102144973e+01
2.597499999999973053e+00,2.388009775320323911e+02,1.003937112325542813e+02,7.574643719012901677e+00,4.750000000000113687e+00,2.556687378164764013e+01
2.599999999999972999e+00,2.390519377616655277e+02,1.003513593944456375e+02,7.480873322483883037e+00,5.500000000000096811e+00,2.665501050908028446e+01
2.602499999999972946e+00,2.393027921357609955e+02,1.003090495844407002e+02,7.427633887462249618e+00,6.250000000000081712e+00,2.773083324281779838e+01
2.604999999999972893e+00,2.395535407588456280e+02,1.002667808127101381e+02,7.413077712234183991e+00,7.000000000000064837e+00,2.880010655799924280e+01
2.607499999999972840e+00,2.398041837329338080e+02,1.002245520248994382e+02,7.435432925632972534e+00,7.750000000000049738e+00,2.986833041397039423e+01
2.609999999999972786e+00,2.400547211573690731e+02,1.001823621073693857e+02,7.493001152216613114e+00,8.500000000000031974e+00,3.094075084585948332e+01
2.612499999999972733e+00,2.403051531286790237e+02,1.001402098924645259e+02,7.584152097721214680e+00,9.250000000000017764e+00,3.202237022736225924e+01
2.614999999999972680e+00,2.405554797404432747e+02,1.000980941634015267e+02,7.707320814267363041e+00,1.000000000000000000e+01,3.311795709851311642e+01
2.617499999999972626e+00,2.408057010831728064e+02,1.000560136585324500e+02,7.861005496903555212e+00,1.000000000000000000e+01,3.423205552474485103e+01
2.619999999999972573e+00,2.410558172442004832e+02,1.000139670764208262e+02,8.007874137677589488e+00,9.250000000000015987e+00,3.536783144387626976e+01
2.622499999999972520e+00,2.413058283075850170e+02,9.997195308114601175e+01,8.112281692675017197e+00,8.500000000000031974e+00,3.652314063077746908e+01
2.624999999999972466e+00,2.415557343540271518e+02,9.992997030731470431e+01,8.176030494641414847e+00,7.750000000000047073e+00,3.769193244627663830e+01
2.627499999999972413e+00,2.418055354607990921e+02,9.988801736636339967e+01,8.200854608578099558e+00,7.000000000000064837e+00,3.886841625654454901e+01
2.629999999999972360e+00,2.420552317016902748e+02,9.984609285535262302e+01,8.188416938211563689e+00,6.250000000000080824e+00,4.004705108442944805e+01
2.632499999999972307e+00,2.423048231469786629e+02,9.980419538197200779e+01,8.140316551640978560e+00,5.500000000000095923e+00,4.122253589364413529e+01
2.634999999999972253e+00,2.425543098634830983e+02,9.976232359782963499e+01,8.058083002766379010e+00,4.750000000000111910e+00,4.238980007545505657e+01
2.637499999999972200e+00,2.428036919146784385e+02,9.972047619352547088e+01,7.943182072508768954e+00,4.000000000000128786e+00,4.354399409740531013e+01
2.639999999999972147e+00,2.430529693607809918e+02,9.967865188020311962e+01,7.797023297755830917e+00,4.000000000000128786e+00,4.468048032357850730e+01
2.642499999999972093e+00,2.433021422587924860e+02,9.963684938294295534e+01,7.657108432866831293e+00,4.000000000000128786e+00,4.579599405896301789e+01
2.644999999999972040e+00,2.435512106625356523e+02,9.959506744348551877e+01,7.523166873979516112e+00,4.750000000000113687e+00,4.689143194407092352e+01
2.647499999999971987e+00,2.438001746226982789e+02,9.955330482451410035e+01,7.430994254969542467e+00,5.500000000000096811e+00,4.796881839241144263e+01
2.649999999999971934e+00,2.440490341868883775e+02,9.951156031447943917e+01,7.378709425100310249e+00,6.250000000000081712e+00,4.903409384948196248e+01
2.652499999999971880e+00,2.442977893997010597e+02,9.946983273152400784e+01,7.364507513620575985e+00,7.000000000000064837e+00,5.009292922231546186e+01
2.654999999999971827e+00,2.445464403027945650e+02,9.942812092697485582e+01,7.386656926574217685e+00,7.750000000000049738e+00,5.115073689182280958e+01
2.657499999999971774e+00,2.447949869349754124e+02,9.938642378813594291e+01,7.443495842325199341e+00,8.500000000000031974e+00,5.221268134125253368e+01
2.659999999999971720e+00,2.450434293322896053e+02,9.934474024140790505e+01,7.533427677325094329e+00,9.250000000000017764e+00,5.328368931097772787e+01
2.662499999999971667e+00,2.452917675281222500e+02,9.930306925522586425e+01,7.654921644082348209e+00,1.000000000000000000e+01,5.436845933128648767e+01
2.664999999999971614e+00,2.455400015533041369e+02,9.926140984242314858e+01,7.806506301636829015e+00,1.000000000000000000e+01,5.547147117027253671e+01
2.667499999999971561e+00,2.457881314362241199e+02,9.921976106281128693e+01,7.951438219956485476e+00,9.250000000000015987e+00,5.659585259811330360e+01
2.669999999999971507e+00,2.460361572029479476e+02,9.917812202565795587e+01,8.054623887078504296e+00,8.500000000000031974e+00,5.773951741086752065e+01
2.672499999999971454e+00,2.462840788773433474e+02,9.913649189249103699e+01,8.117823588490100661e+00,7.750000000000047073e+00,5.889654171098648305e+01
2.674999999999971401e+00,2.465318964812125841e+02,9.909486988045290445e+01,8.142726993086135678e+00,7.000000000000064837e+00,6.006125382588606954e+01
2.677499999999971347e+00,2.467796100344330910e+02,9.905325526553941984e+01,8.130955342929883756e+00,6.250000000000080824e+00,6.122822395229719916e+01
2.679999999999971294e+00,2.470272195551068819e+02,9.901164738591469927e+01,8.084065688378085923e+00,5.500000000000095923e+00,6.239225418583161087e+01
2.682499999999971241e+00,2.472747250597174684e+02,9.897004564448363340e+01,8.003554219348265164e+00,4.750000000000111910e+00,6.354836907953693981e+01
2.684999999999971187e+00,2.475221265632928009e+02,9.892844951060969549e+01,7.890856710932485640e+00,4.000000000000128786e+00,6.469180658525762340e+01
2.687499999999971134e+00,2.477694240795725875e+02,9.888685852207463256e+01,7.747353874320768163e+00,4.000000000000128786e+00,6.581800929777364217e+01
2.689999999999971081e+00,2.480166176211802167e+02,9.884527228622955874e+01,7.609941459391767360e+00,4.000000000000128786e+00,6.692376526748348908e+01
2.692499999999971028e+00,2.482637071997970395e+02,9.880369048066603455e+01,7.478356816652841133e+00,4.750000000000113687e+00,6.800994798367158012e+01
2.694999999999970974e+00,2.485106928263382429e+02,9.876211285267616802e+01,7.387824592304495397e+00,5.500000000000096811e+00,6.907853881278970221e+01
2.697499999999970921e+00,2.487575745111264780e+02,9.872053921876523930e+01,7.336508034411925117e+00,6.250000000000081712e+00,7.013536719038518186e+01
2.699999999999970868e+00,2.490043522640645506e+02,9.867896946275311620e+01,7.322644911424557534e+00,7.000000000000064837e+00,7.118600071718435629e+01
2.702499999999970814e+00,2.492510260948019152e+02,9.863740353377612280e+01,7.344542835290520877e+00,7.750000000000049738e+00,7.223575589347896653e+01
2.704999999999970761e+00,2.494975960128976737e+02,9.859584144487658364e+01,7.400577025415543631e+00,8.500000000000031974e+00,7.328970835282407847e+01
2.707499999999970708e+00,2.497440620279791688e+02,9.855428327120115739e+01,7.489187311840896477e+00,9.250000000000017764e+00,7.435270252982130046e+01
2.709999999999970655e+00,2.499904241498961142e+02,9.851272914797853275e+01,7.608875174937188568e+00,1.000000000000000000e+01,7.542936102181933222e+01
2.712499999999970601e+00,2.502366823888696672e+02,9.847117926821688627e+01,7.758201865869262193e+00,1.000000000000000000e+01,7.652409355901406229e+01
2.714999999999970548e+00,2.504828367556354749e+02,9.842963388015397186e+01,7.901031286810654919e+00,9.250000000000015987e+00,7.763998300263689600e+01
2.717499999999970495e+00,2.507288872615800415e+02,9.838809328528284937e+01,8.002838105597149365e+00,8.500000000000031974e+00,7.877498827651000113e+01
2.719999999999970441e+00,2.509748339188737134e+02,9.834655783645683869e+01,8.065338537594378465e+00,7.750000000000047073e+00,7.992329342043082363e+01
2.722499999999970388e+00,2.512206767405968151e+02,9.830502793551453067e+01,8.090178301475507538e+00,7.000000000000064837e+00,8.107932594875404675e+01
2.724999999999970335e+00,2.514664157408613789e+02,9.826350403046021142e+01,8.078939983325208019e+00,6.250000000000080824e+00,8.223774671732624597e+01
2.727499999999970282e+00,2.517120509349249460e+02,9.822198661252234331e+01,8.033141951194798125e+00,5.500000000000095923e+00,8.339344077838985925e+01
2.729999999999970228e+00,2.519575823392962945e+02,9.818047621276031123e+01,7.954243370754056741e+00,4.750000000000111910e+00,8.454150811740591109e+01
2.732499999999970175e+00,2.522030099718334668e+02,9.813897339860434954e+01,7.843646061327099517e+00,4.000000000000128786e+00,8.567725522401548233e+01
2.734999999999970122e+00,2.524483338518322739e+02,9.809747876989600002e+01,7.702697694936019523e+00,4.000000000000128786e+00,8.679618682279593145e+01
2.737499999999970068e+00,2.526935540001055926e+02,9.805599295476919508e+01,7.567675277234438447e+00,4.000000000000128786e+00,8.789512815301371518e+01
2.739999999999970015e+00,2.529386704390509522e+02,9.801451660533886923e+01,7.438324440213569311e+00,4.750000000000113687e+00,8.897492082008781722e+01
2.742499999999969962e+00,2.531836831927084575e+02,9.797305039360934131e+01,7.349290946405994340e+00,5.500000000000096811e+00,9.003749699925798211e+01
2.744999999999969909e+00,2.534285922868083105e+02,9.793159500728248190e+01,7.298784817556152937e+00,6.250000000000081712e+00,9.108857535382144022e+01
2.747499999999969855e+00,2.536733977488076164e+02,9.789015114586950972e+01,7.285086969340566654e+00,7.000000000000064837e+00,9.213362057457658238e+01
2.749999999999969802e+00,2.539180996079177817e+02,9.784871951727467376e+01,7.306547634329394469e+00,7.750000000000049738e+00,9.317785356087627235e+01
2.752499999999969749e+00,2.541626978951234150e+02,9.780730083405153152e+01,7.361581129580953231e+00,8.500000000000031974e+00,9.422626125331554192e+01
2.754999999999969695e+00,2.544071926431924169e+02,9.776589581069275425e+01,7.448665462180157348e+00,9.250000000000017764e+00,9.528360576990529296e+01
2.757499999999969642e+00,2.546515838866787931e+02,9.772450516017399025e+01,7.566338542353394203e+00,1.000000000000000000e+01,9.635443341702639941e+01
2.759999999999969589e+00,2.548958716619173970e+02,9.768312959085204739e+01,7.713194431022402320e+00,1.000000000000000000e+01,9.744308323713018183e+01
2.762499999999969535e+00,2.551400560070103722e+02,9.764176980381023441e+01,7.853705557589647945e+00,9.250000000000015987e+00,9.855259061582182767e+01
2.764999999999969482e+00,2.553841369618074282e+02,9.760042649014046390e+01,7.953915533634672741e+00,8.500000000000031974e+00,9.968095061348265062e+01
2.767499999999969429e+00,2.556281145678794644e+02,9.755910032765920903e+01,8.015492420309641375e+00,7.750000000000047073e+00,1.008224429057635803e+02
2.769999999999969376e+00,2.558719888684837258e+02,9.751779197791853449e+01,8.040039759003960285e+00,7.000000000000064837e+00,1.019715832501100294e+02
2.772499999999969322e+00,2.561157599085206584e+02,9.747650208210750122e+01,8.029097687025435803e+00,6.250000000000080824e+00,1.031231143289869010e+02
2.774999999999969269e+00,2.563594277344811303e+02,9.743523125695777765e+01,7.984145644835241917e+00,5.500000000000095923e+00,1.042719967750598471e+02
2.777499999999969216e+00,2.566029923943826248e+02,9.739398009127619105e+01,7.906604922308821060e+00,4.750000000000111910e+00,1.054134006982431941e+02
2.779999999999969162e+00,2.568464539376976177e+02,9.735274914261179902e+01,7.797842694257772322e+00,4.000000000000128786e+00,1.065426974204009696e+02
2.782499999999969109e+00,2.570898124152740820e+02,9.731153893397330990e+01,7.659172306565536381e+00,4.000000000000128786e+00,1.076554518816708992e+02
2.784999999999969056e+00,2.573330678792466415e+02,9.727034995030943776e+01,7.526261181826052749e+00,4.000000000000128786e+00,1.087485272336520410e+02
2.787499999999969003e+00,2.575762203829397663e+02,9.722918263577550135e+01,7.398864340505910242e+00,4.750000000000113687e+00,1.098227382480715733e+02
2.789999999999968949e+00,2.578192699807645454e+02,9.718803739163003286e+01,7.311059197771095697e+00,5.500000000000096811e+00,1.108799743596012632e+02
2.792499999999968896e+00,2.580622167281102861e+02,9.714691457474501135e+01,7.261103706304819383e+00,6.250000000000081712e+00,1.119258524292915666e+02
2.794999999999968843e+00,2.583050606812334422e+02,9.710581449730798909e+01,7.247324018844819804e+00,7.000000000000064837e+00,1.129657424849128518e+02
2.797499999999968789e+00,2.585478018971451775e+02,9.706473742682526051e+01,7.268111871748621944e+00,7.750000000000049738e+00,1.140047771640991385e+02
2.799999999999968736e+00,2.587904404335005779e+02,9.702368358636299206e+01,7.321922990120305563e+00,8.500000000000031974e+00,1.150478611512590419e+02
2.802499999999968683e+00,2.590329763484866135e+02,9.698265315415038401e+01,7.407273124148354704e+00,9.250000000000017764e+00,1.160996800920147791e+02
2.804999999999968630e+00,2.592754097007110659e+02,9.694164626474396584e+01,7.522735575909071493e+00,1.000000000000000000e+01,1.171647092042951215e+02
2.807499999999968576e+00,2.595177405490937304e+02,9.690066301020172546e+01,7.666938836903386623e+00,1.000000000000000000e+01,1.182472212043455784e+02
2.809999999999968523e+00,2.597599689527607438e+02,9.685970344083845873e+01,7.804948460539088195e+00,9.250000000000015987e+00,1.193502074735487213e+02
2.812499999999968470e+00,2.600020949709406182e+02,9.681876756629146996e+01,7.903359204810278982e+00,8.500000000000031974e+00,1.204717003846055405e+02
2.814999999999968416e+00,2.602441186628632863e+02,9.677785535645401183e+01,7.963793593123456915e+00,7.750000000000047073e+00,1.216060752219469663e+02
2.817499999999968363e+00,2.604860400876611948e+02,9.673696674175920407e+01,7.987813267275170936e+00,7.000000000000064837e+00,1.227479375361195792e+02
2.819999999999968310e+00,2.607278593042703392e+02,9.669610161251131331e+01,7.976916684565082072e+00,6.250000000000080824e+00,1.238921143412906076e+02
2.822499999999968257e+00,2.609695763713294809e+02,9.665525981909178199e+01,7.932545908525772127e+00,5.500000000000095923e+00,1.250336453639261549e+02
2.824999999999968203e+00,2.612111913470811260e+02,9.661444117210895399e+01,7.856086640883848560e+00,4.750000000000111910e+00,1.261677749703778346e+02
2.827499999999968150e+00,2.614527042892716509e+02,9.657364544268621387e+01,7.748871176714412279e+00,4.000000000000128786e+00,1.272899443821438297e+02
2.829999999999968097e+00,2.616941152550532479e+02,9.653287236340958088e+01,7.612181748428944239e+00,4.000000000000128786e+00,1.283957840465567699e+02
2.832499999999968043e+00,2.619354243008879166e+02,9.649212162934907155e+01,7.481095308070656813e+00,4.000000000000128786e+00,1.294822009408341614e+02
2.834999999999967990e+00,2.621766314824543542e+02,9.645139289873549160e+01,7.355375819470192589e+00,4.750000000000113687e+00,1.305499898682440403e+02
2.837499999999967937e+00,2.624177368545564946e+02,9.641068579527710369e+01,7.268552722009951061e+00,5.500000000000096811e+00,1.316010038364069317e+02
2.839999999999967883e+00,2.626587404710386977e+02,9.636999991027376211e+01,7.218928968478248720e+00,6.250000000000081712e+00,1.326407647367843197e+02
2.842499999999967830e+00,2.628996423847061124e+02,9.632933480615291444e+01,7.204874812168559295e+00,7.000000000000064837e+00,1.336745536716784954e+02
2.844999999999967777e+00,2.631404426472548153e+02,9.628869002037758662e+01,7.224823731127166582e+00,7.750000000000049738e+00,1.347074202829319916e+02
2.847499999999967724e+00,2.633811413092115004e+02,9.624806506881812140e+01,7.277269587481534074e+00,8.500000000000031974e+00,1.357441918582961193e+02
2.849999999999967670e+00,2.636217384198815239e+02,9.620745944953291939e+01,7.360765033566262439e+00,9.250000000000017764e+00,1.367894817581213260e+02
2.852499999999967617e+00,2.638622340273064992e+02,9.616687264648749078e+01,7.473917673780174908e+00,1.000000000000000000e+01,1.378476977843143629e+02
2.854999999999967564e+00,2.641026281782311003e+02,9.612630413307840627e+01,7.615389685783727991e+00,1.000000000000000000e+01,1.389230500146147449e+02
2.857499999999967510e+00,2.643429209180785051e+02,9.608575337583197040e+01,7.750819663591662412e+00,9.250000000000015987e+00,1.400184890656576897e+02
2.859999999999967457e+00,2.645831122909355031e+02,9.604521983796915663e+01,7.847339118804526059e+00,8.500000000000031974e+00,1.411320870020630025e+02
2.862499999999967404e+00,2.648232023395462420e+02,9.600470298279950043e+01,7.906536763138293011e+00,7.750000000000047073e+00,1.422583171233927999e+02
2.864999999999967351e+00,2.650631911053138765e+02,9.596420227803693592e+01,7.929922478685740295e+00,7.000000000000064837e+00,1.433918778441135942e+02
2.867499999999967297e+00,2.653030786283154043e+02,9.592371720537573765e+01,7.918951294176024724e+00,6.250000000000080824e+00,1.445276814428430612e+02
2.869999999999967244e+00,2.655428649473472547e+02,9.588324725891088463e+01,7.875033523429449289e+00,5.500000000000095923e+00,1.456608485742522419e+02
2.872499999999967191e+00,2.657825500999341557e+02,9.584279192839308337e+01,7.799523553070850213e+00,4.750000000000111910e+00,1.467866998428134480e+02
2.874999999999967137e+00,2.660221341223285094e+02,9.580235071045129303e+01,7.693721348531704862e+00,4.000000000000128786e+00,1.479007481154186507e+02
2.877499999999967084e+00,2.662616170495296615e+02,9.576192311156866310e+01,7.558878678540444263e+00,4.000000000000128786e+00,1.489986910543319993e+02
2.879999999999967031e+00,2.665009989153093102e+02,9.572150864976860873e+01,7.429499396541990208e+00,4.000000000000128786e+00,1.500774810067038629e+02
2.882499999999966978e+00,2.667402797522409514e+02,9.568110685600203169e+01,7.305355563728383572e+00,4.750000000000113687e+00,1.511378944363576693e+02
2.884999999999966924e+00,2.669794595917334732e+02,9.564071727559111480e+01,7.219439230100791249e+00,5.500000000000096811e+00,1.521817497033929953e+02
2.887499999999966871e+00,2.672185384640675920e+02,9.560033947051186942e+01,7.170098040201829726e+00,6.250000000000081712e+00,1.532144754371145154e+02
2.889999999999966818e+00,2.674575163984394521e+02,9.555997302223634904e+01,7.155743076139160053e+00,7.000000000000064837e+00,1.542412655871616778e+02
2.892499999999966764e+00,2.676963934230105338e+02,9.551961753436447111e+01,7.174847189270871617e+00,7.750000000000049738e+00,1.552670883942926707e+02
2.894999999999966711e+00,2.679351695649649514e+02,9.547927263549749455e+01,7.225941566103701419e+00,8.500000000000031974e+00,1.562966951627367962e+02
2.897499999999966658e+00,2.681738448505731753e+02,9.543893798134740791e+01,7.307613982608178738e+00,9.250000000000017764e+00,1.573346285069666521e+02
2.899999999999966604e+00,2.684124193052609257e+02,9.539861325696023187e+01,7.418504698113634888e+00,1.000000000000000000e+01,1.583852304536682993e+02
2.902499999999966551e+00,2.686508929536839787e+02,9.535829817885753812e+01,7.557306539011875657e+00,1.000000000000000000e+01,1.594526499785928877e+02
2.904999999999966498e+00,2.688892658198076333e+02,9.531799249687216502e+01,7.690221534322607688e+00,9.250000000000015987e+00,1.605397981879308418e+02
2.907499999999966445e+00,2.691275379269914652e+02,9.527769599607603368e+01,7.784907614224105821e+00,8.500000000000031974e+00,1.616447872453389607e+02
2.909999999999966391e+00,2.693657092980780590e+02,9.523740849751919768e+01,7.842903956600392412e+00,7.750000000000047073e+00,1.627621876093251103e+02
2.912499999999966338e+00,2.696037799554828780e+02,9.519712985780371639e+01,7.865691107528506087e+00,7.000000000000064837e+00,1.638867883929036680e+02
2.914999999999966285e+00,2.698417499212828830e+02,9.515685996882776010e+01,7.854694253293112105e+00,6.250000000000080824e+00,1.650135889619353691e+02
2.917499999999966231e+00,2.700796192173047530e+02,9.511659875720039281e+01,7.811283679879772457e+00,5.500000000000095923e+00,1.661377909715403973e+02
2.919999999999966178e+00,2.703173878652110602e+02,9.507634618313812780e+01,7.736778711324760138e+00,4.750000000000111910e+00,1.672547907071663928e+02
2.922499999999966125e+00,2.705550558865835455e+02,9.503610223930506606e+01,7.632448687491971917e+00,4.000000000000128786e+00,1.683601718336762190e+02
2.924999999999966072e+00,2.707926233030036656e+02,9.499586694991575087e+01,7.499515922368972021e+00,4.000000000000128786e+00,1.694496981152958597e+02
2.927499999999966018e+00,2.710300901361308092e+02,9.495564036942734276e+01,7.371917141287793740e+00,4.000000000000128786e+00,1.705203664447431606e+02
2.929999999999965965e+00,2.712674564077772743e+02,9.491542258102226981e+01,7.249432174901194514e+00,4.750000000000113687e+00,1.715729353016998573e+02
2.932499999999965912e+00,2.715047221399793784e+02,9.487521369602009713e+01,7.164524405467555646e+00,5.500000000000096811e+00,1.726091886860743330e+02
2.934999999999965858e+00,2.717418873550672629e+02,9.483501385320266763e+01,7.115583864873499920e+00,6.250000000000081712e+00,1.736344637825934285e+02
2.937499999999965805e+00,2.719789520757334458e+02,9.479482321829858904e+01,7.101061492714147327e+00,7.000000000000064837e+00,1.746538692187243385e+02
2.939999999999965752e+00,2.722159163250999541e+02,9.475464198351676259e+01,7.119467718382817445e+00,7.750000000000049738e+00,1.756722937233482469e+02
2.942499999999965699e+00,2.724527801267842619e+02,9.471447036719389700e+01,7.169369449362155144e+00,8.500000000000031974e+00,1.766944145427484898e+02
2.944999999999965645e+00,2.726895435049640923e+02,9.467430861331538949e+01,7.249387980545294319e+00,9.250000000000017764e+00,1.777247054844984859e+02
2.947499999999965592e+00,2.729262064844418774e+02,9.463415699100819722e+01,7.358196503206942296e+00,1.000000000000000000e+01,1.787674446072129797e+02
2.949999999999965539e+00,2.731627690907063197e+02,9.459401579316570974e+01,7.494517598367181677e+00,1.000000000000000000e+01,1.798267216559202950e+02
2.952499999999965485e+00,2.733992313499917941e+02,9.455388533521576733e+01,7.625108800945191945e+00,9.250000000000015987e+00,-1.790945903465672302e+02
2.954999999999965432e+00,2.736355932893336558e+02,9.451376595415989357e+01,7.718147259164539697e+00,8.500000000000031974e+00,-1.779983394638288701e+02
2.957499999999965379e+00,2.738718549366213324e+02,9.447365800678484504e+01,7.775131973355152049e+00,7.750000000000047073e+00,-1.768898599160510230e+02
2.959999999999965326e+00,2.741080163206466977e+02,9.443356186655014994e+01,7.797505338855530432e+00,7.000000000000064837e+00,-1.757742731482991587e+02
2.962499999999965272e+00,2.743440774711437484e+02,9.439347792101077061e+01,7.786655048754242081e+00,6.250000000000080824e+00,-1.746564960004886871e+02
2.964999999999965219e+00,2.745800384188226531e+02,9.435340656925596647e+01,7.743918284858810175e+00,5.500000000000095923e+00,-1.735412483547818567e+02
2.967499999999965166e+00,2.748158991953968098e+02,9.431334821895191567e+01,7.670580794871034946e+00,4.750000000000111910e+00,-1.724330605652928057e+02
2.969999999999965112e+00,2.750516598336030825e+02,9.427330328372605095e+01,7.567881438755511780e+00,4.000000000000128786e+00,-1.713362805742373780e+02
2.972499999999965059e+00,2.752873203672145905e+02,9.423327218042821585e+01,7.437013221807084129e+00,4.000000000000128786e+00,-1.702550805397577562e+02
2.974999999999965006e+00,2.755228808310475301e+02,9.419325532630089981e+01,7.311354663391094633e+00,4.000000000000128786e+00,-1.691924207984778548e+02
2.977499999999964952e+00,2.757583412609607763e+02,9.415325313670116714e+01,7.190693098732112709e+00,4.750000000000113687e+00,-1.681475610559448626e+02
2.979999999999964899e+00,2.759937016938499710e+02,9.411326602305928191e+01,7.106969926782409352e+00,5.500000000000096811e+00,-1.671187512523501368e+02
2.982499999999964846e+00,2.762289621676362685e+02,9.407329439107054725e+01,7.058616386697162071e+00,6.250000000000081712e+00,-1.661007438413474233e+02
2.984999999999964793e+00,2.764641227212512149e+02,9.403333863877789156e+01,7.044122143924425039e+00,7.000000000000064837e+00,-1.650885139843410343e+02
2.987499999999964739e+00,2.766991833946170232e+02,9.399339915515463417e+01,7.062034387703672422e+00,7.750000000000049738e+00,-1.640772512479783529e+02
2.989999999999964686e+00,2.769341442286221309e+02,9.395347631838710356e+01,7.110955398213907763e+00,8.500000000000031974e+00,-1.630623515064181959e+02
2.992499999999964633e+00,2.771690052650942562e+02,9.391357049462229156e+01,7.189539197817957472e+00,9.250000000000017764e+00,-1.620394092037006999e+02
2.994999999999964579e+00,2.774037665467691909e+02,9.387368203617096185e+01,7.296489701670536121e+00,1.000000000000000000e+01,-1.610042099228500376e+02
2.997499999999964526e+00,2.776384281172549322e+02,9.383381127966275415e+01,7.430559959831682271e+00,1.000000000000000000e+01,-1.599527233441384908e+02
2.999999999999964473e+00,2.778729900209917218e+02,9.379395854444743463e+01,7.559053438854322238e+00,9.250000000000015987e+00,-1.588821155317328362e+02
3.002499999999964420e+00,2.781074523032078218e+02,9.375412413075382290e+01,7.650657868023859720e+00,8.500000000000031974e+00,-1.577941981589268892e+02
3.004999999999964366e+00,2.783418150098706860e+02,9.371430831774797809e+01,7.706833106093298191e+00,7.750000000000047073e+00,-1.566942149147308783e+02
3.007499999999964313e+00,2.785760781876332999e+02,9.367451136186444671e+01,7.728984086228262385e+00,7.000000000000064837e+00,-1.555872025017160638e+02
3.009999999999964260e+00,2.788102418837759728e+02,9.363473349496679532e+01,7.718463225613225731e+00,6.250000000000080824e+00,-1.544779984203378262e+02
3.012499999999964206e+00,2.790443061461443222e+02,9.359497492232512172e+01,7.676573309918791388e+00,5.500000000000095923e+00,-1.533712483422265507e+02
3.014999999999964153e+00,2.792782710230817429e+02,9.355523582157405826e+01,7.604568635656216991e+00,4.750000000000111910e+00,-1.522714131853063009e+02
3.017499999999964100e+00,2.795121365633596042e+02,9.351551634146366609e+01,7.503657655098523449e+00,4.000000000000128786e+00,-1.511827758727988851e+02
3.019999999999964047e+00,2.797459028161042625e+02,9.347581660079586641e+01,7.375004654924305569e+00,4.000000000000128786e+00,-1.501094478055622403e+02
3.022499999999963993e+00,2.799795698307221983e+02,9.343613668785982895e+01,7.251438951357632057e+00,4.000000000000128786e+00,-1.490543489127686314e+02
3.024999999999963940e+00,2.802131376568230507e+02,9.339647666002232995e+01,7.132754807193253832e+00,4.750000000000113687e+00,-1.480167582249018210e+02
3.027499999999963887e+00,2.804466063441421966e+02,9.335683654324148506e+01,7.050378300443713719e+00,5.500000000000096811e+00,-1.469949605374818589e+02
3.029999999999963833e+00,2.806799759424620788e+02,9.331721633193757270e+01,7.002780097266047221e+00,6.250000000000081712e+00,-1.459837981975089178e+02
3.032499999999963780e+00,2.809132465015331945e+02,9.327761598871748561e+01,6.988487796578084499e+00,7.000000000000064837e+00,-1.449783310101074960e+02
3.034999999999963727e+00,2.811464180709945708e+02,9.323803544395480003e+01,7.006083948814453066e+00,7.750000000000049738e+00,-1.439738281820526709e+02
3.037499999999963674e+00,2.813794907002927062e+02,9.319847459604181950e+01,7.054203848999457627e+00,8.500000000000031974e+00,-1.429657605895043559e+02
3.039999999999963620e+00,2.816124644386022169e+02,9.315893331134314792e+01,7.131533125721939648e+00,9.250000000000017764e+00,-1.419497933778214644e+02
3.042499999999963567e+00,2.818453393347454039e+02,9.311941142423712847e+01,7.236806070990903450e+00,1.000000000000000000e+01,-1.409217788567092384e+02
3.044999999999963514e+00,2.820781154371123876e+02,9.307990873712323321e+01,7.368802799664996961e+00,1.000000000000000000e+01,-1.398777497006666977e+02
3.047499999999963460e+00,2.823107927935812427e+02,9.304042502060804054e+01,7.495367675393883822e+00,9.250000000000015987e+00,-1.388149152052337740e+02
3.049999999999963407e+00,2.825433714514384747e+02,9.300096001373405841e+01,7.585694527473771487e+00,8.500000000000031974e+00,-1.377350552791137659e+02
3.052499999999963354e+00,2.827758514573007460e+02,9.296151342457294220e+01,7.641204975965512958e+00,7.750000000000047073e+00,-1.366433272775615819e+02
3.054999999999963300e+00,2.830082328570372852e+02,9.292208493106103617e+01,7.663267611002208213e+00,7.000000000000064837e+00,-1.355446866027377837e+02
3.057499999999963247e+00,2.832405156956955921e+02,9.288267418228750216e+01,7.653200592996450169e+00,6.250000000000080824e+00,-1.344438940487463583e+02
3.059999999999963194e+00,2.834727000174299292e+02,9.284328079982869042e+01,7.612274220842953909e+00,5.500000000000095923e+00,-1.333455228656868599e+02
3.062499999999963141e+00,2.837047858654333936e+02,9.280390437931116310e+01,7.541712270805231100e+00,4.750000000000111910e+00,-1.322539655104007466e+02
3.064999999999963087e+00,2.839367732818740251e+02,9.276454449227986743e+01,7.442693949819642718e+00,4.000000000000128786e+00,-1.311734401285526985e+02
3.067499999999963034e+00,2.841686623078355751e+02,9.272520068802293736e+01,7.316356383878084735e+00,4.000000000000128786e+00,-1.301079967397039638e+02
3.069999999999962981e+00,2.844004529832632215e+02,9.268587249546116880e+01,7.194981706290245249e+00,4.000000000000128786e+00,-1.290605138621872072e+02
3.072499999999962927e+00,2.846321453469133189e+02,9.264655942518622567e+01,7.078370586985397672e+00,4.750000000000113687e+00,-1.280302893780347517e+02
3.074999999999962874e+00,2.848637394363088902e+02,9.260726097127789558e+01,6.997434679413722769e+00,5.500000000000096811e+00,-1.270156427157297401e+02
3.077499999999962821e+00,2.850952352876996656e+02,9.256797661323371074e+01,6.950682057117588464e+00,6.250000000000081712e+00,-1.260115072607803768e+02
3.079999999999962768e+00,2.853266329360261011e+02,9.252870581733328947e+01,6.936676623997123592e+00,7.000000000000064837e+00,-1.250130289949041185e+02
3.082499999999962714e+00,2.855579324148874321e+02,9.248944803817575178e+01,6.954035006938228847e+00,7.750000000000049738e+00,-1.240155587088554228e+02
3.084999999999962661e+00,2.857891337565131380e+02,9.245020272003760908e+01,7.001424339607691394e+00,8.500000000000031974e+00,-1.230146445276097751e+02
3.087499999999962608e+00,2.860202369917380452e+02,9.241096929836103868e+01,7.077560867565144243e+00,9.250000000000017764e+00,-1.220060247573343872e+02
3.089999999999962554e+00,2.862512421499811239e+02,9.237174720126012062e+01,7.181206755744425685e+00,1.000000000000000000e+01,-1.209856209594192933e+02
3.092499999999962501e+00,2.864821492592278673e+02,9.233253585110819017e+01,7.311170098025653097e+00,1.000000000000000000e+01,-1.199495314468061764e+02
3.094999999999962448e+00,2.867129583460168760e+02,9.229333466608750314e+01,7.435836372417310436e+00,9.250000000000015987e+00,-1.188950107460821926e+02
3.097499999999962395e+00,2.869436694354305359e+02,9.225414306192170955e+01,7.524908304112265078e+00,8.500000000000031974e+00,-1.178238060363105433e+02
3.099999999999962341e+00,2.871742825510895614e+02,9.221496045379042528e+01,7.579770461581079921e+00,7.750000000000047073e+00,-1.167409847219573464e+02
3.102499999999962288e+00,2.874047977151530517e+02,9.217578625877399645e+01,7.601756594676147394e+00,7.000000000000064837e+00,-1.156514164144301731e+02
3.104999999999962235e+00,2.876352149483246308e+02,9.213661989839680189e+01,7.592151430187559669e+00,6.250000000000080824e+00,-1.145597801165378371e+02
3.107499999999962181e+00,2.878655342698651793e+02,9.209746080104105204e+01,7.552192793662951154e+00,5.500000000000095923e+00,-1.134705709862360123e+02
3.109999999999962128e+00,2.880957556976110823e+02,9.205830840439584506e+01,7.483073484680454968e+00,4.750000000000111910e+00,-1.123881069536123647e+02
3.112499999999962075e+00,2.883258792479987846e+02,9.201916215749317018e+01,7.385950076079518922e+00,4.000000000000128786e+00,-1.113165347994385002e+02
3.114999999999962021e+00,2.885559049360959989e+02,9.198002152012941224e+01,7.261935332748128857e+00,4.000000000000128786e+00,-1.102598359242104777e+02
3.117499999999961968e+00,2.887858327756192693e+02,9.194088593231478512e+01,7.142755487484525823e+00,4.000000000000128786e+00,-1.092208414801290814e+02
3.119999999999961915e+00,2.890156627788644528e+02,9.190175482225831161e+01,7.028216953039652992e+00,4.750000000000113687e+00,-1.081988648070137913e+02
3.122499999999961862e+00,2.892453949567072868e+02,9.186262763556774757e+01,6.948711388443932435e+00,5.500000000000096811e+00,-1.071922574369225458e+02
3.124999999999961808e+00,2.894750293186484669e+02,9.182350383833778551e+01,6.902784999778075914e+00,6.250000000000081712e+00,-1.061960437789349641e+02
3.127499999999961755e+00,2.897045658728659987e+02,9.178438291843336572e+01,6.889036563764327603e+00,7.000000000000064837e+00,-1.052054557544571907e+02
3.129999999999961702e+00,2.899340046262703936e+02,9.174526438691225394e+01,6.906116640917874250e+00,7.750000000000049738e+00,-1.042159253211462868e+02
3.132499999999961648e+00,2.901633455845632170e+02,9.170614777951126939e+01,6.952723881457293587e+00,8.500000000000031974e+00,-1.032230770093888736e+02
3.134999999999961595e+00,2.903925887522999005e+02,9.166703265781873711e+01,7.027604766490048505e+00,9.250000000000017764e+00,-1.022227210599049556e+02
3.137499999999961542e+00,2.906217341329547708e+02,9.162791861070368782e+01,7.129550941343548942e+00,1.000000000000000000e+01,-1.012108466173130381e+02
3.139999999999961489e+00,2.908507817289903414e+02,9.158880525547536422e+01,7.257397457968032484e+00,1.000000000000000000e+01,-1.001836152273347835e+02
3.142499999999961435e+00,2.910797315419288793e+02,9.154969223923559696e+01,7.380075418977503077e+00,9.250000000000015987e+00,-9.913832305342073425e+01
3.144999999999961382e+00,2.913085835724276649e+02,9.151057924031526625e+01,7.467802852816056713e+00,8.500000000000031974e+00,-9.807667761977354814e+01
3.147499999999961329e+00,2.915373378203578341e+02,9.147146596967222365e+01,7.521927419062054199e+00,7.750000000000047073e+00,-9.700364744387381677e+01
3.149999999999961275e+00,2.917659942848871424e+02,9.143235217234004608e+01,7.543747484779398604e+00,7.000000000000064837e+00,-9.592400781783136665e+01
3.152499999999961222e+00,2.919945529645651732e+02,9.139323762843196164e+01,7.534515954741048738e+00,6.250000000000080824e+00,-9.484234811385913133e+01
3.154999999999961169e+00,2.922230138574124680e+02,9.135412215420002724e+01,7.495440191796691742e+00,5.500000000000095923e+00,-9.376307822209969345e+01
3.157499999999961116e+00,2.924513769610106237e+02,9.131500560298091784e+01,7.427683699319644006e+00,4.750000000000111910e+00,-9.269043504615252971e+01
3.159999999999961062e+00,2.926796422725959701e+02,9.127588786563850931e+01,7.332369376187950927e+00,4.000000000000128786e+00,-9.162848905484980833e+01
3.162499999999961009e+00,2.929078097891531343e+02,9.123676887080225129e+01,7.210580030738227286e+00,4.000000000000128786e+00,-9.058115005633774786e+01
3.164999999999960956e+00,2.931358795075101966e+02,9.119764858546615471e+01,7.093493017242009202e+00,4.000000000000128786e+00,-8.955119895576893896e+01
3.167499999999960902e+00,2.933638514244341309e+02,9.115852701495116150e+01,6.980922498413950628e+00,4.750000000000113687e+00,-8.853796317288602324e+01
3.169999999999960849e+00,2.935917255367270968e+02,9.111940420257089102e+01,6.902739920157560327e+00,5.500000000000096811e+00,-8.753982526540991671e+01
3.172499999999960796e+00,2.938195018413210278e+02,9.108028022919097566e+01,6.857529335585840435e+00,6.250000000000081712e+00,-8.655189997750044029e+01
3.174999999999960743e+00,2.940471803353705695e+02,9.104115521241365627e+01,6.843925774610782220e+00,7.000000000000064837e+00,-8.556950389192667217e+01
3.177499999999960689e+00,2.942747610163456216e+02,9.100202930689673053e+01,6.860613414918995012e+00,7.750000000000049738e+00,-8.458814805894657241e+01
3.179999999999960636e+00,2.945022438821235937e+02,9.096290270413669532e+01,6.906324459452083175e+00,8.500000000000031974e+00,-8.360353090520365527e+01
3.182499999999960583e+00,2.947296289310812085e+02,9.092377563132541241e+01,6.979836464430598575e+00,9.250000000000017764e+00,-8.261153133480010524e+01
3.184999999999960529e+00,2.949569161621831768e+02,9.088464835163787825e+01,7.079971434622190252e+00,1.000000000000000000e+01,-8.160820211869875607e+01
3.187499999999960476e+00,2.951841055750727492e+02,9.084552116343024863e+01,7.205591911827608165e+00,1.000000000000000000e+01,-8.058976343301692680e+01
3.189999999999960423e+00,2.954111971701581751e+02,9.080639439967707460e+01,7.326172070695880834e+00,9.250000000000015987e+00,-7.955354813902270905e+01
3.192499999999960369e+00,2.956381909487001280e+02,9.076726842728966460e+01,7.412440562461418025e+00,8.500000000000031974e+00,-7.850122086583310477e+01
3.194999999999960316e+00,2.958650869128954923e+02,9.072814364669727638e+01,7.465707433245182045e+00,7.750000000000047073e+00,-7.743764986284482177e+01
3.197499999999960263e+00,2.960918850659608665e+02,9.068902049078954519e+01,7.487236711982365733e+00,7.000000000000064837e+00,-7.636751655550230566e+01
3.199999999999960210e+00,2.963185854122129399e+02,9.064989942303809300e+01,7.478247468035582379e+00,6.250000000000080824e+00,-7.529532215262838690e+01
3.202499999999960156e+00,2.965451879571435825e+02,9.061078093574704440e+01,7.439913971843227891e+00,5.500000000000095923e+00,-7.422539434219284260e+01
3.204999999999960103e+00,2.967716927074919226e+02,9.057166554843936979e+01,7.373370399248165619e+00,4.750000000000111910e+00,-7.316189360003548359e+01
3.207499999999960050e+00,2.969980996713100012e+02,9.053255380578271172e+01,7.279709728664690793e+00,4.000000000000128786e+00,-7.210881935897677408e+01
3.209999999999959996e+00,2.972244088580255834e+02,9.049344627582031819e+01,7.159987607389856734e+00,4.000000000000128786e+00,-7.107001578839280853e+01
3.212499999999959943e+00,2.974506202784991160e+02,9.045434354755563788e+01,7.044838086597190241e+00,4.000000000000128786e+00,-7.004822019402350008e+01
3.214999999999959890e+00,2.976767339450740906e+02,9.041524622829336977e+01,6.934081934681357140e+00,4.750000000000113687e+00,-6.904277798409550826e+01
3.217499999999959837e+00,2.979027498716226887e+02,9.037615494221958556e+01,6.857082270397690138e+00,5.500000000000096811e+00,-6.805210575143367180e+01
3.219999999999959783e+00,2.981286680735861410e+02,9.033707032774270829e+01,6.812462420278891706e+00,6.250000000000081712e+00,-6.707140758465395436e+01
3.222499999999959730e+00,2.983544885680092307e+02,9.029799303659279985e+01,6.798893886357099348e+00,7.000000000000064837e+00,-6.609608313527499490e+01
3.224999999999959677e+00,2.985802113735727517e+02,9.025892373161291005e+01,6.815096472020534257e+00,7.750000000000049738e+00,-6.512172067182554258e+01
3.227499999999959623e+00,2.988058365106210204e+02,9.021986308561015733e+01,6.859836234873347038e+00,8.500000000000031974e+00,-6.414409003266285936e+01
3.229999999999959570e+00,2.990313640011854091e+02,9.018081178017578736e+01,6.931921333264895679e+00,9.250000000000017764e+00,-6.315913615381416690e+01
3.232499999999959517e+00,2.992567938690055485e+02,9.014177050384839163e+01,7.030204994071443281e+00,1.000000000000000000e+01,-6.216297267623306055e+01
3.234999999999959464e+00,2.994821261395461534e+02,9.010273995123999669e+01,7.153578819751294837e+00,1.000000000000000000e+01,-6.115187579294438791e+01
3.237499999999959410e+00,2.997073608400115177e+02,9.006372082147720448e+01,7.272042713112807810e+00,9.250000000000015987e+00,-6.012321373712024553e+01
3.239999999999959357e+00,2.999324979993559168e+02,9.002471381675388784e+01,7.356815771838940421e+00,8.500000000000031974e+00,-5.907861340374554260e+01
3.242499999999959304e+00,3.001575376482902016e+02,8.998571964064070983e+01,7.409170911661586700e+00,7.750000000000047073e+00,-5.802285426187509643e+01
3.244999999999959250e+00,3.003824798192841286e+02,8.994673899576471854e+01,7.430337603003667191e+00,7.000000000000064837e+00,-5.696053550355254202e+01
3.247499999999959197e+00,3.006073245465631203e+02,8.990777258118514226e+01,7.421500442783230511e+00,6.250000000000080824e+00,-5.589608253256167814e+01
3.249999999999959144e+00,3.008320718660969533e+02,8.986882108988129403e+01,7.383802576913281790e+00,5.500000000000095923e+00,-5.483375342053852108e+01
3.252499999999959091e+00,3.010567218155839555e+02,8.982988520577275438e+01,7.318347440947358784e+00,4.750000000000111910e+00,-5.377764475911695286e+01
3.254999999999959037e+00,3.012812744344259954e+02,8.979096560163334573e+01,7.226200045372349834e+00,4.000000000000128786e+00,-5.273169756223754945e+01
3.257499999999958984e+00,3.015057297637000602e+02,8.975206293685404546e+01,7.108387561302621727e+00,4.000000000000128786e+00,-5.169970269613556724e+01
3.259999999999958931e+00,3.017300878461233538e+02,8.971317785512316334e+01,6.995025839192261508e+00,4.000000000000128786e+00,-5.068436428496664092e+01
3.262499999999958877e+00,3.019543487260127108e+02,8.967431098232071918e+01,6.885941335266093866e+00,4.750000000000113687e+00,-4.968504989034080666e+01
3.264999999999958824e+00,3.021785124492389514e+02,8.963546292472200605e+01,6.810015073709977607e+00,5.500000000000096811e+00,-4.870021238399252894e+01
3.267499999999958771e+00,3.024025790631768018e+02,8.959663426691669486e+01,6.765906506373211116e+00,6.250000000000081712e+00,-4.772514146800767065e+01
3.269999999999958717e+00,3.026265486166498135e+02,8.955782557135299271e+01,6.752324329933250269e+00,7.000000000000064837e+00,-4.675531658623544473e+01
3.272499999999958664e+00,3.028504211598748839e+02,8.951903737740522615e+01,6.768023106676523959e+00,7.750000000000049738e+00,-4.578640012072064991e+01
3.274999999999958611e+00,3.030741967444043894e+02,8.948027020100666107e+01,6.811800473724404448e+00,8.500000000000031974e+00,-4.481423071631570565e+01
3.277499999999958558e+00,3.032978754230665572e+02,8.944152453397597924e+01,6.882496748592208391e+00,9.250000000000017764e+00,-4.383481724761723797e+01
3.279999999999958504e+00,3.035214572499060068e+02,8.940280084345833700e+01,6.978993660529288157e+00,1.000000000000000000e+01,-4.284433273422553867e+01
3.282499999999958451e+00,3.037449422801204264e+02,8.936409957090506850e+01,7.100211270999094104e+00,1.000000000000000000e+01,-4.183910843945464819e+01
3.284999999999958398e+00,3.039683305699966809e+02,8.932542113171641063e+01,7.216647795450835901e+00,9.250000000000015987e+00,-4.081654954276054781e+01
3.287499999999958344e+00,3.041916221768451578e+02,8.928676591499089454e+01,7.299986901218402657e+00,8.500000000000031974e+00,-3.977825407216439402e+01
3.289999999999958291e+00,3.044148171589338858e+02,8.924813428267418658e+01,7.351466460529057834e+00,7.750000000000047073e+00,-3.872892621223157761e+01
3.292499999999958238e+00,3.046379155754202657e+02,8.920952656826798943e+01,7.372281349151863061e+00,7.000000000000064837e+00,-3.767309550761436299e+01
3.294999999999958185e+00,3.048609174862785949e+02,8.917094307550887322e+01,7.363584490100756774e+00,6.250000000000080824e+00,-3.661512314002769131e+01
3.297499999999958131e+00,3.050838229522257734e+02,8.913238407758791482e+01,7.326489185174296814e+00,5.500000000000095923e+00,-3.555920765350236934e+01
3.299999999999958078e+00,3.053066320346437124e+02,8.909384981630756783e+01,7.262069661675058185e+00,4.750000000000111910e+00,-3.450939072133578378e+01
3.302499999999958025e+00,3.055293447955009469e+02,8.905534050131460333e+01,7.171363343676544488e+00,4.000000000000128786e+00,-3.346956255485820009e+01
3.304999999999957971e+00,3.057519612972718051e+02,8.901685630975320862e+01,7.055371969976801161e+00,4.000000000000128786e+00,-3.244346701050436366e+01
3.307499999999957918e+00,3.059744816028548939e+02,8.897839738593506809e+01,6.943718999769139089e+00,4.000000000000128786e+00,-3.143377847428670080e+01
3.309999999999957865e+00,3.061969057754908476e+02,8.893996384120889331e+01,6.836238259698582453e+00,4.750000000000113687e+00,-3.043988534853639649e+01
3.312499999999957812e+00,3.064192338786803589e+02,8.890155575434459934e+01,6.761351593154806494e+00,5.500000000000096811e+00,-2.946027388889645948e+01
3.314999999999957758e+00,3.066414659761023245e+02,8.886317317175647190e+01,6.717755499715124756e+00,6.250000000000081712e+00,-2.849031324509012819e+01
3.317499999999957705e+00,3.068636021315338667e+02,8.882481610870374311e+01,6.704191815737230442e+00,7.000000000000064837e+00,-2.752555709868430256e+01
3.319999999999957652e+00,3.070856424087729692e+02,8.878648455009550844e+01,6.719446549713201655e+00,7.750000000000049738e+00,-2.656173751674072392e+01
3.322499999999957598e+00,3.073075868715627053e+02,8.874817845117514992e+01,6.762348502601172484e+00,8.500000000000031974e+00,-2.559475850595126545e+01
3.324999999999957545e+00,3.075294355835177953e+02,8.870989773825847635e+01,6.831766642342673279e+00,9.250000000000017764e+00,-2.462069019029636507e+01
3.327499999999957492e+00,3.077511886080527006e+02,8.867164230992545981e+01,6.926609456134160681e+00,1.000000000000000000e+01,-2.363576315074342915e+01
3.329999999999957438e+00,3.079728460083129562e+02,8.863341203770531251e+01,7.045822729513753657e+00,1.000000000000000000e+01,-2.263636283441003272e+01
3.332499999999957385e+00,3.081944078471076409e+02,8.859520676693334451e+01,7.160379033636302459e+00,9.250000000000015987e+00,-2.161993183486469405e+01
3.334999999999957332e+00,3.084158741868449169e+02,8.855702631772892630e+01,7.242406819430662779e+00,8.500000000000031974e+00,-2.058804277375577740e+01
3.337499999999957279e+00,3.086372450894689337e+02,8.851887048552421788e+01,7.293110403104231310e+00,7.750000000000047073e+00,-1.954532874913920182e+01
3.339999999999957225e+00,3.088585206163988346e+02,8.848073904205418216e+01,7.313653629162847558e+00,7.000000000000064837e+00,-1.849625232538338793e+01
3.342499999999957172e+00,3.090797008284698677e+02,8.844263173636170450e+01,7.305158835504839132e+00,6.250000000000080824e+00,-1.744511134658137763e+01
3.344999999999957119e+00,3.093007857858773946e+02,8.840454829559750749e+01,7.268711845785706060e+00,5.500000000000095923e+00,-1.639604455950253836e+01
3.347499999999957065e+00,3.095217755481226618e+02,8.836648842626631506e+01,7.205359673436273482e+00,4.750000000000111910e+00,-1.535303681589669189e+01
3.349999999999957012e+00,3.097426701739616988e+02,8.832845181551307689e+01,7.116114831440135013e+00,4.000000000000128786e+00,-1.431992436249194611e+01
3.352499999999956959e+00,3.099634697213580807e+02,8.829043813244125261e+01,7.001954955204199749e+00,4.000000000000128786e+00,-1.330039963139262049e+01
3.354999999999956906e+00,3.101841742474380794e+02,8.825244702938960017e+01,6.892031300821471085e+00,4.000000000000128786e+00,-1.229710184511790594e+01
3.357499999999956852e+00,3.104047838084498494e+02,8.821447814378058183e+01,6.786183001815063065e+00,4.750000000000113687e+00,-1.130943386556875652e+01
3.359999999999956799e+00,3.106252984597275031e+02,8.817653109997735328e+01,6.712387469756611935e+00,5.500000000000096811e+00,-1.033590938373346013e+01
3.362499999999956746e+00,3.108457182556589373e+02,8.813860551091853779e+01,6.669373668311781245e+00,6.250000000000081712e+00,-9.371971633585509664e+00
3.364999999999956692e+00,3.110660432496586054e+02,8.810070098019157570e+01,6.655913654788344402e+00,7.000000000000064837e+00,-8.413244378780682098e+00
3.367499999999956639e+00,3.112862734941452345e+02,8.806281710430926069e+01,6.670822901003786498e+00,7.750000000000049738e+00,-7.455525762973919335e+00
3.369999999999956586e+00,3.115064090405256820e+02,8.802495347572848061e+01,6.712957823200217611e+00,8.500000000000031974e+00,-6.494782457894670458e+00
3.372499999999956533e+00,3.117264499391869208e+02,8.798710968686337708e+01,6.781214838770561748e+00,9.250000000000017764e+00,-5.527143827056920422e+00
3.374999999999956479e+00,3.119463962394984264e+02,8.794928533467475518e+01,6.874526416664402895e+00,1.000000000000000000e+01,-4.548896528663243011e+00
3.377499999999956426e+00,3.121662479898259903e+02,8.791148002298609754e+01,6.991863082656888828e+00,1.000000000000000000e+01,-3.556479246940337013e+00
3.379999999999956373e+00,3.123860052375483178e+02,8.787369335892923061e+01,7.104661254725354702e+00,9.250000000000015987e+00,-2.547370833926807965e+00
3.382499999999956319e+00,3.126056680290619738e+02,8.783592494851001220e+01,7.185485242307472653e+00,8.500000000000031974e+00,-1.523115543878690081e+00
3.384999999999956266e+00,3.128252364097770055e+02,8.779817439484469332e+01,7.235508525585570005e+00,7.750000000000047073e+00,-4.882704326063573297e-01
3.387499999999956213e+00,3.130447104241093825e+02,8.776044129847119279e+01,7.255865738746341442e+00,7.000000000000064837e+00,5.527747169010376327e-01
3.389999999999956160e+00,3.132640901154755397e+02,8.772272525861917813e+01,7.247652435127931447e+00,6.250000000000080824e+00,1.595791779123800325e+00
3.392499999999956106e+00,3.134833755262894783e+02,8.768502587454533170e+01,7.211926510231431386e+00,5.500000000000095923e+00,2.636708882005192045e+00
3.394999999999956053e+00,3.137025666979639027e+02,8.764734274684141724e+01,7.149711166976422838e+00,4.750000000000111910e+00,3.671605235045376503e+00
3.397499999999956000e+00,3.139216636709141426e+02,8.760967547882759732e+01,7.061994810394615740e+00,4.000000000000128786e+00,4.696706131272464724e+00
3.399999999999955946e+00,3.141406664845657701e+02,8.757202367783554564e+01,6.949733192303540363e+00,4.000000000000128786e+00,5.708378187317014962e+00
3.402499999999955893e+00,3.143595751773654001e+02,8.753438695649909107e+01,6.841607783346733029e+00,4.000000000000128786e+00,6.704024078880002513e+00
3.404999999999955840e+00,3.145783897867947303e+02,8.749676493399600474e+01,6.737463347447063100e+00,4.750000000000113687e+00,7.684230676439467445e+00
3.407499999999955786e+00,3.147971103493872533e+02,8.745915723697171984e+01,6.664835337426898931e+00,5.500000000000096811e+00,8.650459991692841299e+00
3.409999999999955733e+00,3.150157369007477541e+02,8.742156350059602232e+01,6.622483745801523547e+00,6.250000000000081712e+00,9.607195124181625800e+00
3.412499999999955680e+00,3.152342694755740240e+02,8.738398336922240617e+01,6.609210614115204052e+00,7.000000000000064837e+00,1.055874238194523684e+01
3.414999999999955627e+00,3.154527081076801096e+02,8.734641649705642408e+01,6.623859102483518946e+00,7.750000000000049738e+00,1.150923727387961470e+01
3.417499999999955573e+00,3.156710528300213241e+02,8.730886254858147311e+01,6.665312256116023626e+00,8.500000000000031974e+00,1.246265031201558671e+01
3.419999999999955520e+00,3.158893036747201108e+02,8.727132119900170437e+01,6.732490304439482820e+00,9.250000000000017764e+00,1.342279255721574138e+01
3.422499999999955467e+00,3.161074606730932146e+02,8.723379213481138095e+01,6.824349894836843511e+00,1.000000000000000000e+01,1.439332098558502437e+01
3.424999999999955413e+00,3.163255238556801601e+02,8.719627505413630786e+01,6.939882892884710941e+00,1.000000000000000000e+01,1.537774364101608704e+01
3.427499999999955360e+00,3.165434932522724694e+02,8.715876966712670537e+01,7.050989521436910046e+00,9.250000000000015987e+00,1.637854595273905645e+01
3.429999999999955307e+00,3.167613688919439028e+02,8.712127569624186663e+01,7.130672303011120761e+00,8.500000000000031974e+00,1.739421576093322130e+01
3.432499999999955254e+00,3.169791508030814953e+02,8.708379287658270584e+01,7.180075580596861684e+00,7.750000000000047073e+00,1.842027792058443936e+01
3.434999999999955200e+00,3.171968390134172751e+02,8.704632095647563972e+01,7.200305139424184375e+00,7.000000000000064837e+00,1.945242092686797974e+01
3.437499999999955147e+00,3.174144335500619150e+02,8.700885969810839526e+01,7.192430300021227296e+00,6.250000000000080824e+00,2.048649144498841679e+01
3.439999999999955094e+00,3.176319344395394637e+02,8.697140887788853547e+01,7.157483238349957588e+00,5.500000000000095923e+00,2.151848901875179365e+01
3.442499999999955040e+00,3.178493417078231573e+02,8.693396828685609989e+01,7.096463085494300493e+00,4.750000000000111910e+00,2.254456098376135742e+01
3.444999999999954987e+00,3.180666553803723104e+02,8.689653773103128742e+01,7.010334866317823987e+00,4.000000000000128786e+00,2.356099759528562743e+01
3.447499999999954934e+00,3.182838754821697762e+02,8.685911703156179442e+01,6.900032595588973194e+00,4.000000000000128786e+00,2.456422726783405963e+01
3.449999999999954881e+00,3.185010020377598607e+02,8.682170602487195765e+01,6.793764667058445283e+00,4.000000000000128786e+00,2.555169627673789634e+01
3.452499999999954827e+00,3.187180350712867494e+02,8.678430456280796079e+01,6.691380548480496238e+00,4.750000000000113687e+00,2.652398034815010419e+01
3.454999999999954774e+00,3.189349746065328759e+02,8.674691251242678902e+01,6.619968947086174005e+00,5.500000000000096811e+00,2.748251558254144555e+01
3.457499999999954721e+00,3.191518206669568940e+02,8.670952975583004729e+01,6.578319210075704859e+00,6.250000000000081712e+00,2.843170786327291211e+01
3.459999999999954667e+00,3.193685732757311371e+02,8.667215618992086945e+01,6.565262535738491501e+00,7.000000000000064837e+00,2.937579027479026550e+01
3.462499999999954614e+00,3.195852324557785096e+02,8.663479172586822585e+01,6.579669206576113538e+00,7.750000000000049738e+00,3.031882895350140927e+01
3.464999999999954561e+00,3.198017982298076731e+02,8.659743628878221955e+01,6.620447909914064510e+00,8.500000000000031974e+00,3.126472871293593769e+01
3.467499999999954508e+00,3.200182706203480052e+02,8.656008981731652341e+01,6.686543911090699233e+00,9.250000000000017764e+00,3.221723853632717294e+01
3.469999999999954454e+00,3.202346496497829662e+02,8.652275226319994772e+01,6.776937147162708897e+00,1.000000000000000000e+01,3.317995674508158999e+01
3.472499999999954401e+00,3.204509353403825571e+02,8.648542359077499952e+01,6.890642602105399916e+00,1.000000000000000000e+01,3.415633601386167584e+01
3.474999999999954348e+00,3.206671277143346401e+02,8.644810377651127453e+01,7.000029996012274935e+00,9.250000000000015987e+00,3.514882471782772200e+01
3.477499999999954294e+00,3.208832267937750657e+02,8.641079280862841472e+01,7.078544539023511994e+00,8.500000000000031974e+00,3.615594311852691334e+01
3.479999999999954241e+00,3.210992326008167197e+02,8.637349068678801700e+01,7.127301830055394305e+00,7.750000000000047073e+00,3.717329906479253054e+01
3.482499999999954188e+00,3.213151451575780015e+02,8.633619742158256827e+01,7.147379946204543089e+00,7.000000000000064837e+00,3.819665985113496021e+01
3.484999999999954134e+00,3.215309644862098253e+02,8.629891303407406156e+01,7.139820455410213818e+00,6.250000000000080824e+00,3.922194691595754534e+01
3.487499999999954081e+00,3.217466906089215399e+02,8.626163755530168942e+01,7.105630863922509199e+00,5.500000000000095923e+00,4.024523063528440048e+01
3.489999999999954028e+00,3.219623235480056564e+02,8.622437102567289458e+01,7.045785194087648584e+00,4.750000000000111910e+00,4.126272535388802254e+01
3.492499999999953975e+00,3.221778633258606419e+02,8.618711349420441081e+01,6.961225902207203831e+00,4.000000000000128786e+00,4.227078463619987758e+01
3.494999999999953921e+00,3.223933099650122358e+02,8.614986501785094219e+01,6.852864061009114494e+00,4.000000000000128786e+00,4.326589672751222082e+01
3.497499999999953868e+00,3.226086634881328337e+02,8.611262566078472958e+01,6.748431780251527456e+00,4.000000000000128786e+00,4.424554887053559327e+01
3.499999999999953815e+00,3.228239239180591085e+02,8.607539549367150755e+01,6.647782712272512384e+00,4.750000000000113687e+00,4.521030255120313512e+01
3.502499999999953761e+00,3.230390912778079269e+02,8.603817459280351443e+01,6.577554891235069867e+00,5.500000000000096811e+00,4.616156482957656948e+01
3.504999999999953708e+00,3.232541655905895368e+02,8.600096303916726015e+01,6.536568248150309124e+00,6.250000000000081712e+00,4.710366131167756265e+01
3.507499999999953655e+00,3.234691468798193341e+02,8.596376091779843875e+01,6.523682886058044694e+00,7.000000000000064837e+00,4.804074913647811229e+01
3.509999999999953602e+00,3.236840351691272417e+02,8.592656831725547306e+01,6.537796673530496427e+00,7.750000000000049738e+00,4.897682275565060905e+01
3.512499999999953548e+00,3.238988304823664635e+02,8.588938532898521316e+01,6.577844324630051531e+00,8.500000000000031974e+00,4.991571928578643735e+01
3.514999999999953495e+00,3.241135328436203054e+02,8.585221204671799455e+01,6.642796287675593270e+00,9.250000000000017764e+00,5.086112385787155432e+01
3.517499999999953442e+00,3.243281422772074052e+02,8.581504856578489182e+01,6.731657140073369128e+00,1.000000000000000000e+01,5.181657465383069194e+01
3.519999999999953388e+00,3.245426588076854273e+02,8.577789498275730296e+01,6.843464023520624551e+00,1.000000000000000000e+01,5.278546778679103824e+01
3.522499999999953335e+00,3.247570824598542458e+02,8.574075139510028976e+01,6.951057342195118061e+00,9.250000000000015987e+00,5.377021344556911941e+01
3.524999999999953282e+00,3.249714132587576501e+02,8.570361790071133612e+01,7.028327483572451406e+00,8.500000000000031974e+00,5.476936266696540656e+01
3.527499999999953229e+00,3.251856512296842538e+02,8.566649459737378436e+01,7.076360070523202594e+00,7.750000000000047073e+00,5.577860417452961173e+01
3.529999999999953175e+00,3.253997963981669272e+02,8.562938158211177608e+01,7.096204732474625132e+00,7.000000000000064837e+00,5.679378164968223075e+01
3.532499999999953122e+00,3.256138487899804659e+02,8.559227895044210754e+01,7.088876445220959610e+00,6.250000000000080824e+00,5.781088855052882991e+01
3.534999999999953069e+00,3.258278084311372709e+02,8.555518679561663475e+01,7.055356950178632403e+00,5.500000000000095923e+00,5.882606320956668355e+01
3.537499999999953015e+00,3.260416753478813803e+02,8.551810520777979718e+01,6.996596000780426650e+00,4.750000000000111910e+00,5.983558400635285324e+01
3.539999999999952962e+00,3.262554495666802836e+02,8.548103427323079018e+01,6.913512449336484345e+00,4.000000000000128786e+00,6.083586482558720121e+01
3.542499999999952909e+00,3.264691311142146901e+02,8.544397407381211451e+01,6.806994929510575609e+00,4.000000000000128786e+00,6.182345051403543579e+01
3.544999999999952855e+00,3.266827200173672736e+02,8.540692468619336353e+01,6.704300174511947930e+00,4.000000000000128786e+00,6.279586657081068779e+01
3.547499999999952802e+00,3.268962163032091439e+02,8.536988618108424021e+01,6.605287151024982428e+00,4.750000000000113687e+00,6.375365838724851386e+01
3.549999999999952749e+00,3.271096199989846127e+02,8.533285862264894206e+01,6.536144686256021075e+00,5.500000000000096811e+00,6.469820262582267389e+01
3.552499999999952696e+00,3.273229311320944817e+02,8.529584206818151415e+01,6.495723409171349161e+00,6.250000000000081712e+00,6.563374435947589802e+01
3.554999999999952642e+00,3.275361497300790461e+02,8.525883656797206811e+01,6.482912406181060128e+00,7.000000000000064837e+00,6.656436476976864469e+01
3.557499999999952589e+00,3.277492758206001895e+02,8.522184216521007727e+01,6.496637153454010161e+00,7.750000000000049738e+00,6.749398664272598580e+01
3.559999999999952536e+00,3.279623094314236482e+02,8.518485889605794625e+01,6.535859605914213333e+00,8.500000000000031974e+00,6.842637952694616388e+01
3.562499999999952482e+00,3.281752505904019017e+02,8.514788678994997895e+01,6.599575190584939577e+00,9.250000000000017764e+00,6.936516506521545011e+01
3.564999999999952429e+00,3.283880993254570626e+02,8.511092586964009854e+01,6.686812159312661485e+00,1.000000000000000000e+01,7.031382165921060334e+01
3.567499999999952376e+00,3.286008556645644489e+02,8.507397615146051351e+01,6.796630783217342930e+00,1.000000000000000000e+01,7.127568921703371529e+01
3.569999999999952323e+00,3.288135196357366112e+02,8.503703764552780342e+01,6.902338536590045592e+00,9.250000000000015987e+00,7.225313982918264344e+01
3.572499999999952269e+00,3.290260912670079847e+02,8.500011035592436315e+01,6.978265764235593416e+00,8.500000000000031974e+00,7.324475386244535002e+01
3.574999999999952216e+00,3.292385705864199394e+02,8.496319428097777404e+01,7.025469117207046921e+00,7.750000000000047073e+00,7.424629821382505668e+01
3.577499999999952163e+00,3.294509576220061717e+02,8.492628941304040779e+01,7.044970256240073780e+00,7.000000000000064837e+00,7.525369039154924167e+01
3.579999999999952109e+00,3.296632524017780952e+02,8.488939573825690843e+01,7.037757768757287202e+00,6.250000000000080824e+00,7.626299349039339859e+01
3.582499999999952056e+00,3.298754549537087541e+02,8.485251323628318687e+01,7.004788047554315611e+00,5.500000000000095923e+00,7.727041154745025153e+01
3.584999999999952003e+00,3.300875653057164527e+02,8.481564187993193116e+01,6.946986193307851387e+00,4.750000000000111910e+00,7.827228485092845744e+01
3.587499999999951950e+00,3.302995834856477018e+02,8.477878163508245279e+01,6.865247832866158362e+00,4.000000000000128786e+00,7.926508545446394294e+01
3.589999999999951896e+00,3.305115095212597112e+02,8.474193246049409822e+01,6.760439908661090236e+00,4.000000000000128786e+00,8.024541307349413444e+01
3.592499999999951843e+00,3.307233434402024841e+02,8.470509430757419977e+01,6.659350337589588165e+00,4.000000000000128786e+00,8.121083004812263084e+01
3.594999999999951790e+00,3.309350852700003429e+02,8.466826712021780565e+01,6.561842722074232803e+00,4.750000000000113687e+00,8.216186596166704703e+01
3.597499999999951736e+00,3.311467350380330572e+02,8.463145083493205334e+01,6.493664186393538706e+00,5.500000000000096811e+00,8.309986774389119546e+01
3.599999999999951683e+00,3.313582927715175401e+02,8.459464538111940612e+01,6.453695475919332125e+00,6.250000000000081712e+00,8.402900199531984526e+01
3.602499999999951630e+00,3.315697584974902838e+02,8.455785068168003704e+01,6.440854815422456525e+00,7.000000000000064837e+00,8.495327588290545862e+01
3.604999999999951577e+00,3.317811322427916707e+02,8.452106665386536122e+01,6.454095177633708325e+00,7.750000000000049738e+00,8.587654249095250236e+01
3.607499999999951523e+00,3.319924140340523877e+02,8.448429321013765048e+01,6.492404490783325599e+00,8.500000000000031974e+00,8.680250582631461498e+01
3.609999999999951470e+00,3.322036038976815462e+02,8.444753025893248832e+01,6.554803566301615980e+00,9.250000000000017764e+00,8.773472565520786759e+01
3.612499999999951417e+00,3.324147018598575301e+02,8.441077770550225523e+01,6.640344362286257685e+00,1.000000000000000000e+01,8.867662238212899695e+01
3.614999999999951363e+00,3.326257079465203219e+02,8.437403545271615712e+01,6.748110297413666636e+00,1.000000000000000000e+01,8.963148142320798684e+01
3.617499999999951310e+00,3.328366221833658187e+02,8.433730340182172824e+01,6.851867182891409946e+00,9.250000000000015987e+00,9.060163793310648828e+01
3.619999999999951257e+00,3.330474445958425349e+02,8.430058145324611019e+01,6.926379095257646945e+00,8.500000000000031974e+00,9.158570110723560731e+01
3.622499999999951203e+00,3.332581752091497265e+02,8.426386950712134194e+01,6.972674221874495259e+00,7.750000000000047073e+00,9.257951436232758624e+01
3.624999999999951150e+00,3.334688140482368794e+02,8.422716746336229221e+01,6.991746643438080611e+00,7.000000000000064837e+00,9.357906757814069465e+01
3.627499999999951097e+00,3.336793611378030846e+02,8.419047522144622064e+01,6.984559651519888668e+00,6.250000000000080824e+00,9.458049224632058838e+01
3.629999999999951044e+00,3.338898165022959574e+02,8.415379268011056979e+01,6.952044668811009132e+00,5.500000000000095923e+00,9.558005702011730875e+01
3.632499999999950990e+00,3.341001801659091939e+02,8.411711973688484534e+01,6.895103620743426198e+00,4.750000000000111910e+00,9.657416318463974392e+01
3.634999999999950937e+00,3.343104521525796144e+02,8.408045628773484736e+01,6.814609052962234514e+00,4.000000000000128786e+00,9.755934049081976411e+01
3.637499999999950884e+00,3.345206324859829579e+02,8.404380222677536949e+01,6.711405928842793855e+00,4.000000000000128786e+00,9.853224285778173908e+01
3.639999999999950830e+00,3.347307211895291061e+02,8.400715744632029214e+01,6.611822233445799668e+00,4.000000000000128786e+00,9.949046938058107514e+01
3.642499999999950777e+00,3.349407182863578782e+02,8.397052183795555891e+01,6.515726501608537724e+00,4.750000000000113687e+00,1.004345350179394813e+02
3.644999999999950724e+00,3.351506237993380637e+02,8.393389529371115998e+01,6.448431193604507783e+00,5.500000000000096811e+00,1.013657585816178255e+02
3.647499999999950671e+00,3.353604377510691847e+02,8.389727770768811865e+01,6.408846683787045251e+00,6.250000000000081712e+00,1.022882309102243852e+02
3.649999999999950617e+00,3.355701601638878628e+02,8.386066897782984597e+01,6.395919235795776814e+00,7.000000000000064837e+00,1.032058877890949162e+02
3.652499999999950564e+00,3.357797910598781641e+02,8.382406900692059537e+01,6.408629669186973743e+00,7.750000000000049738e+00,1.041225150614409358e+02
3.654999999999950511e+00,3.359893304608841049e+02,8.378747770356903857e+01,6.445990726880531874e+00,8.500000000000031974e+00,1.050417534763285516e+02
3.657499999999950457e+00,3.361987783885247723e+02,8.375089498304589597e+01,6.507048517610352079e+00,9.250000000000017764e+00,1.059671033600608041e+02
3.659999999999950404e+00,3.364081348642115472e+02,8.371432076793064425e+01,6.590878559058555020e+00,1.000000000000000000e+01,1.069019292952194320e+02
3.662499999999950351e+00,3.366173999091665223e+02,8.367775498876548568e+01,6.696586652935046402e+00,1.000000000000000000e+01,1.078494643551167798e+02
3.664999999999950298e+00,3.368265735444427946e+02,8.364119758455638021e+01,6.798388556777021918e+00,9.250000000000015987e+00,1.088120086739336614e+02
3.667499999999950244e+00,3.370356557909460093e+02,8.360464850369817214e+01,6.871471953723157888e+00,8.500000000000031974e+00,1.097882004661079662e+02
3.669999999999950191e+00,3.372446466694585183e+02,8.356810770444512571e+01,6.916837573635234548e+00,7.750000000000047073e+00,1.107739585898017367e+02
3.672499999999950138e+00,3.374535462006636521e+02,8.353157515457724003e+01,6.935452846212682765e+00,7.000000000000064837e+00,1.117653443935546846e+02
3.674999999999950084e+00,3.376623544051696513e+02,8.349505083120914151e+01,6.928255879022323427e+00,6.250000000000080824e+00,1.127585569546230602e+02
3.677499999999950031e+00,3.378710713035325739e+02,8.345853472045840249e+01,6.896153127649617076e+00,5.500000000000095923e+00,1.137499288174620773e+02
3.679999999999949978e+00,3.380796969162788628e+02,8.342202681709366630e+01,6.840023729692690679e+00,4.750000000000111910e+00,1.147359215481181565e+02
3.682499999999949925e+00,3.382882312639268321e+02,8.338552712435397041e+01,6.760719024483901940e+00,4.000000000000128786e+00,1.157131218539240223e+02
3.684999999999949871e+00,3.384966743670073583e+02,8.334903565342604281e+01,6.659062758908854462e+00,4.000000000000128786e+00,1.166782374225858376e+02
3.687499999999949818e+00,3.387050262460837757e+02,8.331255242312897735e+01,6.560932553151468838e+00,4.000000000000128786e+00,1.176289042303492067e+02
3.689999999999949765e+00,3.389132869217706343e+02,8.327607745954894369e+01,6.466202191863032134e+00,4.750000000000113687e+00,1.185656239216019543e+02
3.692499999999949711e+00,3.391214564147517194e+02,8.323961079597093260e+01,6.399760595266449137e+00,5.500000000000096811e+00,1.194896889479505404e+02
3.694999999999949658e+00,3.393295347457981848e+02,8.320315247292714389e+01,6.360547054092411834e+00,6.250000000000081712e+00,1.204051177837070412e+02
3.697499999999949605e+00,3.395375219357866285e+02,8.316670253837982330e+01,6.347535579066987843e+00,7.000000000000064837e+00,1.213157780047095429e+02
3.699999999999949551e+00,3.397454180057177382e+02,8.313026104815982364e+01,6.359733194115833932e+00,7.750000000000049738e+00,1.222253913595579604e+02
3.702499999999949498e+00,3.399532229767366971e+02,8.309382806638213026e+01,6.396177774220739742e+00,8.500000000000031974e+00,1.231375384803901198e+02
3.704999999999949445e+00,3.401609368701533640e+02,8.305740366554668697e+01,6.455938931338235598e+00,9.250000000000017764e+00,1.240556632189799302e+02
3.707499999999949392e+00,3.403685597074638736e+02,8.302098792697348983e+01,6.538115125240698156e+00,1.000000000000000000e+01,1.249830773173685543e+02
3.709999999999949338e+00,3.405760915103729189e+02,8.298458094095660442e+01,6.641833449563220526e+00,1.000000000000000000e+01,1.259229643766368554e+02
3.712499999999949285e+00,3.407835323008156934e+02,8.294818280678879319e+01,6.741749990896530598e+00,9.250000000000015987e+00,1.268775918503735483e+02
3.714999999999949232e+00,3.409908821009810254e+02,8.291179363303373862e+01,6.813467170356253710e+00,8.500000000000031974e+00,1.278456276133678813e+02
3.717499999999949178e+00,3.411981409333342867e+02,8.287541353726399507e+01,6.857957926157518536e+00,7.750000000000047073e+00,1.288230652310697621e+02
3.719999999999949125e+00,3.414053088206397319e+02,8.283904264526405825e+01,6.876164415142657305e+00,7.000000000000064837e+00,1.298060366634752256e+02
3.722499999999949072e+00,3.416123857859803934e+02,8.280268109003955601e+01,6.868998637269541518e+00,6.250000000000080824e+00,1.307908077373437550e+02
3.724999999999949019e+00,3.418193718527756459e+02,8.276632901107807072e+01,6.837344766481360026e+00,5.500000000000095923e+00,1.317737739862234321e+02
3.727499999999948965e+00,3.420262670447971232e+02,8.272998655397550749e+01,6.782059233334067017e+00,4.750000000000111910e+00,1.327514565532129609e+02
3.729999999999948912e+00,3.422330713861837239e+02,8.269365386946364538e+01,6.703970993204234397e+00,4.000000000000128786e+00,1.337204981930661063e+02
3.732499999999948859e+00,3.424397849014536632e+02,8.265733111237750563e+01,6.603884199292366475e+00,4.000000000000128786e+00,1.346776593938475912e+02
3.734999999999948805e+00,3.426464076155143630e+02,8.262101844099755965e+01,6.507236380871838755e+00,4.000000000000128786e+00,1.356206123195855469e+02
3.737499999999948752e+00,3.428529395536706943e+02,8.258471601622700575e+01,6.413905949019929942e+00,4.750000000000113687e+00,1.365498465079343191e+02
3.739999999999948699e+00,3.430593807416309460e+02,8.254842400109590983e+01,6.348367219144516405e+00,5.500000000000096811e+00,1.374666294795640624e+02
3.742499999999948646e+00,3.432657312055120542e+02,8.251214256020274718e+01,6.309587315201586222e+00,6.250000000000081712e+00,1.383749102011119589e+02
3.744999999999948592e+00,3.434719909718434110e+02,8.247587185954250799e+01,6.296567214486628039e+00,7.000000000000064837e+00,1.392784909957112518e+02
3.747499999999948539e+00,3.436781600675698769e+02,8.243961206652241458e+01,6.308338548709652827e+00,7.750000000000049738e+00,1.401810323215541416e+02
3.749999999999948486e+00,3.438842385200558738e+02,8.240336334965525111e+01,6.343964679279593177e+00,8.500000000000031974e+00,1.410860572944427247e+02
3.752499999999948432e+00,3.440902263570876016e+02,8.236712587847067368e+01,6.402537879628074968e+00,9.250000000000017764e+00,1.419969561050125435e+02
3.754999999999948379e+00,3.442961236068753124e+02,8.233089982303974352e+01,6.483178375905145785e+00,1.000000000000000000e+01,1.429169901790204165e+02
3.757499999999948326e+00,3.445019302980549583e+02,8.229468535372794236e+01,6.585035588866322342e+00,1.000000000000000000e+01,1.438492962434723097e+02
3.759999999999948272e+00,3.447076464596884193e+02,8.225848264098107165e+01,6.683193902166090439e+00,9.250000000000015987e+00,1.447961111987077345e+02
3.762499999999948219e+00,3.449132721212635033e+02,8.222229185489513270e+01,6.753660476274959912e+00,8.500000000000031974e+00,1.457561319726583804e+02
3.764999999999948166e+00,3.451188073126929794e+02,8.218611316463021410e+01,6.797381716809557162e+00,7.750000000000047073e+00,1.467254243513282859e+02
3.767499999999948113e+00,3.453242520643118496e+02,8.214994673761971455e+01,6.815275339174426961e+00,7.000000000000064837e+00,1.477001884251659760e+02
3.769999999999948059e+00,3.455296064068722899e+02,8.211379273857737360e+01,6.808228477259317124e+00,6.250000000000080824e+00,1.486767543408533925e+02
3.772499999999948006e+00,3.457348703715364309e+02,8.207765132861261748e+01,6.777103143580846201e+00,5.500000000000095923e+00,1.496515780738604917e+02
3.774999999999947953e+00,3.459400439898670356e+02,8.204152266467018251e+01,6.722732965682015838e+00,4.750000000000111910e+00,1.506212377678265284e+02
3.777499999999947899e+00,3.461451272938164720e+02,8.200540689872178746e+01,6.645926594816654820e+00,4.000000000000128786e+00,1.515824296159857738e+02
3.779999999999947846e+00,3.463501203157141504e+02,8.196930417697534210e+01,6.547468687014112554e+00,4.000000000000128786e+00,1.525319644367812941e+02
3.782499999999947793e+00,3.465550230882515166e+02,8.193321463958127993e+01,6.452366022114041755e+00,4.000000000000128786e+00,1.534675487126124267e+02
3.784999999999947740e+00,3.467598356444667616e+02,8.189713841986711884e+01,6.360501591467616400e+00,4.750000000000113687e+00,1.543896596937878485e+02
3.787499999999947686e+00,3.469645580177273132e+02,8.186107564373791945e+01,6.295944038968484868e+00,5.500000000000096811e+00,1.552995405484656146e+02
3.789999999999947633e+00,3.471691902417110782e+02,8.182502642959235573e+01,6.257688257049236924e+00,6.250000000000081712e+00,1.562010731907994057e+02
3.792499999999947580e+00,3.473737323503876269e+02,8.178899088812477203e+01,6.244760171196285903e+00,7.000000000000064837e+00,1.570979969621723171e+02
3.794999999999947526e+00,3.475781843779989799e+02,8.175296912199247856e+01,6.256216395246624984e+00,7.750000000000049738e+00,1.579939131330636428e+02
3.797499999999947473e+00,3.477825463590389177e+02,8.171696122542697083e+01,6.291142926960673343e+00,8.500000000000031974e+00,1.588922892804223181e+02
3.799999999999947420e+00,3.479868183282320047e+02,8.168096728406354146e+01,6.348654687525044693e+00,9.250000000000017764e+00,1.597964635082445568e+02
3.802499999999947367e+00,3.481910003205121029e+02,8.164498737486687219e+01,6.427893306678129193e+00,1.000000000000000000e+01,1.607096484128259704e+02
3.804999999999947313e+00,3.483950923710003735e+02,8.160902156585495959e+01,6.528028025944274226e+00,1.000000000000000000e+01,1.616349350745955746e+02
3.807499999999947260e+00,3.485990945149829940e+02,8.157306991565366161e+01,6.624563444897717090e+00,9.250000000000015987e+00,1.625745299380365907e+02
3.809999999999947207e+00,3.488030067878871137e+02,8.153713247326513169e+01,6.693904096582499186e+00,8.500000000000031974e+00,1.635271566749111400e+02
3.812499999999947153e+00,3.490068292252570359e+02,8.150120927773467372e+01,6.736970583779226196e+00,7.750000000000047073e+00,1.644889488862119435e+02
3.814999999999947100e+00,3.492105618627287527e+02,8.146530035773724876e+01,6.754655950410314524e+00,7.000000000000064837e+00,1.654561705339606874e+02
3.817499999999947047e+00,3.494142047360039669e+02,8.142940573146171346e+01,6.747825297349892892e+00,6.250000000000080824e+00,1.664252118780357819e+02
3.819999999999946994e+00,3.496177578808240582e+02,8.139352540638938649e+01,6.717317706463540539e+00,5.500000000000095923e+00,1.673925855026436693e+02
3.822499999999946940e+00,3.498212213329427982e+02,8.135765937909823720e+01,6.663945985044016140e+00,4.750000000000111910e+00,1.683549226692511809e+02
3.824999999999946887e+00,3.500245951280992927e+02,8.132180763519031075e+01,6.588498697274054905e+00,4.000000000000128786e+00,1.693089695777351835e+02
3.827499999999946834e+00,3.502278793019902992e+02,8.128597014919795072e+01,6.491740186502797272e+00,4.000000000000128786e+00,1.702515839089277279e+02
3.829999999999946780e+00,3.504310738902427147e+02,8.125014688476306901e+01,6.398256674067059002e+00,4.000000000000128786e+00,1.711805037985394620e+02
3.832499999999946727e+00,3.506341789283865751e+02,8.121433779488131677e+01,6.307933548697569393e+00,4.750000000000113687e+00,1.720961937438637506e+02
3.834999999999946674e+00,3.508371944518281680e+02,8.117854282195300186e+01,6.244441359784274503e+00,5.500000000000096811e+00,1.729998723288760516e+02
3.837499999999946620e+00,3.510401204958239418e+02,8.114276189790882654e+01,6.206799571531837145e+00,6.250000000000081712e+00,1.738953557712478073e+02
3.839999999999946567e+00,3.512429570954544147e+02,8.110699494446822655e+01,6.194059109796494766e+00,7.000000000000064837e+00,1.747863213459848737e+02
3.842499999999946514e+00,3.514457042855984810e+02,8.107124187314020958e+01,6.205299982426952354e+00,7.750000000000049738e+00,1.756763118113667588e+02
3.844999999999946461e+00,3.516483621009081162e+02,8.103550258528294137e+01,6.239630745404087797e+00,8.500000000000031974e+00,1.765687393967290006e+02
3.847499999999946407e+00,3.518509305757829679e+02,8.099977697214241346e+01,6.296187289222934247e+00,9.250000000000017764e+00,1.774668899904022510e+02
3.849999999999946354e+00,3.520534097443450037e+02,8.096406491497333491e+01,6.374131727406632919e+00,1.000000000000000000e+01,1.783739268719370443e+02
3.852499999999946301e+00,3.522557996404137839e+02,8.092836628517329700e+01,6.472652032968668756e+00,1.000000000000000000e+01,1.792928944557724833e+02
3.854999999999946247e+00,3.524581002974818489e+02,8.089268094432443945e+01,6.567668147200596884e+00,9.250000000000015987e+00,-1.797740329017819647e+02
3.857499999999946194e+00,3.526603117486900487e+02,8.085700874440377106e+01,6.635976498528612488e+00,8.500000000000031974e+00,-1.788281084232338571e+02
3.859999999999946141e+00,3.528624340268038964e+02,8.082134952791149374e+01,6.678473953755125869e+00,7.750000000000047073e+00,-1.778731353093832865e+02
3.862499999999946088e+00,3.530644671641898071e+02,8.078570312831739386e+01,6.696030309422065230e+00,7.000000000000064837e+00,-1.769127898686726610e+02
3.864999999999946034e+00,3.532664111927929866e+02,8.075006937060859968e+01,6.689488261723551155e+00,6.250000000000080824e+00,-1.759506254329824344e+02
3.867499999999945981e+00,3.534682661441163987e+02,8.071444807179723568e+01,6.659665153544121807e+00,5.500000000000095923e+00,-1.749900760451496069e+02
3.869999999999945928e+00,3.536700320492012111e+02,8.067883904140153106e+01,6.607353794226305865e+00,4.750000000000111910e+00,-1.740344600599697742e+02
3.872499999999945874e+00,3.538717089386083217e+02,8.064324208208387290e+01,6.533323001633664084e+00,4.000000000000128786e+00,-1.730869834982887880e+02
3.874999999999945821e+00,3.540732968424016462e+02,8.060765699037897036e+01,6.438319474022629052e+00,4.000000000000128786e+00,-1.721507434563518188e+02
3.877499999999945768e+00,3.542747957901331688e+02,8.057208355743371442e+01,6.346509091548000470e+00,4.000000000000128786e+00,-1.712279711158975317e+02
3.879999999999945715e+00,3.544762058108298675e+02,8.053652156954805719e+01,6.257781743041961775e+00,4.750000000000113687e+00,-1.703182150153444638e+02
3.882499999999945661e+00,3.546775269329818912e+02,8.050097080873797495e+01,6.195409667931646602e+00,5.500000000000096811e+00,-1.694202811847394230e+02
3.884999999999945608e+00,3.548787591845322709e+02,8.046543105331235779e+01,6.158437835823924011e+00,6.250000000000081712e+00,-1.685304189345498287e+02
3.887499999999945555e+00,3.550799025928678248e+02,8.042990207833022964e+01,6.145940193582051236e+00,7.000000000000064837e+00,-1.676450132537529782e+02
3.889999999999945501e+00,3.552809571848112000e+02,8.039438365582680035e+01,6.157019532577232113e+00,7.750000000000049738e+00,-1.667605806623731439e+02
3.892499999999945448e+00,3.554819229866135970e+02,8.035887555508534774e+01,6.190805654107307099e+00,8.500000000000031974e+00,-1.658737652666515032e+02
3.894999999999945395e+00,3.556828000239479479e+02,8.032337754305989108e+01,6.246454903179694540e+00,9.250000000000017764e+00,-1.649813349211070204e+02
3.897499999999945342e+00,3.558835883219032326e+02,8.028788938462365365e+01,6.323149243214748694e+00,1.000000000000000000e+01,-1.640801775438758341e+02
3.899999999999945288e+00,3.560842879049797602e+02,8.025241084295331007e+01,6.420094897871683415e+00,1.000000000000000000e+01,-1.631672975526830385e+02
3.902499999999945235e+00,3.562848987970847929e+02,8.021694167987132573e+01,6.513625439487437774e+00,9.250000000000015987e+00,-1.622405551426940633e+02
3.904999999999945182e+00,3.564854210215294756e+02,8.018148165616418055e+01,6.580930720442521142e+00,8.500000000000031974e+00,-1.613011825765654521e+02
3.907499999999945128e+00,3.566858546010265059e+02,8.014603053217133777e+01,6.622883315032226825e+00,7.750000000000047073e+00,-1.603529212218124655e+02
3.909999999999945075e+00,3.568861995576893378e+02,8.011058806835248447e+01,6.640330451337062456e+00,7.000000000000064837e+00,-1.593993884589134495e+02
3.912499999999945022e+00,3.570864559130329212e+02,8.007515402611109323e+01,6.634093262604825014e+00,6.250000000000080824e+00,-1.584440813480334782e+02
3.914999999999944968e+00,3.572866236879764870e+02,8.003972816858475881e+01,6.604968796521744068e+00,5.500000000000095923e+00,-1.574903801563130230e+02
3.917499999999944915e+00,3.574867029028483216e+02,8.000431026127652956e+01,6.553729689977324746e+00,4.750000000000111910e+00,-1.565415517568292501e+02
3.919999999999944862e+00,3.576866935773919067e+02,7.996890007240469345e+01,6.481126539821465471e+00,4.000000000000128786e+00,-1.556007529116381818e+02
3.922499999999944809e+00,3.578865957307729104e+02,7.993349737321322834e+01,6.387887321436911847e+00,4.000000000000128786e+00,-1.546710334414306942e+02
3.924999999999944755e+00,3.580864093815869751e+02,7.989810193794464510e+01,6.297758344641008144e+00,4.000000000000128786e+00,-1.537545917486517624e+02
3.927499999999944702e+00,3.582861345478669364e+02,7.986271354392619060e+01,6.210633869438241916e+00,4.750000000000113687e+00,-1.528509880595087225e+02
3.929999999999944649e+00,3.584857712470907245e+02,7.982733197145749671e+01,6.149387084126288094e+00,5.500000000000096811e+00,-1.519590521076871141e+02
3.932499999999944595e+00,3.586853194961886970e+02,7.979195700389782075e+01,6.113087032673578669e+00,6.250000000000081712e+00,-1.510750991721810408e+02
3.934999999999944542e+00,3.588847793115515401e+02,7.975658842820605798e+01,6.100831355336497452e+00,7.000000000000064837e+00,-1.501955772722685083e+02
3.937499999999944489e+00,3.590841507090394202e+02,7.972122603560428900e+01,6.111744661009583801e+00,7.750000000000049738e+00,-1.493170632105977802e+02
3.939999999999944436e+00,3.592834337039932961e+02,7.968586962233500515e+01,6.144977901681651922e+00,8.500000000000031974e+00,-1.484362587120478167e+02
3.942499999999944382e+00,3.594826283112478222e+02,7.965051899034216376e+01,6.199707888218928709e+00,9.250000000000017764e+00,-1.475499867470120705e+02
3.944999999999944329e+00,3.596817345451459005e+02,7.961517394777587242e+01,6.275135910076073742e+00,1.000000000000000000e+01,-1.466551879712598918e+02
3.947499999999944276e+00,3.598807524195544261e+02,7.957983430959986038e+01,6.370486832875984717e+00,1.000000000000000000e+01,-1.457489172439268543e+02
3.949999999999944222e+00,3.600796819478819089e+02,7.954449989802280641e+01,6.462508403865941276e+00,9.250000000000015987e+00,-1.448290704438335581e+02
3.952499999999944169e+00,3.602785231430964359e+02,7.950917054290761143e+01,6.528784140881156439e+00,8.500000000000031974e+00,-1.438968577478585189e+02
3.954999999999944116e+00,3.604772760177452824e+02,7.947384608228372826e+01,6.570163693854936149e+00,7.750000000000047073e+00,-1.429559555217692832e+02
3.957499999999944063e+00,3.606759405839757164e+02,7.943852636300556469e+01,6.587471675803086235e+00,7.000000000000064837e+00,-1.420099186503022395e+02
3.959999999999944009e+00,3.608745168535570542e+02,7.940321124124575647e+01,6.581507773663005878e+00,6.250000000000080824e+00,-1.410621840213483722e+02
3.962499999999943956e+00,3.610730048379047616e+02,7.936790058295849803e+01,6.553048290673290310e+00,5.500000000000095923e+00,-1.401160740144815406e+02
3.964999999999943903e+00,3.612714045481047833e+02,7.933259426446993245e+01,6.502846309442742445e+00,4.750000000000111910e+00,-1.391747997099950851e+02
3.967499999999943849e+00,3.614697159949398610e+02,7.929729217281857245e+01,6.431633356076008390e+00,4.000000000000128786e+00,-1.382414641793884016e+02
3.969999999999943796e+00,3.616679391889165345e+02,7.926199420587627742e+01,6.340119464256710913e+00,4.000000000000128786e+00,-1.373190654916102460e+02
3.972499999999943743e+00,3.618660741402922554e+02,7.922670027285144556e+01,6.251631368006933087e+00,4.000000000000128786e+00,-1.364097653117816549e+02
3.974999999999943689e+00,3.620641208591039231e+02,7.919141029431099810e+01,6.166066530443925942e+00,4.750000000000113687e+00,-1.355131336718901593e+02
3.977499999999943636e+00,3.622620793551963629e+02,7.915612420234388935e+01,6.105899837415877940e+00,5.500000000000096811e+00,-1.346280227768341149e+02
3.979999999999943583e+00,3.624599496382512598e+02,7.912084194064024700e+01,6.070224344411253803e+00,6.250000000000081712e+00,-1.337508146989005411e+02
3.982499999999943530e+00,3.626577317178159774e+02,7.908556346461814712e+01,6.058160639415144821e+00,7.000000000000064837e+00,-1.328780213077370149e+02
3.984999999999943476e+00,3.628554256033330603e+02,7.905028874126151095e+01,6.068855530624145622e+00,7.750000000000049738e+00,-1.320062804158956453e+02
3.987499999999943423e+00,3.630530313041692239e+02,7.901501774914557075e+01,6.101481746534608064e+00,8.500000000000031974e+00,-1.311323520072285476e+02
3.989999999999943370e+00,3.632505488296440603e+02,7.897975047824363060e+01,6.155235830562135746e+00,9.250000000000017764e+00,-1.302531146879475443e+02
3.992499999999943316e+00,3.634479781890585173e+02,7.894448693023868202e+01,6.229339386024360437e+00,1.000000000000000000e+01,-1.293655621240623930e+02
3.994999999999943263e+00,3.636453193917243993e+02,7.890922711839071724e+01,6.323035765315087708e+00,1.000000000000000000e+01,-1.284667997327971989e+02
3.997499999999943210e+00,3.638425724469932447e+02,7.887397106743702579e+01,6.413486835907918682e+00,9.250000000000015987e+00,-1.275547583389016495e+02
3.999999999999943157e+00,3.640397373642850880e+02,7.883871881385935865e+01,6.478667191908172640e+00,8.499999999999898748e+00,-1.266306227035287293e+02
4.002499999999943547e+00,3.642368141531175070e+02,7.880347040576734230e+01,6.519403953869535862e+00,7.749999999999781508e+00,-1.256979991456862109e+02
4.004999999999943938e+00,3.644338028231352951e+02,7.876822590284460546e+01,6.536498921647692306e+00,6.999999999999665157e+00,-1.247603750587160505e+02
4.007499999999944329e+00,3.646307033841387124e+02,7.873298537625034044e+01,6.530731082725741210e+00,6.249999999999547029e+00,-1.238211225235863679e+02
4.009999999999944720e+00,3.648275158461124192e+02,7.869774890836129089e+01,6.502855661107120433e+00,5.499999999999429789e+00,-1.228835015049527470e+02
4.012499999999945111e+00,3.650242402192533859e+02,7.866251659257142137e+01,6.453606364255349170e+00,4.749999999999312550e+00,-1.219506632761857787e+02
4.014999999999945501e+00,3.652208765139981210e+02,7.862728853287531194e+01,6.383695583745800484e+00,4.749999999999312550e+00,-1.210256534171471969e+02
4.017499999999945892e+00,3.654174247410491603e+02,7.859206484370527335e+01,6.316054509307910791e+00,4.749999999999312550e+00,-1.201106939652351429e+02
4.019999999999946283e+00,3.656138849114007030e+02,7.855684564932985836e+01,6.250606268290799683e+00,5.499999999999429789e+00,-1.192054602911482561e+02
4.022499999999946674e+00,3.658102570363631685e+02,7.852163108337482811e+01,6.209451324776193992e+00,6.249999999999547029e+00,-1.183089199040722548e+02
4.024999999999947065e+00,3.660065411275861038e+02,7.848642128851922450e+01,6.191724069430286193e+00,6.999999999999665157e+00,-1.174176127359873476e+02
4.027499999999947455e+00,3.662027371970809213e+02,7.845121641628779230e+01,6.196584410321101188e+00,7.749999999999781508e+00,-1.165282029340417864e+02
4.029999999999947846e+00,3.663988452572426695e+02,7.841601662690882790e+01,6.223217821856317222e+00,8.499999999999898748e+00,-1.156374750304480870e+02
4.032499999999948237e+00,3.665948653208720316e+02,7.838082208906486414e+01,6.270833623705706295e+00,9.250000000000015987e+00,-1.147423304972827367e+02
4.034999999999948628e+00,3.667907974011959027e+02,7.834563297949343053e+01,6.338664661326209426e+00,1.000000000000000000e+01,-1.138397840923306745e+02
4.037499999999949019e+00,3.669866415118876262e+02,7.831044948283076224e+01,6.425965794511031781e+00,1.000000000000000000e+01,-1.129269606688094854e+02
4.039999999999949409e+00,3.671823976670864909e+02,7.827527179135596214e+01,6.510257457205848475e+00,9.249999999999882760e+00,-1.120017969122294659e+02
4.042499999999949800e+00,3.673780658814166600e+02,7.824010010477714161e+01,6.569853587188338118e+00,8.499999999999765521e+00,-1.110654294595201748e+02
4.044999999999950191e+00,3.675736461700057021e+02,7.820493462977511001e+01,6.605554924679047701e+00,7.749999999999648281e+00,-1.101213770800476652e+02
4.047499999999950582e+00,3.677691385485018145e+02,7.816977557951751976e+01,6.618139129152803335e+00,6.999999999999531042e+00,-1.091730432626228975e+02
4.049999999999950973e+00,3.679645430330895124e+02,7.813462317325388540e+01,6.608359969922906529e+00,6.249999999999414690e+00,-1.082237195817324107e+02
4.052499999999951363e+00,3.681598596405048625e+02,7.809947763574859891e+01,6.576950723303425228e+00,5.499999999999297451e+00,-1.072765890619237013e+02
4.054999999999951754e+00,3.683550883880485003e+02,7.806433919632203811e+01,6.524622522961607274e+00,4.749999999999180211e+00,-1.063347292512970057e+02
4.057499999999952145e+00,3.685502292935968285e+02,7.802920808814781140e+01,6.452066090642873952e+00,4.749999999999180211e+00,-1.054011154473771228e+02
4.059999999999952536e+00,3.687452823756111684e+02,7.799408454769088905e+01,6.381844422351865553e+00,4.749999999999180211e+00,-1.044779145806823664e+02
4.062499999999952927e+00,3.689402476531457182e+02,7.795896881396669187e+01,6.313879394342531093e+00,5.499999999999297451e+00,-1.035647906989229625e+02
4.064999999999953317e+00,3.691351251458532374e+02,7.792386112796440045e+01,6.269921195204357645e+00,6.249999999999414690e+00,-1.026607121949636650e+02
4.067499999999953708e+00,3.693299148739901625e+02,7.788876173210775278e+01,6.249122275384990211e+00,6.999999999999531930e+00,-1.017622607482268080e+02
4.069999999999954099e+00,3.695246168584193924e+02,7.785367086963454142e+01,6.250659170216837701e+00,7.749999999999650058e+00,-1.008661396719563470e+02
4.072499999999954490e+00,3.697192311206123918e+02,7.781858878449831707e+01,6.273732966022919300e+00,8.499999999999765521e+00,-9.996917017359258750e+01
4.074999999999954881e+00,3.699137576826508393e+02,7.778351572122740265e+01,6.317568428329508379e+00,9.249999999999882760e+00,-9.906828786211237059e+01
4.077499999999955271e+00,3.701081965672279921e+02,7.774845192444050213e+01,6.381412853033159749e+00,1.000000000000000000e+01,-9.816053939419536789e+01
4.079999999999955662e+00,3.703025477976486854e+02,7.771339763891215568e+01,6.464535213640310474e+00,1.000000000000000000e+01,-9.724307910075225436e+01
4.082499999999956053e+00,3.704968113978296174e+02,7.767835310912582258e+01,6.544807408653934289e+00,9.249999999999882760e+00,-9.631385925768014999e+01
4.084999999999956444e+00,3.706909873922985525e+02,7.764331857931426839e+01,6.600876940844119467e+00,8.499999999999765521e+00,-9.537397903613849337e+01
4.087499999999956835e+00,3.708850758061936403e+02,7.760829429287198877e+01,6.633520718204021449e+00,7.749999999999648281e+00,-9.442688129311267176e+01
4.089999999999957225e+00,3.710790766652606862e+02,7.757328049162815375e+01,6.643494111609800967e+00,6.999999999999531042e+00,-9.347589729908287381e+01
4.092499999999957616e+00,3.712729899958491160e+02,7.753827741532499829e+01,6.631530448590504889e+00,6.249999999999414690e+00,-9.252425000915985720e+01
4.094999999999958007e+00,3.714668158249061776e+02,7.750328530071250555e+01,6.598341570635819942e+00,5.499999999999297451e+00,-9.157505729268180517e+01
4.097499999999958398e+00,3.716605541799693242e+02,7.746830438118473694e+01,6.544619247661174199e+00,4.749999999999180211e+00,-9.063133506346011359e+01
4.099999999999958789e+00,3.718542050891570625e+02,7.743333488579122559e+01,6.471035755333353734e+00,4.749999999999180211e+00,-8.969600021868427575e+01
4.102499999999959179e+00,3.720477685811579818e+02,7.739837703868526830e+01,6.399796822143239972e+00,4.749999999999180211e+00,-8.877117604184940092e+01
4.104999999999959570e+00,3.722412446852181347e+02,7.736343105855884517e+01,6.330824841910633438e+00,5.499999999999297451e+00,-8.785652493754393788e+01
4.107499999999959961e+00,3.724346334311270539e+02,7.732849715772128718e+01,6.285534281715290383e+00,6.249999999999414690e+00,-8.695102513623801599e+01
4.109999999999960352e+00,3.726279348492010399e+02,7.729357554209690306e+01,6.263096131919917653e+00,6.999999999999531930e+00,-8.605130671415227539e+01
4.112499999999960743e+00,3.728211489702678705e+02,7.725866641120762779e+01,6.262704310538754982e+00,7.749999999999650058e+00,-8.515411830649004798e+01
4.114999999999961133e+00,3.730142758256501452e+02,7.722376995770652286e+01,6.283577883376213258e+00,8.499999999999765521e+00,-8.425632366704428478e+01
4.117499999999961524e+00,3.732073154471484600e+02,7.718888636776017620e+01,6.324957660441505425e+00,9.249999999999882760e+00,-8.335489799210699857e+01
4.119999999999961915e+00,3.734002678670250361e+02,7.715401582105664602e+01,6.386106342130514868e+00,1.000000000000000000e+01,-8.244692485367792756e+01
4.122499999999962306e+00,3.735931331179877475e+02,7.711915849058154038e+01,6.466307831092863445e+00,1.000000000000000000e+01,-8.152959296026980951e+01
4.124999999999962697e+00,3.737859112331730103e+02,7.708431454252318815e+01,6.543776614907318212e+00,9.249999999999882760e+00,-8.060087538437703358e+01
4.127499999999963087e+00,3.739786022461288439e+02,7.704948413633614734e+01,6.597483563387596561e+00,8.499999999999765521e+00,-7.966184163983048450e+01
4.129999999999963478e+00,3.741712061907980456e+02,7.701466742456686632e+01,6.628184859372305837e+00,7.749999999999648281e+00,-7.871586865292964319e+01
4.132499999999963869e+00,3.743637231015009093e+02,7.697986455251947291e+01,6.636614895277958226e+00,6.999999999999531042e+00,-7.776622530716214499e+01
4.134999999999964260e+00,3.745561530129166954e+02,7.694507565773571400e+01,6.623487582143405383e+00,6.249999999999414690e+00,-7.681607592550619756e+01
4.137499999999964650e+00,3.747484959600639627e+02,7.691030086963385770e+01,6.589496332886925600e+00,5.499999999999297451e+00,-7.586848296015641324e+01
4.139999999999965041e+00,3.749407519782800478e+02,7.687554030911402947e+01,6.535315505257210944e+00,4.749999999999180211e+00,-7.492641023885583706e+01
4.142499999999965432e+00,3.751329211031996351e+02,7.684079408815117063e+01,6.461599821403895660e+00,4.749999999999180211e+00,-7.399272562921792940e+01
4.144999999999965823e+00,3.753250033707321904e+02,7.680606230940898627e+01,6.390211198313349605e+00,4.749999999999180211e+00,-7.306951726424016158e+01
4.147499999999966214e+00,3.755169988170383704e+02,7.677134506610357789e+01,6.321073227649696591e+00,5.499999999999297451e+00,-7.215645170412412313e+01
4.149999999999966604e+00,3.757089074785066032e+02,7.673664244181748018e+01,6.275275710628482884e+00,6.249999999999414690e+00,-7.125252188268332532e+01
4.152499999999966995e+00,3.759007293917287029e+02,7.670195451060961034e+01,6.252008757365617342e+00,6.999999999999531930e+00,-7.035440846995695097e+01
4.154999999999967386e+00,3.760924645934763930e+02,7.666728133716698323e+01,6.250485063704218192e+00,7.749999999999650058e+00,-6.945890752449115269e+01
4.157499999999967777e+00,3.762841131206778300e+02,7.663262297706012305e+01,6.269939587132253855e+00,8.499999999999765521e+00,-6.856292714378761843e+01
4.159999999999968168e+00,3.764756750103950935e+02,7.659797947706664445e+01,6.309630365264519369e+00,9.249999999999882760e+00,-6.766348429738772552e+01
4.162499999999968558e+00,3.766671502998020742e+02,7.656335087537863160e+01,6.368835459068696636e+00,1.000000000000000000e+01,-6.675770143898407127e+01
4.164999999999968949e+00,3.768585390261636121e+02,7.652873720180014061e+01,6.446854265476501311e+00,1.000000000000000000e+01,-6.584280356998087314e+01
4.167499999999969340e+00,3.770498412268143511e+02,7.649413847820143530e+01,6.522233964505933734e+00,9.249999999999882760e+00,-6.491678738235619051e+01
4.169999999999969731e+00,3.772410569391390709e+02,7.645955471852428786e+01,6.574259603750497227e+00,8.499999999999765521e+00,-6.398069853295761078e+01
4.172499999999970122e+00,3.774321862005529624e+02,7.642498592886860820e+01,6.603667780319583791e+00,7.749999999999648281e+00,-6.303785605591556873e+01
4.174999999999970512e+00,3.776232290484821874e+02,7.639043210764781122e+01,6.611174754164933276e+00,6.999999999999531042e+00,-6.209147438491290671e+01
4.177499999999970903e+00,3.778141855203444948e+02,7.635589324537653511e+01,6.597475925298632582e+00,6.249999999999414690e+00,-6.114466639742574472e+01
4.179999999999971294e+00,3.780050556535292685e+02,7.632136932466097790e+01,6.563247525791069847e+00,5.499999999999297451e+00,-6.020044630708806466e+01
4.182499999999971685e+00,3.781958394853782011e+02,7.628686032035980702e+01,6.509147277460241909e+00,4.749999999999180211e+00,-5.926173246709944920e+01
4.184999999999972076e+00,3.783865370531655685e+02,7.625236619940552885e+01,6.435814384532027255e+00,4.749999999999180211e+00,-5.833135012008795428e+01
4.187499999999972466e+00,3.785771483940785629e+02,7.621788692100193430e+01,6.364776758863333050e+00,4.749999999999180211e+00,-5.741135743474455921e+01
4.189999999999972857e+00,3.787676735451979653e+02,7.618342243676865166e+01,6.295960059858218827e+00,5.499999999999297451e+00,-5.650142771825487387e+01
4.192499999999973248e+00,3.789581125434796149e+02,7.614897269124050183e+01,6.250138809607732604e+00,6.249999999999414690e+00,-5.560057042043529663e+01
4.194999999999973639e+00,3.791484654257366174e+02,7.611453762193858097e+01,6.226520999458025507e+00,6.999999999999531930e+00,-5.470551638897804025e+01
4.197499999999974030e+00,3.793387322286219501e+02,7.608011715977350775e+01,6.224336716139222681e+00,7.749999999999650058e+00,-5.381310896761046791e+01
4.199999999999974420e+00,3.795289129886124329e+02,7.604571122963055529e+01,6.242838332603151130e+00,8.499999999999765521e+00,-5.292030078133780080e+01
4.202499999999974811e+00,3.797190077419936642e+02,7.601131975070846636e+01,6.281299333683661779e+00,9.249999999999882760e+00,-5.202415048948022047e+01
4.204999999999975202e+00,3.799090165248463222e+02,7.597694263704062223e+01,6.339013793671529839e+00,1.000000000000000000e+01,-5.112181992902856820e+01
4.207499999999975593e+00,3.800989393730332040e+02,7.594257979792919855e+01,6.415295603560094762e+00,1.000000000000000000e+01,-5.021057095992598818e+01
4.209999999999975984e+00,3.802887763221879709e+02,7.590823113832963998e+01,6.489016781026299974e+00,9.249999999999882760e+00,-4.928842510624384232e+01
4.212499999999976374e+00,3.804785274077043482e+02,7.587389655935248811e+01,6.539771082084676834e+00,8.499999999999765521e+00,-4.835640801835926084e+01
4.214999999999976765e+00,3.806681926647266891e+02,7.583957595865355472e+01,6.568276042222344735e+00,7.749999999999648281e+00,-4.741778614330297614e+01
4.217499999999977156e+00,3.808577721281417325e+02,7.580526923072031309e+01,6.575231024127782042e+00,6.999999999999531042e+00,-4.647572428420610890e+01
4.219999999999977547e+00,3.810472658325706448e+02,7.577097626724335555e+01,6.561314544485970401e+00,6.249999999999414690e+00,-4.553328831324146364e+01
4.222499999999977938e+00,3.812366738123624827e+02,7.573669695751586062e+01,6.527187229996055606e+00,5.499999999999297451e+00,-4.459344806352144985e+01
4.224999999999978328e+00,3.814259961015882823e+02,7.570243118860595644e+01,6.473490891268664171e+00,4.749999999999180211e+00,-4.365907992207058186e+01
4.227499999999978719e+00,3.816152327340353736e+02,7.566817884556918727e+01,6.400850205188937103e+00,4.749999999999180211e+00,-4.273296938096959252e+01
4.229999999999979110e+00,3.818043837432027203e+02,7.563393981160884039e+01,6.330466067294838517e+00,4.749999999999180211e+00,-4.181714675884268217e+01
4.232499999999979501e+00,3.819934491622964288e+02,7.559971396836252211e+01,6.262265968431188767e+00,5.499999999999297451e+00,-4.091129258986494932e+01
4.234999999999979892e+00,3.821824290242257121e+02,7.556550119597993387e+01,6.216714070907904066e+00,6.249999999999414690e+00,-4.001443282383326050e+01
4.237499999999980282e+00,3.823713233615993659e+02,7.553130137295779889e+01,6.193036312214999839e+00,6.999999999999531930e+00,-3.912334737108085392e+01
4.239999999999980673e+00,3.825601322067213914e+02,7.549711437621300547e+01,6.190479566434209602e+00,7.749999999999650058e+00,-3.823492581665153978e+01
4.242499999999981064e+00,3.827488555915873576e+02,7.546294008129801512e+01,6.208313344374651876e+00,8.499999999999765521e+00,-3.734616457590572480e+01
4.244999999999981455e+00,3.829374935478809334e+02,7.542877836258524837e+01,6.245826328449555653e+00,9.249999999999882760e+00,-3.645416367011694092e+01
4.247499999999981846e+00,3.831260461069710459e+02,7.539462909332601726e+01,6.302327432219972714e+00,1.000000000000000000e+01,-3.555612399618442510e+01
4.249999999999982236e+00,3.833145132999092084e+02,7.536049214581194633e+01,6.377145181917336814e+00,1.000000000000000000e+01,-3.464934441897190709e+01
4.252499999999982627e+00,3.835028951574271900e+02,7.532636739158503758e+01,6.449472943668956404e+00,9.249999999999882760e+00,-3.373187183008952417e+01
4.254999999999983018e+00,3.836911917099351399e+02,7.529225470157825839e+01,6.499208411924066731e+00,8.499999999999765521e+00,-3.280471353367246934e+01
4.257499999999983409e+00,3.838794029875203933e+02,7.525815394624149235e+01,6.527053697373746743e+00,7.749999999999648281e+00,-3.187108588917416796e+01
4.259999999999983800e+00,3.840675290199460505e+02,7.522406499571140159e+01,6.533690077044444600e+00,6.999999999999531042e+00,-3.093410586980943933e+01
4.262499999999984190e+00,3.842555698366504657e+02,7.518998771995309482e+01,6.519780728244463752e+00,6.249999999999414690e+00,-2.999679394263095489e+01
4.264999999999984581e+00,3.844435254667469053e+02,7.515592198898785625e+01,6.485970430750101379e+00,5.499999999999297451e+00,-2.906207661852178248e+01
4.267499999999984972e+00,3.846313959390237187e+02,7.512186767316552505e+01,6.432887086828553258e+00,4.749999999999180211e+00,-2.813278909417629947e+01
4.269999999999985363e+00,3.848191812819455322e+02,7.508782464338480622e+01,6.361140878344162530e+00,4.749999999999180211e+00,-2.721167762675570501e+01
4.272499999999985754e+00,3.850068815236543855e+02,7.505379277123331860e+01,6.291608859548519561e+00,4.749999999999180211e+00,-2.630074472742594338e+01
4.274999999999986144e+00,3.851944966919719491e+02,7.501977192921658855e+01,6.224220352527970235e+00,5.499999999999297451e+00,-2.539967745330782023e+01
4.277499999999986535e+00,3.853820268144016268e+02,7.498576199103807483e+01,6.179130327991575911e+00,6.249999999999414690e+00,-2.450751753472869154e+01
4.279999999999986926e+00,3.855694719181318533e+02,7.495176283172783371e+01,6.155581964200219858e+00,6.999999999999531930e+00,-2.362109294759858713e+01
4.282499999999987317e+00,3.857568320300394475e+02,7.491777432777610102e+01,6.152839793526430512e+00,7.749999999999650058e+00,-2.273733902596959666e+01
4.284999999999987708e+00,3.859441071766933078e+02,7.488379635729829431e+01,6.170188174051459917e+00,8.499999999999765521e+00,-2.185329546605711570e+01
4.287499999999988098e+00,3.861312973843586178e+02,7.484982880013618001e+01,6.206931375315932087e+00,9.249999999999882760e+00,-2.096610354700282386e+01
4.289999999999988489e+00,3.863184026790011103e+02,7.481587153798864165e+01,6.262392913106468839e+00,1.000000000000000000e+01,-2.007300328466917705e+01
4.292499999999988880e+00,3.865054230862918985e+02,7.478192445446411796e+01,6.335914764878514127e+00,1.000000000000000000e+01,-1.917133075497208949e+01
4.294999999999989271e+00,3.866923586316122510e+02,7.474798743518577737e+01,6.407010311145965531e+00,9.249999999999882760e+00,-1.825915875113706832e+01
4.297499999999989662e+00,3.868792093400585941e+02,7.471406036785445792e+01,6.455882290057187944e+00,8.499999999999765521e+00,-1.733747694323903588e+01
4.299999999999990052e+00,3.870659752364477981e+02,7.468014314227396255e+01,6.483215082696598408e+00,7.749999999999648281e+00,-1.640945194113288608e+01
4.302499999999990443e+00,3.872526563453225208e+02,7.464623565050386844e+01,6.489674576834978836e+00,6.999999999999531042e+00,-1.547815324230296952e+01
4.304999999999990834e+00,3.874392526909568915e+02,7.461233778698003505e+01,6.475908341385006040e+00,6.249999999999414690e+00,-1.454655590527115727e+01
4.307499999999991225e+00,3.876257642973624229e+02,7.457844944861774650e+01,6.442546479369489987e+00,5.499999999999297451e+00,-1.361754302397166150e+01
4.309999999999991616e+00,3.878121911882944914e+02,7.454457053490503426e+01,6.390202429695425401e+00,4.749999999999180211e+00,-1.269390821907639300e+01
4.312499999999992006e+00,3.879985333872585329e+02,7.451070094800900279e+01,6.319473285123331507e+00,4.749999999999180211e+00,-1.177835795092520854e+01
4.314999999999992397e+00,3.881847909175170344e+02,7.447684059283702140e+01,6.250912096989801547e+00,4.749999999999180211e+00,-1.087286633724992058e+01
4.317499999999992788e+00,3.883709638020963553e+02,7.444298937714603426e+01,6.184449928945972452e+00,5.499999999999297451e+00,-9.977126540442009528e+00
4.319999999999993179e+00,3.885570520637937761e+02,7.440914721156354972e+01,6.139934051999666131e+00,6.249999999999414690e+00,-9.090195779441673452e+00
4.322499999999993570e+00,3.887430557251848313e+02,7.437531400963058559e+01,6.116624005899030436e+00,6.999999999999531930e+00,-8.208950065557557352e+00
4.324999999999993960e+00,3.889289748086306417e+02,7.434148968776338506e+01,6.113800071102431843e+00,7.749999999999650058e+00,-7.330370540806886659e+00
4.327499999999994351e+00,3.891148093362848499e+02,7.430767416522886037e+01,6.130763021932087220e+00,8.499999999999765521e+00,-6.451540660674240257e+00
4.329999999999994742e+00,3.893005593301009526e+02,7.427386736407383694e+01,6.166831764275597649e+00,9.249999999999882760e+00,-5.569643330093747124e+00
4.332499999999995133e+00,3.894862248118391221e+02,7.424006920908914253e+01,6.221344471054160330e+00,1.000000000000000000e+01,-4.681958286987883966e+00
4.334999999999995524e+00,3.896718058030730276e+02,7.420627962778166875e+01,6.293656891703451883e+00,1.000000000000000000e+01,-3.785859447260517818e+00
4.337499999999995914e+00,3.898573023251965992e+02,7.417249855029324124e+01,6.363602161835151705e+00,9.249999999999882760e+00,-2.879446066571335283e+00
4.339999999999996305e+00,3.900427143994306789e+02,7.413872590933169704e+01,6.411687932784763788e+00,8.499999999999765521e+00,-1.963690306908426608e+00
4.342499999999996696e+00,3.902280420468292164e+02,7.410496164011463804e+01,6.438582540003499055e+00,7.749999999999648281e+00,-1.041708814523862658e+00
4.344999999999997087e+00,3.904132852882856355e+02,7.407120568036341979e+01,6.444935919751162423e+00,6.999999999999531042e+00,-1.165231985168998646e-01
4.347499999999997478e+00,3.905984441445390871e+02,7.403745797030933318e+01,6.431380701754762619e+00,6.249999999999414690e+00,8.089374008419361051e-01
4.349999999999997868e+00,3.907835186361807587e+02,7.400371845267790150e+01,6.398532747629388062e+00,5.499999999999297451e+00,1.731833890886939953e+00
4.352499999999998259e+00,3.909685087836600701e+02,7.396998707265301221e+01,6.346991011651331505e+00,4.749999999999180211e+00,2.649414852565440626e+00
4.354999999999998650e+00,3.911534146072907561e+02,7.393626377785179216e+01,6.277339510314002169e+00,4.749999999999180211e+00,3.559014250437198434e+00
4.357499999999999041e+00,3.913382361272568915e+02,7.390254851826809102e+01,6.209807192728937331e+00,4.749999999999180211e+00,4.458686901959135085e+00
4.359999999999999432e+00,3.915229733636189735e+02,7.386884124619922432e+01,6.144327252402513651e+00,5.499999999999297451e+00,5.348733578612262285e+00
4.362499999999999822e+00,3.917076263363194357e+02,7.383514191616576738e+01,6.100437418907565856e+00,6.249999999999414690e+00,6.230081453941323844e+00
4.365000000000000213e+00,3.918921950651882753e+02,7.380145048479629111e+01,6.077415066313938574e+00,6.999999999999531930e+00,7.105805816216896886e+00
4.367500000000000604e+00,3.920766795699482827e+02,7.376776691074498160e+01,6.074556253567627628e+00,7.749999999999650058e+00,7.978878974093129628e+00
4.370000000000000995e+00,3.922610798702199304e+02,7.373409115458555618e+01,6.091176966409426186e+00,8.499999999999765521e+00,8.852173045702739884e+00
4.372500000000001386e+00,3.924453959855261473e+02,7.370042317868337989e+01,6.126611372610502038e+00,9.249999999999882760e+00,9.728462658416672681e+00
4.375000000000001776e+00,3.926296279352968099e+02,7.366676294709237993e+01,6.180211798980453253e+00,1.000000000000000000e+01,1.061042756097504558e+01
4.377500000000002167e+00,3.928137757388728915e+02,7.363311042548141927e+01,6.251348195404632158e+00,1.000000000000000000e+01,1.150065515561366070e+01
4.380000000000002558e+00,3.929978394155103274e+02,7.359946558102723202e+01,6.320173677789553857e+00,9.249999999999882760e+00,1.240101903480941381e+01
4.382500000000002949e+00,3.931818189843838809e+02,7.356582838233694588e+01,6.367500970849584441e+00,8.499999999999765521e+00,1.331056444753565415e+01
4.385000000000003340e+00,3.933657144645906101e+02,7.353219879937802261e+01,6.393981985719590533e+00,7.749999999999648281e+00,1.422622508999903701e+01
4.387500000000003730e+00,3.935495258751532219e+02,7.349857680341409605e+01,6.400251501948463151e+00,6.999999999999531042e+00,1.514502760450729824e+01
4.390000000000004121e+00,3.937332532350233691e+02,7.346496236693772630e+01,6.386927139176507673e+00,6.249999999999414690e+00,1.606408913101837044e+01
4.392500000000004512e+00,3.939168965630845491e+02,7.343135546357224541e+01,6.354610197102271485e+00,5.499999999999297451e+00,1.698061493858487836e+01
4.395000000000004903e+00,3.941004558781548894e+02,7.339775606794673024e+01,6.303886094812740204e+00,4.749999999999180211e+00,1.789189612666994478e+01
4.397500000000005294e+00,3.942839311989897055e+02,7.336416415560547932e+01,6.235325208517416229e+00,4.749999999999180211e+00,1.879530740094077856e+01
4.400000000000005684e+00,3.944673225442835474e+02,7.333057970287043759e+01,6.168833148779174991e+00,4.749999999999180211e+00,1.968893266943340237e+01
4.402500000000006075e+00,3.946506299326723024e+02,7.329700268673090591e+01,6.104344867420398835e+00,5.499999999999297451e+00,2.057306635422314045e+01
4.405000000000006466e+00,3.948338533827346168e+02,7.326343308477065364e+01,6.061090209135917561e+00,6.249999999999414690e+00,2.144861959274771834e+01
4.407500000000006857e+00,3.950169929129933735e+02,7.322987087508759885e+01,6.038362490272582761e+00,6.999999999999531930e+00,2.231861812818734592e+01
4.410000000000007248e+00,3.952000485419169991e+02,7.319631603615569304e+01,6.035474322378371781e+00,7.749999999999650058e+00,2.318598688769345628e+01
4.412500000000007638e+00,3.953830202879202602e+02,7.316276854677680319e+01,6.051757078041243076e+00,8.499999999999765521e+00,2.405355271682426732e+01
4.415000000000008029e+00,3.955659081693651160e+02,7.312922838602580100e+01,6.086560162718821942e+00,9.249999999999882760e+00,2.492404697982622608e+01
4.417500000000008420e+00,3.957487122045614001e+02,7.309569553324058688e+01,6.139249727424211045e+00,1.000000000000000000e+01,2.580010812230475992e+01
4.420000000000008811e+00,3.959314324117673891e+02,7.306216996802520214e+01,6.209209887277951978e+00,1.000000000000000000e+01,2.668428410152764130e+01
4.422500000000009202e+00,3.961140688091904849e+02,7.302865167016905446e+01,6.276912657728423994e+00,9.249999999999882760e+00,2.757842069770529392e+01
4.425000000000009592e+00,3.962966214149877260e+02,7.299514061971339629e+01,6.323475468807466804e+00,8.499999999999765521e+00,2.848158036855503994e+01
4.427500000000009983e+00,3.964790902472664129e+02,7.296163679695651183e+01,6.349534222844527953e+00,7.749999999999648281e+00,2.939074727179282931e+01
4.430000000000010374e+00,3.966614753240846767e+02,7.292814018235131357e+01,6.355708034197506073e+00,6.999999999999531042e+00,3.030299640994398302e+01
4.432500000000010765e+00,3.968437766634518198e+02,7.289465075643298064e+01,6.342599966077862916e+00,6.249999999999414690e+00,3.121549129233375552e+01
4.435000000000011156e+00,3.970259942833285436e+02,7.286116849974429499e+01,6.310797026448129010e+00,5.499999999999297451e+00,3.212548157788616976e+01
4.437500000000011546e+00,3.972081282016268915e+02,7.282769339274273079e+01,6.260871087530611057e+00,4.749999999999180211e+00,3.303030092087208658e+01
4.440000000000011937e+00,3.973901784362100216e+02,7.279422541576944639e+01,6.193379401160926889e+00,4.749999999999180211e+00,3.392736478255920218e+01
4.442500000000012328e+00,3.975721450048917518e+02,7.276076454883309452e+01,6.127905134500747586e+00,4.749999999999180211e+00,3.481478607352546106e+01
4.445000000000012719e+00,3.977540279254357074e+02,7.272731077150103829e+01,6.064385361484457171e+00,5.499999999999297451e+00,3.569285249694686968e+01
4.447500000000013110e+00,3.979358272155542409e+02,7.269386406290442437e+01,6.021743071518535828e+00,6.249999999999414690e+00,3.656245873508164834e+01
4.450000000000013500e+00,3.981175428929071245e+02,7.266042440163634808e+01,5.999288258371980653e+00,6.999999999999531930e+00,3.742658032056142758e+01
4.452500000000013891e+00,3.982991749751003567e+02,7.262699176580566984e+01,5.996349786233726498e+00,7.749999999999650058e+00,3.828809418343420390e+01
4.455000000000014282e+00,3.984807234796850821e+02,7.259356613309554973e+01,6.012274805880291062e+00,8.499999999999765521e+00,3.914978128022057291e+01
4.457500000000014673e+00,3.986621884241562839e+02,7.256014748086104760e+01,6.046427015426266038e+00,9.249999999999882760e+00,4.001432915459886885e+01
4.460000000000015064e+00,3.988435698259522155e+02,7.252673578629840279e+01,6.098187651833444356e+00,1.000000000000000000e+01,4.088433440028026666e+01
4.462500000000015454e+00,3.990248677024541735e+02,7.249333102656218841e+01,6.166953429188506419e+00,1.000000000000000000e+01,4.176230503637976454e+01
4.465000000000015845e+00,3.992060820709862128e+02,7.245993317879441520e+01,6.233514260194859880e+00,9.249999999999882760e+00,4.265005858288449758e+01
4.467500000000016236e+00,3.993872129488153746e+02,7.242654222031988809e+01,6.279289882707306703e+00,8.499999999999765521e+00,4.354667452730827648e+01
4.470000000000016627e+00,3.995682603531520272e+02,7.239315812868414923e+01,6.304899883031154673e+00,7.749999999999648281e+00,4.444918748724982294e+01
4.472500000000017017e+00,3.997492243011507185e+02,7.235978088170384126e+01,6.310948572195434814e+00,6.999999999999531042e+00,4.535472076646278339e+01
4.475000000000017408e+00,3.999301048099105174e+02,7.232641045736322383e+01,6.298024071084076247e+00,6.249999999999414690e+00,4.626048420697851782e+01
4.477500000000017799e+00,4.001109018964756388e+02,7.229304683378219920e+01,6.266699336731417880e+00,5.499999999999297451e+00,4.716377185083044310e+01
4.480000000000018190e+00,4.002916155778355574e+02,7.225968998905470642e+01,6.217532756059165777e+00,4.749999999999180211e+00,4.806195981831344000e+01
4.482500000000018581e+00,4.004722458709250077e+02,7.222633990126806225e+01,6.151068507189633827e+00,4.749999999999180211e+00,4.895250423735895140e+01
4.485000000000018971e+00,4.006527927926239272e+02,7.219299654839561242e+01,6.086570922692520647e+00,4.749999999999180211e+00,4.983354688660877230e+01
4.487500000000019362e+00,4.008332563597570015e+02,7.215965990814116537e+01,6.023978929868690102e+00,5.499999999999297451e+00,5.070536860247672450e+01
4.490000000000019753e+00,4.010136365890930961e+02,7.212632995802670166e+01,5.981912102210523940e+00,6.249999999999414690e+00,5.156884736855028706e+01
4.492500000000020144e+00,4.011939334973446876e+02,7.209300667529338114e+01,5.959697021242212678e+00,6.999999999999531930e+00,5.242690828171324569e+01
4.495000000000020535e+00,4.013741471011673525e+02,7.205969003711588527e+01,5.956678344227632316e+00,7.749999999999650058e+00,5.328238006267434201e+01
4.497500000000020925e+00,4.015542774171595397e+02,7.202638002079419266e+01,5.972218432772437247e+00,8.499999999999765521e+00,5.413799761303343416e+01
4.500000000000021316e+00,4.017343244618630820e+02,7.199307660389203534e+01,6.005696214583654324e+00,9.249999999999882760e+00,5.499640450858812812e+01
4.502500000000021707e+00,4.019142882517639350e+02,7.195977976442276258e+01,6.056507014346555806e+00,1.000000000000000000e+01,5.586015537610970227e+01
4.505000000000022098e+00,4.020941688032933712e+02,7.192648948107371609e+01,6.124061579311543824e+00,1.000000000000000000e+01,5.673171822590813917e+01
4.507500000000022489e+00,4.022739661328299121e+02,7.189320573335403708e+01,6.189463023481907022e+00,9.249999999999882760e+00,5.761288231773234969e+01
4.510000000000022879e+00,4.024536802567012614e+02,7.185992850187366798e+01,6.234429082477185524e+00,8.499999999999765521e+00,5.850274420153684929e+01
4.512500000000023270e+00,4.026333111911874880e+02,7.182665776841074035e+01,6.259564418204288216e+00,7.749999999999648281e+00,5.939838890891131484e+01
4.515000000000023661e+00,4.028128589525235839e+02,7.179339351574682837e+01,6.265458260621735498e+00,6.999999999999531042e+00,6.029698809125842018e+01
4.517500000000024052e+00,4.029923235569020790e+02,7.176013572763606874e+01,6.252684422315047286e+00,6.249999999999414690e+00,6.119579795323266325e+01
4.520000000000024443e+00,4.031717050204755424e+02,7.172688438863249871e+01,6.221802097300107803e+00,5.499999999999297451e+00,6.209215687608094214e+01
4.522500000000024833e+00,4.033510033593581170e+02,7.169363948401323228e+01,6.173356211381380909e+00,4.749999999999180211e+00,6.298348352615555257e+01
4.525000000000025224e+00,4.035302185896276796e+02,7.166040099966856758e+01,6.107877664798525785e+00,4.749999999999180211e+00,6.386727470643790383e+01
4.527500000000025615e+00,4.037093507273271484e+02,7.162716892191438944e+01,6.044316677926953041e+00,4.749999999999180211e+00,6.474170109264917983e+01
4.530000000000026006e+00,4.038883997884652786e+02,7.159394323737853938e+01,5.982613856501190597e+00,5.499999999999297451e+00,6.560703669606560595e+01
4.532500000000026397e+00,4.040673657890176287e+02,7.156072393308268431e+01,5.941089094991103714e+00,6.249999999999414690e+00,6.646414294484425511e+01
4.535000000000026787e+00,4.042462487449276409e+02,7.152751099650335220e+01,5.919086009872270182e+00,6.999999999999531930e+00,6.731589469877198439e+01
4.537500000000027178e+00,4.044250486721076072e+02,7.149430441580531692e+01,5.915965146270549369e+00,7.749999999999650058e+00,6.816507276678235883e+01
4.540000000000027569e+00,4.046037655864408862e+02,7.146110418026515276e+01,5.931103589497968009e+00,8.499999999999765521e+00,6.901436628326601408e+01
4.542500000000027960e+00,4.047823995037846316e+02,7.142791028064486625e+01,5.963894862551152976e+00,9.249999999999882760e+00,6.986637516398208447e+01
4.545000000000028351e+00,4.049609504399740558e+02,7.139472270965067935e+01,6.013748427244158812e+00,1.000000000000000000e+01,7.072361244505695765e+01
4.547500000000028741e+00,4.051394184108272043e+02,7.136154146219179495e+01,6.080088526642783542e+00,1.000000000000000000e+01,7.158850651946443122e+01
4.550000000000029132e+00,4.053178034321506971e+02,7.132836653569606256e+01,6.144326818389602707e+00,9.249999999999882760e+00,7.246281878084397476e+01
4.552500000000029523e+00,4.054961055197464930e+02,7.129519793058231869e+01,6.188474660368391334e+00,8.499999999999765521e+00,7.334566300491783863e+01
4.555000000000029914e+00,4.056743246894191657e+02,7.126203565042624177e+01,6.213121706247802578e+00,7.749999999999648281e+00,7.423417465123176839e+01
4.557500000000030305e+00,4.058524609569842028e+02,7.122887970192013540e+01,6.218841924617515282e+00,6.999999999999531042e+00,7.512557377722585272e+01
4.560000000000030695e+00,4.060305143382753954e+02,7.119573009471970693e+01,6.206195344857006191e+00,6.249999999999414690e+00,7.601716283500272198e+01
4.562500000000031086e+00,4.062084848491523985e+02,7.116258684138585977e+01,6.175727294518506660e+00,5.499999999999297451e+00,7.690632464356284004e+01
4.565000000000031477e+00,4.063863725055078930e+02,7.112944995718437724e+01,6.127969359598361976e+00,4.749999999999180211e+00,7.779052024534352938e+01
4.567500000000031868e+00,4.065641773232741798e+02,7.109631945995276681e+01,6.063440200345625364e+00,4.749999999999180211e+00,7.866728700437687394e+01
4.570000000000032259e+00,4.067418993184295459e+02,7.106319536993738950e+01,6.000780739923993856e+00,4.749999999999180211e+00,7.953482447173038850e+01
4.572500000000032649e+00,4.069195385070042335e+02,7.103007770955598232e+01,5.939933760712412081e+00,5.499999999999297451e+00,8.039340009961189537e+01
4.575000000000033040e+00,4.070970949050857257e+02,7.099696650340074200e+01,5.898925200720944950e+00,6.249999999999414690e+00,8.124385911876349553e+01
4.577500000000033431e+00,4.072745685288240907e+02,7.096386177816258112e+01,5.877114758411467577e+00,6.999999999999531930e+00,8.208902686701476625e+01
4.580000000000033822e+00,4.074519593944374378e+02,7.093076356287576800e+01,5.873877942585509437e+00,7.749999999999650058e+00,8.293163698032216757e+01
4.582500000000034213e+00,4.076292675182179437e+02,7.089767188900279393e+01,5.888607469039186526e+00,8.499999999999765521e+00,8.377433360848355903e+01
4.585000000000034603e+00,4.078064929165376498e+02,7.086458679060358179e+01,5.920711607669328025e+00,9.249999999999882760e+00,8.461967393173665641e+01
4.587500000000034994e+00,4.079836356058553974e+02,7.083150830451486968e+01,5.969612952658525984e+00,1.000000000000000000e+01,8.547013036385608586e+01
4.590000000000035385e+00,4.081606956027237629e+02,7.079843647048627986e+01,6.034749948286360244e+00,1.000000000000000000e+01,8.632809265090156714e+01
4.592500000000035776e+00,4.083376729237962763e+02,7.076537133132480051e+01,6.097836402042460691e+00,9.249999999999882760e+00,8.719529534820220817e+01
4.595000000000036167e+00,4.085145675858354366e+02,7.073231293304698397e+01,6.141172433819030552e+00,8.499999999999765521e+00,8.807086990101223023e+01
4.597500000000036557e+00,4.086913796057204991e+02,7.069926132496100024e+01,6.165332324781344298e+00,7.749999999999648281e+00,8.895200233258441358e+01
4.600000000000036948e+00,4.088681090004558882e+02,7.066621655944427971e+01,6.170875636830201572e+00,6.999999999999531042e+00,8.983596106981775620e+01
4.602500000000037339e+00,4.090447557871785875e+02,7.063317869158794338e+01,6.158348539491256268e+00,6.249999999999414690e+00,9.072009478615788680e+01
4.605000000000037730e+00,4.092213199831647330e+02,7.060014777908563133e+01,6.128283123552817457e+00,5.499999999999297451e+00,9.160183052589481179e+01
4.607500000000038121e+00,4.093978016058362073e+02,7.056712388194901564e+01,6.081198164781720372e+00,4.749999999999180211e+00,9.247867167049227533e+01
4.610000000000038511e+00,4.095742006727660396e+02,7.053410706212271464e+01,6.017599915813031330e+00,4.749999999999180211e+00,9.334819597599495467e+01
4.612500000000038902e+00,4.097505172016831239e+02,7.050109738321617669e+01,5.955826075086163129e+00,4.749999999999180211e+00,9.420863171682641735e+01
4.615000000000039293e+00,4.099267512104763114e+02,7.046809491032466610e+01,5.895821460526352809e+00,5.499999999999297451e+00,9.506024015756510437e+01
4.617500000000039684e+00,4.101029027171979919e+02,7.043509970994126945e+01,5.855324396099483408e+00,6.249999999999414690e+00,9.590385093147243367e+01
4.620000000000040075e+00,4.102789717400674476e+02,7.040211184983067483e+01,5.833709786566855016e+00,6.999999999999531930e+00,9.674224112708702705e+01
4.622500000000040465e+00,4.104549582974741497e+02,7.036913139903528247e+01,5.830369312983220809e+00,7.749999999999650058e+00,9.757809841315724952e+01
4.625000000000040856e+00,4.106308624079808851e+02,7.033615842794984019e+01,5.844709621427493396e+00,8.499999999999765521e+00,9.841402339285541245e+01
4.627500000000041247e+00,4.108066840903272805e+02,7.030319300838051788e+01,5.876152806887041891e+00,9.249999999999882760e+00,9.925253185507679632e+01
4.630000000000041638e+00,4.109824233634331563e+02,7.027023521358867697e+01,5.924135872886719945e+00,1.000000000000000000e+01,1.000960568996079871e+02
4.632500000000042029e+00,4.111580802464025624e+02,7.023728511842678301e+01,5.988109386999290074e+00,1.000000000000000000e+01,1.009469511968495112e+02
4.635000000000042419e+00,4.113336547585273593e+02,7.020434279927049204e+01,6.050084030879310681e+00,9.249999999999882760e+00,1.018069236362945276e+02
4.637500000000042810e+00,4.115091469192913110e+02,7.017140833402268640e+01,6.092641370581928228e+00,8.499999999999765521e+00,1.026751237691563716e+02
4.640000000000043201e+00,4.116845567483738364e+02,7.013848180208522365e+01,6.116341443083895157e+00,7.749999999999648281e+00,1.035487875499962200e+02
4.642500000000043592e+00,4.118598842656535339e+02,7.010556328401483484e+01,6.121729838933979373e+00,6.999999999999531042e+00,1.044252311796658290e+02
4.645000000000043983e+00,4.120351294912111371e+02,7.007265286136460247e+01,6.109338956200462967e+00,6.249999999999414690e+00,1.053018489536100617e+02
4.647500000000044373e+00,4.122102924453315040e+02,7.003975061630723076e+01,6.079687986040675618e+00,5.499999999999297451e+00,1.061761114266133035e+02
4.650000000000044764e+00,4.123853731485053800e+02,7.000685663130816749e+01,6.033282998381936046e+00,4.749999999999180211e+00,1.070455634341106617e+02
4.652500000000045155e+00,4.125603716214296242e+02,6.997397098875595134e+01,5.970617999952261279e+00,4.749999999999180211e+00,1.079078221518954592e+02
4.655000000000045546e+00,4.127352878850069828e+02,6.994109377075193379e+01,5.909734962150182902e+00,4.749999999999180211e+00,1.087611438983973500e+02
4.657500000000045937e+00,4.129101219603451227e+02,6.990822505894975336e+01,5.850580197750390177e+00,5.499999999999297451e+00,1.096057840571388482e+02
4.660000000000046327e+00,4.130848738687556647e+02,6.987536493429699647e+01,5.810609646005304718e+00,6.249999999999414690e+00,1.104425571293638200e+02
4.662500000000046718e+00,4.132595436317520239e+02,6.984251347677346189e+01,5.789214161551001325e+00,6.999999999999531930e+00,1.112741933568619999e+02
4.665000000000047109e+00,4.134341312710470220e+02,6.980967076558042095e+01,5.785799665146644344e+00,7.749999999999650058e+00,1.121033360534622858e+02
4.667500000000047500e+00,4.136086368085511822e+02,6.977683687905394549e+01,5.799787665052250851e+00,8.499999999999765521e+00,1.129325436921031240e+02
4.670000000000047891e+00,4.137830602663702280e+02,6.974401189460479600e+01,5.830613435632105102e+00,9.249999999999882760e+00,1.137642922692205474e+02
4.672500000000048281e+00,4.139574016668028662e+02,6.971119588872943496e+01,5.877726807828008937e+00,1.000000000000000000e+01,1.146009772304150687e+02
4.675000000000048672e+00,4.141316610323385703e+02,6.967838893703260794e+01,5.940592076874859906e+00,1.000000000000000000e+01,1.154449156390861901e+02
4.677500000000049063e+00,4.143058383856553633e+02,6.964559111422323667e+01,6.001508933666779733e+00,9.249999999999882760e+00,1.162977921715476270e+02
4.680000000000049454e+00,4.144799337496174303e+02,6.961280249388687480e+01,6.043335456986733689e+00,8.499999999999765521e+00,1.171587741853376201e+02
4.682500000000049845e+00,4.146539471472722767e+02,6.958002314842407543e+01,6.066617108008463433e+00,7.749999999999648281e+00,1.180251462489129324e+02
4.685000000000050235e+00,4.148278786018476580e+02,6.954725314883965837e+01,6.071886423307288894e+00,6.999999999999531042e+00,1.188942708030579212e+02
4.687500000000050626e+00,4.150017281367481132e+02,6.951449256458658965e+01,6.059662300233088494e+00,6.249999999999414690e+00,1.197635863112110286e+02
4.690000000000051017e+00,4.151754957755507007e+02,6.948174146316681288e+01,6.030450774806955572e+00,5.499999999999297451e+00,1.206306052111202831e+02
4.692500000000051408e+00,4.153491815420000535e+02,6.944899990985290117e+01,5.984746522746311470e+00,4.749999999999180211e+00,1.214929120834400322e+02
4.695000000000051799e+00,4.155227854600026944e+02,6.941626796764261087e+01,5.923031552851798942e+00,4.749999999999180211e+00,1.223481618926161048e+02
4.697500000000052189e+00,4.156963075536212386e+02,6.938354569689356310e+01,5.863057117009020658e+00,4.749999999999180211e+00,1.231946376846340172e+02
4.700000000000052580e+00,4.158697478470677424e+02,6.935083315526821934e+01,5.804772108579785872e+00,5.499999999999297451e+00,1.240325887477478659e+02
4.702500000000052971e+00,4.160431063646968255e+02,6.931813039756033845e+01,5.765355673732342368e+00,6.249999999999414690e+00,1.248628148062944803e+02
4.705000000000053362e+00,4.162163831309982811e+02,6.928543747560149768e+01,5.744213161510822729e+00,6.999999999999531930e+00,1.256880009252308810e+02
4.707500000000053753e+00,4.163895781705899708e+02,6.925275443827655408e+01,5.740764859817502064e+00,7.749999999999650058e+00,1.265107475544495088e+02
4.710000000000054143e+00,4.165626915082102641e+02,6.922008133153146048e+01,5.754445906839401381e+00,8.499999999999765521e+00,1.273335726734621431e+02
4.712500000000054534e+00,4.167357231687107060e+02,6.918741819832841600e+01,5.784704908721099770e+00,9.249999999999882760e+00,1.281589139101555759e+02
4.715000000000054925e+00,4.169086731770485130e+02,6.915476507855571242e+01,5.831004753895848935e+00,1.000000000000000000e+01,1.289891305207908374e+02
4.717500000000055316e+00,4.170815415582789001e+02,6.912212200906148496e+01,5.892821055925829832e+00,1.000000000000000000e+01,1.298265055113670599e+02
4.720000000000055707e+00,4.172543283375474630e+02,6.908948902353684218e+01,5.952738674223780890e+00,9.249999999999882760e+00,1.306727001290520036e+02
4.722500000000056097e+00,4.174270335400821637e+02,6.905686615250947114e+01,5.993886947556393174e+00,8.499999999999765521e+00,1.315268986947019414e+02
4.725000000000056488e+00,4.175996571911855995e+02,6.902425342322241875e+01,6.016797465206696671e+00,7.749999999999648281e+00,1.323864320957329141e+02
4.727500000000056879e+00,4.177721993162264766e+02,6.899165085953799803e+01,6.021989195935180561e+00,6.999999999999531042e+00,1.332487067745643401e+02
4.730000000000057270e+00,4.179446599406311975e+02,6.895905848182542286e+01,6.009968557229468544e+00,6.249999999999414690e+00,1.341112028593247771e+02
4.732500000000057661e+00,4.181170390898751066e+02,6.892647630678054327e+01,5.981229417602640375e+00,5.499999999999297451e+00,1.349714723898558475e+02
4.735000000000058051e+00,4.182893367894731114e+02,6.889390434735298641e+01,5.936254543349949842e+00,4.749999999999180211e+00,1.358271374032941594e+02
4.737500000000058442e+00,4.184615530649704738e+02,6.886134261271820378e+01,5.875514567971237945e+00,4.749999999999180211e+00,1.366758884190366814e+02
4.740000000000058833e+00,4.186336879419331467e+02,6.882879110832452341e+01,5.816475561172770092e+00,4.749999999999180211e+00,1.375160332988688197e+02
4.742500000000059224e+00,4.188057414459386791e+02,6.879624983575689612e+01,5.759087675862804012e+00,5.499999999999297451e+00,1.383478150475773703e+02
4.745000000000059615e+00,4.189777136025662685e+02,6.876371879282348232e+01,5.720257997073173506e+00,6.249999999999414690e+00,1.391720185747414860e+02
4.747500000000060005e+00,4.191496044373876089e+02,6.873119797352447335e+01,5.699406240658216660e+00,6.999999999999531930e+00,1.399912852795645222e+02
4.750000000000060396e+00,4.193214139759571708e+02,6.869868736809135612e+01,5.695966427046672997e+00,7.749999999999650058e+00,1.408081741531632360e+02
4.752500000000060787e+00,4.194931422438029358e+02,6.866618696302663238e+01,5.709387125882294356e+00,8.499999999999765521e+00,1.416251639765311836e+02
4.755000000000061178e+00,4.196647892664169035e+02,6.863369674112128394e+01,5.739129418529618221e+00,9.249999999999882760e+00,1.424446552795210437e+02
4.757500000000061569e+00,4.198363550692461672e+02,6.860121668144594764e+01,5.784668175121759681e+00,1.000000000000000000e+01,1.432689721823404341e+02
4.760000000000061959e+00,4.200078396776832506e+02,6.856874675927936380e+01,5.845490982341129182e+00,1.000000000000000000e+01,1.441003644492290903e+02
4.762500000000062350e+00,4.201792431170566715e+02,6.853628694610392813e+01,5.904462965288719722e+00,9.249999999999882760e+00,1.449404703557703442e+02
4.765000000000062741e+00,4.203505654126216200e+02,6.850383720960456913e+01,5.944980901917507055e+00,8.499999999999765521e+00,1.457884896321459678e+02
4.767500000000063132e+00,4.205218065895502377e+02,6.847139751377413575e+01,5.967563267847753927e+00,7.749999999999648281e+00,1.466417965109019406e+02
4.770000000000063523e+00,4.206929666729226938e+02,6.843896781889631598e+01,5.972716494696080680e+00,6.999999999999531042e+00,1.474978385810297254e+02
4.772500000000063913e+00,4.208640456877176348e+02,6.840654808156233457e+01,5.960934335566439479e+00,6.249999999999414690e+00,1.483541350629602960e+02
4.775000000000064304e+00,4.210350436588032608e+02,6.837413825480788887e+01,5.932699233858095944e+00,5.499999999999297451e+00,1.492082749562054858e+02
4.777500000000064695e+00,4.212059606109282868e+02,6.834173828821563745e+01,5.888481860070536200e+00,4.749999999999180211e+00,1.500579154410337708e+02
4.780000000000065086e+00,4.213767965687134165e+02,6.830934812797694633e+01,5.828742398206621544e+00,4.749999999999180211e+00,1.509007802036092585e+02
4.782500000000065477e+00,4.215475515566430431e+02,6.827696771707688583e+01,5.770664476671671927e+00,4.749999999999180211e+00,1.517352002368892840e+02
4.785000000000065867e+00,4.217182255990572912e+02,6.824459699544235036e+01,5.714199979579702493e+00,5.499999999999297451e+00,1.525614117790910598e+02
4.787500000000066258e+00,4.218888187201443429e+02,6.821223589997839554e+01,5.675987074713332525e+00,6.249999999999414690e+00,1.533801850186845854e+02
4.790000000000066649e+00,4.220593309439328777e+02,6.817988436466009716e+01,5.655458848305225494e+00,6.999999999999531930e+00,1.541941188865893935e+02
4.792500000000067040e+00,4.222297622942849671e+02,6.814754232067699036e+01,5.652062399313066088e+00,7.749999999999650058e+00,1.550057319749382430e+02
4.795000000000067431e+00,4.224001127948891394e+02,6.811520969653113866e+01,5.665258724540399804e+00,8.499999999999765521e+00,1.558174646455655079e+02
4.797500000000067821e+00,4.225703824692536728e+02,6.808288641803414976e+01,5.694521486785208531e+00,9.249999999999882760e+00,1.566316808654840145e+02
4.800000000000068212e+00,4.227405713406997165e+02,6.805057240836079302e+01,5.739337311007304265e+00,1.000000000000000000e+01,1.574506701133154820e+02
4.802500000000068603e+00,4.229106794323550389e+02,6.801826758807727913e+01,5.799205385407526947e+00,1.000000000000000000e+01,1.582766491501922985e+02
4.805000000000068994e+00,4.230807067671473192e+02,6.798597187522528884e+01,5.857268445536220725e+00,9.249999999999882760e+00,1.591112330247990769e+02
4.807500000000069384e+00,4.232506533677978950e+02,6.795368518529426183e+01,5.897188625505752846e+00,8.499999999999765521e+00,1.599536351547094455e+02
4.810000000000069775e+00,4.234205192568153961e+02,6.792140743132479486e+01,5.919472231122471229e+00,7.749999999999648281e+00,1.608012704399452275e+02
4.812500000000070166e+00,4.235903044564897186e+02,6.788913852411096173e+01,5.924612792935743499e+00,6.999999999999531042e+00,1.616516252545401642e+02
4.815000000000070557e+00,4.237600089888865682e+02,6.785687837238901921e+01,5.913092411956016647e+00,6.249999999999414690e+00,1.625022556124848450e+02
4.817500000000070948e+00,4.239296328758423442e+02,6.782462688299983711e+01,5.885382002843501326e+00,5.499999999999297451e+00,1.633507855947844689e+02
4.820000000000071338e+00,4.240991761389594785e+02,6.779238396113623821e+01,5.841941006989823215e+00,4.749999999999180211e+00,1.641949057257816662e+02
4.822500000000071729e+00,4.242686387996026838e+02,6.776014951059089242e+01,5.783219060627821761e+00,4.749999999999180211e+00,1.650323714154525589e+02
4.825000000000072120e+00,4.244380208788953155e+02,6.772792343394451109e+01,5.726119377770303664e+00,4.749999999999180211e+00,1.658615358043215053e+02
4.827500000000072511e+00,4.246073223977165867e+02,6.769570563281784814e+01,5.670595237027150404e+00,5.499999999999297451e+00,1.666826283540417251e+02
4.830000000000072902e+00,4.247765433766992942e+02,6.766349600803889075e+01,5.633016467551795969e+00,6.249999999999414690e+00,1.674964046286826544e+02
4.832500000000073292e+00,4.249456838362278859e+02,6.763129445978800902e+01,5.612829751630946440e+00,6.999999999999531930e+00,1.683054217470259744e+02
4.835000000000073683e+00,4.251147437964369828e+02,6.759910088770814696e+01,5.609495478654309863e+00,7.749999999999650058e+00,1.691121584493976115e+02
4.837500000000074074e+00,4.252837232772099583e+02,6.756691519092488818e+01,5.622486226941685317e+00,8.499999999999765521e+00,1.699190169961127594e+02
4.840000000000074465e+00,4.254526222981777437e+02,6.753473726811475331e+01,5.651288592373886033e+00,9.249999999999882760e+00,1.707283249757798842e+02
4.842500000000074856e+00,4.256214408787177490e+02,6.750256701759431621e+01,5.695400045424994673e+00,1.000000000000000000e+01,1.715423370949022797e+02
4.845000000000075246e+00,4.257901790379529530e+02,6.747040433737886644e+01,5.754330760362074138e+00,1.000000000000000000e+01,1.723632368366361618e+02
4.847500000000075637e+00,4.259588367947512779e+02,6.743824912521502313e+01,5.811500394104236911e+00,9.249999999999882760e+00,1.731926153480525556e+02
4.850000000000076028e+00,4.261274141677248508e+02,6.740610127862569811e+01,5.850836098011204633e+00,8.499999999999765521e+00,1.740296984444290729e+02
4.852500000000076419e+00,4.262959111752294916e+02,6.737396069502159435e+01,5.872831235096826141e+00,7.749999999999648281e+00,1.748719402594750818e+02
4.855000000000076810e+00,4.264643278353644860e+02,6.734182727188658646e+01,5.877967127315174345e+00,6.999999999999531042e+00,1.757168646202378000e+02
4.857500000000077200e+00,4.266326641659730399e+02,6.730970090701607944e+01,5.866714474911368882e+00,6.249999999999414690e+00,1.765620634502450628e+02
4.860000000000077591e+00,4.268009201846430187e+02,6.727758149875199933e+01,5.839532841854555123e+00,5.499999999999297451e+00,1.774051951909247009e+02
4.862500000000077982e+00,4.269690959087085389e+02,6.724546894618619319e+01,5.796871017351231004e+00,4.749999999999180211e+00,1.782439833053270490e+02
4.865000000000078373e+00,4.271371913552519572e+02,6.721336314928009870e+01,5.739168069881860568e+00,4.749999999999180211e+00,1.790762148408416579e+02
4.867500000000078764e+00,4.273052065411060312e+02,6.718126400904472462e+01,5.683047779059895888e+00,4.749999999999180211e+00,1.799002651921514939e+02
4.870000000000079154e+00,4.274731414828567040e+02,6.714917142774494607e+01,5.628464926195457352e+00,5.499999999999297451e+00,-1.792836425527388258e+02
4.872500000000079545e+00,4.276409961968463449e+02,6.711708530894625824e+01,5.591521813352968273e+00,6.249999999999414690e+00,-1.784747670444548078e+02
4.875000000000079936e+00,4.278087706991770460e+02,6.708500555759175654e+01,5.571678046409584972e+00,6.999999999999531930e+00,-1.776705925786315845e+02
4.877500000000080327e+00,4.279764650057139193e+02,6.705293208000171035e+01,5.568406599123173706e+00,7.749999999999650058e+00,-1.768686801485505953e+02
4.880000000000080718e+00,4.281440791320887342e+02,6.702086478387955992e+01,5.581192824549177089e+00,8.499999999999765521e+00,-1.760666656612790462e+02
4.882500000000081108e+00,4.283116130937033290e+02,6.698880357828107890e+01,5.609534250739271144e+00,9.249999999999882760e+00,-1.752622581609419967e+02
4.885000000000081499e+00,4.284790669057329069e+02,6.695674837367606358e+01,5.652940395076258895e+00,1.000000000000000000e+01,-1.744532381839430286e+02
4.887500000000081890e+00,4.286464405831297313e+02,6.692469908200450845e+01,5.710932144061123594e+00,1.000000000000000000e+01,-1.736374560891637771e+02
4.890000000000082281e+00,4.288137341406266501e+02,6.689265561665392568e+01,5.767205162210819580e+00,9.249999999999882760e+00,-1.728133452753552035e+02
4.892500000000082672e+00,4.289809475927409039e+02,6.686061789253520260e+01,5.805950531768683476e+00,8.499999999999765521e+00,-1.719816678822170957e+02
4.895000000000083062e+00,4.291480809537778214e+02,6.682858582624791666e+01,5.827649385883004740e+00,7.749999999999648281e+00,-1.711449305487301160e+02
4.897500000000083453e+00,4.293151342378353092e+02,6.679655933623828901e+01,5.832771366895365794e+00,6.999999999999531042e+00,-1.703055716354186870e+02
4.900000000000083844e+00,4.294821074588084571e+02,6.676453834298678203e+01,5.821775444575893133e+00,6.249999999999414690e+00,-1.694659627732087301e+02
4.902500000000084235e+00,4.296490006303948803e+02,6.673252276928405990e+01,5.795110338839479347e+00,5.499999999999297451e+00,-1.686284103460985193e+02
4.905000000000084626e+00,4.298158137661004048e+02,6.670051254037517197e+01,5.753214027380735729e+00,4.749999999999180211e+00,-1.677951569199734934e+02
4.907500000000085016e+00,4.299825468792454330e+02,6.666850758406197031e+01,5.696514719087066858e+00,4.749999999999180211e+00,-1.669683826355087319e+02
4.910000000000085407e+00,4.301491999829714814e+02,6.663650783091495100e+01,5.641358231246353050e+00,4.749999999999180211e+00,-1.661496886166282252e+02
4.912500000000085798e+00,4.303157730902479443e+02,6.660451321444820394e+01,5.587700286107063263e+00,5.499999999999297451e+00,-1.653388573774715553e+02
4.915000000000086189e+00,4.304822662138798819e+02,6.657252367121857617e+01,5.551376789994095340e+00,6.249999999999414690e+00,-1.645351611905059883e+02
4.917500000000086580e+00,4.306486793665153527e+02,6.654053914088974864e+01,5.531860510966754241e+00,6.999999999999531930e+00,-1.637361258451644801e+02
4.920000000000086970e+00,4.308150125606534289e+02,6.650855956620090126e+01,5.528636738262964201e+00,7.749999999999650058e+00,-1.629393522977030102e+02
4.922500000000087361e+00,4.309812658086517558e+02,6.647658489306948582e+01,5.541202776338733038e+00,8.499999999999765521e+00,-1.621425149427337260e+02
4.925000000000087752e+00,4.311474391227345677e+02,6.644461507055915206e+01,5.569067828191240466e+00,9.249999999999882760e+00,-1.613433599318217091e+02
4.927500000000088143e+00,4.313135325150005883e+02,6.641265005095385732e+01,5.611753076284005992e+00,1.000000000000000000e+01,-1.605397035331435234e+02
4.930000000000088534e+00,4.314795459974310461e+02,6.638068978974344247e+01,5.668790041788763112e+00,1.000000000000000000e+01,-1.597294305465810282e+02
4.932500000000088924e+00,4.316454795818977459e+02,6.634873424564307243e+01,5.724149118547631865e+00,9.249999999999882760e+00,-1.589109993415178224e+02
4.935000000000089315e+00,4.318113332801710271e+02,6.631678338063228750e+01,5.762285005308923402e+00,8.499999999999765521e+00,-1.580851594665692232e+02
4.937500000000089706e+00,4.319771071039281765e+02,6.628483716006061854e+01,5.783666014009657630e+00,7.749999999999648281e+00,-1.572543768642068756e+02
4.940000000000090097e+00,4.321428010647617270e+02,6.625289555272384234e+01,5.788750139790018956e+00,6.999999999999531042e+00,-1.564210505007515053e+02
4.942500000000090488e+00,4.323084151741881556e+02,6.622095853090085882e+01,5.777985359645780861e+00,6.249999999999414690e+00,-1.555875138387084178e+02
4.945000000000090878e+00,4.324739494436566360e+02,6.618902607041933095e+01,5.751808574380904204e+00,5.499999999999297451e+00,-1.547560362567478194e+02
4.947500000000091269e+00,4.326394038845580212e+02,6.615709815074279732e+01,5.710647575696076395e+00,4.749999999999180211e+00,-1.539288244508639991e+02
4.950000000000091660e+00,4.328047785082337668e+02,6.612517475492013830e+01,5.654920464133523339e+00,4.749999999999180211e+00,-1.531080237863609455e+02
4.952500000000092051e+00,4.329700733259850836e+02,6.609325586962172849e+01,5.600695819573378031e+00,4.749999999999180211e+00,-1.522952101510600471e+02
4.955000000000092442e+00,4.331352883490818044e+02,6.606134148515184279e+01,5.547931238577082702e+00,5.499999999999297451e+00,-1.514901708027356051e+02
4.957500000000092832e+00,4.333004235887717073e+02,6.602943159541875673e+01,5.512197145564093681e+00,6.249999999999414690e+00,-1.506921910521581083e+02
4.960000000000093223e+00,4.334654790562893254e+02,6.599752619791868824e+01,5.492979319939210292e+00,6.999999999999531930e+00,-1.498988385487454593e+02
4.962500000000093614e+00,4.336304547628648720e+02,6.596562529367145089e+01,5.489775733942554581e+00,7.749999999999650058e+00,-1.491077545793102956e+02
4.965000000000094005e+00,4.337953507197332215e+02,6.593372888724022118e+01,5.502095727561399308e+00,8.499999999999765521e+00,-1.483166524548601046e+02
4.967500000000094396e+00,4.339601669381425495e+02,6.590183698664941403e+01,5.529460290366856157e+00,9.249999999999882760e+00,-1.475233158011788248e+02
4.970000000000094786e+00,4.341249034293630871e+02,6.586994960335690052e+01,5.571401416868060785e+00,1.000000000000000000e+01,-1.467255970331695778e+02
4.972500000000095177e+00,4.342895602046957038e+02,6.583806675224965943e+01,5.627462278917692906e+00,1.000000000000000000e+01,-1.459214157509655649e+02
4.975000000000095568e+00,4.344541372754803206e+02,6.580618845163391484e+01,5.681885282996103292e+00,9.249999999999882760e+00,-1.451092553342033113e+02
4.977500000000095959e+00,4.346186346531046070e+02,6.577431472318491501e+01,5.719385722219275436e+00,8.499999999999765521e+00,-1.442898515960827979e+02
4.980000000000096350e+00,4.347830523490123369e+02,6.574244559197823889e+01,5.740420455352851725e+00,7.749999999999648281e+00,-1.434656277414558190e+02
4.982500000000096740e+00,4.349473903747118584e+02,6.571058108650362328e+01,5.745435407336157319e+00,6.999999999999531042e+00,-1.426389412897226805e+02
4.985000000000097131e+00,4.351116487417846770e+02,6.567872123845913279e+01,5.734867096626032001e+00,6.249999999999414690e+00,-1.418120855313460993e+02
4.987500000000097522e+00,4.352758274618934138e+02,6.564686608277176560e+01,5.709142010082498331e+00,5.499999999999297451e+00,-1.409872908818093151e+02
4.990000000000097913e+00,4.354399265467896498e+02,6.561501565747914810e+01,5.668676962747817072e+00,4.749999999999180211e+00,-1.401667262777053509e+02
4.992500000000098304e+00,4.356039460083219410e+02,6.558317000366727711e+01,5.613879607452266995e+00,4.749999999999180211e+00,-1.393525004807840730e+02
4.995000000000098694e+00,4.357678858584431509e+02,6.555132916526405040e+01,5.560544982327085606e+00,4.749999999999180211e+00,-1.385461626649691596e+02
4.997500000000099085e+00,4.359317461092175563e+02,6.551949318892792462e+01,5.508632038282431864e+00,5.499999999999297451e+00,-1.377475042537276408e+02
5.000000000000099476e+00,4.360955267728275544e+02,6.548766212394336605e+01,5.473449626129953671e+00,6.249999999999414690e+00,-1.369558232633228840e+02
5.002500000000099867e+00,4.362592278615803139e+02,6.545583602211776508e+01,5.454496092900559034e+00,6.999999999999531930e+00,-1.361687296262913094e+02
5.005000000000100258e+00,4.364228493879138000e+02,6.542401493763946974e+01,5.451282091041459665e+00,7.749999999999650058e+00,-1.353839053977038418e+02
5.007500000000100648e+00,4.365863913644028571e+02,6.539219892718010385e+01,5.463329001066890456e+00,8.499999999999765521e+00,-1.345991030572294846e+02
5.010000000000101039e+00,4.367498538037654043e+02,6.536038804969491878e+01,5.490169238832230292e+00,9.249999999999882760e+00,-1.338121439819811087e+02
5.012500000000101430e+00,4.369132367188678927e+02,6.532858236645529360e+01,5.531346570291034048e+00,1.000000000000000000e+01,-1.330209168346192712e+02
5.015000000000101821e+00,4.370765401227315010e+02,6.529678194103321687e+01,5.586414448265866639e+00,1.000000000000000000e+01,-1.322233760346273357e+02
5.017500000000102212e+00,4.372397640285374223e+02,6.526498683923625777e+01,5.639884285849755763e+00,9.249999999999882760e+00,-1.314180297254334278e+02
5.020000000000102602e+00,4.374029084496326618e+02,6.523319712910181067e+01,5.676728606732501348e+00,8.499999999999765521e+00,-1.306055988369102181e+02
5.022500000000102993e+00,4.375659733995356646e+02,6.520141288079919661e+01,5.697391459588635243e+00,7.749999999999648281e+00,-1.297884621388725748e+02
5.025000000000103384e+00,4.377289588919413745e+02,6.516963416656786023e+01,5.702307896573135970e+00,6.999999999999531042e+00,-1.289689341906175173e+02
5.027500000000103775e+00,4.378918649407265207e+02,6.513786106045668589e+01,5.691902905705033433e+00,6.249999999999414690e+00,-1.281492666925762194e+02
5.030000000000104166e+00,4.380546915599538806e+02,6.510609363823930096e+01,5.666591850191164070e+00,5.499999999999297451e+00,-1.273316498673600563e+02
5.032500000000104556e+00,4.382174387638766575e+02,6.507433197717384132e+01,5.626781186437169069e+00,4.749999999999180211e+00,-1.265182138035244179e+02
5.035000000000104947e+00,4.383801065669418904e+02,6.504257615580307572e+01,5.572868755204406277e+00,4.749999999999180211e+00,-1.257110297946185966e+02
5.037500000000105338e+00,4.385426949837936377e+02,6.501082625372264090e+01,5.520380620367250302e+00,4.749999999999180211e+00,-1.249116196885925660e+02
5.040000000000105729e+00,4.387052040292754782e+02,6.497908235136354449e+01,5.469276452197610716e+00,5.499999999999297451e+00,-1.241197789183472224e+02
5.042500000000106120e+00,4.388676337184326144e+02,6.494734452996999607e+01,5.434608539748091438e+00,6.249999999999414690e+00,-1.233348182833897653e+02
5.045000000000106510e+00,4.390299840665136344e+02,6.491561287140899594e+01,5.415888054899736126e+00,6.999999999999531930e+00,-1.225543902784989996e+02
5.047500000000106901e+00,4.391922550889722174e+02,6.488388745805264080e+01,5.412637437975835297e+00,7.749999999999650058e+00,-1.217762178606916450e+02
5.050000000000107292e+00,4.393544468014681570e+02,6.485216837279770630e+01,5.424390292849877504e+00,8.499999999999765521e+00,-1.209980927797201957e+02
5.052500000000107683e+00,4.395165592198687818e+02,6.482045569897299231e+01,5.450691075523554474e+00,9.249999999999882760e+00,-1.202178740300735882e+02
5.055000000000108074e+00,4.396785923602500361e+02,6.478874952035356216e+01,5.491093625733344474e+00,1.000000000000000000e+01,-1.194334863074878257e+02
5.057500000000108464e+00,4.398405462388975025e+02,6.475704992115784364e+01,5.545162934247888309e+00,1.000000000000000000e+01,-1.186429185725864954e+02
5.060000000000108855e+00,4.400024208723075958e+02,6.472535698609080157e+01,5.597673755200912815e+00,9.249999999999882760e+00,-1.178447031822390585e+02
5.062500000000109246e+00,4.401642162771888138e+02,6.469367080024625238e+01,5.633849838098392127e+00,8.499999999999765521e+00,-1.170395455498116490e+02
5.065000000000109637e+00,4.403259324704624191e+02,6.466199144913746011e+01,5.654124134381737221e+00,7.749999999999648281e+00,-1.162297794221689742e+02
5.067500000000110028e+00,4.404875694692638604e+02,6.463031901849042526e+01,5.658919711771222438e+00,6.999999999999531042e+00,-1.154176759427652001e+02
5.070000000000110418e+00,4.406491272909428858e+02,6.459865359401185003e+01,5.648651257034830842e+00,6.249999999999414690e+00,-1.146054450134735418e+02
5.072500000000110809e+00,4.408106059530634298e+02,6.456699526121153099e+01,5.623723170446129238e+00,5.499999999999297451e+00,-1.137952365656664284e+02
5.075000000000111200e+00,4.409720054734029873e+02,6.453534410506158281e+01,5.584531884236785260e+00,4.749999999999180211e+00,-1.129891420028860409e+02
5.077500000000111591e+00,4.411333258699510793e+02,6.450370020989483066e+01,5.531464912451931504e+00,4.749999999999180211e+00,-1.121891954180821926e+02
5.080000000000111982e+00,4.412945671609077749e+02,6.447206365922785665e+01,5.479784367602663409e+00,4.749999999999180211e+00,-1.113968917687168840e+02
5.082500000000112372e+00,4.414557293646813037e+02,6.444043453554246526e+01,5.429452180417091434e+00,5.499999999999297451e+00,-1.106120308744562237e+02
5.085000000000112763e+00,4.416168124998854410e+02,6.440881292009628112e+01,5.395268678203482438e+00,6.249999999999414690e+00,-1.098339364794612294e+02
5.087500000000113154e+00,4.417778165853363816e+02,6.437719889285473585e+01,5.376758004852977280e+00,6.999999999999531930e+00,-1.090603035995570593e+02
5.090000000000113545e+00,4.419387416400495567e+02,6.434559253242213117e+01,5.373454414657462763e+00,7.749999999999650058e+00,-1.082888958653074098e+02
5.092500000000113936e+00,4.420995876832361091e+02,6.431399391616596972e+01,5.384903033016579244e+00,8.499999999999765521e+00,-1.075175439735251643e+02
5.095000000000114326e+00,4.422603547342999377e+02,6.428240312026004233e+01,5.410659580407775948e+00,9.249999999999882760e+00,-1.067441440961413832e+02
5.097500000000114717e+00,4.424210428128346280e+02,6.425082021954671063e+01,5.450289443697388769e+00,1.000000000000000000e+01,-1.059666564239484927e+02
5.100000000000115108e+00,4.425816519386201549e+02,6.421924528764819229e+01,5.503367587534628846e+00,1.000000000000000000e+01,-1.051831036701177027e+02
5.102500000000115499e+00,4.427421821316198134e+02,6.418767839696700150e+01,5.554926230325160752e+00,9.249999999999882760e+00,-1.043920418228293556e+02
5.105000000000115890e+00,4.429026334119773765e+02,6.415611961870533264e+01,5.590435313663738803e+00,8.499999999999765521e+00,-1.035941607464569358e+02
5.107500000000116280e+00,4.430630058000138547e+02,6.412456902291700089e+01,5.610316162125405626e+00,7.749999999999648281e+00,-1.027917497915342437e+02
5.110000000000116671e+00,4.432232993162246544e+02,6.409302667827562061e+01,5.614981020613225127e+00,6.999999999999531042e+00,-1.019870375237798186e+02
5.112500000000117062e+00,4.433835139812761099e+02,6.406149265193276676e+01,5.604833204519978906e+00,6.249999999999414690e+00,-1.011821929402975400e+02
5.115000000000117453e+00,4.435436498160015049e+02,6.402996700940266805e+01,5.580267283071107087e+00,5.499999999999297451e+00,-1.003793268906992040e+02
5.117500000000117844e+00,4.437037068413968655e+02,6.399844981432243429e+01,5.541669155735200469e+00,4.749999999999180211e+00,-9.958049327007302054e+01
5.120000000000118234e+00,4.438636850786162995e+02,6.396694112827176326e+01,5.489417032268959495e+00,4.749999999999180211e+00,-9.878769039329053214e+01
5.122500000000118625e+00,4.440235845489665394e+02,6.393544101067503505e+01,5.438516033571007213e+00,4.749999999999180211e+00,-9.800238752701443445e+01
5.125000000000119016e+00,4.441834052739017125e+02,6.390394951862073469e+01,5.388929177370417989e+00,5.499999999999297451e+00,-9.722438934910056219e+01
5.127500000000119407e+00,4.443431472750172588e+02,6.387246670676702109e+01,5.355211471908544851e+00,6.249999999999414690e+00,-9.645303284977482861e+01
5.130000000000119798e+00,4.445028105740437923e+02,6.384099262728146584e+01,5.336898482833874802e+00,6.999999999999531930e+00,-9.568605491550506770e+01
5.132500000000120188e+00,4.446623951928410747e+02,6.380952732990576948e+01,5.333536934509359284e+00,7.749999999999650058e+00,-9.492125919576245963e+01
5.135000000000120579e+00,4.448219011533917637e+02,6.377807086210204091e+01,5.344683207190041863e+00,8.499999999999765521e+00,-9.415651450061093897e+01
5.137500000000120970e+00,4.449813284777960121e+02,6.374662326906861409e+01,5.369903992910161961e+00,9.249999999999882760e+00,-9.338975334608535661e+01
5.140000000000121361e+00,4.451406771882655562e+02,6.371518459377737997e+01,5.408774659951527397e+00,1.000000000000000000e+01,-9.261897050127130626e+01
5.142500000000121751e+00,4.452999473071184866e+02,6.368375487716163974e+01,5.460881482452104585e+00,1.000000000000000000e+01,-9.184222160821808245e+01
5.145000000000122142e+00,4.454591388567740182e+02,6.365233415812046047e+01,5.511507197414628578e+00,9.249999999999882760e+00,-9.105808551606189383e+01
5.147500000000122533e+00,4.456182518597474882e+02,6.362092247359370845e+01,5.546362034599026991e+00,8.499999999999765521e+00,-9.026723711977244591e+01
5.150000000000122924e+00,4.457772863386455242e+02,6.358951985855743771e+01,5.565856925402676403e+00,7.749999999999648281e+00,-8.947192308073184108e+01
5.152500000000123315e+00,4.459362423161609854e+02,6.355812634598508026e+01,5.570392578583708065e+00,6.999999999999531042e+00,-8.867433099241101502e+01
5.155000000000123705e+00,4.460951198150680739e+02,6.352674196672585083e+01,5.560362457378289491e+00,6.249999999999414690e+00,-8.787659077000654406e+01
5.157500000000124096e+00,4.462539188582168208e+02,6.349536674931997737e+01,5.536150892598193707e+00,5.499999999999297451e+00,-8.708077591545701068e+01
5.160000000000124487e+00,4.464126394685272885e+02,6.346400071995335423e+01,5.498134271236397197e+00,4.749999999999180211e+00,-8.628890470981431804e+01
5.162500000000124878e+00,4.465712816689836586e+02,6.343264390236815586e+01,5.446680689430624334e+00,4.749999999999180211e+00,-8.550294151778109608e+01
5.165000000000125269e+00,4.467298454826280931e+02,6.340129631781294961e+01,5.396544594533697392e+00,4.749999999999180211e+00,-8.472433158676457765e+01
5.167500000000125659e+00,4.468883309325543109e+02,6.336995798496349153e+01,5.347690348927132575e+00,5.499999999999297451e+00,-8.395288486342886358e+01
5.170000000000126050e+00,4.470467380419013921e+02,6.333862891996481181e+01,5.314432378857622652e+00,6.249999999999414690e+00,-8.318795167951350322e+01
5.172500000000126441e+00,4.472050668338472974e+02,6.330730913646907254e+01,5.296318626854195522e+00,6.999999999999531930e+00,-8.242730976223641903e+01
5.175000000000126832e+00,4.473633173316027865e+02,6.327599864572443522e+01,5.292906725068489138e+00,7.749999999999650058e+00,-8.166880158062980399e+01
5.177500000000127223e+00,4.475214895584052783e+02,6.324469745663679987e+01,5.303763874919616761e+00,8.499999999999765521e+00,-8.091033296862326551e+01
5.180000000000127613e+00,4.476795835375132810e+02,6.321340557590636422e+01,5.328467290417302493e+00,9.249999999999882760e+00,-8.014987169784292576e+01
5.182500000000128004e+00,4.478375992922008209e+02,6.318212300808229287e+01,5.366603280286697419e+00,1.000000000000000000e+01,-7.938544600631000492e+01
5.185000000000128395e+00,4.479955368457520422e+02,6.315084975568393588e+01,5.417767010249019854e+00,1.000000000000000000e+01,-7.861514329420030833e+01
5.187500000000128786e+00,4.481533962214563189e+02,6.311958581938312562e+01,5.467487859380089965e+00,9.249999999999882760e+00,-7.783756465419286030e+01
5.190000000000129177e+00,4.483111774426037641e+02,6.308833119806708112e+01,5.501711505517345557e+00,8.499999999999765521e+00,-7.705337087590355338e+01
5.192500000000129567e+00,4.484688805324806253e+02,6.305708588885005383e+01,5.520837357481485519e+00,7.749999999999648281e+00,-7.626476791127683441e+01
5.195000000000129958e+00,4.486265055143649079e+02,6.302584988708376557e+01,5.525256310256656533e+00,6.999999999999531042e+00,-7.547390456295140382e+01
5.197500000000130349e+00,4.487840524115221115e+02,6.299462318629160507e+01,5.515351148314966423e+00,6.249999999999414690e+00,-7.468287372527514378e+01
5.200000000000130740e+00,4.489415212472003418e+02,6.296340577809792194e+01,5.491497260085805188e+00,5.499999999999297451e+00,-7.389371361045553499e+01
5.202500000000131131e+00,4.490989120446257630e+02,6.293219765230170282e+01,5.454061260940698652e+00,4.749999999999180211e+00,-7.310840888152247885e+01
5.205000000000131521e+00,4.492562248269980500e+02,6.290099879689520179e+01,5.403403016583178342e+00,4.749999999999180211e+00,-7.232889187560105881e+01
5.207500000000131912e+00,4.494134596174858416e+02,6.286980919803066570e+01,5.354029684659903587e+00,4.749999999999180211e+00,-7.155658514692306937e+01
5.210000000000132303e+00,4.495706164392219648e+02,6.283862883998557436e+01,5.305907105793873590e+00,5.499999999999297451e+00,-7.079130425194628629e+01
5.212500000000132694e+00,4.497276953152990586e+02,6.280745770526205973e+01,5.273114052916924699e+00,6.249999999999414690e+00,-7.003241260811392976e+01
5.215000000000133085e+00,4.498846962687649125e+02,6.277629577464636412e+01,5.255209868847226851e+00,6.999999999999531930e+00,-6.927772732381365017e+01
5.217500000000133475e+00,4.500416193226184305e+02,6.274514302733092563e+01,5.251763319034930433e+00,7.749999999999650058e+00,-6.852512840527971605e+01
5.220000000000133866e+00,4.501984644998055956e+02,6.271399944104933866e+01,5.262352068210983447e+00,8.499999999999765521e+00,-6.777255735588433083e+01
5.222500000000134257e+00,4.503552318232158882e+02,6.268286499214730867e+01,5.286563713292130373e+00,9.249999999999882760e+00,-6.701801589586028740e+01
5.225000000000134648e+00,4.505119213156789897e+02,6.265173965565581682e+01,5.323993758860995129e+00,1.000000000000000000e+01,-6.625956451362650057e+01
5.227500000000135039e+00,4.506685329999613714e+02,6.262062340544320449e+01,5.374247273647227097e+00,1.000000000000000000e+01,-6.549532131635216103e+01
5.230000000000135429e+00,4.508250668987635663e+02,6.258951621430522039e+01,5.423095224374508305e+00,9.249999999999882760e+00,-6.472390895536811684e+01
5.232500000000135820e+00,4.509815230347175543e+02,6.255841805401615829e+01,5.456714503125292381e+00,8.499999999999765521e+00,-6.394597499146197350e+01
5.235000000000136211e+00,4.511379014303841473e+02,6.252732889540228456e+01,5.475493961533211440e+00,7.749999999999648281e+00,-6.316368683118331973e+01
5.237500000000136602e+00,4.512942021082507154e+02,6.249624870826795586e+01,5.479815338394367963e+00,6.999999999999531042e+00,-6.237915641422051749e+01
5.240000000000136993e+00,4.514504250907285154e+02,6.246517746138601979e+01,5.470051439938243831e+00,6.249999999999414690e+00,-6.159444143212760281e+01
5.242500000000137383e+00,4.516065704001501331e+02,6.243411512253584306e+01,5.446567987038535286e+00,5.499999999999297451e+00,-6.081154654359567502e+01
5.245000000000137774e+00,4.517626380587671520e+02,6.240306165851212938e+01,5.409722920486309761e+00,4.749999999999180211e+00,-6.003242440555929704e+01
5.247500000000138165e+00,4.519186280887474823e+02,6.237201703508616646e+01,5.359867135901209778e+00,4.749999999999180211e+00,-5.925897684212810645e+01
5.250000000000138556e+00,4.520745405121728595e+02,6.234098121697495998e+01,5.311265536068474624e+00,4.749999999999180211e+00,-5.849260500685034714e+01
5.252500000000138947e+00,4.522303753510362867e+02,6.230995416794258546e+01,5.263884877230916359e+00,5.499999999999297451e+00,-5.773312976913801720e+01
5.255000000000139337e+00,4.523861326272397037e+02,6.227893585082452432e+01,5.231572149702502728e+00,6.249999999999414690e+00,-5.697992728748485547e+01
5.257500000000139728e+00,4.525418123625914291e+02,6.224792622754959837e+01,5.213896753099900749e+00,6.999999999999531930e+00,-5.623085245658064224e+01
5.260000000000140119e+00,4.526974145788042847e+02,6.221692525921910288e+01,5.210438121799801259e+00,7.749999999999650058e+00,-5.548382144301743324e+01
5.262500000000140510e+00,4.528529392974933785e+02,6.218593290612473368e+01,5.220784530236338483e+00,8.499999999999765521e+00,-5.473681017212052780e+01
5.265000000000140901e+00,4.530083865401740013e+02,6.215494912785705139e+01,5.244532865915521036e+00,9.249999999999882760e+00,-5.398785311385555019e+01
5.267500000000141291e+00,4.531637563282601491e+02,6.212397388332956893e+01,5.281289118432516361e+00,1.000000000000000000e+01,-5.323504200688935128e+01
5.270000000000141682e+00,4.533190486830626469e+02,6.209300713081805156e+01,5.330666533774287785e+00,1.000000000000000000e+01,-5.247652456283186950e+01
5.272500000000142073e+00,4.534742636257877280e+02,6.206204882801976908e+01,5.378674584132498104e+00,9.249999999999882760e+00,-5.171094441533605135e+01
5.275000000000142464e+00,4.536294011775354988e+02,6.203109893207921743e+01,5.411719046971150249e+00,8.499999999999765521e+00,-5.093893676619897093e+01
5.277500000000142855e+00,4.537844613592986889e+02,6.200015739963038897e+01,5.430179180733895272e+00,7.749999999999648281e+00,-5.016263205427058125e+01
5.280000000000143245e+00,4.539394441919612291e+02,6.196922418678190070e+01,5.434426505740005631e+00,6.999999999999531042e+00,-4.938410691196815350e+01
5.282500000000143636e+00,4.540943496962971722e+02,6.193829924914812324e+01,5.424824532687389400e+00,6.249999999999414690e+00,-4.860538529791938345e+01
5.285000000000144027e+00,4.542491778929691577e+02,6.190738254189885481e+01,5.401730031942400423e+00,5.499999999999297451e+00,-4.782843962674299121e+01
5.287500000000144418e+00,4.544039288025276733e+02,6.187647401978807693e+01,5.365492084198830725e+00,4.749999999999180211e+00,-4.705519176712073914e+01
5.290000000000144809e+00,4.545586024454098037e+02,6.184557363719256529e+01,5.316453143043402108e+00,4.749999999999180211e+00,-4.628751411173215047e+01
5.292500000000145199e+00,4.547131988419383788e+02,6.181468134811605353e+01,5.268638351452324287e+00,4.749999999999180211e+00,-4.552678696373156697e+01
5.295000000000145590e+00,4.548677180123209496e+02,6.178379710621693732e+01,5.222015456238839448e+00,5.499999999999297451e+00,-4.477283633507320815e+01
5.297500000000145981e+00,4.550221599766491636e+02,6.175292086487952048e+01,5.190201132036388110e+00,6.249999999999414690e+00,-4.402505053002471413e+01
5.300000000000146372e+00,4.551765247548979119e+02,6.172205257726201921e+01,5.172775484621556785e+00,6.999999999999531930e+00,-4.328132101069972748e+01
5.302500000000146763e+00,4.553308123669248744e+02,6.169119219634153239e+01,5.169328239223830224e+00,7.749999999999650058e+00,-4.253959881351509154e+01
5.305000000000147153e+00,4.554850228324701220e+02,6.166033967494696810e+01,5.179457230281292901e+00,8.499999999999765521e+00,-4.179789318945303478e+01
5.307500000000147544e+00,4.556391561711556619e+02,6.162949496576219133e+01,5.202768878937868102e+00,9.249999999999882760e+00,-4.105427043264021592e+01
5.310000000000147935e+00,4.557932124024852101e+02,6.159865802138272528e+01,5.238878002355746411e+00,1.000000000000000000e+01,-4.030685268124135234e+01
5.312500000000148326e+00,4.559471915458439071e+02,6.156782879431732169e+01,5.287407373616884065e+00,1.000000000000000000e+01,-3.955381670754442069e+01
5.315000000000148717e+00,4.561010936204980339e+02,6.153700723703241948e+01,5.334602658616905302e+00,9.249999999999882760e+00,-3.879382665132605723e+01
5.317500000000149107e+00,4.562549186455951258e+02,6.150619330196094126e+01,5.367096520681174709e+00,8.499999999999765521e+00,-3.802750591438773853e+01
5.320000000000149498e+00,4.564086666401638013e+02,6.147538694150199490e+01,5.385258429575407568e+00,7.749999999999648281e+00,-3.725694926325211043e+01
5.322500000000149889e+00,4.565623376231135353e+02,6.144458810803633497e+01,5.389450449845300639e+00,6.999999999999531042e+00,-3.648419913573693663e+01
5.325000000000150280e+00,4.567159316132348863e+02,6.141379675398987104e+01,5.380027237176943089e+00,6.249999999999414690e+00,-3.571124672308685888e+01
5.327500000000150671e+00,4.568694486291994394e+02,6.138301283188406643e+01,5.357336593607017861e+00,5.499999999999297451e+00,-3.494003302449642234e+01
5.330000000000151061e+00,4.570228886895601477e+02,6.135223629433782833e+01,5.321719065314859165e+00,4.749999999999180211e+00,-3.417244982565920708e+01
5.332500000000151452e+00,4.571762518127516728e+02,6.132146709410088192e+01,5.273508611488800568e+00,4.749999999999180211e+00,-3.341034068592545481e+01
5.335000000000151843e+00,4.573295380170904991e+02,6.129070518410701141e+01,5.226492479174622119e+00,4.749999999999180211e+00,-3.265506539633734917e+01
5.337500000000152234e+00,4.574827473207756725e+02,6.125995051751935705e+01,5.180639473846280652e+00,5.499999999999297451e+00,-3.190645467916101552e+01
5.340000000000152625e+00,4.576358797418891982e+02,6.122920304776216227e+01,5.149337331344367996e+00,6.249999999999414690e+00,-3.116390853315486353e+01
5.342500000000153015e+00,4.577889352983968934e+02,6.119846272855416203e+01,5.132176492305457138e+00,6.999999999999531930e+00,-3.042535397538259190e+01
5.345000000000153406e+00,4.579419140081489559e+02,6.116772951388151114e+01,5.128756415309527306e+00,7.749999999999650058e+00,-2.968877606386356405e+01
5.347500000000153797e+00,4.580948158888807598e+02,6.113700335801515706e+01,5.138684544213188765e+00,8.499999999999765521e+00,-2.895221664130039585e+01
5.350000000000154188e+00,4.582476409582135375e+02,6.110628421552591050e+01,5.161576661906580377e+00,9.249999999999882760e+00,-2.821377322679098754e+01
5.352500000000154579e+00,4.584003892336550621e+02,6.107557204128698913e+01,5.197056602195133657e+00,1.000000000000000000e+01,-2.747159780326654399e+01
5.355000000000154969e+00,4.585530607326004429e+02,6.104486679044773467e+01,5.244755660480269199e+00,1.000000000000000000e+01,-2.672389572492189913e+01
5.357500000000155360e+00,4.587056554723329214e+02,6.101416841843704475e+01,5.291154707505930865e+00,9.249999999999882760e+00,-2.596935155209551738e+01
5.360000000000155751e+00,4.588581734700243260e+02,6.098347688095088159e+01,5.323112070415782604e+00,8.499999999999765521e+00,-2.520857726875781779e+01
5.362500000000156142e+00,4.590106147427359815e+02,6.095279213396379703e+01,5.340987934984553931e+00,7.749999999999648281e+00,-2.444363276382006589e+01
5.365000000000156533e+00,4.591629793074192776e+02,6.092211413374563023e+01,5.345135143994911076e+00,6.999999999999531042e+00,-2.367652693031747546e+01
5.367500000000156923e+00,4.593152671809164644e+02,6.089144283690028203e+01,5.335899572135498481e+00,6.249999999999414690e+00,-2.290921872868814901e+01
5.370000000000157314e+00,4.594674783799615057e+02,6.086077820040280528e+01,5.313620033737554316e+00,5.499999999999297451e+00,-2.214361815919122733e+01
5.372500000000157705e+00,4.596196129211810444e+02,6.083012018160732737e+01,5.278629058793571360e+00,4.749999999999180211e+00,-2.138158721132150575e+01
5.375000000000158096e+00,4.597716708210951992e+02,6.079946873829307208e+01,5.231252651681896459e+00,4.749999999999180211e+00,-2.062494080093544824e+01
5.377500000000158487e+00,4.599236520961189854e+02,6.076882382868875965e+01,5.185040461501978726e+00,4.749999999999180211e+00,-1.987501818921266050e+01
5.380000000000158877e+00,4.600755567625631102e+02,6.073818541150993155e+01,5.139962258020182695e+00,5.499999999999297451e+00,-1.913165458846701483e+01
5.382500000000159268e+00,4.602273848366353945e+02,6.070755344595669101e+01,5.109178303728137749e+00,6.249999999999414690e+00,-1.839426128340767264e+01
5.385000000000159659e+00,4.603791363344419665e+02,6.067692789170103396e+01,5.092288651764524943e+00,6.999999999999531930e+00,-1.766080020785946303e+01
5.387500000000160050e+00,4.605308112719883411e+02,6.064630870889024550e+01,5.088902902247622428e+00,7.749999999999650058e+00,-1.692928995131974901e+01
5.390000000000160441e+00,4.606824096651807281e+02,6.061569585813824546e+01,5.098637785173987247e+00,8.499999999999765521e+00,-1.619780456463145057e+01
5.392500000000160831e+00,4.608339315298270549e+02,6.058508930050285812e+01,5.121118060643615522e+00,9.249999999999882760e+00,-1.546447245472570664e+01
5.395000000000161222e+00,4.609853768816382171e+02,6.055448899746381386e+01,5.155976544630419767e+00,1.000000000000000000e+01,-1.472747525711262995e+01
5.397500000000161613e+00,4.611367457362290452e+02,6.052389491091697948e+01,5.202853163441563566e+00,1.000000000000000000e+01,-1.398504677843690303e+01
5.400000000000162004e+00,4.612880381091192703e+02,6.049330700316070875e+01,5.248462540199812842e+00,9.249999999999882760e+00,-1.323589195252961481e+01
5.402500000000162395e+00,4.614392540157346048e+02,6.046272523687809297e+01,5.279888159308750772e+00,8.499999999999765521e+00,-1.248061165844266895e+01
5.405000000000162785e+00,4.615903934714077650e+02,6.043214957515073849e+01,5.297480896747478241e+00,7.749999999999648281e+00,-1.172123130095186561e+01
5.407500000000163176e+00,4.617414564913793242e+02,6.040157998146582941e+01,5.301584462905437611e+00,6.999999999999531042e+00,-1.095972656069372597e+01
5.410000000000163567e+00,4.618924430907987926e+02,6.037101641971280230e+01,5.292536035950017315e+00,6.249999999999414690e+00,-1.019802437177127352e+01
5.412500000000163958e+00,4.620433532847256970e+02,6.034045885421996047e+01,5.270666436291062240e+00,5.499999999999297451e+00,-9.438003862677163625e+00
5.415000000000164349e+00,4.621941870881306613e+02,6.030990724978204298e+01,5.236299282949469003e+00,4.749999999999180211e+00,-8.681497272398940979e+00
5.417500000000164739e+00,4.623449445158964863e+02,6.027936157167451370e+01,5.189752885575187769e+00,4.749999999999180211e+00,-7.930290861213756592e+00
5.420000000000165130e+00,4.624956255828194571e+02,6.024882178566866031e+01,5.144340582017249197e+00,4.749999999999180211e+00,-7.185703262484636866e+00
5.422500000000165521e+00,4.626462303036105936e+02,6.021828785803692341e+01,5.100033518066350524e+00,5.499999999999297451e+00,-6.447573880306759264e+00
5.425000000000165912e+00,4.627967586928969013e+02,6.018775975554719793e+01,5.069764367053753773e+00,6.249999999999414690e+00,-5.715325010870872191e+00
5.427500000000166303e+00,4.629472107652225645e+02,6.015723744543829099e+01,5.053143770733146134e+00,6.999999999999531930e+00,-4.986953262325598324e+00
5.430000000000166693e+00,4.630975865350501408e+02,6.012672089543567466e+01,5.049790221531946344e+00,7.749999999999650058e+00,-4.260510567440362273e+00
5.432500000000167084e+00,4.632478860167617540e+02,6.009621007373049650e+01,5.059330190271366767e+00,8.499999999999765521e+00,-3.534103060818641673e+00
5.435000000000167475e+00,4.633981092246602316e+02,6.006570494895713352e+01,5.081397523166606867e+00,9.249999999999882760e+00,-2.805890004382545211e+00
5.437500000000167866e+00,4.635482561729702979e+02,6.003520549019255981e+01,5.115633433603367308e+00,1.000000000000000000e+01,-2.074082734093829927e+00
5.440000000000168257e+00,4.636983268758395411e+02,6.000471166693554892e+01,5.161686443152067483e+00,1.000000000000000000e+01,-1.336943606091283376e+00
5.442500000000168647e+00,4.638483213473396063e+02,5.997422344910700787e+01,5.206504182793907809e+00,9.249999999999882760e+00,-5.931981339095896422e-01
5.445000000000169038e+00,4.639982396014671622e+02,5.994374080703962449e+01,5.237394101070887764e+00,8.499999999999765521e+00,1.565637177639000732e-01
5.447500000000169429e+00,4.641480816521449242e+02,5.991326371145870411e+01,5.254697777808794434e+00,7.749999999999648281e+00,9.103509074787952127e-01
5.450000000000169820e+00,4.642978475132226777e+02,5.988279213352064545e+01,5.258750371542178392e+00,6.999999999999531042e+00,1.666220921144518252e+00
5.452500000000170211e+00,4.644475371984783010e+02,5.985232604482195740e+01,5.249880159504187738e+00,6.249999999999414690e+00,2.422278853044765867e+00
5.455000000000170601e+00,4.645971507216189593e+02,5.982186541740306041e+01,5.228409326374316990e+00,5.499999999999297451e+00,3.176676495038780246e+00
5.457500000000170992e+00,4.647466880962821278e+02,5.979141022375365111e+01,5.194654106084620082e+00,4.749999999999180211e+00,3.927611475433123722e+00
5.460000000000171383e+00,4.648961493360367854e+02,5.976096043679775249e+01,5.148924249547951248e+00,4.749999999999180211e+00,4.673326396929409654e+00
5.462500000000171774e+00,4.650455344543844376e+02,5.973051602992190112e+01,5.104298729416210101e+00,4.749999999999180211e+00,5.412523452468524177e+00
5.465000000000172165e+00,4.651948434647603676e+02,5.970007697696601667e+01,5.060749235890103392e+00,5.499999999999297451e+00,6.145359243767345880e+00
5.467500000000172555e+00,4.653440763805347160e+02,5.966964325222082977e+01,5.030983088955061078e+00,6.249999999999414690e+00,6.872400558626236666e+00
5.470000000000172946e+00,4.654932332150135608e+02,5.963921483041620775e+01,5.014620286166838525e+00,6.999999999999531930e+00,7.595616135581856554e+00
5.472500000000173337e+00,4.656423139814400542e+02,5.960879168671877437e+01,5.011288787570243208e+00,7.749999999999650058e+00,8.316920638759537354e+00
5.475000000000173728e+00,4.657913186929955600e+02,5.957837379675087419e+01,5.020624195179035354e+00,8.499999999999765521e+00,9.038175728508337059e+00
5.477500000000174118e+00,4.659402473628007328e+02,5.954796113654840894e+01,5.042269475068213325e+00,9.249999999999882760e+00,9.761191110238240043e+00
5.480000000000174509e+00,4.660891000039165419e+02,5.951755368254612932e+01,5.075874532536662542e+00,1.000000000000000000e+01,1.048772554802970447e+01
5.482500000000174900e+00,4.662378766293452372e+02,5.948715141163404496e+01,5.121096334970252073e+00,1.000000000000000000e+01,1.121948785664637072e+01
5.485000000000175291e+00,4.663865772520316000e+02,5.945675430114518178e+01,5.165113609033019415e+00,9.249999999999882760e+00,1.195773171924214218e+01
5.487500000000175682e+00,4.665352018848639659e+02,5.942636232887749514e+01,5.195457165499901109e+00,8.499999999999765521e+00,1.270187798228853282e+01
5.490000000000176072e+00,4.666837505406754758e+02,5.939597547309571013e+01,5.212459132553250107e+00,7.749999999999648281e+00,1.344997000296572054e+01
5.492500000000176463e+00,4.668322232322452123e+02,5.936559371254283946e+01,5.216445828226665249e+00,6.999999999999531042e+00,1.420009854156931439e+01
5.495000000000176854e+00,4.669806199722992801e+02,5.933521702646508089e+01,5.207737300854550888e+00,6.249999999999414690e+00,1.495040087585005750e+01
5.497500000000177245e+00,4.671289407735123405e+02,5.930484539459171600e+01,5.186647389470524061e+00,5.499999999999297451e+00,1.569905993779505593e+01
5.500000000000177636e+00,4.672771856485085209e+02,5.927447879709361445e+01,5.153483975387719518e+00,4.749999999999180211e+00,1.644430347247496726e+01
5.502500000000178026e+00,4.674253546098626657e+02,5.924411721461235203e+01,5.108549227397030990e+00,4.749999999999180211e+00,1.718440321908299495e+01
5.505000000000178417e+00,4.675734476701014728e+02,5.921376062824786857e+01,5.064689117086158987e+00,4.749999999999180211e+00,1.791808246962635920e+01
5.507500000000178808e+00,4.677214648417046874e+02,5.918340901954172040e+01,5.021876342597093590e+00,5.499999999999297451e+00,1.864549391322677963e+01
5.510000000000179199e+00,4.678694061371061252e+02,5.915306237048103100e+01,4.992593608681880291e+00,6.249999999999414690e+00,1.936719347836125849e+01
5.512500000000179590e+00,4.680172715686948663e+02,5.912272066346736921e+01,4.976470597287621089e+00,6.999999999999531930e+00,2.008511509384479155e+01
5.515000000000179980e+00,4.681650611488161076e+02,5.909238388132482811e+01,4.973145041011420631e+00,7.749999999999650058e+00,2.080113982371370440e+01
5.517500000000180371e+00,4.683127748897724700e+02,5.906205200732924965e+01,4.982261670591840996e+00,8.499999999999765521e+00,2.151709690987264167e+01
5.520000000000180762e+00,4.684604128038250224e+02,5.903172502521628928e+01,5.003471869293813157e+00,9.249999999999882760e+00,2.223476477063896084e+01
5.522500000000181153e+00,4.686079749031943606e+02,5.900140291920393310e+01,5.036434604845609897e+00,1.000000000000000000e+01,2.295587198505584681e+01
5.525000000000181544e+00,4.687554612000619727e+02,5.897108567402284507e+01,5.080814589495688871e+00,1.000000000000000000e+01,2.368209824167024991e+01
5.527500000000181934e+00,4.689028717065714318e+02,5.894077327496182050e+01,5.124020985068065137e+00,9.249999999999882760e+00,2.441467614173474487e+01
5.530000000000182325e+00,4.690502064348298745e+02,5.891046570792872927e+01,5.153804550487226521e+00,8.499999999999765521e+00,2.515303733534730668e+01
5.532500000000182716e+00,4.691974653969095925e+02,5.888016295942318834e+01,5.170488842364012960e+00,7.749999999999648281e+00,2.589525979141572165e+01
5.535000000000183107e+00,4.693446486048494535e+02,5.884986501653922630e+01,5.174391811853515932e+00,6.999999999999531042e+00,2.663946779125960873e+01
5.537500000000183498e+00,4.694917560706563222e+02,5.881957186695024831e+01,5.165824561407809767e+00,6.249999999999414690e+00,2.738383106963368618e+01
5.540000000000183888e+00,4.696387878063067092e+02,5.878928349892932914e+01,5.145092905572053787e+00,5.499999999999297451e+00,2.812656399965543841e+01
5.542500000000184279e+00,4.697857438237480210e+02,5.875899990130569961e+01,5.112497073796421709e+00,4.749999999999180211e+00,2.886592477572296289e+01
5.545000000000184670e+00,4.699326241349000952e+02,5.872872106339828946e+01,5.068331455725997969e+00,4.749999999999180211e+00,2.960021462986059149e+01
5.547500000000185061e+00,4.700794287516563372e+02,5.869844697501324049e+01,5.025210969942848216e+00,4.749999999999180211e+00,3.032817824879672486e+01
5.550000000000185452e+00,4.702261576858849139e+02,5.866817762643535872e+01,4.983109084430427771e+00,5.499999999999297451e+00,3.104996451814164260e+01
5.552500000000185842e+00,4.703728109494300043e+02,5.863791300840856735e+01,4.954286645303104919e+00,6.249999999999414690e+00,3.176611853211909775e+01
5.555000000000186233e+00,4.705193885541128225e+02,5.860765311206431960e+01,4.938383555732742458e+00,6.999999999999531930e+00,3.247853920221276525e+01
5.557500000000186624e+00,4.706658905117326981e+02,5.857739792901546139e+01,4.935046160527548409e+00,7.749999999999650058e+00,3.318907379471713881e+01
5.560000000000187015e+00,4.708123168340683264e+02,5.854714745137962240e+01,4.943928490348234561e+00,8.499999999999765521e+00,3.389951890454854322e+01
5.562500000000187406e+00,4.709586675328788488e+02,5.851690167174271551e+01,4.964690713649676290e+00,9.249999999999882760e+00,3.461162142552053922e+01
5.565000000000187796e+00,4.711049426199052732e+02,5.848666058326261208e+01,4.996999859502178509e+00,1.000000000000000000e+01,3.532707949815944914e+01
5.567500000000188187e+00,4.712511421068717823e+02,5.845642417972638327e+01,5.040529444181582441e+00,1.000000000000000000e+01,3.604754344677914446e+01
5.570000000000188578e+00,4.713972660054874382e+02,5.842619245558319108e+01,5.082915444597717602e+00,9.249999999999882760e+00,3.677422461878036586e+01
5.572500000000188969e+00,4.715433143274477743e+02,5.839596540596797070e+01,5.112126889441283240e+00,8.499999999999765521e+00,3.750656558031445797e+01
5.575000000000189360e+00,4.716892870844365575e+02,5.836574302671060366e+01,5.128478882883100276e+00,7.749999999999648281e+00,3.824267922110072249e+01
5.577500000000189750e+00,4.718351842881275502e+02,5.833552531433490884e+01,5.132280297107771894e+00,6.999999999999531042e+00,3.898072368740565707e+01
5.580000000000190141e+00,4.719810059501862156e+02,5.830531226609005557e+01,5.123834431216432783e+00,6.249999999999414690e+00,3.971890155402640232e+01
5.582500000000190532e+00,4.721267520822715369e+02,5.827510387983319617e+01,5.103438861734407972e+00,5.499999999999297451e+00,4.045545900905406000e+01
5.585000000000190923e+00,4.722724226960374381e+02,5.824490015396300180e+01,5.071385989469000322e+00,4.749999999999180211e+00,4.118868506212891134e+01
5.587500000000191314e+00,4.724180178031341484e+02,5.821470108740232519e+01,5.027962643551283861e+00,4.749999999999180211e+00,4.191691081386829154e+01
5.590000000000191704e+00,4.725635374152094528e+02,5.818450667955026034e+01,4.985555650474235989e+00,4.749999999999180211e+00,4.263890266843523591e+01
5.592500000000192095e+00,4.727089815439099425e+02,5.815431693027241522e+01,4.944139698895051893e+00,5.499999999999297451e+00,4.335480580630055414e+01
5.595000000000192486e+00,4.728543502008821520e+02,5.812413183988664400e+01,4.915756561921038603e+00,6.249999999999414690e+00,4.406515453714759900e+01
5.597500000000192877e+00,4.729996433977736388e+02,5.809395140910881850e+01,4.900054785986703187e+00,6.999999999999531930e+00,4.477181266273574778e+01
5.600000000000193268e+00,4.731448611462339500e+02,5.806377563906816874e+01,4.896690869531198587e+00,7.749999999999650058e+00,4.547659345338195891e+01
5.602500000000193658e+00,4.732900034579156454e+02,5.803360453139053021e+01,4.905327194596678986e+00,8.499999999999765521e+00,4.618126072212068323e+01
5.605000000000194049e+00,4.734350703444757755e+02,5.800343808831135561e+01,4.925632794399637859e+00,9.249999999999882760e+00,4.688752972808656239e+01
5.607500000000194440e+00,4.735800618175773025e+02,5.797327631265114434e+01,4.957282930651713215e+00,1.000000000000000000e+01,4.759706807396462835e+01
5.610000000000194831e+00,4.737249778888905212e+02,5.794311920794515913e+01,4.999959399687651462e+00,1.000000000000000000e+01,4.831149662332042283e+01
5.612500000000195222e+00,4.738698185700951058e+02,5.791296677846450081e+01,5.041521839390665782e+00,9.249999999999882760e+00,4.903200542185130217e+01
5.615000000000195612e+00,4.740145838728817580e+02,5.788281902935433720e+01,5.070154538987575066e+00,8.499999999999765521e+00,4.975804814300846601e+01
5.617500000000196003e+00,4.741592738089545946e+02,5.785267596667073775e+01,5.086164168789494511e+00,7.749999999999648281e+00,5.048777300062661766e+01
5.620000000000196394e+00,4.743038883900334213e+02,5.782253759732942910e+01,5.089851043876044479e+00,6.999999999999531042e+00,5.121937237059868409e+01
5.622500000000196785e+00,4.744484276278557218e+02,5.779240392912604563e+01,5.081510292990976119e+00,6.249999999999414690e+00,5.195108198662088483e+01
5.625000000000197176e+00,4.745928915341791026e+02,5.776227497070852479e+01,5.061431455952472014e+00,5.499999999999297451e+00,5.268118019402584196e+01
5.627500000000197566e+00,4.747372801207831117e+02,5.773215073150932142e+01,5.029899541790526563e+00,4.749999999999180211e+00,5.340798714648505552e+01
5.630000000000197957e+00,4.748815933994713987e+02,5.770203122169382937e+01,4.987193620760176138e+00,4.749999999999180211e+00,5.412986411485916705e+01
5.632500000000198348e+00,4.750258313820734202e+02,5.767191645215318374e+01,4.945476037767937427e+00,4.749999999999180211e+00,5.484559949033461379e+01
5.635000000000198739e+00,4.751699940804462017e+02,5.764180643444768748e+01,4.904722242212925742e+00,5.499999999999297451e+00,5.555533487487698352e+01
5.637500000000199130e+00,4.753140815064761000e+02,5.761170118076967128e+01,4.876758589400352228e+00,6.249999999999414690e+00,5.625959387340174089e+01
5.640000000000199520e+00,4.754580936720802811e+02,5.758160070391518559e+01,4.861243258378267207e+00,6.999999999999531930e+00,5.696020510673139370e+01
5.642500000000199911e+00,4.756020305892081979e+02,5.755150501735204216e+01,4.857840994908438681e+00,7.749999999999650058e+00,5.765894793600627111e+01
5.645000000000200302e+00,4.757458922698434662e+02,5.752141413529651714e+01,4.866223219735379857e+00,8.499999999999765521e+00,5.835755337253247177e+01
5.647500000000200693e+00,4.758896787260056840e+02,5.749132807279902124e+01,4.886067765163482512e+00,9.249999999999882760e+00,5.905770508976498689e+01
5.650000000000201084e+00,4.760333899697524771e+02,5.746124684579748987e+01,4.917057905175052035e+00,1.000000000000000000e+01,5.976104027240378258e+01
5.652500000000201474e+00,4.761770260131818873e+02,5.743117047109670636e+01,4.958883331887284029e+00,1.000000000000000000e+01,6.046915039519530666e+01
5.655000000000201865e+00,4.763205868684345319e+02,5.740109896647332022e+01,4.999624060927495783e+00,9.249999999999882760e+00,6.118320442435055639e+01
5.657500000000202256e+00,4.764640725476959346e+02,5.737103235078550512e+01,5.027675988609989766e+00,8.499999999999765521e+00,6.190266739939591645e+01
5.660000000000202647e+00,4.766074830631994814e+02,5.734097064390275733e+01,5.043337292271750982e+00,7.749999999999648281e+00,6.262572317428520563e+01
5.662500000000203038e+00,4.767508184272286940e+02,5.731091386667214493e+01,5.046899934492500961e+00,6.999999999999531042e+00,6.335059863511175848e+01
5.665000000000203428e+00,4.768940786521198447e+02,5.728086204088991451e+01,5.038651358678806425e+00,6.249999999999414690e+00,6.407556297100209974e+01
5.667500000000203819e+00,4.770372637502642306e+02,5.725081518921655999e+01,5.018873506508508164e+00,5.499999999999297451e+00,6.479892695164826932e+01
5.670000000000204210e+00,4.771803737341101055e+02,5.722077333501015772e+01,4.987843357194415184e+00,4.749999999999180211e+00,6.551904208573198218e+01
5.672500000000204601e+00,4.773234086161646132e+02,5.719073650231261041e+01,4.945833053796127032e+00,4.749999999999180211e+00,6.623430000116830740e+01
5.675000000000204992e+00,4.774663684089953790e+02,5.716070471580413681e+01,4.904784395232261396e+00,4.749999999999180211e+00,6.694351124103219774e+01
5.677500000000205382e+00,4.776092531252319873e+02,5.713067800063711843e+01,4.864673579508811407e+00,5.499999999999297451e+00,6.764681395565119715e+01
5.680000000000205773e+00,4.777520627775671755e+02,5.710065638244893194e+01,4.837114917934491665e+00,6.249999999999414690e+00,6.834472123174577973e+01
5.682500000000206164e+00,4.778947973787580850e+02,5.707063988730665471e+01,4.821775699726662978e+00,6.999999999999531930e+00,6.903902670820583864e+01
5.685000000000206555e+00,4.780374569416271697e+02,5.704062854179108655e+01,4.818329855240497395e+00,7.749999999999650058e+00,6.973147606830980294e+01
5.687500000000206946e+00,4.781800414790637319e+02,5.701062237301057678e+01,4.826457065382823153e+00,8.499999999999765521e+00,7.042376788273726618e+01
5.690000000000207336e+00,4.783225510040251720e+02,5.698062140863008551e+01,4.845843381797541483e+00,9.249999999999882760e+00,7.111755452014641321e+01
5.692500000000207727e+00,4.784649855295383531e+02,5.695062567696546552e+01,4.876180719878834502e+00,1.000000000000000000e+01,7.181444308550975109e+01
5.695000000000208118e+00,4.786073450687012496e+02,5.692063520697604417e+01,4.917166586658069605e+00,1.000000000000000000e+01,7.251599619467910429e+01
5.697500000000208509e+00,4.787496296346847089e+02,5.689065002823890893e+01,4.957096602610468139e+00,9.249999999999882760e+00,7.322336208124497148e+01
5.700000000000208900e+00,4.788918392407337592e+02,5.686067017105341392e+01,4.984575269383992868e+00,8.499999999999765521e+00,7.393601747175718231e+01
5.702500000000209290e+00,4.790339739001697694e+02,5.683069566647774451e+01,4.999891650016518696e+00,7.749999999999648281e+00,7.465218200039245744e+01
5.705000000000209681e+00,4.791760336263919839e+02,5.680072654618407313e+01,5.003330450562168075e+00,6.999999999999531042e+00,7.537011718945764471e+01
5.707500000000210072e+00,4.793180184328792279e+02,5.677076284239579707e+01,4.995170870066107938e+00,6.249999999999414690e+00,7.608812573358608233e+01
5.710000000000210463e+00,4.794599283331912147e+02,5.674080458781033798e+01,4.975687406315963734e+00,5.499999999999297451e+00,7.680455080006476010e+01
5.712500000000210854e+00,4.796017633409695691e+02,5.671085181547118736e+01,4.945149481384188306e+00,4.749999999999180211e+00,7.751777523692993555e+01
5.715000000000211244e+00,4.797435234699387365e+02,5.668090455864720667e+01,4.903822020756798850e+00,4.749999999999180211e+00,7.822622091850510628e+01
5.717500000000211635e+00,4.798852087339063814e+02,5.665096285080909411e+01,4.863430351673335927e+00,4.749999999999180211e+00,7.892872041737994948e+01
5.720000000000212026e+00,4.800268191467639554e+02,5.662102672550572180e+01,4.823951862510285515e+00,5.499999999999297451e+00,7.962540853823033160e+01
5.722500000000212417e+00,4.801683547224868107e+02,5.659109621634677012e+01,4.796792914137257391e+00,6.249999999999414690e+00,8.031678801607947094e+01
5.725000000000212808e+00,4.803098154751343714e+02,5.656117135698580256e+01,4.781629720067979150e+00,6.999999999999531930e+00,8.100461798624887422e+01
5.727500000000213198e+00,4.804512014188501894e+02,5.653125218110572092e+01,4.778144494631750838e+00,7.749999999999650058e+00,8.169061093164147280e+01
5.730000000000213589e+00,4.805925125678621157e+02,5.650133872248012779e+01,4.786025706316737960e+00,8.499999999999765521e+00,8.237643351885934351e+01
5.732500000000213980e+00,4.807337489364824137e+02,5.647143101490643602e+01,4.804967504277227519e+00,9.249999999999882760e+00,8.306370744132289019e+01
5.735000000000214371e+00,4.808749105391078160e+02,5.644152909229543269e+01,4.834669384378808665e+00,1.000000000000000000e+01,8.375401030913410239e+01
5.737500000000214762e+00,4.810159973902200363e+02,5.641163298868256959e+01,4.874836683838169371e+00,1.000000000000000000e+01,8.444887644803898752e+01
5.740000000000215152e+00,4.811570095043858828e+02,5.638174273825744365e+01,4.913977205021352823e+00,9.249999999999882760e+00,8.514943403913152054e+01
5.742500000000215543e+00,4.812979468962577130e+02,5.635185837539816589e+01,4.940898700492952322e+00,8.499999999999765521e+00,8.585517165156716146e+01
5.745000000000215934e+00,4.814388095805739454e+02,5.632197993462025920e+01,4.955882712686858760e+00,7.749999999999648281e+00,8.656434446580867359e+01
5.747500000000216325e+00,4.815795975721594573e+02,5.629210745049370246e+01,4.959206069823519414e+00,6.999999999999531042e+00,8.727524834640061613e+01
5.750000000000216716e+00,4.817203108859253575e+02,5.626224095758283283e+01,4.951140125532872638e+00,6.249999999999414690e+00,8.798621919991003892e+01
5.752500000000217106e+00,4.818609495368693274e+02,5.623238049039428432e+01,4.931952182234373261e+00,5.499999999999297451e+00,8.869563216645283887e+01
5.755000000000217497e+00,4.820015135400751092e+02,5.620252608326028820e+01,4.901904394564948753e+00,4.749999999999180211e+00,8.940190101845216475e+01
5.757500000000217888e+00,4.821420029107122787e+02,5.617267777022416197e+01,4.861254517754630911e+00,4.749999999999180211e+00,9.010347736292418119e+01
5.760000000000218279e+00,4.822824176640352221e+02,5.614283558495727533e+01,4.821516216563927593e+00,4.749999999999180211e+00,9.079921540555143622e+01
5.762500000000218670e+00,4.824227578153822833e+02,5.611299956071919581e+01,4.782667355773469353e+00,5.499999999999297451e+00,9.148924672331061458e+01
5.765000000000219060e+00,4.825630233801747409e+02,5.608316973027678642e+01,4.755910115012503603e+00,6.249999999999414690e+00,9.217406382332852388e+01
5.767500000000219451e+00,4.827032143739155003e+02,5.605334612584676535e+01,4.740929498685408028e+00,6.999999999999531930e+00,9.285539201449367397e+01
5.770000000000219842e+00,4.828433308121876166e+02,5.602352877916788287e+01,4.737416375828972015e+00,7.749999999999650058e+00,9.353491129842448970e+01
5.772500000000220233e+00,4.829833727106533843e+02,5.599371772151500437e+01,4.745066954042886920e+00,8.499999999999765521e+00,9.421425712471824454e+01
5.775000000000220624e+00,4.831233400850528596e+02,5.596391298366285838e+01,4.763583429746953257e+00,9.249999999999882760e+00,9.489502127284492872e+01
5.777500000000221014e+00,4.832632329512028377e+02,5.593411459593881574e+01,4.792673032991269899e+00,1.000000000000000000e+01,9.557875267915666484e+01
5.780000000000221405e+00,4.834030513249957153e+02,5.590432258823315692e+01,4.832048292627952435e+00,1.000000000000000000e+01,9.626695823693167142e+01
5.782500000000221796e+00,4.835427952223982970e+02,5.587453698997575202e+01,4.870425261175428844e+00,9.249999999999882760e+00,9.696074669825297576e+01
5.785000000000222187e+00,4.836824646594507158e+02,5.584475783020165807e+01,4.896811952525726319e+00,8.499999999999765521e+00,9.765961842985780095e+01
5.787500000000222578e+00,4.838220596522655228e+02,5.581498513749701118e+01,4.911482094529159959e+00,7.749999999999648281e+00,9.836186356121402241e+01
5.790000000000222968e+00,4.839615802170264374e+02,5.578521893989836400e+01,4.914704263011359764e+00,6.999999999999531042e+00,9.906581164241914905e+01
5.792500000000223359e+00,4.841010263699869256e+02,5.575545926484954862e+01,4.906742999086700863e+00,6.249999999999414690e+00,9.976983096197884038e+01
5.795000000000223750e+00,4.842403981274686657e+02,5.572570613914491844e+01,4.887857913400480037e+00,5.499999999999297451e+00,1.004723279190094871e+02
5.797500000000224141e+00,4.843796955058600133e+02,5.569595958887412479e+01,4.858304741120668346e+00,4.749999999999180211e+00,1.011717462635326683e+02
5.800000000000224532e+00,4.845189185216140686e+02,5.566621963934585438e+01,4.818334149644274866e+00,4.749999999999180211e+00,1.018665665753285055e+02
5.802500000000224922e+00,4.846580671912468006e+02,5.563648631499400921e+01,4.779251383566480271e+00,4.749999999999180211e+00,1.025556639098215754e+02
5.805000000000225313e+00,4.847971415313346597e+02,5.560675963933817911e+01,4.741034985142745128e+00,5.499999999999297451e+00,1.032391665098618603e+02
5.807500000000225704e+00,4.849361415585124178e+02,5.557703963497797872e+01,4.714687260953655645e+00,6.249999999999414690e+00,1.039175568000963352e+02
5.810000000000226095e+00,4.850750672894708373e+02,5.554732632354429711e+01,4.699901217632694639e+00,6.999999999999531930e+00,1.045925271747990166e+02
5.812500000000226485e+00,4.852139187409541705e+02,5.551761972575404513e+01,4.696375893703019777e+00,7.749999999999650058e+00,1.052657259578002993e+02
5.815000000000226876e+00,4.853526959297579992e+02,5.548791986136484411e+01,4.703815643402734281e+00,8.499999999999765521e+00,1.059387583127567041e+02
5.817500000000227267e+00,4.854913988727266769e+02,5.545822674924975360e+01,4.721929873115099596e+00,9.249999999999882760e+00,1.066131870370054457e+02
5.820000000000227658e+00,4.856300275867513392e+02,5.542854040737532273e+01,4.750433652478292856e+00,1.000000000000000000e+01,1.072905332835003520e+02
5.822500000000228049e+00,4.857685820887674595e+02,5.539886085278158845e+01,4.789046706363969008e+00,1.000000000000000000e+01,1.079722774404509380e+02
5.825000000000228439e+00,4.859070623957526323e+02,5.536918810160086224e+01,4.826689093407925846e+00,9.249999999999882760e+00,1.086595095811552909e+02
5.827500000000228830e+00,4.860454685247241855e+02,5.533952216906300237e+01,4.852565786373580714e+00,8.499999999999765521e+00,1.093517415613280122e+02
5.830000000000229221e+00,4.861838004927370775e+02,5.530986306947816900e+01,4.866942495045948114e+00,7.749999999999648281e+00,1.100472972817698576e+02
5.832500000000229612e+00,4.863220583168815097e+02,5.528021081615553811e+01,4.870080884491371442e+00,6.999999999999531042e+00,1.107445387825307535e+02
5.835000000000230003e+00,4.864602420142803680e+02,5.525056542140499971e+01,4.862238196410275215e+00,6.249999999999414690e+00,1.114418656289649761e+02
5.837500000000230393e+00,4.865983516020867228e+02,5.522092689650616393e+01,4.843667129584887654e+00,5.499999999999297451e+00,1.121377142313050257e+02
5.840000000000230784e+00,4.867363870974812698e+02,5.519129525166507477e+01,4.814616340356102420e+00,4.749999999999180211e+00,1.128305572232427352e+02
5.842500000000231175e+00,4.868743485176695458e+02,5.516167049599354755e+01,4.775330498326540329e+00,4.749999999999180211e+00,1.135189027761587113e+02
5.845000000000231566e+00,4.870122358798793698e+02,5.513205263746563389e+01,4.736909269644241860e+00,4.749999999999180211e+00,1.142016459406776647e+02
5.847500000000231957e+00,4.871500492013576604e+02,5.510244168289833055e+01,4.699332616473318680e+00,5.499999999999297451e+00,1.148789114067811425e+02
5.850000000000232347e+00,4.872877884993678776e+02,5.507283763793837750e+01,4.673405331991947520e+00,6.249999999999414690e+00,1.155511717241985679e+02
5.852500000000232738e+00,4.874254537911868397e+02,5.504324050709033855e+01,4.658828507800518715e+00,6.999999999999531930e+00,1.162200873190807897e+02
5.855000000000233129e+00,4.875630450941019944e+02,5.501365029371460480e+01,4.655309072447144203e+00,7.749999999999650058e+00,1.168872758824499840e+02
5.857500000000233520e+00,4.877005624254086342e+02,5.498406700000872860e+01,4.662559013815211095e+00,8.499999999999765521e+00,1.175543132487945286e+02
5.860000000000233911e+00,4.878380058024067694e+02,5.495449062705408494e+01,4.680295192346847877e+00,9.249999999999882760e+00,1.182227341643422847e+02
5.862500000000234301e+00,4.879753752423985134e+02,5.492492117480124847e+01,4.708239670526769061e+00,1.000000000000000000e+01,1.188940329637880637e+02
5.865000000000234692e+00,4.881126707626852408e+02,5.489535864208249194e+01,4.746119672877975759e+00,1.000000000000000000e+01,1.195696643972985669e+02
5.867500000000235083e+00,4.882498923805648019e+02,5.486580302663435305e+01,4.783056004911637515e+00,9.249999999999882760e+00,1.202507005190512785e+02
5.870000000000235474e+00,4.883870401133287373e+02,5.483625432502012842e+01,4.808447221190842669e+00,8.499999999999765521e+00,1.209366641028280469e+02
5.872500000000235865e+00,4.885241139782593223e+02,5.480671253267225751e+01,4.822552081697429216e+00,7.749999999999648281e+00,1.216259113387909139e+02
5.875000000000236255e+00,4.886611139926267811e+02,5.477717764392466648e+01,4.825625311838147802e+00,6.999999999999531042e+00,1.223168353451808201e+02
5.877500000000236646e+00,4.887980401736865588e+02,5.474764965197646660e+01,4.817916616286060716e+00,6.249999999999414690e+00,1.230078655055113188e+02
5.880000000000237037e+00,4.889348925386763653e+02,5.471812854885389754e+01,4.799672325148826246e+00,5.499999999999297451e+00,1.236974667767315026e+02
5.882500000000237428e+00,4.890716711048134471e+02,5.468861432542928469e+01,4.771134465536299274e+00,4.749999999999180211e+00,1.243841392155288474e+02
5.885000000000237819e+00,4.892083758892915171e+02,5.465910697143846875e+01,4.732541129348934561e+00,4.749999999999180211e+00,1.250664172534582121e+02
5.887500000000238209e+00,4.893450069092779700e+02,5.462960647550698923e+01,4.694790238134511462e+00,4.749999999999180211e+00,1.257432147464938481e+02
5.890000000000238600e+00,4.894815641819111534e+02,5.460011282517262288e+01,4.657862294700390038e+00,5.499999999999297451e+00,1.264146527868980030e+02
5.892500000000238991e+00,4.896180477242976394e+02,5.457062600687746112e+01,4.632367417601594539e+00,6.249999999999414690e+00,1.270811940801694675e+02
5.895000000000239382e+00,4.897544575535095532e+02,5.454114600598079932e+01,4.618014694451902713e+00,6.999999999999531930e+00,1.277444680830607240e+02
5.897500000000239773e+00,4.898907936865817305e+02,5.451167280679345595e+01,4.614518563269449203e+00,7.749999999999650058e+00,1.284060628619451165e+02
5.900000000000240163e+00,4.900270561405092167e+02,5.448220639262037679e+01,4.621598393303139041e+00,8.499999999999765521e+00,1.290675258461761246e+02
5.902500000000240554e+00,4.901632449322448224e+02,5.445274674574491769e+01,4.638978468061472960e+00,9.249999999999882760e+00,1.297303646174862877e+02
5.905000000000240945e+00,4.902993600786963952e+02,5.442329384738137321e+01,4.666387607757330969e+00,1.000000000000000000e+01,1.303960475597249911e+02
5.907500000000241336e+00,4.904354015967242049e+02,5.439384767772993001e+01,4.703559830629616911e+00,1.000000000000000000e+01,1.310660046265078904e+02
5.910000000000241727e+00,4.905713695031385555e+02,5.436440821598922213e+01,4.739814994264854420e+00,9.249999999999882760e+00,1.317412902321630668e+02
5.912500000000242117e+00,4.907072638146970576e+02,5.433497544033816951e+01,4.764742584206111076e+00,8.499999999999765521e+00,1.324214374047479623e+02
5.915000000000242508e+00,4.908430845481022970e+02,5.430554932791382328e+01,4.778594565631730795e+00,7.749999999999648281e+00,1.331048329814802855e+02
5.917500000000242899e+00,4.909788317199990502e+02,5.427612985484483943e+01,4.781618326129465579e+00,6.999999999999531042e+00,1.337898995199160197e+02
5.920000000000243290e+00,4.911145053469718391e+02,5.424671699629702459e+01,4.774057251065610963e+00,6.249999999999414690e+00,1.344750946303956027e+02
5.922500000000243681e+00,4.912501054455426583e+02,5.421731072649859584e+01,4.756150984031009443e+00,5.499999999999297451e+00,1.351589104076438446e+02
5.925000000000244071e+00,4.913856320321684734e+02,5.418791101879075001e+01,4.728135065310849150e+00,4.749999999999180211e+00,1.358398728564372107e+02
5.927500000000244462e+00,4.915210851232390610e+02,5.415851784565346350e+01,4.690241492071368867e+00,4.749999999999180211e+00,1.365165412882467422e+02
5.930000000000244853e+00,4.916564647350750761e+02,5.412913117875461921e+01,4.653168517449048913e+00,4.749999999999180211e+00,1.371878473248706598e+02
5.932500000000245244e+00,4.917917708839257784e+02,5.409975098898564028e+01,4.616897207272595338e+00,5.499999999999297451e+00,1.378539083234599616e+02
5.935000000000245635e+00,4.919270035859672703e+02,5.407037724650449206e+01,4.591844924361888403e+00,6.249999999999414690e+00,1.385151772992306576e+02
5.937500000000246025e+00,4.920621628573006205e+02,5.404100992078797105e+01,4.577728851640988417e+00,6.999999999999531930e+00,1.391732536987100559e+02
5.940000000000246416e+00,4.921972487139502732e+02,5.401164898062459230e+01,4.574270474729958735e+00,7.749999999999650058e+00,1.398296968851757924e+02
5.942500000000246807e+00,4.923322611718621715e+02,5.398229439408784458e+01,4.581196391919279520e+00,8.499999999999765521e+00,1.404860267530103215e+02
5.945000000000247198e+00,4.924672002469020526e+02,5.395294612860189432e+01,4.598237846978714849e+00,9.249999999999882760e+00,1.411437244641479936e+02
5.947500000000247589e+00,4.926020659548539697e+02,5.392360415094145765e+01,4.625130480239214137e+00,1.000000000000000000e+01,1.418042331330692605e+02
5.950000000000247979e+00,4.927368583114183593e+02,5.389426842717734445e+01,4.661614882125247661e+00,1.000000000000000000e+01,1.424689584290849211e+02
5.952500000000248370e+00,4.928715773322105633e+02,5.386493892273680473e+01,4.697207002061170478e+00,9.249999999999882760e+00,1.431389374848038756e+02
5.955000000000248761e+00,4.930062230327591237e+02,5.383561560240000432e+01,4.721686849599247005e+00,8.499999999999765521e+00,1.438137126314231864e+02
5.957500000000249152e+00,4.931407954285040773e+02,5.380629843029470294e+01,4.735299198754625571e+00,7.749999999999648281e+00,1.444916998469900591e+02
5.960000000000249543e+00,4.932752945347955347e+02,5.377698736994453554e+01,4.738284749085113212e+00,6.999999999999531042e+00,1.451713496347939838e+02
5.962500000000249933e+00,4.934097203668920315e+02,5.374768238432918110e+01,4.730880352024636970e+00,6.249999999999414690e+00,1.458511464928297698e+02
5.965000000000250324e+00,4.935440729399592215e+02,5.371838343592521881e+01,4.713319420613563793e+00,5.499999999999297451e+00,1.465296082936614255e+02
5.967500000000250715e+00,4.936783522690687391e+02,5.368909048679702778e+01,4.685831239671987447e+00,4.749999999999180211e+00,1.472052858203226151e+02
5.970000000000251106e+00,4.938125583691971769e+02,5.365980349862651622e+01,4.648641293270018515e+00,4.749999999999180211e+00,1.478767621696682681e+02
5.972500000000251497e+00,4.939466912552251188e+02,5.363052243275954112e+01,4.612250138504924379e+00,4.749999999999180211e+00,1.485429858900124884e+02
5.975000000000251887e+00,4.940807509419362873e+02,5.360124725027902315e+01,4.576639777923856123e+00,5.499999999999297451e+00,1.492040705107279450e+02
5.977500000000252278e+00,4.942147374440170324e+02,5.357197791203308412e+01,4.552036379942460798e+00,6.249999999999414690e+00,1.498604595840488685e+02
5.980000000000252669e+00,4.943486507760557060e+02,5.354271437867314631e+01,4.538164327461723602e+00,6.999999999999531930e+00,1.505137234299111810e+02
5.982500000000253060e+00,4.944824909525421504e+02,5.351345661068166493e+01,4.534752261515428984e+00,7.749999999999650058e+00,1.511653933903480720e+02
5.985000000000253451e+00,4.946162579878673569e+02,5.348420456836302606e+01,4.541533995401602297e+00,8.499999999999765521e+00,1.518169624252726067e+02
5.987500000000253841e+00,4.947499518963230116e+02,5.345495821185880203e+01,4.558247426911653299e+00,9.249999999999882760e+00,1.524698858347529153e+02
5.990000000000254232e+00,4.948835726921009268e+02,5.342571750115138940e+01,4.584634880010739266e+00,1.000000000000000000e+01,1.531255818708995946e+02
5.992500000000254623e+00,4.950171203892929270e+02,5.339648239602531277e+01,4.620443298297391976e+00,1.000000000000000000e+01,1.537854323525866675e+02
5.995000000000255014e+00,4.951505950018900535e+02,5.336725285610244640e+01,4.655384123982630129e+00,9.249999999999882760e+00,1.544504571518819489e+02
5.997500000000255405e+00,4.952839965437824503e+02,5.333802884083857521e+01,4.679425433805782575e+00,8.499999999999765521e+00,1.551202073048238503e+02
6.000000000000255795e+00,4.954173250287586825e+02,5.330881030955468702e+01,4.692805284287160816e+00,7.749999999999648281e+00,1.557931266171267168e+02
6.002500000000256186e+00,4.955505804705056789e+02,5.327959722145901367e+01,4.695757700039095539e+00,6.999999999999531042e+00,1.564676924166402330e+02
6.005000000000256577e+00,4.956837628826082209e+02,5.325038953572535405e+01,4.688513474213294785e+00,6.249999999999414690e+00,1.571424150187760347e+02
6.007500000000256968e+00,4.958168722785491127e+02,5.322118721153464804e+01,4.671299408985417401e+00,5.499999999999297451e+00,1.578158372000389136e+02
6.010000000000257359e+00,4.959499086717090677e+02,5.319199020815605650e+01,4.644338799454613920e+00,4.749999999999180211e+00,1.584865336735070116e+02
6.012500000000257749e+00,4.960828720753670495e+02,5.316279848499210914e+01,4.607851760798062024e+00,4.749999999999180211e+00,1.591531106211214706e+02
6.015000000000258140e+00,4.962157625027006702e+02,5.313361200161894260e+01,4.572141626791915492e+00,4.749999999999180211e+00,1.598145331507967342e+02
6.017500000000258531e+00,4.963485799667865876e+02,5.310443071786023950e+01,4.537191229182413466e+00,5.499999999999297451e+00,1.604709111085299753e+02
6.020000000000258922e+00,4.964813244806011312e+02,5.307525459382114263e+01,4.513036881863728311e+00,6.249999999999414690e+00,1.611226787482444536e+02
6.022500000000259313e+00,4.966139960570210974e+02,5.304608358992936701e+01,4.499410079612120583e+00,6.999999999999531930e+00,1.617713778540764054e+02
6.025000000000259703e+00,4.967465947088244889e+02,5.301691766689829421e+01,4.496046974151488129e+00,7.749999999999650058e+00,1.624185122480304244e+02
6.027500000000260094e+00,4.968791204486913102e+02,5.298775678571829673e+01,4.502687735460401797e+00,8.499999999999765521e+00,1.630655484246979654e+02
6.030000000000260485e+00,4.970115732892041933e+02,5.295860090765892636e+01,4.519077082105592780e+00,9.249999999999882760e+00,1.637139161434248820e+02
6.032500000000260876e+00,4.971439532428490224e+02,5.292944999428355146e+01,4.544964099858623818e+00,1.000000000000000000e+01,1.643650090162640822e+02
6.035000000000261267e+00,4.972762603220159008e+02,5.290030400742925565e+01,4.580101848217478455e+00,1.000000000000000000e+01,1.650201851391662728e+02
6.037500000000261657e+00,4.974084945389995482e+02,5.287116290920430117e+01,4.614395619408956151e+00,9.249999999999882760e+00,1.656804470937005931e+02
6.040000000000262048e+00,4.975406559060000973e+02,5.284202666199641385e+01,4.638000545514524120e+00,8.499999999999765521e+00,1.663453540557322015e+02
6.042500000000262439e+00,4.976727444351239456e+02,5.281289522848214801e+01,4.651148214787043322e+00,7.749999999999648281e+00,1.670133769268880997e+02
6.045000000000262830e+00,4.978047601383842107e+02,5.278376857166291813e+01,4.654066470531405209e+00,6.999999999999531042e+00,1.676830192105185517e+02
6.047500000000263221e+00,4.979367030277018102e+02,5.275464665489097627e+01,4.646979301269336560e+00,6.249999999999414690e+00,1.683528165467103861e+02
6.050000000000263611e+00,4.980685731149062008e+02,5.272552944193409985e+01,4.630107627036916362e+00,5.499999999999297451e+00,1.690213361631152509e+02
6.052500000000264002e+00,4.982003704117365714e+02,5.269641689703198040e+01,4.603668971370369789e+00,4.749999999999180211e+00,1.696871764557708104e+02
6.055000000000264393e+00,4.983320949298429241e+02,5.266730898491972113e+01,4.567877261559898372e+00,4.749999999999180211e+00,1.703489665183904833e+02
6.057500000000264784e+00,4.984637466807873807e+02,5.263820567088707492e+01,4.532841027501899767e+00,4.749999999999180211e+00,1.710056879468815794e+02
6.060000000000265175e+00,4.985953256760456611e+02,5.260910692080589968e+01,4.498543517815918769e+00,5.499999999999297451e+00,1.716574471215330959e+02
6.062500000000265565e+00,4.987268319270085613e+02,5.258001270115763504e+01,4.474832465772434986e+00,6.249999999999414690e+00,1.723046692703629503e+02
6.065000000000265956e+00,4.988582654449833171e+02,5.255092297906189458e+01,4.461446155060346364e+00,6.999999999999531930e+00,1.729488680661351054e+02
6.067500000000266347e+00,4.989896262411953671e+02,5.252183772226869252e+01,4.458128187462055969e+00,7.749999999999650058e+00,1.735915201137459860e+02
6.070000000000266738e+00,4.991209143267898867e+02,5.249275689913428522e+01,4.464625084310067216e+00,8.499999999999765521e+00,1.742340656112104398e+02
6.072500000000267129e+00,4.992521297128333231e+02,5.246368047861570716e+01,4.480688440449433152e+00,9.249999999999882760e+00,1.748779088677461289e+02
6.075000000000267519e+00,4.993832724103147598e+02,5.243460843030036500e+01,4.506073733075695031e+00,1.000000000000000000e+01,1.755244188904453040e+02
6.077500000000267910e+00,4.995143424301476784e+02,5.240554072435190847e+01,4.540539990061754239e+00,1.000000000000000000e+01,1.761749299707952616e+02
6.080000000000268301e+00,4.996453397831713232e+02,5.237647733153425378e+01,4.574184979921684935e+00,9.249999999999882760e+00,1.768304272330007052e+02
6.082500000000268692e+00,4.997762644801521219e+02,5.234741822323530869e+01,4.597350116701417910e+00,8.499999999999765521e+00,1.774904777453627389e+02
6.085000000000269083e+00,4.999071165317853342e+02,5.231836337145190896e+01,4.610260287549044378e+00,7.749999999999648281e+00,1.781535792956030946e+02
6.087500000000269473e+00,5.000378959486965869e+02,5.228931274883292701e+01,4.613136885581874402e+00,6.999999999999531042e+00,1.788182614716513683e+02
6.090000000000269864e+00,5.001686027414423279e+02,5.226026632664337512e+01,4.606198001784577833e+00,6.249999999999414690e+00,1.794830852041445155e+02
6.092500000000270255e+00,5.002992369205078376e+02,5.223122407780729048e+01,4.589658399278620848e+00,5.499999999999297451e+00,-1.798533576897048931e+02
6.095000000000270646e+00,5.004297984963122303e+02,5.220218597698466567e+01,4.563729711761289387e+00,4.749999999999180211e+00,-1.791924449530802406e+02
6.097500000000271037e+00,5.005602874792114676e+02,5.217315199975490714e+01,4.528620290505902979e+00,4.749999999999180211e+00,-1.785355243060631096e+02
6.100000000000271427e+00,5.006907038795010294e+02,5.214412212259593815e+01,4.494244726139220880e+00,4.749999999999180211e+00,-1.778835973116604521e+02
6.102500000000271818e+00,5.008210477074180176e+02,5.211509632282522375e+01,4.460586705141674102e+00,5.499999999999297451e+00,-1.772365607443310296e+02
6.105000000000272209e+00,5.009513189731433158e+02,5.208607457859633882e+01,4.437307176094351213e+00,6.249999999999414690e+00,-1.765939981152074267e+02
6.107500000000272600e+00,5.010815176868036360e+02,5.205705686892560635e+01,4.424151904948244507e+00,6.999999999999531930e+00,-1.759544237322692197e+02
6.110000000000272991e+00,5.012116438584737921e+02,5.202804317368904918e+01,4.420870292628811704e+00,7.749999999999650058e+00,-1.753163880903850611e+02
6.112500000000273381e+00,5.013416974981786893e+02,5.199903347362633355e+01,4.427216199637669547e+00,8.499999999999765521e+00,-1.746784772991000807e+02
6.115000000000273772e+00,5.014716786158956552e+02,5.197002775033695343e+01,4.442947629964746348e+00,9.249999999999882760e+00,-1.740393125409535457e+02
6.117500000000274163e+00,5.016015872215564855e+02,5.194102598627674894e+01,4.467826187890439726e+00,1.000000000000000000e+01,-1.733975495153345889e+02
6.120000000000274554e+00,5.017314233250495477e+02,5.191202816472753767e+01,4.501617614552603897e+00,1.000000000000000000e+01,-1.727518779153326705e+02
6.122500000000274945e+00,5.018611869362219409e+02,5.188303426982712807e+01,4.534610145130569592e+00,9.249999999999882760e+00,-1.721013302264827018e+02
6.125000000000275335e+00,5.019908780648815423e+02,5.185404428655611042e+01,4.557329218539569737e+00,8.499999999999765521e+00,-1.714463314356953276e+02
6.127500000000275726e+00,5.021204967207992240e+02,5.182505820075478908e+01,4.569993512312930051e+00,7.749999999999648281e+00,-1.707883566186445989e+02
6.130000000000276117e+00,5.022500429137108426e+02,5.179607599915868832e+01,4.572818149728133719e+00,6.999999999999531042e+00,-1.701288497677756482e+02
6.132500000000276508e+00,5.023795166533197403e+02,5.176709766940183499e+01,4.566015277678149076e+00,6.249999999999414690e+00,-1.694692242291865512e+02
6.135000000000276899e+00,5.025089179492987341e+02,5.173812320000060083e+01,4.549793692974313686e+00,5.499999999999297451e+00,-1.688108631260534196e+02
6.137500000000277289e+00,5.026382468112925608e+02,5.170915258037980067e+01,4.524359058434662018e+00,4.749999999999180211e+00,-1.681551197864209257e+02
6.140000000000277680e+00,5.027675032489199225e+02,5.168018580090279102e+01,4.489914331012180071e+00,4.749999999999180211e+00,-1.675033181480757207e+02
6.142500000000278071e+00,5.028966872717759884e+02,5.165122285283975856e+01,4.456182156281671247e+00,4.749999999999180211e+00,-1.668564423371167038e+02
6.145000000000278462e+00,5.030257988894346681e+02,5.162226372838549082e+01,4.423146931044462882e+00,5.499999999999297451e+00,-1.662143919199646405e+02
6.147500000000278852e+00,5.031548381114508288e+02,5.159330842067348755e+01,4.400283860259677660e+00,6.249999999999414690e+00,-1.655767588699225996e+02
6.150000000000279243e+00,5.032838049473627962e+02,5.156435692375581681e+01,4.387345803469774985e+00,6.999999999999531930e+00,-1.649420855054793265e+02
6.152500000000279634e+00,5.034126994066944007e+02,5.153540923257316564e+01,4.384089400517594548e+00,7.749999999999650058e+00,-1.643089495224969312e+02
6.155000000000280025e+00,5.035415214989574224e+02,5.150646534297052881e+01,4.390274806828546872e+00,8.499999999999765521e+00,-1.636759634508833585e+02
6.157500000000280416e+00,5.036702712336536933e+02,5.147752525166228565e+01,4.405666182223970218e+00,9.249999999999882760e+00,-1.630417741248913615e+02
6.160000000000280806e+00,5.037989486202773719e+02,5.144858895625363004e+01,4.430031700225658398e+00,1.000000000000000000e+01,-1.624050621582489100e+02
6.162500000000281197e+00,5.039275536683171595e+02,5.141965645521380424e+01,4.463142944543223578e+00,1.000000000000000000e+01,-1.617645414414831464e+02
6.165000000000281588e+00,5.040560863872583468e+02,5.139072774788078846e+01,4.495476887719703996e+00,9.249999999999882760e+00,-1.611192622256620552e+02
6.167500000000281979e+00,5.041845467865851447e+02,5.136180283449571959e+01,4.517741666467536277e+00,8.499999999999765521e+00,-1.604696413086484483e+02
6.170000000000282370e+00,5.043129348757827870e+02,5.133288171618480789e+01,4.530149743943189478e+00,7.749999999999648281e+00,-1.598171260299789651e+02
6.172500000000282760e+00,5.044412506643399183e+02,5.130396439495840610e+01,4.532909753874051262e+00,6.999999999999531042e+00,-1.591631333178399359e+02
6.175000000000283151e+00,5.045694941617506402e+02,5.127505087368112413e+01,4.526227914339385094e+00,6.249999999999414690e+00,-1.585090501155234790e+02
6.177500000000283542e+00,5.046976653775167279e+02,5.124614115608741116e+01,4.510307212718498882e+00,5.499999999999297451e+00,-1.578562337799271802e+02
6.180000000000283933e+00,5.048257643211497907e+02,5.121723524676926331e+01,4.485347764716530961e+00,4.749999999999180211e+00,-1.572060124917229871e+02
6.182500000000284324e+00,5.049537910021733182e+02,5.118833315113589322e+01,4.451546790427927114e+00,4.749999999999180211e+00,-1.565596856497527654e+02
6.185000000000284714e+00,5.050817454301248972e+02,5.115943487539927048e+01,4.418437308181189849e+00,4.749999999999180211e+00,-1.559182192955449011e+02
6.187500000000285105e+00,5.052096276145580305e+02,5.113054042656673914e+01,4.386004382289411474e+00,5.499999999999297451e+00,-1.552815154759101972e+02
6.190000000000285496e+00,5.053374375650441834e+02,5.110164981238869331e+01,4.363540332646985043e+00,6.249999999999414690e+00,-1.546491744288764778e+02
6.192500000000285887e+00,5.054651752911746030e+02,5.107276304136255618e+01,4.350804496859107751e+00,6.999999999999531930e+00,-1.540197666381306192e+02
6.195000000000286278e+00,5.055928408025621934e+02,5.104388012268793062e+01,4.347560090952470979e+00,7.749999999999650058e+00,-1.533918971874976194e+02
6.197500000000286668e+00,5.057204341088432784e+02,5.101500106629875120e+01,4.353574121828760468e+00,8.499999999999765521e+00,-1.527642052122312748e+02
6.200000000000287059e+00,5.058479552196794771e+02,5.098612588287544867e+01,4.368617076093929796e+00,9.249999999999882760e+00,-1.521353633973655519e+02
6.202500000000287450e+00,5.059754041447594091e+02,5.095725458379121875e+01,4.392463089422714795e+00,1.000000000000000000e+01,-1.515040774683276936e+02
6.205000000000287841e+00,5.061027808938006274e+02,5.092838718113720375e+01,4.424890149464595801e+00,1.000000000000000000e+01,-1.508690857106750514e+02
6.207500000000288232e+00,5.062300854765512668e+02,5.089952368772198810e+01,4.456561267415289684e+00,9.249999999999882760e+00,-1.502294562172265557e+02
6.210000000000288622e+00,5.063573179027919196e+02,5.087066411707391467e+01,4.478364540301249974e+00,8.499999999999765521e+00,-1.495855972250685113e+02
6.212500000000289013e+00,5.064844781823373410e+02,5.084180848341807035e+01,4.490506076278814263e+00,7.749999999999648281e+00,-1.489389276248848262e+02
6.215000000000289404e+00,5.066115663250383250e+02,5.081295680168135220e+01,4.493188758604085287e+00,6.999999999999531042e+00,-1.482908365649865630e+02
6.217500000000289795e+00,5.067385823407833527e+02,5.078410908746825214e+01,4.486612935843047545e+00,6.249999999999414690e+00,-1.476426838740015626e+02
6.220000000000290186e+00,5.068655262395002410e+02,5.075526535701431641e+01,4.470975677403504989e+00,5.499999999999297451e+00,-1.469958004300960113e+02
6.222500000000290576e+00,5.069923980311577907e+02,5.072642562716416137e+01,4.446471546453801160e+00,4.749999999999180211e+00,-1.463514885770297838e+02
6.225000000000290967e+00,5.071191977257672647e+02,5.069758991531301007e+01,4.413291923192812050e+00,4.749999999999180211e+00,-1.457110224919155996e+02
6.227500000000291358e+00,5.072459253333836386e+02,5.066875823937031242e+01,4.380783556756614239e+00,4.749999999999180211e+00,-1.450753495817048417e+02
6.230000000000291749e+00,5.073725808641070216e+02,5.063993061771541448e+01,4.348931571608733115e+00,5.499999999999297451e+00,-1.444443741494251867e+02
6.232500000000292140e+00,5.074991643280836229e+02,5.061110706917509106e+01,4.326848114490114305e+00,6.249999999999414690e+00,-1.438177045788872306e+02
6.235000000000292530e+00,5.076256757355070590e+02,5.058228761298263265e+01,4.314299297004350109e+00,6.999999999999531930e+00,-1.431939397215727752e+02
6.237500000000292921e+00,5.077521150966192067e+02,5.055347226879075606e+01,4.311054716237115336e+00,7.749999999999650058e+00,-1.425717122296386776e+02
6.240000000000293312e+00,5.078784824217113396e+02,5.052466105668223406e+01,4.316887644920647915e+00,8.499999999999765521e+00,-1.419496880130768375e+02
6.242500000000293703e+00,5.080047777211252082e+02,5.049585399718958456e+01,4.331575473960582734e+00,9.249999999999882760e+00,-1.413265657546309058e+02
6.245000000000294094e+00,5.081310010052540633e+02,5.046705111123274889e+01,4.354898066627684194e+00,1.000000000000000000e+01,-1.407010764014751771e+02
6.247500000000294484e+00,5.082571522845437357e+02,5.043825242014936805e+01,4.386639175068465235e+00,1.000000000000000000e+01,-1.400719827293130777e+02
6.250000000000294875e+00,5.083832315694936028e+02,5.040945794570696137e+01,4.417645491562531390e+00,9.249999999999882760e+00,-1.394383706793014426e+02
6.252500000000295266e+00,5.085092388706577822e+02,5.038066771011811085e+01,4.438982085885682771e+00,8.499999999999765521e+00,-1.388006395534499973e+02
6.255000000000295657e+00,5.086351741986460979e+02,5.035188173602951878e+01,4.450848911372681904e+00,7.749999999999648281e+00,-1.381601791843755223e+02
6.257500000000296048e+00,5.087610375641252745e+02,5.032310004649931301e+01,4.453443379948928360e+00,6.999999999999531042e+00,-1.375183503628894073e+02
6.260000000000296438e+00,5.088868289778199028e+02,5.029432266495127379e+01,4.446959754639857820e+00,6.249999999999414690e+00,-1.368764852344102962e+02
6.262500000000296829e+00,5.090125484505132931e+02,5.026554961511813246e+01,4.431589449523313462e+00,5.499999999999297451e+00,-1.362358876853896845e+02
6.265000000000297220e+00,5.091381959930482708e+02,5.023678092099002868e+01,4.407521454687004514e+00,4.749999999999180211e+00,-1.355978337489124499e+02
6.267500000000297611e+00,5.092637716163276878e+02,5.020801660677194178e+01,4.374942080376089670e+00,4.749999999999180211e+00,-1.349635719526973787e+02
6.270000000000298002e+00,5.093892753313151616e+02,5.017925669680278844e+01,4.343013919096983422e+00,4.749999999999180211e+00,-1.343340307253756976e+02
6.272500000000298392e+00,5.095147071490351323e+02,5.015050121552994966e+01,4.311722783683216598e+00,5.499999999999297451e+00,-1.337091165306160292e+02
6.275000000000298783e+00,5.096400670805731465e+02,5.012175018748733635e+01,4.290003437331775693e+00,6.249999999999414690e+00,-1.330884458654713285e+02
6.277500000000299174e+00,5.097653551370762557e+02,5.009300363724440075e+01,4.277628289961317165e+00,6.999999999999531930e+00,-1.324706460761551341e+02
6.280000000000299565e+00,5.098905713297529019e+02,5.006426158945124172e+01,4.274373811245713917e+00,7.749999999999650058e+00,-1.318543775065743091e+02
6.282500000000299956e+00,5.100157156698731455e+02,5.003552406884135451e+01,4.280019472086608268e+00,8.499999999999765521e+00,-1.312383328748703661e+02
6.285000000000300346e+00,5.101407881687690065e+02,5.000679110025767216e+01,4.294348505081465817e+00,9.249999999999882760e+00,-1.306212369071772059e+02
6.287500000000300737e+00,5.102657888378346343e+02,4.997806270858321653e+01,4.317147059503554374e+00,1.000000000000000000e+01,-1.300018458011112159e+02
6.290000000000301128e+00,5.103907176885264221e+02,4.994933891881183285e+01,4.348204592729730145e+00,1.000000000000000000e+01,-1.293789467466498024e+02
6.292500000000301519e+00,5.105155747323632909e+02,4.992061975605073343e+01,4.378548223790803995e+00,9.249999999999882760e+00,-1.287516434214308276e+02
6.295000000000301910e+00,5.106403599809270872e+02,4.989190524550348016e+01,4.399416902645600480e+00,8.499999999999765521e+00,-1.281203259080214423e+02
6.297500000000302300e+00,5.107650734458625834e+02,4.986319541249392984e+01,4.411004796964371089e+00,7.749999999999648281e+00,-1.274863546205751135e+02
6.300000000000302691e+00,5.108897151388779889e+02,4.983449028241140155e+01,4.413503197259886157e+00,6.999999999999531042e+00,-1.268510616718972557e+02
6.302500000000303082e+00,5.110142850717450642e+02,4.980578988068564428e+01,4.407101143904377238e+00,6.249999999999414690e+00,-1.262157512854026038e+02
6.305000000000303473e+00,5.111387832562991207e+02,4.977709423274095712e+01,4.391984455595143721e+00,5.499999999999297451e+00,-1.255817001578025156e+02
6.307500000000303864e+00,5.112632097044389639e+02,4.974840336392876594e+01,4.368336547516613599e+00,4.749999999999180211e+00,-1.249501578418792320e+02
6.310000000000304254e+00,5.113875644281267228e+02,4.971971729947651397e+01,4.336338615804250729e+00,4.749999999999180211e+00,-1.243223471171016570e+02
6.312500000000304645e+00,5.115118474393875658e+02,4.969103606441638021e+01,4.304972448442986988e+00,4.749999999999180211e+00,-1.236991773882189563e+02
6.315000000000305036e+00,5.116360587503090755e+02,4.966235968352769703e+01,4.274224685867278772e+00,5.499999999999297451e+00,-1.230805573111661460e+02
6.317500000000305427e+00,5.117601983730406232e+02,4.963368818136234495e+01,4.252855632089237226e+00,6.249999999999414690e+00,-1.224661115128552069e+02
6.320000000000305818e+00,5.118842663197928573e+02,4.960502158221247981e+01,4.240644625564759629e+00,6.999999999999531930e+00,-1.218544958346577403e+02
6.322500000000306208e+00,5.120082626028370214e+02,4.957635991012746501e+01,4.237374039741854226e+00,7.749999999999650058e+00,-1.212443982003538565e+02
6.325000000000306599e+00,5.121321872345042721e+02,4.954770318890145120e+01,4.242829468674174542e+00,8.499999999999765521e+00,-1.206345381140175732e+02
6.327500000000306990e+00,5.122560402271851672e+02,4.951905144210920184e+01,4.256800219358066073e+00,9.249999999999882760e+00,-1.200236662158918932e+02
6.330000000000307381e+00,5.123798215933290976e+02,4.949040469314074642e+01,4.279078215841688682e+00,1.000000000000000000e+01,-1.194105637446058523e+02
6.332500000000307772e+00,5.125035313454437755e+02,4.946176296516657089e+01,4.309458956083614289e+00,1.000000000000000000e+01,-1.187940421629086671e+02
6.335000000000308162e+00,5.126271694960946661e+02,4.943312628116571261e+01,4.339145988606699866e+00,9.249999999999882760e+00,-1.181732226256578429e+02
6.337500000000308553e+00,5.127507360579047599e+02,4.940449466398158052e+01,4.359549451342054738e+00,8.499999999999765521e+00,-1.175484859023056856e+02
6.340000000000308944e+00,5.128742310435540048e+02,4.937586813630021254e+01,4.370857680490192188e+00,7.749999999999648281e+00,-1.169211629658844203e+02
6.342500000000309335e+00,5.129976544657789645e+02,4.934724672062287709e+01,4.373256539316091818e+00,6.999999999999531042e+00,-1.162925572884365693e+02
6.345000000000309726e+00,5.131210063373722505e+02,4.931863043918529144e+01,4.366929260622748110e+00,6.249999999999414690e+00,-1.156639452554613712e+02
6.347500000000310116e+00,5.132442866711819534e+02,4.929001931393942471e+01,4.352056415688010382e+00,5.499999999999297451e+00,-1.150365765204291222e+02
6.350000000000310507e+00,5.133674954801109607e+02,4.926141336653508773e+01,4.328815980549268083e+00,4.749999999999180211e+00,-1.144116743575460617e+02
6.352500000000310898e+00,5.134906327771159340e+02,4.923281261823548505e+01,4.297383940120640844e+00,4.749999999999180211e+00,-1.137904360602690872e+02
6.355000000000311289e+00,5.136136985752066266e+02,4.920421708989573517e+01,4.266565313175642693e+00,4.749999999999180211e+00,-1.131737522904337681e+02
6.357500000000311680e+00,5.137366928874446330e+02,4.917562680189260504e+01,4.236347136161494831e+00,5.499999999999297451e+00,-1.125615339476553771e+02
6.360000000000312070e+00,5.138596157269421383e+02,4.914704177413632635e+01,4.215318589729245780e+00,6.249999999999414690e+00,-1.119534138039126105e+02
6.362500000000312461e+00,5.139824671068608950e+02,4.911846202606083978e+01,4.203265211860525596e+00,6.999999999999531930e+00,-1.113480760255355762e+02
6.365000000000312852e+00,5.141052470404108590e+02,4.908988757660431901e+01,4.199975681517860160e+00,7.749999999999650058e+00,-1.107442359281021282e+02
6.367500000000313243e+00,5.142279555408492797e+02,4.906131844425566157e+01,4.205241953807116850e+00,8.499999999999765521e+00,-1.101406395357107613e+02
6.370000000000313634e+00,5.143505926214792225e+02,4.903275464707979125e+01,4.218858717622124388e+00,9.249999999999882760e+00,-1.095360630485173061e+02
6.372500000000314024e+00,5.144731582956486591e+02,4.900419620275309995e+01,4.240624134924949828e+00,1.000000000000000000e+01,-1.089293124772397903e+02
6.375000000000314415e+00,5.145956525767496714e+02,4.897564312855751467e+01,4.270338609598363533e+00,1.000000000000000000e+01,-1.083192231069035500e+02
6.377500000000314806e+00,5.147180754782172016e+02,4.894709544140204116e+01,4.299379678393180804e+00,9.249999999999882760e+00,-1.077049333087306593e+02
6.380000000000315197e+00,5.148404270135283696e+02,4.891855315785625180e+01,4.319325075824878013e+00,8.499999999999765521e+00,-1.070868145279668511e+02
6.382500000000315588e+00,5.149627071962013360e+02,4.889001629415231776e+01,4.330357480569481332e+00,7.749999999999648281e+00,-1.064661686389779049e+02
6.385000000000315978e+00,5.150849160397949618e+02,4.886148486616316688e+01,4.332657090202096661e+00,6.999999999999531042e+00,-1.058442708849044891e+02
6.387500000000316369e+00,5.152070535579073294e+02,4.883295888936894613e+01,4.326401716051496038e+00,6.249999999999414690e+00,-1.052223702532828185e+02
6.390000000000316760e+00,5.153291197641750614e+02,4.880443837881107072e+01,4.311766952335490011e+00,5.499999999999297451e+00,-1.046016898287136172e+02
6.392500000000317151e+00,5.154511146722720696e+02,4.877592334905881444e+01,4.288925509099737354e+00,4.749999999999180211e+00,-1.039834271077307477e+02
6.395000000000317542e+00,5.155730382959085318e+02,4.874741381418722597e+01,4.258048439112412709e+00,4.749999999999180211e+00,-1.033687544741308670e+02
6.397500000000317932e+00,5.156948906488294142e+02,4.871890978772218261e+01,4.227767177776084573e+00,4.749999999999180211e+00,-1.027585442738249384e+02
6.400000000000318323e+00,5.158166717448132204e+02,4.869041128264710494e+01,4.198068926792823952e+00,5.499999999999297451e+00,-1.021527097633166079e+02
6.402500000000318714e+00,5.159383815976706273e+02,4.866191831134533885e+01,4.177375312000294549e+00,6.249999999999414690e+00,-1.015508919167313024e+02
6.405000000000319105e+00,5.160600202212427803e+02,4.863343088559856398e+01,4.165478005816596330e+00,6.999999999999531930e+00,-1.009518028406170345e+02
6.407500000000319496e+00,5.161815876294001555e+02,4.860494901665706635e+01,4.162171674982397818e+00,7.749999999999650058e+00,-1.003541847903447888e+02
6.410000000000319886e+00,5.163030838360409689e+02,4.857647271523584465e+01,4.167253867028818171e+00,8.499999999999765521e+00,-9.975680980174038837e+01
6.412500000000320277e+00,5.164245088550898117e+02,4.854800199150918871e+01,4.180525230987202967e+00,9.249999999999882760e+00,-9.915847926255970890e+01
6.415000000000320668e+00,5.165458627004966274e+02,4.851953685515992731e+01,4.201789065200651763e+00,1.000000000000000000e+01,-9.855802340186909305e+01
6.417500000000321059e+00,5.166671453862352337e+02,4.849107731543475808e+01,4.230851746399737046e+00,1.000000000000000000e+01,-9.795430091741459933e+01
6.420000000000321450e+00,5.167883569263021855e+02,4.846262338116687118e+01,4.259260655436324150e+00,9.249999999999882760e+00,-9.734646691228083171e+01
6.422500000000321840e+00,5.169094973347159794e+02,4.843417506079838120e+01,4.278758358902232217e+00,8.499999999999765521e+00,-9.673488373497097825e+01
6.425000000000322231e+00,5.170305666255161441e+02,4.840573236235000820e+01,4.289521942389695752e+00,7.749999999999648281e+00,-9.612082479609006214e+01
6.427500000000322622e+00,5.171515648127617624e+02,4.837729529343494050e+01,4.291726351535022133e+00,6.999999999999531042e+00,-9.550553777242036801e+01
6.430000000000323013e+00,5.172724919105309027e+02,4.834886386119589474e+01,4.285544066688597553e+00,6.249999999999414690e+00,-9.489024495106802704e+01
6.432500000000323404e+00,5.173933479329191414e+02,4.832043807231570298e+01,4.271145774330466161e+00,5.499999999999297451e+00,-9.427614359260319077e+01
6.435000000000323794e+00,5.175141328940384255e+02,4.829201793299452561e+01,4.248699268721400912e+00,4.749999999999180211e+00,-9.366440616933863339e+01
6.437500000000324185e+00,5.176348468080161638e+02,4.826360344892490417e+01,4.218370678886969927e+00,4.749999999999180211e+00,-9.305618084699570147e+01
6.440000000000324576e+00,5.177554896889934071e+02,4.823519462523938728e+01,4.188620738235805163e+00,4.749999999999180211e+00,-9.245232233038484537e+01
6.442500000000324967e+00,5.178760615511239394e+02,4.820679146651205826e+01,4.159437279289361911e+00,5.499999999999297451e+00,-9.185274638922396662e+01
6.445000000000325358e+00,5.179965624085724585e+02,4.817839397676752355e+01,4.139077112201093200e+00,6.249999999999414690e+00,-9.125710212939679877e+01
6.447500000000325748e+00,5.181169922755135531e+02,4.815000215948285245e+01,4.127337765520882940e+00,6.999999999999531930e+00,-9.066412895889811807e+01
6.450000000000326139e+00,5.182373511661302246e+02,4.812161601760507779e+01,4.124019593856084853e+00,7.749999999999650058e+00,-9.007259557329551569e+01
6.452500000000326530e+00,5.183576390946124093e+02,4.809323555359340219e+01,4.128926037740749955e+00,8.499999999999765521e+00,-8.948129948207665052e+01
6.455000000000326921e+00,5.184778560751560690e+02,4.806486076944175068e+01,4.141862965496582838e+00,9.249999999999882760e+00,-8.888906656728018163e+01
6.457500000000327312e+00,5.185980021219618266e+02,4.803649166669223547e+01,4.162639278218487782e+00,1.000000000000000000e+01,-8.829475072741232111e+01
6.460000000000327702e+00,5.187180772492339429e+02,4.800812824647073285e+01,4.191066464733388841e+00,1.000000000000000000e+01,-8.769723337855874945e+01
6.462500000000328093e+00,5.188380814711792937e+02,4.797977050950839129e+01,4.218859438932279993e+00,9.249999999999882760e+00,-8.709568600181279407e+01
6.465000000000328484e+00,5.189580148020062325e+02,4.795141845614152487e+01,4.237922422480295381e+00,8.499999999999765521e+00,-8.649046204797097914e+01
6.467500000000328875e+00,5.190778772559237950e+02,4.792307208633502569e+01,4.248427291818637208e+00,7.749999999999648281e+00,-8.588280736771189083e+01
6.470000000000329266e+00,5.191976688471407897e+02,4.789473139967458337e+01,4.250543834419385547e+00,6.999999999999531042e+00,-8.527394293076920917e+01
6.472500000000329656e+00,5.193173895898647743e+02,4.786639639534367063e+01,4.244439466530169014e+00,6.249999999999414690e+00,-8.466506519242527418e+01
6.475000000000330047e+00,5.194370394983009191e+02,4.783806707210169407e+01,4.230279858982251007e+00,5.499999999999297451e+00,-8.405734642140068047e+01
6.477500000000330438e+00,5.195566185866510978e+02,4.780974342826342394e+01,4.208228012997628831e+00,4.749999999999180211e+00,-8.345193498209721383e+01
6.480000000000330829e+00,5.196761268691126361e+02,4.778142546169981131e+01,4.178445503786241133e+00,4.749999999999180211e+00,-8.284995572150172904e+01
6.482500000000331219e+00,5.197955643598775168e+02,4.775311316982952548e+01,4.149225041265711234e+00,4.749999999999180211e+00,-8.225224637890512724e+01
6.485000000000331610e+00,5.199149310731307878e+02,4.772480654958742008e+01,4.120555431000504143e+00,5.499999999999297451e+00,-8.165872534164603280e+01
6.487500000000332001e+00,5.200342270230496524e+02,4.769650559745454643e+01,4.100530733821727836e+00,6.249999999999414690e+00,-8.106904969403207417e+01
6.490000000000332392e+00,5.201534522238022191e+02,4.766821030944824855e+01,4.088954547089886482e+00,6.999999999999531930e+00,-8.048198553705358904e+01
6.492500000000332783e+00,5.202726066895464783e+02,4.763992068114155387e+01,4.085632713538624117e+00,7.749999999999650058e+00,-7.989632718916580245e+01
6.495000000000333173e+00,5.203916904344289378e+02,4.761163670769790457e+01,4.090374277912363077e+00,8.499999999999765521e+00,-7.931089694624876074e+01
6.497500000000333564e+00,5.205107034725839412e+02,4.758335838389368888e+01,4.102990389219536738e+00,9.249999999999882760e+00,-7.872454451404843212e+01
6.500000000000333955e+00,5.206296458181325306e+02,4.755508570413184088e+01,4.123295185271820706e+00,1.000000000000000000e+01,-7.813614673821591339e+01
6.502500000000334346e+00,5.207485174851814236e+02,4.752681866244200393e+01,4.151105330920850101e+00,1.000000000000000000e+01,-7.754460712919629373e+01
6.505000000000334737e+00,5.208673184878224447e+02,4.749855725252645300e+01,4.178300134621610873e+00,9.249999999999882760e+00,-7.694911299334579269e+01
6.507500000000335127e+00,5.209860488401312750e+02,4.747030146774938686e+01,4.196943263825094306e+00,8.499999999999765521e+00,-7.635000929788139956e+01
6.510000000000335518e+00,5.211047085561668837e+02,4.744205130115405211e+01,4.207201716137067393e+00,7.749999999999648281e+00,-7.574851529853846444e+01
6.512500000000335909e+00,5.212232976499707320e+02,4.741380674545794704e+01,4.209240058609486468e+00,6.999999999999531042e+00,-7.514582621753278602e+01
6.515000000000336300e+00,5.213418161355657503e+02,4.738556779303043953e+01,4.203220696959593994e+00,6.249999999999414690e+00,-7.454311361817069326e+01
6.517500000000336691e+00,5.214602640269557696e+02,4.735733443587882618e+01,4.189304800567970943e+00,5.499999999999297451e+00,-7.394152577881600052e+01
6.520000000000337081e+00,5.215786413381242710e+02,4.732910666567336477e+01,4.167650587620905789e+00,4.749999999999180211e+00,-7.334218784333536689e+01
6.522500000000337472e+00,5.216969480830338171e+02,4.730088447373808691e+01,4.138414949147050770e+00,4.749999999999180211e+00,-7.274620225792261863e+01
6.525000000000337863e+00,5.218151842756250289e+02,4.727266785100937341e+01,4.109725647820396510e+00,4.749999999999180211e+00,-7.215439048832801916e+01
6.527500000000338254e+00,5.219333499298156767e+02,4.724445678805230386e+01,4.081571644669876875e+00,5.499999999999297451e+00,-7.156667354951107995e+01
6.530000000000338645e+00,5.220514450594997697e+02,4.721625127507619624e+01,4.061887519582615624e+00,6.249999999999414690e+00,-7.098271642236332468e+01
6.532500000000339035e+00,5.221694696785465339e+02,4.718805130192436792e+01,4.050481966668427525e+00,6.999999999999531930e+00,-7.040131099953167393e+01
6.535000000000339426e+00,5.222874238007997292e+02,4.715985685811519801e+01,4.047166523857834264e+00,7.749999999999650058e+00,-6.982127655080131490e+01
6.537500000000339817e+00,5.224053074400766263e+02,4.713166793284952405e+01,4.051755516956445646e+00,8.499999999999765521e+00,-6.924145933116851381e+01
6.540000000000340208e+00,5.225231206101673251e+02,4.710348451501601375e+01,4.064065157810319739e+00,9.249999999999882760e+00,-6.866073219042847597e+01
6.542500000000340599e+00,5.226408633248340720e+02,4.707530659321422206e+01,4.083914602731029575e+00,1.000000000000000000e+01,-6.807799421349943714e+01
6.545000000000340989e+00,5.227585355978103507e+02,4.704713415575930213e+01,4.111125554174879682e+00,1.000000000000000000e+01,-6.749217034302290585e+01
6.547500000000341380e+00,5.228761374428004274e+02,4.701896719067891439e+01,4.137739571785760795e+00,9.249999999999882760e+00,-6.690246329258636138e+01
6.550000000000341771e+00,5.229936688734782138e+02,4.699080568573870664e+01,4.155977720980019718e+00,8.499999999999765521e+00,-6.630920993054517965e+01
6.552500000000342162e+00,5.231111299034871536e+02,4.696264962843716262e+01,4.166001944622496289e+00,7.749999999999648281e+00,-6.571360388867361735e+01
6.555000000000342553e+00,5.232285205464391993e+02,4.693449900602099234e+01,4.167971971039309054e+00,6.999999999999531042e+00,-6.511681565510123448e+01
6.557500000000342943e+00,5.233458408159141300e+02,4.690635380546640221e+01,4.162045973670218224e+00,6.249999999999414690e+00,-6.451999290553114008e+01
6.560000000000343334e+00,5.234630907254592103e+02,4.687821401346567285e+01,4.148379714036052768e+00,5.499999999999297451e+00,-6.392426070269488747e+01
6.562500000000343725e+00,5.235802702885881672e+02,4.685007961643920993e+01,4.127127443792594441e+00,4.749999999999180211e+00,-6.333072192416922519e+01
6.565000000000344116e+00,5.236973795187807355e+02,4.682195060054866786e+01,4.098441272837196614e+00,4.749999999999180211e+00,-6.274045746317227668e+01
6.567500000000344507e+00,5.238144184294817478e+02,4.679382695171476314e+01,4.070285933941158341e+00,4.749999999999180211e+00,-6.215427318433099657e+01
6.570000000000344897e+00,5.239313870341007942e+02,4.676570865558947077e+01,4.042650903568753229e+00,5.499999999999297451e+00,-6.157209269759926684e+01
6.572500000000345288e+00,5.240482853460115393e+02,4.673759569757423549e+01,4.023312762711703350e+00,6.249999999999414690e+00,-6.099358868745824225e+01
6.575000000000345679e+00,5.241651133785508136e+02,4.670948806284069832e+01,4.012085478464645583e+00,6.999999999999531930e+00,-6.041757804553358113e+01
6.577500000000346070e+00,5.242818711450182718e+02,4.668138573633440558e+01,4.008785982668163328e+00,7.749999999999650058e+00,-5.984290421069645305e+01
6.580000000000346461e+00,5.243985586586760519e+02,4.665328870279240903e+01,4.013233547860570738e+00,8.499999999999765521e+00,-5.926843671538556180e+01
6.582500000000346851e+00,5.245151759327477521e+02,4.662519694673113690e+01,4.025249788177539756e+00,9.249999999999882760e+00,-5.869307081762398326e+01
6.585000000000347242e+00,5.246317229804182034e+02,4.659711045246618255e+01,4.044658785295265346e+00,1.000000000000000000e+01,-5.811572719209367932e+01
6.587500000000347633e+00,5.247481998148330149e+02,4.656902920411349101e+01,4.071286706859644333e+00,1.000000000000000000e+01,-5.753535154208372404e+01
6.590000000000348024e+00,5.248646064490977778e+02,4.654095318558866268e+01,4.097335636527122738e+00,9.249999999999882760e+00,-5.695116159384683385e+01
6.592500000000348415e+00,5.249809428962780657e+02,4.651288238062847569e+01,4.115182250898814509e+00,8.499999999999765521e+00,-5.636348646625762626e+01
6.595000000000348805e+00,5.250972091693984112e+02,4.648481677277414548e+01,4.124983629873805846e+00,7.749999999999648281e+00,-5.577349514771960060e+01
6.597500000000349196e+00,5.252134052814421921e+02,4.645675634539016130e+01,4.126894652463515278e+00,6.999999999999531042e+00,-5.518233428730784595e+01
6.600000000000349587e+00,5.253295312453510633e+02,4.642870108165663368e+01,4.121068791009348864e+00,6.249999999999414690e+00,-5.459112853339388494e+01
6.602500000000349978e+00,5.254455870740246155e+02,4.640065096457293237e+01,4.107657638108505260e+00,5.499999999999297451e+00,-5.400098074841411488e+01
6.605000000000350369e+00,5.255615727803198070e+02,4.637260597697095221e+01,4.086810786711776444e+00,4.749999999999180211e+00,-5.341297224743128425e+01
6.607500000000350759e+00,5.256774883770505085e+02,4.634456610153495859e+01,4.058676267585713759e+00,4.749999999999180211e+00,-5.282816315839462362e+01
6.610000000000351150e+00,5.257933338769873899e+02,4.631653132080551671e+01,4.031057451826996818e+00,4.749999999999180211e+00,-5.224734425238452218e+01
6.612500000000351541e+00,5.259091092928571243e+02,4.628850161718035139e+01,4.003944033849253792e+00,5.499999999999297451e+00,-5.167044170598697406e+01
6.615000000000351932e+00,5.260248146373425016e+02,4.626047697292896288e+01,3.984956300818913277e+00,6.249999999999414690e+00,-5.109713570892910894e+01
6.617500000000352323e+00,5.261404499230819738e+02,4.623245737020133816e+01,3.973913963779310166e+00,6.999999999999531930e+00,-5.052626741474194461e+01
6.620000000000352713e+00,5.262560151626690867e+02,4.620444279102947149e+01,3.970638676548859269e+00,7.749999999999650058e+00,-4.995670361437611007e+01
6.622500000000353104e+00,5.263715103686525936e+02,4.617643321734738748e+01,3.974954840733488037e+00,8.499999999999765521e+00,-4.938733642637320287e+01
6.625000000000353495e+00,5.264869355535358864e+02,4.614842863096923509e+01,3.986688817134481866e+00,9.249999999999882760e+00,-4.881708289200383177e+01
6.627500000000353886e+00,5.266022907297768825e+02,4.612042901359389191e+01,4.005669433702546911e+00,1.000000000000000000e+01,-4.824488469533009294e+01
6.630000000000354277e+00,5.267175759097876835e+02,4.609243434680875851e+01,4.031727724088350229e+00,1.000000000000000000e+01,-4.766970779624280397e+01
6.632500000000354667e+00,5.268327911059343478e+02,4.606444461210046626e+01,4.057224510771447079e+00,9.249999999999882760e+00,-4.709078454246682099e+01
6.635000000000355058e+00,5.269479363305364359e+02,4.603645979084236473e+01,4.074690180459186628e+00,8.499999999999765521e+00,-4.650843666745399929e+01
6.637500000000355449e+00,5.270630115958670103e+02,4.600847986430708403e+01,4.084277170240097732e+00,7.749999999999648281e+00,-4.592380942308705016e+01
6.640000000000355840e+00,5.271780169141522947e+02,4.598050481366993836e+01,4.086136124503643607e+00,6.999999999999531042e+00,-4.533802647272170105e+01
6.642500000000356231e+00,5.272929522975713326e+02,4.595253462001213762e+01,4.080415742121473954e+00,6.249999999999414690e+00,-4.475219018699662854e+01
6.645000000000356621e+00,5.274078177582558737e+02,4.592456926434979891e+01,4.067263243406343598e+00,5.499999999999297451e+00,-4.416738187197566390e+01
6.647500000000357012e+00,5.275226133082900333e+02,4.589660872762289756e+01,4.046824005476263864e+00,4.749999999999180211e+00,-4.358466204181768688e+01
6.650000000000357403e+00,5.276373389597102914e+02,4.586865299071261148e+01,4.019241778782006946e+00,4.749999999999180211e+00,-4.300507067624675273e+01
6.652500000000357794e+00,5.277519947245054937e+02,4.584070203445168090e+01,3.992160277718579842e+00,4.749999999999180211e+00,-4.242938393310509326e+01
6.655000000000358185e+00,5.278665806146162822e+02,4.581275583963684994e+01,3.965569829882102937e+00,5.499999999999297451e+00,-4.185753047102507907e+01
6.657500000000358575e+00,5.279810966419354372e+02,4.578481438704414330e+01,3.946935689868576791e+00,6.249999999999414690e+00,-4.128919769655826855e+01
6.660000000000358966e+00,5.280955428183075355e+02,4.575687765742590329e+01,3.936082526281093674e+00,6.999999999999531930e+00,-4.072325033345195777e+01
6.662500000000359357e+00,5.282099191555291782e+02,4.572894563150567393e+01,3.932837175571438415e+00,7.749999999999650058e+00,-4.015857796985427797e+01
6.665000000000359748e+00,5.283242256653485356e+02,4.570101828999484894e+01,3.937028770860303339e+00,8.499999999999765521e+00,-3.959409469515980362e+01
6.667500000000360139e+00,5.284384623594659161e+02,4.567309561358678849e+01,3.948488540606487796e+00,9.249999999999882760e+00,-3.902873880718692590e+01
6.670000000000360529e+00,5.285526292495329699e+02,4.564517758294567784e+01,3.967050093358410745e+00,1.000000000000000000e+01,-3.846147248267715213e+01
6.672500000000360920e+00,5.286667263471531442e+02,4.561726417870369943e+01,3.992548957670234433e+00,1.000000000000000000e+01,-3.789128144920733376e+01
6.675000000000361311e+00,5.287807536638815691e+02,4.558935538147271416e+01,4.017503135874085807e+00,9.249999999999882760e+00,-3.731741243804648889e+01
6.677500000000361702e+00,5.288947112112247169e+02,4.556145117183456961e+01,4.034595776070278639e+00,8.499999999999765521e+00,-3.674018013880917266e+01
6.680000000000362093e+00,5.290085990006405154e+02,4.553355153034239322e+01,4.043974457786343457e+00,7.749999999999648281e+00,-3.616070675692947844e+01
6.682500000000362483e+00,5.291224170435383485e+02,4.550565643752810274e+01,4.045785488934732221e+00,6.999999999999531042e+00,-3.558009367333846740e+01
6.685000000000362874e+00,5.292361653512788280e+02,4.547776587392255010e+01,4.040173282634443197e+00,6.249999999999414690e+00,-3.499942164912827280e+01
6.687500000000363265e+00,5.293498439351740217e+02,4.544987982004888494e+01,4.027280759633547369e+00,5.499999999999297451e+00,-3.441975103647289558e+01
6.690000000000363656e+00,5.294634528064872256e+02,4.542199825645032263e+01,4.007249081981749228e+00,4.749999999999180211e+00,-3.384212205427719056e+01
6.692500000000364047e+00,5.295769919764329643e+02,4.539412116370603201e+01,3.980217929079608474e+00,4.749999999999180211e+00,-3.326755502377960738e+01
6.695000000000364437e+00,5.296904614561775588e+02,4.536624852243011929e+01,3.953672844516880502e+00,4.749999999999180211e+00,-3.269681181236218492e+01
6.697500000000364828e+00,5.298038612568385588e+02,4.533838031328738793e+01,3.927604290549228327e+00,5.499999999999297451e+00,-3.212982345082262015e+01
6.700000000000365219e+00,5.299171913894855379e+02,4.531051651699608129e+01,3.909324120389237045e+00,6.249999999999414690e+00,-3.156628440635011046e+01
6.702500000000365610e+00,5.300304518651395256e+02,4.528265711433508045e+01,3.898661961081371086e+00,6.999999999999531930e+00,-3.100508238252897542e+01
6.705000000000366001e+00,5.301436426947738028e+02,4.525480208614958144e+01,3.895449617591496327e+00,7.749999999999650058e+00,-3.044512919487252489e+01
6.707500000000366391e+00,5.302567638893137882e+02,4.522695141334209978e+01,3.899520978849465802e+00,8.499999999999765521e+00,-2.988536045131171903e+01
6.710000000000366782e+00,5.303698154596370387e+02,4.519910507686918777e+01,3.910712086001582044e+00,9.249999999999882760e+00,-2.932473524928618147e+01
6.712500000000367173e+00,5.304827974165737032e+02,4.517126305774434059e+01,3.928860888386502381e+00,1.000000000000000000e+01,-2.876223587686303063e+01
6.715000000000367564e+00,5.305957097709062964e+02,4.514342533702145488e+01,3.953807495470325062e+00,1.000000000000000000e+01,-2.819686753381477828e+01
6.717500000000367955e+00,5.307085525333701526e+02,4.511559189579388374e+01,3.978225772512422598e+00,9.249999999999882760e+00,-2.762789110648718349e+01
6.720000000000368345e+00,5.308213257146533124e+02,4.508776271520240186e+01,3.994950150789764898e+00,8.499999999999765521e+00,-2.705561453287240781e+01
6.722500000000368736e+00,5.309340293253967502e+02,4.505993777642520115e+01,4.004123878586216101e+00,7.749999999999648281e+00,-2.648113761001315325e+01
6.725000000000369127e+00,5.310466633761942603e+02,4.503211706068275078e+01,4.005888756708222864e+00,6.999999999999531042e+00,-2.590553994880468025e+01
6.727500000000369518e+00,5.311592278775927980e+02,4.500430054925363521e+01,4.000385021663896978e+00,6.249999999999414690e+00,-2.532988114758067510e+01
6.730000000000369909e+00,5.312717228400925933e+02,4.497648822349394493e+01,3.987751199675255709e+00,5.499999999999297451e+00,-2.475520107096494016e+01
6.732500000000370299e+00,5.313841482741473783e+02,4.494868006485670264e+01,3.968124485740882168e+00,4.749999999999180211e+00,-2.418252005907850233e+01
6.735000000000370690e+00,5.314965041901643872e+02,4.492087605489488311e+01,3.941640667395996278e+00,4.749999999999180211e+00,-2.361283913239026688e+01
6.737500000000371081e+00,5.316087905985048110e+02,4.489307617526552008e+01,3.915628353141430207e+00,4.749999999999180211e+00,-2.304690605707745021e+01
6.740000000000371472e+00,5.317210075094842523e+02,4.486528040773864490e+01,3.890078085163062305e+00,5.499999999999297451e+00,-2.248465414792059036e+01
6.742500000000371863e+00,5.318331549333726116e+02,4.483748873421436087e+01,3.872149949408580927e+00,6.249999999999414690e+00,-2.192578470917879585e+01
6.745000000000372253e+00,5.319452328803946557e+02,4.480970113671880029e+01,3.861678247988935109e+00,6.999999999999531930e+00,-2.136920798298658042e+01
6.747500000000372644e+00,5.320572413607303588e+02,4.478191759740867894e+01,3.858499397140431775e+00,7.749999999999650058e+00,-2.081385762942706563e+01
6.750000000000373035e+00,5.321691803845151298e+02,4.475413809855239577e+01,3.862452181250910055e+00,8.499999999999765521e+00,-2.025869041904852708e+01
6.752500000000373426e+00,5.322810499618400399e+02,4.472636262253322315e+01,3.873377037475346896e+00,9.249999999999882760e+00,-1.970268595200331774e+01
6.755000000000373817e+00,5.323928501027522771e+02,4.469859115184463860e+01,3.891116681388901544e+00,1.000000000000000000e+01,-1.914484638303483521e+01
6.757500000000374207e+00,5.325045808172552597e+02,4.467082366909168201e+01,3.915515435370756414e+00,1.000000000000000000e+01,-1.858419613807622639e+01
6.760000000000374598e+00,5.326162421153089781e+02,4.464306015698446117e+01,3.939401678885666946e+00,9.249999999999882760e+00,-1.802001020927050234e+01
6.762500000000374989e+00,5.327278340068303351e+02,4.461530059832627160e+01,3.955759963572831328e+00,8.499999999999765521e+00,-1.745258996179580180e+01
6.765000000000375380e+00,5.328393565016932598e+02,4.458754497602453881e+01,3.964729213630379778e+00,7.749999999999648281e+00,-1.688301321819949763e+01
6.767500000000375771e+00,5.329508096097289354e+02,4.455979327310316762e+01,3.966446829258647888e+00,6.999999999999531042e+00,-1.631233819564123166e+01
6.770000000000376161e+00,5.330621933407262532e+02,4.453204547270374292e+01,3.961048827262949157e+00,6.249999999999414690e+00,-1.574160374632537085e+01
6.772500000000376552e+00,5.331735077044319269e+02,4.450430155810839494e+01,3.948669803593078509e+00,5.499999999999297451e+00,-1.517182953652543453e+01
6.775000000000376943e+00,5.332847527105511745e+02,4.447656151273553604e+01,3.929442757446886425e+00,4.749999999999180211e+00,-1.460401625952892068e+01
6.777500000000377334e+00,5.333959283687476045e+02,4.444882532015530785e+01,3.903499412443941718e+00,4.749999999999180211e+00,-1.403914582951008860e+01
6.780000000000377725e+00,5.335070346886440120e+02,4.442109296409759622e+01,3.878013080482002106e+00,4.749999999999180211e+00,-1.347795206205519136e+01
6.782500000000378115e+00,5.336180716798224921e+02,4.439336442845996089e+01,3.852974858202692143e+00,5.499999999999297451e+00,-1.292037042236145439e+01
6.785000000000378506e+00,5.337290393518250085e+02,4.436563969731360402e+01,3.835393600124763935e+00,6.249999999999414690e+00,-1.236610892706519671e+01
6.787500000000378897e+00,5.338399377141538480e+02,4.433791875490418022e+01,3.825108511134578837e+00,6.999999999999531930e+00,-1.181410001873865667e+01
6.790000000000379288e+00,5.339507667762719620e+02,4.431020158564246003e+01,3.821960742002719513e+00,7.749999999999650058e+00,-1.126329892369312624e+01
6.792500000000379679e+00,5.340615265476034210e+02,4.428248817410966609e+01,3.825793716740458095e+00,8.499999999999765521e+00,-1.071268334675065859e+01
6.795000000000380069e+00,5.341722170375338692e+02,4.425477850504324806e+01,3.836452434090319663e+00,9.249999999999882760e+00,-1.016125319094881974e+01
6.797500000000380460e+00,5.342828382554108657e+02,4.422707256333983850e+01,3.853783837279922242e+00,1.000000000000000000e+01,-9.608030325565971808e+00
6.800000000000380851e+00,5.343933902105443394e+02,4.419937033406059612e+01,3.877636622765259222e+00,1.000000000000000000e+01,-9.052058311128357460e+00
6.802500000000381242e+00,5.345038729122069299e+02,4.417167180242569913e+01,3.900992360766383449e+00,9.249999999999882760e+00,-8.492626184088155838e+00
6.805000000000381633e+00,5.346142863696344421e+02,4.414397695380542785e+01,3.916984248018156478e+00,8.499999999999765521e+00,-7.930028955309514238e+00
6.807500000000382023e+00,5.347246305920260738e+02,4.411628577371975268e+01,3.925746816740113054e+00,7.749999999999648281e+00,-7.365322743205586775e+00
6.810000000000382414e+00,5.348349055885450980e+02,4.408859824786443937e+01,3.927413438691802483e+00,6.999999999999531042e+00,-6.799544647987029400e+00
6.812500000000382805e+00,5.349451113683189760e+02,4.406091436211019641e+01,3.922116054641630267e+00,6.249999999999414690e+00,-6.233712950641991490e+00
6.815000000000383196e+00,5.350552479404400401e+02,4.403323410249729619e+01,3.909985056979499163e+00,5.499999999999297451e+00,-5.668827272569866516e+00
6.817500000000383586e+00,5.351653153139658343e+02,4.400555745523994489e+01,3.891149710975790654e+00,4.749999999999180211e+00,-5.105868780924421202e+00
6.820000000000383977e+00,5.352753134979194556e+02,4.397788440674830923e+01,3.865737834174120646e+00,4.749999999999180211e+00,-4.545800363158784663e+00
6.822500000000384368e+00,5.353852425012902359e+02,4.395021494363691517e+01,3.840768664187227621e+00,4.749999999999180211e+00,-3.989341881584267391e+00
6.825000000000384759e+00,5.354951023330339694e+02,4.392254905272077536e+01,3.816233613285360260e+00,5.499999999999297451e+00,-3.436430869155958856e+00
6.827500000000385150e+00,5.356048930020738226e+02,4.389488672101330735e+01,3.798992002591633721e+00,6.249999999999414690e+00,-2.886781892549923345e+00
6.830000000000385540e+00,5.357146145173005607e+02,4.386722793573198942e+01,3.788887755675674818e+00,6.999999999999531930e+00,-2.339349423793364302e+00
6.832500000000385931e+00,5.358242668875730033e+02,4.383957268429770693e+01,3.785766849580943560e+00,7.749999999999650058e+00,-1.793110094902979013e+00
6.835000000000386322e+00,5.359338501217187059e+02,4.381192095432115252e+01,3.789476818407068404e+00,8.499999999999765521e+00,-1.247062404145155456e+00
6.837500000000386713e+00,5.360433642285344149e+02,4.378427273360343008e+01,3.799867447229555051e+00,9.249999999999882760e+00,-7.002264993038316288e-01
6.840000000000387104e+00,5.361528092167862951e+02,4.375662801015175774e+01,3.816789949433167184e+00,1.000000000000000000e+01,-1.516439104586536635e-01
6.842500000000387494e+00,5.362621850952108389e+02,4.372898677216722518e+01,3.840097340799352388e+00,1.000000000000000000e+01,3.996226816555930039e-01
6.845000000000387885e+00,5.363714918725152074e+02,4.370134900804914224e+01,3.862922707461151628e+00,9.249999999999882760e+00,9.542701786601870406e-01
6.847500000000388276e+00,5.364807295573774581e+02,4.367371470638619257e+01,3.878546246587701418e+00,8.499999999999765521e+00,1.512009810359338458e+00
6.850000000000388667e+00,5.365898981584472267e+02,4.364608385597791340e+01,3.887098636416469688e+00,7.749999999999648281e+00,2.071806990937191006e+00
6.852500000000389058e+00,5.366989976843465229e+02,4.361845644581972437e+01,3.888709110009887837e+00,6.999999999999531042e+00,2.632645645460021999e+00
6.855000000000389448e+00,5.368080281436697305e+02,4.359083246512360432e+01,3.883505335172581674e+00,6.249999999999414690e+00,3.193528007177731887e+00
6.857500000000389839e+00,5.369169895449844034e+02,4.356321190331724580e+01,3.871614182169638152e+00,5.499999999999297451e+00,3.753474464969535518e+00
6.860000000000390230e+00,5.370258818968319474e+02,4.353559475004222179e+01,3.853160390243345113e+00,4.749999999999180211e+00,4.311523370594465554e+00
6.862500000000390621e+00,5.371347052077278477e+02,4.350798099516831030e+01,3.828268498342635162e+00,4.749999999999180211e+00,4.866730876180853649e+00
6.865000000000391012e+00,5.372434594861624646e+02,4.348037062877192227e+01,3.803804997740122040e+00,4.749999999999180211e+00,5.418391152578978520e+00
6.867500000000391402e+00,5.373521447406013749e+02,4.345276364114944556e+01,3.779761873884554202e+00,5.499999999999297451e+00,5.966564703002588566e+00
6.870000000000391793e+00,5.374607609794860537e+02,4.342516002281102061e+01,3.762850520851164671e+00,6.249999999999414690e+00,6.511530501651684233e+00
6.872500000000392184e+00,5.375693082112345564e+02,4.339755976446863883e+01,3.752919567310204041e+00,6.999999999999531930e+00,7.054312157793733107e+00
6.875000000000392575e+00,5.376777864442415193e+02,4.336996285705507148e+01,3.749819278559574087e+00,7.749999999999650058e+00,7.595911715462480451e+00
6.877500000000392966e+00,5.377861956868792959e+02,4.334236929171826347e+01,3.753402117899721002e+00,8.499999999999765521e+00,8.137309892261093580e+00
6.880000000000393356e+00,5.378945359474980705e+02,4.331477905982238497e+01,3.763521792519535669e+00,9.249999999999882760e+00,8.679466320782218247e+00
6.882500000000393747e+00,5.380028072344265411e+02,4.328719215293759959e+01,3.780033671865705713e+00,1.000000000000000000e+01,9.223319787210288112e+00
6.885000000000394138e+00,5.381110095559726005e+02,4.325960856285924905e+01,3.802795515270287030e+00,1.000000000000000000e+01,9.769788450962632709e+00
6.887500000000394529e+00,5.382191429204237920e+02,4.323202828160830080e+01,3.825089810402542589e+00,9.249999999999882760e+00,1.031955507207176659e+01
6.890000000000394920e+00,5.383272073360475360e+02,4.320445130142918799e+01,3.840342665435106717e+00,8.499999999999765521e+00,1.087233707193817800e+01
6.892500000000395310e+00,5.384352028110923811e+02,4.317687761480016206e+01,3.848680469783522629e+00,7.749999999999648281e+00,1.142712139063082866e+01
6.895000000000395701e+00,5.385431293537878901e+02,4.314930721443351302e+01,3.850228436464820270e+00,6.999999999999531042e+00,1.198291297269445543e+01
6.897500000000396092e+00,5.386509869723456632e+02,4.312174009327886637e+01,3.845110304450253924e+00,6.249999999999414690e+00,1.253873460226822445e+01
6.900000000000396483e+00,5.387587756749597929e+02,4.309417624450676243e+01,3.833448955736111330e+00,5.499999999999297451e+00,1.309362673669096466e+01
6.902500000000396874e+00,5.388664954698075462e+02,4.306661566151690579e+01,3.815365663665377216e+00,4.749999999999180211e+00,1.364664734714540906e+01
6.905000000000397264e+00,5.389741463650495916e+02,4.303905833792217095e+01,3.790980868854851416e+00,4.749999999999180211e+00,1.419687176008096863e+01
6.907500000000397655e+00,5.390817283688309089e+02,4.301150426755078371e+01,3.767010817936589984e+00,4.749999999999180211e+00,1.474360829555387831e+01
6.910000000000398046e+00,5.391892414892811303e+02,4.298395344444739408e+01,3.743447531709107157e+00,5.499999999999297451e+00,1.528691561498510687e+01
6.912500000000398437e+00,5.392966857345151084e+02,4.295640586287800033e+01,3.726856397047165093e+00,6.249999999999414690e+00,1.582706631077453885e+01
6.915000000000398828e+00,5.394040611126334852e+02,4.292886151732026434e+01,3.717090437699493322e+00,6.999999999999531930e+00,1.636506210229509861e+01
6.917500000000399218e+00,5.395113676317232603e+02,4.290132040245143230e+01,3.714004607179175910e+00,7.749999999999650058e+00,1.690188369793890288e+01
6.920000000000399609e+00,5.396186052998581317e+02,4.287378251314646604e+01,3.717455251429551133e+00,8.499999999999765521e+00,1.743849102418247554e+01
6.922500000000400000e+00,5.397257741250992922e+02,4.284624784450715396e+01,3.727300775961886803e+00,9.249999999999882760e+00,1.797582345260677172e+01
6.925000000000400391e+00,5.398328741154955424e+02,4.281871639185403922e+01,3.743400886863256893e+00,1.000000000000000000e+01,1.851480002174515604e+01
6.927500000000400782e+00,5.399399052790844280e+02,4.279118815073047699e+01,3.765617022012605730e+00,1.000000000000000000e+01,1.905631965738695044e+01
6.930000000000401172e+00,5.400468676238922399e+02,4.276366311691305100e+01,3.787380166253686564e+00,9.249999999999882760e+00,1.960105090055208876e+01
6.932500000000401563e+00,5.401537611579348095e+02,4.273614128640419096e+01,3.802259977975791294e+00,8.499999999999765521e+00,2.014871736863266705e+01
6.935000000000401954e+00,5.402605858892184187e+02,4.270862265544411684e+01,3.810378934874026680e+00,7.749999999999648281e+00,2.069832760223249934e+01
6.937500000000402345e+00,5.403673418257397998e+02,4.268110722051249439e+01,3.811858301789157633e+00,6.999999999999531042e+00,2.124890767654811441e+01
6.940000000000402736e+00,5.404740289754870446e+02,4.265359497831521196e+01,3.806817875959926045e+00,6.249999999999414690e+00,2.179950104665623911e+01
6.942500000000403126e+00,5.405806473464401734e+02,4.262608592578465760e+01,3.795376695437782555e+00,5.499999999999297451e+00,2.234916839302821145e+01
6.945000000000403517e+00,5.406871969465718166e+02,4.259858006005590880e+01,3.777652472718671106e+00,4.749999999999180211e+00,2.289698746671649232e+01
6.947500000000403908e+00,5.407936777838473290e+02,4.257107737846016704e+01,3.753761907504672202e+00,4.749999999999180211e+00,2.344205294268371986e+01
6.950000000000404299e+00,5.409000898662255850e+02,4.254357787853165007e+01,3.730272382453574842e+00,4.749999999999180211e+00,2.398368746263024676e+01
6.952500000000404690e+00,5.410064332016594335e+02,4.251608155799740274e+01,3.707176497509917734e+00,5.499999999999297451e+00,2.452194793710915732e+01
6.955000000000405080e+00,5.411127077980961531e+02,4.248858841476421588e+01,3.690895292902298674e+00,6.249999999999414690e+00,2.505710065284074872e+01
6.957500000000405471e+00,5.412189136634779061e+02,4.246109844691115853e+01,3.681286209195842929e+00,6.999999999999531930e+00,2.559012542491256070e+01
6.960000000000405862e+00,5.413250508057420802e+02,4.243361165269292457e+01,3.678208779365164993e+00,7.749999999999650058e+00,2.612198159387082796e+01
6.962500000000406253e+00,5.414311192328217430e+02,4.240612803054545310e+01,3.681523499306252667e+00,8.499999999999765521e+00,2.665360824785041416e+01
6.965000000000406644e+00,5.415371189526463240e+02,4.237864757909003544e+01,3.691092883089103438e+00,9.249999999999882760e+00,2.718592444019080290e+01
6.967500000000407034e+00,5.416430499731418422e+02,4.235117029713700987e+01,3.706781023064301905e+00,1.000000000000000000e+01,2.771982939456908568e+01
6.970000000000407425e+00,5.417489123022313606e+02,4.232369618369899200e+01,3.728453248308817525e+00,1.000000000000000000e+01,2.825620272226247565e+01
6.972500000000407816e+00,5.418547059478357824e+02,4.229622523800786382e+01,3.749686572127108874e+00,9.249999999999882760e+00,2.879569869165057128e+01
6.975000000000408207e+00,5.419604309178739641e+02,4.226875745950432872e+01,3.764192339039266422e+00,8.499999999999765521e+00,2.933804716339609442e+01
6.977500000000408598e+00,5.420660872202637393e+02,4.224129284784606142e+01,3.772089190871241726e+00,7.749999999999648281e+00,2.988227842641267173e+01
6.980000000000408988e+00,5.421716748629221456e+02,4.221383140290955538e+01,3.773494657859266965e+00,6.999999999999531042e+00,3.042743984474698848e+01
6.982500000000409379e+00,5.422771938537658798e+02,4.218637312477056867e+01,3.768524819763615863e+00,6.249999999999414690e+00,3.097259571890720053e+01
6.985000000000409770e+00,5.423826442007120932e+02,4.215891801369996017e+01,3.757294820552933068e+00,5.499999999999297451e+00,3.151682712857798307e+01
6.987500000000410161e+00,5.424880259116786192e+02,4.213146607015679734e+01,3.739918671072705258e+00,4.749999999999180211e+00,3.205923179596710071e+01
6.990000000000410552e+00,5.425933389945846557e+02,4.210401729477454325e+01,3.716509283795285334e+00,4.749999999999180211e+00,3.259892394244069180e+01
6.992500000000410942e+00,5.426985834573508782e+02,4.207657168835242345e+01,3.693487965000924245e+00,4.749999999999180211e+00,3.313524071363350032e+01
6.995000000000411333e+00,5.428037593079003500e+02,4.204912925184083861e+01,3.670847340912917200e+00,5.499999999999297451e+00,3.366823735860962330e+01
6.997500000000411724e+00,5.429088665541584078e+02,4.202168998633516139e+01,3.654866372536726971e+00,6.249999999999414690e+00,3.419817391702641629e+01
7.000000000000412115e+00,5.430139052040531169e+02,4.199425389308460410e+01,3.645406824829448222e+00,6.999999999999531930e+00,3.472600826830942111e+01
7.002500000000412506e+00,5.431188752655159533e+02,4.196682097350169727e+01,3.642332231088197148e+00,7.749999999999650058e+00,3.525267835175877451e+01
7.005000000000412896e+00,5.432237767464819171e+02,4.193939122916566475e+01,3.645507815461190404e+00,8.499999999999765521e+00,3.577910236498190955e+01
7.007500000000413287e+00,5.433286096548901014e+02,4.191196466184153024e+01,3.654799967375780501e+00,9.249999999999882760e+00,3.630617900250471308e+01
7.010000000000413678e+00,5.434333739986841465e+02,4.188454127349312017e+01,3.670076735648169386e+00,1.000000000000000000e+01,3.683478762154012287e+01
7.012500000000414069e+00,5.435380697858125814e+02,4.185712106628367479e+01,3.691207807519228279e+00,1.000000000000000000e+01,3.736578846819220701e+01
7.015000000000414460e+00,5.436426970242295056e+02,4.182970404261162400e+01,3.711913550147732721e+00,9.249999999999882760e+00,3.789982150647927739e+01
7.017500000000414850e+00,5.437472557218952716e+02,4.180229020512043547e+01,3.726045455617630342e+00,8.499999999999765521e+00,3.843662292328519925e+01
7.020000000000415241e+00,5.438517458867769392e+02,4.177487955670037678e+01,3.733718117825572502e+00,7.749999999999648281e+00,3.897524492788411266e+01
7.022500000000415632e+00,5.439561675268488443e+02,4.174747210048140289e+01,3.735045049691270602e+00,6.999999999999531042e+00,3.951475634163000450e+01
7.025000000000416023e+00,5.440605206500932809e+02,4.172006783981523625e+01,3.730138742850507505e+00,6.249999999999414690e+00,4.005424246866750337e+01
7.027500000000416414e+00,5.441648052645011830e+02,4.169266677829279644e+01,3.719110816812877918e+00,5.499999999999297451e+00,4.059280498032579487e+01
7.030000000000416804e+00,5.442690213780724662e+02,4.166526891971100355e+01,3.702071573392489157e+00,4.749999999999180211e+00,4.112956173127279413e+01
7.032500000000417195e+00,5.443731689988165954e+02,4.163787426806366199e+01,3.679130648867324105e+00,4.749999999999180211e+00,4.166364666094226976e+01
7.035000000000417586e+00,5.444772481347533812e+02,4.161048282754662608e+01,3.656564669823240354e+00,4.749999999999180211e+00,4.219441157508060058e+01
7.037500000000417977e+00,5.445812587939129799e+02,4.158309460252182532e+01,3.634367066583451322e+00,5.499999999999297451e+00,4.272191013679614002e+01
7.040000000000418368e+00,5.446852009843366886e+02,4.155570959750108528e+01,3.618676447807429142e+00,6.249999999999414690e+00,4.324639620250518846e+01
7.042500000000418758e+00,5.447890747140771737e+02,4.152832781716662680e+01,3.609358971421879669e+00,6.999999999999531930e+00,4.376880570686201111e+01
7.045000000000419149e+00,5.448928799911986971e+02,4.150094926636322157e+01,3.606282275907906065e+00,7.749999999999650058e+00,4.429005517663117075e+01
7.047500000000419540e+00,5.449966168237780266e+02,4.147357395011146508e+01,3.609315737735065088e+00,8.499999999999765521e+00,4.481104191926665692e+01
7.050000000000419931e+00,5.451002852199043218e+02,4.144620187362583863e+01,3.618330090331768556e+00,9.249999999999882760e+00,4.533264425507000084e+01
7.052500000000420322e+00,5.452038851876801573e+02,4.141883304231852492e+01,3.633197091052257299e+00,1.000000000000000000e+01,4.585572170175067441e+01
7.055000000000420712e+00,5.453074167352214090e+02,4.139146746180720271e+01,3.653790320755471832e+00,1.000000000000000000e+01,4.638111513414426668e+01
7.057500000000421103e+00,5.454108798706585048e+02,4.136410513793945398e+01,3.673971820479322137e+00,9.249999999999882760e+00,4.690945026392865458e+01
7.060000000000421494e+00,5.455142746021363109e+02,4.133674607680171675e+01,3.687730507830196292e+00,8.499999999999765521e+00,4.744046971346207187e+01
7.062500000000421885e+00,5.456176009378151548e+02,4.130939028469953911e+01,3.695177111216628507e+00,7.749999999999648281e+00,4.797324775340028680e+01
7.065000000000422276e+00,5.457208588858712801e+02,4.128203776816529569e+01,3.696421489196011212e+00,6.999999999999531042e+00,4.850687481761815434e+01
7.067500000000422666e+00,5.458240484544974152e+02,4.125468853393738300e+01,3.691572534072061984e+00,6.249999999999414690e+00,4.904045738095268803e+01
7.070000000000423057e+00,5.459271696519032275e+02,4.122734258895419401e+01,3.680738357292914653e+00,5.499999999999297451e+00,4.957311783005708605e+01
7.072500000000423448e+00,5.460302224863157790e+02,4.119999994031693547e+01,3.664025745568682435e+00,4.749999999999180211e+00,5.010399431143796534e+01
7.075000000000423839e+00,5.461332069659799799e+02,4.117266059528299138e+01,3.641540634269966326e+00,4.749999999999180211e+00,5.063224060216578692e+01
7.077500000000424230e+00,5.462361230991589309e+02,4.114532456126527649e+01,3.619418431940320424e+00,4.749999999999180211e+00,5.115722326144938137e+01
7.080000000000424620e+00,5.463389708941344907e+02,4.111799184580431188e+01,3.597652523089391430e+00,5.499999999999297451e+00,5.167899447215305742e+01
7.082500000000425011e+00,5.464417503592073899e+02,4.109066245653257710e+01,3.582243469183896689e+00,6.249999999999414690e+00,5.219780196437187669e+01
7.085000000000425402e+00,5.465444615026973452e+02,4.106333640118062078e+01,3.573062102133101270e+00,6.999999999999531930e+00,5.271455977812406246e+01
7.087500000000425793e+00,5.466471043329436270e+02,4.103601368759478873e+01,3.569980158897315903e+00,7.749999999999650058e+00,5.323016307683187875e+01
7.090000000000426184e+00,5.467496788583051739e+02,4.100869432373401224e+01,3.572870894203494352e+00,8.499999999999765521e+00,5.374548836076441916e+01
7.092500000000426574e+00,5.468521850871607057e+02,4.098137831769751216e+01,3.581608989636130946e+00,9.249999999999882760e+00,5.426139365319695429e+01
7.095000000000426965e+00,5.469546230279095198e+02,4.095406567772369755e+01,3.596070387323595963e+00,1.000000000000000000e+01,5.477871867579353449e+01
7.097500000000427356e+00,5.470569926889714907e+02,4.092675641220495919e+01,3.616132101784358177e+00,1.000000000000000000e+01,5.529828508670185272e+01
7.100000000000427747e+00,5.471592940787875250e+02,4.089945052969431316e+01,3.635795412202358357e+00,9.249999999999882760e+00,5.582070441871357502e+01
7.102500000000428138e+00,5.472615272058200162e+02,4.087214803889533243e+01,3.649184272373156901e+00,8.499999999999765521e+00,5.634572583013071778e+01
7.105000000000428528e+00,5.473636920785531856e+02,4.084484894869042648e+01,3.656406025684594496e+00,7.749999999999648281e+00,5.687244575045584583e+01
7.107500000000428919e+00,5.474657887054936509e+02,4.081755326811974527e+01,3.657567012699285858e+00,6.999999999999531042e+00,5.739997631137143230e+01
7.110000000000429310e+00,5.475678170951706534e+02,4.079026100637042163e+01,3.652772365806730814e+00,6.249999999999414690e+00,5.792744525045947768e+01
7.112500000000429701e+00,5.476697772561363990e+02,4.076297217273955908e+01,3.642126490570590569e+00,5.499999999999297451e+00,5.845399572018550316e+01
7.115000000000430092e+00,5.477716691969666272e+02,4.073568677660853155e+01,3.625733173343206328e+00,4.749999999999180211e+00,5.897878620286651596e+01
7.117500000000430482e+00,5.478734929262602691e+02,4.070840482744358013e+01,3.603694656286701381e+00,4.749999999999180211e+00,5.950099036413862308e+01
7.120000000000430873e+00,5.479752484526402441e+02,4.068112633477160500e+01,3.582007275744561792e+00,4.749999999999180211e+00,6.001998954008625020e+01
7.122500000000431264e+00,5.480769357847531182e+02,4.065385130818033588e+01,3.560664282182474771e+00,5.499999999999297451e+00,6.053583447758410330e+01
7.125000000000431655e+00,5.481785549312695593e+02,4.062657975727765347e+01,3.545531434502563251e+00,6.249999999999414690e+00,6.104876683039192642e+01
7.127500000000432046e+00,5.482801059008842230e+02,4.059931169170016574e+01,3.536483356921666044e+00,6.999999999999531930e+00,6.155967886145057832e+01
7.130000000000432436e+00,5.483815887023159803e+02,4.057204712113058775e+01,3.533395918047394613e+00,7.749999999999650058e+00,6.206944452208019669e+01
7.132500000000432827e+00,5.484830033443076900e+02,4.054478605529057944e+01,3.536146204047132979e+00,8.499999999999765521e+00,6.257891964992304423e+01
7.135000000000433218e+00,5.485843498356267673e+02,4.051752850393720706e+01,3.544612873205514880e+00,9.249999999999882760e+00,6.308894211624254211e+01
7.137500000000433609e+00,5.486856281850649566e+02,4.049027447688008863e+01,3.558675374843032202e+00,1.000000000000000000e+01,6.360033204436100362e+01
7.140000000000434000e+00,5.487868384014386720e+02,4.046302398400749212e+01,3.578215011290461156e+00,1.000000000000000000e+01,6.411389199454674781e+01
7.142500000000434390e+00,5.488879804935888842e+02,4.043577703529143008e+01,3.597369213714916025e+00,9.249999999999882760e+00,6.463021953926767083e+01
7.145000000000434781e+00,5.489890544703816886e+02,4.040853364077320009e+01,3.610395057293893650e+00,8.499999999999765521e+00,6.514907044845206485e+01
7.147500000000435172e+00,5.490900603407081917e+02,4.038129381058045908e+01,3.617396025922692715e+00,7.749999999999648281e+00,6.566956331382002077e+01
7.150000000000435563e+00,5.491909981134850796e+02,4.035405755490823054e+01,3.618474831728231589e+00,6.999999999999531042e+00,6.619083194100782919e+01
7.152500000000435953e+00,5.492918677976543904e+02,4.032682488400708820e+01,3.613733490441408680e+00,6.249999999999414690e+00,6.671202523046743238e+01
7.155000000000436344e+00,5.493926694021838557e+02,4.029959580816487374e+01,3.603273028838821279e+00,5.499999999999297451e+00,6.723230705366268012e+01
7.157500000000436735e+00,5.494934029360670138e+02,4.027237033768564345e+01,3.587193517663158193e+00,4.749999999999180211e+00,6.775085616010714773e+01
7.160000000000437126e+00,5.495940684083230963e+02,4.024514848287269331e+01,3.565594418179106828e+00,4.749999999999180211e+00,6.826686599625415397e+01
7.162500000000437517e+00,5.496946658279970279e+02,4.021793025399105659e+01,3.544334631832218196e+00,4.749999999999180211e+00,6.877973261959724027e+01
7.165000000000437907e+00,5.497951952041595405e+02,4.019071566128069861e+01,3.523408226909271690e+00,5.499999999999297451e+00,6.928950533623907404e+01
7.167500000000438298e+00,5.498956565459067178e+02,4.016350471492570051e+01,3.508547913348289082e+00,6.249999999999414690e+00,6.979641985965432127e+01
7.170000000000438689e+00,5.499960498623603371e+02,4.013629742503878362e+01,3.499632158444570873e+00,6.999999999999531930e+00,7.030134685682874363e+01
7.172500000000439080e+00,5.500963751626671865e+02,4.010909380169194804e+01,3.496540721360492654e+00,7.749999999999650058e+00,7.080513926555725845e+01
7.175000000000439471e+00,5.501966324559992927e+02,4.008189385492924117e+01,3.499154788972097752e+00,8.499999999999765521e+00,7.130863245872090772e+01
7.177500000000439861e+00,5.502968217515538072e+02,4.005469759475347047e+01,3.507356457435325314e+00,9.249999999999882760e+00,7.181264443057982305e+01
7.180000000000440252e+00,5.503969430585528926e+02,4.002750503113254155e+01,3.521029021998577591e+00,1.000000000000000000e+01,7.231797596821466811e+01
7.182500000000440643e+00,5.504969963862434952e+02,4.000031617401246820e+01,3.540057394037461780e+00,1.000000000000000000e+01,7.282541081036623609e+01
7.185000000000441034e+00,5.505969817438975724e+02,3.997313103332562179e+01,3.558713357636366759e+00,9.249999999999882760e+00,7.333553277183919761e+01
7.187500000000441425e+00,5.506968991408117517e+02,3.994594961899655061e+01,3.571383904004027610e+00,8.499999999999765521e+00,7.384810429021597145e+01
7.190000000000441815e+00,5.507967485863075581e+02,3.991877194094395520e+01,3.578169417179644096e+00,7.749999999999648281e+00,7.436226594863524042e+01
7.192500000000442206e+00,5.508965300897313000e+02,3.989159800906490005e+01,3.579169400819047109e+00,6.999999999999531042e+00,7.487717305403039347e+01
7.195000000000442597e+00,5.509962436604539562e+02,3.986442783321079020e+01,3.574482335859149096e+00,6.249999999999414690e+00,7.539199554120406788e+01
7.197500000000442988e+00,5.510958893078712890e+02,3.983726142318398189e+01,3.564205844052205752e+00,5.499999999999297451e+00,7.590591780260261601e+01
7.200000000000443379e+00,5.511954670414032762e+02,3.981009878872264807e+01,3.548436867400582617e+00,4.749999999999180211e+00,7.641813861871513325e+01
7.202500000000443769e+00,5.512949768704943381e+02,3.978293993947811202e+01,3.527271700481723560e+00,4.749999999999180211e+00,7.692787101009218986e+01
7.205000000000444160e+00,5.513944188046129966e+02,3.975578488497727392e+01,3.506434862874855174e+00,0.000000000000000000e+00,7.743452555813091465e+01
7.207500000000444551e+00,5.514937928532514206e+02,3.972863363462302289e+01,3.450254916999380139e+00,0.000000000000000000e+00,7.793698786980102966e+01
7.210000000000444942e+00,5.515930990259251985e+02,3.970148619770920817e+01,3.395011803076190215e+00,0.000000000000000000e+00,7.843135549755953662e+01
7.212500000000445333e+00,5.516923373321732242e+02,3.967434258335063646e+01,3.340689229571614849e+00,0.000000000000000000e+00,7.891776488336748230e+01
7.215000000000445723e+00,5.517915077815570157e+02,3.964720280046443435e+01,3.287271335921682525e+00,0.000000000000000000e+00,7.939635008158445828e+01
7.217500000000446114e+00,5.518906103836602597e+02,3.962006685776118786e+01,3.234742193737969007e+00,0.000000000000000000e+00,7.986724275172328191e+01
7.220000000000446505e+00,5.519896451480881296e+02,3.959293476374166687e+01,3.183086583690873272e+00,0.000000000000000000e+00,8.033057223740996733e+01
7.222500000000446896e+00,5.520886120844671723e+02,3.956580652672076326e+01,3.132289155895112476e+00,0.000000000000000000e+00,8.078646561005034243e+01
7.225000000000447287e+00,5.521875112024445116e+02,3.953868215479763393e+01,3.082335439001284705e+00,0.000000000000000000e+00,8.123504767546626226e+01
7.227500000000447677e+00,5.522863425116875078e+02,3.951156165586318281e+01,3.033210736428185061e+00,0.000000000000000000e+00,8.167644107661885755e+01
7.230000000000448068e+00,5.523851060218829616e+02,3.948444503761703572e+01,2.984900563665241258e+00,0.000000000000000000e+00,8.211076630155835687e+01
7.232500000000448459e+00,5.524838017427368868e+02,3.945733230754053267e+01,2.937390855159268455e+00,0.000000000000000000e+00,8.253814169041933724e+01
7.235000000000448850e+00,5.525824296839738281e+02,3.943022347290778384e+01,2.890667927274799709e+00,0.000000000000000000e+00,8.295868350920861189e+01
7.237500000000449241e+00,5.526809898553365201e+02,3.940311854079945419e+01,2.844718273205455894e+00,0.000000000000000000e+00,8.337250599053845690e+01
7.240000000000449631e+00,5.527794822665850916e+02,3.937601751809108919e+01,2.799528439227314536e+00,0.000000000000000000e+00,8.377972136853144036e+01
7.242500000000450022e+00,5.528779069274969515e+02,3.934892041145846520e+01,2.755085250492243620e+00,0.000000000000000000e+00,8.418043989953734751e+01
7.245000000000450413e+00,5.529762638478661074e+02,3.932182722738272673e+01,2.711376046640432413e+00,0.000000000000000000e+00,8.457476991195613891e+01
7.247500000000450804e+00,5.530745530375024828e+02,3.929473797213356079e+01,2.668388086481463084e+00,0.000000000000000000e+00,8.496281782381586822e+01
7.250000000000451195e+00,5.531727745062315762e+02,3.926765265179319186e+01,2.626108906730377335e+00,0.000000000000000000e+00,8.534468821076590928e+01
7.252500000000451585e+00,5.532709282638940067e+02,3.924057127224885733e+01,2.584526380379342569e+00,0.000000000000000000e+00,8.572048380152676827e+01
7.255000000000451976e+00,5.533690143203451726e+02,3.921349383919260845e+01,2.543628662265398965e+00,0.000000000000000000e+00,8.609030554482622222e+01
7.257500000000452367e+00,5.534670326854543418e+02,3.918642035812899138e+01,2.503403823186853394e+00,0.000000000000000000e+00,8.645425262372823738e+01
7.260000000000452758e+00,5.535649833691046524e+02,3.915935083435659436e+01,2.463840571330932150e+00,0.000000000000000000e+00,8.681242249774395248e+01
7.262500000000453149e+00,5.536628663811922024e+02,3.913228527298592496e+01,2.424927526262178556e+00,0.000000000000000000e+00,8.716491093269000601e+01
7.265000000000453539e+00,5.537606817316258230e+02,3.910522367893997142e+01,2.386653317820843334e+00,0.000000000000000000e+00,8.751181203341342041e+01
7.267500000000453930e+00,5.538584294303265096e+02,3.907816605695174417e+01,2.349007281622686794e+00,0.000000000000000000e+00,8.785321825028600529e+01
7.270000000000454321e+00,5.539561094872270814e+02,3.905111241155767487e+01,2.311978523532173480e+00,0.000000000000000000e+00,8.818922044018694351e+01
7.272500000000454712e+00,5.540537219122716124e+02,3.902406274710274658e+01,2.275556603405104905e+00,0.000000000000000000e+00,8.851990787717021192e+01
7.275000000000455103e+00,5.541512667154147493e+02,3.899701706774745702e+01,2.239731169786782772e+00,0.000000000000000000e+00,8.884536831225673836e+01
7.277500000000455493e+00,5.542487439066214847e+02,3.896997537745269113e+01,2.204491913722404828e+00,0.000000000000000000e+00,8.916568795267902203e+01
7.280000000000455884e+00,5.543461534958667016e+02,3.894293767998799183e+01,2.169828776285136929e+00,0.000000000000000000e+00,8.948095152305552347e+01
7.282500000000456275e+00,5.544434954931346056e+02,3.891590397893678954e+01,2.135732232994909108e+00,0.000000000000000000e+00,8.979124224723987879e+01
7.285000000000456666e+00,5.545407699084181559e+02,3.888887427769487459e+01,2.102192458168219424e+00,0.000000000000000000e+00,9.009664198222657205e+01
7.287500000000457057e+00,5.546379767517187247e+02,3.886184857947987581e+01,2.069199973039728579e+00,0.000000000000000000e+00,9.039723111504908104e+01
7.290000000000457447e+00,5.547351160330456423e+02,3.883482688731766785e+01,2.036745306769265795e+00,0.000000000000000000e+00,9.069308867560465615e+01
7.292500000000457838e+00,5.548321877624157423e+02,3.880780920405857870e+01,2.004819752010824185e+00,0.000000000000000000e+00,9.098429228881825281e+01
7.295000000000458229e+00,5.549291919498527932e+02,3.878079553236767651e+01,1.973414019205894432e+00,0.000000000000000000e+00,9.127091831148385381e+01
7.297500000000458620e+00,5.550261286053871572e+02,3.875378587473865366e+01,1.942519334406457521e+00,0.000000000000000000e+00,9.155304173855479632e+01
7.300000000000459011e+00,5.551229977390553358e+02,3.872678023347950216e+01,1.912127093850040760e+00,0.000000000000000000e+00,9.183073630637721863e+01
7.302500000000459401e+00,5.552197993608995148e+02,3.869977861072061387e+01,1.882228729065703154e+00,0.000000000000000000e+00,9.210407445105664692e+01
7.305000000000459792e+00,5.553165334809671094e+02,3.867278100842262489e+01,1.852815838606020726e+00,0.000000000000000000e+00,9.237312740012271206e+01
7.307500000000460183e+00,5.554132001093103099e+02,3.864578742836741299e+01,1.823880240664225161e+00,0.000000000000000000e+00,9.263796514687861361e+01
7.310000000000460574e+00,5.555097992559857403e+02,3.861879787215490722e+01,1.795413985158425874e+00,0.000000000000000000e+00,9.289865647699255646e+01
7.312500000000460965e+00,5.556063309310537761e+02,3.859181234122021209e+01,1.767408948313039296e+00,0.000000000000000000e+00,9.315526902309923685e+01
7.315000000000461355e+00,5.557027951445783174e+02,3.856483083683052371e+01,1.739857512024339803e+00,0.000000000000000000e+00,9.340786924721940920e+01
7.317500000000461746e+00,5.557991919066264472e+02,3.853785336006509965e+01,1.712751945583811608e+00,0.000000000000000000e+00,9.365652249394942430e+01
7.320000000000462137e+00,5.558955212272678637e+02,3.851087991183560888e+01,1.686084747843187293e+00,0.000000000000000000e+00,9.390129297225057314e+01
7.322500000000462528e+00,5.559917831165743110e+02,3.848391049287844368e+01,1.659848420470225294e+00,0.000000000000000000e+00,9.414224381202959080e+01
7.325000000000462919e+00,5.560879775846192388e+02,3.845694510376120689e+01,1.634035890571382543e+00,0.000000000000000000e+00,9.437943704267335931e+01
7.327500000000463309e+00,5.561841046414775747e+02,3.842998374488809787e+01,1.608639923131403915e+00,0.000000000000000000e+00,9.461293366494672341e+01
7.330000000000463700e+00,5.562801642972251557e+02,3.840302641650724524e+01,1.583653450410777985e+00,0.000000000000000000e+00,9.484279363938647123e+01
7.332500000000464091e+00,5.563761565619382736e+02,3.837607311869948035e+01,1.559069655527152376e+00,0.000000000000000000e+00,9.506907591164257099e+01
7.335000000000464482e+00,5.564720814456933340e+02,3.834912385137399582e+01,1.534881915090001714e+00,0.000000000000000000e+00,9.529183840050333743e+01
7.337500000000464873e+00,5.565679389585664012e+02,3.832217861427586314e+01,1.511083452446654762e+00,0.000000000000000000e+00,9.551113809305223867e+01
7.340000000000465263e+00,5.566637291106328576e+02,3.829523740699334411e+01,1.487667602838889547e+00,0.000000000000000000e+00,9.572703096421568603e+01
7.342500000000465654e+00,5.567594519119669485e+02,3.826830022894252181e+01,1.464628269097271174e+00,0.000000000000000000e+00,9.593957206026354356e+01
7.345000000000466045e+00,5.568551073726414415e+02,3.824136707938399127e+01,1.441958903939379200e+00,0.000000000000000000e+00,9.614881551691273387e+01
7.347500000000466436e+00,5.569506955027270578e+02,3.821443795740700011e+01,1.419653357368727997e+00,0.000000000000000000e+00,9.635481452422570214e+01
7.350000000000466827e+00,5.570462163122921311e+02,3.818751286194833483e+01,1.397705713926912674e+00,0.000000000000000000e+00,9.655762137840726211e+01
7.352500000000467217e+00,5.571416698114023802e+02,3.816059179179876537e+01,1.376109718029432161e+00,0.000000000000000000e+00,9.675728751942756389e+01
7.355000000000467608e+00,5.572370560101203409e+02,3.813367474559303361e+01,1.354859672889003219e+00,0.000000000000000000e+00,9.695386348698337997e+01
7.357500000000467999e+00,5.573323749185050247e+02,3.810676172180399846e+01,1.333949875631273763e+00,0.000000000000000000e+00,9.714739899757400110e+01
7.360000000000468390e+00,5.574276265466115774e+02,3.807985271874549937e+01,1.313374470784602899e+00,0.000000000000000000e+00,9.733794293087898097e+01
7.362500000000468781e+00,5.575228109044907114e+02,3.805294773458238211e+01,1.293128132993115909e+00,0.000000000000000000e+00,9.752554333272244946e+01
7.365000000000469171e+00,5.576179280021887052e+02,3.802604676733018607e+01,1.273205052641631196e+00,0.000000000000000000e+00,9.771024745717024018e+01
7.367500000000469562e+00,5.577129778497466077e+02,3.799914981485232346e+01,1.253600047063163858e+00,0.000000000000000000e+00,9.789210173660683267e+01
7.370000000000469953e+00,5.578079604572001244e+02,3.797225687485888557e+01,1.234307891974263161e+00,0.000000000000000000e+00,9.807115185501987753e+01
7.372500000000470344e+00,5.579028758345790493e+02,3.794536794491128973e+01,1.215323269079290336e+00,0.000000000000000000e+00,9.824744272175662729e+01
7.375000000000470735e+00,5.579977239919071508e+02,3.791848302242016899e+01,1.196640995478591263e+00,0.000000000000000000e+00,9.842101849141896253e+01
7.377500000000471125e+00,5.580925049392014898e+02,3.789160210465734480e+01,1.178256143104345233e+00,0.000000000000000000e+00,9.859192257467427112e+01
7.380000000000471516e+00,5.581872186864723062e+02,3.786472518875100945e+01,1.160163964136515347e+00,0.000000000000000000e+00,9.876019765975621567e+01
7.382500000000471907e+00,5.582818652437225637e+02,3.783785227168339560e+01,1.142359395720470738e+00,0.000000000000000000e+00,9.892588575033950349e+01
7.385000000000472298e+00,5.583764446209476091e+02,3.781098335029643209e+01,1.124837814136437020e+00,0.000000000000000000e+00,9.908902812060871668e+01
7.387500000000472689e+00,5.584709568281348311e+02,3.778411842128522835e+01,1.107594280297920175e+00,0.000000000000000000e+00,9.924966536283820062e+01
7.390000000000473079e+00,5.585654018752632055e+02,3.775725748120746061e+01,1.090624522461967061e+00,0.000000000000000000e+00,9.940783738111072410e+01
7.392500000000473470e+00,5.586597797723030681e+02,3.773040052649388088e+01,1.073923856089146645e+00,0.000000000000000000e+00,9.956358343761800711e+01
7.395000000000473861e+00,5.587540905292158868e+02,3.770354755343576159e+01,1.057487793241634000e+00,0.000000000000000000e+00,9.971694215826953211e+01
7.397500000000474252e+00,5.588483341559534665e+02,3.767669855817700153e+01,1.041312191520801012e+00,0.000000000000000000e+00,9.986795148107647435e+01
7.400000000000474643e+00,5.589425106624581758e+02,3.764985353672576451e+01,1.025392506945345783e+00,0.000000000000000000e+00,1.000166487587545419e+02
7.402500000000475033e+00,5.590366200586622654e+02,3.762301248496154926e+01,1.009724534984671074e+00,0.000000000000000000e+00,1.001630706913745854e+02
7.405000000000475424e+00,5.591306623544875265e+02,3.759617539862716740e+01,9.943042927029139832e-01,0.000000000000000000e+00,1.003072533697459647e+02
7.407500000000475815e+00,5.592246375598450641e+02,3.756934227333952947e+01,9.791276094126262208e-01,0.000000000000000000e+00,1.004492323258330515e+02
7.410000000000476206e+00,5.593185456846349553e+02,3.754251310458782598e+01,9.641904696951713039e-01,0.000000000000000000e+00,1.005890424575404012e+02
7.412500000000476597e+00,5.594123867387460223e+02,3.751568788773212049e+01,9.494891359632889882e-01,0.000000000000000000e+00,1.007267181113737422e+02
7.415000000000476987e+00,5.595061607320552639e+02,3.748886661801447673e+01,9.350195988099335720e-01,0.000000000000000000e+00,1.008622930794884240e+02
7.417500000000477378e+00,5.595998676744278555e+02,3.746204929054257349e+01,9.207778826438927089e-01,0.000000000000000000e+00,1.009958005946395758e+02
7.420000000000477769e+00,5.596935075757164668e+02,3.743523590029565185e+01,9.067605540266885367e-01,0.000000000000000000e+00,1.011272732955944065e+02
7.422500000000478160e+00,5.597870804457613758e+02,3.740842644214017554e+01,8.929637412905635507e-01,0.000000000000000000e+00,1.012567433246845070e+02
7.425000000000478551e+00,5.598805862943899001e+02,3.738162091082420346e+01,8.793839712203466163e-01,0.000000000000000000e+00,1.013842423043482768e+02
7.427500000000478941e+00,5.599740251314160560e+02,3.735481930097520120e+01,8.660174408085722364e-01,0.000000000000000000e+00,1.015098013065428546e+02
7.430000000000479332e+00,5.600673969666404446e+02,3.732802160709616857e+01,8.528608380016291513e-01,0.000000000000000000e+00,1.016334508970726489e+02
7.432500000000479723e+00,5.601607018098497974e+02,3.730122782358023414e+01,8.399109656305451255e-01,0.000000000000000000e+00,1.017552211382101177e+02
7.435000000000480114e+00,5.602539396708168624e+02,3.727443794470467253e+01,8.271641517415337930e-01,0.000000000000000000e+00,1.018751416386339059e+02
7.437500000000480505e+00,5.603471105592999493e+02,3.724765196463348360e+01,8.146171572321174725e-01,0.000000000000000000e+00,1.019932414916448806e+02
7.440000000000480895e+00,5.604402144850427021e+02,3.722086987741656827e+01,8.022666973404979363e-01,0.000000000000000000e+00,1.021095493035488033e+02
7.442500000000481286e+00,5.605332514577738721e+02,3.719409167699390650e+01,7.901096451900874174e-01,0.000000000000000000e+00,1.022240932255507317e+02
7.445000000000481677e+00,5.606262214872069762e+02,3.716731735719421437e+01,7.781428627868977044e-01,0.000000000000000000e+00,1.023369009374074636e+02
7.447500000000482068e+00,5.607191245830400703e+02,3.714054691174261080e+01,7.663632615499826883e-01,0.000000000000000000e+00,1.024479996951930190e+02
7.450000000000482459e+00,5.608119607549554075e+02,3.711378033426716883e+01,7.547677065421615206e-01,0.000000000000000000e+00,1.025574162874687261e+02
7.452500000000482849e+00,5.609047300126192113e+02,3.708701761827908427e+01,7.433532633325947714e-01,0.000000000000000000e+00,1.026651770553725669e+02
7.455000000000483240e+00,5.609974323656815614e+02,3.706025875719279128e+01,7.321171364424321482e-01,0.000000000000000000e+00,1.027713079301040437e+02
7.457500000000483631e+00,5.610900678237759394e+02,3.703350374432731940e+01,7.210561399438947250e-01,0.000000000000000000e+00,1.028758344415446260e+02
7.460000000000484022e+00,5.611826363965191149e+02,3.700675257289226039e+01,7.101675705032629571e-01,0.000000000000000000e+00,1.029787816490053558e+02
7.462500000000484413e+00,5.612751380935106909e+02,3.698000523599900902e+01,6.994487095733433746e-01,0.000000000000000000e+00,1.030801742263297882e+02
7.465000000000484803e+00,5.613675729243331034e+02,3.695326172666560893e+01,6.888968329379004940e-01,0.000000000000000000e+00,1.031800364491789281e+02
7.467500000000485194e+00,5.614599408985513946e+02,3.692652203781499054e+01,6.785090812898041390e-01,0.000000000000000000e+00,1.032783922302442505e+02
7.470000000000485585e+00,5.615522420257126441e+02,3.689978616228400909e+01,6.682830710749676495e-01,0.000000000000000000e+00,1.033752650290015822e+02
7.472500000000485976e+00,5.616444763153459689e+02,3.687305409281557900e+01,6.582159931485593862e-01,0.000000000000000000e+00,1.034706779927517459e+02
7.475000000000486367e+00,5.617366437769625236e+02,3.684632582206972984e+01,6.483052749063289433e-01,0.000000000000000000e+00,1.035646538531462824e+02
7.477500000000486757e+00,5.618287444200548180e+02,3.681960134261518647e+01,6.385485306198444011e-01,0.000000000000000000e+00,1.036572149844088244e+02
7.480000000000487148e+00,5.619207782540969447e+02,3.679288064693972160e+01,6.289432233081690971e-01,0.000000000000000000e+00,1.037483834053718823e+02
7.482500000000487539e+00,5.620127452885440107e+02,3.676616372744517491e+01,6.194867863625735938e-01,0.000000000000000000e+00,1.038381807704546418e+02
7.485000000000487930e+00,5.621046455328321372e+02,3.673945057644645829e+01,6.101768568614490684e-01,0.000000000000000000e+00,1.039266283663748140e+02
7.487500000000488320e+00,5.621964789963782323e+02,3.671274118618136839e+01,6.010114151589917020e-01,0.000000000000000000e+00,1.040137471569744605e+02
7.490000000000488711e+00,5.622882456885796501e+02,3.668603554881608630e+01,5.919877573429832562e-01,0.000000000000000000e+00,1.040995577794036677e+02
7.492500000000489102e+00,5.623799456188141903e+02,3.665933365644077924e+01,5.831038595759566734e-01,0.000000000000000000e+00,1.041840805126137894e+02
7.495000000000489493e+00,5.624715787964397578e+02,3.663263550107381405e+01,5.743573200360936326e-01,0.000000000000000000e+00,1.042673353329743549e+02
7.497500000000489884e+00,5.625631452307944755e+02,3.660594107465994540e+01,5.657458990444824698e-01,0.000000000000000000e+00,1.043493418854599071e+02
7.500000000000490274e+00,5.626546449311960032e+02,3.657925036907077754e+01,5.572676472460843522e-01,0.000000000000000000e+00,1.044301194780367013e+02
7.502500000000490665e+00,5.627460779069418777e+02,3.655256337610627071e+01,5.489202794216344605e-01,0.000000000000000000e+00,1.045096871404281842e+02
7.505000000000491056e+00,5.628374441673088313e+02,3.652588008749725645e+01,5.407016161548064970e-01,0.000000000000000000e+00,1.045880635898091100e+02
7.507500000000491447e+00,5.629287437215532464e+02,3.649920049490614815e+01,5.326099084601950695e-01,0.000000000000000000e+00,1.046652672006637914e+02
7.510000000000491838e+00,5.630199765789102457e+02,3.647252458993802549e+01,5.246428936589735414e-01,0.000000000000000000e+00,1.047413161269422517e+02
7.512500000000492228e+00,5.631111427485942613e+02,3.644585236414042129e+01,5.167986663873880282e-01,0.000000000000000000e+00,1.048162281827994775e+02
7.515000000000492619e+00,5.632022422397982382e+02,3.641918380899439001e+01,5.090753680995826480e-01,0.000000000000000000e+00,1.048900209083057433e+02
7.517500000000493010e+00,5.632932750616940893e+02,3.639251891592407162e+01,5.014709054898793816e-01,0.000000000000000000e+00,1.049627115739789787e+02
7.520000000000493401e+00,5.633842412234321273e+02,3.636585767629495791e+01,4.939833357210318132e-01,0.000000000000000000e+00,1.050343171700286717e+02
7.522500000000493792e+00,5.634751407341409504e+02,3.633920008141833335e+01,4.866110463583743773e-01,0.000000000000000000e+00,1.051048543801222621e+02
7.525000000000494182e+00,5.635659736029275564e+02,3.631254612255396097e+01,4.793520759228459549e-01,0.000000000000000000e+00,1.051743396739512519e+02
7.527500000000494573e+00,5.636567398388770016e+02,3.628589579091198658e+01,4.722045280848694571e-01,0.000000000000000000e+00,1.052427892322391898e+02
7.530000000000494964e+00,5.637474394510524007e+02,3.625924907764760974e+01,4.651668557580221908e-01,0.000000000000000000e+00,1.053102189738283982e+02
7.532500000000495355e+00,5.638380724484945858e+02,3.623260597387091053e+01,4.582371989781224286e-01,0.000000000000000000e+00,1.053766445823354445e+02
7.535000000000495746e+00,5.639286388402223338e+02,3.620596647064019891e+01,4.514137805251594582e-01,0.000000000000000000e+00,1.054420814800397892e+02
7.537500000000496136e+00,5.640191386352317977e+02,3.617933055896907035e+01,4.446949262956819693e-01,0.000000000000000000e+00,1.055065448305314675e+02
7.540000000000496527e+00,5.641095718424968481e+02,3.615269822983795223e+01,4.380792018234975216e-01,0.000000000000000000e+00,1.055700495691315837e+02
7.542500000000496918e+00,5.641999384709686183e+02,3.612606947419162395e+01,4.315646434863126268e-01,0.000000000000000000e+00,1.056326104007817435e+02
7.545000000000497309e+00,5.642902385295757313e+02,3.609944428293779595e+01,4.251499165615480469e-01,0.000000000000000000e+00,1.056942417795658287e+02
7.547500000000497700e+00,5.643804720272240729e+02,3.607282264694539009e+01,4.188333779610383112e-01,0.000000000000000000e+00,1.057549579372713566e+02
7.550000000000498090e+00,5.644706389727965643e+02,3.604620455705043014e+01,4.126134136585100642e-01,0.000000000000000000e+00,1.058147729133471557e+02
7.552500000000498481e+00,5.645607393751531617e+02,3.601959000405059186e+01,4.064887199187627309e-01,0.000000000000000000e+00,1.058737004802920723e+02
7.555000000000498872e+00,5.646507732431309705e+02,3.599297897870930996e+01,4.004574988640888789e-01,0.000000000000000000e+00,1.059317542221454715e+02
7.557500000000499263e+00,5.647407405855439038e+02,3.596637147175939475e+01,3.945184353620549422e-01,0.000000000000000000e+00,1.059889474697034331e+02
7.560000000000499654e+00,5.648306414111825688e+02,3.593976747390868098e+01,3.886701013787886572e-01,0.000000000000000000e+00,1.060452933799674469e+02
7.562500000000500044e+00,5.649204757288146084e+02,3.591316697584278472e+01,3.829110393386223610e-01,0.000000000000000000e+00,1.061008048847114651e+02
7.565000000000500435e+00,5.650102435471840181e+02,3.588656996822801659e+01,3.772398168591690193e-01,0.000000000000000000e+00,1.061554947272652925e+02
7.567500000000500826e+00,5.650999448750117153e+02,3.585997644170220866e+01,3.716551911080523407e-01,0.000000000000000000e+00,1.062093754380818069e+02
7.570000000000501217e+00,5.651895797209950842e+02,3.583338638688245226e+01,3.661555944138301655e-01,0.000000000000000000e+00,1.062624593610858312e+02
7.572500000000501608e+00,5.652791480938080895e+02,3.580679979436293792e+01,3.607398591022401568e-01,0.000000000000000000e+00,1.063147586215420120e+02
7.575000000000501998e+00,5.653686500021011625e+02,3.578021665472697777e+01,3.554065937329433100e-01,0.000000000000000000e+00,1.063662851798661251e+02
7.577500000000502389e+00,5.654580854545012016e+02,3.575363695854294832e+01,3.501546307038166939e-01,0.000000000000000000e+00,1.064170507904944571e+02
7.580000000000502780e+00,5.655474544596114583e+02,3.572706069636097226e+01,3.449824909664947481e-01,0.000000000000000000e+00,1.064670670543752635e+02
7.582500000000503171e+00,5.656367570260115372e+02,3.570048785871519215e+01,3.398891431123665652e-01,0.000000000000000000e+00,1.065163453507807532e+02
7.585000000000503562e+00,5.657259931622573959e+02,3.567391843613126667e+01,3.348732612809206532e-01,0.000000000000000000e+00,1.065648969001440207e+02
7.587500000000503952e+00,5.658151628768813453e+02,3.564735241912624986e+01,3.299335260553081239e-01,0.000000000000000000e+00,1.066127327445773716e+02
7.590000000000504343e+00,5.659042661783919357e+02,3.562078979821103530e+01,3.250688600245065230e-01,0.000000000000000000e+00,1.066598637407017378e+02
7.592500000000504734e+00,5.659933030752740706e+02,3.559423056388673956e+01,3.202781995316005825e-01,0.000000000000000000e+00,1.067063005986275499e+02
7.595000000000505125e+00,5.660822735759887792e+02,3.556767470664669872e+01,3.155601907499555603e-01,0.000000000000000000e+00,1.067520538526078440e+02
7.597500000000505516e+00,5.661711776889734438e+02,3.554112221698041196e+01,3.109139154260464610e-01,0.000000000000000000e+00,1.067971338569256687e+02
7.600000000000505906e+00,5.662600154226415725e+02,3.551457308538189039e+01,3.063380922648500926e-01,0.000000000000000000e+00,1.068415508180784315e+02
7.602500000000506297e+00,5.663487867853829130e+02,3.548802730234783809e+01,3.018317126756832058e-01,0.000000000000000000e+00,1.068853147800868584e+02
7.605000000000506688e+00,5.664374917855635658e+02,3.546148485837468911e+01,2.973937107179712158e-01,0.000000000000000000e+00,1.069284356445616169e+02
7.607500000000507079e+00,5.665261304315257576e+02,3.543494574396119390e+01,2.930229524057282875e-01,0.000000000000000000e+00,1.069709231391960174e+02
7.610000000000507470e+00,5.666147027315879541e+02,3.540840994960752397e+01,2.887184111643939510e-01,0.000000000000000000e+00,1.070127868491884016e+02
7.612500000000507860e+00,5.667032086940449744e+02,3.538187746582266868e+01,2.844791486792968560e-01,0.000000000000000000e+00,1.070540361939342233e+02
7.615000000000508251e+00,5.667916483271678771e+02,3.535534828312165700e+01,2.803041032352415196e-01,0.000000000000000000e+00,1.070946804866582482e+02
7.617500000000508642e+00,5.668800216392039601e+02,3.532882239203027552e+01,2.761922035092713723e-01,0.000000000000000000e+00,1.071347288558517334e+02
7.620000000000509033e+00,5.669683286383768746e+02,3.530229978308184968e+01,2.721426156703761756e-01,0.000000000000000000e+00,1.071741902920992686e+02
7.622500000000509424e+00,5.670565693328866246e+02,3.527578044682811509e+01,2.681543084377424058e-01,0.000000000000000000e+00,1.072130736803602673e+02
7.625000000000509814e+00,5.671447437309096813e+02,3.524926437383071942e+01,2.642264450651568564e-01,0.000000000000000000e+00,1.072513877321357398e+02
7.627500000000510205e+00,5.672328518405987552e+02,3.522275155466188323e+01,2.603579758447164272e-01,0.000000000000000000e+00,1.072891410661344054e+02
7.630000000000510596e+00,5.673208936700830236e+02,3.519624197990788161e+01,2.565479948831258517e-01,0.000000000000000000e+00,1.073263421168772709e+02
7.632500000000510987e+00,5.674088692274682444e+02,3.516973564017435194e+01,2.527955796255533238e-01,0.000000000000000000e+00,1.073629992207626316e+02
7.635000000000511378e+00,5.674967785208367559e+02,3.514323252608467385e+01,2.490998901518063635e-01,0.000000000000000000e+00,1.073991205667380484e+02
7.637500000000511768e+00,5.675846215582472496e+02,3.511673262828056608e+01,2.454600386947338453e-01,0.000000000000000000e+00,1.074347142339337466e+02
7.640000000000512159e+00,5.676723983477351112e+02,3.509023593742732317e+01,2.418751544803840747e-01,0.000000000000000000e+00,1.074697881599136764e+02
7.642500000000512550e+00,5.677601088973125343e+02,3.506374244420862851e+01,2.383444923913491387e-01,0.000000000000000000e+00,1.075043501712773661e+02
7.645000000000512941e+00,5.678477532149682929e+02,3.503725213932798965e+01,2.348672083856617465e-01,0.000000000000000000e+00,1.075384079770217767e+02
7.647500000000513332e+00,5.679353313086679691e+02,3.501076501351331416e+01,2.314423678887999880e-01,0.000000000000000000e+00,1.075719691771482616e+02
7.650000000000513722e+00,5.680228431863539527e+02,3.498428105751663253e+01,2.280691824605836082e-01,0.000000000000000000e+00,1.076050412271220438e+02
7.652500000000514113e+00,5.681102888559455550e+02,3.495780026211763669e+01,2.247470408766910344e-01,0.000000000000000000e+00,1.076376314779259786e+02
7.655000000000514504e+00,5.681976683253390092e+02,3.493132261811985018e+01,2.214749601397124623e-01,0.000000000000000000e+00,1.076697471860669282e+02
7.657500000000514895e+00,5.682849816024076972e+02,3.490484811635273132e+01,2.182522082178597611e-01,0.000000000000000000e+00,1.077013954684079806e+02
7.660000000000515286e+00,5.683722286950020361e+02,3.487837674767636287e+01,2.150780662315494030e-01,0.000000000000000000e+00,1.077325833491456422e+02
7.662500000000515676e+00,5.684594096109494785e+02,3.485190850297627208e+01,2.119518190893908693e-01,0.000000000000000000e+00,1.077633177446750068e+02
7.665000000000516067e+00,5.685465243580548531e+02,3.482544337316991090e+01,2.088726779175487380e-01,0.000000000000000000e+00,1.077936054493487887e+02
7.667500000000516458e+00,5.686335729441002513e+02,3.479898134921256769e+01,2.058399820562676064e-01,0.000000000000000000e+00,1.078234531704210895e+02
7.670000000000516849e+00,5.687205553768451409e+02,3.477252242208990651e+01,2.028532083673255382e-01,0.000000000000000000e+00,1.078528675245740516e+02
7.672500000000517240e+00,5.688074716640265933e+02,3.474606658281985716e+01,1.999114411519382906e-01,0.000000000000000000e+00,1.078818550203429538e+02
7.675000000000517630e+00,5.688943218133591699e+02,3.471961382245889638e+01,1.970139621456965251e-01,0.000000000000000000e+00,1.079104220594187780e+02
7.677500000000518021e+00,5.689811058325350359e+02,3.469316413210427896e+01,1.941601397948070906e-01,0.000000000000000000e+00,1.079385749443437561e+02
7.680000000000518412e+00,5.690678237292241874e+02,3.466671750288845999e+01,1.913493865972933639e-01,0.000000000000000000e+00,1.079663198804277044e+02
7.682500000000518803e+00,5.691544755110743381e+02,3.464027392597905930e+01,1.885808993727518534e-01,0.000000000000000000e+00,1.079936629884056742e+02
7.685000000000519194e+00,5.692410611857113736e+02,3.461383339258694036e+01,1.858542885041106485e-01,0.000000000000000000e+00,1.080206102745947589e+02
7.687500000000519584e+00,5.693275807607391243e+02,3.458739589396135017e+01,1.831685951130605505e-01,0.000000000000000000e+00,1.080471676809223709e+02
7.690000000000519975e+00,5.694140342437395930e+02,3.456096142138822813e+01,1.805235392736869449e-01,0.000000000000000000e+00,1.080733410335489850e+02
7.692500000000520366e+00,5.695004216422729542e+02,3.453452996619627413e+01,1.779182500869793127e-01,0.000000000000000000e+00,1.080991361117916796e+02
7.695000000000520757e+00,5.695867429638776684e+02,3.450810151976015305e+01,1.753522846995240470e-01,0.000000000000000000e+00,1.081245585548856241e+02
7.697500000000521148e+00,5.696729982160708232e+02,3.448167607349815711e+01,1.728250240864364629e-01,0.000000000000000000e+00,1.081496139567404668e+02
7.700000000000521538e+00,5.697591874063480191e+02,3.445525361886642202e+01,1.703358392880889305e-01,0.000000000000000000e+00,1.081743078276034140e+02
7.702500000000521929e+00,5.698453105421834834e+02,3.442883414736337500e+01,1.678841799293269155e-01,0.000000000000000000e+00,1.081986455599723058e+02
7.705000000000522320e+00,5.699313676310301844e+02,3.440241765054242506e+01,1.654694557994211002e-01,0.000000000000000000e+00,1.082226324986899755e+02
7.707500000000522711e+00,5.700173586803201715e+02,3.437600412000365679e+01,1.630911336539440093e-01,0.000000000000000000e+00,1.082462738895233230e+02
7.710000000000523102e+00,5.701032836974643487e+02,3.434959354739189763e+01,1.607486934868710138e-01,0.000000000000000000e+00,1.082695748996252831e+02
7.712500000000523492e+00,5.701891426898528152e+02,3.432318592439730054e+01,1.584416125020951804e-01,0.000000000000000000e+00,1.082925406280286751e+02
7.715000000000523883e+00,5.702749356648548655e+02,3.429678124275890383e+01,1.561693152976236787e-01,0.000000000000000000e+00,1.083151760999793964e+02
7.717500000000524274e+00,5.703606626298192168e+02,3.427037949426890862e+01,1.539311391222555336e-01,0.000000000000000000e+00,1.083374862577267805e+02
7.720000000000524665e+00,5.704463235920741226e+02,3.424398067076499785e+01,1.517268541706441320e-01,0.000000000000000000e+00,1.083594759454549319e+02
7.722500000000525056e+00,5.705319185589274866e+02,3.421758476413560146e+01,1.495557164145761564e-01,0.000000000000000000e+00,1.083811499770645241e+02
7.725000000000525446e+00,5.706174475376668624e+02,3.419119176632075607e+01,1.474174062154373077e-01,0.000000000000000000e+00,1.084025130675016300e+02
7.727500000000525837e+00,5.707029105355597949e+02,3.416480166931049922e+01,1.453113939277574096e-01,0.000000000000000000e+00,1.084235698850162066e+02
7.730000000000526228e+00,5.707883075598537062e+02,3.413841446514690148e+01,1.432370008141190254e-01,0.000000000000000000e+00,1.084443250056080643e+02
7.732500000000526619e+00,5.708736386177763507e+02,3.411203014592661020e+01,1.411939382907749785e-01,0.000000000000000000e+00,1.084647829256882687e+02
7.735000000000527010e+00,5.709589037165354739e+02,3.408564870380359224e+01,1.391817932338748343e-01,0.000000000000000000e+00,1.084849480925138465e+02
7.737500000000527400e+00,5.710441028633193810e+02,3.405927013098884970e+01,1.372000453687526045e-01,0.000000000000000000e+00,1.085048249041417705e+02
7.740000000000527791e+00,5.711292360652970501e+02,3.403289441974769147e+01,1.352481578514481142e-01,0.000000000000000000e+00,1.085244176738941206e+02
7.742500000000528182e+00,5.712143033296180192e+02,3.400652156240075641e+01,1.333257796131778750e-01,0.000000000000000000e+00,1.085437306562918423e+02
7.745000000000528573e+00,5.712993046634126131e+02,3.398015155132806342e+01,1.314324577165780494e-01,0.000000000000000000e+00,1.085627680296937996e+02
7.747500000000528964e+00,5.713842400737922844e+02,3.395378437896393109e+01,1.295677353209534477e-01,0.000000000000000000e+00,1.085815339274997200e+02
7.750000000000529354e+00,5.714691095678495003e+02,3.392742003780323756e+01,1.277312461020817802e-01,0.000000000000000000e+00,1.086000324126613208e+02
7.752500000000529745e+00,5.715539131526580832e+02,3.390105852039968681e+01,1.259223691616820906e-01,0.000000000000000000e+00,1.086182674949492792e+02
7.755000000000530136e+00,5.716386508352732108e+02,3.387469981936262542e+01,1.241409073582679934e-01,0.000000000000000000e+00,1.086362431057693954e+02
7.757500000000530527e+00,5.717233226227316436e+02,3.384834392736110686e+01,1.223864825934546929e-01,0.000000000000000000e+00,1.086539631209053027e+02
7.760000000000530918e+00,5.718079285220518386e+02,3.382199083712370680e+01,1.206584664552915048e-01,0.000000000000000000e+00,1.086714313968053176e+02
7.762500000000531308e+00,5.718924685402340629e+02,3.379564054143907725e+01,1.189566767349007070e-01,0.000000000000000000e+00,1.086886516875240005e+02
7.765000000000531699e+00,5.719769426842606208e+02,3.376929303315678510e+01,1.172805978938339100e-01,0.000000000000000000e+00,1.087056277120720722e+02
7.767500000000532090e+00,5.720613509610959682e+02,3.374294830519176003e+01,1.156299442033657532e-01,0.000000000000000000e+00,1.087223631261345105e+02
7.770000000000532481e+00,5.721456933776869391e+02,3.371660635051870969e+01,1.140043856401615346e-01,0.000000000000000000e+00,1.087388615527782605e+02
7.772500000000532872e+00,5.722299699409627465e+02,3.369026716217126705e+01,1.124033690567129012e-01,0.000000000000000000e+00,1.087551265444043622e+02
7.775000000000533262e+00,5.723141806578353226e+02,3.366393073325362906e+01,1.108265736816949343e-01,0.000000000000000000e+00,1.087711615974175601e+02
7.777500000000533653e+00,5.723983255351994330e+02,3.363759705693023250e+01,1.092737599824139955e-01,0.000000000000000000e+00,1.087869701524717101e+02
7.780000000000534044e+00,5.724824045799325631e+02,3.361126612642492262e+01,1.077445364956830381e-01,0.000000000000000000e+00,1.088025556298055818e+02
7.782500000000534435e+00,5.725664177988955998e+02,3.358493793502541536e+01,1.062384983031991331e-01,0.000000000000000000e+00,1.088179213658608688e+02
7.785000000000534826e+00,5.726503651989323771e+02,3.355861247608465447e+01,1.047553043501222025e-01,0.000000000000000000e+00,1.088330706677295723e+02
7.787500000000535216e+00,5.727342467868703579e+02,3.353228974302061260e+01,1.032945969330332087e-01,0.000000000000000000e+00,1.088480067796332236e+02
7.790000000000535607e+00,5.728180625695205208e+02,3.350596972931562334e+01,1.018561127408028760e-01,0.000000000000000000e+00,1.088627329033676574e+02
7.792500000000535998e+00,5.729018125536775869e+02,3.347965242851780943e+01,1.004394428909081843e-01,0.000000000000000000e+00,1.088772521868481391e+02
7.795000000000536389e+00,5.729854967461201340e+02,3.345333783424143093e+01,9.904440043923104509e-02,0.000000000000000000e+00,1.088915677479230197e+02
7.797500000000536780e+00,5.730691151536109373e+02,3.342702594016492412e+01,9.767064608340686460e-02,0.000000000000000000e+00,1.089056826686157962e+02
7.800000000000537170e+00,5.731526677828968559e+02,3.340071674003376501e+01,9.631767768296617405e-02,0.000000000000000000e+00,1.089195999585235342e+02
7.802500000000537561e+00,5.732361546407092874e+02,3.337441022766160614e+01,9.498534915818390711e-02,0.000000000000000000e+00,1.089333225876865754e+02
7.805000000000537952e+00,5.733195757337641680e+02,3.334810639692552314e+01,9.367335416430944139e-02,0.000000000000000000e+00,1.089468534811269649e+02
7.807500000000538343e+00,5.734029310687620864e+02,3.332180524177087477e+01,9.202078432920472728e-02,0.000000000000000000e+00,1.089602562071102341e+02
7.810000000000538734e+00,5.734862206523886243e+02,3.329550675621185718e+01,9.206546572782275950e-02,0.000000000000000000e+00,1.089734033756945735e+02
7.812500000000539124e+00,5.735694444913143570e+02,3.326921093433533372e+01,9.211091404919574677e-02,0.000000000000000000e+00,1.089865553976437553e+02
7.815000000000539515e+00,5.736526025921951941e+02,3.324291777029366557e+01,9.215708907759050106e-02,0.000000000000000000e+00,1.089997123787380531e+02
7.817500000000539906e+00,5.737356949616724933e+02,3.321662725830064744e+01,9.220381131158802979e-02,0.000000000000000000e+00,1.090128744044345552e+02
7.820000000000540297e+00,5.738187216063730602e+02,3.319033939263702848e+01,9.225136189830381028e-02,0.000000000000000000e+00,1.090260415552463655e+02
7.822500000000540687e+00,5.739016825329094900e+02,3.316405416765152836e+01,9.229958424380353688e-02,0.000000000000000000e+00,1.090392139331094654e+02
7.825000000000541078e+00,5.739845777478802802e+02,3.313777157775511029e+01,9.234837352980894420e-02,0.000000000000000000e+00,1.090523916389688139e+02
7.827500000000541469e+00,5.740674072578699452e+02,3.311149161742717695e+01,9.239790596063819639e-02,0.000000000000000000e+00,1.090655747285871939e+02
7.830000000000541860e+00,5.741501710694493568e+02,3.308521428121353836e+01,9.244801056844280385e-02,0.000000000000000000e+00,1.090787633132439964e+02
7.832500000000542251e+00,5.742328691891757444e+02,3.305893956373222409e+01,9.249890008981855039e-02,0.000000000000000000e+00,1.090919574622354560e+02
7.835000000000542641e+00,5.743155016235929224e+02,3.303266745966941187e+01,9.255037758042419793e-02,0.000000000000000000e+00,1.091051572975323865e+02
7.837500000000543032e+00,5.743980683792314039e+02,3.300639796377678437e+01,9.260238414328539336e-02,0.000000000000000000e+00,1.091183628797571998e+02
7.840000000000543423e+00,5.744805694626087416e+02,3.298013107087724194e+01,9.265505829551688721e-02,0.000000000000000000e+00,1.091315742871794896e+02
7.842500000000543814e+00,5.745630048802294141e+02,3.295386677586063229e+01,9.270837083118647903e-02,0.000000000000000000e+00,1.091447916105074114e+02
7.845000000000544205e+00,5.746453746385852810e+02,3.292760507368164014e+01,9.276236427119752270e-02,0.000000000000000000e+00,1.091580149406614879e+02
7.847500000000544595e+00,5.747276787441556962e+02,3.290134595936383022e+01,9.281702141791908778e-02,0.000000000000000000e+00,1.091712443662960652e+02
7.850000000000544986e+00,5.748099172034073945e+02,3.287508942799717460e+01,9.287215323569285308e-02,0.000000000000000000e+00,1.091844799801626920e+02
7.852500000000545377e+00,5.748920900227950597e+02,3.284883547474095877e+01,9.292787865186796781e-02,0.000000000000000000e+00,1.091977218518288311e+02
7.855000000000545768e+00,5.749741972087612112e+02,3.282258409481975292e+01,9.298418339575903468e-02,0.000000000000000000e+00,1.092109700690735821e+02
7.857500000000546159e+00,5.750562387677364313e+02,3.279633528352716354e+01,9.304112267137318315e-02,0.000000000000000000e+00,1.092242247064618965e+02
7.860000000000546549e+00,5.751382147061397063e+02,3.277008903622396474e+01,9.309863987593224033e-02,0.000000000000000000e+00,1.092374858554070016e+02
7.862500000000546940e+00,5.752201250303784263e+02,3.274384534833638583e+01,9.315657903923911520e-02,0.000000000000000000e+00,1.092507536028363404e+02
7.865000000000547331e+00,5.753019697468484992e+02,3.271760421535739027e+01,9.321507771252224295e-02,0.000000000000000000e+00,1.092640279998065438e+02
7.867500000000547722e+00,5.753837488619346914e+02,3.269136563284427410e+01,9.327414769874689537e-02,0.000000000000000000e+00,1.092773091295155581e+02
7.870000000000548113e+00,5.754654623820107417e+02,3.266512959641905667e+01,9.333376033341372890e-02,0.000000000000000000e+00,1.092905970733365422e+02
7.872500000000548503e+00,5.755471103134393616e+02,3.263889610177093914e+01,9.339378554843752456e-02,0.000000000000000000e+00,1.093038919211615223e+02
7.875000000000548894e+00,5.756286926625725755e+02,3.261266514465873456e+01,9.345444301167507573e-02,0.000000000000000000e+00,1.093171937310755339e+02
7.877500000000549285e+00,5.757102094357518354e+02,3.258643672090651933e+01,9.351556518842372989e-02,0.000000000000000000e+00,1.093305025983261345e+02
7.880000000000549676e+00,5.757916606393081338e+02,3.256021082639983888e+01,9.357713261910696745e-02,0.000000000000000000e+00,1.093438185918236911e+02
7.882500000000550067e+00,5.758730462795623453e+02,3.253398745709070283e+01,9.363920595608438147e-02,0.000000000000000000e+00,1.093571417680452811e+02
7.885000000000550457e+00,5.759543663628251124e+02,3.250776660900018555e+01,9.370183643905596882e-02,0.000000000000000000e+00,1.093704722145448471e+02
7.887500000000550848e+00,5.760356208953973010e+02,3.248154827820994228e+01,9.376486359600788578e-02,0.000000000000000000e+00,1.093838100121091514e+02
7.890000000000551239e+00,5.761168098835699993e+02,3.245533246086555579e+01,9.382836646018505311e-02,0.000000000000000000e+00,1.093971552227067150e+02
7.892500000000551630e+00,5.761979333336246327e+02,3.242911915317763061e+01,9.389240428655951098e-02,0.000000000000000000e+00,1.094105079245900924e+02
7.895000000000552021e+00,5.762789912518331903e+02,3.240290835142430836e+01,9.395690952466899393e-02,0.000000000000000000e+00,1.094238681956223900e+02
7.897500000000552411e+00,5.763599836444583389e+02,3.237670005194825507e+01,9.402190161390645839e-02,0.000000000000000000e+00,1.094372361207374951e+02
7.900000000000552802e+00,5.764409105177538777e+02,3.235049425115783350e+01,9.408722602929232848e-02,0.000000000000000000e+00,1.094506117647980545e+02
7.902500000000553193e+00,5.765217718779643974e+02,3.232429094552304605e+01,9.415296406369265403e-02,0.000000000000000000e+00,1.094639951886361189e+02
7.905000000000553584e+00,5.766025677313258484e+02,3.229809013158000397e+01,9.421920946163213351e-02,0.000000000000000000e+00,1.094773864643296974e+02
7.907500000000553975e+00,5.766832980840655409e+02,3.227189180592256434e+01,9.428571750145779695e-02,0.000000000000000000e+00,1.094907856563516759e+02
7.910000000000554365e+00,5.767639629424022587e+02,3.224569596520654358e+01,9.435272250647888659e-02,0.000000000000000000e+00,1.095041928205387336e+02
7.912500000000554756e+00,5.768445623125463726e+02,3.221950260614590889e+01,9.442002515805593410e-02,0.000000000000000000e+00,1.095176080409852943e+02
7.915000000000555147e+00,5.769250962007002954e+02,3.219331172551513021e+01,9.448766416030955628e-02,0.000000000000000000e+00,1.095310313694232605e+02
7.917500000000555538e+00,5.770055646130582545e+02,3.216712332015124076e+01,9.455569116268248975e-02,0.000000000000000000e+00,1.095444628642270573e+02
7.920000000000555929e+00,5.770859675558066328e+02,3.214093738694911195e+01,9.462409501783014543e-02,0.000000000000000000e+00,1.095579025871187753e+02
7.922500000000556319e+00,5.771663050351241964e+02,3.211475392286393316e+01,9.469288130168347639e-02,0.000000000000000000e+00,1.095713506098955889e+02
7.925000000000556710e+00,5.772465770571818666e+02,3.208857292490854007e+01,9.476211636174479425e-02,0.000000000000000000e+00,1.095848069909345384e+02
7.927500000000557101e+00,5.773267836281434029e+02,3.206239439015603665e+01,9.483164494275990453e-02,0.000000000000000000e+00,1.095982718021715101e+02
7.930000000000557492e+00,5.774069247541651748e+02,3.203621831573765633e+01,9.490141116437510183e-02,0.000000000000000000e+00,1.096117451077943628e+02
7.932500000000557883e+00,5.774870004413963898e+02,3.201004469884063752e+01,9.497155331066055306e-02,0.000000000000000000e+00,1.096252269531917989e+02
7.935000000000558273e+00,5.775670106959792065e+02,3.198387353671229860e+01,9.504201446544781329e-02,0.000000000000000000e+00,1.096387173993524442e+02
7.937500000000558664e+00,5.776469555240490763e+02,3.195770482665475498e+01,9.511268918977286435e-02,0.000000000000000000e+00,1.096522165090709677e+02
7.940000000000559055e+00,5.777268349317346292e+02,3.193153856602196683e+01,9.518372556008079799e-02,0.000000000000000000e+00,1.096657243304039611e+02
7.942500000000559446e+00,5.778066489251579014e+02,3.190537475222718200e+01,9.525506590584721656e-02,0.000000000000000000e+00,1.096792409236519461e+02
7.945000000000559837e+00,5.778863975104346764e+02,3.187921338273719840e+01,9.532669330810282504e-02,0.000000000000000000e+00,1.096927663566999200e+02
7.947500000000560227e+00,5.779660806936741437e+02,3.185305445507269084e+01,9.539847697451724062e-02,0.000000000000000000e+00,1.097063006735102846e+02
7.950000000000560618e+00,5.780456984809795813e+02,3.182689796680783800e+01,9.547057200261516163e-02,0.000000000000000000e+00,1.097198439187733641e+02
7.952500000000561009e+00,5.781252508784481279e+02,3.180074391556970070e+01,9.554291620902567728e-02,0.000000000000000000e+00,1.097333961545105723e+02
7.955000000000561400e+00,5.782047378921710106e+02,3.177459229903942628e+01,9.561544583425461707e-02,0.000000000000000000e+00,1.097469574251885263e+02
7.957500000000561791e+00,5.782841595282336584e+02,3.174844311495017024e+01,9.568813334020828676e-02,0.000000000000000000e+00,1.097605277755940278e+02
7.960000000000562181e+00,5.783635157927159298e+02,3.172229636108612283e+01,9.576113311756088986e-02,0.000000000000000000e+00,1.097741072503094131e+02
7.962500000000562572e+00,5.784428066916921125e+02,3.169615203528399405e+01,9.583431717229407010e-02,0.000000000000000000e+00,1.097876959045422893e+02
7.965000000000562963e+00,5.785220322312311509e+02,3.167001013543111299e+01,9.590771933886040046e-02,0.000000000000000000e+00,1.098012937849925095e+02
7.967500000000563354e+00,5.786011924173967600e+02,3.164387065946347022e+01,9.598128660039877136e-02,0.000000000000000000e+00,1.098149009321726197e+02
7.970000000000563745e+00,5.786802872562475386e+02,3.161773360536589905e+01,9.605507933647847163e-02,0.000000000000000000e+00,1.098285174045122830e+02
7.972500000000564135e+00,5.787593167538369698e+02,3.159159897117249827e+01,9.612910007556170477e-02,0.000000000000000000e+00,1.098421432378179219e+02
7.975000000000564526e+00,5.788382809162137619e+02,3.156546675496623777e+01,9.620328446649792364e-02,0.000000000000000000e+00,1.098557784886830575e+02
7.977500000000564917e+00,5.789171797494218481e+02,3.153933695487568301e+01,9.627758141964398719e-02,0.000000000000000000e+00,1.098694231964067569e+02
7.980000000000565308e+00,5.789960132595003870e+02,3.151320956907801474e+01,9.635210304013386295e-02,0.000000000000000000e+00,1.098830773953878577e+02
7.982500000000565699e+00,5.790747814524841033e+02,3.148708459579564334e+01,9.642665672484082573e-02,0.000000000000000000e+00,1.098967411435741326e+02
7.985000000000566089e+00,5.791534843344032879e+02,3.146096203329488361e+01,9.650139243070703088e-02,0.000000000000000000e+00,1.099104144573560546e+02
7.987500000000566480e+00,5.792321219112839117e+02,3.143484187988576650e+01,9.657630324892531315e-02,0.000000000000000000e+00,1.099240973757865731e+02
7.990000000000566871e+00,5.793106941891478527e+02,3.140872413392044749e+01,9.665129600728807058e-02,0.000000000000000000e+00,1.099377899543666643e+02
7.992500000000567262e+00,5.793892011740126691e+02,3.138260879379157231e+01,9.672629413226056794e-02,0.000000000000000000e+00,1.099514922246091970e+02
7.995000000000567653e+00,5.794676428718921670e+02,3.135649585793746397e+01,9.680147713422937450e-02,0.000000000000000000e+00,1.099652042077583474e+02
7.997500000000568043e+00,5.795460192887960602e+02,3.133038532483985605e+01,9.687677775156217086e-02,0.000000000000000000e+00,1.099789259426514718e+02
8.000000000000568434e+00,5.796243304307305380e+02,3.130427719302535650e+01,9.695222064888328606e-02,0.000000000000000000e+00,1.099926574797930670e+02
8.002500000000567937e+00,5.797025763036978105e+02,3.127817146105786250e+01,9.702765196380330748e-02,0.000000000000000000e+00,1.100063988470387244e+02
8.005000000000567439e+00,5.797807569136967913e+02,3.125206812753825147e+01,9.710321124193155296e-02,0.000000000000000000e+00,1.100201500622386703e+02
8.007500000000566942e+00,5.798588722667227557e+02,3.122596719110322638e+01,9.717875813549677055e-02,0.000000000000000000e+00,1.100339111713458919e+02
8.010000000000566445e+00,5.799369223687677959e+02,3.119986865042994495e+01,9.725443099074128350e-02,0.000000000000000000e+00,1.100476821942513084e+02
8.012500000000565947e+00,5.800149072258203660e+02,3.117377250423905011e+01,9.733004448472445946e-02,0.000000000000000000e+00,1.100614631660293696e+02
8.015000000000565450e+00,5.800928268438660780e+02,3.114767875128438135e+01,9.740565664350668562e-02,0.000000000000000000e+00,1.100752541074992621e+02
8.017500000000564953e+00,5.801706812288873607e+02,3.112158739035467292e+01,9.748139694836324698e-02,0.000000000000000000e+00,1.100890550308982654e+02
8.020000000000564455e+00,5.802484703868635734e+02,3.109549842027919553e+01,9.755715847684900965e-02,0.000000000000000000e+00,1.101028659860519525e+02
8.022500000000563958e+00,5.803261943237711193e+02,3.106941183992268307e+01,9.763279303667470044e-02,0.000000000000000000e+00,1.101166869938011672e+02
8.025000000000563460e+00,5.804038530455837872e+02,3.104332764818727597e+01,9.770850800525902879e-02,0.000000000000000000e+00,1.101305180569950863e+02
8.027500000000562963e+00,5.804814465582724097e+02,3.101724584400585272e+01,9.778416750490676046e-02,0.000000000000000000e+00,1.101443592119352388e+02
8.030000000000562466e+00,5.805589748678053184e+02,3.099116642634534813e+01,9.785980606838082241e-02,0.000000000000000000e+00,1.101582104666471906e+02
8.032500000000561968e+00,5.806364379801482301e+02,3.096508939420214190e+01,9.793554734900229708e-02,0.000000000000000000e+00,1.101720718465913791e+02
8.035000000000561471e+00,5.807138359012644742e+02,3.093901474660533779e+01,9.801119261937152327e-02,0.000000000000000000e+00,1.101859433799650816e+02
8.037500000000560973e+00,5.807911686371147653e+02,3.091294248261408484e+01,9.808683207537557958e-02,0.000000000000000000e+00,1.101998250923988394e+02
8.040000000000560476e+00,5.808684361936575442e+02,3.088687260131982271e+01,9.816234856773119188e-02,0.000000000000000000e+00,1.102137169873110309e+02
8.042500000000559979e+00,5.809456385768492055e+02,3.086080510184759618e+01,9.823788863141177941e-02,0.000000000000000000e+00,1.102276190796453079e+02
8.045000000000559481e+00,5.810227757926436425e+02,3.083473998335171373e+01,9.831331107876684072e-02,0.000000000000000000e+00,1.102415313873344331e+02
8.047500000000558984e+00,5.810998478469929296e+02,3.080867724501203497e+01,9.838869930203633651e-02,0.000000000000000000e+00,1.102554539260869433e+02
8.050000000000558487e+00,5.811768547458469811e+02,3.078261688603454616e+01,9.846391577743206225e-02,0.000000000000000000e+00,1.102693867054690742e+02
8.052500000000557989e+00,5.812537964951537788e+02,3.075655890565821693e+01,9.853905762260342649e-02,0.000000000000000000e+00,1.102833297328535025e+02
8.055000000000557492e+00,5.813306731008593715e+02,3.073050330314637790e+01,9.861416061436650837e-02,0.000000000000000000e+00,1.102972830194177618e+02
8.057500000000556994e+00,5.814074845689079893e+02,3.070445007778779356e+01,9.868914317677623949e-02,0.000000000000000000e+00,1.103112465803265820e+02
8.060000000000556497e+00,5.814842309052421570e+02,3.067839922889815796e+01,9.876396278183202648e-02,0.000000000000000000e+00,1.103252204129737066e+02
8.062500000000556000e+00,5.815609121158026937e+02,3.065235075581689728e+01,9.883869896500988017e-02,0.000000000000000000e+00,1.103392045227558356e+02
8.065000000000555502e+00,5.816375282065287138e+02,3.062630465790681811e+01,9.891332539065320062e-02,0.000000000000000000e+00,1.103531989150074537e+02
8.067500000000555005e+00,5.817140791833577396e+02,3.060026093455610408e+01,9.898778875283571754e-02,0.000000000000000000e+00,1.103672036030595649e+02
8.070000000000554508e+00,5.817905650522259293e+02,3.057421958516921023e+01,9.906215387422588614e-02,0.000000000000000000e+00,1.103812185900296896e+02
8.072500000000554010e+00,5.818669858190677360e+02,3.054818060917487088e+01,9.913643402658658954e-02,0.000000000000000000e+00,1.103952438783743304e+02
8.075000000000553513e+00,5.819433414898164756e+02,3.052214400602539257e+01,9.921050486386429057e-02,0.000000000000000000e+00,1.104092794787030840e+02
8.077500000000553015e+00,5.820196320704038726e+02,3.049610977519795796e+01,9.928437002225144747e-02,0.000000000000000000e+00,1.104233253850308927e+02
8.080000000000552518e+00,5.820958575667604009e+02,3.047007791618860395e+01,9.935805420997297077e-02,0.000000000000000000e+00,1.104373815898286750e+02
8.082500000000552021e+00,5.821720179848153975e+02,3.044404842851012916e+01,9.943159699221970627e-02,0.000000000000000000e+00,1.104514480941331271e+02
8.085000000000551523e+00,5.822481133304968353e+02,3.041802131169688650e+01,9.950493911169454309e-02,0.000000000000000000e+00,1.104655248857744283e+02
8.087500000000551026e+00,5.823241436097316637e+02,3.039199656530059457e+01,9.957810997226561323e-02,0.000000000000000000e+00,1.104796119766360505e+02
8.090000000000550529e+00,5.824001088284456955e+02,3.036597418889077815e+01,9.965113513153979474e-02,0.000000000000000000e+00,1.104937093521059239e+02
8.092500000000550031e+00,5.824760089925636066e+02,3.033995418205417494e+01,9.972392825524394044e-02,0.000000000000000000e+00,1.105078170162603755e+02
8.095000000000549534e+00,5.825518441080091634e+02,3.031393654439463958e+01,9.979641958557786130e-02,0.000000000000000000e+00,1.105219349611179922e+02
8.097500000000549036e+00,5.826276141807051090e+02,3.028792127553660762e+01,9.986867135090209124e-02,0.000000000000000000e+00,1.105360631733983894e+02
8.100000000000548539e+00,5.827033192165731634e+02,3.026190837511871479e+01,9.994072799514948369e-02,0.000000000000000000e+00,1.105502016249185004e+02
8.102500000000548042e+00,5.827789592215342509e+02,3.023589784279121417e+01,1.000126133483572044e-01,0.000000000000000000e+00,1.105643503162986718e+02
8.105000000000547544e+00,5.828545342015083861e+02,3.020988967821898896e+01,1.000841899390135514e-01,0.000000000000000000e+00,1.105785092451536258e+02
8.107500000000547047e+00,5.829300441624147879e+02,3.018388388108240861e+01,1.001556248570752011e-01,0.000000000000000000e+00,1.105926783983899639e+02
8.110000000000546549e+00,5.830054891101718795e+02,3.015788045107371218e+01,1.002268106131291164e-01,0.000000000000000000e+00,1.106068577647349684e+02
8.112500000000546052e+00,5.830808690506972880e+02,3.013187938790263942e+01,1.002975507784434617e-01,0.000000000000000000e+00,1.106210473326059969e+02
8.115000000000545555e+00,5.831561839899079587e+02,3.010588069129103417e+01,1.003681615730368376e-01,0.000000000000000000e+00,1.106352470571437863e+02
8.117500000000545057e+00,5.832314339337200408e+02,3.007988436096786700e+01,1.004385115065105916e-01,0.000000000000000000e+00,1.106494569469124940e+02
8.120000000000544560e+00,5.833066188880492291e+02,3.005389039667372231e+01,1.005086272265171971e-01,0.000000000000000000e+00,1.106636769802131681e+02
8.122500000000544063e+00,5.833817388588104222e+02,3.002789879815814444e+01,1.005784202955645468e-01,0.000000000000000000e+00,1.106779071464677173e+02
8.125000000000543565e+00,5.834567938519178369e+02,3.000190956518350660e+01,1.006478314598245188e-01,0.000000000000000000e+00,1.106921474209283929e+02
8.127500000000543068e+00,5.835317838732853488e+02,2.997592269752333749e+01,1.007169175719172249e-01,0.000000000000000000e+00,1.107063977651160087e+02
8.130000000000542570e+00,5.836067089288259240e+02,2.994993819495815401e+01,1.007858741372100186e-01,0.000000000000000000e+00,1.107206581652033037e+02
8.132500000000542073e+00,5.836815690244523012e+02,2.992395605727532981e+01,1.008544291945130539e-01,0.000000000000000000e+00,1.107349286107003792e+02
8.135000000000541576e+00,5.837563641660765370e+02,2.989797628427781717e+01,1.009225772238046687e-01,0.000000000000000000e+00,1.107492090619527119e+02
8.137500000000541078e+00,5.838310943596102334e+02,2.987199887577387614e+01,1.009904167318959184e-01,0.000000000000000000e+00,1.107634994876326573e+02
8.140000000000540581e+00,5.839057596109645374e+02,2.984602383157298533e+01,1.010579551761290051e-01,0.000000000000000000e+00,1.107777998657939804e+02
8.142500000000540084e+00,5.839803599260501414e+02,2.982005115149232211e+01,1.011251870205910341e-01,0.000000000000000000e+00,1.107921101618896813e+02
8.145000000000539586e+00,5.840548953107771695e+02,2.979408083535502527e+01,1.011919786851335767e-01,0.000000000000000000e+00,1.108064303563776321e+02
8.147500000000539089e+00,5.841293657710554044e+02,2.976811288299226277e+01,1.012585695152796589e-01,0.000000000000000000e+00,1.108207604091743406e+02
8.150000000000538591e+00,5.842037713127941743e+02,2.974214729424351589e+01,1.013247940060032076e-01,0.000000000000000000e+00,1.108351003193690758e+02
8.152500000000538094e+00,5.842781119419024662e+02,2.971618406895311892e+01,1.013906789266924291e-01,0.000000000000000000e+00,1.108494500477954290e+02
8.155000000000537597e+00,5.843523876642886989e+02,2.969022320697301254e+01,1.014562076345249808e-01,0.000000000000000000e+00,1.108638095484620294e+02
8.157500000000537099e+00,5.844265984858611773e+02,2.966426470815856931e+01,1.015212969841581409e-01,0.000000000000000000e+00,1.108781787986980589e+02
8.160000000000536602e+00,5.845007444125277516e+02,2.963830857236389704e+01,1.015859382740625927e-01,0.000000000000000000e+00,1.108925577556240825e+02
8.162500000000536104e+00,5.845748254501958172e+02,2.961235479944713944e+01,1.016502957434434751e-01,0.000000000000000000e+00,1.109069463759553713e+02
8.165000000000535607e+00,5.846488416047725423e+02,2.958640338926893065e+01,1.017142106221163300e-01,0.000000000000000000e+00,1.109213446283496296e+02
8.167500000000535110e+00,5.847227928821646401e+02,2.956045434169461927e+01,1.017778066902717271e-01,0.000000000000000000e+00,1.109357524787797047e+02
8.170000000000534612e+00,5.847966792882785967e+02,2.953450765659506771e+01,1.018410349621828026e-01,0.000000000000000000e+00,1.109501698953682904e+02
8.172500000000534115e+00,5.848705008290205569e+02,2.950856333383822161e+01,1.019037519640449974e-01,0.000000000000000000e+00,1.109645968317812645e+02
8.175000000000533618e+00,5.849442575102962110e+02,2.948262137329148658e+01,1.019661051982784089e-01,0.000000000000000000e+00,1.109790332483072461e+02
8.177500000000533120e+00,5.850179493380110216e+02,2.945668177482746231e+01,1.020280285248402752e-01,0.000000000000000000e+00,1.109934790940248490e+02
8.180000000000532623e+00,5.850915763180702243e+02,2.943074453831677673e+01,1.020895770392596935e-01,0.000000000000000000e+00,1.110079343366277129e+02
8.182500000000532125e+00,5.851651384563784859e+02,2.940480966362928683e+01,1.021506319111038369e-01,0.000000000000000000e+00,1.110223989302148482e+02
8.185000000000531628e+00,5.852386357588403598e+02,2.937887715063759941e+01,1.022113734128234502e-01,0.000000000000000000e+00,1.110368728223728851e+02
8.187500000000531131e+00,5.853120682313599445e+02,2.935294699921545458e+01,1.022716094395895448e-01,0.000000000000000000e+00,1.110513559882390382e+02
8.190000000000530633e+00,5.853854358798412250e+02,2.932701920923598493e+01,1.023313674593257921e-01,0.000000000000000000e+00,1.110658483593013557e+02
8.192500000000530136e+00,5.854587387101876175e+02,2.930109378057004932e+01,1.023907359069759770e-01,0.000000000000000000e+00,1.110803498936924854e+02
8.195000000000529639e+00,5.855319767283023111e+02,2.927517071308588115e+01,1.024495647237383400e-01,0.000000000000000000e+00,1.110948605420467601e+02
8.197500000000529141e+00,5.856051499400882676e+02,2.924925000664693542e+01,1.025080444205491853e-01,0.000000000000000000e+00,1.111093802487543059e+02
8.200000000000528644e+00,5.856782583514479938e+02,2.922333166111684477e+01,1.025660236919603840e-01,0.000000000000000000e+00,1.111239089747327711e+02
8.202500000000528146e+00,5.857513019682836557e+02,2.919741567635629309e+01,1.026235873901393952e-01,0.000000000000000000e+00,1.111384466659399095e+02
8.205000000000527649e+00,5.858242807964970780e+02,2.917150205222178982e+01,1.026807443614720650e-01,0.000000000000000000e+00,1.111529932740127293e+02
8.207500000000527152e+00,5.858971948419898581e+02,2.914559078857356411e+01,1.027373541581596966e-01,0.000000000000000000e+00,1.111675487598599545e+02
8.210000000000526654e+00,5.859700441106630251e+02,2.911968188526820356e+01,1.027934599721967435e-01,0.000000000000000000e+00,1.111821130485793390e+02
8.212500000000526157e+00,5.860428286084173806e+02,2.909377534215575878e+01,1.028491104278439761e-01,0.000000000000000000e+00,1.111966860909822827e+02
8.215000000000525660e+00,5.861155483411532714e+02,2.906787115908026564e+01,1.029042814063772654e-01,0.000000000000000000e+00,1.112112678288424377e+02
8.217500000000525162e+00,5.861882033147707034e+02,2.904196933588201901e+01,1.029590012826128997e-01,0.000000000000000000e+00,1.112258582066001082e+02
8.220000000000524665e+00,5.862607935351693413e+02,2.901606987240095492e+01,1.030131927023078403e-01,0.000000000000000000e+00,1.112404571758822414e+02
8.222500000000524167e+00,5.863333190082483952e+02,2.899017276847219904e+01,1.030668994735921135e-01,0.000000000000000000e+00,1.112550646727822112e+02
8.225000000000523670e+00,5.864057797399065066e+02,2.896427802392353357e+01,1.031200442649359283e-01,0.000000000000000000e+00,1.112696806390284223e+02
8.227500000000523173e+00,5.864781757360422034e+02,2.893838563857956103e+01,1.031727660444371614e-01,0.000000000000000000e+00,1.112843050072414002e+02
8.230000000000522675e+00,5.865505070025533314e+02,2.891249561226159059e+01,1.032249916230964931e-01,0.000000000000000000e+00,1.112989377219587652e+02
8.232500000000522178e+00,5.866227735453372816e+02,2.888660794478281346e+01,1.032766652046974154e-01,0.000000000000000000e+00,1.113135787251096360e+02
8.235000000000521680e+00,5.866949753702911039e+02,2.886072263594943266e+01,1.033278081001070825e-01,0.000000000000000000e+00,1.113282279578362477e+02
8.237500000000521183e+00,5.867671124833112799e+02,2.883483968556330623e+01,1.033784534445854747e-01,0.000000000000000000e+00,1.113428853444580255e+02
8.240000000000520686e+00,5.868391848902938364e+02,2.880895909342615013e+01,1.034286585234653610e-01,0.000000000000000000e+00,1.113575508339756652e+02
8.242500000000520188e+00,5.869111925971342316e+02,2.878308085932993521e+01,1.034782969325775265e-01,0.000000000000000000e+00,1.113722243704296773e+02
8.245000000000519691e+00,5.869831356097274693e+02,2.875720498305759776e+01,1.035274153808243142e-01,0.000000000000000000e+00,1.113869058670630636e+02
8.247500000000519194e+00,5.870550139339679845e+02,2.873133146438478391e+01,1.035759686410998859e-01,0.000000000000000000e+00,1.114015952690186850e+02
8.250000000000518696e+00,5.871268275757496440e+02,2.870546030307819052e+01,1.036240279103119166e-01,0.000000000000000000e+00,1.114162925121299850e+02
8.252500000000518199e+00,5.871985765409657461e+02,2.867959149889836112e+01,1.036714224943363766e-01,0.000000000000000000e+00,1.114309975320090729e+02
8.255000000000517701e+00,5.872702608355089069e+02,2.865372505160345895e+01,1.037183559566635244e-01,0.000000000000000000e+00,1.114457102391867949e+02
8.257500000000517204e+00,5.873418804652711742e+02,2.862786096094046684e+01,1.037647236161631931e-01,0.000000000000000000e+00,1.114604305796966486e+02
8.260000000000516707e+00,5.874134354361440273e+02,2.860199922664769545e+01,1.038105209535727658e-01,0.000000000000000000e+00,1.114751584686353851e+02
8.262500000000516209e+00,5.874849257540182634e+02,2.857613984845942312e+01,1.038558522436239667e-01,0.000000000000000000e+00,1.114898938427315329e+02
8.265000000000515712e+00,5.875563514247839976e+02,2.855028282609803014e+01,1.039006316349237180e-01,0.000000000000000000e+00,1.115046366448485315e+02
8.267500000000515215e+00,5.876277124543306627e+02,2.852442815927758346e+01,1.039448431409651652e-01,0.000000000000000000e+00,1.115193868030022344e+02
8.270000000000514717e+00,5.876990088485468959e+02,2.849857584770183294e+01,1.039884680006533946e-01,0.000000000000000000e+00,1.115341442382493540e+02
8.272500000000514220e+00,5.877702406133205386e+02,2.847272589106741947e+01,1.040316397270969889e-01,0.000000000000000000e+00,1.115489088758927920e+02
8.275000000000513722e+00,5.878414077545388636e+02,2.844687828906074856e+01,1.040742523909991141e-01,0.000000000000000000e+00,1.115636806620910164e+02
8.277500000000513225e+00,5.879125102780882344e+02,2.842103304136182018e+01,1.041163187668695811e-01,0.000000000000000000e+00,1.115784595140009827e+02
8.280000000000512728e+00,5.879835481898543321e+02,2.839519014764577776e+01,1.041577593311802802e-01,0.000000000000000000e+00,1.115932453629916381e+02
8.282500000000512230e+00,5.880545214957218150e+02,2.836934960757918844e+01,1.041985987643484629e-01,0.000000000000000000e+00,1.116080381349270283e+02
8.285000000000511733e+00,5.881254302015746589e+02,2.834351142082145358e+01,1.042389140790671992e-01,0.000000000000000000e+00,1.116228377378427155e+02
8.287500000000511235e+00,5.881962743132959304e+02,2.831767558702376419e+01,1.042787201002137731e-01,0.000000000000000000e+00,1.116376441075230872e+02
8.290000000000510738e+00,5.882670538367677864e+02,2.829184210582498338e+01,1.043179617651386198e-01,0.000000000000000000e+00,1.116524571782543802e+02
8.292500000000510241e+00,5.883377687778714744e+02,2.826601097685121289e+01,1.043563819608757798e-01,0.000000000000000000e+00,1.116672768643321803e+02
8.295000000000509743e+00,5.884084191424874462e+02,2.824018219971934940e+01,1.043944208436680537e-01,0.000000000000000000e+00,1.116821030652477447e+02
8.297500000000509246e+00,5.884790049364950164e+02,2.821435577403914152e+01,1.044317977453029650e-01,0.000000000000000000e+00,1.116969357190096304e+02
8.300000000000508749e+00,5.885495261657725905e+02,2.818853169940826220e+01,1.044685752305944126e-01,0.000000000000000000e+00,1.117117747366767730e+02
8.302500000000508251e+00,5.886199828361976643e+02,2.816270997541525034e+01,1.045048747742318707e-01,0.000000000000000000e+00,1.117266200463787555e+02
8.305000000000507754e+00,5.886903749536464829e+02,2.813689060163884292e+01,1.045405737044567684e-01,0.000000000000000000e+00,1.117414715732693935e+02
8.307500000000507256e+00,5.887607025239943823e+02,2.811107357764950976e+01,1.045756490208642753e-01,0.000000000000000000e+00,1.117563292423358519e+02
8.310000000000506759e+00,5.888309655531155613e+02,2.808525890301247685e+01,1.046101109515636257e-01,0.000000000000000000e+00,1.117711929639003898e+02
8.312500000000506262e+00,5.889011640468830819e+02,2.805944657728037228e+01,1.046440847098612376e-01,0.000000000000000000e+00,1.117860626610517016e+02
8.315000000000505764e+00,5.889712980111690968e+02,2.803363659999327950e+01,1.046774148373169483e-01,0.000000000000000000e+00,1.118009382536989875e+02
8.317500000000505267e+00,5.890413674518443941e+02,2.800782897067987420e+01,1.047100306089534250e-01,0.000000000000000000e+00,1.118158196558795083e+02
8.320000000000504770e+00,5.891113723747785116e+02,2.798202368886150282e+01,1.047421223343997371e-01,0.000000000000000000e+00,1.118307067686616278e+02
8.322500000000504272e+00,5.891813127858400776e+02,2.795622075404954643e+01,1.047737197495638428e-01,0.000000000000000000e+00,1.118455995229788584e+02
8.325000000000503775e+00,5.892511886908962424e+02,2.793042016574538167e+01,1.048047387851832046e-01,0.000000000000000000e+00,1.118604978494326474e+02
8.327500000000503277e+00,5.893210000958130195e+02,2.790462192344160997e+01,1.048351312899293009e-01,0.000000000000000000e+00,1.118754016694201852e+02
8.330000000000502780e+00,5.893907470064550580e+02,2.787882602662319798e+01,1.048648629180209263e-01,0.000000000000000000e+00,1.118903108818010992e+02
8.332500000000502283e+00,5.894604294286858703e+02,2.785303247476024779e+01,1.048940346176371191e-01,0.000000000000000000e+00,1.119052254046798822e+02
8.335000000000501785e+00,5.895300473683674909e+02,2.782724126731300984e+01,1.049226478232539728e-01,0.000000000000000000e+00,1.119201451588908327e+02
8.337500000000501288e+00,5.895996008313605898e+02,2.780145240373258275e+01,1.049506689193436954e-01,0.000000000000000000e+00,1.119350700632439555e+02
8.340000000000500791e+00,5.896690898235245868e+02,2.777566588346161680e+01,1.049779598314308088e-01,0.000000000000000000e+00,1.119500000354843365e+02
8.342500000000500293e+00,5.897385143507174234e+02,2.774988170593101344e+01,1.050047564315369497e-01,0.000000000000000000e+00,1.119649349618407967e+02
8.345000000000499796e+00,5.898078744187955635e+02,2.772409987055670655e+01,1.050308992644366779e-01,0.000000000000000000e+00,1.119798747836766637e+02
8.347500000000499298e+00,5.898771700336141066e+02,2.769832037674909841e+01,1.050565811963540541e-01,0.000000000000000000e+00,1.119948194013986864e+02
8.350000000000498801e+00,5.899464012010266742e+02,2.767254322390914467e+01,1.050815980058805860e-01,0.000000000000000000e+00,1.120097687505522259e+02
8.352500000000498304e+00,5.900155679268852964e+02,2.764676841142961550e+01,1.051059749397596083e-01,0.000000000000000000e+00,1.120247227320832053e+02
8.355000000000497806e+00,5.900846702170405251e+02,2.762099593869271175e+01,1.051297870894500885e-01,0.000000000000000000e+00,1.120396812607115891e+02
8.357500000000497309e+00,5.901537080773413209e+02,2.759522580506936862e+01,1.051530049265395617e-01,0.000000000000000000e+00,1.120546442526973721e+02
8.360000000000496811e+00,5.902226815136351661e+02,2.756945800992135531e+01,1.051755861110022366e-01,0.000000000000000000e+00,1.120696116235888553e+02
8.362500000000496314e+00,5.902915905317678380e+02,2.754369255259964078e+01,1.051976457355558447e-01,0.000000000000000000e+00,1.120845832721914945e+02
8.365000000000495817e+00,5.903604351375835222e+02,2.751792943244731759e+01,1.052190584719679967e-01,0.000000000000000000e+00,1.120995591270754517e+02
8.367500000000495319e+00,5.904292153369248126e+02,2.749216864879597111e+01,1.052397852365958980e-01,0.000000000000000000e+00,1.121145390940129971e+02
8.370000000000494822e+00,5.904979311356325979e+02,2.746641020096661379e+01,1.052599349195391248e-01,0.000000000000000000e+00,1.121295230718487659e+02
8.372500000000494325e+00,5.905665825395459478e+02,2.744065408827141894e+01,1.052794811153433679e-01,0.000000000000000000e+00,1.121445109811457996e+02
8.375000000000493827e+00,5.906351695545023404e+02,2.741490031001437444e+01,1.052986150877947974e-01,0.000000000000000000e+00,1.121595027347113387e+02
8.377500000000493330e+00,5.907036921863374346e+02,2.738914886548920435e+01,1.053169859821819765e-01,0.000000000000000000e+00,1.121744982686496570e+02
8.380000000000492832e+00,5.907721504408852979e+02,2.736339975398034241e+01,1.053347036266909648e-01,0.000000000000000000e+00,1.121894974666931404e+02
8.382500000000492335e+00,5.908405443239779515e+02,2.733765297476711353e+01,1.053518822626116902e-01,0.000000000000000000e+00,1.122045002428054232e+02
8.385000000000491838e+00,5.909088738414457112e+02,2.731190852711949191e+01,1.053685020707439829e-01,0.000000000000000000e+00,1.122195065098270561e+02
8.387500000000491340e+00,5.909771389991170736e+02,2.728616641029777412e+01,1.053846390390103666e-01,0.000000000000000000e+00,1.122345161929666801e+02
8.390000000000490843e+00,5.910453398028187166e+02,2.726042662355346025e+01,1.054000407093557412e-01,0.000000000000000000e+00,1.122495292054369287e+02
8.392500000000490346e+00,5.911134762583753854e+02,2.723468916612485557e+01,1.054148843918412543e-01,0.000000000000000000e+00,1.122645454517705161e+02
8.395000000000489848e+00,5.911815483716098925e+02,2.720895403724337669e+01,1.054290930009203348e-01,0.000000000000000000e+00,1.122795648433058773e+02
8.397500000000489351e+00,5.912495561483432311e+02,2.718322123613027586e+01,1.054427260935997257e-01,0.000000000000000000e+00,1.122945872928070514e+02
8.400000000000488853e+00,5.913174995943942349e+02,2.715749076199990597e+01,1.054557470216778980e-01,0.000000000000000000e+00,1.123096127018493888e+02
8.402500000000488356e+00,5.913853787155800319e+02,2.713176261406231404e+01,1.054681088117460364e-01,0.000000000000000000e+00,1.123246409912309787e+02
8.405000000000487859e+00,5.914531935177157038e+02,2.710603679151425283e+01,1.054799244975303113e-01,0.000000000000000000e+00,1.123396720573905583e+02
8.407500000000487361e+00,5.915209440066141724e+02,2.708031329354589190e+01,1.054911938782606279e-01,0.000000000000000000e+00,1.123547058160778960e+02
8.410000000000486864e+00,5.915886301880864266e+02,2.705459211934147135e+01,1.055018359940592676e-01,0.000000000000000000e+00,1.123697421900008777e+02
8.412500000000486367e+00,5.916562520679414092e+02,2.702887326807577750e+01,1.055118393059245180e-01,0.000000000000000000e+00,1.123847810783924217e+02
8.415000000000485869e+00,5.917238096519860164e+02,2.700315673891615020e+01,1.055213854650562805e-01,0.000000000000000000e+00,1.123998223953142457e+02
8.417500000000485372e+00,5.917913029460249845e+02,2.697744253102256806e+01,1.055302227128542547e-01,0.000000000000000000e+00,1.124148660616774151e+02
8.420000000000484874e+00,5.918587319558610034e+02,2.695173064354441550e+01,1.055385406652936675e-01,0.000000000000000000e+00,1.124299119813619683e+02
8.422500000000484377e+00,5.919260966872947165e+02,2.692602107562606761e+01,1.055462985885093768e-01,0.000000000000000000e+00,1.124449600635631867e+02
8.425000000000483880e+00,5.919933971461244937e+02,2.690031382640322732e+01,1.055533747006672657e-01,0.000000000000000000e+00,1.124600102299658460e+02
8.427500000000483382e+00,5.920606333381465447e+02,2.687460889500277617e+01,1.055599679674703029e-01,0.000000000000000000e+00,1.124750623810768388e+02
8.430000000000482885e+00,5.921278052691549192e+02,2.684890628054460038e+01,1.055658970836185762e-01,0.000000000000000000e+00,1.124901164329203169e+02
8.432500000000482387e+00,5.921949129449415068e+02,2.682320598214332819e+01,1.055712815588745052e-01,0.000000000000000000e+00,1.125051722929887887e+02
8.435000000000481890e+00,5.922619563712959234e+02,2.679750799890703661e+01,1.055759761054845675e-01,0.000000000000000000e+00,1.125202298760953141e+02
8.437500000000481393e+00,5.923289355540055112e+02,2.677181232993922322e+01,1.055801242858888239e-01,0.000000000000000000e+00,1.125352890839977107e+02
8.440000000000480895e+00,5.923958504988555660e+02,2.674611897434198582e+01,1.055837058492761216e-01,0.000000000000000000e+00,1.125503498295236398e+02
8.442500000000480398e+00,5.924627012116288824e+02,2.672042793120965598e+01,1.055866852959429086e-01,0.000000000000000000e+00,1.125654120181091002e+02
8.445000000000479901e+00,5.925294876981060952e+02,2.669473919962808139e+01,1.055891293327535368e-01,0.000000000000000000e+00,1.125804755709632303e+02
8.447500000000479403e+00,5.925962099640656788e+02,2.666905277867718738e+01,1.055909241506972768e-01,0.000000000000000000e+00,1.125955403903419665e+02
8.450000000000478906e+00,5.926628680152834932e+02,2.664336866743159149e+01,1.055921462626848162e-01,0.000000000000000000e+00,1.126106063897954215e+02
8.452500000000478408e+00,5.927294618575334653e+02,2.661768686495981129e+01,1.055927594490384813e-01,0.000000000000000000e+00,1.126256734804342869e+02
8.455000000000477911e+00,5.927959914965869075e+02,2.659200737032766781e+01,1.055928642331871309e-01,0.000000000000000000e+00,1.126407415689110678e+02
8.457500000000477414e+00,5.928624569382128584e+02,2.656633018259644885e+01,1.055923128922639231e-01,0.000000000000000000e+00,1.126558105723090222e+02
8.460000000000476916e+00,5.929288581881780829e+02,2.654065530082067781e+01,1.055911390417258178e-01,0.000000000000000000e+00,1.126708803935334515e+02
8.462500000000476419e+00,5.929951952522469583e+02,2.651498272404946732e+01,1.055894419348824137e-01,0.000000000000000000e+00,1.126859509402746653e+02
8.465000000000475922e+00,5.930614681361813609e+02,2.648931245132427392e+01,1.055871165620697327e-01,0.000000000000000000e+00,1.127010221270943902e+02
8.467500000000475424e+00,5.931276768457408934e+02,2.646364448168353078e+01,1.055841995012214013e-01,0.000000000000000000e+00,1.127160938581691738e+02
8.470000000000474927e+00,5.931938213866827709e+02,2.643797881416254469e+01,1.055807070821772886e-01,0.000000000000000000e+00,1.127311660392232397e+02
8.472500000000474429e+00,5.932599017647615938e+02,2.641231544779232365e+01,1.055766577474465812e-01,0.000000000000000000e+00,1.127462385836079051e+02
8.475000000000473932e+00,5.933259179857298022e+02,2.638665438159637944e+01,1.055719856927508360e-01,0.000000000000000000e+00,1.127613114163928714e+02
8.477500000000473435e+00,5.933918700553373355e+02,2.636099561459492335e+01,1.055667323218565379e-01,0.000000000000000000e+00,1.127763844243962126e+02
8.480000000000472937e+00,5.934577579793315181e+02,2.633533914580428714e+01,1.055608956142525395e-01,0.000000000000000000e+00,1.127914575288961032e+02
8.482500000000472440e+00,5.935235817634572868e+02,2.630968497423582519e+01,1.055545837337205917e-01,0.000000000000000000e+00,1.128065306380104147e+02
8.485000000000471942e+00,5.935893414134571913e+02,2.628403309889661443e+01,1.055476488981415550e-01,0.000000000000000000e+00,1.128216036752432530e+02
8.487500000000471445e+00,5.936550369350712799e+02,2.625838351879072619e+01,1.055401512140721337e-01,0.000000000000000000e+00,1.128366765448441953e+02
8.490000000000470948e+00,5.937206683340369864e+02,2.623273623291474621e+01,1.055321023263783992e-01,0.000000000000000000e+00,1.128517491583049832e+02
8.492500000000470450e+00,5.937862356160893569e+02,2.620709124026016212e+01,1.055235004612901234e-01,0.000000000000000000e+00,1.128668214295334451e+02
8.495000000000469953e+00,5.938517387869608228e+02,2.618144853981603859e+01,1.055143441733051440e-01,0.000000000000000000e+00,1.128818932692725525e+02
8.497500000000469456e+00,5.939171778523813146e+02,2.615580813056810783e+01,1.055045206664999430e-01,0.000000000000000000e+00,1.128969645977228851e+02
8.500000000000468958e+00,5.939825528180782612e+02,2.613017001149933094e+01,1.054941228830740263e-01,0.000000000000000000e+00,1.129120353059606998e+02
8.502500000000468461e+00,5.940478636897765909e+02,2.610453418158567374e+01,1.054832133621428497e-01,0.000000000000000000e+00,1.129271053078999074e+02
8.505000000000467963e+00,5.941131104731986170e+02,2.607890063979972695e+01,1.054717397855903238e-01,0.000000000000000000e+00,1.129421745284916909e+02
8.507500000000467466e+00,5.941782931740640379e+02,2.605326938511126400e+01,1.054596771365920171e-01,0.000000000000000000e+00,1.129572428633788661e+02
8.510000000000466969e+00,5.942434117980899373e+02,2.602764041649097138e+01,1.054470651701167189e-01,0.000000000000000000e+00,1.129723102469318547e+02
8.512500000000466471e+00,5.943084663509910115e+02,2.600201373290094153e+01,1.054339237033652538e-01,0.000000000000000000e+00,1.129873765723253172e+02
8.515000000000465974e+00,5.943734568384791146e+02,2.597638933329940159e+01,1.054202251218239184e-01,0.000000000000000000e+00,1.130024417635866030e+02
8.517500000000465477e+00,5.944383832662637133e+02,2.595076721664335295e+01,1.054059653208146985e-01,0.000000000000000000e+00,1.130175057304882529e+02
8.520000000000464979e+00,5.945032456400515457e+02,2.592514738188768675e+01,1.053911600595131975e-01,0.000000000000000000e+00,1.130325683905075920e+02
8.522500000000464482e+00,5.945680439655468490e+02,2.589952982798502745e+01,1.053758429688090165e-01,0.000000000000000000e+00,1.130476296595003305e+02
8.525000000000463984e+00,5.946327782484510180e+02,2.587391455388090833e+01,1.053599797824376627e-01,0.000000000000000000e+00,1.130626894462292995e+02
8.527500000000463487e+00,5.946974484944630603e+02,2.584830155851432920e+01,1.053435040127822242e-01,0.000000000000000000e+00,1.130777476742806584e+02
8.530000000000462990e+00,5.947620547092791412e+02,2.582269084082213695e+01,1.053265468589554693e-01,0.000000000000000000e+00,1.130928042529599509e+02
8.532500000000462492e+00,5.948265968985928112e+02,2.579708239974043948e+01,1.053090379083130440e-01,0.000000000000000000e+00,1.131078590929961933e+02
8.535000000000461995e+00,5.948910750680951196e+02,2.577147623419959288e+01,1.052909088172291757e-01,0.000000000000000000e+00,1.131229121091104872e+02
8.537500000000461498e+00,5.949554892234741601e+02,2.574587234312642181e+01,1.052722036900918118e-01,0.000000000000000000e+00,1.131379632182004116e+02
8.540000000000461000e+00,5.950198393704156388e+02,2.572027072544553761e+01,1.052530385526505435e-01,0.000000000000000000e+00,1.131530123216852246e+02
8.542500000000460503e+00,5.950841255146023059e+02,2.569467138007637175e+01,1.052333676507579141e-01,0.000000000000000000e+00,1.131680593386236211e+02
8.545000000000460005e+00,5.951483476617144106e+02,2.566907430593504458e+01,1.052131959641273151e-01,0.000000000000000000e+00,1.131831041994792599e+02
8.547500000000459508e+00,5.952125058174293599e+02,2.564347950193163328e+01,1.051924621002372634e-01,0.000000000000000000e+00,1.131981468276514420e+02
8.550000000000459011e+00,5.952765999874218323e+02,2.561788696697604450e+01,1.051711333736349979e-01,0.000000000000000000e+00,1.132131871242789884e+02
8.552500000000458513e+00,5.953406301773638916e+02,2.559229669997528944e+01,1.051493419877866514e-01,0.000000000000000000e+00,1.132282250058190129e+02
8.555000000000458016e+00,5.954045963929247591e+02,2.556670869982786698e+01,1.051270376504906678e-01,0.000000000000000000e+00,1.132432603928254480e+02
8.557500000000457518e+00,5.954684986397709281e+02,2.554112296542911764e+01,1.051043324045452809e-01,0.000000000000000000e+00,1.132582932092552852e+02
8.560000000000457021e+00,5.955323369235661630e+02,2.551553949567056634e+01,1.050810702229477561e-01,0.000000000000000000e+00,1.132733233896780547e+02
8.562500000000456524e+00,5.955961112499715000e+02,2.548995828944045172e+01,1.050572685790346905e-01,0.000000000000000000e+00,1.132883508481595953e+02
8.565000000000456026e+00,5.956598216246450193e+02,2.546437934562304406e+01,1.050328576887731846e-01,0.000000000000000000e+00,1.133033754910989614e+02
8.567500000000455529e+00,5.957234680532421862e+02,2.543880266309928118e+01,1.050080995494542813e-01,0.000000000000000000e+00,1.133183972311555578e+02
8.570000000000455032e+00,5.957870505414155105e+02,2.541322824074401154e+01,1.049827930678730037e-01,0.000000000000000000e+00,1.133334160145086997e+02
8.572500000000454534e+00,5.958505690948148867e+02,2.538765607742703168e+01,1.049570113705160374e-01,0.000000000000000000e+00,1.133484317518044264e+02
8.575000000000454037e+00,5.959140237190871403e+02,2.536208617201261717e+01,1.049306695895493163e-01,0.000000000000000000e+00,1.133634443664419535e+02
8.577500000000453539e+00,5.959774144198764816e+02,2.533651852336337740e+01,1.049038767493154362e-01,0.000000000000000000e+00,1.133784537676201722e+02
8.580000000000453042e+00,5.960407412028241652e+02,2.531095313033988248e+01,1.048765607391870941e-01,0.000000000000000000e+00,1.133934598881864559e+02
8.582500000000452545e+00,5.961040040735686034e+02,2.528538999179558289e+01,1.048488575852242616e-01,0.000000000000000000e+00,1.134084626542897496e+02
8.585000000000452047e+00,5.961672030377452529e+02,2.525982910658049718e+01,1.048206434109975466e-01,0.000000000000000000e+00,1.134234619882383868e+02
8.587500000000451550e+00,5.962303381009868417e+02,2.523427047354169517e+01,1.047919793289764645e-01,0.000000000000000000e+00,1.134384578175239113e+02
8.590000000000451053e+00,5.962934092689231420e+02,2.520871409152061560e+01,1.047628806183939221e-01,0.000000000000000000e+00,1.134534500656782114e+02
8.592500000000450555e+00,5.963564165471810838e+02,2.518315995935359908e+01,1.047332562133963252e-01,0.000000000000000000e+00,1.134684386707889274e+02
8.595000000000450058e+00,5.964193599413846414e+02,2.515760807587104964e+01,1.047032308758777674e-01,0.000000000000000000e+00,1.134834235379395579e+02
8.597500000000449560e+00,5.964822394571547193e+02,2.513205843989901567e+01,1.046726775262484671e-01,0.000000000000000000e+00,1.134984046143398757e+02
8.600000000000449063e+00,5.965450551001096073e+02,2.510651105025801044e+01,1.046417281717555436e-01,0.000000000000000000e+00,1.135133818211596122e+02
8.602500000000448566e+00,5.966078068758642985e+02,2.508096590576075968e+01,1.046102942830462179e-01,0.000000000000000000e+00,1.135283550767974390e+02
8.605000000000448068e+00,5.966704947900310572e+02,2.505542300521579691e+01,1.045783685477258695e-01,0.000000000000000000e+00,1.135433243156254832e+02
8.607500000000447571e+00,5.967331188482190782e+02,2.502988234742590379e+01,1.045460308191485110e-01,0.000000000000000000e+00,1.135582894673487857e+02
8.610000000000447073e+00,5.967956790560346008e+02,2.500434393119099852e+01,1.045132967474162872e-01,0.000000000000000000e+00,1.135732504573364849e+02
8.612500000000446576e+00,5.968581754190807942e+02,2.497880775530602193e+01,1.044800755548639104e-01,0.000000000000000000e+00,1.135882072190129719e+02
8.615000000000446079e+00,5.969206079429578722e+02,2.495327381855965143e+01,1.044464330137249014e-01,0.000000000000000000e+00,1.136031596818470319e+02
8.617500000000445581e+00,5.969829766332629788e+02,2.492774211973416598e+01,1.044123840057068209e-01,0.000000000000000000e+00,1.136181077754902731e+02
8.620000000000445084e+00,5.970452814955901886e+02,2.490221265760558467e+01,1.043779892567056194e-01,0.000000000000000000e+00,1.136330514425985854e+02
8.622500000000444587e+00,5.971075225355306202e+02,2.487668543094470408e+01,1.043430908986332506e-01,0.000000000000000000e+00,1.136479906145225556e+02
8.625000000000444089e+00,5.971696997586720954e+02,2.485116043851839862e+01,1.043077413303847706e-01,0.000000000000000000e+00,1.136629252170548483e+02
8.627500000000443592e+00,5.972318131705995938e+02,2.482563767908587948e+01,1.042720062176398788e-01,0.000000000000000000e+00,1.136778551848448444e+02
8.630000000000443094e+00,5.972938627768949118e+02,2.480011715140371109e+01,1.042358125901111793e-01,0.000000000000000000e+00,1.136927804509560218e+02
8.632500000000442597e+00,5.973558485831366625e+02,2.477459885422405250e+01,1.041992721797925792e-01,0.000000000000000000e+00,1.137077009530435276e+02
8.635000000000442100e+00,5.974177705949005031e+02,2.474908278629107627e+01,1.041622754161345005e-01,0.000000000000000000e+00,1.137226166259565900e+02
8.637500000000441602e+00,5.974796288177586803e+02,2.472356894634426894e+01,1.041248037790215575e-01,0.000000000000000000e+00,1.137375273913970091e+02
8.640000000000441105e+00,5.975414232572805986e+02,2.469805733311516249e+01,1.040870525994755103e-01,0.000000000000000000e+00,1.137524331824599386e+02
8.642500000000440608e+00,5.976031539190321382e+02,2.467254794532894380e+01,1.040489573723376721e-01,0.000000000000000000e+00,1.137673339558332373e+02
8.645000000000440110e+00,5.976648208085763372e+02,2.464704078170526813e+01,1.040104409669466989e-01,0.000000000000000000e+00,1.137822296569076173e+02
8.647500000000439613e+00,5.977264239314728229e+02,2.462153584095647574e+01,1.039715504775801796e-01,0.000000000000000000e+00,1.137971202141645506e+02
8.650000000000439115e+00,5.977879632932780396e+02,2.459603312178757761e+01,1.039322248574621049e-01,0.000000000000000000e+00,1.138120055657919636e+02
8.652500000000438618e+00,5.978494388995452482e+02,2.457053262289864293e+01,1.038925054554650923e-01,0.000000000000000000e+00,1.138268856467185657e+02
8.655000000000438121e+00,5.979108507558242991e+02,2.454503434298385400e+01,1.038524095038972223e-01,0.000000000000000000e+00,1.138417603935682507e+02
8.657500000000437623e+00,5.979721988676619731e+02,2.451953828073191488e+01,1.038119454110005835e-01,0.000000000000000000e+00,1.138566297474653908e+02
8.660000000000437126e+00,5.980334832406016403e+02,2.449404443482454852e+01,1.037712402410194551e-01,0.000000000000000000e+00,1.138714936510104252e+02
8.662500000000436629e+00,5.980947038801833742e+02,2.446855280393597099e+01,1.037300468462090536e-01,0.000000000000000000e+00,1.138863520649612013e+02
8.665000000000436131e+00,5.981558607919440647e+02,2.444306338673309043e+01,1.036885201367133136e-01,0.000000000000000000e+00,1.139012049008850482e+02
8.667500000000435634e+00,5.982169539814170776e+02,2.441757618187482848e+01,1.036466748905151142e-01,0.000000000000000000e+00,1.139160521275203735e+02
8.670000000000435136e+00,5.982779834541325954e+02,2.439209118801211673e+01,1.036045232918325898e-01,0.000000000000000000e+00,1.139308936748453789e+02
8.672500000000434639e+00,5.983389492156172764e+02,2.436660840378673143e+01,1.035620094050777318e-01,0.000000000000000000e+00,1.139457295018728047e+02
8.675000000000434142e+00,5.983998512713943683e+02,2.434112782783410722e+01,1.035191341227425094e-01,0.000000000000000000e+00,1.139605595491674421e+02
8.677500000000433644e+00,5.984606896269839353e+02,2.431564945878638895e+01,1.034759921231899332e-01,0.000000000000000000e+00,1.139753837587989125e+02
8.680000000000433147e+00,5.985214642879024041e+02,2.429017329526820035e+01,1.034324263617027589e-01,0.000000000000000000e+00,1.139902020874502426e+02
8.682500000000432649e+00,5.985821752596627903e+02,2.426469933589558181e+01,1.033885590176157748e-01,0.000000000000000000e+00,1.140050144684705060e+02
8.685000000000432152e+00,5.986428225477745855e+02,2.423922757927786975e+01,1.033442770021877205e-01,0.000000000000000000e+00,1.140198208448121022e+02
8.687500000000431655e+00,5.987034061577439843e+02,2.421375802401555788e+01,1.032997643413615801e-01,0.000000000000000000e+00,1.140346211633319058e+02
8.690000000000431157e+00,5.987639260950735434e+02,2.418829066870485889e+01,1.032548951364727075e-01,0.000000000000000000e+00,1.140494153864728730e+02
8.692500000000430660e+00,5.988243823652624087e+02,2.416282551193238248e+01,1.032097452103235696e-01,0.000000000000000000e+00,1.140642034483262250e+02
8.695000000000430163e+00,5.988847749738060884e+02,2.413736255227401983e+01,1.031643028796326717e-01,0.000000000000000000e+00,1.140789853116779256e+02
8.697500000000429665e+00,5.989451039261964524e+02,2.411190178830073449e+01,1.031185252936886593e-01,0.000000000000000000e+00,1.140937609263181542e+02
8.700000000000429168e+00,5.990053692279220741e+02,2.408644321857439863e+01,1.030724257488744300e-01,0.000000000000000000e+00,1.141085302423290813e+02
8.702500000000428670e+00,5.990655708844676610e+02,2.406098684164840762e+01,1.030260232250708868e-01,0.000000000000000000e+00,1.141232932068356405e+02
8.705000000000428173e+00,5.991257089013143968e+02,2.403553265606877076e+01,1.029792763059039773e-01,0.000000000000000000e+00,1.141380497674403927e+02
8.707500000000427676e+00,5.991857832839397133e+02,2.401008066037610078e+01,1.029323295608258748e-01,0.000000000000000000e+00,1.141527998695263335e+02
8.710000000000427178e+00,5.992457940378176318e+02,2.398463085310176268e+01,1.028850943607041019e-01,0.000000000000000000e+00,1.141675434869745231e+02
8.712500000000426681e+00,5.993057411684183080e+02,2.395918323276783468e+01,1.028375286284248652e-01,0.000000000000000000e+00,1.141822805671855150e+02
8.715000000000426184e+00,5.993656246812082600e+02,2.393373779788726807e+01,1.027897423234419155e-01,0.000000000000000000e+00,1.141970110633470483e+02
8.717500000000425686e+00,5.994254445816502539e+02,2.390829454696567069e+01,1.027416722252972037e-01,0.000000000000000000e+00,1.142117349343029531e+02
8.720000000000425189e+00,5.994852008752034180e+02,2.388285347849951279e+01,1.026932659520444630e-01,0.000000000000000000e+00,1.142264521315742343e+02
8.722500000000424691e+00,5.995448935673229016e+02,2.385741459097733852e+01,1.026446544470253630e-01,0.000000000000000000e+00,1.142411626111017284e+02
8.725000000000424194e+00,5.996045226634603296e+02,2.383197788288225283e+01,1.025958051637934909e-01,0.000000000000000000e+00,1.142558663272038473e+02
8.727500000000423697e+00,5.996640881690633478e+02,2.380654335268691923e+01,1.025465840051158206e-01,0.000000000000000000e+00,1.142705632467310153e+02
8.730000000000423199e+00,5.997235900895758505e+02,2.378111099885447643e+01,1.024971335026392677e-01,0.000000000000000000e+00,1.142852533198653902e+02
8.732500000000422702e+00,5.997830284304378665e+02,2.375568081984078717e+01,1.024474833931317830e-01,0.000000000000000000e+00,1.142999364971988712e+02
8.735000000000422204e+00,5.998424031970855594e+02,2.373025281409245935e+01,1.023976348552645965e-01,0.000000000000000000e+00,1.143146127523405653e+02
8.737500000000421707e+00,5.999017143949511137e+02,2.370482698004657607e+01,1.023474897502682085e-01,0.000000000000000000e+00,1.143292820534217782e+02
8.740000000000421210e+00,5.999609620294630759e+02,2.367940331613194616e+01,1.022971072036877316e-01,0.000000000000000000e+00,1.143439443493199974e+02
8.742500000000420712e+00,6.000201461060456722e+02,2.365398182076702582e+01,1.022464957779270350e-01,0.000000000000000000e+00,1.143585996035756267e+02
8.745000000000420215e+00,6.000792666301194913e+02,2.362856249236223860e+01,1.021956293014381206e-01,0.000000000000000000e+00,1.143732477788078512e+02
8.747500000000419718e+00,6.001383236071010288e+02,2.360314532932066101e+01,1.021445454479950193e-01,0.000000000000000000e+00,1.143878888354594210e+02
8.750000000000419220e+00,6.001973170424028012e+02,2.357773033003637053e+01,1.020931834411467620e-01,0.000000000000000000e+00,1.144025227320081370e+02
8.752500000000418723e+00,6.002562469414332327e+02,2.355231749289279364e+01,1.020415909218775063e-01,0.000000000000000000e+00,1.144171494322093707e+02
8.755000000000418225e+00,6.003151133095968817e+02,2.352690681626490488e+01,1.019897992035743856e-01,0.000000000000000000e+00,1.144317688948029001e+02
8.757500000000417728e+00,6.003739161522939867e+02,2.350149829851980954e+01,1.019378100142988852e-01,0.000000000000000000e+00,1.144463810880325241e+02
8.760000000000417231e+00,6.004326554749208071e+02,2.347609193801457650e+01,1.018855858145918253e-01,0.000000000000000000e+00,1.144609859827204446e+02
8.762500000000416733e+00,6.004913312828695098e+02,2.345068773309749588e+01,1.018332039277094481e-01,0.000000000000000000e+00,1.144755835341210144e+02
8.765000000000416236e+00,6.005499435815281686e+02,2.342528568210800799e+01,1.017806022336642247e-01,0.000000000000000000e+00,1.144901737183302686e+02
8.767500000000415739e+00,6.006084923762806511e+02,2.339988578337447578e+01,1.017277902161441844e-01,0.000000000000000000e+00,1.145047565009934232e+02
8.770000000000415241e+00,6.006669776725067322e+02,2.337448803521506946e+01,1.016747449405878273e-01,0.000000000000000000e+00,1.145193318429380156e+02
8.772500000000414744e+00,6.007253994755817530e+02,2.334909243594033867e+01,1.016215067271578065e-01,0.000000000000000000e+00,1.145338997103873027e+02
8.775000000000414246e+00,6.007837577908769617e+02,2.332369898385332974e+01,1.015681964117607916e-01,0.000000000000000000e+00,1.145484600767034493e+02
8.777500000000413749e+00,6.008420526237594004e+02,2.329830767724729768e+01,1.015145362658283756e-01,0.000000000000000000e+00,1.145630129227806577e+02
8.780000000000413252e+00,6.009002839795919044e+02,2.327291851440455872e+01,1.014607273060470494e-01,0.000000000000000000e+00,1.145775581970837607e+02
8.782500000000412754e+00,6.009584518637327619e+02,2.324753149359820625e+01,1.014068408874010951e-01,0.000000000000000000e+00,1.145920958682896895e+02
8.785000000000412257e+00,6.010165562815361682e+02,2.322214661309352834e+01,1.013527589435692933e-01,0.000000000000000000e+00,1.146066259255908619e+02
8.787500000000411760e+00,6.010745972383517710e+02,2.319676387114505545e+01,1.012984951660572536e-01,0.000000000000000000e+00,1.146211483350659392e+02
8.790000000000411262e+00,6.011325747395250119e+02,2.317138326599759779e+01,1.012441377255300645e-01,0.000000000000000000e+00,1.146356630767778029e+02
8.792500000000410765e+00,6.011904887903970121e+02,2.314600479588839477e+01,1.011895214126628528e-01,0.000000000000000000e+00,1.146501701171845156e+02
8.795000000000410267e+00,6.012483393963042317e+02,2.312062845904536346e+01,1.011348393677611451e-01,0.000000000000000000e+00,1.146646694267615203e+02
8.797500000000409770e+00,6.013061265625788110e+02,2.309525425368552831e+01,1.010799312220235502e-01,0.000000000000000000e+00,1.146791609862246872e+02
8.800000000000409273e+00,6.013638502945485698e+02,2.306988217801388430e+01,1.010248175404944437e-01,0.000000000000000000e+00,1.146936447641194547e+02
8.802500000000408775e+00,6.014215105975366669e+02,2.304451223022817175e+01,1.009696057795090446e-01,0.000000000000000000e+00,1.147081207284704192e+02
8.805000000000408278e+00,6.014791074768617136e+02,2.301914440851780697e+01,1.009141905199093109e-01,0.000000000000000000e+00,1.147225888523716577e+02
8.807500000000407780e+00,6.015366409378378876e+02,2.299377871106361582e+01,1.008587069935852898e-01,0.000000000000000000e+00,1.147370491089176596e+02
8.810000000000407283e+00,6.015941109857748188e+02,2.296841513603406426e+01,1.008030622151072503e-01,0.000000000000000000e+00,1.147515014821982362e+02
8.812500000000406786e+00,6.016515176259775899e+02,2.294305368158671854e+01,1.007473025668596395e-01,0.000000000000000000e+00,1.147659459493122682e+02
8.815000000000406288e+00,6.017088608637465086e+02,2.291769434586885623e+01,1.006913791702650079e-01,0.000000000000000000e+00,1.147803824928312366e+02
8.817500000000405791e+00,6.017661407043773352e+02,2.289233712701902590e+01,1.006353019814932442e-01,0.000000000000000000e+00,1.147948110733363194e+02
8.820000000000405294e+00,6.018233571531612824e+02,2.286698202316464545e+01,1.005791350250287153e-01,0.000000000000000000e+00,1.148092316725497284e+02
8.822500000000404796e+00,6.018805102153846747e+02,2.284162903242567921e+01,1.005229014991427111e-01,0.000000000000000000e+00,1.148236442810542144e+02
8.825000000000404299e+00,6.019375998963292886e+02,2.281627815291207639e+01,1.004664678259892530e-01,0.000000000000000000e+00,1.148380488793274452e+02
8.827500000000403801e+00,6.019946262012720126e+02,2.279092938272522773e+01,1.004099489076972079e-01,0.000000000000000000e+00,1.148524454332990103e+02
8.830000000000403304e+00,6.020515891354851874e+02,2.276558271995537197e+01,1.003532976438403779e-01,0.000000000000000000e+00,1.148668339279605703e+02
8.832500000000402807e+00,6.021084887042362652e+02,2.274023816268333675e+01,1.002965843914190996e-01,0.000000000000000000e+00,1.148812143367448044e+02
8.835000000000402309e+00,6.021653249127878098e+02,2.271489570898067356e+01,1.002398097992760195e-01,0.000000000000000000e+00,1.148955866526204375e+02
8.837500000000401812e+00,6.022220977663977237e+02,2.268955535690800573e+01,1.001828692349809730e-01,0.000000000000000000e+00,1.149099508638829548e+02
8.840000000000401315e+00,6.022788072703190210e+02,2.266421710451582427e+01,1.001257857747265556e-01,0.000000000000000000e+00,1.149243069409014595e+02
8.842500000000400817e+00,6.023354534297997134e+02,2.263888094984578814e+01,1.000687384853675005e-01,0.000000000000000000e+00,1.149386548587398380e+02
8.845000000000400320e+00,6.023920362500830379e+02,2.261354689093079529e+01,1.000114594655078099e-01,0.000000000000000000e+00,1.149529946164881977e+02
8.847500000000399822e+00,6.024485557364072292e+02,2.258821492579273382e+01,9.995416419029926058e-02,0.000000000000000000e+00,1.149673261822008641e+02
8.850000000000399325e+00,6.025050118940056336e+02,2.256288505244467046e+01,9.989682831533927554e-02,0.000000000000000000e+00,1.149816495483263878e+02
8.852500000000398828e+00,6.025614047281064813e+02,2.253755726888935129e+01,9.983941130095512484e-02,0.000000000000000000e+00,1.149959647045123461e+02
8.855000000000398330e+00,6.026177342439332278e+02,2.251223157311889267e+01,9.978190222177131530e-02,0.000000000000000000e+00,1.150102716322560070e+02
8.857500000000397833e+00,6.026740004467042127e+02,2.248690796311467466e+01,9.972425523674061099e-02,0.000000000000000000e+00,1.150245703197655587e+02
8.860000000000397335e+00,6.027302033416326594e+02,2.246158643684829315e+01,9.966657698645681185e-02,0.000000000000000000e+00,1.150388607436457278e+02
8.862500000000396838e+00,6.027863429339267896e+02,2.243626699228199683e+01,9.960885812668959782e-02,0.000000000000000000e+00,1.150531428964353466e+02
8.865000000000396341e+00,6.028424192287895949e+02,2.241094962736890750e+01,9.955101623643178299e-02,0.000000000000000000e+00,1.150674167637951797e+02
8.867500000000395843e+00,6.028984322314191786e+02,2.238563434005195774e+01,9.949314331139019751e-02,0.000000000000000000e+00,1.150816823262845503e+02
8.870000000000395346e+00,6.029543819470081871e+02,2.236032112826334028e+01,9.943523864700905268e-02,0.000000000000000000e+00,1.150959395786643569e+02
8.872500000000394849e+00,6.030102683807443782e+02,2.233500998992447251e+01,9.937727666346457545e-02,0.000000000000000000e+00,1.151101885056640697e+02
8.875000000000394351e+00,6.030660915378102800e+02,2.230970092294875684e+01,9.931922436828068135e-02,0.000000000000000000e+00,1.151244290991499923e+02
8.877500000000393854e+00,6.031218514233829637e+02,2.228439392524012774e+01,9.926121319277329824e-02,0.000000000000000000e+00,1.151386613409446653e+02
8.880000000000393356e+00,6.031775480426344984e+02,2.225908899469236246e+01,9.920314874969635155e-02,0.000000000000000000e+00,1.151528852410574473e+02
8.882500000000392859e+00,6.032331814007314961e+02,2.223378612918947184e+01,9.914503394830737060e-02,0.000000000000000000e+00,1.151671007767756691e+02
8.885000000000392362e+00,6.032887515028354528e+02,2.220848532660467001e+01,9.908684426208977380e-02,0.000000000000000000e+00,1.151813079449589452e+02
8.887500000000391864e+00,6.033442583541024078e+02,2.218318658480237460e+01,9.902864086889127948e-02,0.000000000000000000e+00,1.151955067252665685e+02
8.890000000000391367e+00,6.033997019596830569e+02,2.215788990164012162e+01,9.897040837171038052e-02,0.000000000000000000e+00,1.152096971148575193e+02
8.892500000000390870e+00,6.034550823247228664e+02,2.213259527496405354e+01,9.891214486407901019e-02,0.000000000000000000e+00,1.152238791104052495e+02
8.895000000000390372e+00,6.035103994543618455e+02,2.210730270261007036e+01,9.885386435219023493e-02,0.000000000000000000e+00,1.152380526935388900e+02
8.897500000000389875e+00,6.035656533537344330e+02,2.208201218240477459e+01,9.879557215819474714e-02,0.000000000000000000e+00,1.152522178635842494e+02
8.900000000000389377e+00,6.036208440279698380e+02,2.205672371216735428e+01,9.873716165576416903e-02,0.000000000000000000e+00,1.152663746131987921e+02
8.902500000000388880e+00,6.036759714821918124e+02,2.203143728970641035e+01,9.867873478773313278e-02,0.000000000000000000e+00,1.152805229245800973e+02
8.905000000000388383e+00,6.037310357215184240e+02,2.200615291281833308e+01,9.862030506604382851e-02,0.000000000000000000e+00,1.152946627840924947e+02
8.907500000000387885e+00,6.037860367510625110e+02,2.198087057929197385e+01,9.856191627445547165e-02,0.000000000000000000e+00,1.153087941931711811e+02
8.910000000000387388e+00,6.038409745759311136e+02,2.195559028690601622e+01,9.850355848288887273e-02,0.000000000000000000e+00,1.153229171519583076e+02
8.912500000000386891e+00,6.038958492012258148e+02,2.193031203342840030e+01,9.844513688438662202e-02,0.000000000000000000e+00,1.153370316566866478e+02
8.915000000000386393e+00,6.039506606320426272e+02,2.190503581661955224e+01,9.838677732995199099e-02,0.000000000000000000e+00,1.153511377025052838e+02
8.917500000000385896e+00,6.040054088734719926e+02,2.187976163423162390e+01,9.832838453935920098e-02,0.000000000000000000e+00,1.153652352897112365e+02
8.920000000000385398e+00,6.040600939305985548e+02,2.185448948400801683e+01,9.827001065163619431e-02,0.000000000000000000e+00,1.153793244080963802e+02
8.922500000000384901e+00,6.041147158085016144e+02,2.182921936368089177e+01,9.821163879843337885e-02,0.000000000000000000e+00,1.153934050542666228e+02
8.925000000000384404e+00,6.041692745122544466e+02,2.180395127097180819e+01,9.815326165093050947e-02,0.000000000000000000e+00,1.154074772290450426e+02
8.927500000000383906e+00,6.042237700469249830e+02,2.177868520359345439e+01,9.809490869283940540e-02,0.000000000000000000e+00,1.154215409246841944e+02
8.930000000000383409e+00,6.042782024175751303e+02,2.175342115925073827e+01,9.803652670769846811e-02,0.000000000000000000e+00,1.154355961406983084e+02
8.932500000000382911e+00,6.043325716292612242e+02,2.172815913563843182e+01,9.797822112899644276e-02,0.000000000000000000e+00,1.154496428662583156e+02
8.935000000000382414e+00,6.043868776870336887e+02,2.170289913044277696e+01,9.791992099832175223e-02,0.000000000000000000e+00,1.154636811066481386e+02
8.937500000000381917e+00,6.044411205959373774e+02,2.167764114134051567e+01,9.786165601865344510e-02,0.000000000000000000e+00,1.154777108633129359e+02
8.940000000000381419e+00,6.044953003610111182e+02,2.165238516599931273e+01,9.780334195674562914e-02,0.000000000000000000e+00,1.154917321311806546e+02
8.942500000000380922e+00,6.045494169872879411e+02,2.162713120207786588e+01,9.774511326789116217e-02,0.000000000000000000e+00,1.155057449027314505e+02
8.945000000000380425e+00,6.046034704797951917e+02,2.160187924722685437e+01,9.768694711202662029e-02,0.000000000000000000e+00,1.155197491865917385e+02
8.947500000000379927e+00,6.046574608435541904e+02,2.157662929908870808e+01,9.762873871908137047e-02,0.000000000000000000e+00,1.155337449811789696e+02
8.950000000000379430e+00,6.047113880835803457e+02,2.155138135529684362e+01,9.757063737483026578e-02,0.000000000000000000e+00,1.155477322799624744e+02
8.952500000000378932e+00,6.047652522048831543e+02,2.152613541347594861e+01,9.751255903679874326e-02,0.000000000000000000e+00,1.155617110912143488e+02
8.955000000000378435e+00,6.048190532124662013e+02,2.150089147124089095e+01,9.745455258580094926e-02,0.000000000000000000e+00,1.155756814143664144e+02
8.957500000000377938e+00,6.048727911113270466e+02,2.147564952619885403e+01,9.739659344036741273e-02,0.000000000000000000e+00,1.155896432595886978e+02
8.960000000000377440e+00,6.049264659064574516e+02,2.145040957594841657e+01,9.733870876228051250e-02,0.000000000000000000e+00,1.156035966171973257e+02
8.962500000000376943e+00,6.049800776028429254e+02,2.142517161807863602e+01,9.728088814663181372e-02,0.000000000000000000e+00,1.156175414997735373e+02
8.965000000000376446e+00,6.050336262054630652e+02,2.139993565017133648e+01,9.722307245175897117e-02,0.000000000000000000e+00,1.156314779134401078e+02
8.967500000000375948e+00,6.050871117192914426e+02,2.137470166979948161e+01,9.716531376931564212e-02,0.000000000000000000e+00,1.156454058488308192e+02
8.970000000000375451e+00,6.051405341492954904e+02,2.134946967452791000e+01,9.710766931655019640e-02,0.000000000000000000e+00,1.156593253122733529e+02
8.972500000000374953e+00,6.051938935004365021e+02,2.132423966191333875e+01,9.705009077559122177e-02,0.000000000000000000e+00,1.156732363173206863e+02
8.975000000000374456e+00,6.052471897776698597e+02,2.129901162950296367e+01,9.699257225326703147e-02,0.000000000000000000e+00,1.156871388628700430e+02
8.977500000000373959e+00,6.053004229859445786e+02,2.127378557483616461e+01,9.693516148150550793e-02,0.000000000000000000e+00,1.157010329545879017e+02
8.980000000000373461e+00,6.053535931302036488e+02,2.124856149544361728e+01,9.687783523057191815e-02,0.000000000000000000e+00,1.157149186008332720e+02
8.982500000000372964e+00,6.054067002153839212e+02,2.122333938884758098e+01,9.682054848164590999e-02,0.000000000000000000e+00,1.157287958045514102e+02
8.985000000000372467e+00,6.054597442464158803e+02,2.119811925256300000e+01,9.676336230814697181e-02,0.000000000000000000e+00,1.157426645722888310e+02
8.987500000000371969e+00,6.055127252282238715e+02,2.117290108409826388e+01,9.670622287529824501e-02,0.000000000000000000e+00,1.157565249134140544e+02
8.990000000000371472e+00,6.055656431657261010e+02,2.114768488095232613e+01,9.664919069602952162e-02,0.000000000000000000e+00,1.157703768212026603e+02
8.992500000000370974e+00,6.056184980638344086e+02,2.112247064061639179e+01,9.659223156617108286e-02,0.000000000000000000e+00,1.157842203100407943e+02
8.995000000000370477e+00,6.056712899274544952e+02,2.109725836057545223e+01,9.653534804699341609e-02,0.000000000000000000e+00,1.157980553844023888e+02
8.997500000000369980e+00,6.057240187614855813e+02,2.107204803830678230e+01,9.647860738291015592e-02,0.000000000000000000e+00,1.158118820454599245e+02
9.000000000000369482e+00,6.057766845708206347e+02,2.104683967127897759e+01,9.642192027338192251e-02,0.000000000000000000e+00,1.158257003165242907e+02
9.002500000000368985e+00,6.058292873603463704e+02,2.102163325695307350e+01,9.636531983613993990e-02,0.000000000000000000e+00,1.158395101952973789e+02
9.005000000000368487e+00,6.058818271349431370e+02,2.099642879278370700e+01,9.630881487821288389e-02,0.000000000000000000e+00,1.158533116813193544e+02
9.007500000000367990e+00,6.059343038994848030e+02,2.097122627621898516e+01,9.625243084205716004e-02,0.000000000000000000e+00,1.158671047868568280e+02
9.010000000000367493e+00,6.059867176588389839e+02,2.094602570469954372e+01,9.619618921483233387e-02,0.000000000000000000e+00,1.158808895262191498e+02
9.012500000000366995e+00,6.060390684178668153e+02,2.092082707565751321e+01,9.614007076017090647e-02,0.000000000000000000e+00,1.158946659111587536e+02
9.015000000000366498e+00,6.060913561814229524e+02,2.089563038651751725e+01,9.608404076234053348e-02,0.000000000000000000e+00,1.159084339512380524e+02
9.017500000000366001e+00,6.061435809543557980e+02,2.087043563469819318e+01,9.602816288399476652e-02,0.000000000000000000e+00,1.159221936554980061e+02
9.020000000000365503e+00,6.061957427415071606e+02,2.084524281761131093e+01,9.597241028369621341e-02,0.000000000000000000e+00,1.159359450415392558e+02
9.022500000000365006e+00,6.062478415477123690e+02,2.082005193266112997e+01,9.591676356787934288e-02,0.000000000000000000e+00,1.159496881187559154e+02
9.025000000000364508e+00,6.062998773778002715e+02,2.079486297724472621e+01,9.586131225395629063e-02,0.000000000000000000e+00,1.159634228897343604e+02
9.027500000000364011e+00,6.063518502365933500e+02,2.076967594875205236e+01,9.580587176418828288e-02,0.000000000000000000e+00,1.159771493813120742e+02
9.030000000000363514e+00,6.064037601289072654e+02,2.074449084456591308e+01,9.575058741656081174e-02,0.000000000000000000e+00,1.159908675909835978e+02
9.032500000000363016e+00,6.064556070595514257e+02,2.071930766206338959e+01,9.569538268369072453e-02,0.000000000000000000e+00,1.160045775248172930e+02
9.035000000000362519e+00,6.065073910333285312e+02,2.069412639861483427e+01,9.564040571164154902e-02,0.000000000000000000e+00,1.160182791948562766e+02
9.037500000000362022e+00,6.065591120550346886e+02,2.066894705158552981e+01,9.558553694314760041e-02,0.000000000000000000e+00,1.160319726253534753e+02
9.040000000000361524e+00,6.066107701294594108e+02,2.064376961833405488e+01,9.553077159675882335e-02,0.000000000000000000e+00,1.160456578177571032e+02
9.042500000000361027e+00,6.066623652613857303e+02,2.061859409621107275e+01,9.547615076005154522e-02,0.000000000000000000e+00,1.160593347888833335e+02
9.045000000000360529e+00,6.067138974555898585e+02,2.059342048256118929e+01,9.542172629922975047e-02,0.000000000000000000e+00,1.160730035515670124e+02
9.047500000000360032e+00,6.067653667168415268e+02,2.056824877472286772e+01,9.536746354173426810e-02,0.000000000000000000e+00,1.160866641185311323e+02
9.050000000000359535e+00,6.068167730499037589e+02,2.054307897003013750e+01,9.531325252691391636e-02,0.000000000000000000e+00,1.161003165141513591e+02
9.052500000000359037e+00,6.068681164595328710e+02,2.051791106581029211e+01,9.525927309778681185e-02,0.000000000000000000e+00,1.161139607340057580e+02
9.055000000000358540e+00,6.069193969504785855e+02,2.049274505938558733e+01,9.520542345750286628e-02,0.000000000000000000e+00,1.161275968062687980e+02
9.057500000000358042e+00,6.069706145274838036e+02,2.046758094807264783e+01,9.515171240199755964e-02,0.000000000000000000e+00,1.161412247387854535e+02
9.060000000000357545e+00,6.070217691952848327e+02,2.044241872918164660e+01,9.509819948416371738e-02,0.000000000000000000e+00,1.161548445517219932e+02
9.062500000000357048e+00,6.070728609586111588e+02,2.041725840001782188e+01,9.504484913342355068e-02,0.000000000000000000e+00,1.161684562542815513e+02
9.065000000000356550e+00,6.071238898221856743e+02,2.039209995788061036e+01,9.499164346779676027e-02,0.000000000000000000e+00,1.161820598677527983e+02
9.067500000000356053e+00,6.071748557907243367e+02,2.036694340006341264e+01,9.493854881829563719e-02,0.000000000000000000e+00,1.161956554049461232e+02
9.070000000000355556e+00,6.072257588689363956e+02,2.034178872385435355e+01,9.488564627877149604e-02,0.000000000000000000e+00,1.162092428749136985e+02
9.072500000000355058e+00,6.072765990615242799e+02,2.031663592653573502e+01,9.483292288502989664e-02,0.000000000000000000e+00,1.162228222988267561e+02
9.075000000000354561e+00,6.073273763731838244e+02,2.029148500538462585e+01,9.478035465975173657e-02,0.000000000000000000e+00,1.162363936899821084e+02
9.077500000000354063e+00,6.073780908086038153e+02,2.026633595767344076e+01,9.472796565035648819e-02,0.000000000000000000e+00,1.162499570640383411e+02
9.080000000000353566e+00,6.074287423724662176e+02,2.024118878066981253e+01,9.467577261126945698e-02,0.000000000000000000e+00,1.162635124367252644e+02
9.082500000000353069e+00,6.074793310694464026e+02,2.021604347163665238e+01,9.462374345615372218e-02,0.000000000000000000e+00,1.162770598319394679e+02
9.085000000000352571e+00,6.075298569042125791e+02,2.019090002783254434e+01,9.457189859675260712e-02,0.000000000000000000e+00,1.162905992608487793e+02
9.087500000000352074e+00,6.075803198814263624e+02,2.016575844651063321e+01,9.452021522385113672e-02,0.000000000000000000e+00,1.163041307390340791e+02
9.090000000000351577e+00,6.076307200057424325e+02,2.014061872491954830e+01,9.446870204150367711e-02,0.000000000000000000e+00,1.163176542856216287e+02
9.092500000000351079e+00,6.076810572818085348e+02,2.011548086030387950e+01,9.441739649420913261e-02,0.000000000000000000e+00,1.163311699137087061e+02
9.095000000000350582e+00,6.077313317142654796e+02,2.009034484990426250e+01,9.436627135289793467e-02,0.000000000000000000e+00,1.163446776467540786e+02
9.097500000000350084e+00,6.077815433077472562e+02,2.006521069095773058e+01,9.431531215878424801e-02,0.000000000000000000e+00,1.163581775048336056e+02
9.100000000000349587e+00,6.078316920668810326e+02,2.004007838069629699e+01,9.426460369910778792e-02,0.000000000000000000e+00,1.163716694988487319e+02
9.102500000000349090e+00,6.078817779962868144e+02,2.001494791634697989e+01,9.421406154670859678e-02,0.000000000000000000e+00,1.163851536516540648e+02
9.105000000000348592e+00,6.079318011005778999e+02,1.998981929513298539e+01,9.416365220876794784e-02,0.000000000000000000e+00,1.163986299843926702e+02
9.107500000000348095e+00,6.079817613843605386e+02,1.996469251427291169e+01,9.411349795505766225e-02,0.000000000000000000e+00,1.164120985062151874e+02
9.110000000000347598e+00,6.080316588522339316e+02,1.993956757098200328e+01,9.406353962618067832e-02,0.000000000000000000e+00,1.164255592392233893e+02
9.112500000000347100e+00,6.080814935087905724e+02,1.991444446247254518e+01,9.401373750262934093e-02,0.000000000000000000e+00,1.164390122088008894e+02
9.115000000000346603e+00,6.081312653586157921e+02,1.988932318595301396e+01,9.396409819324717805e-02,0.000000000000000000e+00,1.164524574238308929e+02
9.117500000000346105e+00,6.081809744062878735e+02,1.986420373862736710e+01,9.391469087670109572e-02,0.000000000000000000e+00,1.164658949001259600e+02
9.120000000000345608e+00,6.082306206563782780e+02,1.983908611769675545e+01,9.386548656396978552e-02,0.000000000000000000e+00,1.164793246552068382e+02
9.122500000000345111e+00,6.082802041134514184e+02,1.981397032035825490e+01,9.381648934544750684e-02,0.000000000000000000e+00,1.164927467174732953e+02
9.125000000000344613e+00,6.083297247820647726e+02,1.978885634380513636e+01,9.376770565462734519e-02,0.000000000000000000e+00,1.165061611042664538e+02
9.127500000000344116e+00,6.083791826667685427e+02,1.976374418522796361e+01,9.371906026742252149e-02,0.000000000000000000e+00,1.165195678366221017e+02
9.130000000000343618e+00,6.084285777721062232e+02,1.973863384181423442e+01,9.367061656925929070e-02,0.000000000000000000e+00,1.165329669250934330e+02
9.132500000000343121e+00,6.084779101026140324e+02,1.971352531074910530e+01,9.362244741690078920e-02,0.000000000000000000e+00,1.165463583883797014e+02
9.135000000000342624e+00,6.085271796628212542e+02,1.968841858921423338e+01,9.357449353339447606e-02,0.000000000000000000e+00,1.165597422558724361e+02
9.137500000000342126e+00,6.085763864572501234e+02,1.966331367438873201e+01,9.352671359175029897e-02,0.000000000000000000e+00,1.165731185474849525e+02
9.140000000000341629e+00,6.086255304904158265e+02,1.963821056344861304e+01,9.347917168948884081e-02,0.000000000000000000e+00,1.165864872770547294e+02
9.142500000000341132e+00,6.086746117668265015e+02,1.961310925356676549e+01,9.343183080279175712e-02,0.000000000000000000e+00,1.165998484677074174e+02
9.145000000000340634e+00,6.087236302909831238e+02,1.958800974191440147e+01,9.338469488137952912e-02,0.000000000000000000e+00,1.166132021403155505e+02
9.147500000000340137e+00,6.087725860673797342e+02,1.956291202565935450e+01,9.333781719961030399e-02,0.000000000000000000e+00,1.166265483146296873e+02
9.150000000000339639e+00,6.088214791005032112e+02,1.953781610196703866e+01,9.329114191396171984e-02,0.000000000000000000e+00,1.166398870145140734e+02
9.152500000000339142e+00,6.088703093948332707e+02,1.951272196800122316e+01,9.324460262092655605e-02,0.000000000000000000e+00,1.166532182567328135e+02
9.155000000000338645e+00,6.089190769548426942e+02,1.948762962092348516e+01,9.319826143231232929e-02,0.000000000000000000e+00,1.166665420524705326e+02
9.157500000000338147e+00,6.089677817849971007e+02,1.946253905789293626e+01,9.315221988001855247e-02,0.000000000000000000e+00,1.166798584263429888e+02
9.160000000000337650e+00,6.090164238897549467e+02,1.943745027606716036e+01,9.310638275636999583e-02,0.000000000000000000e+00,1.166931673997912924e+02
9.162500000000337153e+00,6.090650032735676405e+02,1.941236327260100225e+01,9.306077576695763465e-02,0.000000000000000000e+00,1.167064690016759414e+02
9.165000000000336655e+00,6.091135199408794278e+02,1.938727804464746640e+01,9.301538177273797892e-02,0.000000000000000000e+00,1.167197632474795341e+02
9.167500000000336158e+00,6.091619738961275061e+02,1.936219458935837068e+01,9.297026708957713270e-02,0.000000000000000000e+00,1.167330501604647992e+02
9.170000000000335660e+00,6.092103651437419103e+02,1.933711290388376725e+01,9.292537691565887215e-02,0.000000000000000000e+00,1.167463297613287665e+02
9.172500000000335163e+00,6.092586936881456268e+02,1.931203298537118229e+01,9.288070759768236873e-02,0.000000000000000000e+00,1.167596020779230486e+02
9.175000000000334666e+00,6.093069595337543660e+02,1.928695483096647578e+01,9.283623325424922301e-02,0.000000000000000000e+00,1.167728671296548555e+02
9.177500000000334168e+00,6.093551626849769036e+02,1.926187843781504228e+01,9.279197964747018523e-02,0.000000000000000000e+00,1.167861249379912465e+02
9.180000000000333671e+00,6.094033031462146255e+02,1.923680380306096183e+01,9.274795171241127789e-02,0.000000000000000000e+00,1.167993755137362797e+02
9.182500000000333173e+00,6.094513809218619826e+02,1.921173092384692183e+01,9.270417473547280796e-02,0.000000000000000000e+00,1.168126188851193490e+02
9.185000000000332676e+00,6.094993960163061502e+02,1.918665979731390081e+01,9.266063123574315441e-02,0.000000000000000000e+00,1.168258550748067250e+02
9.187500000000332179e+00,6.095473484339271408e+02,1.916159042060117557e+01,9.261727564177393845e-02,0.000000000000000000e+00,1.168390841032945957e+02
9.190000000000331681e+00,6.095952381790980326e+02,1.913652279084809749e+01,9.257419843417558081e-02,0.000000000000000000e+00,1.168523059891151945e+02
9.192500000000331184e+00,6.096430652561845136e+02,1.911145690519369467e+01,9.253137066822314516e-02,0.000000000000000000e+00,1.168655207615439764e+02
9.195000000000330687e+00,6.096908296695452236e+02,1.908639276077592939e+01,9.248876692803688349e-02,0.000000000000000000e+00,1.168787284402694979e+02
9.197500000000330189e+00,6.097385314235316400e+02,1.906133035473174786e+01,9.244639952805558392e-02,0.000000000000000000e+00,1.168919290448084496e+02
9.200000000000329692e+00,6.097861705224880779e+02,1.903626968419715126e+01,9.240425165248725148e-02,0.000000000000000000e+00,1.169051225989454252e+02
9.202500000000329194e+00,6.098337469707516902e+02,1.901121074630786012e+01,9.236232755177589682e-02,0.000000000000000000e+00,1.169183091245503334e+02
9.205000000000328697e+00,6.098812607726524675e+02,1.898615353819903007e+01,9.232066313295934912e-02,0.000000000000000000e+00,1.169314886406428826e+02
9.207500000000328200e+00,6.099287119325131243e+02,1.896109805700554318e+01,9.227926229067892616e-02,0.000000000000000000e+00,1.169446611690827496e+02
9.210000000000327702e+00,6.099761004546494405e+02,1.893604429986212523e+01,9.223804206725319532e-02,0.000000000000000000e+00,1.169578267385809909e+02
9.212500000000327205e+00,6.100234263433699198e+02,1.891099226390265642e+01,9.219709272229240082e-02,0.000000000000000000e+00,1.169709853648744797e+02
9.215000000000326708e+00,6.100706896029759037e+02,1.888594194626097433e+01,9.215639863531305265e-02,0.000000000000000000e+00,1.169841370690572404e+02
9.217500000000326210e+00,6.101178902377614577e+02,1.886089334407128604e+01,9.211592209168009693e-02,0.000000000000000000e+00,1.169972818827717163e+02
9.220000000000325713e+00,6.101650282520137125e+02,1.883584645446842742e+01,9.207569709293866866e-02,0.000000000000000000e+00,1.170104198207161375e+02
9.222500000000325215e+00,6.102121036500124092e+02,1.881080127458706741e+01,9.203574163198011138e-02,0.000000000000000000e+00,1.170235509024970924e+02
9.225000000000324718e+00,6.102591164360302400e+02,1.878575780156137043e+01,9.199600730257612158e-02,0.000000000000000000e+00,1.170366751617469845e+02
9.227500000000324221e+00,6.103060666143328490e+02,1.876071603252557907e+01,9.195648032330225319e-02,0.000000000000000000e+00,1.170497926109398605e+02
9.230000000000323723e+00,6.103529541891784902e+02,1.873567596461444751e+01,9.191721782673945018e-02,0.000000000000000000e+00,1.170629032693024527e+02
9.232500000000323226e+00,6.103997791648182556e+02,1.871063759496292889e+01,9.187820348015228455e-02,0.000000000000000000e+00,1.170760071683664592e+02
9.235000000000322729e+00,6.104465415454963022e+02,1.868560092070671885e+01,9.183950793556611147e-02,0.000000000000000000e+00,1.170891043201297066e+02
9.237500000000322231e+00,6.104932413354495111e+02,1.866056593898293059e+01,9.180104906272314180e-02,0.000000000000000000e+00,1.171021947629922835e+02
9.240000000000321734e+00,6.105398785389074874e+02,1.863553264692912137e+01,9.176275654833353224e-02,0.000000000000000000e+00,1.171152785168987833e+02
9.242500000000321236e+00,6.105864531600927876e+02,1.861050104168321795e+01,9.172472632267709980e-02,0.000000000000000000e+00,1.171283555935817589e+02
9.245000000000320739e+00,6.106329652032209196e+02,1.858547112038382565e+01,9.168697404421798092e-02,0.000000000000000000e+00,1.171414260204850422e+02
9.247500000000320242e+00,6.106794146725000019e+02,1.856044288017168498e+01,9.164942344331314383e-02,0.000000000000000000e+00,1.171544898200648674e+02
9.250000000000319744e+00,6.107258015721312177e+02,1.853541631818832158e+01,9.161213537143930719e-02,0.000000000000000000e+00,1.171675470111101447e+02
9.252500000000319247e+00,6.107721259063084744e+02,1.851039143157575495e+01,9.157510602517417164e-02,0.000000000000000000e+00,1.171805976167351275e+02
9.255000000000318749e+00,6.108183876792186311e+02,1.848536821747637759e+01,9.153830150069816596e-02,0.000000000000000000e+00,1.171936416612383880e+02
9.257500000000318252e+00,6.108645868950412705e+02,1.846034667303377930e+01,9.150179132571374663e-02,0.000000000000000000e+00,1.172066791617052104e+02
9.260000000000317755e+00,6.109107235579489270e+02,1.843532679539388752e+01,9.146548981416451063e-02,0.000000000000000000e+00,1.172197101486261630e+02
9.262500000000317257e+00,6.109567976721069726e+02,1.841030858170377371e+01,9.142943391112781648e-02,0.000000000000000000e+00,1.172327346379278339e+02
9.265000000000316760e+00,6.110028092416737309e+02,1.838529202911195526e+01,9.139365969703282244e-02,0.000000000000000000e+00,1.172457526519750672e+02
9.267500000000316263e+00,6.110487582708003629e+02,1.836027713476895684e+01,9.135817512334644397e-02,0.000000000000000000e+00,1.172587642219420587e+02
9.270000000000315765e+00,6.110946447636307539e+02,1.833526389582634408e+01,9.132292351963537669e-02,0.000000000000000000e+00,1.172717693684898279e+02
9.272500000000315268e+00,6.111404687243018543e+02,1.831025230943777515e+01,9.128786616762191164e-02,0.000000000000000000e+00,1.172847681130296422e+02
9.275000000000314770e+00,6.111862301569434521e+02,1.828524237275844300e+01,9.125313334492518580e-02,0.000000000000000000e+00,1.172977604724933656e+02
9.277500000000314273e+00,6.112319290656781732e+02,1.826023408294544836e+01,9.121860151457104882e-02,0.000000000000000000e+00,1.173107464746749855e+02
9.280000000000313776e+00,6.112775654546215947e+02,1.823522743715682992e+01,9.118429951287812529e-02,0.000000000000000000e+00,1.173237261423516600e+02
9.282500000000313278e+00,6.113231393278822452e+02,1.821022243255297468e+01,9.115029679390602990e-02,0.000000000000000000e+00,1.173366994879870333e+02
9.285000000000312781e+00,6.113686506895613775e+02,1.818521906629687734e+01,9.111656326665841521e-02,0.000000000000000000e+00,1.173496665421972835e+02
9.287500000000312284e+00,6.114140995437531956e+02,1.816021733555398399e+01,9.108302152654088046e-02,0.000000000000000000e+00,1.173626273292852034e+02
9.290000000000311786e+00,6.114594858945449687e+02,1.813521723749151349e+01,9.104979899926407549e-02,0.000000000000000000e+00,1.173755818683278989e+02
9.292500000000311289e+00,6.115048097460168037e+02,1.811021876927876306e+01,9.101678407366690926e-02,0.000000000000000000e+00,1.173885301812089921e+02
9.295000000000310791e+00,6.115500711022416453e+02,1.808522192808739959e+01,9.098407601128871702e-02,0.000000000000000000e+00,1.174014722911560540e+02
9.297500000000310294e+00,6.115952699672855033e+02,1.806022671109117539e+01,9.095154634043016439e-02,0.000000000000000000e+00,1.174144082252182244e+02
9.300000000000309797e+00,6.116404063452072251e+02,1.803523311546605967e+01,9.091926305654933482e-02,0.000000000000000000e+00,1.174273379950238194e+02
9.302500000000309299e+00,6.116854802400587232e+02,1.801024113839066487e+01,9.088728497992623612e-02,0.000000000000000000e+00,1.174402616200188163e+02
9.305000000000308802e+00,6.117304916558846344e+02,1.798525077704645625e+01,9.085560321882907298e-02,0.000000000000000000e+00,1.174531791360555246e+02
9.307500000000308304e+00,6.117754405967227740e+02,1.796026202861731491e+01,9.082409034401665859e-02,0.000000000000000000e+00,1.174660905629324077e+02
9.310000000000307807e+00,6.118203270666037952e+02,1.793527489028984334e+01,9.079282880698108515e-02,0.000000000000000000e+00,1.174789959157132841e+02
9.312500000000307310e+00,6.118651510695514162e+02,1.791028935925338672e+01,9.076190775918357989e-02,0.000000000000000000e+00,1.174918952160578272e+02
9.315000000000306812e+00,6.119099126095823067e+02,1.788530543270004713e+01,9.073118078811785725e-02,0.000000000000000000e+00,1.175047884951028720e+02
9.317500000000306315e+00,6.119546116907059741e+02,1.786032310782425014e+01,9.070066218563845040e-02,0.000000000000000000e+00,1.175176757684134259e+02
9.320000000000305818e+00,6.119992483169251045e+02,1.783534238182318887e+01,9.067039411342846245e-02,0.000000000000000000e+00,1.175305570514727265e+02
9.322500000000305320e+00,6.120438224922352219e+02,1.781036325189707270e+01,9.064045250007854437e-02,0.000000000000000000e+00,1.175434323637282290e+02
9.325000000000304823e+00,6.120883342206249154e+02,1.778538571524962819e+01,9.061073715967048192e-02,0.000000000000000000e+00,1.175563017376023538e+02
9.327500000000304325e+00,6.121327835060758389e+02,1.776040976908705105e+01,9.058125168292942286e-02,0.000000000000000000e+00,1.175691651948831122e+02
9.330000000000303828e+00,6.121771703525625981e+02,1.773543541061825479e+01,9.055204052181795027e-02,0.000000000000000000e+00,1.175820227513414125e+02
9.332500000000303331e+00,6.122214947640528635e+02,1.771046263705598278e+01,9.052303522342375341e-02,0.000000000000000000e+00,1.175948744252882960e+02
9.335000000000302833e+00,6.122657567445073710e+02,1.768549144561684372e+01,9.049431960900911065e-02,0.000000000000000000e+00,1.176077202425321531e+02
9.337500000000302336e+00,6.123099562978798076e+02,1.766052183352077165e+01,9.046590234197610103e-02,0.000000000000000000e+00,1.176205602246380408e+02
9.340000000000301839e+00,6.123540934281169257e+02,1.763555379799068845e+01,9.043771438933327633e-02,0.000000000000000000e+00,1.176333943942600797e+02
9.342500000000301341e+00,6.123981681391586562e+02,1.761058733625236528e+01,9.040976264713224131e-02,0.000000000000000000e+00,1.176462227748638156e+02
9.345000000000300844e+00,6.124421804349377680e+02,1.758562244553499809e+01,9.038207770563429222e-02,0.000000000000000000e+00,1.176590453859366221e+02
9.347500000000300346e+00,6.124861303193803224e+02,1.756065912307154875e+01,9.035463438373547707e-02,0.000000000000000000e+00,1.176718622472940154e+02
9.350000000000299849e+00,6.125300177964054456e+02,1.753569736609865615e+01,9.032743116988385668e-02,0.000000000000000000e+00,1.176846733789657264e+02
9.352500000000299352e+00,6.125738428699252154e+02,1.751073717185608203e+01,9.030047473975279237e-02,0.000000000000000000e+00,1.176974788027587806e+02
9.355000000000298854e+00,6.126176055438448884e+02,1.748577853758721545e+01,9.027378865421492593e-02,0.000000000000000000e+00,1.177102785391475663e+02
9.357500000000298357e+00,6.126613058220629000e+02,1.746082146053907636e+01,9.024736191408501418e-02,0.000000000000000000e+00,1.177230726101356453e+02
9.360000000000297860e+00,6.127049437084707506e+02,1.743586593796246831e+01,9.022116850180866843e-02,0.000000000000000000e+00,1.177358610356555459e+02
9.362500000000297362e+00,6.127485192069530058e+02,1.741091196711261446e+01,9.019524812712285955e-02,0.000000000000000000e+00,1.177486438373409214e+02
9.365000000000296865e+00,6.127920323213874099e+02,1.738595954524828358e+01,9.016959846648382737e-02,0.000000000000000000e+00,1.177614210341058794e+02
9.367500000000296367e+00,6.128354830556448860e+02,1.736100866963208489e+01,9.014421766408199643e-02,0.000000000000000000e+00,1.177741926590941262e+02
9.370000000000295870e+00,6.128788714135895361e+02,1.733605933753098682e+01,9.011906458120913510e-02,0.000000000000000000e+00,1.177869587269797478e+02
9.372500000000295373e+00,6.129221973990785273e+02,1.731111154621574499e+01,9.009414402845802861e-02,0.000000000000000000e+00,1.177997192558522954e+02
9.375000000000294875e+00,6.129654610159623189e+02,1.728616529296103010e+01,9.006943686383697689e-02,0.000000000000000000e+00,1.178124742681447401e+02
9.377500000000294378e+00,6.130086622680845494e+02,1.726122057504567664e+01,9.004503443699861387e-02,0.000000000000000000e+00,1.178252237732081227e+02
9.380000000000293880e+00,6.130518011592820358e+02,1.723627738975218548e+01,9.002088369825850256e-02,0.000000000000000000e+00,1.178379678019398966e+02
9.382500000000293383e+00,6.130948776933847739e+02,1.721133573436770803e+01,8.999693184146116687e-02,0.000000000000000000e+00,1.178507063758277695e+02
9.385000000000292886e+00,6.131378918742159385e+02,1.718639560618372997e+01,8.997323063513490427e-02,0.000000000000000000e+00,1.178634395096202070e+02
9.387500000000292388e+00,6.131808437055921104e+02,1.716145700249567696e+01,8.994978722400069626e-02,0.000000000000000000e+00,1.178761672210159617e+02
9.390000000000291891e+00,6.132237331913229355e+02,1.713651992060354701e+01,8.992665751784456596e-02,0.000000000000000000e+00,1.178888895328817910e+02
9.392500000000291394e+00,6.132665603352113521e+02,1.711158435781200993e+01,8.990372265445664701e-02,0.000000000000000000e+00,1.179016064676604429e+02
9.395000000000290896e+00,6.133093251410535913e+02,1.708665031142962931e+01,8.988105864714855675e-02,0.000000000000000000e+00,1.179143180471085657e+02
9.397500000000290399e+00,6.133520276126391764e+02,1.706171777876932083e+01,8.985857840752771442e-02,0.000000000000000000e+00,1.179270242861382769e+02
9.400000000000289901e+00,6.133946677537508094e+02,1.703678675714850499e+01,8.983638752593280097e-02,0.000000000000000000e+00,1.179397252038616699e+02
9.402500000000289404e+00,6.134372455681645988e+02,1.701185724388900056e+01,8.981443611878474342e-02,0.000000000000000000e+00,1.179524208221721011e+02
9.405000000000288907e+00,6.134797610596500590e+02,1.698692923631737628e+01,8.979269363180297781e-02,0.000000000000000000e+00,1.179651111585854864e+02
9.407500000000288409e+00,6.135222142319697696e+02,1.696200273176480877e+01,8.977121492818576631e-02,0.000000000000000000e+00,1.179777962251917529e+02
9.410000000000287912e+00,6.135646050888798300e+02,1.693707772756695817e+01,8.974999400919500547e-02,0.000000000000000000e+00,1.179904760491528890e+02
9.412500000000287415e+00,6.136069336341295184e+02,1.691215422106418487e+01,8.972902787026741656e-02,0.000000000000000000e+00,1.180031506471351435e+02
9.415000000000286917e+00,6.136491998714616329e+02,1.688723220960108407e+01,8.970829455276965736e-02,0.000000000000000000e+00,1.180158200412239040e+02
9.417500000000286420e+00,6.136914038046122641e+02,1.686231169052701162e+01,8.968777449352056952e-02,0.000000000000000000e+00,1.180284842507728342e+02
9.420000000000285922e+00,6.137335454373109087e+02,1.683739266119669509e+01,8.966752026713081802e-02,0.000000000000000000e+00,1.180411432898523003e+02
9.422500000000285425e+00,6.137756247732803558e+02,1.681247511896899383e+01,8.964748179305485898e-02,0.000000000000000000e+00,1.180537971786416165e+02
9.425000000000284928e+00,6.138176418162369146e+02,1.678755906120731822e+01,8.962769731292069553e-02,0.000000000000000000e+00,1.180664459346477742e+02
9.427500000000284430e+00,6.138595965698903001e+02,1.676264448528005957e+01,8.960819500678521288e-02,0.000000000000000000e+00,1.180790895761705031e+02
9.430000000000283933e+00,6.139014890379435201e+02,1.673773138856072507e+01,8.958886333716005457e-02,0.000000000000000000e+00,1.180917281246670854e+02
9.432500000000283435e+00,6.139433192240932158e+02,1.671281976842734807e+01,8.956980460686986278e-02,0.000000000000000000e+00,1.181043615902474073e+02
9.435000000000282938e+00,6.139850871320292072e+02,1.668790962226347574e+01,8.955099849227654563e-02,0.000000000000000000e+00,1.181169899980099274e+02
9.437500000000282441e+00,6.140267927654350615e+02,1.666300094745817262e+01,8.953238911771320419e-02,0.000000000000000000e+00,1.181296133691089665e+02
9.440000000000281943e+00,6.140684361279876384e+02,1.663809374140511821e+01,8.951402724308114844e-02,0.000000000000000000e+00,1.181422317125129666e+02
9.442500000000281446e+00,6.141100172233574312e+02,1.661318800150267094e+01,8.949591349471347490e-02,0.000000000000000000e+00,1.181548450499057026e+02
9.445000000000280949e+00,6.141515360552082257e+02,1.658828372515399252e+01,8.947804690778167480e-02,0.000000000000000000e+00,1.181674533999837138e+02
9.447500000000280451e+00,6.141929926271974409e+02,1.656338090976732857e+01,8.946047098077410109e-02,0.000000000000000000e+00,1.181800567804928193e+02
9.450000000000279954e+00,6.142343869429761298e+02,1.653847955275599446e+01,8.944307702790167680e-02,0.000000000000000000e+00,1.181926552173830345e+02
9.452500000000279456e+00,6.142757190061886376e+02,1.651357965153873764e+01,8.942592688888496844e-02,0.000000000000000000e+00,1.182052487206005793e+02
9.455000000000278959e+00,6.143169888204730569e+02,1.648868120353979805e+01,8.940902947643945831e-02,0.000000000000000000e+00,1.182178373105253115e+02
9.457500000000278462e+00,6.143581963894609999e+02,1.646378420618863458e+01,8.939231377843345761e-02,0.000000000000000000e+00,1.182304210038891625e+02
9.460000000000277964e+00,6.143993417167775988e+02,1.643888865691928558e+01,8.937582411496840240e-02,0.000000000000000000e+00,1.182429998134749951e+02
9.462500000000277467e+00,6.144404248060415057e+02,1.641399455317150924e+01,8.935960176184643000e-02,0.000000000000000000e+00,1.182555737543203662e+02
9.465000000000276970e+00,6.144814456608652335e+02,1.638910189239060600e+01,8.934356685977756785e-02,0.000000000000000000e+00,1.182681428486081785e+02
9.467500000000276472e+00,6.145224042848547015e+02,1.636421067202716984e+01,8.932777766465779812e-02,0.000000000000000000e+00,1.182807071064787010e+02
9.470000000000275975e+00,6.145633006816094621e+02,1.633932088953676143e+01,8.931226368068706511e-02,0.000000000000000000e+00,1.182932665512713726e+02
9.472500000000275477e+00,6.146041348547228154e+02,1.631443254238022078e+01,8.929692382687520746e-02,0.000000000000000000e+00,1.183058212020251290e+02
9.475000000000274980e+00,6.146449068077815809e+02,1.628954562802378803e+01,8.928187439260915070e-02,0.000000000000000000e+00,1.183183710641549879e+02
9.477500000000274483e+00,6.146856165443663258e+02,1.626466014393921355e+01,8.926702953937434848e-02,0.000000000000000000e+00,1.183309161655677002e+02
9.480000000000273985e+00,6.147262640680513641e+02,1.623977608760371893e+01,8.925244537291034119e-02,0.000000000000000000e+00,1.183434565206149074e+02
9.482500000000273488e+00,6.147668493824046436e+02,1.621489345650002534e+01,8.923804350992610435e-02,0.000000000000000000e+00,1.183559921483992099e+02
9.485000000000272991e+00,6.148073724909877456e+02,1.619001224811583839e+01,8.922384815105878497e-02,0.000000000000000000e+00,1.183685230563105222e+02
9.487500000000272493e+00,6.148478333973561121e+02,1.616513245994428161e+01,8.920985024601817137e-02,0.000000000000000000e+00,1.183810492636075935e+02
9.490000000000271996e+00,6.148882321050588189e+02,1.614025408948453588e+01,8.919616628662065116e-02,0.000000000000000000e+00,1.183935707774800932e+02
9.492500000000271498e+00,6.149285686176388026e+02,1.611537713424113960e+01,8.918269249183990999e-02,0.000000000000000000e+00,1.184060876297091056e+02
9.495000000000271001e+00,6.149688429386325197e+02,1.609050159172415562e+01,8.916942358982089811e-02,0.000000000000000000e+00,1.184185998301445579e+02
9.497500000000270504e+00,6.150090550715705149e+02,1.606562745944927428e+01,8.915636879859956121e-02,0.000000000000000000e+00,1.184311073938956014e+02
9.500000000000270006e+00,6.150492050199769665e+02,1.604075473493757187e+01,8.914355643593056822e-02,0.000000000000000000e+00,1.184436103358555670e+02
9.502500000000269509e+00,6.150892927873699136e+02,1.601588341571544305e+01,8.913095061564615951e-02,0.000000000000000000e+00,1.184561086697773504e+02
9.505000000000269011e+00,6.151293183772611428e+02,1.599101349931579463e+01,8.911859080506245867e-02,0.000000000000000000e+00,1.184686024153791521e+02
9.507500000000268514e+00,6.151692817931563013e+02,1.596614498327728349e+01,8.910645749228734980e-02,0.000000000000000000e+00,1.184810915868811634e+02
9.510000000000268017e+00,6.152091830385548974e+02,1.594127786514370726e+01,8.909455629216110617e-02,0.000000000000000000e+00,1.184935762032028919e+02
9.512500000000267519e+00,6.152490221169503002e+02,1.591641214246409497e+01,8.908285644386708391e-02,0.000000000000000000e+00,1.185060562786009513e+02
9.515000000000267022e+00,6.152887990318297398e+02,1.589154781279320439e+01,8.907138243757471707e-02,0.000000000000000000e+00,1.185185318235614034e+02
9.517500000000266525e+00,6.153285137866743071e+02,1.586668487369148650e+01,8.906014340805902540e-02,0.000000000000000000e+00,1.185310028568446370e+02
9.520000000000266027e+00,6.153681663849591814e+02,1.584182332272497185e+01,8.904913717214643643e-02,0.000000000000000000e+00,1.185434693939501756e+02
9.522500000000265530e+00,6.154077568301531755e+02,1.581696315746547477e+01,8.903823133214125440e-02,0.000000000000000000e+00,1.185559314468614929e+02
9.525000000000265032e+00,6.154472851257193042e+02,1.579210437549029145e+01,8.902762766267385830e-02,0.000000000000000000e+00,1.185683890219407033e+02
9.527500000000264535e+00,6.154867512751143295e+02,1.576724697438256761e+01,8.901718284200049736e-02,0.000000000000000000e+00,1.185808421421244532e+02
9.530000000000264038e+00,6.155261552817891015e+02,1.574239095173113512e+01,8.900697122567115260e-02,0.000000000000000000e+00,1.185932908143204543e+02
9.532500000000263540e+00,6.155654971491883316e+02,1.571753630513123667e+01,8.899704196814380019e-02,0.000000000000000000e+00,1.186057350516242792e+02
9.535000000000263043e+00,6.156047768807508191e+02,1.569268303218387040e+01,8.898724906655125499e-02,0.000000000000000000e+00,1.186181748819314805e+02
9.537500000000262546e+00,6.156439944799093382e+02,1.566783113049568676e+01,8.897770779003050245e-02,0.000000000000000000e+00,1.186306103050394682e+02
9.540000000000262048e+00,6.156831499500907512e+02,1.564298059767902949e+01,8.896834677388817947e-02,0.000000000000000000e+00,1.186430413403135447e+02
9.542500000000261551e+00,6.157222432947157813e+02,1.561813143135181292e+01,8.895918994403315128e-02,0.000000000000000000e+00,1.186554680001155333e+02
9.545000000000261053e+00,6.157612745171993538e+02,1.559328362913790933e+01,8.895027872862788787e-02,0.000000000000000000e+00,1.186678902971439555e+02
9.547500000000260556e+00,6.158002436209503685e+02,1.556843718866706006e+01,8.894154298002934778e-02,0.000000000000000000e+00,1.186803082472110020e+02
9.550000000000260059e+00,6.158391506093719272e+02,1.554359210757462151e+01,8.893303727321202889e-02,0.000000000000000000e+00,1.186927218623917639e+02
9.552500000000259561e+00,6.158779954858609926e+02,1.551874838350171615e+01,8.892472837242716699e-02,0.000000000000000000e+00,1.187051311520684322e+02
9.555000000000259064e+00,6.159167782538088431e+02,1.549390601409548651e+01,8.891660964086114949e-02,0.000000000000000000e+00,1.187175361330733807e+02
9.557500000000258567e+00,6.159554989166008454e+02,1.546906499700929061e+01,8.890874040231012965e-02,0.000000000000000000e+00,1.187299368164283635e+02
9.560000000000258069e+00,6.159941574776164543e+02,1.544422532990249231e+01,8.890103069238146360e-02,0.000000000000000000e+00,1.187423332186307476e+02
9.562500000000257572e+00,6.160327539402293269e+02,1.541938701044004034e+01,8.889353128848298535e-02,0.000000000000000000e+00,1.187547253458596401e+02
9.565000000000257074e+00,6.160712883078072082e+02,1.539455003629248431e+01,8.888624231799631403e-02,0.000000000000000000e+00,1.187671132144549802e+02
9.567500000000256577e+00,6.161097605837120454e+02,1.536971440513657328e+01,8.887915698375811746e-02,0.000000000000000000e+00,1.187794968340184596e+02
9.570000000000256080e+00,6.161481707713001015e+02,1.534488011465537660e+01,8.887229258759973827e-02,0.000000000000000000e+00,1.187918762198531937e+02
9.572500000000255582e+00,6.161865188739216137e+02,1.532004716253788068e+01,8.886561945265460116e-02,0.000000000000000000e+00,1.188042513837158936e+02
9.575000000000255085e+00,6.162248048949212489e+02,1.529521554647883796e+01,8.885919417268577092e-02,0.000000000000000000e+00,1.188166223384751561e+02
9.577500000000254587e+00,6.162630288376378758e+02,1.527038526417888420e+01,8.885294526630865830e-02,0.000000000000000000e+00,1.188289891026700644e+02
9.580000000000254090e+00,6.163011907054045651e+02,1.524555631334438388e+01,8.884688458469153227e-02,0.000000000000000000e+00,1.188413516841661703e+02
9.582500000000253593e+00,6.163392905015485894e+02,1.522072869168784592e+01,8.884102266054377806e-02,0.000000000000000000e+00,1.188537100917948095e+02
9.585000000000253095e+00,6.163773282293917646e+02,1.519590239692741562e+01,8.883536933603024266e-02,0.000000000000000000e+00,1.188660643406432769e+02
9.587500000000252598e+00,6.164153038922498808e+02,1.517107742678736848e+01,8.882988650288893562e-02,0.000000000000000000e+00,1.188784144434600876e+02
9.590000000000252101e+00,6.164532174934332716e+02,1.514625377899796987e+01,8.882460311128054231e-02,0.000000000000000000e+00,1.188907604034174170e+02
9.592500000000251603e+00,6.164910690362465857e+02,1.512143145129544486e+01,8.881951005349433825e-02,0.000000000000000000e+00,1.189031022327685037e+02
9.595000000000251106e+00,6.165288585239886743e+02,1.509661044142185204e+01,8.881463620191348829e-02,0.000000000000000000e+00,1.189154399481178928e+02
9.597500000000250608e+00,6.165665859599529313e+02,1.507179074712540334e+01,8.880995680051843866e-02,0.000000000000000000e+00,1.189277735572064643e+02
9.600000000000250111e+00,6.166042513474269526e+02,1.504697236615978007e+01,8.880545322631670790e-02,0.000000000000000000e+00,1.189401030757494766e+02
9.602500000000249614e+00,6.166418546896927637e+02,1.502215529628500690e+01,8.880112310570020817e-02,0.000000000000000000e+00,1.189524285100488754e+02
9.605000000000249116e+00,6.166793959900268192e+02,1.499733953526696695e+01,8.879702320314264430e-02,0.000000000000000000e+00,1.189647498667944916e+02
9.607500000000248619e+00,6.167168752517000030e+02,1.497252508087777478e+01,8.879304778619269423e-02,0.000000000000000000e+00,1.189770671628002674e+02
9.610000000000248122e+00,6.167542924779777422e+02,1.494771193089562189e+01,8.878926781057328022e-02,0.000000000000000000e+00,1.189893804001026609e+02
9.612500000000247624e+00,6.167916476721196659e+02,1.492290008310449245e+01,8.878572665992720547e-02,0.000000000000000000e+00,1.190016895910508339e+02
9.615000000000247127e+00,6.168289408373800597e+02,1.489808953529448488e+01,8.878232436828009666e-02,0.000000000000000000e+00,1.190139947500493633e+02
9.617500000000246629e+00,6.168661719770076388e+02,1.487328028526154888e+01,8.877909656154181484e-02,0.000000000000000000e+00,1.190262958831065134e+02
9.620000000000246132e+00,6.169033410942455475e+02,1.484847233080771112e+01,8.877612700949048807e-02,0.000000000000000000e+00,1.190385930007966522e+02
9.622500000000245635e+00,6.169404481923314734e+02,1.482366566974110000e+01,8.877327888678593348e-02,0.000000000000000000e+00,1.190508861177554536e+02
9.625000000000245137e+00,6.169774932744976468e+02,1.479886029987560292e+01,8.877062479326389144e-02,0.000000000000000000e+00,1.190631752351809638e+02
9.627500000000244640e+00,6.170144763439708413e+02,1.477405621903139910e+01,8.876818130081019775e-02,0.000000000000000000e+00,1.190754603677478798e+02
9.630000000000244142e+00,6.170513974039723735e+02,1.474925342503467185e+01,8.876593710403445081e-02,0.000000000000000000e+00,1.190877415255995260e+02
9.632500000000243645e+00,6.170882564577182166e+02,1.472445191571740430e+01,8.876387261060431078e-02,0.000000000000000000e+00,1.191000187210402146e+02
9.635000000000243148e+00,6.171250535084187732e+02,1.469965168891760676e+01,8.876198305249650977e-02,0.000000000000000000e+00,1.191122919626229617e+02
9.637500000000242650e+00,6.171617885592791026e+02,1.467485274247937177e+01,8.876023618158072892e-02,0.000000000000000000e+00,1.191245612581813162e+02
9.640000000000242153e+00,6.171984616134989210e+02,1.465005507425235365e+01,8.875864748679343497e-02,0.000000000000000000e+00,1.191368266145239119e+02
9.642500000000241656e+00,6.172350726742724873e+02,1.462525868209209001e+01,8.875731248035735599e-02,0.000000000000000000e+00,1.191490880347680417e+02
9.645000000000241158e+00,6.172716217447887175e+02,1.460046356386034994e+01,8.875613205203659872e-02,0.000000000000000000e+00,1.191613455399959349e+02
9.647500000000240661e+00,6.173081088282312976e+02,1.457566971742507889e+01,8.875511166221346226e-02,0.000000000000000000e+00,1.191735991318758749e+02
9.650000000000240163e+00,6.173445339277785706e+02,1.455087714066001148e+01,8.875426474094652574e-02,0.000000000000000000e+00,1.191858488185675640e+02
9.652500000000239666e+00,6.173808970466034225e+02,1.452608583144472476e+01,8.875358282553111322e-02,0.000000000000000000e+00,1.191980946100407834e+02
9.655000000000239169e+00,6.174171981878735096e+02,1.450129578766484784e+01,8.875309258768566967e-02,0.000000000000000000e+00,1.192103365096711372e+02
9.657500000000238671e+00,6.174534373547512587e+02,1.447650700721191441e+01,8.875271996206904324e-02,0.000000000000000000e+00,1.192225745293626744e+02
9.660000000000238174e+00,6.174896145503937532e+02,1.445171948798360972e+01,8.875254212089490891e-02,0.000000000000000000e+00,1.192348086728194119e+02
9.662500000000237677e+00,6.175257297779529608e+02,1.442693322788342236e+01,8.875253972430077742e-02,0.000000000000000000e+00,1.192470389447423997e+02
9.665000000000237179e+00,6.175617830405753921e+02,1.440214822482096579e+01,8.875273966175309392e-02,0.000000000000000000e+00,1.192592653574114223e+02
9.667500000000236682e+00,6.175977743414025554e+02,1.437736447671164086e+01,8.875305620609967583e-02,0.000000000000000000e+00,1.192714879242041235e+02
9.670000000000236184e+00,6.176337036835706158e+02,1.435258198147677611e+01,8.875356395374399410e-02,0.000000000000000000e+00,1.192837066416237377e+02
9.672500000000235687e+00,6.176695710702106226e+02,1.432780073704373081e+01,8.875426169406575028e-02,0.000000000000000000e+00,1.192959215209296104e+02
9.675000000000235190e+00,6.177053765044482816e+02,1.430302074134556101e+01,8.875507502229691703e-02,0.000000000000000000e+00,1.193081325703618489e+02
9.677500000000234692e+00,6.177411199894044103e+02,1.427824199232109592e+01,8.875608240412831418e-02,0.000000000000000000e+00,1.193203397946372633e+02
9.680000000000234195e+00,6.177768015281944827e+02,1.425346448791561649e+01,8.875721589526734678e-02,0.000000000000000000e+00,1.193325432006729301e+02
9.682500000000233698e+00,6.178124211239288570e+02,1.422868822608019634e+01,8.875856927976741306e-02,0.000000000000000000e+00,1.193447427920579855e+02
9.685000000000233200e+00,6.178479787797127756e+02,1.420391320477172137e+01,8.876006225018510942e-02,0.000000000000000000e+00,1.193569385826168627e+02
9.687500000000232703e+00,6.178834744986463647e+02,1.417913942195320587e+01,8.876171300005279707e-02,0.000000000000000000e+00,1.193691305766279243e+02
9.690000000000232205e+00,6.179189082838247487e+02,1.415436687559350482e+01,8.876352294156157618e-02,0.000000000000000000e+00,1.193813187782312042e+02
9.692500000000231708e+00,6.179542801383379356e+02,1.412959556366737068e+01,8.876553323739272416e-02,0.000000000000000000e+00,1.193935031956820154e+02
9.695000000000231211e+00,6.179895900652709315e+02,1.410482548415552273e+01,8.876765111001756747e-02,0.000000000000000000e+00,1.194056838416106530e+02
9.697500000000230713e+00,6.180248380677035129e+02,1.408005663504459015e+01,8.876993018826973003e-02,0.000000000000000000e+00,1.194178607107951251e+02
9.700000000000230216e+00,6.180600241487105677e+02,1.405528901432734834e+01,8.877237316198736961e-02,0.000000000000000000e+00,1.194300338132791808e+02
9.702500000000229718e+00,6.180951483113619815e+02,1.403052262000221440e+01,8.877495390798270658e-02,0.000000000000000000e+00,1.194422031552597474e+02
9.705000000000229221e+00,6.181302105587225242e+02,1.400575745007360418e+01,8.877774501291782472e-02,0.000000000000000000e+00,1.194543687379157006e+02
9.707500000000228724e+00,6.181652108938521906e+02,1.398099350255198914e+01,8.878065279262420395e-02,0.000000000000000000e+00,1.194665305744537704e+02
9.710000000000228226e+00,6.182001493198057460e+02,1.395623077545334567e+01,8.878369836831666306e-02,0.000000000000000000e+00,1.194786886654452758e+02
9.712500000000227729e+00,6.182350258396331810e+02,1.393146926679942155e+01,8.878691009860302519e-02,0.000000000000000000e+00,1.194908430131987132e+02
9.715000000000227232e+00,6.182698404563794838e+02,1.390670897461778033e+01,8.879026070389108016e-02,0.000000000000000000e+00,1.195029936267357016e+02
9.717500000000226734e+00,6.183045931730846405e+02,1.388194989694192749e+01,8.879377935665719312e-02,0.000000000000000000e+00,1.195151405074622915e+02
9.720000000000226237e+00,6.183392839927838622e+02,1.385719203181128023e+01,8.879742067876847389e-02,0.000000000000000000e+00,1.195272836617717473e+02
9.722500000000225739e+00,6.183739129185074717e+02,1.383243537727084593e+01,8.880121076658217816e-02,0.000000000000000000e+00,1.195394230901344486e+02
9.725000000000225242e+00,6.184084799532807892e+02,1.380767993137147975e+01,8.880517067663903918e-02,0.000000000000000000e+00,1.195515588009422601e+02
9.727500000000224745e+00,6.184429851001242469e+02,1.378292569217005870e+01,8.880927181189231245e-02,0.000000000000000000e+00,1.195636907958738959e+02
9.730000000000224247e+00,6.184774283620535016e+02,1.375817265772931108e+01,8.881352082442343920e-02,0.000000000000000000e+00,1.195758190832454204e+02
9.732500000000223750e+00,6.185118097420794356e+02,1.373342082611751103e+01,8.881788739642725028e-02,0.000000000000000000e+00,1.195879436652283232e+02
9.735000000000223253e+00,6.185461292432080427e+02,1.370867019540873422e+01,8.882243773514757190e-02,0.000000000000000000e+00,1.196000645433281449e+02
9.737500000000222755e+00,6.185803868684404279e+02,1.368392076368316168e+01,8.882710356339611202e-02,0.000000000000000000e+00,1.196121817262782230e+02
9.740000000000222258e+00,6.186145826207729215e+02,1.365917252902660550e+01,8.883192637299805461e-02,0.000000000000000000e+00,1.196242952176730938e+02
9.742500000000221760e+00,6.186487165031971927e+02,1.363442548953069000e+01,8.883689411550324544e-02,0.000000000000000000e+00,1.196364050192191684e+02
9.745000000000221263e+00,6.186827885187000220e+02,1.360967964329294766e+01,8.884201792042042967e-02,0.000000000000000000e+00,1.196485111366174436e+02
9.747500000000220766e+00,6.187167986702634153e+02,1.358493498841674274e+01,8.884727504002751242e-02,0.000000000000000000e+00,1.196606135743994201e+02
9.750000000000220268e+00,6.187507469608648307e+02,1.356019152301095865e+01,8.885267179161181195e-02,0.000000000000000000e+00,1.196727123334443377e+02
9.752500000000219771e+00,6.187846333934768381e+02,1.353544924519020043e+01,8.885816609971952662e-02,0.000000000000000000e+00,1.196848074164171578e+02
9.755000000000219273e+00,6.188184579710672324e+02,1.351070815307471840e+01,8.886382026528520661e-02,0.000000000000000000e+00,1.196968988255855209e+02
9.757500000000218776e+00,6.188522206965993746e+02,1.348596824479073497e+01,8.886957760147039254e-02,0.000000000000000000e+00,1.197089865625353866e+02
9.760000000000218279e+00,6.188859215730316237e+02,1.346122951846993487e+01,8.887550848259639924e-02,0.000000000000000000e+00,1.197210706275735248e+02
9.762500000000217781e+00,6.189195606033179047e+02,1.343649197224968184e+01,8.888154064656317299e-02,0.000000000000000000e+00,1.197331510283934932e+02
9.765000000000217284e+00,6.189531377904074816e+02,1.341175560427324243e+01,8.888773707407737756e-02,0.000000000000000000e+00,1.197452277602785813e+02
9.767500000000216787e+00,6.189866531372448435e+02,1.338702041268963860e+01,8.889405955015734773e-02,0.000000000000000000e+00,1.197573008359966309e+02
9.770000000000216289e+00,6.190201066467698183e+02,1.336228639565336529e+01,8.890048204750826411e-02,0.000000000000000000e+00,1.197693702525512691e+02
9.772500000000215792e+00,6.190534983219179139e+02,1.333755355132453602e+01,8.890700981032420569e-02,0.000000000000000000e+00,1.197814360043946920e+02
9.775000000000215294e+00,6.190868281656197496e+02,1.331282187786886162e+01,8.891368922144436693e-02,0.000000000000000000e+00,1.197934980939501486e+02
9.777500000000214797e+00,6.191200961808015109e+02,1.328809137345777636e+01,8.892051631501485254e-02,0.000000000000000000e+00,1.198055565281953392e+02
9.780000000000214300e+00,6.191533023703847221e+02,1.326336203626829402e+01,8.892746766700461436e-02,0.000000000000000000e+00,1.198176113087834125e+02
9.782500000000213802e+00,6.191864467372864738e+02,1.323863386448302748e+01,8.893454817427519365e-02,0.000000000000000000e+00,1.198296624337387755e+02
9.785000000000213305e+00,6.192195292844191954e+02,1.321390685629006789e+01,8.894174115742095599e-02,0.000000000000000000e+00,1.198417099109837949e+02
9.787500000000212808e+00,6.192525500146908826e+02,1.318918100988347497e+01,8.894906500580629372e-02,0.000000000000000000e+00,1.198537537385148823e+02
9.790000000000212310e+00,6.192855089310049834e+02,1.316445632346302652e+01,8.895649006505942924e-02,0.000000000000000000e+00,1.198657939154698795e+02
9.792500000000211813e+00,6.193184060362603987e+02,1.313973279523396620e+01,8.896406708921943129e-02,0.000000000000000000e+00,1.198778304446098844e+02
9.795000000000211315e+00,6.193512413333515951e+02,1.311501042340715806e+01,8.897174183078417065e-02,0.000000000000000000e+00,1.198898633277884187e+02
9.797500000000210818e+00,6.193840148251686060e+02,1.309028920619900660e+01,8.897953800790420198e-02,0.000000000000000000e+00,1.199018925608692854e+02
9.800000000000210321e+00,6.194167265145969168e+02,1.306556914183155271e+01,8.898745947744948759e-02,0.000000000000000000e+00,1.199139181437664519e+02
9.802500000000209823e+00,6.194493764045175794e+02,1.304085022853231024e+01,8.899549942016717063e-02,0.000000000000000000e+00,1.199259400827537547e+02
9.805000000000209326e+00,6.194819644978073256e+02,1.301613246453427841e+01,8.900368695698680777e-02,0.000000000000000000e+00,1.199379583750123430e+02
9.807500000000208829e+00,6.195144907973384534e+02,1.299141584807628291e+01,8.901197678491465370e-02,0.000000000000000000e+00,1.199499730238414799e+02
9.810000000000208331e+00,6.195469553059788268e+02,1.296670037740268810e+01,8.902036709428647054e-02,0.000000000000000000e+00,1.199619840322322801e+02
9.812500000000207834e+00,6.195793580265917626e+02,1.294198605076334196e+01,8.902883699260037698e-02,0.000000000000000000e+00,1.199739913934882480e+02
9.815000000000207336e+00,6.196116989620364848e+02,1.291727286641346417e+01,8.903747181576547598e-02,0.000000000000000000e+00,1.199859951025063793e+02
9.817500000000206839e+00,6.196439781151676698e+02,1.289256082261374203e+01,8.904619675208169660e-02,0.000000000000000000e+00,1.199979951697633567e+02
9.820000000000206342e+00,6.196761954888357877e+02,1.286784991763060937e+01,8.905504001311112527e-02,0.000000000000000000e+00,1.200099915858291695e+02
9.822500000000205844e+00,6.197083510858868749e+02,1.284314014973582196e+01,8.906399251824163865e-02,0.000000000000000000e+00,1.200219843555714760e+02
9.825000000000205347e+00,6.197404449091626475e+02,1.281843151720677376e+01,8.907305557281328112e-02,0.000000000000000000e+00,1.200339734776044764e+02
9.827500000000204849e+00,6.197724769615005016e+02,1.279372401832643469e+01,8.908219206099869669e-02,0.000000000000000000e+00,1.200459589477983826e+02
9.830000000000204352e+00,6.198044472457336269e+02,1.276901765138305223e+01,8.909148743087805244e-02,0.000000000000000000e+00,1.200579407639766032e+02
9.832500000000203855e+00,6.198363557646908930e+02,1.274431241467050668e+01,8.910085834409287031e-02,0.000000000000000000e+00,1.200699189290748166e+02
9.835000000000203357e+00,6.198682025211968494e+02,1.271960830648818508e+01,8.911032518643494105e-02,0.000000000000000000e+00,1.200818934397630215e+02
9.837500000000202860e+00,6.198999875180719528e+02,1.269490532514071823e+01,8.911988788104033277e-02,0.000000000000000000e+00,1.200938642883487262e+02
9.840000000000202363e+00,6.199317107581323398e+02,1.267020346893787419e+01,8.912957422206428670e-02,0.000000000000000000e+00,1.201058314764785990e+02
9.842500000000201865e+00,6.199633722441898271e+02,1.264550273619500409e+01,8.913937325045145910e-02,0.000000000000000000e+00,1.201177950035321658e+02
9.845000000000201368e+00,6.199949719790521385e+02,1.262080312523298176e+01,8.914928461002562254e-02,0.000000000000000000e+00,1.201297548707065630e+02
9.847500000000200870e+00,6.200265099655227914e+02,1.259610463437804739e+01,8.915927010854336754e-02,0.000000000000000000e+00,1.201417110764813998e+02
9.850000000000200373e+00,6.200579862064010968e+02,1.257140726196202962e+01,8.916938876286686910e-02,0.000000000000000000e+00,1.201536636162616958e+02
9.852500000000199876e+00,6.200894007044822729e+02,1.254671100632228153e+01,8.917957998028161470e-02,0.000000000000000000e+00,1.201656124900561906e+02
9.855000000000199378e+00,6.201207534625572180e+02,1.252201586580160431e+01,8.918986213701496357e-02,0.000000000000000000e+00,1.201775576898796061e+02
9.857500000000198881e+00,6.201520444834128512e+02,1.249732183874802693e+01,8.920023444551289371e-02,0.000000000000000000e+00,1.201894992162067552e+02
9.860000000000198384e+00,6.201832737698318851e+02,1.247262892351488617e+01,8.921070718481322048e-02,0.000000000000000000e+00,1.202014370660099019e+02
9.862500000000197886e+00,6.202144413245929400e+02,1.244793711846121376e+01,8.922127690254851029e-02,0.000000000000000000e+00,1.202133712357538826e+02
9.865000000000197389e+00,6.202455471504705429e+02,1.242324642195142381e+01,8.923195982690355910e-02,0.000000000000000000e+00,1.202253017211089627e+02
9.867500000000196891e+00,6.202765912502351284e+02,1.239855683235514405e+01,8.924273132072257919e-02,0.000000000000000000e+00,1.202372285254260902e+02
9.870000000000196394e+00,6.203075736266530384e+02,1.237386834804759950e+01,8.925355100158163801e-02,0.000000000000000000e+00,1.202491516382668237e+02
9.872500000000195897e+00,6.203384942824866357e+02,1.234918096740933002e+01,8.926450226692891898e-02,0.000000000000000000e+00,1.202610710570935169e+02
9.875000000000195399e+00,6.203693532204940766e+02,1.232449468882603050e+01,8.927551532980831928e-02,0.000000000000000000e+00,1.202729867785319016e+02
9.877500000000194902e+00,6.204001504434296521e+02,1.229980951068873907e+01,8.928667315096555646e-02,0.000000000000000000e+00,1.202848987989548561e+02
9.880000000000194404e+00,6.204308859540435606e+02,1.227512543139398815e+01,8.929788180799366759e-02,0.000000000000000000e+00,1.202968071205316392e+02
9.882500000000193907e+00,6.204615597550820212e+02,1.225044244934358240e+01,8.930919546185538127e-02,0.000000000000000000e+00,1.203087117334457474e+02
9.885000000000193410e+00,6.204921718492871605e+02,1.222576056294469993e+01,8.932057457981427973e-02,0.000000000000000000e+00,1.203206126350533367e+02
9.887500000000192912e+00,6.205227222393973534e+02,1.220107977060980353e+01,8.933204878923030334e-02,0.000000000000000000e+00,1.203325098211643791e+02
9.890000000000192415e+00,6.205532109281467683e+02,1.217640007075662822e+01,8.934359441885483810e-02,0.000000000000000000e+00,1.203444032864105537e+02
9.892500000000191918e+00,6.205836379182657083e+02,1.215172146180817236e+01,8.935523204395690033e-02,0.000000000000000000e+00,1.203562930250440104e+02
9.895000000000191420e+00,6.206140032124804975e+02,1.212704394219295168e+01,8.936695399621612246e-02,0.000000000000000000e+00,1.203681790324935008e+02
9.897500000000190923e+00,6.206443068135135945e+02,1.210236751034459779e+01,8.937875072656500941e-02,0.000000000000000000e+00,1.203800613032597084e+02
9.900000000000190425e+00,6.206745487240835928e+02,1.207769216470210516e+01,8.939062933740841987e-02,0.000000000000000000e+00,1.203919398342544014e+02
9.902500000000189928e+00,6.207047289469051066e+02,1.205301790371002113e+01,8.940262325904138607e-02,0.000000000000000000e+00,1.204038146198391814e+02
9.905000000000189431e+00,6.207348474846888848e+02,1.202834472581794323e+01,8.941466626409409757e-02,0.000000000000000000e+00,1.204156856613860640e+02
9.907500000000188933e+00,6.207649043401416975e+02,1.200367262948085667e+01,8.942680636027583452e-02,0.000000000000000000e+00,1.204275529470050401e+02
9.910000000000188436e+00,6.207948995159666765e+02,1.197900161315910594e+01,8.943900444746177847e-02,0.000000000000000000e+00,1.204394164734858634e+02
9.912500000000187939e+00,6.208248330148629748e+02,1.195433167531818164e+01,8.945129323669694099e-02,0.000000000000000000e+00,1.204512762354514450e+02
9.915000000000187441e+00,6.208547048395258798e+02,1.192966281442899046e+01,8.946365295831470998e-02,0.000000000000000000e+00,1.204631322251522789e+02
9.917500000000186944e+00,6.208845149926469276e+02,1.190499502896761186e+01,8.947607882794987588e-02,0.000000000000000000e+00,1.204749844370149532e+02
9.920000000000186446e+00,6.209142634769137885e+02,1.188032831741552542e+01,8.948856445120244307e-02,0.000000000000000000e+00,1.204868328642258177e+02
9.922500000000185949e+00,6.209439502950104952e+02,1.185566267825941011e+01,8.950114106302606287e-02,0.000000000000000000e+00,1.204986775036711322e+02
9.925000000000185452e+00,6.209735754496171012e+02,1.183099810999125090e+01,8.951379502952504230e-02,0.000000000000000000e+00,1.205105183447834207e+02
9.927500000000184954e+00,6.210031389433987670e+02,1.180633458975352745e+01,8.952652614847583790e-02,0.000000000000000000e+00,1.205223553855945369e+02
9.930000000000184457e+00,6.210326407789541463e+02,1.178167208958605627e+01,8.953932045426239716e-02,0.000000000000000000e+00,1.205341886185515108e+02
9.932500000000183960e+00,6.210620809588365319e+02,1.175701060812713905e+01,8.955220071027684969e-02,0.000000000000000000e+00,1.205460180399462757e+02
9.935000000000183462e+00,6.210914594855919404e+02,1.173235014274202115e+01,8.956512964224601359e-02,0.000000000000000000e+00,1.205578436426087166e+02
9.937500000000182965e+00,6.211207763617597948e+02,1.170769069220339631e+01,8.957811888023649305e-02,0.000000000000000000e+00,1.205696654148415377e+02
9.940000000000182467e+00,6.211500315898766758e+02,1.168303225528861411e+01,8.959119203590880376e-02,0.000000000000000000e+00,1.205814833514662894e+02
9.942500000000181970e+00,6.211792251724758671e+02,1.165837483077973857e+01,8.960432090365774704e-02,0.000000000000000000e+00,1.205932974490894196e+02
9.945000000000181473e+00,6.212083571120876968e+02,1.163371841746365121e+01,8.961753319500849468e-02,0.000000000000000000e+00,1.206051076949024861e+02
9.947500000000180975e+00,6.212374274112394232e+02,1.160906301413204389e+01,8.963081102251659049e-02,0.000000000000000000e+00,1.206169140850761607e+02
9.950000000000180478e+00,6.212664360724553489e+02,1.158440861958125190e+01,8.964413809520539733e-02,0.000000000000000000e+00,1.206287166157098625e+02
9.952500000000179980e+00,6.212953830982567069e+02,1.155975523261251503e+01,8.965753162360710904e-02,0.000000000000000000e+00,1.206405152760465569e+02
9.955000000000179483e+00,6.213242684911618881e+02,1.153510285203189767e+01,8.967101591059409293e-02,0.000000000000000000e+00,1.206523100584099524e+02
9.957500000000178986e+00,6.213530922536860999e+02,1.151045147665022661e+01,8.968453421816741100e-02,0.000000000000000000e+00,1.206641009551918700e+02
9.960000000000178488e+00,6.213818543883417078e+02,1.148580110528323850e+01,8.969811434965668795e-02,0.000000000000000000e+00,1.206758879603902415e+02
9.962500000000177991e+00,6.214105548976380078e+02,1.146115173675130272e+01,8.971175913490779530e-02,0.000000000000000000e+00,1.206876710620359887e+02
9.965000000000177494e+00,6.214391937840814535e+02,1.143650336987958660e+01,8.972547577059293566e-02,0.000000000000000000e+00,1.206994502581529076e+02
9.967500000000176996e+00,6.214677710501755428e+02,1.141185600349799856e+01,8.973925041522717860e-02,0.000000000000000000e+00,1.207112255380868078e+02
9.970000000000176499e+00,6.214962866984209313e+02,1.138720963644130535e+01,8.975305666354368994e-02,0.000000000000000000e+00,1.207229968935607900e+02
9.972500000000176001e+00,6.215247407313152053e+02,1.136256426754915161e+01,8.976693100102613176e-02,0.000000000000000000e+00,1.207347643137391486e+02
9.975000000000175504e+00,6.215531331513529949e+02,1.133791989566582004e+01,8.978085117629618084e-02,0.000000000000000000e+00,1.207465277875821386e+02
9.977500000000175007e+00,6.215814639610263157e+02,1.131327651964031134e+01,8.979481943185495252e-02,0.000000000000000000e+00,1.207582873094982858e+02
9.980000000000174509e+00,6.216097331628241136e+02,1.128863413832655560e+01,8.980884659891590072e-02,0.000000000000000000e+00,1.207700428689703642e+02
9.982500000000174012e+00,6.216379407592324924e+02,1.126399275058322758e+01,8.982295548050470146e-02,0.000000000000000000e+00,1.207817944555905285e+02
9.985000000000173515e+00,6.216660867527348273e+02,1.123935235527391541e+01,8.983709898715024067e-02,0.000000000000000000e+00,1.207935420674701845e+02
9.987500000000173017e+00,6.216941711458114241e+02,1.121471295126707446e+01,8.985130112453341977e-02,0.000000000000000000e+00,1.208052856904924965e+02
9.990000000000172520e+00,6.217221939409399738e+02,1.119007453743596869e+01,8.986552996166763396e-02,0.000000000000000000e+00,1.208170253166132824e+02
9.992500000000172022e+00,6.217501551405953251e+02,1.116543711265865291e+01,8.987981212932873165e-02,0.000000000000000000e+00,1.208287609334018811e+02
9.995000000000171525e+00,6.217780547472493708e+02,1.114080067581804379e+01,8.989415772351425082e-02,0.000000000000000000e+00,1.208404925331418553e+02
9.997500000000171028e+00,6.218058927633713893e+02,1.111616522580184885e+01,8.990854608893647515e-02,0.000000000000000000e+00,1.208522201042417237e+02
1.000000000000017053e+01,6.218336691914278163e+02,1.109153076150266237e+01,8.992299070275527884e-02,0.000000000000000000e+00,1.208639436419496036e+02
1.000250000000017003e+01,6.218613840338823593e+02,1.106689728181802934e+01,8.993748034421580884e-02,0.000000000000000000e+00,1.208756631336418081e+02
1.000500000000016954e+01,6.218890372931958836e+02,1.104226478565055558e+01,8.995202045573011396e-02,0.000000000000000000e+00,1.208873785679733999e+02
1.000750000000016904e+01,6.219166289718265261e+02,1.101763327190748498e+01,8.996659836797964160e-02,0.000000000000000000e+00,1.208990899363382283e+02
1.001000000000016854e+01,6.219441590722296951e+02,1.099300273950085227e+01,8.998125174679952321e-02,0.000000000000000000e+00,1.209107972301750493e+02
1.001250000000016804e+01,6.219716275968581840e+02,1.096837318734778854e+01,8.999590272626346865e-02,0.000000000000000000e+00,1.209225004415412599e+02
1.001500000000016755e+01,6.219990345481620579e+02,1.094374461437038271e+01,9.001059811633892183e-02,0.000000000000000000e+00,1.209341995523478204e+02
1.001750000000016705e+01,6.220263799285885398e+02,1.091911701949566016e+01,9.002535027245039956e-02,0.000000000000000000e+00,1.209458945524271911e+02
1.002000000000016655e+01,6.220536637405823512e+02,1.089449040165547977e+01,9.004014229716053586e-02,0.000000000000000000e+00,1.209575854344248853e+02
1.002250000000016605e+01,6.220808859865854856e+02,1.086986475978675237e+01,9.005497605983693588e-02,0.000000000000000000e+00,1.209692721860425735e+02
1.002500000000016556e+01,6.221080466690372077e+02,1.084524009283135193e+01,9.006984663980421857e-02,0.000000000000000000e+00,1.209809547985836531e+02
1.002750000000016506e+01,6.221351457903742812e+02,1.082061639973617950e+01,9.008477111926950498e-02,0.000000000000000000e+00,1.209926332579800174e+02
1.003000000000016456e+01,6.221621833530307413e+02,1.079599367945310640e+01,9.009973617276167968e-02,0.000000000000000000e+00,1.210043075579726803e+02
1.003250000000016406e+01,6.221891593594380083e+02,1.077137193093901679e+01,9.011473684061120648e-02,0.000000000000000000e+00,1.210159776852101459e+02
1.003500000000016357e+01,6.222160738120248880e+02,1.074675115315587881e+01,9.012977391937936067e-02,0.000000000000000000e+00,1.210276436260490556e+02
1.003750000000016307e+01,6.222429267132176847e+02,1.072213134507060062e+01,9.014483798575576023e-02,0.000000000000000000e+00,1.210393053726224650e+02
1.004000000000016257e+01,6.222697180654399745e+02,1.069751250565506595e+01,9.015993815269973677e-02,0.000000000000000000e+00,1.210509629096810755e+02
1.004250000000016207e+01,6.222964478711129459e+02,1.067289463388644677e+01,9.017507178851190408e-02,0.000000000000000000e+00,1.210626162283925993e+02
1.004500000000016158e+01,6.223231161326550591e+02,1.064827772874703449e+01,9.019024680358456170e-02,0.000000000000000000e+00,1.210742653121110806e+02
1.004750000000016108e+01,6.223497228524822731e+02,1.062366178922428084e+01,9.020545033172892857e-02,0.000000000000000000e+00,1.210859101537318168e+02
1.005000000000016058e+01,6.223762680330081594e+02,1.059904681431065221e+01,9.022069218612842334e-02,0.000000000000000000e+00,1.210975507377136609e+02
1.005250000000016009e+01,6.224027516766436747e+02,1.057443280300380728e+01,9.023596280784489110e-02,0.000000000000000000e+00,1.211091870535502721e+02
1.005500000000015959e+01,6.224291737857971611e+02,1.054981975430666274e+01,9.025127108755087724e-02,0.000000000000000000e+00,1.211208190899288439e+02
1.005750000000015909e+01,6.224555343628746868e+02,1.052520766722740042e+01,9.026659599314174054e-02,0.000000000000000000e+00,1.211324468364959870e+02
1.006000000000015859e+01,6.224818334102797053e+02,1.050059654077937132e+01,9.028194107368955890e-02,0.000000000000000000e+00,1.211440702756946592e+02
1.006250000000015810e+01,6.225080709304131688e+02,1.047598637398120935e+01,9.029731279624728102e-02,0.000000000000000000e+00,1.211556893943136402e+02
1.006500000000015760e+01,6.225342469256737559e+02,1.045137716585666965e+01,9.031274622921742212e-02,0.000000000000000000e+00,1.211673041783661944e+02
1.006750000000015710e+01,6.225603613984575304e+02,1.042676891543501583e+01,9.032820541728653341e-02,0.000000000000000000e+00,1.211789146206207448e+02
1.007000000000015660e+01,6.225864143511582824e+02,1.040216162175082637e+01,9.034367884630083168e-02,0.000000000000000000e+00,1.211905207097359636e+02
1.007250000000015611e+01,6.226124057861671872e+02,1.037755528384407988e+01,9.035916724437345615e-02,0.000000000000000000e+00,1.212021224287984040e+02
1.007500000000015561e+01,6.226383357058732599e+02,1.035294990076007338e+01,9.037467085355686824e-02,0.000000000000000000e+00,1.212137197606255512e+02
1.007750000000015511e+01,6.226642041126629010e+02,1.032834547154946669e+01,9.039022435592269922e-02,0.000000000000000000e+00,1.212253126939078527e+02
1.008000000000015461e+01,6.226900110089203508e+02,1.030374199526831447e+01,9.040581037938952291e-02,0.000000000000000000e+00,1.212369012181464285e+02
1.008250000000015412e+01,6.227157563970273486e+02,1.027913947097813718e+01,9.042140742905054041e-02,0.000000000000000000e+00,1.212484853217726766e+02
1.008500000000015362e+01,6.227414402793633599e+02,1.025453789774615387e+01,9.043702372842023218e-02,0.000000000000000000e+00,1.212600649878176853e+02
1.008750000000015312e+01,6.227670626583055764e+02,1.022993727464509206e+01,9.045266775189995945e-02,0.000000000000000000e+00,1.212716402013851535e+02
1.009000000000015262e+01,6.227926235362286889e+02,1.020533760075317531e+01,9.046833481278494793e-02,0.000000000000000000e+00,1.212832109516452732e+02
1.009250000000015213e+01,6.228181229155052279e+02,1.018073887515429377e+01,9.048399398948038519e-02,0.000000000000000000e+00,1.212947772232967623e+02
1.009500000000015163e+01,6.228435607985054503e+02,1.015614109693792777e+01,9.049969695364551425e-02,0.000000000000000000e+00,1.213063389987284211e+02
1.009750000000015113e+01,6.228689371875973393e+02,1.013154426519921003e+01,9.051539093339690256e-02,0.000000000000000000e+00,1.213178962694365595e+02
1.010000000000015064e+01,6.228942520851464906e+02,1.010694837903913701e+01,9.053112050166228775e-02,0.000000000000000000e+00,1.213294490152975413e+02
1.010250000000015014e+01,6.229195054935163398e+02,1.008235343756443747e+01,9.054688986090277114e-02,0.000000000000000000e+00,1.213409972242063333e+02
1.010500000000014964e+01,6.229446974150681626e+02,1.005775943988743215e+01,9.056264984741646540e-02,0.000000000000000000e+00,1.213525408825226606e+02
1.010750000000014914e+01,6.229698278521608472e+02,1.003316638512634462e+01,9.057842745328105460e-02,0.000000000000000000e+00,1.213640799747627170e+02
1.011000000000014865e+01,6.229948968071512354e+02,1.000857427240532083e+01,9.059422788117826864e-02,0.000000000000000000e+00,1.213756144846011154e+02
1.011250000000014815e+01,6.230199042823940090e+02,9.983983100854381121e+00,9.061006113699615616e-02,0.000000000000000000e+00,1.213871443995105039e+02
1.011500000000014765e+01,6.230448502802415760e+02,9.959392869609509091e+00,9.062591829046201530e-02,0.000000000000000000e+00,1.213986697067128233e+02
1.011750000000014715e+01,6.230697348030441844e+02,9.934803577812649777e+00,9.064178362044281179e-02,0.000000000000000000e+00,1.214101903928805086e+02
1.012000000000014666e+01,6.230945578531499223e+02,9.910215224611784279e+00,9.065764259449053675e-02,0.000000000000000000e+00,1.214217064413886646e+02
1.012250000000014616e+01,6.231193194329048310e+02,9.885627809160968837e+00,9.067351569031947833e-02,0.000000000000000000e+00,1.214332178336679107e+02
1.012500000000014566e+01,6.231440195446529060e+02,9.861041330620496481e+00,9.068937817671431090e-02,0.000000000000000000e+00,1.214447245575961034e+02
1.012750000000014516e+01,6.231686581907358686e+02,9.836455788156865054e+00,9.070527571948266976e-02,0.000000000000000000e+00,1.214562265912974937e+02
1.013000000000014467e+01,6.231932353734933940e+02,9.811871180942725701e+00,9.072117637111493105e-02,0.000000000000000000e+00,1.214677239255374275e+02
1.013250000000014417e+01,6.232177510952632247e+02,9.787287508156982341e+00,9.073710129309243977e-02,0.000000000000000000e+00,1.214792165429395396e+02
1.013500000000014367e+01,6.232422053583809429e+02,9.762704768984914239e+00,9.075302074699155563e-02,0.000000000000000000e+00,1.214907044274768850e+02
1.013750000000014317e+01,6.232665981651800848e+02,9.738122962618179557e+00,9.076894026179177510e-02,0.000000000000000000e+00,1.215021875644590352e+02
1.014000000000014268e+01,6.232909295179922537e+02,9.713542088254845552e+00,9.078487032059455453e-02,0.000000000000000000e+00,1.215136659342366841e+02
1.014250000000014218e+01,6.233151994191468930e+02,9.688962145099496936e+00,9.080081619495709855e-02,0.000000000000000000e+00,1.215251395223313580e+02
1.014500000000014168e+01,6.233394078709717405e+02,9.664383132363248308e+00,9.081676846483971444e-02,0.000000000000000000e+00,1.215366083124889087e+02
1.014750000000014118e+01,6.233635548757922606e+02,9.639805049263715730e+00,9.083271888894185742e-02,0.000000000000000000e+00,1.215480722910813114e+02
1.015000000000014069e+01,6.233876404359322123e+02,9.615227895025206806e+00,9.084870692876276244e-02,0.000000000000000000e+00,1.215595314380046403e+02
1.015250000000014019e+01,6.234116645537133081e+02,9.590651668878807712e+00,9.086470107473051949e-02,0.000000000000000000e+00,1.215709857413764752e+02
1.015500000000013969e+01,6.234356272314553280e+02,9.566076370062285505e+00,9.088069626227317233e-02,0.000000000000000000e+00,1.215824351850090324e+02
1.015750000000013920e+01,6.234595284714761192e+02,9.541501997820205361e+00,9.089666362182917403e-02,0.000000000000000000e+00,1.215938797542494285e+02
1.016000000000013870e+01,6.234833682760917100e+02,9.516928551404072678e+00,9.091263774860967872e-02,0.000000000000000000e+00,1.216053194265401771e+02
1.016250000000013820e+01,6.235071466476163096e+02,9.492356030072405915e+00,9.092861292556342345e-02,0.000000000000000000e+00,1.216167541842067976e+02
1.016500000000013770e+01,6.235308635883620809e+02,9.467784433090722374e+00,9.094460305347459861e-02,0.000000000000000000e+00,1.216281840117592026e+02
1.016750000000013721e+01,6.235545191006395953e+02,9.443213759731653667e+00,9.096057270429802610e-02,0.000000000000000000e+00,1.216396088947154226e+02
1.017000000000013671e+01,6.235781131867574913e+02,9.418644009275020323e+00,9.097655304498751538e-02,0.000000000000000000e+00,1.216510288117374898e+02
1.017250000000013621e+01,6.236016458490225887e+02,9.394075181007764286e+00,9.099254374973769766e-02,0.000000000000000000e+00,1.216624437480276697e+02
1.017500000000013571e+01,6.236251170897400016e+02,9.369507274224147864e+00,9.100854250579912263e-02,0.000000000000000000e+00,1.216738536864474440e+02
1.017750000000013522e+01,6.236485269112130254e+02,9.344940288225842551e+00,9.102453623257086845e-02,0.000000000000000000e+00,1.216852586128324276e+02
1.018000000000013472e+01,6.236718753157431365e+02,9.320374222321992974e+00,9.104053781630032371e-02,0.000000000000000000e+00,1.216966585068611550e+02
1.018250000000013422e+01,6.236951623056303333e+02,9.295809075829252421e+00,9.105653055053236633e-02,0.000000000000000000e+00,1.217080533542561511e+02
1.018500000000013372e+01,6.237183878831726815e+02,9.271244848071875211e+00,9.107253673524282056e-02,0.000000000000000000e+00,1.217194431356951299e+02
1.018750000000013323e+01,6.237415520506666553e+02,9.246681538381745113e+00,9.108851852048613362e-02,0.000000000000000000e+00,1.217308278353219180e+02
1.019000000000013273e+01,6.237646548104070234e+02,9.222119146098433973e+00,9.110452471792640505e-02,0.000000000000000000e+00,1.217422074328031982e+02
1.019250000000013223e+01,6.237876961646869631e+02,9.197557670569409538e+00,9.112051627497015638e-02,0.000000000000000000e+00,1.217535819133839539e+02
1.019500000000013173e+01,6.238106761157980600e+02,9.172997111150152705e+00,9.113646995227579761e-02,0.000000000000000000e+00,1.217649512573194102e+02
1.019750000000013124e+01,6.238335946660300806e+02,9.148437467204121987e+00,9.115243914051120167e-02,0.000000000000000000e+00,1.217763154440406339e+02
1.020000000000013074e+01,6.238564518176714273e+02,9.123878738102757069e+00,9.116841689031265905e-02,0.000000000000000000e+00,1.217876744568356600e+02
1.020250000000013024e+01,6.238792475730089109e+02,9.099320923225645785e+00,9.118437383865818369e-02,0.000000000000000000e+00,1.217990282784530081e+02
1.020500000000012975e+01,6.239019819343276367e+02,9.074764021960653793e+00,9.120034711256398696e-02,0.000000000000000000e+00,1.218103768909277846e+02
1.020750000000012925e+01,6.239246549039113461e+02,9.050208033704061350e+00,9.121627808217641631e-02,0.000000000000000000e+00,1.218217202791746985e+02
1.021000000000012875e+01,6.239472664840423022e+02,9.025652957860629044e+00,9.123223870977832661e-02,0.000000000000000000e+00,1.218330584186643932e+02
1.021250000000012825e+01,6.239698166770010630e+02,9.001098793843612000e+00,9.124815574291976483e-02,0.000000000000000000e+00,1.218443912962188165e+02
1.021500000000012776e+01,6.239923054850669359e+02,8.976545541074894885e+00,9.126405284319562272e-02,0.000000000000000000e+00,1.218557188874174955e+02
1.021750000000012726e+01,6.240147329105177505e+02,8.951993198985075395e+00,9.127995929579915679e-02,0.000000000000000000e+00,1.218670411732977215e+02
1.022000000000012676e+01,6.240370989556298582e+02,8.927441767013588603e+00,9.129584555192847561e-02,0.000000000000000000e+00,1.218783581384049910e+02
1.022250000000012626e+01,6.240594036226782464e+02,8.902891244608866828e+00,9.131174969472122260e-02,0.000000000000000000e+00,1.218896697614001994e+02
1.022500000000012577e+01,6.240816469139364244e+02,8.878341631228394704e+00,9.132761911270899369e-02,0.000000000000000000e+00,1.219009760256641215e+02
1.022750000000012527e+01,6.241038288316767648e+02,8.853792926338755365e+00,9.134349787791561093e-02,0.000000000000000000e+00,1.219122769117710590e+02
1.023000000000012477e+01,6.241259493781701622e+02,8.829245129415779658e+00,9.135936289712442981e-02,0.000000000000000000e+00,1.219235724008131427e+02
1.023250000000012427e+01,6.241480085556862605e+02,8.804698239944656279e+00,9.137520828338549506e-02,0.000000000000000000e+00,1.219348624756296999e+02
1.023500000000012378e+01,6.241700063664934532e+02,8.780152257420107631e+00,9.139104527771975406e-02,0.000000000000000000e+00,1.219461471135060577e+02
1.023750000000012328e+01,6.241919428128587697e+02,8.755607181346451995e+00,9.140688613733113921e-02,0.000000000000000000e+00,1.219574262988472100e+02
1.024000000000012278e+01,6.242138178970479885e+02,8.731063011237688798e+00,9.142271021803674569e-02,0.000000000000000000e+00,1.219687000127554484e+02
1.024250000000012228e+01,6.242356316213258651e+02,8.706519746617631839e+00,9.143852240259954522e-02,0.000000000000000000e+00,1.219799682360840478e+02
1.024500000000012179e+01,6.242573839879557909e+02,8.681977387019987447e+00,9.145432514803338020e-02,0.000000000000000000e+00,1.219912309482673436e+02
1.024750000000012129e+01,6.242790749992001338e+02,8.657435931988608502e+00,9.147010674095602811e-02,0.000000000000000000e+00,1.220024881305282634e+02
1.025000000000012079e+01,6.243007046573200114e+02,8.632895381077528185e+00,9.148585294866634632e-02,0.000000000000000000e+00,1.220137397620261908e+02
1.025250000000012029e+01,6.243222729645754043e+02,8.608355733851094982e+00,9.150158223184340356e-02,0.000000000000000000e+00,1.220249858237223748e+02
1.025500000000011980e+01,6.243437799232253838e+02,8.583816989884089921e+00,9.151728833975485145e-02,0.000000000000000000e+00,1.220362262941514615e+02
1.025750000000011930e+01,6.243652255355278839e+02,8.559279148761909539e+00,9.153300881166059888e-02,0.000000000000000000e+00,1.220474611510306744e+02
1.026000000000011880e+01,6.243866098037397023e+02,8.534742210080674241e+00,9.154869926943015601e-02,0.000000000000000000e+00,1.220586903783686381e+02
1.026250000000011831e+01,6.244079327301167268e+02,8.510206173447290467e+00,9.156438375061448642e-02,0.000000000000000000e+00,1.220699139558816455e+02
1.026500000000011781e+01,6.244291943169139358e+02,8.485671038479638995e+00,9.158002833370852691e-02,0.000000000000000000e+00,1.220811318651711872e+02
1.026750000000011731e+01,6.244503945663852846e+02,8.461136804806841383e+00,9.159566048800145410e-02,0.000000000000000000e+00,1.220923440823091681e+02
1.027000000000011681e+01,6.244715334807837053e+02,8.436603472069212017e+00,9.161127681177078097e-02,0.000000000000000000e+00,1.221035505901500642e+02
1.027250000000011632e+01,6.244926110623614477e+02,8.412071039918462390e+00,9.162687005663837370e-02,0.000000000000000000e+00,1.221147513659185933e+02
1.027500000000011582e+01,6.245136273133697387e+02,8.387539508017882284e+00,9.164243266125371434e-02,0.000000000000000000e+00,1.221259463907484530e+02
1.027750000000011532e+01,6.245345822360590091e+02,8.363008876042510309e+00,9.165799948851106882e-02,0.000000000000000000e+00,1.221371356416898095e+02
1.028000000000011482e+01,6.245554758326788942e+02,8.338479143679206729e+00,9.167351480712084000e-02,0.000000000000000000e+00,1.221483191014842049e+02
1.028250000000011433e+01,6.245763081054782333e+02,8.313950310626852414e+00,9.168904300005585595e-02,0.000000000000000000e+00,1.221594967452426630e+02
1.028500000000011383e+01,6.245970790567051836e+02,8.289422376596547792e+00,9.170453537335285232e-02,0.000000000000000000e+00,1.221706685564915489e+02
1.028750000000011333e+01,6.246177886886071065e+02,8.264895341311717658e+00,9.171999158805894947e-02,0.000000000000000000e+00,1.221818345133842598e+02
1.029000000000011283e+01,6.246384370034307949e+02,8.240369204508276368e+00,9.173545341862961167e-02,0.000000000000000000e+00,1.221929945955333778e+02
1.029250000000011234e+01,6.246590240034222461e+02,8.215843965934830351e+00,9.175088559854477355e-02,0.000000000000000000e+00,1.222041487838924070e+02
1.029500000000011184e+01,6.246795496908268888e+02,8.191319625352900147e+00,9.176631060800001516e-02,0.000000000000000000e+00,1.222152970570234061e+02
1.029750000000011134e+01,6.247000140678896969e+02,8.166796182536964821e+00,9.178169568431304715e-02,0.000000000000000000e+00,1.222264393947347401e+02
1.030000000000011084e+01,6.247204171368548486e+02,8.142273637274678677e+00,9.179705043990871172e-02,0.000000000000000000e+00,1.222375757759044461e+02
1.030250000000011035e+01,6.247407588999660675e+02,8.117751989367052445e+00,9.181236852740171095e-02,0.000000000000000000e+00,1.222487061752238020e+02
1.030500000000010985e+01,6.247610393594667357e+02,8.093231238628609603e+00,9.182768487332809704e-02,0.000000000000000000e+00,1.222598305717010589e+02
1.030750000000010935e+01,6.247812585175996674e+02,8.068711384887594207e+00,9.184297316179489135e-02,0.000000000000000000e+00,1.222709489503998697e+02
1.031000000000010886e+01,6.248014163766072215e+02,8.044192427986272875e+00,9.185823721966746014e-02,0.000000000000000000e+00,1.222820612856490783e+02
1.031250000000010836e+01,6.248215129387315301e+02,8.019674367781043145e+00,9.187347739697362958e-02,0.000000000000000000e+00,1.222931675599887598e+02
1.031500000000010786e+01,6.248415482062141564e+02,7.995157204142617324e+00,9.188868297564538323e-02,0.000000000000000000e+00,1.223042677497470976e+02
1.031750000000010736e+01,6.248615221812964364e+02,7.970640936956190359e+00,9.190386169371868308e-02,0.000000000000000000e+00,1.223153618323387661e+02
1.032000000000010687e+01,6.248814348662194789e+02,7.946125566121682304e+00,9.191901000710890612e-02,0.000000000000000000e+00,1.223264497877361805e+02
1.032250000000010637e+01,6.249012862632241649e+02,7.921611091553939943e+00,9.193415396400070327e-02,0.000000000000000000e+00,1.223375315924177613e+02
1.032500000000010587e+01,6.249210763745510349e+02,7.897097513182903761e+00,9.194924086002344288e-02,0.000000000000000000e+00,1.223486072295698222e+02
1.032750000000010537e+01,6.249408052024406288e+02,7.872584830953822888e+00,9.196430855286261141e-02,0.000000000000000000e+00,1.223596766732125047e+02
1.033000000000010488e+01,6.249604727491332596e+02,7.848073044827546418e+00,9.197934458777411171e-02,0.000000000000000000e+00,1.223707399025577303e+02
1.033250000000010438e+01,6.249800790168691265e+02,7.823562154780699274e+00,9.199437480592394245e-02,0.000000000000000000e+00,1.223817968967950947e+02
1.033500000000010388e+01,6.249996240078884284e+02,7.799052160805899803e+00,9.200935894775086332e-02,0.000000000000000000e+00,1.223928476356883550e+02
1.033750000000010338e+01,6.250191077244314783e+02,7.774543062911957847e+00,9.202431511092164229e-02,0.000000000000000000e+00,1.224038920959644230e+02
1.034000000000010289e+01,6.250385301687383617e+02,7.750034861124108332e+00,9.203923218938321604e-02,0.000000000000000000e+00,1.224149302548988061e+02
1.034250000000010239e+01,6.250578913430493913e+02,7.725527555484254627e+00,9.205411745848485205e-02,0.000000000000000000e+00,1.224259620910708577e+02
1.034500000000010189e+01,6.250771912496049936e+02,7.701021146051249211e+00,9.206897157934783305e-02,0.000000000000000000e+00,1.224369875827671876e+02
1.034750000000010139e+01,6.250964298906457088e+02,7.676515632901139696e+00,9.208382368070335000e-02,0.000000000000000000e+00,1.224480067068239464e+02
1.035000000000010090e+01,6.251156072684123046e+02,7.652011016127351795e+00,9.209862781670484499e-02,0.000000000000000000e+00,1.224590194434007060e+02
1.035250000000010040e+01,6.251347233851458896e+02,7.627507295840898038e+00,9.211340819867495922e-02,0.000000000000000000e+00,1.224700257693392729e+02
1.035500000000009990e+01,6.251537782430875723e+02,7.603004472170701078e+00,9.212816354294493804e-02,0.000000000000000000e+00,1.224810256642545880e+02
1.035750000000009940e+01,6.251727718444791435e+02,7.578502545263890333e+00,9.214287957540241714e-02,0.000000000000000000e+00,1.224920191089105401e+02
1.036000000000009891e+01,6.251917041915625077e+02,7.554001515286027590e+00,9.215754405068393718e-02,0.000000000000000000e+00,1.225030060773703156e+02
1.036250000000009841e+01,6.252105752865801378e+02,7.529501382421430300e+00,9.217219396437788259e-02,0.000000000000000000e+00,1.225139865456383461e+02
1.036500000000009791e+01,6.252293851317749613e+02,7.505002146873285263e+00,9.218680624266199775e-02,0.000000000000000000e+00,1.225249604931124594e+02
1.036750000000009742e+01,6.252481337293903607e+02,7.480503808863940840e+00,9.220139240609104281e-02,0.000000000000000000e+00,1.225359278970080368e+02
1.037000000000009692e+01,6.252668210816702867e+02,7.456006368635251569e+00,9.221596419714533921e-02,0.000000000000000000e+00,1.225468887364181967e+02
1.037250000000009642e+01,6.252854471908593723e+02,7.431509826448889022e+00,9.223048189973635791e-02,0.000000000000000000e+00,1.225578429908640459e+02
1.037500000000009592e+01,6.253040120592028188e+02,7.407014182586618034e+00,9.224495305748961482e-02,0.000000000000000000e+00,1.225687906362461632e+02
1.037750000000009543e+01,6.253225156889467371e+02,7.382519437350655522e+00,9.225940053744154101e-02,0.000000000000000000e+00,1.225797316485264332e+02
1.038000000000009493e+01,6.253409580823378064e+02,7.358025591063911186e+00,9.227382411557422115e-02,0.000000000000000000e+00,1.225906660055001964e+02
1.038250000000009443e+01,6.253593392416236156e+02,7.333532644070203332e+00,9.228822186820946627e-02,0.000000000000000000e+00,1.226015936872791912e+02
1.038500000000009393e+01,6.253776591690525493e+02,7.309040596734620365e+00,9.230256867201862281e-02,0.000000000000000000e+00,1.226125146720909669e+02
1.038750000000009344e+01,6.253959178668741288e+02,7.284549449443868063e+00,9.231687588550584189e-02,0.000000000000000000e+00,1.226234289357412450e+02
1.039000000000009294e+01,6.254141153373385578e+02,7.260059202606620410e+00,9.233115065903435559e-02,0.000000000000000000e+00,1.226343364549368431e+02
1.039250000000009244e+01,6.254322515826972904e+02,7.235569856653776277e+00,9.234537746387942725e-02,0.000000000000000000e+00,1.226452372054111635e+02
1.039500000000009194e+01,6.254503266052026902e+02,7.211081412038763183e+00,9.235958174116334907e-02,0.000000000000000000e+00,1.226561311661535001e+02
1.039750000000009145e+01,6.254683404071084851e+02,7.186593869237881016e+00,9.237374591366509513e-02,0.000000000000000000e+00,1.226670183165188206e+02
1.040000000000009095e+01,6.254862929906694262e+02,7.162107228750746124e+00,9.238787176114225674e-02,0.000000000000000000e+00,1.226778986308515300e+02
1.040250000000009045e+01,6.255041843581416288e+02,7.137621491100540894e+00,9.240197400729723010e-02,0.000000000000000000e+00,1.226887720868863170e+02
1.040500000000008995e+01,6.255220145117825723e+02,7.113136656834352145e+00,9.241602428752597465e-02,0.000000000000000000e+00,1.226996386650715891e+02
1.040750000000008946e+01,6.255397834538509869e+02,7.088652726523546832e+00,9.243004856784618750e-02,0.000000000000000000e+00,1.227104983393650457e+02
1.041000000000008896e+01,6.255574911866070806e+02,7.064169700764161064e+00,9.244403006491494490e-02,0.000000000000000000e+00,1.227213510889703940e+02
1.041250000000008846e+01,6.255751377123125394e+02,7.039687580177230508e+00,9.245797449399109635e-02,0.000000000000000000e+00,1.227321968897419282e+02
1.041500000000008797e+01,6.255927230332307545e+02,7.015206365409181188e+00,9.247188555173847802e-02,0.000000000000000000e+00,1.227430357192335748e+02
1.041750000000008747e+01,6.256102471516265950e+02,6.990726057132252258e+00,9.248576977809658262e-02,0.000000000000000000e+00,1.227538675557052699e+02
1.042000000000008697e+01,6.256277100697667493e+02,6.966246656044821073e+00,9.249960179373258040e-02,0.000000000000000000e+00,1.227646923776580223e+02
1.042250000000008647e+01,6.256451117899196106e+02,6.941768162871800207e+00,9.251339110233539054e-02,0.000000000000000000e+00,1.227755101613795716e+02
1.042500000000008598e+01,6.256624523143552778e+02,6.917290578365087761e+00,9.252713040285610868e-02,0.000000000000000000e+00,1.227863208829430448e+02
1.042750000000008548e+01,6.256797316453460098e+02,6.892813903303941281e+00,9.254083376896403423e-02,0.000000000000000000e+00,1.227971245169680401e+02
1.043000000000008498e+01,6.256969497851657707e+02,6.868338138495340139e+00,9.255450911924882618e-02,0.000000000000000000e+00,1.228079210414159235e+02
1.043250000000008448e+01,6.257141067360907982e+02,6.843863284774427846e+00,9.256814562808146629e-02,0.000000000000000000e+00,1.228187104351547987e+02
1.043500000000008399e+01,6.257312025003991494e+02,6.819389343004959692e+00,9.258173042778955475e-02,0.000000000000000000e+00,1.228294926743170521e+02
1.043750000000008349e+01,6.257482370803712683e+02,6.794916314079717523e+00,9.259529226186620499e-02,0.000000000000000000e+00,1.228402677349404968e+02
1.044000000000008299e+01,6.257652104782898732e+02,6.770444198920953838e+00,9.260879883998210382e-02,0.000000000000000000e+00,1.228510355971437633e+02
1.044250000000008249e+01,6.257821226964398420e+02,6.745972998480887384e+00,9.262225806585649979e-02,0.000000000000000000e+00,1.228617962358107150e+02
1.044500000000008200e+01,6.257989737371085539e+02,6.721502713742113500e+00,9.263568158416345122e-02,0.000000000000000000e+00,1.228725496281846006e+02
1.044750000000008150e+01,6.258157636025857755e+02,6.697033345718044650e+00,9.264907446126958990e-02,0.000000000000000000e+00,1.228832957491587763e+02
1.045000000000008100e+01,6.258324922951640019e+02,6.672564895453362510e+00,9.266241615865977721e-02,0.000000000000000000e+00,1.228940345777151464e+02
1.045250000000008050e+01,6.258491598171382293e+02,6.648097364024497580e+00,9.267571789563899820e-02,0.000000000000000000e+00,1.229047660911889039e+02
1.045500000000008001e+01,6.258657661708060687e+02,6.623630752540152322e+00,9.268896755857178316e-02,0.000000000000000000e+00,1.229154902642513889e+02
1.045750000000007951e+01,6.258823113584682005e+02,6.599165062141776339e+00,9.270219160059850472e-02,0.000000000000000000e+00,1.229262070750871771e+02
1.046000000000007901e+01,6.258987953824279202e+02,6.574700294004070855e+00,9.271536897493214135e-02,0.000000000000000000e+00,1.229369165009847933e+02
1.046250000000007851e+01,6.259152182449914790e+02,6.550236449335484323e+00,9.272850469871134205e-02,0.000000000000000000e+00,1.229476185181958527e+02
1.046500000000007802e+01,6.259315799484684248e+02,6.525773529378700921e+00,9.274158681577526764e-02,0.000000000000000000e+00,1.229583131049410554e+02
1.046750000000007752e+01,6.259478804951711481e+02,6.501311535411162801e+00,9.275463102517871039e-02,0.000000000000000000e+00,1.229690002344403581e+02
1.047000000000007702e+01,6.259641198874154497e+02,6.476850468745633194e+00,9.276764259150974135e-02,0.000000000000000000e+00,1.229796798846610670e+02
1.047250000000007653e+01,6.259802981275203138e+02,6.452390330730695567e+00,9.278060503771826117e-02,0.000000000000000000e+00,1.229903520350349879e+02
1.047500000000007603e+01,6.259964152178081349e+02,6.427931122751346926e+00,9.279352340520921616e-02,0.000000000000000000e+00,1.230010166620236021e+02
1.047750000000007553e+01,6.260124711606048322e+02,6.403472846229600890e+00,9.280640034361167801e-02,0.000000000000000000e+00,1.230116737414798251e+02
1.048000000000007503e+01,6.260284659582399627e+02,6.379015502624973522e+00,9.281922284641258569e-02,0.000000000000000000e+00,1.230223232514072009e+02
1.048250000000007454e+01,6.260443996130466076e+02,6.354559093435076633e+00,9.283202675521276537e-02,0.000000000000000000e+00,1.230329651666928896e+02
1.048500000000007404e+01,6.260602721273615998e+02,6.330103620196210201e+00,9.284476778431163813e-02,0.000000000000000000e+00,1.230435994677196163e+02
1.048750000000007354e+01,6.260760835035258651e+02,6.305649084483946787e+00,9.285747550510255188e-02,0.000000000000000000e+00,1.230542261290628119e+02
1.049000000000007304e+01,6.260918337438840808e+02,6.281195487913729281e+00,9.287013096302232373e-02,0.000000000000000000e+00,1.230648451278542268e+02
1.049250000000007255e+01,6.261075228507850170e+02,6.256742832141488186e+00,9.288274052630456079e-02,0.000000000000000000e+00,1.230754564403167990e+02
1.049500000000007205e+01,6.261231508265816501e+02,6.232291118864262458e+00,9.289530457832578803e-02,0.000000000000000000e+00,1.230860600446946052e+02
1.049750000000007155e+01,6.261387176736312767e+02,6.207840349820843429e+00,9.290782359856356032e-02,0.000000000000000000e+00,1.230966559169150116e+02
1.050000000000007105e+01,6.261542233942953999e+02,6.183390526792440944e+00,9.292030758856401063e-02,0.000000000000000000e+00,1.231072440339656993e+02
1.050250000000007056e+01,6.261696679909400700e+02,6.158941651603293543e+00,9.293274968917072942e-02,0.000000000000000000e+00,1.231178243728750772e+02
1.050500000000007006e+01,6.261850514659361124e+02,6.134493726121351465e+00,9.294514616756525960e-02,0.000000000000000000e+00,1.231283969116911834e+02
1.050750000000006956e+01,6.262003738216587863e+02,6.110046752258922353e+00,9.295748747453022598e-02,0.000000000000000000e+00,1.231389616276133978e+02
1.051000000000006906e+01,6.262156350604882391e+02,6.085600731973373811e+00,9.296979075611262744e-02,0.000000000000000000e+00,1.231495184963843883e+02
1.051250000000006857e+01,6.262308351848095072e+02,6.061155667267830616e+00,9.298203990831646615e-02,0.000000000000000000e+00,1.231600674942832967e+02
1.051500000000006807e+01,6.262459741970128562e+02,6.036711560191863057e+00,9.299424758015670256e-02,0.000000000000000000e+00,1.231706085992142192e+02
1.051750000000006757e+01,6.262610520994934404e+02,6.012268412842230347e+00,9.300639693268457353e-02,0.000000000000000000e+00,1.231811417876927663e+02
1.052000000000006708e+01,6.262760688946518712e+02,5.987826227363647114e+00,9.301850494895860799e-02,0.000000000000000000e+00,1.231916670346369216e+02
1.052250000000006658e+01,6.262910245848939894e+02,5.963385005949489504e+00,9.303056656283854864e-02,0.000000000000000000e+00,1.232021843189014305e+02
1.052500000000006608e+01,6.263059191726313202e+02,5.938944750842539477e+00,9.304259486780246113e-02,0.000000000000000000e+00,1.232126936172330289e+02
1.052750000000006558e+01,6.263207526602809594e+02,5.914505464335752194e+00,9.305456643713835851e-02,0.000000000000000000e+00,1.232231949072476596e+02
1.053000000000006509e+01,6.263355250502656872e+02,5.890067148773046490e+00,9.306649551019922917e-02,0.000000000000000000e+00,1.232336881651374512e+02
1.053250000000006459e+01,6.263502363450141956e+02,5.865629806550097136e+00,9.307838216172506507e-02,0.000000000000000000e+00,1.232441733686422509e+02
1.053500000000006409e+01,6.263648865469612019e+02,5.841193440115124424e+00,9.309022964683004442e-02,0.000000000000000000e+00,1.232546504947004564e+02
1.053750000000006359e+01,6.263794756585476762e+02,5.816758051969713961e+00,9.310201835853817998e-02,0.000000000000000000e+00,1.232651195232563168e+02
1.054000000000006310e+01,6.263940036822208413e+02,5.792323644669659544e+00,9.311375457456504134e-02,0.000000000000000000e+00,1.232755804280771912e+02
1.054250000000006260e+01,6.264084706204342865e+02,5.767890220825791836e+00,9.312545908338289158e-02,0.000000000000000000e+00,1.232860331848804378e+02
1.054500000000006210e+01,6.264228764756480814e+02,5.743457783104837233e+00,9.313710073672008816e-02,0.000000000000000000e+00,1.232964777743647886e+02
1.054750000000006160e+01,6.264372212503291166e+02,5.719026334230331798e+00,9.314870828065675845e-02,0.000000000000000000e+00,1.233069141713373256e+02
1.055000000000006111e+01,6.264515049469512178e+02,5.694595876983475691e+00,9.316026751738902545e-02,0.000000000000000000e+00,1.233173423550009602e+02
1.055250000000006061e+01,6.264657275679949180e+02,5.670166414204013350e+00,9.317178338655096592e-02,0.000000000000000000e+00,1.233277623018523883e+02
1.055500000000006011e+01,6.264798891159481400e+02,5.645737948791166971e+00,9.318323158117092220e-02,0.000000000000000000e+00,1.233381739902472987e+02
1.055750000000005961e+01,6.264939895933058551e+02,5.621310483704574423e+00,9.319464352210674041e-02,0.000000000000000000e+00,1.233485773936572798e+02
1.056000000000005912e+01,6.265080290025707654e+02,5.596884021965224498e+00,9.320599396089243593e-02,0.000000000000000000e+00,1.233589724928316258e+02
1.056250000000005862e+01,6.265220073462528489e+02,5.572458566656444567e+00,9.321730595130200969e-02,0.000000000000000000e+00,1.233693592610452896e+02
1.056500000000005812e+01,6.265359246268700417e+02,5.548034120924820733e+00,9.322857667249820346e-02,0.000000000000000000e+00,1.233797376790841867e+02
1.056750000000005763e+01,6.265497808469481242e+02,5.523610687981232559e+00,9.323979383107512675e-02,0.000000000000000000e+00,1.233901077238496100e+02
1.057000000000005713e+01,6.265635760090209487e+02,5.499188271101852266e+00,9.325097858126203676e-02,0.000000000000000000e+00,1.234004693720123100e+02
1.057250000000005663e+01,6.265773101156305529e+02,5.474766873629151931e+00,9.326211087071359374e-02,0.000000000000000000e+00,1.234108226029773903e+02
1.057500000000005613e+01,6.265909831693273873e+02,5.450346498972941767e+00,9.327319653289714574e-02,0.000000000000000000e+00,1.234211673946783776e+02
1.057750000000005564e+01,6.266045951726705425e+02,5.425927150611465244e+00,9.328422191329795166e-02,0.000000000000000000e+00,1.234315037238631021e+02
1.058000000000005514e+01,6.266181461282277496e+02,5.401508832092465795e+00,9.329519440464510704e-02,0.000000000000000000e+00,1.234418315664722030e+02
1.058250000000005464e+01,6.266316360385756070e+02,5.377091547034235752e+00,9.330613016222152889e-02,0.000000000000000000e+00,1.234521508993242804e+02
1.058500000000005414e+01,6.266450649062999219e+02,5.352675299126751440e+00,9.331701025368439872e-02,0.000000000000000000e+00,1.234624617011056102e+02
1.058750000000005365e+01,6.266584327339957099e+02,5.328260092132817149e+00,9.332785194998415024e-02,0.000000000000000000e+00,1.234727639505359775e+02
1.059000000000005315e+01,6.266717395242674229e+02,5.303845929889220656e+00,9.333864238448441597e-02,0.000000000000000000e+00,1.234830576259537480e+02
1.059250000000005265e+01,6.266849852797292897e+02,5.279432816307893184e+00,9.334937716889250836e-02,0.000000000000000000e+00,1.234933427040201650e+02
1.059500000000005215e+01,6.266981700030050888e+02,5.255020755377075581e+00,9.336006089523078699e-02,0.000000000000000000e+00,1.235036191612600334e+02
1.059750000000005166e+01,6.267112936967288306e+02,5.230609751162514698e+00,9.337069413635140647e-02,0.000000000000000000e+00,1.235138869759506122e+02
1.060000000000005116e+01,6.267243563635446435e+02,5.206199807808713942e+00,9.338128536905611343e-02,0.000000000000000000e+00,1.235241461257623428e+02
1.060250000000005066e+01,6.267373580061071152e+02,5.181790929540176727e+00,9.339183917515203603e-02,0.000000000000000000e+00,1.235343965893716955e+02
1.060500000000005016e+01,6.267502986270814063e+02,5.157383120662658804e+00,9.340233756769708573e-02,0.000000000000000000e+00,1.235446383458945832e+02
1.060750000000004967e+01,6.267631782291434774e+02,5.132976385564433919e+00,9.341278685822676509e-02,0.000000000000000000e+00,1.235548713716895861e+02
1.061000000000004917e+01,6.267759968149803171e+02,5.108570728717626075e+00,9.342318827383326585e-02,0.000000000000000000e+00,1.235650956459720788e+02
1.061250000000004867e+01,6.267887543872901688e+02,5.084166154679548910e+00,9.343353202914306266e-02,0.000000000000000000e+00,1.235753111462804839e+02
1.061500000000004817e+01,6.268014509487826444e+02,5.059762668094026417e+00,9.344382987167737520e-02,0.000000000000000000e+00,1.235855178495867648e+02
1.061750000000004768e+01,6.268140865021790660e+02,5.035360273692778499e+00,9.345407593391030776e-02,0.000000000000000000e+00,1.235957157340169630e+02
1.062000000000004718e+01,6.268266610502126923e+02,5.010958976296815415e+00,9.346427599559810340e-02,0.000000000000000000e+00,1.236059047780564555e+02
1.062250000000004668e+01,6.268391745956288332e+02,4.986558780817852643e+00,9.347442398154882925e-02,0.000000000000000000e+00,1.236160849597882390e+02
1.062500000000004619e+01,6.268516271411851903e+02,4.962159692259763055e+00,9.348452964683365285e-02,0.000000000000000000e+00,1.236262562574974027e+02
1.062750000000004569e+01,6.268640186896518571e+02,4.937761715720045963e+00,9.349458431380132384e-02,0.000000000000000000e+00,1.236364186504219873e+02
1.063000000000004519e+01,6.268763492438118874e+02,4.913364856391292612e+00,9.350459594442971090e-02,0.000000000000000000e+00,1.236465721152244441e+02
1.063250000000004469e+01,6.268886188064614089e+02,4.888969119562687204e+00,9.351455307852607479e-02,0.000000000000000000e+00,1.236567166329358116e+02
1.063500000000004420e+01,6.269008273804096234e+02,4.864574510621572756e+00,9.352446772843668599e-02,0.000000000000000000e+00,1.236668521796310500e+02
1.063750000000004370e+01,6.269129749684794888e+02,4.840181035055035608e+00,9.353433265823810072e-02,0.000000000000000000e+00,1.236769787367036315e+02
1.064000000000004320e+01,6.269250615735074916e+02,4.815788698451465066e+00,9.354413684325774136e-02,0.000000000000000000e+00,1.236870962809543784e+02
1.064250000000004270e+01,6.269370871983443294e+02,4.791397506502190318e+00,9.355390181729693333e-02,0.000000000000000000e+00,1.236972047913044577e+02
1.064500000000004221e+01,6.269490518458550241e+02,4.767007465003105793e+00,9.356360196843094279e-02,0.000000000000000000e+00,1.237073042460178982e+02
1.064750000000004171e+01,6.269609555189189223e+02,4.742618579856356931e+00,9.357327638241104417e-02,0.000000000000000000e+00,1.237173946222873155e+02
1.065000000000004121e+01,6.269727982204303771e+02,4.718230857072022388e+00,9.358288464568764731e-02,0.000000000000000000e+00,1.237274759027501716e+02
1.065250000000004071e+01,6.269845799532988622e+02,4.693844302769852206e+00,9.359245936229182439e-02,0.000000000000000000e+00,1.237375480627354420e+02
1.065500000000004022e+01,6.269963007204490850e+02,4.669458923181008636e+00,9.360197456675592442e-02,0.000000000000000000e+00,1.237476110836300478e+02
1.065750000000003972e+01,6.270079605248214420e+02,4.645074724649822073e+00,9.361145115244592918e-02,0.000000000000000000e+00,1.237576649429803268e+02
1.066000000000003922e+01,6.270195593693722458e+02,4.620691713635646458e+00,9.362087156084908379e-02,0.000000000000000000e+00,1.237677096205519547e+02
1.066250000000003872e+01,6.270310972570739523e+02,4.596309896714707577e+00,9.363025329220302229e-02,0.000000000000000000e+00,1.237777450946826434e+02
1.066500000000003823e+01,6.270425741909157296e+02,4.571929280581961130e+00,9.363957682605990318e-02,0.000000000000000000e+00,1.237877713464637708e+02
1.066750000000003773e+01,6.270539901739033439e+02,4.547549872052988107e+00,9.364884235903717102e-02,0.000000000000000000e+00,1.237977883531235932e+02
1.067000000000003723e+01,6.270653452090598421e+02,4.523171678065959433e+00,9.365807760834862772e-02,0.000000000000000000e+00,1.238077960924041889e+02
1.067250000000003674e+01,6.270766392994255511e+02,4.498794705683579309e+00,9.366725351571851543e-02,0.000000000000000000e+00,1.238177945467684538e+02
1.067500000000003624e+01,6.270878724480586470e+02,4.474418961978097187e+00,9.367637743891500668e-02,0.000000000000000000e+00,1.238277836937425604e+02
1.067750000000003574e+01,6.270990446580342450e+02,4.450044453027881985e+00,9.368545619364780641e-02,0.000000000000000000e+00,1.238377635129163679e+02
1.068000000000003524e+01,6.271101559324415575e+02,4.425671183827404320e+00,9.369448785222893317e-02,0.000000000000000000e+00,1.238477339830682808e+02
1.068250000000003475e+01,6.271212062743828710e+02,4.401299159445263065e+00,9.370347847485191450e-02,0.000000000000000000e+00,1.238576950849862470e+02
1.068500000000003425e+01,6.271321956869729775e+02,4.376928384820507389e+00,9.371241327875361182e-02,0.000000000000000000e+00,1.238676467986931868e+02
1.068750000000003375e+01,6.271431241733390607e+02,4.352558864912405845e+00,9.372130241245384130e-02,0.000000000000000000e+00,1.238775891028611653e+02
1.069000000000003325e+01,6.271539917366208101e+02,4.328190604719805101e+00,9.373013119312297026e-02,0.000000000000000000e+00,1.238875219775983680e+02
1.069250000000003276e+01,6.271647983799703070e+02,4.303823609281445250e+00,9.373892284844338729e-02,0.000000000000000000e+00,1.238974454004178227e+02
1.069500000000003226e+01,6.271755441065523655e+02,4.279457883676238694e+00,9.374766654052069104e-02,0.000000000000000000e+00,1.239073593534808282e+02
1.069750000000003176e+01,6.271862289195444191e+02,4.255093433023558802e+00,9.375636927381973684e-02,0.000000000000000000e+00,1.239172638159778899e+02
1.070000000000003126e+01,6.271968528221368615e+02,4.230730262483549886e+00,9.376501363368637543e-02,0.000000000000000000e+00,1.239271587694206431e+02
1.070250000000003077e+01,6.272074158175329330e+02,4.206368377257434510e+00,9.377361300344537465e-02,0.000000000000000000e+00,1.239370441918529906e+02
1.070500000000003027e+01,6.272179179089488343e+02,4.182007782587826128e+00,9.378215969175533739e-02,0.000000000000000000e+00,1.239469200634532910e+02
1.070750000000002977e+01,6.272283590996139537e+02,4.157648483759035507e+00,9.379065849580539571e-02,0.000000000000000000e+00,1.239567863640536558e+02
1.071000000000002927e+01,6.272387393927708672e+02,4.133290486097425109e+00,9.379910654820887428e-02,0.000000000000000000e+00,1.239666430742579166e+02
1.071250000000002878e+01,6.272490587916756795e+02,4.108933794971713738e+00,9.380751805850326419e-02,0.000000000000000000e+00,1.239764901741057059e+02
1.071500000000002828e+01,6.272593172995976829e+02,4.084578415793305162e+00,9.381586840556087326e-02,0.000000000000000000e+00,1.239863276449654279e+02
1.071750000000002778e+01,6.272695149198198123e+02,4.060224354016614079e+00,9.382418187049731961e-02,0.000000000000000000e+00,1.239961554648654243e+02
1.072000000000002728e+01,6.272796516556387587e+02,4.035871615139410729e+00,9.383244141763269486e-02,0.000000000000000000e+00,1.240059736164238444e+02
1.072250000000002679e+01,6.272897275103649690e+02,4.011520204703167281e+00,9.384065699516168368e-02,0.000000000000000000e+00,1.240157820785214966e+02
1.072500000000002629e+01,6.272997424873226464e+02,3.987170128293407778e+00,9.384883102568639113e-02,0.000000000000000000e+00,1.240255808323328353e+02
1.072750000000002579e+01,6.273096965898500912e+02,3.962821391540052307e+00,9.385695418979894677e-02,0.000000000000000000e+00,1.240353698592674050e+02
1.073000000000002530e+01,6.273195898212995871e+02,3.938474000117800244e+00,9.386502517566962245e-02,0.000000000000000000e+00,1.240451491386417047e+02
1.073250000000002480e+01,6.273294221850378563e+02,3.914127959746501073e+00,9.387297685583941009e-02,0.000000000000000000e+00,1.240549186594226967e+02
1.073500000000002430e+01,6.273391936842333507e+02,3.889782939659476746e+00,9.388071626203889353e-02,0.000000000000000000e+00,1.240646784408100416e+02
1.073750000000002380e+01,6.273489043212774732e+02,3.865438720587865085e+00,9.388828365701062939e-02,0.000000000000000000e+00,1.240744285106266176e+02
1.074000000000002331e+01,6.273585540982254543e+02,3.841095333019397540e+00,9.389565296337122613e-02,0.000000000000000000e+00,1.240841689004821120e+02
1.074250000000002281e+01,6.273681430171604916e+02,3.816752747053431705e+00,9.390282970994320855e-02,0.000000000000000000e+00,1.240938996448927725e+02
1.074500000000002231e+01,6.273776710800908631e+02,3.792410970364231915e+00,9.390980881679668324e-02,0.000000000000000000e+00,1.241036207776837870e+02
1.074750000000002181e+01,6.273871382890441737e+02,3.768070010673549852e+00,9.391660586132670463e-02,0.000000000000000000e+00,1.241133323331642373e+02
1.075000000000002132e+01,6.273965446460673547e+02,3.743729875750667624e+00,9.392321672727152460e-02,0.000000000000000000e+00,1.241230343475344569e+02
1.075250000000002082e+01,6.274058901532266646e+02,3.719390573412431955e+00,9.392965239675310496e-02,0.000000000000000000e+00,1.241327268568090716e+02
1.075500000000002032e+01,6.274151748126081429e+02,3.695052111523293270e+00,9.393590606512598751e-02,0.000000000000000000e+00,1.241424098975561918e+02
1.075750000000001982e+01,6.274243986263172701e+02,3.670714497995328340e+00,9.394197580176148754e-02,0.000000000000000000e+00,1.241520835058917811e+02
1.076000000000001933e+01,6.274335615964796489e+02,3.646377740788272259e+00,9.394786498560200871e-02,0.000000000000000000e+00,1.241617477182692113e+02
1.076250000000001883e+01,6.274426637252404362e+02,3.622041847909533985e+00,9.395358502113253241e-02,0.000000000000000000e+00,1.241714025713651068e+02
1.076500000000001833e+01,6.274517050147651389e+02,3.597706827414216324e+00,9.395912594316817301e-02,0.000000000000000000e+00,1.241810481032675000e+02
1.076750000000001783e+01,6.274606854672392728e+02,3.573372687405126591e+00,9.396450280460244553e-02,0.000000000000000000e+00,1.241906843511720382e+02
1.077000000000001734e+01,6.274696050848687037e+02,3.549039436032786377e+00,9.396971172276308293e-02,0.000000000000000000e+00,1.242003113537801937e+02
1.077250000000001684e+01,6.274784638698796471e+02,3.524707081495440875e+00,9.397475362124048381e-02,0.000000000000000000e+00,1.242099291499125258e+02
1.077500000000001634e+01,6.274872618245188960e+02,3.500375632039055773e+00,9.397961897343094784e-02,0.000000000000000000e+00,1.242195377780349617e+02
1.077750000000001585e+01,6.274959989510538207e+02,3.476045095957320363e+00,9.398433624553356736e-02,0.000000000000000000e+00,1.242291372763602340e+02
1.078000000000001535e+01,6.275046752517725963e+02,3.451715481591643098e+00,9.398888658552886910e-02,0.000000000000000000e+00,1.242387276866996615e+02
1.078250000000001485e+01,6.275132907289842024e+02,3.427386797331146706e+00,9.399327964239204136e-02,0.000000000000000000e+00,1.242483090476261935e+02
1.078500000000001435e+01,6.275218453850187643e+02,3.403059051612657093e+00,9.399751291380631368e-02,0.000000000000000000e+00,1.242578813994967959e+02
1.078750000000001386e+01,6.275303392222274397e+02,3.378732252920686907e+00,9.400158852178004676e-02,0.000000000000000000e+00,1.242674447825164208e+02
1.079000000000001336e+01,6.275387722429826454e+02,3.354406409787423105e+00,9.400550907260053768e-02,0.000000000000000000e+00,1.242769992367354490e+02
1.079250000000001286e+01,6.275471444496781714e+02,3.330081530792700750e+00,9.400928725213265891e-02,0.000000000000000000e+00,1.242865448034222879e+02
1.079500000000001236e+01,6.275554558447292948e+02,3.305757624563988806e+00,9.401291860516508558e-02,0.000000000000000000e+00,1.242960815252960316e+02
1.079750000000001187e+01,6.275637064305727790e+02,3.281434699776365704e+00,9.401638753116317582e-02,0.000000000000000000e+00,1.243056094445769872e+02
1.080000000000001137e+01,6.275718962096671021e+02,3.257112765152490930e+00,9.401971383338719734e-02,0.000000000000000000e+00,1.243151286009345853e+02
1.080250000000001087e+01,6.275800251844927971e+02,3.232791829462577482e+00,9.402289358115988038e-02,0.000000000000000000e+00,1.243246390378135828e+02
1.080500000000001037e+01,6.275880933575521112e+02,3.208471901524364345e+00,9.402593699495936930e-02,0.000000000000000000e+00,1.243341407965292973e+02
1.080750000000000988e+01,6.275961007313694608e+02,3.184152990203080513e+00,9.402883858351389346e-02,0.000000000000000000e+00,1.243436339210732058e+02
1.081000000000000938e+01,6.276040473084914311e+02,3.159835104411409024e+00,9.403160370669542967e-02,0.000000000000000000e+00,1.243531184552490458e+02
1.081250000000000888e+01,6.276119330914870034e+02,3.135518253109458087e+00,9.403423427436879978e-02,0.000000000000000000e+00,1.243625944421472269e+02
1.081500000000000838e+01,6.276197580829474418e+02,3.111202445304723341e+00,9.403673260994925565e-02,0.000000000000000000e+00,1.243720619263545757e+02
1.081750000000000789e+01,6.276275222854866342e+02,3.086887690052048772e+00,9.403909451871979297e-02,0.000000000000000000e+00,1.243815209524892680e+02
1.082000000000000739e+01,6.276352257017412057e+02,3.062573996453586744e+00,9.404132308816305630e-02,0.000000000000000000e+00,1.243909715641939044e+02
1.082250000000000689e+01,6.276428683343704051e+02,3.038261373658753151e+00,9.404342462112057210e-02,0.000000000000000000e+00,1.244004138068596745e+02
1.082500000000000639e+01,6.276504501860564460e+02,3.013949830864191881e+00,9.404540136807458539e-02,0.000000000000000000e+00,1.244098477241996079e+02
1.082750000000000590e+01,6.276579712595046203e+02,2.989639377313729529e+00,9.404724852463804130e-02,0.000000000000000000e+00,1.244192733629600411e+02
1.083000000000000540e+01,6.276654315574432985e+02,2.965330022298330093e+00,9.404896823034093745e-02,0.000000000000000000e+00,1.244286907678346523e+02
1.083250000000000490e+01,6.276728310826240431e+02,2.941021775156055007e+00,9.405056131448534529e-02,0.000000000000000000e+00,1.244380999844228768e+02
1.083500000000000441e+01,6.276801698378219498e+02,2.916714645272015627e+00,9.405203165005503185e-02,0.000000000000000000e+00,1.244475010572969182e+02
1.083750000000000391e+01,6.276874478258354202e+02,2.892408642078335035e+00,9.405338333307690368e-02,0.000000000000000000e+00,1.244568940334425236e+02
1.084000000000000341e+01,6.276946650494866162e+02,2.868103775054103188e+00,9.405461686353634720e-02,0.000000000000000000e+00,1.244662789594394638e+02
1.084250000000000291e+01,6.277018215116214606e+02,2.843800053725338284e+00,9.405573915094335435e-02,0.000000000000000000e+00,1.244756558828972146e+02
1.084500000000000242e+01,6.277089172151095227e+02,2.819497487664941016e+00,9.405674259997345854e-02,0.000000000000000000e+00,1.244850248504710208e+02
1.084750000000000192e+01,6.277159521628443599e+02,2.795196086492655940e+00,9.405763638068566357e-02,0.000000000000000000e+00,1.244943859090393801e+02
1.085000000000000142e+01,6.277229263577437450e+02,2.770895859875026623e+00,9.405841911147536094e-02,0.000000000000000000e+00,1.245037391068939883e+02
1.085250000000000092e+01,6.277298398027496660e+02,2.746596817525359668e+00,9.405909534035505892e-02,0.000000000000000000e+00,1.245130844918153485e+02
1.085500000000000043e+01,6.277366925008282124e+02,2.722298969203682084e+00,9.405965626906967469e-02,0.000000000000000000e+00,1.245224221123252306e+02
1.085749999999999993e+01,6.277434844549700301e+02,2.698002324716707090e+00,9.406011609635432646e-02,0.000000000000000000e+00,1.245317520159273528e+02
1.085999999999999943e+01,6.277502156681903216e+02,2.673706893917799032e+00,9.406046680117217951e-02,0.000000000000000000e+00,1.245410742515646376e+02
1.086249999999999893e+01,6.277568861435289591e+02,2.649412686706938747e+00,9.406071117486548838e-02,0.000000000000000000e+00,1.245503888676403221e+02
1.086499999999999844e+01,6.277634958840504851e+02,2.625119713030692470e+00,9.406085529558769198e-02,0.000000000000000000e+00,1.245596959123233063e+02
1.086749999999999794e+01,6.277700448928444530e+02,2.600827982882184752e+00,9.406090112913854939e-02,0.000000000000000000e+00,1.245689954355361806e+02
1.086999999999999744e+01,6.277765331730253138e+02,2.576537506301066482e+00,9.406084418444458917e-02,0.000000000000000000e+00,1.245782874870760253e+02
1.087249999999999694e+01,6.277829607277327568e+02,2.552248293373498012e+00,9.406068804923226057e-02,0.000000000000000000e+00,1.245875721157447629e+02
1.087499999999999645e+01,6.277893275601315963e+02,2.527960354232122508e+00,9.406043537408732835e-02,0.000000000000000000e+00,1.245968493714193670e+02
1.087749999999999595e+01,6.277956336734122260e+02,2.503673699056047752e+00,9.406008601001024372e-02,0.000000000000000000e+00,1.246061193050562395e+02
1.087999999999999545e+01,6.278018790707901644e+02,2.479388338070836806e+00,9.405964696050912732e-02,0.000000000000000000e+00,1.246153819656456818e+02
1.088249999999999496e+01,6.278080637555068506e+02,2.455104281548492029e+00,9.405911336927305633e-02,0.000000000000000000e+00,1.246246374047282757e+02
1.088499999999999446e+01,6.278141877308293033e+02,2.430821539807447085e+00,9.405848398064473037e-02,0.000000000000000000e+00,1.246338856727186339e+02
1.088749999999999396e+01,6.278202510000502343e+02,2.406540123212562055e+00,9.405777001754227207e-02,0.000000000000000000e+00,1.246431268192386028e+02
1.088999999999999346e+01,6.278262535664885036e+02,2.382260042175122994e+00,9.405696225766416174e-02,0.000000000000000000e+00,1.246523608970723132e+02
1.089249999999999297e+01,6.278321954334890052e+02,2.357981307152849038e+00,9.405606378841060988e-02,0.000000000000000000e+00,1.246615879560983160e+02
1.089499999999999247e+01,6.278380766044225538e+02,2.333703928649897730e+00,9.405508137469356655e-02,0.000000000000000000e+00,1.246708080476092562e+02
1.089749999999999197e+01,6.278438970826865670e+02,2.309427917216877013e+00,9.405402243523990069e-02,0.000000000000000000e+00,1.246800212236717869e+02
1.089999999999999147e+01,6.278496568717047239e+02,2.285153283450866102e+00,9.405287350159458049e-02,0.000000000000000000e+00,1.246892275368172704e+02
1.090249999999999098e+01,6.278553559749271926e+02,2.260880037995439018e+00,9.405164389958640958e-02,0.000000000000000000e+00,1.246984270380174706e+02
1.090499999999999048e+01,6.278609943958308577e+02,2.236608191540688129e+00,9.405033043187924213e-02,0.000000000000000000e+00,1.247076197796884998e+02
1.090749999999998998e+01,6.278665721379192064e+02,2.212337754823258784e+00,9.404894068201602453e-02,0.000000000000000000e+00,1.247168058136638962e+02
1.090999999999998948e+01,6.278720892047227835e+02,2.188068738626390619e+00,9.404747540588130617e-02,0.000000000000000000e+00,1.247259851936737789e+02
1.091249999999998899e+01,6.278775455997990775e+02,2.163801153779960629e+00,9.404592562530382505e-02,0.000000000000000000e+00,1.247351579720255330e+02
1.091499999999998849e+01,6.278829413267325208e+02,2.139535011160535127e+00,9.404430776319132324e-02,0.000000000000000000e+00,1.247443242014646501e+02
1.091749999999998799e+01,6.278882763891349441e+02,2.115270321691426592e+00,9.404261606096232795e-02,0.000000000000000000e+00,1.247534839353163107e+02
1.091999999999998749e+01,6.278935507906454632e+02,2.091007096342756721e+00,9.404084419143267370e-02,0.000000000000000000e+00,1.247626372271796811e+02
1.092249999999998700e+01,6.278987645349305922e+02,2.066745346131525274e+00,9.403900058096704984e-02,0.000000000000000000e+00,1.247717841299431001e+02
1.092499999999998650e+01,6.279039176256844712e+02,2.042485082121685558e+00,9.403708546804621926e-02,0.000000000000000000e+00,1.247809246973471176e+02
1.092749999999998600e+01,6.279090100666288663e+02,2.018226315424231476e+00,9.403510562759774538e-02,0.000000000000000000e+00,1.247900589830997262e+02
1.092999999999998550e+01,6.279140418615133967e+02,1.993969057197285011e+00,9.403305553691571061e-02,0.000000000000000000e+00,1.247991870415754931e+02
1.093249999999998501e+01,6.279190130141156487e+02,1.969713318646193478e+00,9.403093710432583463e-02,0.000000000000000000e+00,1.248083089264219439e+02
1.093499999999998451e+01,6.279239235282411755e+02,1.945459111023633891e+00,9.402875861201598351e-02,0.000000000000000000e+00,1.248174246923638719e+02
1.093749999999998401e+01,6.279287734077236109e+02,1.921206445629725756e+00,9.402650951367717835e-02,0.000000000000000000e+00,1.248265343943896966e+02
1.093999999999998352e+01,6.279335626564251243e+02,1.896955333812151201e+00,9.402419591253638465e-02,0.000000000000000000e+00,1.248356380866140398e+02
1.094249999999998302e+01,6.279382912782359654e+02,1.872705786966282870e+00,9.402181407893159260e-02,0.000000000000000000e+00,1.248447358234305824e+02
1.094499999999998252e+01,6.279429592770751469e+02,1.848457816535318265e+00,9.401938074946768198e-02,0.000000000000000000e+00,1.248538276592502427e+02
1.094749999999998202e+01,6.279475666568902170e+02,1.824211434010423627e+00,9.401688267265284615e-02,0.000000000000000000e+00,1.248629136506021382e+02
1.094999999999998153e+01,6.279521134216574865e+02,1.799966650930886036e+00,9.401431919720626418e-02,0.000000000000000000e+00,1.248719938523295099e+02
1.095249999999998103e+01,6.279565995753821426e+02,1.775723478884273732e+00,9.401169391041955259e-02,0.000000000000000000e+00,1.248810683188596045e+02
1.095499999999998053e+01,6.279610251220983628e+02,1.751481929506603308e+00,9.400901925864778297e-02,0.000000000000000000e+00,1.248901371052601803e+02
1.095749999999998003e+01,6.279653900658694283e+02,1.727242014482516019e+00,9.400628649809371351e-02,0.000000000000000000e+00,1.248992002683048383e+02
1.095999999999997954e+01,6.279696944107879517e+02,1.703003745545463632e+00,9.400349813818083267e-02,0.000000000000000000e+00,1.249082578643527057e+02
1.096249999999997904e+01,6.279739381609757629e+02,1.678767134477903156e+00,9.400065383992002588e-02,0.000000000000000000e+00,1.249173099487330916e+02
1.096499999999997854e+01,6.279781213205842505e+02,1.654532193111498239e+00,9.399775549222223747e-02,0.000000000000000000e+00,1.249263565780541683e+02
1.096749999999997804e+01,6.279822438937944753e+02,1.630298933327331001e+00,9.399480079817011668e-02,0.000000000000000000e+00,1.249353978080160630e+02
1.096999999999997755e+01,6.279863058848170567e+02,1.606067367056121409e+00,9.399179603162707841e-02,0.000000000000000000e+00,1.249444336948654382e+02
1.097249999999997705e+01,6.279903072978926275e+02,1.581837506278456873e+00,9.398873750280078987e-02,0.000000000000000000e+00,1.249534642945529725e+02
1.097499999999997655e+01,6.279942481372918337e+02,1.557609363025029392e+00,9.398563223902210717e-02,0.000000000000000000e+00,1.249624896639047194e+02
1.097749999999997605e+01,6.279981284073152210e+02,1.533382949376883797e+00,9.398247674399549945e-02,0.000000000000000000e+00,1.249715098605169317e+02
1.097999999999997556e+01,6.280019481122936895e+02,1.509158277465672660e+00,9.397927040290759981e-02,0.000000000000000000e+00,1.249805249405742131e+02
1.098249999999997506e+01,6.280057072565884937e+02,1.484935359473920968e+00,9.397602235685550975e-02,0.000000000000000000e+00,1.249895349613778421e+02
1.098499999999997456e+01,6.280094058445914698e+02,1.460714207635300355e+00,9.397272603527433155e-02,0.000000000000000000e+00,1.249985399803971831e+02
1.098749999999997407e+01,6.280130438807249220e+02,1.436494834234910867e+00,9.396938353165892877e-02,0.000000000000000000e+00,1.250075400547919031e+02
1.098999999999997357e+01,6.280166213694418502e+02,1.412277251609574069e+00,9.396599313877593285e-02,0.000000000000000000e+00,1.250165352421623197e+02
1.099249999999997307e+01,6.280201383152262906e+02,1.388061472148132358e+00,9.396256020885791760e-02,0.000000000000000000e+00,1.250255255997885229e+02
1.099499999999997257e+01,6.280235947225933160e+02,1.363847508291757160e+00,9.395908949379716546e-02,0.000000000000000000e+00,1.250345111848455275e+02
1.099749999999997208e+01,6.280269905960889218e+02,1.339635372534268676e+00,9.395557816655608629e-02,0.000000000000000000e+00,1.250434920562988452e+02
1.099999999999997158e+01,6.280303259402904814e+02,1.315425077422462508e+00,9.395202409632850971e-02,0.000000000000000000e+00,1.250524682726242673e+02
1.100249999999997108e+01,6.280336007598067454e+02,1.291216635556443393e+00,9.394842545238332732e-02,0.000000000000000000e+00,1.250614398914474918e+02
1.100499999999997058e+01,6.280368150592779557e+02,1.267010059589970039e+00,9.394478742322583120e-02,0.000000000000000000e+00,1.250704069701558296e+02
1.100749999999997009e+01,6.280399688433761867e+02,1.242805362230806177e+00,9.394111137739713513e-02,0.000000000000000000e+00,1.250793695675966006e+02
1.100999999999996959e+01,6.280430621168051175e+02,1.218602556241080048e+00,9.393740043278950291e-02,0.000000000000000000e+00,1.250883277424525062e+02
1.101249999999996909e+01,6.280460948843004871e+02,1.194401654437655003e+00,9.393364815327648332e-02,0.000000000000000000e+00,1.250972815534878748e+02
1.101499999999996859e+01,6.280490671506300941e+02,1.170202669692504749e+00,9.393119642196134933e-02,0.000000000000000000e+00,1.251062303759049001e+02
1.101749999999996810e+01,6.280519787848928672e+02,1.145920089705287248e+00,9.393033696392351362e-02,0.000000000000000000e+00,1.251151739553746296e+02
1.101999999999996760e+01,6.280548297300422291e+02,1.121533804485818520e+00,9.392974889402685990e-02,0.000000000000000000e+00,1.251241109252449490e+02
1.102249999999996710e+01,6.280576197096443138e+02,1.097128809783459946e+00,9.392912555788378304e-02,0.000000000000000000e+00,1.251330410753149209e+02
1.102499999999996660e+01,6.280603486769279016e+02,1.072724111269667935e+00,9.392846914420530102e-02,0.000000000000000000e+00,1.251419644326451106e+02
1.102749999999996611e+01,6.280630166326350263e+02,1.048319711503834961e+00,9.392779032656577154e-02,0.000000000000000000e+00,1.251508810253299089e+02
1.102999999999996561e+01,6.280656235775139749e+02,1.023915613074383835e+00,9.392707748193789008e-02,0.000000000000000000e+00,1.251597908816080178e+02
1.103249999999996511e+01,6.280681695123195141e+02,9.995118185996766380e-01,9.392634062099465553e-02,0.000000000000000000e+00,1.251686940275601216e+02
1.103499999999996461e+01,6.280706544378131184e+02,9.751083307289406532e-01,9.392557516605323786e-02,0.000000000000000000e+00,1.251775904919541631e+02
1.103749999999996412e+01,6.280730783547628562e+02,9.507051521432020591e-01,9.392477942561672233e-02,0.000000000000000000e+00,1.251864803013206142e+02
1.103999999999996362e+01,6.280754412639433895e+02,9.263022855562313973e-01,9.392396574676692422e-02,0.000000000000000000e+00,1.251953634834699187e+02
1.104249999999996312e+01,6.280777431661363153e+02,9.018997337155019167e-01,9.392312446066819476e-02,0.000000000000000000e+00,1.252042400660679249e+02
1.104499999999996263e+01,6.280799840621300518e+02,8.774974994031603526e-01,9.392225637453868736e-02,0.000000000000000000e+00,1.252131100756249253e+02
1.104749999999996213e+01,6.280821639527200659e+02,8.530955854370111391e-01,9.392136115177716904e-02,0.000000000000000000e+00,1.252219735389464859e+02
1.104999999999996163e+01,6.280842828387087593e+02,8.286939946715112804e-01,9.392045037809126917e-02,0.000000000000000000e+00,1.252308304822465601e+02
1.105249999999996113e+01,6.280863407209059233e+02,8.042927299987704393e-01,9.391951042309949760e-02,0.000000000000000000e+00,1.252396809336522381e+02
1.105499999999996064e+01,6.280883376001282841e+02,7.798917943495681238e-01,9.391855256145940911e-02,0.000000000000000000e+00,1.252485249186599958e+02
1.105749999999996014e+01,6.280902734772001850e+02,7.554911906943769795e-01,9.391756677952181609e-02,0.000000000000000000e+00,1.252573624643864179e+02
1.105999999999995964e+01,6.280921483529533589e+02,7.310909220443952972e-01,9.391656331672817992e-02,0.000000000000000000e+00,1.252661935963394342e+02
1.106249999999995914e+01,6.280939622282269283e+02,7.066909914525911773e-01,9.391554051301095885e-02,0.000000000000000000e+00,1.252750183415480478e+02
1.106499999999995865e+01,6.280957151038678603e+02,6.822914020147513581e-01,9.391450192379821593e-02,0.000000000000000000e+00,1.252838367265472783e+02
1.106749999999995815e+01,6.280974069807308524e+02,6.578921568705420331e-01,9.391344064504830724e-02,0.000000000000000000e+00,1.252926487777902196e+02
1.106999999999995765e+01,6.280990378596784467e+02,6.334932592045756650e-01,9.391235800398718692e-02,0.000000000000000000e+00,1.253014545200734062e+02
1.107249999999995715e+01,6.281006077415811433e+02,6.090947122474893449e-01,9.391126322634042733e-02,0.000000000000000000e+00,1.253102539800946715e+02
1.107499999999995666e+01,6.281021166273176277e+02,5.846965192770223751e-01,9.391015033592682582e-02,0.000000000000000000e+00,1.253190471837444022e+02
1.107749999999995616e+01,6.281035645177746574e+02,5.602986836191039544e-01,9.390902072603658779e-02,0.000000000000000000e+00,1.253278341566649914e+02
1.107999999999995566e+01,6.281049514138475161e+02,5.359012086489494120e-01,9.390786895839305093e-02,0.000000000000000000e+00,1.253366149244544090e+02
1.108249999999995516e+01,6.281062773164399005e+02,5.115040977921608834e-01,9.390670360566627517e-02,0.000000000000000000e+00,1.253453895119923374e+02
1.108499999999995467e+01,6.281075422264639201e+02,4.871073545258307047e-01,9.390552543476186897e-02,0.000000000000000000e+00,1.253541579455971373e+02
1.108749999999995417e+01,6.281087461448406657e+02,4.627109823796489718e-01,9.390433226291591828e-02,0.000000000000000000e+00,1.253629202499258355e+02
1.108999999999995367e+01,6.281098890724999819e+02,4.383149849370208129e-01,9.390311758447437984e-02,0.000000000000000000e+00,1.253716764504358991e+02
1.109249999999995318e+01,6.281109710103806947e+02,4.139193658361818295e-01,9.390189435947372820e-02,0.000000000000000000e+00,1.253804265708024559e+02
1.109499999999995268e+01,6.281119919594307248e+02,3.895241287713172573e-01,9.390065268352294769e-02,0.000000000000000000e+00,1.253891706372282897e+02
1.109749999999995218e+01,6.281129519206073155e+02,3.651292774936875651e-01,9.389939609398050002e-02,0.000000000000000000e+00,1.253979086735589021e+02
1.109999999999995168e+01,6.281138508948770323e+02,3.407348158127512794e-01,9.389813122437763726e-02,0.000000000000000000e+00,1.254066407048169509e+02
1.110249999999995119e+01,6.281146888832162176e+02,3.163407475972917493e-01,9.389685169080705385e-02,0.000000000000000000e+00,1.254153667559406244e+02
1.110499999999995069e+01,6.281154658866106502e+02,2.919470767765453556e-01,9.389556415034606973e-02,0.000000000000000000e+00,1.254240868513218743e+02
1.110749999999995019e+01,6.281161819060561129e+02,2.675538073413281093e-01,9.389425958331983069e-02,0.000000000000000000e+00,1.254328010153566737e+02
1.110999999999994969e+01,6.281168369425583933e+02,2.431609433451671076e-01,9.389294476195630956e-02,0.000000000000000000e+00,1.254415092723456269e+02
1.111249999999994920e+01,6.281174309971333969e+02,2.187684889054285486e-01,9.389162303443863988e-02,0.000000000000000000e+00,1.254502116459334076e+02
1.111499999999994870e+01,6.281179640708073748e+02,1.943764482044470776e-01,9.389028337223997989e-02,0.000000000000000000e+00,1.254589081609704095e+02
1.111749999999994820e+01,6.281184361646170373e+02,1.699848254906509704e-01,9.388893468324278901e-02,0.000000000000000000e+00,1.254675988403000986e+02
1.111999999999994770e+01,6.281188472796098949e+02,1.455936250796857068e-01,9.388757607165301722e-02,0.000000000000000000e+00,1.254762837080322555e+02
1.112249999999994721e+01,6.281191974168442584e+02,1.212028513555358789e-01,9.388620766641635196e-02,0.000000000000000000e+00,1.254849627875561566e+02
1.112499999999994671e+01,6.281194865773892388e+02,9.681250877164444824e-02,9.388482967963218684e-02,0.000000000000000000e+00,1.254936361027970548e+02
1.112749999999994621e+01,6.281197147623253159e+02,7.242260185203035217e-02,9.388344944358802124e-02,0.000000000000000000e+00,1.255023036775159397e+02
1.112999999999994571e+01,6.281198819727443379e+02,4.803313519240292456e-02,9.388205516256059591e-02,0.000000000000000000e+00,1.255109655350660915e+02
1.113249999999994522e+01,6.281199882097495220e+02,2.364411346126751509e-02,9.388065076082412197e-02,0.000000000000000000e+00,1.255196216986836930e+02
