Time (s),Altitude (m),Velocity (m/s),Angular Velocity (rad/s),Fin Tab Angle (deg),Angular Position (deg)
0.000000000000000000e+00,1.000000000000000021e-02,0.000000000000000000e+00,0.000000000000000000e+00,0.000000000000000000e+00,0.000000000000000000e+00
2.500000000000000052e-03,9.988567477979420212e-03,1.496317961381489307e-02,0.000000000000000000e+00,0.000000000000000000e+00,0.000000000000000000e+00
5.000000000000000104e-03,1.005932753985656382e-02,1.088165845249844943e-01,0.000000000000000000e+00,0.000000000000000000e+00,0.000000000000000000e+00
7.499999999999999722e-03,1.040951068735173832e-02,2.815689043155715776e-01,0.000000000000000000e+00,0.000000000000000000e+00,0.000000000000000000e+00
1.000000000000000021e-02,1.124117089209946373e-02,5.146514298855070502e-01,0.000000000000000000e+00,0.000000000000000000e+00,0.000000000000000000e+00
1.250000000000000069e-02,1.266720663170995201e-02,7.693607683799903452e-01,0.000000000000000000e+00,0.000000000000000000e+00,0.000000000000000000e+00
1.500000000000000118e-02,1.474183502857092688e-02,1.043344077945296489e+00,0.000000000000000000e+00,0.000000000000000000e+00,0.000000000000000000e+00
1.750000000000000167e-02,1.750887618103951632e-02,1.324993621357622331e+00,0.000000000000000000e+00,0.000000000000000000e+00,0.000000000000000000e+00
2.000000000000000042e-02,2.098276799524535080e-02,1.611446967263678864e+00,0.000000000000000000e+00,0.000000000000000000e+00,0.000000000000000000e+00
2.249999999999999917e-02,2.517552031116609620e-02,1.902704712590709057e+00,0.000000000000000000e+00,0.000000000000000000e+00,0.000000000000000000e+00
2.499999999999999792e-02,3.009914446650814937e-02,2.198767457191479036e+00,0.000000000000000000e+00,0.000000000000000000e+00,0.000000000000000000e+00
2.749999999999999667e-02,3.576565330997258374e-02,2.499635817877875255e+00,0.000000000000000000e+00,0.000000000000000000e+00,0.000000000000000000e+00
2.999999999999999542e-02,4.218782961319493541e-02,2.802338186056854585e+00,0.000000000000000000e+00,0.000000000000000000e+00,0.000000000000000000e+00
3.249999999999999417e-02,4.936418970629888325e-02,3.100680592506037669e+00,0.000000000000000000e+00,0.000000000000000000e+00,0.000000000000000000e+00
3.499999999999999639e-02,5.728383287738098018e-02,3.394490423253091915e+00,2.604825085917586167e-05,0.000000000000000000e+00,0.000000000000000000e+00
3.749999999999999861e-02,6.593542689938275414e-02,3.683766280303109042e+00,1.539532727778558261e-04,0.000000000000000000e+00,0.000000000000000000e+00
4.000000000000000083e-02,7.530763607449476871e-02,3.968506809956438453e+00,4.064088508295316416e-04,0.000000000000000000e+00,0.000000000000000000e+00
4.250000000000000305e-02,8.538912134108581076e-02,4.248710695860984821e+00,8.018640145766029511e-04,0.000000000000000000e+00,7.172778594972706616e-05
4.500000000000000527e-02,9.616854036394241467e-02,4.524376653307431440e+00,1.351900511485961288e-03,0.000000000000000000e+00,2.051904264629837748e-04
4.750000000000000749e-02,1.076345476109621946e-01,4.795503424826907057e+00,2.067649303962330095e-03,0.000000000000000000e+00,4.228901917592367294e-04
5.000000000000000971e-02,1.197757944194500906e-01,5.062089776414096853e+00,2.959739342860051407e-03,0.000000000000000000e+00,7.489069678249765487e-04
5.250000000000001193e-02,1.325809290528108808e-01,5.324225702984636932e+00,4.033452811838193763e-03,0.000000000000000000e+00,1.208878806306626754e-03
5.500000000000001416e-02,1.460395450735361145e-01,5.585210350787228606e+00,5.235089475478330381e-03,0.000000000000000000e+00,1.826484440953713827e-03
5.750000000000001638e-02,1.601508680411065921e-01,5.846627211609660257e+00,6.547527327007919042e-03,0.000000000000000000e+00,2.619552364880380502e-03
6.000000000000001860e-02,1.749159784369003767e-01,6.108476194528448922e+00,7.967167701747414343e-03,0.000000000000000000e+00,3.604109933987609347e-03
6.250000000000001388e-02,1.903359565171744705e-01,6.370757212453881380e+00,9.498379514098851534e-03,0.000000000000000000e+00,4.795669789715380563e-03
6.500000000000001610e-02,2.064118823221969823e-01,6.633470182336334453e+00,1.114600938103233775e-02,0.000000000000000000e+00,6.210371128860674855e-03
6.750000000000001832e-02,2.231448357005314798e-01,6.896615060602177216e+00,1.291492716035187727e-02,0.000000000000000000e+00,7.865048131475590315e-03
7.000000000000002054e-02,2.405358964425811930e-01,7.160191854039131165e+00,1.481002599940285137e-02,0.000000000000000000e+00,9.777233291358091924e-03
7.250000000000002276e-02,2.585861443389912973e-01,7.424200564792467816e+00,1.683622239184294836e-02,0.000000000000000000e+00,1.196516075428564856e-02
7.500000000000002498e-02,2.772966591784371548e-01,7.688641187277240441e+00,1.899845620218903672e-02,0.000000000000000000e+00,1.444776966229342416e-02
7.750000000000002720e-02,2.966685207292375503e-01,7.953513704313971644e+00,2.130169071567638781e-02,0.000000000000000000e+00,1.724470750394870716e-02
8.000000000000002942e-02,3.167028087111572465e-01,8.218818088573213387e+00,2.375091267234588285e-02,0.000000000000000000e+00,2.037633346999767614e-02
8.250000000000003164e-02,3.374006027706985544e-01,8.484554303793968799e+00,2.635113229565328591e-02,0.000000000000000000e+00,2.386372181444193497e-02
8.500000000000003386e-02,3.587629824593381311e-01,8.750722305816534430e+00,2.910738335671371815e-02,0.000000000000000000e+00,2.772866522112702597e-02
8.750000000000003608e-02,3.807910272142628894e-01,9.017322043462090875e+00,3.202472316878318681e-02,0.000000000000000000e+00,3.199367817546400206e-02
8.999999999999999667e-02,4.034858163412348708e-01,9.284353459285116017e+00,3.510824252581298821e-02,0.000000000000000000e+00,3.668199752115351014e-02
9.249999999999999889e-02,4.268484565610465298e-01,9.552257602088443988e+00,3.836345947686194829e-02,0.000000000000000000e+00,4.181761210492323383e-02
9.500000000000000111e-02,4.508816029483464494e-01,9.821475636007994225e+00,4.179611483196922495e-02,0.000000000000000000e+00,4.742530291211508042e-02
9.750000000000000333e-02,4.755885402917134908e-01,1.009200766928174531e+01,4.541202159821612627e-02,0.000000000000000000e+00,5.353067559409777076e-02
1.000000000000000056e-01,5.009725536470757135e-01,1.036385380436733605e+01,4.921706539890403215e-02,0.000000000000000000e+00,6.016017082497790436e-02
1.025000000000000078e-01,5.270369283234247471e-01,1.063701413824102993e+01,5.321720475534217482e-02,0.000000000000000000e+00,6.734107471035395698e-02
1.050000000000000100e-01,5.537849498692577477e-01,1.091148876265997991e+01,5.741847155828765786e-02,0.000000000000000000e+00,7.510152924979132671e-02
1.075000000000000122e-01,5.812199040596565114e-01,1.118727776439257759e+01,6.182697132645392085e-02,0.000000000000000000e+00,8.347054285057775580e-02
1.100000000000000006e-01,6.093450768839283604e-01,1.146438122542144988e+01,6.644886046370616917e-02,0.000000000000000000e+00,9.247800822346710636e-02
1.125000000000000028e-01,6.381636963666191820e-01,1.174186830559231964e+01,7.128932413153826753e-02,0.000000000000000000e+00,1.021546452591861470e-01
1.150000000000000050e-01,6.676757225841807308e-01,1.201880758688895945e+01,7.635311921816828606e-02,0.000000000000000000e+00,1.125319171198967683e-01
1.175000000000000072e-01,6.978797856194071114e-01,1.229519844262859429e+01,8.164497171632885408e-02,0.000000000000000000e+00,1.236419673529937785e-01
1.200000000000000094e-01,7.287745142577244373e-01,1.257104052826697504e+01,8.716957685449328030e-02,0.000000000000000000e+00,1.355176154776275010e-01
1.225000000000000117e-01,7.603585363849507672e-01,1.284633349608459696e+01,9.293159938553041677e-02,0.000000000000000000e+00,1.481923525974088718e-01
1.250000000000000000e-01,7.926304790175876525e-01,1.312107701331832743e+01,9.893567344155697330e-02,0.000000000000000000e+00,1.617003370176870736e-01
1.275000000000000022e-01,8.255889683402815038e-01,1.339527074727366163e+01,1.049429070082178311e-01,0.000000000000000000e+00,1.760550706206291394e-01
1.300000000000000044e-01,8.592326297060595142e-01,1.366891436543934546e+01,1.108748547479964375e-01,0.000000000000000000e+00,1.912794121878538256e-01
1.325000000000000067e-01,8.935599421185278501e-01,1.394226133265117440e+01,1.169656534597658115e-01,0.000000000000000000e+00,2.073602377978016886e-01
1.350000000000000089e-01,9.285709743123278237e-01,1.421634057798016215e+01,1.232685132583858506e-01,0.000000000000000000e+00,2.243204226371011412e-01
1.375000000000000111e-01,9.642676849940314820e-01,1.449126612438111117e+01,1.297865906700073901e-01,0.000000000000000000e+00,2.421904450328044300e-01
1.400000000000000133e-01,1.000652189878946441e+00,1.476703790657819937e+01,1.365229895483325573e-01,0.000000000000000000e+00,2.610012338071006077e-01
1.425000000000000155e-01,1.037726604517525963e+00,1.504365585635248515e+01,1.434807590197722804e-01,0.000000000000000000e+00,2.807841606480236951e-01
1.450000000000000178e-01,1.075493044288026834e+00,1.532111990257161338e+01,1.506628925428770416e-01,0.000000000000000000e+00,3.015710322737831239e-01
1.475000000000000200e-01,1.113953624389241170e+00,1.559942997121580710e+01,1.580723262798209294e-01,0.000000000000000000e+00,3.233940823928142527e-01
1.500000000000000222e-01,1.153110459833288859e+00,1.587858598539875388e+01,1.657119373796102635e-01,0.000000000000000000e+00,3.462859634654490426e-01
1.525000000000000244e-01,1.192965665438462386e+00,1.615858786538578329e+01,1.735845437630544885e-01,0.000000000000000000e+00,3.702797382720594555e-01
1.550000000000000266e-01,1.233521355822113419e+00,1.643943552860883983e+01,1.816929016464377822e-01,0.000000000000000000e+00,3.954088712867712685e-01
1.575000000000000289e-01,1.274779645393576244e+00,1.672112888967810918e+01,1.900397038347774181e-01,0.000000000000000000e+00,4.217072198673615380e-01
1.600000000000000311e-01,1.316742648347118072e+00,1.700366786039023026e+01,1.986275808007483823e-01,0.000000000000000000e+00,4.492090252725804422e-01
1.625000000000000333e-01,1.359412478654907996e+00,1.728705234973479321e+01,2.074590972162259628e-01,0.000000000000000000e+00,4.779489034908152023e-01
1.650000000000000355e-01,1.402791250060002826e+00,1.757128226389815850e+01,2.165367514218056733e-01,0.000000000000000000e+00,5.079618359046410569e-01
1.675000000000000377e-01,1.446881076069338468e+00,1.785635750626265050e+01,2.258629747079203831e-01,0.000000000000000000e+00,5.392831597934001353e-01
1.700000000000000400e-01,1.491684069946717761e+00,1.814227797740561599e+01,2.354401297650487446e-01,0.000000000000000000e+00,5.719485586708199509e-01
1.725000000000000422e-01,1.537202344705798307e+00,1.842904357509596380e+01,2.452705097066101292e-01,0.000000000000000000e+00,6.059940524701498132e-01
1.750000000000000444e-01,1.583438013103066311e+00,1.871665419428822474e+01,2.553563372487516747e-01,0.000000000000000000e+00,6.414559875843123260e-01
1.775000000000000466e-01,1.630393187630797325e+00,1.900508323667710542e+01,2.656996296912213507e-01,0.000000000000000000e+00,6.783710300816727656e-01
1.800000000000000488e-01,1.678069705078923946e+00,1.929337204993878174e+01,2.763009940622006555e-01,0.000000000000000000e+00,7.167760655919309665e-01
1.825000000000000511e-01,1.726466603640375519e+00,1.958106031755608001e+01,2.871606611230728689e-01,0.000000000000000000e+00,7.567080706908636545e-01
1.850000000000000533e-01,1.775582381739513327e+00,1.986814766665626308e+01,2.982787387185433237e-01,0.000000000000000000e+00,7.982040514049348889e-01
1.875000000000000555e-01,1.825415536869194666e+00,2.015463372555020527e+01,3.096552120465849156e-01,0.000000000000000000e+00,8.413010256374975349e-01
1.900000000000000577e-01,1.875964565593732036e+00,2.044051812373340837e+01,3.212899475333462762e-01,0.000000000000000000e+00,8.860360058060227084e-01
1.925000000000000600e-01,1.927227963551854550e+00,2.072580049188612250e+01,3.331826901552513154e-01,0.000000000000000000e+00,9.324459816678251078e-01
1.950000000000000622e-01,1.979204225459669342e+00,2.101048046187168339e+01,3.453330706869767175e-01,0.000000000000000000e+00,9.805679033770098307e-01
1.975000000000000644e-01,2.031891845113616313e+00,2.129455766673077122e+01,3.577406007483807659e-01,0.000000000000000000e+00,1.030438664758362988e+00
2.000000000000000666e-01,2.085289315393407339e+00,2.157803174067513297e+01,3.704046798637082305e-01,0.000000000000000000e+00,1.082095086815837659e+00
2.025000000000000688e-01,2.139395128264949708e+00,2.186092501867325666e+01,3.833247234579649776e-01,0.000000000000000000e+00,1.135573898326389886e+00
2.050000000000000711e-01,2.194208010799746145e+00,2.214405850889324157e+01,3.965013183958175369e-01,0.000000000000000000e+00,1.190911806129909545e+00
2.075000000000000733e-01,2.249729087026092422e+00,2.242782618823519059e+01,4.099352197341317727e-01,0.000000000000000000e+00,1.248145591991702608e+00
2.100000000000000755e-01,2.305959942331294421e+00,2.271222790627283317e+01,4.236271095940182807e-01,0.000000000000000000e+00,1.307312144320285974e+00
2.125000000000000777e-01,2.362902161725257688e+00,2.299726351021552873e+01,4.375775939363816813e-01,0.000000000000000000e+00,1.368448447603109352e+00
2.150000000000000799e-01,2.420557329834559734e+00,2.328293284487917703e+01,4.517872076911163548e-01,0.000000000000000000e+00,1.431591571849045286e+00
2.175000000000000822e-01,2.478927030896449502e+00,2.356923575265594195e+01,4.662564082231295259e-01,0.000000000000000000e+00,1.496778662018657835e+00
2.200000000000000844e-01,2.538012848752769557e+00,2.385617207348260749e+01,4.809855802189546004e-01,0.000000000000000000e+00,1.564046927483539129e+00
2.225000000000000866e-01,2.597816366843801461e+00,2.414374164480720353e+01,4.959750347865056752e-01,0.000000000000000000e+00,1.633433631500501804e+00
2.250000000000000888e-01,2.658339168202020097e+00,2.443194430155321939e+01,5.112250091639316540e-01,0.000000000000000000e+00,1.704976080716702924e+00
2.275000000000000910e-01,2.719582835445765845e+00,2.472077987608246730e+01,5.267356671001306445e-01,0.000000000000000000e+00,1.778711614700855037e+00
2.300000000000000100e-01,2.781548950772813722e+00,2.501024819815819100e+01,5.425070829364045943e-01,0.000000000000000000e+00,1.854677601558075706e+00
2.325000000000000122e-01,2.844239070362208022e+00,2.529993956811110678e+01,5.585384031511076985e-01,0.000000000000000000e+00,1.932911372118022664e+00
2.350000000000000144e-01,2.907653312350252595e+00,2.558944419754789834e+01,5.748283427251925648e-01,0.000000000000000000e+00,2.013450135352348624e+00
2.375000000000000167e-01,2.971791209710350934e+00,2.587876177733430438e+01,5.913755283711015220e-01,0.000000000000000000e+00,2.096330914849934945e+00
2.400000000000000189e-01,3.036652294642899541e+00,2.616789199801299404e+01,6.081784938871391821e-01,0.000000000000000000e+00,2.181590536178490858e+00
2.425000000000000211e-01,3.102236098574457479e+00,2.645683454977309879e+01,6.252356920965564946e-01,0.000000000000000000e+00,2.269265614420835409e+00
2.450000000000000233e-01,3.168542152156849756e+00,2.674558912241947439e+01,6.425454892645896532e-01,0.000000000000000000e+00,2.359392542010366078e+00
2.475000000000000255e-01,3.235569985266184112e+00,2.703415540534006922e+01,6.601061684765135995e-01,0.000000000000000000e+00,2.452007476774582528e+00
2.500000000000000000e-01,3.303319127001793643e+00,2.732253308747213083e+01,6.779159281893190059e-01,0.000000000000000000e+00,2.547146330326485852e+00
2.525000000000000022e-01,3.371789105685088384e+00,2.761072185726815320e+01,6.959728994570247851e-01,0.000000000000000000e+00,2.644844756611997472e+00
2.550000000000000044e-01,3.440979448858325185e+00,2.789872140266132305e+01,7.142751199391728090e-01,0.000000000000000000e+00,2.745138140763945689e+00
2.575000000000000067e-01,3.510889683283286988e+00,2.818653141102748805e+01,7.328205719718211553e-01,0.000000000000000000e+00,2.848061588313031134e+00
2.600000000000000089e-01,3.581519334939869292e+00,2.847415156914814816e+01,7.516071408774860352e-01,0.000000000000000000e+00,2.953649914540636523e+00
2.625000000000000111e-01,3.652867929024573801e+00,2.876158156317324099e+01,7.706326637153658732e-01,0.000000000000000000e+00,3.061937634200178948e+00
2.650000000000000133e-01,3.724934989948905706e+00,2.904882107858135143e+01,7.898948921468961215e-01,0.000000000000000000e+00,3.172958951455388643e+00
2.675000000000000155e-01,3.797720041337674601e+00,2.933586980013934209e+01,8.093915153995450140e-01,0.000000000000000000e+00,3.286747750176872707e+00
2.700000000000000178e-01,3.871222606027189705e+00,2.962272741186165703e+01,8.291201479838564703e-01,0.000000000000000000e+00,3.403337584488545176e+00
2.725000000000000200e-01,3.945442206063357382e+00,2.990939359696884026e+01,8.490783630401453896e-01,0.000000000000000000e+00,3.522761669589464351e+00
2.750000000000000222e-01,4.020378362699671193e+00,3.019586803784508078e+01,8.692636548990093637e-01,0.000000000000000000e+00,3.645052872956643597e+00
2.775000000000000244e-01,4.096030596395098478e+00,3.048215041599529584e+01,8.896734664884416999e-01,0.000000000000000000e+00,3.770243705627266628e+00
2.800000000000000266e-01,4.172398426811854577e+00,3.076824041200131177e+01,9.103051718727904751e-01,0.000000000000000000e+00,3.898366313995025312e+00
2.825000000000000289e-01,4.249481372813073143e+00,3.105413770547744789e+01,9.311561013523493857e-01,0.000000000000000000e+00,4.029452471855028861e+00
2.850000000000000311e-01,4.327278952460359207e+00,3.133984197502561386e+01,9.522235273998572724e-01,0.000000000000000000e+00,4.163533572671212823e+00
2.875000000000000333e-01,4.405790683011234776e+00,3.162535289818952933e+01,9.735046702477332392e-01,0.000000000000000000e+00,4.300640622057668061e+00
2.899999999999999800e-01,4.485016080916464531e+00,3.191067015140896146e+01,9.949967109127979548e-01,0.000000000000000000e+00,4.440804228118268249e+00
2.924999999999999822e-01,4.564954671619006810e+00,3.219595024994964660e+01,1.016697171249055565e+00,0.000000000000000000e+00,4.584054619734041047e+00
2.949999999999999845e-01,4.645606530317790472e+00,3.248134973516152257e+01,1.038603674530844900e+00,0.000000000000000000e+00,4.730421673379892056e+00
2.974999999999999867e-01,4.726971955317968543e+00,3.276686832183451514e+01,1.060713823199959105e+00,0.000000000000000000e+00,4.879934930530953174e+00
2.999999999999999889e-01,4.809051244210378329e+00,3.305250572245923735e+01,1.083025165805921786e+00,0.000000000000000000e+00,5.032623591626151693e+00
3.024999999999999911e-01,4.891844693865760263e+00,3.333826164717379470e+01,1.105535202784754034e+00,0.000000000000000000e+00,5.188516510944749527e+00
3.049999999999999933e-01,4.975352600428848859e+00,3.362413580370993316e+01,1.128241420299767706e+00,0.000000000000000000e+00,5.347642191251984478e+00
3.074999999999999956e-01,5.059575259312322437e+00,3.391012789733716914e+01,1.151141269933648292e+00,0.000000000000000000e+00,5.510028778623905943e+00
3.099999999999999978e-01,5.144512965190618736e+00,3.419623763080858225e+01,1.174232144695483537e+00,0.000000000000000000e+00,5.675704057761154608e+00
3.125000000000000000e-01,5.230166011993611086e+00,3.448246470430771637e+01,1.197511418366326685e+00,0.000000000000000000e+00,5.844695447352508566e+00
3.150000000000000022e-01,5.316534692900156678e+00,3.476880881539363344e+01,1.220976448667627334e+00,0.000000000000000000e+00,6.017029995821476795e+00
3.175000000000000044e-01,5.403619300331504505e+00,3.505526965894806324e+01,1.244624530044437405e+00,0.000000000000000000e+00,6.192734377571646576e+00
3.200000000000000067e-01,5.491420125944566522e+00,3.534184692711612286e+01,1.268452974267107125e+00,0.000000000000000000e+00,6.371834888346275427e+00
3.225000000000000089e-01,5.579937460625044920e+00,3.562854030925163329e+01,1.292459035546365209e+00,0.000000000000000000e+00,6.554357441965533049e+00
3.250000000000000111e-01,5.669171594480431509e+00,3.591534949186851833e+01,1.316639960176054558e+00,0.000000000000000000e+00,6.740327567115091512e+00
3.275000000000000133e-01,5.759122816832866754e+00,3.620227415858524012e+01,1.340992927141592128e+00,0.000000000000000000e+00,6.929770403504985410e+00
3.300000000000000155e-01,5.849791416211880701e+00,3.648931399007252452e+01,1.365515158386591210e+00,0.000000000000000000e+00,7.122710699701072734e+00
3.325000000000000178e-01,5.941177680346988232e+00,3.677646866400361603e+01,1.390203826542866228e+00,0.000000000000000000e+00,7.319172809923106371e+00
3.350000000000000200e-01,6.033281896160167079e+00,3.706373785499886964e+01,1.415056091102206537e+00,0.000000000000000000e+00,7.519180691500364944e+00
3.375000000000000222e-01,6.126104349758197287e+00,3.735112123457341227e+01,1.440069109401877157e+00,0.000000000000000000e+00,7.722757902261238705e+00
3.400000000000000244e-01,6.219645326424871001e+00,3.763861847109274805e+01,1.465240009282975153e+00,0.000000000000000000e+00,7.929927599045312192e+00
3.425000000000000266e-01,6.313905110613088567e+00,3.792622922972857680e+01,1.490565871143257892e+00,0.000000000000000000e+00,8.140712535150708362e+00
3.450000000000000289e-01,6.408883985936849825e+00,3.821395317240257583e+01,1.516043824698442455e+00,0.000000000000000000e+00,8.355135059176667767e+00
3.475000000000000311e-01,6.504582235163098858e+00,3.850178995774698620e+01,1.541670928937468599e+00,0.000000000000000000e+00,8.573217112888039892e+00
3.500000000000000333e-01,6.601000140203478139e+00,3.878973924105749660e+01,1.567444318806417103e+00,0.000000000000000000e+00,8.794980230404005894e+00
3.525000000000000355e-01,6.698137982105963673e+00,3.907780067425944992e+01,1.593361027363344951e+00,0.000000000000000000e+00,9.020445537068910724e+00
3.550000000000000377e-01,6.795996041046416636e+00,3.936597390586340595e+01,1.619418137687473891e+00,0.000000000000000000e+00,9.249633748834462210e+00
3.575000000000000400e-01,6.894574596320027560e+00,3.965425858091744971e+01,1.645612692691368339e+00,0.000000000000000000e+00,9.482565170582914149e+00
3.600000000000000422e-01,6.993873926332617508e+00,3.994265434097308543e+01,1.671941788470239221e+00,0.000000000000000000e+00,9.719259696694873440e+00
3.625000000000000444e-01,7.093894308591900177e+00,4.023116082405628902e+01,1.698402443418368435e+00,0.000000000000000000e+00,9.959736809546440028e+00
3.650000000000000466e-01,7.194636019698640084e+00,4.051977766463254937e+01,1.724991731781376103e+00,-4.060257797480860686e-01,1.020401558043738532e+01
3.675000000000000488e-01,7.296099335337737024e+00,4.080850449358741372e+01,1.748322225040020550e+00,-1.890770406068544407e+00,1.045200458372757524e+01
3.700000000000000511e-01,7.398284530269254589e+00,4.109734093818114786e+01,1.759237986551703825e+00,-6.614481906773626463e+00,1.070293934406244496e+01
3.725000000000000533e-01,7.501191878319347417e+00,4.138628662203285558e+01,1.729958910182973097e+00,-1.000000000000000000e+01,1.095413751059965968e+01
3.750000000000000555e-01,7.604821652371140495e+00,4.167534116510258713e+01,1.671888594455200661e+00,-1.000000000000000000e+01,1.120020993485090521e+01
3.775000000000000577e-01,7.709174124355576474e+00,4.196450418367510338e+01,1.614254672969917648e+00,-1.000000000000000000e+01,1.143798113534195338e+01
3.800000000000000600e-01,7.814249565242216811e+00,4.225377529033568891e+01,1.557060761292137885e+00,-1.000000000000000000e+01,1.166751365984496225e+01
3.825000000000000622e-01,7.920048245029983391e+00,4.254315409393682756e+01,1.500310391240639696e+00,-1.000000000000000000e+01,1.188887056861963565e+01
3.850000000000000644e-01,8.026570432737790028e+00,4.283264019958901514e+01,1.444006716926287792e+00,1.000000000000000000e+01,1.210211540249201789e+01
3.875000000000000666e-01,8.133816396395216586e+00,4.312223320865818721e+01,1.573251061856654420e+00,1.000000000000000000e+01,1.231333204565456363e+01
3.900000000000000688e-01,8.241786403033117381e+00,4.341193271877232718e+01,1.702031413737283172e+00,1.000000000000000000e+01,1.254306498292377370e+01
3.925000000000000711e-01,8.350480718674312186e+00,4.370173832384105594e+01,1.830338909352115850e+00,1.000000000000000000e+01,1.279124844192663168e+01
3.950000000000000733e-01,8.459899608324279896e+00,4.399164961405750773e+01,1.958164934700365567e+00,1.000000000000000000e+01,1.305781541205586294e+01
3.975000000000000755e-01,8.570043335961877062e+00,4.428166617592084009e+01,2.085501244086003680e+00,1.000000000000000000e+01,1.334269769134381356e+01
4.000000000000000777e-01,8.680912165376863499e+00,4.457178021587343153e+01,2.212339857185445346e+00,1.000000000000000000e+01,1.364582592675982120e+01
4.025000000000000799e-01,8.792506315000229833e+00,4.486192477093796782e+01,2.338672599640473582e+00,1.000000000000000000e+01,1.396712962256632906e+01
4.050000000000000822e-01,8.904825833782123112e+00,4.515208300187013180e+01,2.464491599286589452e+00,1.000000000000000000e+01,1.430653714790043018e+01
4.075000000000000844e-01,9.017870755666443472e+00,4.544225447452169675e+01,2.589789223660547535e+00,-1.000000000000000000e+01,1.466397576975612083e+01
4.100000000000000866e-01,9.131641113509900265e+00,4.573243875158301108e+01,2.506510765060304013e+00,-1.000000000000000000e+01,1.503260596528721571e+01
4.125000000000000888e-01,9.246136939074188987e+00,4.602263539267451620e+01,2.424114761297541776e+00,-1.000000000000000000e+01,1.538933917339417690e+01
4.150000000000000910e-01,9.361358263018331627e+00,4.631284395437174339e+01,2.342601870038763856e+00,-1.000000000000000000e+01,1.573430160373073328e+01
4.175000000000000933e-01,9.477305114891041882e+00,4.660306399020030454e+01,2.261972444679688277e+00,-1.000000000000000000e+01,1.606761954739383924e+01
4.200000000000000955e-01,9.593977523123129458e+00,4.689329505066517356e+01,2.182226533163793558e+00,-1.000000000000000000e+01,1.638941932695883708e+01
4.225000000000000977e-01,9.711375515019955884e+00,4.718353668331737083e+01,2.103363864642551651e+00,-1.000000000000000000e+01,1.669982725334459772e+01
4.250000000000000999e-01,9.829499116754131904e+00,4.747378843278892901e+01,2.025383836395658221e+00,-1.000000000000000000e+01,1.699896957625227145e+01
4.275000000000001021e-01,9.948348353358181129e+00,4.776404984087594841e+01,1.948285591933530014e+00,1.000000000000000000e+01,1.728697244297737612e+01
4.300000000000001044e-01,1.006792324871754829e+01,4.805432044662011748e+01,2.101647926582188575e+00,1.000000000000000000e+01,1.757142761636617578e+01
4.325000000000001066e-01,1.018822382556372297e+01,4.834459978635543109e+01,2.253955787896808172e+00,1.000000000000000000e+01,1.787785243349830822e+01
4.350000000000001088e-01,1.030925010546758003e+01,4.863488739396308347e+01,2.405206514886925273e+00,1.000000000000000000e+01,1.820609717208800049e+01
4.375000000000001110e-01,1.043100210883334356e+01,4.892518280102055428e+01,2.555398019557177047e+00,1.000000000000000000e+01,1.855601174810663068e+01
4.400000000000001132e-01,1.055347985489290963e+01,4.921548553691011563e+01,2.704528491581498439e+00,1.000000000000000000e+01,1.892744577307457732e+01
4.425000000000001155e-01,1.067668336170041776e+01,4.950579512894567102e+01,2.852596489325153861e+00,1.000000000000000000e+01,1.932024860137272171e+01
4.450000000000001177e-01,1.080061264612719185e+01,4.979611110255414275e+01,2.999601226485283156e+00,1.000000000000000000e+01,1.973426939435093175e+01
4.475000000000001199e-01,1.092526772385712341e+01,5.008643298146542122e+01,3.145542017542876767e+00,1.000000000000000000e+01,2.016935716857702232e+01
4.500000000000001221e-01,1.105064860938247051e+01,5.037676028780901305e+01,3.290418665627065309e+00,-1.000000000000000000e+01,2.062536084335298980e+01
4.525000000000001243e-01,1.117675531599994798e+01,5.066709254228281623e+01,3.179164603106890752e+00,-1.000000000000000000e+01,2.109383462549737587e+01
4.550000000000001266e-01,1.130358785580737013e+01,5.095742926445370102e+01,3.069440735931609154e+00,-1.000000000000000000e+01,2.154642098287412466e+01
4.575000000000001288e-01,1.143114623970073396e+01,5.124776997256451949e+01,2.961239008337960943e+00,-1.000000000000000000e+01,2.198333839464950046e+01
4.600000000000001310e-01,1.155943047737086893e+01,5.153811418348796280e+01,2.854550814225659927e+00,-1.000000000000000000e+01,2.240480414835005263e+01
4.625000000000001332e-01,1.168844057730005837e+01,5.182846141285496344e+01,2.749367267618551214e+00,-1.000000000000000000e+01,2.281103429922085724e+01
4.650000000000001354e-01,1.181817654675902318e+01,5.211881117524126239e+01,2.645678990939976938e+00,-1.000000000000000000e+01,2.320224361965486537e+01
4.675000000000001377e-01,1.194863839180434617e+01,5.240916298418105868e+01,2.543476482696533036e+00,-1.000000000000000000e+01,2.357864553298017540e+01
4.700000000000001399e-01,1.207982611727585365e+01,5.269951635222877684e+01,2.442749718019527005e+00,1.000000000000000000e+01,2.394045207854669144e+01
4.725000000000001421e-01,1.221173972679423336e+01,5.298987079114955634e+01,2.622328400084063649e+00,1.000000000000000000e+01,2.429694199864967530e+01
4.750000000000001443e-01,1.234437922275917465e+01,5.328022581189608786e+01,2.800106952958382855e+00,1.000000000000000000e+01,2.467915724591920679e+01
4.775000000000001465e-01,1.247774460634740024e+01,5.357058092518948200e+01,2.976094946734457292e+00,1.000000000000000000e+01,2.508684173573460896e+01
4.800000000000001488e-01,1.261183587751238377e+01,5.386093564173739168e+01,3.150302565385062259e+00,1.000000000000000000e+01,2.551974068631954040e+01
4.825000000000001510e-01,1.274665300477300001e+01,5.415134216726638527e+01,3.322741106276892786e+00,1.000000000000000000e+01,2.597760071262000636e+01
4.850000000000001532e-01,1.288219628565207309e+01,5.444201368660500151e+01,3.493423563490600792e+00,1.000000000000000000e+01,2.646017003640562137e+01
4.875000000000001554e-01,1.301846640894156337e+01,5.473297340674395883e+01,3.662363375411705757e+00,1.000000000000000000e+01,2.696719862085872421e+01
4.900000000000001577e-01,1.315546409486981894e+01,5.502422084635215782e+01,3.829574226099062173e+00,1.000000000000000000e+01,2.749843824862707820e+01
4.925000000000001599e-01,1.329319006246196544e+01,5.531575552433449872e+01,3.995070013334292014e+00,-1.000000000000000000e+01,2.805364254585647643e+01
4.950000000000001621e-01,1.343164502954050299e+01,5.560757696003341266e+01,3.851972967062980757e+00,-1.000000000000000000e+01,2.862258597020387896e+01
4.975000000000001643e-01,1.357082971272679650e+01,5.589968467383818052e+01,3.711258400307785532e+00,-1.000000000000000000e+01,2.917109395897271185e+01
5.000000000000001110e-01,1.371074482744379885e+01,5.619207818695957002e+01,3.572902123968968002e+00,-1.000000000000000000e+01,2.969950647637730512e+01
5.025000000000000577e-01,1.385139108791793383e+01,5.648475702164616763e+01,3.436879462543228847e+00,-1.000000000000000000e+01,3.020815999936924356e+01
5.050000000000000044e-01,1.399276920718185657e+01,5.677772070132352411e+01,3.303165656758013213e+00,-1.000000000000000000e+01,3.069738746250293815e+01
5.074999999999999512e-01,1.413487989707762615e+01,5.707096875108182843e+01,3.171735470440412374e+00,-1.000000000000000000e+01,3.116751824995002451e+01
5.099999999999998979e-01,1.427772386826106477e+01,5.736450069799174400e+01,3.042563889942851763e+00,-1.000000000000000000e+01,3.161887812564276956e+01
5.124999999999998446e-01,1.442130183020692158e+01,5.765831607149549853e+01,2.915625149866361454e+00,-1.000000000000000000e+01,3.205178925137163048e+01
5.149999999999997913e-01,1.456561449121507579e+01,5.795241440375233566e+01,2.790893676073690877e+00,1.000000000000000000e+01,3.246657011816865435e+01
5.174999999999997380e-01,1.471066255841737558e+01,5.824679522987224090e+01,3.004867613235526314e+00,1.000000000000000000e+01,3.287448101960458047e+01
5.199999999999996847e-01,1.485644673778503311e+01,5.854145808815349028e+01,3.216017918608094384e+00,1.000000000000000000e+01,3.331303909529532348e+01
5.224999999999996314e-01,1.500296773413741391e+01,5.883640252175703722e+01,3.424376966738753136e+00,1.000000000000000000e+01,3.378184128278851972e+01
5.249999999999995781e-01,1.515022625115490307e+01,5.913162807951959365e+01,3.629977374524904210e+00,1.000000000000000000e+01,3.428048894607224639e+01
5.274999999999995248e-01,1.529822305660913528e+01,5.942702056700615998e+01,3.832849603701331986e+00,1.000000000000000000e+01,3.480858782790883765e+01
5.299999999999994715e-01,1.544695820432360378e+01,5.972211830790570275e+01,4.033021910755719475e+00,1.000000000000000000e+01,3.536574765091836525e+01
5.324999999999994182e-01,1.559643089980870734e+01,6.001686973815125015e+01,4.230522283670350880e+00,1.000000000000000000e+01,3.595158191123456959e+01
5.349999999999993650e-01,1.574664027704773872e+01,6.031127443855670833e+01,4.425379082100774575e+00,1.000000000000000000e+01,3.656570785425510905e+01
5.374999999999993117e-01,1.589758546898172398e+01,6.060533200021072986e+01,4.617621142228357733e+00,1.000000000000000000e+01,3.720774649671895418e+01
5.399999999999992584e-01,1.604926560753536080e+01,6.089904202501067232e+01,4.807277322665433061e+00,-1.000000000000000000e+01,3.787732269828295983e+01
5.424999999999992051e-01,1.620167982364447212e+01,6.119240412606206547e+01,4.623194610649671077e+00,-1.000000000000000000e+01,3.856199269606968016e+01
5.449999999999991518e-01,1.635482724728399262e+01,6.148541792816216400e+01,4.442755703780392196e+00,-1.000000000000000000e+01,3.922036030683307217e+01
5.474999999999990985e-01,1.650870700749745623e+01,6.177808306631081336e+01,4.265910189532830188e+00,-1.000000000000000000e+01,3.985294596177072890e+01
5.499999999999990452e-01,1.666331823242119725e+01,6.207039918542465529e+01,4.092607805405074295e+00,-1.000000000000000000e+01,4.046026295100700310e+01
5.524999999999989919e-01,1.681866004930970249e+01,6.236236594034021152e+01,3.922798035090904634e+00,-1.000000000000000000e+01,4.104281734035485130e+01
5.549999999999989386e-01,1.697473158455992959e+01,6.265398299571303653e+01,3.756430203993420314e+00,-1.000000000000000000e+01,4.160110798729393622e+01
5.574999999999988853e-01,1.713153196373627551e+01,6.294525002640530431e+01,3.593453929648888323e+00,-1.000000000000000000e+01,4.213562652716252899e+01
5.599999999999988320e-01,1.728906031159608858e+01,6.323616671750790630e+01,3.433818600657071674e+00,-1.000000000000000000e+01,4.264685737727143788e+01
5.624999999999987788e-01,1.744731575211521601e+01,6.352673276443147188e+01,3.277473745145756290e+00,1.000000000000000000e+01,4.313527768687730202e+01
5.649999999999999467e-01,1.760629740851410574e+01,6.381694787320245155e+01,3.527847379995624255e+00,1.000000000000000000e+01,4.361447882784342056e+01
5.674999999999998934e-01,1.776600442567740856e+01,6.410716994769266819e+01,3.774046228394401403e+00,1.000000000000000000e+01,4.412951195926019921e+01
5.699999999999998401e-01,1.792643720510215744e+01,6.439775689143070281e+01,4.016138832708143980e+00,1.000000000000000000e+01,4.467977857826752341e+01
5.724999999999997868e-01,1.808759665880491951e+01,6.468870843522046243e+01,4.254192243095126003e+00,1.000000000000000000e+01,4.526468950765365662e+01
5.749999999999997335e-01,1.824948369813679605e+01,6.498002432286999408e+01,4.488273680923327902e+00,1.000000000000000000e+01,4.588366476341364830e+01
5.774999999999996803e-01,1.841209923381551761e+01,6.527170431145162866e+01,4.718450056248096658e+00,1.000000000000000000e+01,4.653613352221616850e+01
5.799999999999996270e-01,1.857544417595963893e+01,6.556374817207418459e+01,4.944787287584437863e+00,1.000000000000000000e+01,4.722153407903146416e+01
5.824999999999995737e-01,1.873951943412322763e+01,6.585615569010205661e+01,5.167351270114808770e+00,1.000000000000000000e+01,4.793931377104449609e+01
5.849999999999995204e-01,1.890432591733230083e+01,6.614892666542020550e+01,5.386207209091327108e+00,-1.000000000000000000e+01,4.868892892897672908e+01
5.874999999999994671e-01,1.906986453412059035e+01,6.644206091269293779e+01,5.164275834768599083e+00,-1.000000000000000000e+01,4.945563169610358045e+01
5.899999999999994138e-01,1.923613619256727603e+01,6.673555826210149178e+01,4.947360057920336729e+00,-1.000000000000000000e+01,5.019060639205407170e+01
5.924999999999993605e-01,1.940314180033530533e+01,6.702941855623015499e+01,4.735369638102269185e+00,-1.000000000000000000e+01,5.089457121378522686e+01
5.949999999999993072e-01,1.957088226470035863e+01,6.732364164915263416e+01,4.528214679624566585e+00,-1.000000000000000000e+01,5.156823136020032194e+01
5.974999999999992539e-01,1.973935849257959774e+01,6.761822740589828129e+01,4.325806007313554247e+00,-1.000000000000000000e+01,5.221227915546093357e+01
5.999999999999999778e-01,1.990857139055912839e+01,6.791317570251884206e+01,4.128055505943478920e+00,-1.000000000000000000e+01,5.282739406430085438e+01
6.024999999999999245e-01,2.007852184513335558e+01,6.820816992437563897e+01,3.934877227344538486e+00,-1.000000000000000000e+01,5.341424299103412920e+01
6.049999999999998712e-01,2.024920963153735443e+01,6.850289348198279527e+01,3.746187246817824334e+00,1.000000000000000000e+01,5.397348049414064519e+01
6.074999999999998179e-01,2.042063407306383738e+01,6.879734629808936575e+01,4.030397710857781313e+00,1.000000000000000000e+01,5.452097686386916564e+01
6.099999999999997646e-01,2.059279449281893548e+01,6.909152830668716661e+01,4.309098820680109299e+00,1.000000000000000000e+01,5.510909478430610164e+01
6.124999999999997113e-01,2.076569021375108548e+01,6.938543945674538804e+01,4.582391831730330267e+00,1.000000000000000000e+01,5.573704177973568363e+01
6.149999999999996581e-01,2.093932055869039388e+01,6.967907971358540919e+01,4.850376951888853760e+00,1.000000000000000000e+01,5.640403939474440165e+01
6.174999999999996048e-01,2.111368485038953224e+01,6.997244905945926519e+01,5.113152972618085990e+00,1.000000000000000000e+01,5.710932299297968484e+01
6.199999999999995515e-01,2.128878241156666462e+01,7.026554749285413948e+01,5.370818209125522991e+00,1.000000000000000000e+01,5.785214168046230299e+01
6.224999999999994982e-01,2.146461256494522374e+01,7.055837502867414912e+01,5.623470463602014746e+00,1.000000000000000000e+01,5.863175820648674375e+01
6.249999999999994449e-01,2.164117463329506919e+01,7.085093169788753187e+01,5.871205856646324328e+00,1.000000000000000000e+01,5.944744892611412013e+01
6.274999999999993916e-01,2.181846793947261531e+01,7.114321754733273906e+01,6.114119648922334171e+00,1.000000000000000000e+01,6.029850363677284975e+01
6.299999999999993383e-01,2.199649180646025926e+01,7.143523263903790621e+01,6.352307050619280027e+00,-1.000000000000000000e+01,6.118422550799291315e+01
6.324999999999992850e-01,2.217524555740374126e+01,7.172697705016334169e+01,6.076854319394636050e+00,-1.000000000000000000e+01,6.208739710353265906e+01
6.349999999999992317e-01,2.235472851565087282e+01,7.201845087317727234e+01,5.808415297485147732e+00,-1.000000000000000000e+01,6.295119050632256119e+01
6.374999999999991784e-01,2.253494000478796622e+01,7.230965421143712035e+01,5.546842550145383299e+00,-1.000000000000000000e+01,6.377661349488814579e+01
6.399999999999991251e-01,2.271587931832382878e+01,7.260070456875671141e+01,5.291989258719465461e+00,-1.000000000000000000e+01,6.456465236366061333e+01
6.424999999999990719e-01,2.289754631353526904e+01,7.289184666842631088e+01,5.043710260930193812e+00,-1.000000000000000000e+01,6.531627201779927816e+01
6.449999999999990186e-01,2.307994121983927016e+01,7.318308739330360879e+01,4.801862286250323741e+00,-1.000000000000000000e+01,6.603241628472312641e+01
6.474999999999989653e-01,2.326306428386947900e+01,7.347442687123253791e+01,4.566303919607779704e+00,-1.000000000000000000e+01,6.671400813150894749e+01
6.499999999999989120e-01,2.344691575258301697e+01,7.376586523614319901e+01,4.336896227284225525e+00,-1.000000000000000000e+01,6.736194995454685852e+01
6.524999999999988587e-01,2.363149587327513856e+01,7.405740262820151543e+01,4.113501453330075996e+00,1.000000000000000000e+01,6.797712399925049453e+01
6.549999999999988054e-01,2.381680489359496278e+01,7.434903919321489241e+01,4.442701182189320974e+00,1.000000000000000000e+01,6.857813977556195084e+01
6.574999999999987521e-01,2.400284306155867498e+01,7.464077508107959602e+01,4.764447802439834234e+00,1.000000000000000000e+01,6.922611446549858272e+01
6.599999999999986988e-01,2.418961062556057939e+01,7.493261044982662611e+01,5.078909488301672326e+00,1.000000000000000000e+01,6.991997686782688959e+01
6.624999999999986455e-01,2.437710783439503004e+01,7.522454546569771594e+01,5.386251969163407871e+00,1.000000000000000000e+01,7.065867956623210944e+01
6.649999999999985922e-01,2.456533493727663142e+01,7.551658030308935565e+01,5.686638945898478070e+00,1.000000000000000000e+01,7.144119865268062597e+01
6.674999999999985389e-01,2.475429218386036467e+01,7.580871514330200966e+01,5.980231406286004692e+00,1.000000000000000000e+01,7.226653347963230090e+01
6.699999999999984857e-01,2.494397982425807569e+01,7.610095017392288241e+01,6.267186886282300584e+00,1.000000000000000000e+01,7.313370636249236156e+01
6.724999999999984324e-01,2.513439810905375893e+01,7.639328558760119847e+01,6.547661476846725392e+00,1.000000000000000000e+01,7.404176219944274351e+01
6.749999999999983791e-01,2.532554728931558330e+01,7.668572158113121873e+01,6.821807418928864664e+00,1.000000000000000000e+01,7.498976835356884862e+01
6.774999999999983258e-01,2.551742761660603875e+01,7.697825835460639610e+01,7.089775519412721216e+00,-1.000000000000000000e+01,7.597681419852271745e+01
6.799999999999982725e-01,2.571003934298896709e+01,7.727089610984135959e+01,6.761357207519880674e+00,-1.000000000000000000e+01,7.698286411540333063e+01
6.824999999999982192e-01,2.590338272103376838e+01,7.756363504997503355e+01,6.442234216249354439e+00,-1.000000000000000000e+01,7.794203400892773459e+01
6.849999999999981659e-01,2.609745800381732295e+01,7.785647537529781914e+01,6.132179217360539170e+00,-1.000000000000000000e+01,7.885566065505793176e+01
6.874999999999981126e-01,2.629226544491482542e+01,7.814941728162763468e+01,5.830967787625488619e+00,-1.000000000000000000e+01,7.972504724878139371e+01
6.899999999999980593e-01,2.648780529838811049e+01,7.844246095955990938e+01,5.538380365598962740e+00,-1.000000000000000000e+01,8.055146408085809639e+01
6.924999999999980060e-01,2.668407781877239060e+01,7.873560659391542060e+01,5.254201823019672091e+00,-1.000000000000000000e+01,8.133614918055350529e+01
6.949999999999979527e-01,2.688108326106156909e+01,7.902885436363068550e+01,4.978220209390423534e+00,-1.000000000000000000e+01,8.208030904072050760e+01
6.974999999999978995e-01,2.707882188069358165e+01,7.932220444065264076e+01,4.710227601374935347e+00,-1.000000000000000000e+01,8.278511917490540384e+01
6.999999999999978462e-01,2.727729393353123299e+01,7.961565698943570624e+01,1.445002053755459315e+01,1.000000000000000000e+01,8.345172467852646037e+01
7.024999999999977929e-01,2.747649967584520780e+01,7.990921216699304352e+01,1.448695146776252329e+01,1.000000000000000000e+01,8.552301084925869645e+01
7.049999999999977396e-01,2.767643936409924521e+01,8.020286699522389995e+01,1.452457891867186035e+01,1.000000000000000000e+01,8.759955008425248479e+01
7.074999999999976863e-01,2.787711324413720959e+01,8.049661843333322508e+01,1.456288199468377087e+01,1.000000000000000000e+01,8.968144327615682698e+01
7.099999999999976330e-01,2.807852155752236811e+01,8.079046656358431733e+01,1.460184069182682087e+01,1.000000000000000000e+01,9.176878869651550019e+01
7.124999999999975797e-01,2.828066454604309499e+01,8.108441150164043165e+01,1.464143470885916010e+01,1.000000000000000000e+01,9.386168192625196127e+01
7.149999999999975264e-01,2.848354245179535482e+01,8.137845339704283276e+01,1.468164518218963366e+01,1.000000000000000000e+01,9.596021591074577373e+01
7.174999999999974731e-01,2.868715551726851132e+01,8.167259243369326782e+01,1.472245339872629977e+01,1.000000000000000000e+01,9.806448111699619119e+01
7.199999999999974198e-01,2.889150398543137044e+01,8.196682883037458112e+01,1.476384090989027520e+01,1.000000000000000000e+01,1.001745656525743016e+02
7.224999999999973666e-01,2.909658809981986849e+01,8.226116284086637620e+01,1.480579036069455334e+01,1.000000000000000000e+01,1.022905551801347741e+02
7.249999999999973133e-01,2.930240810462377254e+01,8.255559475388123758e+01,1.484828371473929920e+01,-1.000000000000000000e+01,1.044125331721763246e+02
7.274999999999972600e-01,2.950896424477458524e+01,8.285012489321668738e+01,1.421284349200287878e+01,-1.000000000000000000e+01,1.065186072727151867e+02
7.299999999999972067e-01,2.971625678746892874e+01,8.314467071904867623e+01,1.359737288530594768e+01,-1.000000000000000000e+01,1.085342517037699395e+02
7.324999999999971534e-01,2.992428560286480632e+01,8.343905979051605470e+01,1.300132208139582346e+01,-1.000000000000000000e+01,1.104623207299266596e+02
7.349999999999971001e-01,3.013305029923702349e+01,8.373328756896044922e+01,1.242415238905960528e+01,-1.000000000000000000e+01,1.123055878205161093e+02
7.374999999999970468e-01,3.034255047346151102e+01,8.402735420979654180e+01,1.186533789818354734e+01,-1.000000000000000000e+01,1.140667475860686579e+02
7.399999999999969935e-01,3.055278572275828708e+01,8.432125979353604350e+01,1.132436348280577398e+01,-1.000000000000000000e+01,1.157484179780223457e+02
7.424999999999969402e-01,3.076375564450808753e+01,8.461500433068059124e+01,1.080072683692497293e+01,-1.000000000000000000e+01,1.173531421088415954e+02
7.449999999999968869e-01,3.097545983607928832e+01,8.490858776736828872e+01,1.029393524160857964e+01,-1.000000000000000000e+01,1.188833903257054487e+02
7.474999999999968336e-01,3.118789789467186679e+01,8.520200999176236678e+01,9.803508760213045292e+00,1.000000000000000000e+01,1.203415618921270038e+02
7.499999999999967804e-01,3.140106941717416333e+01,8.549527083876228062e+01,1.005142967145773270e+01,1.000000000000000000e+01,1.217533759507678184e+02
7.524999999999967271e-01,3.161497400002647140e+01,8.578837008599940361e+01,1.029301523476196678e+01,1.000000000000000000e+01,1.232005026286994251e+02
7.549999999999966738e-01,3.182961123910753543e+01,8.608130755215262297e+01,1.052844621880027454e+01,1.000000000000000000e+01,1.246820409956163189e+02
7.574999999999966205e-01,3.204498072987921375e+01,8.637408312077457140e+01,1.075789900403642463e+01,1.000000000000000000e+01,1.261971159807418985e+02
7.599999999999965672e-01,3.226108206755620245e+01,8.666669675194637534e+01,1.098154636345739199e+01,1.000000000000000000e+01,1.277448776984611527e+02
7.624999999999965139e-01,3.247791484729588518e+01,8.695914847994846752e+01,1.119955679701853235e+01,1.000000000000000000e+01,1.293245010126611589e+02
7.649999999999964606e-01,3.269547866438320938e+01,8.725143841090820729e+01,1.141209397733266151e+01,1.000000000000000000e+01,1.309351849736455904e+02
7.674999999999964073e-01,3.291377311440771081e+01,8.754356671927136802e+01,1.161931953860689326e+01,1.000000000000000000e+01,1.325761521607830389e+02
7.699999999999963540e-01,3.313279779343315568e+01,8.783553364532545515e+01,1.182138913390542712e+01,1.000000000000000000e+01,1.342466484052039561e+02
7.724999999999963007e-01,3.335255229816004885e+01,8.812733949062109673e+01,1.201845618181297759e+01,-1.000000000000000000e+01,1.359459418925321756e+02
7.749999999999962474e-01,3.357303622607588522e+01,8.841898461411284416e+01,1.143800164441020328e+01,-1.000000000000000000e+01,1.376483173775248474e+02
7.774999999999961942e-01,3.379424917560399422e+01,8.871046943778530647e+01,1.087736159478567011e+01,-1.000000000000000000e+01,1.392682009975368942e+02
7.799999999999961409e-01,3.401619074623349093e+01,8.900179435628365354e+01,1.033592933444764128e+01,-1.000000000000000000e+01,1.408084122057949514e+02
7.824999999999960876e-01,3.423886053841293631e+01,8.929295971648652142e+01,9.813111992000798978e+00,-1.000000000000000000e+01,1.422716834210636421e+02
7.849999999999960343e-01,3.446225815342473453e+01,8.958396580865708358e+01,9.308332696633771164e+00,-1.000000000000000000e+01,1.436606620964338958e+02
7.874999999999959810e-01,3.468638319324577424e+01,8.987481286952785808e+01,8.821029569658559666e+00,-1.000000000000000000e+01,1.449779131907467900e+02
7.899999999999959277e-01,3.491123526041574365e+01,9.016550108581427025e+01,8.350655530887133082e+00,-1.000000000000000000e+01,1.462259214411377570e+02
7.924999999999958744e-01,3.513681395791369511e+01,9.045603059731219275e+01,7.896678229888979494e+00,-1.000000000000000000e+01,1.474070934977805507e+02
7.949999999999958211e-01,3.536311888904239709e+01,9.074640150012497486e+01,7.458578769787632901e+00,1.000000000000000000e+01,1.485237601345615985e+02
7.974999999999957678e-01,3.559014965732132652e+01,9.103661384908700427e+01,7.854876776358290513e+00,1.000000000000000000e+01,1.496046766646556989e+02
8.000000000000000444e-01,3.581790586637841045e+01,9.132666765122306174e+01,8.238891892243627169e+00,1.000000000000000000e+01,1.507419732329135229e+02
8.024999999999999911e-01,3.604638711502006032e+01,9.161648566813104821e+01,8.611015647271502260e+00,1.000000000000000000e+01,1.519339062517189234e+02
8.049999999999999378e-01,3.627559273092732894e+01,9.190599070422773309e+01,8.971628185554916257e+00,1.000000000000000000e+01,1.531787879477905392e+02
8.074999999999998845e-01,3.650552193170545223e+01,9.219518287999643746e+01,9.321100049586164005e+00,1.000000000000000000e+01,1.544749846721235542e+02
8.099999999999998312e-01,3.673617393528466835e+01,9.248406235348197413e+01,9.659791313960637282e+00,1.000000000000000000e+01,1.558209155107618926e+02
8.124999999999997780e-01,3.696754796000938370e+01,9.277262931341186913e+01,9.988052044255239181e+00,1.000000000000000000e+01,1.572150509688958948e+02
8.149999999999997247e-01,3.719964322471053464e+01,9.306088397131748025e+01,1.030622295236520358e+01,1.000000000000000000e+01,1.586559114979580158e+02
8.174999999999996714e-01,3.743245894875821023e+01,9.334882655255321993e+01,1.061463430074481629e+01,-1.000000000000000000e+01,1.601420661869505864e+02
8.199999999999996181e-01,3.766599435209112556e+01,9.363645728750931596e+01,1.004728598535301565e+01,-1.000000000000000000e+01,1.616441100558068342e+02
8.224999999999995648e-01,3.790024865522828179e+01,9.392377641010797618e+01,9.500796665869629010e+00,-1.000000000000000000e+01,1.630656015262363212e+02
8.249999999999995115e-01,3.813522107925719951e+01,9.421078409124818620e+01,8.974466120412097681e+00,-1.000000000000000000e+01,1.644095047378934282e+02
8.274999999999994582e-01,3.837091084564719523e+01,9.449748042187128760e+01,8.467615144101554137e+00,-1.000000000000000000e+01,1.656786841174794631e+02
8.299999999999994049e-01,3.860731717604593172e+01,9.478386540675990091e+01,7.979583322218885222e+00,-1.000000000000000000e+01,1.668759074240784912e+02
8.324999999999993516e-01,3.884443929206392454e+01,9.506993896449368719e+01,7.509730454949960610e+00,-1.000000000000000000e+01,1.680038484907896930e+02
8.349999999999992983e-01,3.908227641505985162e+01,9.535570092853090785e+01,7.057435221739194908e+00,-1.000000000000000000e+01,1.690650902053330071e+02
8.374999999999992450e-01,3.932082776592782380e+01,9.564115104806489853e+01,6.622094163726689686e+00,-1.000000000000000000e+01,1.700621270982170756e+02
8.399999999999991918e-01,3.956009256488707848e+01,9.592628898804814241e+01,6.203122237973996533e+00,1.000000000000000000e+01,1.709973680132523839e+02
8.424999999999991385e-01,3.980007003127191467e+01,9.621111432994172219e+01,6.714323359125424773e+00,1.000000000000000000e+01,1.719027074639022317e+02
8.449999999999990852e-01,4.004075938331982343e+01,9.649562656763943380e+01,7.207824109442164229e+00,1.000000000000000000e+01,1.728807359047408454e+02
8.474999999999990319e-01,4.028215983796482647e+01,9.677982514967155225e+01,7.684242471837244182e+00,1.000000000000000000e+01,1.739289427778279276e+02
8.499999999999989786e-01,4.052427061074148185e+01,9.706370948482231142e+01,8.144177285086367846e+00,1.000000000000000000e+01,1.750449054534013555e+02
8.524999999999989253e-01,4.076709091568503140e+01,9.734727894202758591e+01,8.588209032949635002e+00,1.000000000000000000e+01,1.762262864340480633e+02
8.549999999999988720e-01,4.101061996522783915e+01,9.763053284316981717e+01,9.016900367521971660e+00,1.000000000000000000e+01,1.774708307593890027e+02
8.574999999999988187e-01,4.125485697007899688e+01,9.791347045693693474e+01,9.430795914577164041e+00,1.000000000000000000e+01,1.787763634939962287e+02
8.599999999999987654e-01,4.149980113908657842e+01,9.819609099223953308e+01,9.830423278405129750e+00,1.000000000000000000e+01,-1.798592128902674290e+02
8.624999999999987121e-01,4.174545167908483023e+01,9.847839359224698796e+01,1.021629363447528149e+01,1.000000000000000000e+01,-1.784379209676732785e+02
8.649999999999986589e-01,4.199180779472745684e+01,9.876037732909179567e+01,1.058890155132029776e+01,1.000000000000000000e+01,-1.769617107259485635e+02
8.674999999999986056e-01,4.223886868830615526e+01,9.904204119882177793e+01,1.094872589598245405e+01,1.000000000000000000e+01,-1.754324619372932546e+02
8.699999999999985523e-01,4.248663355955814325e+01,9.932338411655410937e+01,1.129622987680849278e+01,1.000000000000000000e+01,-1.738519865088833853e+02
8.724999999999984990e-01,4.273510160546123160e+01,9.960440491236933269e+01,1.163186175503355457e+01,1.000000000000000000e+01,-1.722220307085881643e+02
8.749999999999984457e-01,4.298427202001883529e+01,9.988510232801026234e+01,1.195605535574112466e+01,1.000000000000000000e+01,-1.705442773854545067e+02
8.774999999999983924e-01,4.323414399403767305e+01,1.001654750139628760e+02,1.226922991141716501e+01,1.000000000000000000e+01,-1.688203481074033903e+02
8.799999999999983391e-01,4.348471671489816970e+01,1.004455215269222350e+02,1.257179108309230919e+01,1.000000000000000000e+01,-1.670518052882709128e+02
8.824999999999982858e-01,4.373598936631870515e+01,1.007252403283459614e+02,1.286413064542303886e+01,1.000000000000000000e+01,-1.652401542193583168e+02
8.849999999999982325e-01,4.398796112811692183e+01,1.010046297836704525e+02,1.314662758146899080e+01,1.000000000000000000e+01,-1.633868450875795588e+02
8.874999999999981792e-01,4.424063117596932670e+01,1.012836881623486391e+02,1.341964818850240349e+01,1.000000000000000000e+01,-1.614932749008840744e+02
8.899999999999981259e-01,4.449399868117214396e+01,1.015624136387657899e+02,1.368354591915506546e+01,1.000000000000000000e+01,-1.595607893893349569e+02
8.924999999999980727e-01,4.474806281040375211e+01,1.018408042937280271e+02,1.393866255846737445e+01,1.000000000000000000e+01,-1.575906848392162658e+02
8.949999999999980194e-01,4.500282272549232232e+01,1.021188581170176661e+02,1.418532784400994373e+01,1.000000000000000000e+01,-1.555842098835398986e+02
8.974999999999979661e-01,4.525827758318971661e+01,1.023965730104668808e+02,1.442386070656858088e+01,1.000000000000000000e+01,-1.535425672165144988e+02
8.999999999999979128e-01,4.551442653495365676e+01,1.026739467921128011e+02,1.465456842587069275e+01,1.000000000000000000e+01,-1.514669152820755471e+02
9.024999999999978595e-01,4.577126872674103453e+01,1.029509772013677917e+02,1.487774801695803362e+01,1.000000000000000000e+01,-1.493583698648072300e+02
9.049999999999978062e-01,4.602880329881445221e+01,1.032276619048490005e+02,1.509368549485084010e+01,1.000000000000000000e+01,-1.472180056573361924e+02
9.074999999999977529e-01,4.628702938556369162e+01,1.035039985031288552e+02,1.530265762959413145e+01,1.000000000000000000e+01,-1.450468577889924120e+02
9.099999999999976996e-01,4.654594611534496096e+01,1.037799845381070583e+02,1.550493041913416548e+01,1.000000000000000000e+01,-1.428459232054109691e+02
9.124999999999976463e-01,4.680555261033840253e+01,1.040556175015372418e+02,1.570076141739989417e+01,1.000000000000000000e+01,-1.406161620925228704e+02
9.149999999999975930e-01,4.706584798642796130e+01,1.043308948438294550e+02,1.589039830542239962e+01,1.000000000000000000e+01,-1.383584991670084321e+02
9.174999999999975397e-01,4.732683135310319500e+01,1.046058139839796013e+02,1.607407960901903721e+01,1.000000000000000000e+01,-1.360738249432602345e+02
9.199999999999974865e-01,4.758850181338660690e+01,1.048803723200178553e+02,1.625203599239213759e+01,1.000000000000000000e+01,-1.337629969471278741e+02
9.224999999999974332e-01,4.785085846378733265e+01,1.051545711841614263e+02,1.642448947110114688e+01,1.000000000000000000e+01,-1.314268408254639553e+02
9.249999999999973799e-01,4.811390043529423366e+01,1.054285506716812932e+02,1.659165532953968025e+01,1.000000000000000000e+01,-1.290661513497281589e+02
9.274999999999973266e-01,4.837762726893117815e+01,1.057023766279106525e+02,1.675374151397915057e+01,1.000000000000000000e+01,-1.266816933563555665e+02
9.299999999999972733e-01,4.864203857937418007e+01,1.059760464289971225e+02,1.691094848027991304e+01,1.000000000000000000e+01,-1.242742025353802831e+02
9.324999999999972200e-01,4.890713397475634139e+01,1.062495574860081717e+02,1.706346847728072902e+01,1.000000000000000000e+01,-1.218443865291081067e+02
9.349999999999971667e-01,4.917291305676253188e+01,1.065229072576973977e+02,1.721148668318800645e+01,1.000000000000000000e+01,-1.193929257276441831e+02
9.374999999999971134e-01,4.943937542075573788e+01,1.067960932630122528e+02,1.735518242560737079e+01,1.000000000000000000e+01,-1.169204741041520208e+02
9.399999999999970601e-01,4.970652065593341717e+01,1.070691130921057379e+02,1.749472605215187926e+01,1.000000000000000000e+01,-1.144276600189713946e+02
9.424999999999970068e-01,4.997434834551368255e+01,1.073419644203463008e+02,1.763028326065933982e+01,1.000000000000000000e+01,-1.119150870058544456e+02
9.449999999999969535e-01,5.024285806695550605e+01,1.076146450206973952e+02,1.776201196616039013e+01,1.000000000000000000e+01,-1.093833344316652330e+02
9.474999999999969003e-01,5.051204939220917822e+01,1.078871527756476638e+02,1.789006451595219360e+01,1.000000000000000000e+01,-1.068329583238445508e+02
9.499999999999968470e-01,5.078192188799837936e+01,1.081594856914398406e+02,1.801458764934306700e+01,1.000000000000000000e+01,-1.042644917744660233e+02
9.524999999999967937e-01,5.105247511613665523e+01,1.084316419120958130e+02,1.813572268181161462e+01,1.000000000000000000e+01,-1.016784456142786297e+02
9.549999999999967404e-01,5.132370863387991022e+01,1.087036197338514256e+02,1.825360600966119407e+01,1.000000000000000000e+01,-9.907530897669587944e+01
9.574999999999966871e-01,5.159562199431667295e+01,1.089754176211210392e+02,1.836836761697797726e+01,1.000000000000000000e+01,-9.645554983050232067e+01
9.599999999999966338e-01,5.186821474679724986e+01,1.092470342241348789e+02,1.848013297498418694e+01,1.000000000000000000e+01,-9.381961555482064341e+01
9.624999999999965805e-01,5.214148643740752931e+01,1.095184683953806228e+02,1.858902275398433446e+01,1.000000000000000000e+01,-9.116793344965375923e+01
9.649999999999965272e-01,5.241543660948609329e+01,1.097897192058289022e+02,1.869515242943118238e+01,1.000000000000000000e+01,-8.850091123239133140e+01
9.674999999999964739e-01,5.269006480417636595e+01,1.100607859612275377e+02,1.879863291857690655e+01,1.000000000000000000e+01,-8.581893761679445731e+01
9.699999999999964206e-01,5.296537056102541641e+01,1.103316682154728454e+02,1.889957077496976368e+01,1.000000000000000000e+01,-8.312238280934398915e+01
9.724999999999963674e-01,5.324135341860969106e+01,1.106023657828135072e+02,1.899806836373049279e+01,1.000000000000000000e+01,-8.041159905268401076e+01
9.749999999999963141e-01,5.351801291519105064e+01,1.108728787469253092e+02,1.909422465290307969e+01,1.000000000000000000e+01,-7.768692122178607917e+01
9.774999999999962608e-01,5.379534858939818776e+01,1.111432074693959038e+02,1.918813370403671925e+01,1.000000000000000000e+01,-7.494866719365577978e+01
9.799999999999962075e-01,5.407335997276558714e+01,1.114134236482153142e+02,1.927988762374532072e+01,1.000000000000000000e+01,-7.219713859344751938e+01
9.824999999999961542e-01,5.435204702544116628e+01,1.116841691054077614e+02,1.936958239245824132e+01,1.000000000000000000e+01,-6.943262081585501733e+01
9.849999999999961009e-01,5.463141133206496391e+01,1.119556029000591337e+02,1.945730902632017134e+01,1.000000000000000000e+01,-6.665538313493388500e+01
9.874999999999960476e-01,5.491145461413555751e+01,1.122277263156557012e+02,1.954315563251817878e+01,1.000000000000000000e+01,-6.386567917687624174e+01
9.899999999999959943e-01,5.519217859652462010e+01,1.125005409261714391e+02,1.962720626483806896e+01,1.000000000000000000e+01,-6.106374775467080696e+01
9.924999999999959410e-01,5.547358500820367055e+01,1.127740485911614172e+02,1.970954187245605027e+01,1.000000000000000000e+01,-5.824981361559690640e+01
9.949999999999958877e-01,5.575567558295301751e+01,1.130482514505045089e+02,1.979024050648049382e+01,1.000000000000000000e+01,-5.542408821641955541e+01
9.974999999999958344e-01,5.603845206005927082e+01,1.133231519168791692e+02,1.986937673342455923e+01,1.000000000000000000e+01,-5.258677047900935264e+01
9.999999999999957812e-01,5.632191619015335249e+01,1.135987077036826207e+02,1.994702097203907698e+01,1.000000000000000000e+01,-4.973804741032759580e+01
1.002499999999995728e+00,5.660606946060349287e+01,1.138745161821584730e+02,2.002323786761522939e+01,1.000000000000000000e+01,-4.687809564152934172e+01
1.004999999999995675e+00,5.689091233981344686e+01,1.141504805964298441e+02,2.009808840702747545e+01,1.000000000000000000e+01,-4.400708204328895334e+01
1.007499999999995621e+00,5.717644521954259318e+01,1.144266044195137084e+02,2.017163159089576041e+01,1.000000000000000000e+01,-4.112516515709271658e+01
1.009999999999995568e+00,5.746266850034564300e+01,1.147028913125011655e+02,2.024392417517297105e+01,1.000000000000000000e+01,-3.823249557650277097e+01
1.012499999999995515e+00,5.774958259202838917e+01,1.149793451014739674e+02,2.031502067068961637e+01,1.000000000000000000e+01,-3.532921692753549792e+01
1.014999999999995461e+00,5.803718791404935473e+01,1.152559697566085219e+02,2.038497357374804864e+01,1.000000000000000000e+01,-3.241546670408533259e+01
1.017499999999995408e+00,5.832548489586660168e+01,1.155327693650501004e+02,2.045383314755633819e+01,1.000000000000000000e+01,-2.949137710362708020e+01
1.020000000000000018e+00,5.861447397721308050e+01,1.158097481035787695e+02,2.052164779445840281e+01,1.000000000000000000e+01,-2.655707556475547904e+01
1.022499999999999964e+00,5.890415557096036281e+01,1.160863131277380376e+02,2.058845593408082308e+01,1.000000000000000000e+01,-2.361268619360221166e+01
1.024999999999999911e+00,5.919452800485358779e+01,1.163618717443060007e+02,2.065429258588620343e+01,1.000000000000000000e+01,-2.065833112596098076e+01
1.027499999999999858e+00,5.948558876538635332e+01,1.166364283703269109e+02,2.071919060190147377e+01,1.000000000000000000e+01,-1.769413149106381056e+01
1.029999999999999805e+00,5.977733535008049159e+01,1.169099873814518560e+02,2.078318135877488260e+01,1.000000000000000000e+01,-1.472020814185608018e+01
1.032499999999999751e+00,6.006976526735987676e+01,1.171825530785582430e+02,2.084629653972097074e+01,1.000000000000000000e+01,-1.173668204644123847e+01
1.034999999999999698e+00,6.036287603635223320e+01,1.174541296597048046e+02,2.090856629896361696e+01,1.000000000000000000e+01,-8.743674885113426498e+00
1.037499999999999645e+00,6.065666518660965778e+01,1.177247211876194939e+02,2.097001945264308631e+01,6.379815494970008105e-01,-5.741309269170058016e+00
1.039999999999999591e+00,6.095113025775603433e+01,1.179943315574841307e+02,2.039077094369917020e+01,6.379815494970008105e-01,-2.750402449391710746e+00
1.042499999999999538e+00,6.124626879905333965e+01,1.182629644783116447e+02,1.984134231460024722e+01,6.379815494970008105e-01,1.587351789432482896e-01
1.044999999999999485e+00,6.154207882057026779e+01,1.185288756042836553e+02,1.932033229243137740e+01,6.379815494970008105e-01,2.990286102894959441e+00
1.047499999999999432e+00,6.183854995191267534e+01,1.187884266171746788e+02,1.882639902954164768e+01,6.379815494970008105e-01,5.748235587441109296e+00
1.049999999999999378e+00,6.213566629485676174e+01,1.190415200026383076e+02,1.835825828371956447e+01,6.379815494970008105e-01,8.436380997021702299e+00
1.052499999999999325e+00,6.243341170701067711e+01,1.192881585372895756e+02,1.791467635851987694e+01,6.379815494970008105e-01,1.105833964173140416e+01
1.054999999999999272e+00,6.273177005270590456e+01,1.195283446126487661e+02,1.749447419516405944e+01,6.379815494970008105e-01,1.361755663666891358e+01
1.057499999999999218e+00,6.303072520203513562e+01,1.197620802440695513e+02,1.709651927249198877e+01,6.379815494970008105e-01,1.611731218630994888e+01
1.059999999999999165e+00,6.333026102991973261e+01,1.199893670792027223e+02,1.671973018994105331e+01,-8.983401273804912934e-01,1.856072867010377081e+01
1.062499999999999112e+00,6.363036141519344113e+01,1.202102064090171325e+02,1.625348472750090778e+01,-4.719641458563994085e+00,2.094723373884468032e+01
1.064999999999999059e+00,6.393101024263626897e+01,1.204245737793504389e+02,1.553866871667037053e+01,-8.024504764101230592e+00,2.325880664419582544e+01
1.067499999999999005e+00,6.423219124660619173e+01,1.206322407755058777e+02,1.462502744841861713e+01,-8.024504764101230592e+00,2.546133826760794960e+01
1.069999999999998952e+00,6.453388758330719099e+01,1.208331515119220967e+02,1.375852247013388308e+01,-8.024504764101230592e+00,2.753421182736017059e+01
1.072499999999998899e+00,6.483608236235191669e+01,1.210273062977191501e+02,1.293686397058415238e+01,-8.024504764101230592e+00,2.948410402030753374e+01
1.074999999999998845e+00,6.513875869394310314e+01,1.212147051341239035e+02,1.215786192989149761e+01,-8.024504764101230592e+00,3.131737185734080242e+01
1.077499999999998792e+00,6.544189968812064251e+01,1.213953477442090474e+02,1.141942492487918059e+01,-8.024504764101230592e+00,3.304006586085444752e+01
1.079999999999998739e+00,6.574548845408450859e+01,1.215692336041644381e+02,1.071955361385747274e+01,-8.024504764101230592e+00,3.465794283307106127e+01
1.082499999999998685e+00,6.604950809959443347e+01,1.217363619727845503e+02,1.005634136075870799e+01,-1.000000000000000000e+01,3.617647823084364234e+01
1.084999999999998632e+00,6.635394173044366539e+01,1.218967319207560536e+02,9.284868765215048114e+00,-1.000000000000000000e+01,3.759625513229778448e+01
1.087499999999998579e+00,6.665877245000423557e+01,1.220503423573476027e+02,8.553895267949918946e+00,-1.000000000000000000e+01,3.890655194172315845e+01
1.089999999999998526e+00,6.696398335883597497e+01,1.221971920520560388e+02,7.861399612763374734e+00,-1.000000000000000000e+01,4.011312471972611604e+01
1.092499999999998472e+00,6.726955729676120654e+01,1.223377290079622526e+02,7.205445304366652870e+00,-1.000000000000000000e+01,4.122144240241492241e+01
1.094999999999998419e+00,6.757547991589450476e+01,1.224737736335620895e+02,6.584177356075378462e+00,-1.000000000000000000e+01,4.223669828797134329e+01
1.097499999999998366e+00,6.788174021101197297e+01,1.226055261810258230e+02,5.995827938080860342e+00,-1.000000000000000000e+01,4.316382190783684791e+01
1.099999999999998312e+00,6.818832745090207936e+01,1.227329848263869110e+02,5.438714923589642147e+00,-1.000000000000000000e+01,4.400749125639202930e+01
1.102499999999998259e+00,6.849523089976108281e+01,1.228561476973105897e+02,4.911238792905606054e+00,-1.000000000000000000e+01,4.477214481541346203e+01
1.104999999999998206e+00,6.880243981708244405e+01,1.229750128923513017e+02,4.411877390169816060e+00,1.000000000000000000e+01,4.546199310488377421e+01
1.107499999999998153e+00,6.910994345759618795e+01,1.230895784989138093e+02,5.427147672498190190e+00,1.000000000000000000e+01,4.612905371000271515e+01
1.110000000000000098e+00,6.941773107124879516e+01,1.231998426084585958e+02,6.388805809522484225e+00,1.000000000000000000e+01,4.693988134929450240e+01
1.112500000000000044e+00,6.972579197320142441e+01,1.233069218948102446e+02,7.299634866759177498e+00,1.000000000000000000e+01,4.788685487451022027e+01
1.114999999999999991e+00,7.003411939995761770e+01,1.234119326818248936e+02,8.162289853550941388e+00,1.000000000000000000e+01,4.896274973404935338e+01
1.117499999999999938e+00,7.034270817894118011e+01,1.235148726424268517e+02,8.979290174680436110e+00,1.000000000000000000e+01,5.016071950976708393e+01
1.119999999999999885e+00,7.065155313178175334e+01,1.236157394955826874e+02,9.753027094658813567e+00,1.000000000000000000e+01,5.147427661779853025e+01
1.122499999999999831e+00,7.096064907443565062e+01,1.237145310165382028e+02,1.048576978133709581e+01,1.000000000000000000e+01,5.289727395502736584e+01
1.124999999999999778e+00,7.126999081733256958e+01,1.238112450477259472e+02,1.117967095847287773e+01,1.000000000000000000e+01,5.442388751824042714e+01
1.127499999999999725e+00,7.157957316554976046e+01,1.239058795098261072e+02,1.183677308606755574e+01,-1.000000000000000000e+01,5.604860005427666181e+01
1.129999999999999671e+00,7.188939091901410450e+01,1.239984324133503861e+02,1.094948821654157101e+01,-1.000000000000000000e+01,5.771750218948256617e+01
1.132499999999999618e+00,7.219943887273431926e+01,1.240889018718123822e+02,1.011041984642691816e+01,-1.000000000000000000e+01,5.926065044503480550e+01
1.134999999999999565e+00,7.250971181706216839e+01,1.241772861016263931e+02,9.317004464891752491e+00,-1.000000000000000000e+01,6.068489168315293369e+01
1.137499999999999512e+00,7.282020453795040282e+01,1.242635834279467986e+02,8.566810389571539730e+00,-1.000000000000000000e+01,6.199670739732302849e+01
1.139999999999999458e+00,7.313091181722769818e+01,1.243477922900426762e+02,7.857531156785862336e+00,-1.000000000000000000e+01,6.320223250193820519e+01
1.142499999999999405e+00,7.344182883658868377e+01,1.244292070446255281e+02,7.186992836227623194e+00,-1.000000000000000000e+01,6.430727374140506925e+01
1.144999999999999352e+00,7.375294636148443317e+01,1.245049717675786951e+02,6.553148322768411305e+00,-1.000000000000000000e+01,6.531732889777427431e+01
1.147499999999999298e+00,7.406424991194623431e+01,1.245747702898829488e+02,5.954054641437375395e+00,-1.000000000000000000e+01,6.623760404935381985e+01
1.149999999999999245e+00,7.437572457278115223e+01,1.246386032243586186e+02,5.387866767293025383e+00,1.000000000000000000e+01,6.707302870055445965e+01
1.152499999999999192e+00,7.468735543042559755e+01,1.246967745408422985e+02,6.378422241075073273e+00,1.000000000000000000e+01,6.787744614909692586e+01
1.154999999999999138e+00,7.499913072603195019e+01,1.247602544947926191e+02,7.315134525861358483e+00,1.000000000000000000e+01,6.882194757116135975e+01
1.157499999999999085e+00,7.531107072098684796e+01,1.248343025985514458e+02,8.201113885902046263e+00,1.000000000000000000e+01,6.989891122893540398e+01
1.159999999999999920e+00,7.562320183231875603e+01,1.249189130009238227e+02,9.039278328085677217e+00,1.000000000000000000e+01,7.110116121255801147e+01
1.162499999999999867e+00,7.593554873476522005e+01,1.249864717707637993e+02,9.831735223533991430e+00,1.000000000000000000e+01,7.242189866819454380e+01
1.164999999999999813e+00,7.624803585873354450e+01,1.250222711466264940e+02,1.058064576009318181e+01,1.000000000000000000e+01,7.385464437415247119e+01
1.167499999999999760e+00,7.656061012538938826e+01,1.250531756693726351e+02,1.128833425070080132e+01,1.000000000000000000e+01,7.539323611017518090e+01
1.169999999999999707e+00,7.687325929724275397e+01,1.250799295291558053e+02,1.195701408366996610e+01,1.000000000000000000e+01,7.703184035941301033e+01
1.172499999999999654e+00,7.718597299862325656e+01,1.251025345625806864e+02,1.258878178283655558e+01,-1.000000000000000000e+01,7.876493895726423489e+01
1.174999999999999600e+00,7.749874082006492415e+01,1.251213283608862383e+02,1.165091223896176409e+01,-1.000000000000000000e+01,8.053785356723517452e+01
1.177499999999999547e+00,7.781155437301336519e+01,1.251393393504428815e+02,1.076525644504407353e+01,-1.000000000000000000e+01,8.217802939366283965e+01
1.179999999999999494e+00,7.812441293296214440e+01,1.251573143998001569e+02,9.928915624171864351e+00,-1.000000000000000000e+01,8.369286380618250121e+01
1.182499999999999440e+00,7.843731641030714741e+01,1.251752539794534727e+02,9.139150865290762482e+00,-1.000000000000000000e+01,8.508934184348210295e+01
1.184999999999999387e+00,7.875026471666349437e+01,1.251931586280048379e+02,8.393376140253428375e+00,-1.000000000000000000e+01,8.637405965182932732e+01
1.187499999999999334e+00,7.906325776502777103e+01,1.252110289403441357e+02,7.689147353712395550e+00,-1.000000000000000000e+01,8.755324636264431604e+01
1.189999999999999281e+00,7.937629546991139762e+01,1.252288655574315470e+02,7.024155151322577950e+00,-1.000000000000000000e+01,8.863278451446312545e+01
1.192499999999999227e+00,7.968937774745191405e+01,1.252466691556900855e+02,6.396219265733988912e+00,-1.000000000000000000e+01,8.961822961904802298e+01
1.194999999999999174e+00,8.000250451549389652e+01,1.252644404362498420e+02,5.803277448076696210e+00,1.000000000000000000e+01,9.051482838133546238e+01
1.197499999999999121e+00,8.031567569364629833e+01,1.252821801163944713e+02,6.780922574085623822e+00,1.000000000000000000e+01,9.137709041459062576e+01
1.199999999999999956e+00,8.062889120330713411e+01,1.252998889060106222e+02,7.704311999800442123e+00,1.000000000000000000e+01,9.237764052612570254e+01
1.202499999999999902e+00,8.094215093990703735e+01,1.253171239253978229e+02,8.576447752696427784e+00,1.000000000000000000e+01,9.350880495489374766e+01
1.204999999999999849e+00,8.125545324371699962e+01,1.253334427603412564e+02,9.400164576356448976e+00,1.000000000000000000e+01,9.476333626670883348e+01
1.207499999999999796e+00,8.156879582513674620e+01,1.253488469954807982e+02,1.017813863912907735e+01,1.000000000000000000e+01,9.613438976790860124e+01
1.209999999999999742e+00,8.188217639861073849e+01,1.253633383614401566e+02,1.091289939802344477e+01,1.000000000000000000e+01,9.761550110629954702e+01
1.212499999999999689e+00,8.219559268299215660e+01,1.253769187282883166e+02,1.160683666185210328e+01,1.000000000000000000e+01,9.920056540827161484e+01
1.214999999999999636e+00,8.250904240188440042e+01,1.253895900959431771e+02,1.226220741298392625e+01,1.000000000000000000e+01,1.008838178750665406e+02
1.217499999999999583e+00,8.282252328396192809e+01,1.254013545843427551e+02,1.288114550754715637e+01,-1.000000000000000000e+01,1.026598146341227817e+02
1.219999999999999529e+00,8.313603306326386644e+01,1.254122144232015188e+02,1.192600035896116850e+01,-1.000000000000000000e+01,1.044737816650028748e+02
1.222499999999999476e+00,8.344956947947476067e+01,1.254221719578118126e+02,1.102417035181196248e+01,-1.000000000000000000e+01,1.061526395963082905e+02
1.224999999999999423e+00,8.376313027815868395e+01,1.254312294645798005e+02,1.017268704493261033e+01,-1.000000000000000000e+01,1.077039260763043416e+02
1.227499999999999369e+00,8.407671321050482049e+01,1.254393890992178484e+02,9.368744183633264555e+00,-1.000000000000000000e+01,1.091347594057509696e+02
1.229999999999999316e+00,8.439031603300755080e+01,1.254466528663207043e+02,8.609693128537259099e+00,-1.000000000000000000e+01,1.104518618626853765e+02
1.232499999999999263e+00,8.470393650708440703e+01,1.254530226116222025e+02,7.893030708057876765e+00,-1.000000000000000000e+01,1.116615821354745606e+02
1.234999999999999210e+00,8.501757239867680482e+01,1.254585000183490848e+02,7.216392577936919572e+00,-1.000000000000000000e+01,1.127699159957839470e+02
1.237499999999999156e+00,8.533122147783977596e+01,1.254630866055755263e+02,6.577546797785331023e+00,-1.000000000000000000e+01,1.137825259972076424e+02
1.239999999999999103e+00,8.564488151833432994e+01,1.254667837282669041e+02,5.974385132347816985e+00,1.000000000000000000e+01,1.147047599709071193e+02
1.242499999999999050e+00,8.595855029721565188e+01,1.254695925782689301e+02,6.945207194436057385e+00,1.000000000000000000e+01,1.155913292822336444e+02
1.244999999999998996e+00,8.627222559441084115e+01,1.254715141652272195e+02,7.861789931792825037e+00,1.000000000000000000e+01,1.166153096410344574e+02
1.247499999999998943e+00,8.658590519232285487e+01,1.254725495168660387e+02,8.727147958617955226e+00,1.000000000000000000e+01,1.177690278798385179e+02
1.249999999999998890e+00,8.689958687596009668e+01,1.254726997210755002e+02,9.544129689955928697e+00,1.000000000000000000e+01,1.190452398529756408e+02
1.252499999999998836e+00,8.721326843309617516e+01,1.254719659460139383e+02,1.031542480705061138e+01,1.000000000000000000e+01,1.204371067675109401e+02
1.254999999999999893e+00,8.752694765446996428e+01,1.254703494337584004e+02,1.104357334288379278e+01,1.000000000000000000e+01,1.219381720135405516e+02
1.257499999999999840e+00,8.784062232897970546e+01,1.254677718626378180e+02,1.173097160693690455e+01,1.000000000000000000e+01,1.235423403686958181e+02
1.259999999999999787e+00,8.815428996934878114e+01,1.254641550300840720e+02,1.237988431500817832e+01,1.000000000000000000e+01,1.252438572081447177e+02
1.262499999999999734e+00,8.846794797826545675e+01,1.254595004394975604e+02,1.299244831657175681e+01,-1.000000000000000000e+01,1.270372896601161159e+02
1.264999999999999680e+00,8.878159376219994670e+01,1.254538096344743110e+02,1.203126636398621585e+01,-1.000000000000000000e+01,1.288678658556546566e+02
1.267499999999999627e+00,8.909522473151760380e+01,1.254470842115148628e+02,1.112380178188207402e+01,-1.000000000000000000e+01,1.305624803964500700e+02
1.269999999999999574e+00,8.940883830054765724e+01,1.254393256119403190e+02,1.026705121186656022e+01,-1.000000000000000000e+01,1.321287206801431182e+02
1.272499999999999520e+00,8.972243188711026107e+01,1.254305350815824625e+02,9.458179057913527643e+00,-1.000000000000000000e+01,1.335737519299598262e+02
1.274999999999999467e+00,9.003600291201632899e+01,1.254207136543781189e+02,8.694507979410035503e+00,-1.000000000000000000e+01,1.349043408283249050e+02
1.277499999999999414e+00,9.034954879854649334e+01,1.254098621648115994e+02,7.973510362741654589e+00,-1.000000000000000000e+01,1.361268777887350439e+02
1.279999999999999361e+00,9.066306697195732056e+01,1.253979812620314647e+02,7.292800096620266181e+00,-1.000000000000000000e+01,1.372473975953669481e+02
1.282499999999999307e+00,9.097655485902922123e+01,1.253850714274808382e+02,6.650124064948144564e+00,-1.000000000000000000e+01,1.382715992250802799e+02
1.284999999999999254e+00,9.129000988765631064e+01,1.253711329901414757e+02,6.043355011570351820e+00,1.000000000000000000e+01,1.392048642789844166e+02
1.287499999999999201e+00,9.160342948647381434e+01,1.253561661417122224e+02,7.007347260697599722e+00,1.000000000000000000e+01,1.401018351693264492e+02
1.289999999999999147e+00,9.191681108450828219e+01,1.253401709327745124e+02,7.917247588530562652e+00,1.000000000000000000e+01,1.411352793638926642e+02
1.292499999999999094e+00,9.223015211089003174e+01,1.253231474760877120e+02,8.776069894833971929e+00,1.000000000000000000e+01,1.422975420948519911e+02
1.294999999999999041e+00,9.254344999509200420e+01,1.253050959932983659e+02,9.586663056724880505e+00,1.000000000000000000e+01,1.435813981440375073e+02
1.297499999999998987e+00,9.285670216721715065e+01,1.252860168360359978e+02,1.035171438056857873e+01,1.000000000000000000e+01,1.449800277036406442e+02
1.299999999999998934e+00,9.316990605831931305e+01,1.252659104790641607e+02,1.107376407760476411e+01,1.000000000000000000e+01,1.464869935032068042e+02
1.302499999999998881e+00,9.348305910070509128e+01,1.252447775141323660e+02,1.175520849154332836e+01,1.000000000000000000e+01,1.480962192450814143e+02
1.304999999999998828e+00,9.379615872822657252e+01,1.252226186423124830e+02,1.239831188286273722e+01,1.000000000000000000e+01,1.498019691029162459e+02
1.307499999999998774e+00,9.410920237654634946e+01,1.251994346634897681e+02,1.300521236463397479e+01,1.000000000000000000e+01,1.515988285095683068e+02
1.309999999999998721e+00,9.442218748337967327e+01,1.251752264676646291e+02,1.357792555616585872e+01,-1.000000000000000000e+01,1.534816862681238661e+02
1.312499999999998668e+00,9.473511148871526188e+01,1.251499594458149005e+02,1.258646961760137373e+01,-1.000000000000000000e+01,1.553963109531315467e+02
1.314999999999998614e+00,9.504797146505713101e+01,1.251223473866861866e+02,1.165040203538683095e+01,-1.000000000000000000e+01,1.571706832240874974e+02
1.317499999999998561e+00,9.536076073019079047e+01,1.250917741260859515e+02,1.076664081503740533e+01,-1.000000000000000000e+01,1.588126250043409300e+02
1.319999999999998508e+00,9.567347188205744146e+01,1.250582412691971967e+02,9.932272365937816261e+00,-1.000000000000000000e+01,1.603295256338408592e+02
1.322499999999998455e+00,9.598609752253238980e+01,1.250217502872402093e+02,9.144546721276773482e+00,-1.000000000000000000e+01,1.617283651657452310e+02
1.324999999999998401e+00,9.629863025709698832e+01,1.249823025329323656e+02,8.400866204093700773e+00,-1.000000000000000000e+01,1.630157371750297273e+02
1.327499999999998348e+00,9.661106269455270024e+01,1.249398992532748451e+02,7.698774559921909955e+00,-1.000000000000000000e+01,1.641978697124921496e+02
1.329999999999998295e+00,9.692338744676146689e+01,1.248945416018441392e+02,7.035953222563706255e+00,-1.000000000000000000e+01,1.652806451304228119e+02
1.332499999999998241e+00,9.723559712842055092e+01,1.248462306521225571e+02,6.410212755229778736e+00,1.000000000000000000e+01,1.662696190185421301e+02
1.334999999999999964e+00,9.754768435687010708e+01,1.247949674105908571e+02,7.342850914597388368e+00,1.000000000000000000e+01,1.672191648959726535e+02
1.337499999999999911e+00,9.785964184543695410e+01,1.247422473569807124e+02,8.222845276407301895e+00,1.000000000000000000e+01,1.683007404853642015e+02
1.339999999999999858e+00,9.817146755540457548e+01,1.246895652635032121e+02,9.053164310724627128e+00,1.000000000000000000e+01,1.695068980304415334e+02
1.342499999999999805e+00,9.848316158165030743e+01,1.246369211354037816e+02,9.836609727203505571e+00,1.000000000000000000e+01,1.708306120870569202e+02
1.344999999999999751e+00,9.879472401912271096e+01,1.245843150753572672e+02,1.057582229013390318e+01,1.000000000000000000e+01,1.722652549761483840e+02
1.347499999999999698e+00,9.910615496307785577e+01,1.245317472695821266e+02,1.127329499267044000e+01,1.000000000000000000e+01,1.738045737091401008e+02
1.349999999999999645e+00,9.941745450928091543e+01,1.244792179746393401e+02,1.193137747746489907e+01,1.000000000000000000e+01,1.754426686783466778e+02
1.352499999999999591e+00,9.972862275417293176e+01,1.244267275033088396e+02,1.255228783272259641e+01,1.000000000000000000e+01,1.771739730266952790e+02
1.354999999999999538e+00,1.000396597950051358e+02,1.243742762109894358e+02,1.313811652060684665e+01,-1.000000000000000000e+01,1.789932335359183639e+02
1.357499999999999485e+00,1.003505657299374860e+02,1.243218644822232903e+02,1.217869781581067556e+01,-1.000000000000000000e+01,-1.791532755321878199e+02
1.359999999999999432e+00,1.006613406581092534e+02,1.242694927270711105e+02,1.127270934065575148e+01,-1.000000000000000000e+01,-1.774355328834998886e+02
1.362499999999999378e+00,1.009719846796710812e+02,1.242171612787921475e+02,1.041715556500559181e+01,-1.000000000000000000e+01,-1.758459894825395509e+02
1.364999999999999325e+00,1.012824978955504065e+02,1.241648703738339634e+02,9.609210263814864206e+00,-1.000000000000000000e+01,-1.743775172847839485e+02
1.367499999999999272e+00,1.015928804072058966e+02,1.241126201446660957e+02,8.846208712343194946e+00,-1.000000000000000000e+01,-1.730233857835675622e+02
1.369999999999999218e+00,1.019031323163701899e+02,1.240604106262646411e+02,8.125634952519215304e+00,-1.000000000000000000e+01,-1.717772396520193467e+02
1.372499999999999165e+00,1.022132537248106559e+02,1.240082417615425783e+02,7.445116502901058197e+00,-1.000000000000000000e+01,-1.706330780040214847e+02
1.374999999999999112e+00,1.025232447341005866e+02,1.239561134075007374e+02,6.802413814207480591e+00,-1.000000000000000000e+01,-1.695852344283385094e+02
1.377499999999999059e+00,1.028331054454105242e+02,1.239040253410028782e+02,6.195414628852264016e+00,1.000000000000000000e+01,-1.686283585030786583e+02
1.379999999999999005e+00,1.031428359593075754e+02,1.238519772629552449e+02,7.123046218355749026e+00,1.000000000000000000e+01,-1.677089926460217555e+02
1.382499999999998952e+00,1.034524363755664496e+02,1.237999687965146620e+02,7.998823666582313585e+00,1.000000000000000000e+01,-1.666583041208770339e+02
1.384999999999998899e+00,1.037619067929927326e+02,1.237479995498870835e+02,8.825644712314231199e+00,1.000000000000000000e+01,-1.654836314713152774e+02
1.387499999999998845e+00,1.040712473094110919e+02,1.236960691244068329e+02,9.606245551646924952e+00,1.000000000000000000e+01,-1.641919025175924389e+02
1.389999999999998792e+00,1.043804580216474847e+02,1.236441771143897483e+02,1.034320724169538330e+01,1.000000000000000000e+01,-1.627896578454922007e+02
1.392499999999998739e+00,1.046895390255067468e+02,1.235923230981364469e+02,1.103896602398588378e+01,1.000000000000000000e+01,-1.612830729750396301e+02
1.394999999999998685e+00,1.049984904157279715e+02,1.235405066305898174e+02,1.169582149057213627e+01,1.000000000000000000e+01,-1.596779792790491399e+02
1.397499999999998632e+00,1.053073122859223076e+02,1.234887272360977022e+02,1.231594331066962589e+01,1.000000000000000000e+01,-1.579798835368322898e+02
1.399999999999998579e+00,1.056160047284916317e+02,1.234369844011170585e+02,1.290137966604552666e+01,-1.000000000000000000e+01,-1.561939864996769245e+02
1.402499999999998526e+00,1.059245678345309614e+02,1.233852775685218148e+02,1.196446760902846052e+01,1.000000000000000000e+01,-1.543732407904431625e+02
1.404999999999998472e+00,1.062330016937190180e+02,1.233336061365225902e+02,1.256765860504844312e+01,1.000000000000000000e+01,-1.526371127934386891e+02
1.407499999999998419e+00,1.065413063941903289e+02,1.232819694149423526e+02,1.313715365423570347e+01,1.000000000000000000e+01,-1.508155919101416487e+02
1.409999999999998366e+00,1.068494820223090329e+02,1.232303666532377662e+02,1.367482721297684911e+01,1.000000000000000000e+01,-1.489134530396395633e+02
1.412499999999998312e+00,1.071575286625309928e+02,1.231787970431270338e+02,1.418244932718658724e+01,1.000000000000000000e+01,-1.469352071747305502e+02
1.414999999999998259e+00,1.074654463972599387e+02,1.231272597209540294e+02,1.466169040473191032e+01,1.000000000000000000e+01,-1.448851163026777442e+02
1.417499999999998206e+00,1.077732353067093243e+02,1.230757537669467041e+02,1.511412766549106657e+01,1.000000000000000000e+01,-1.427672074485137728e+02
1.419999999999998153e+00,1.080808954687610139e+02,1.230242782047325534e+02,1.554124974922044977e+01,1.000000000000000000e+01,-1.405852858966812278e+02
1.422499999999998099e+00,1.083884269588236720e+02,1.229728320013494454e+02,1.594446113846477253e+01,1.000000000000000000e+01,-1.383429475957424017e+02
1.424999999999998046e+00,1.086958298496919468e+02,1.229214140687912078e+02,1.632508875040318941e+01,1.000000000000000000e+01,-1.360435908701523147e+02
1.427499999999997993e+00,1.090031042114099904e+02,1.228700232664071734e+02,1.668438453310358582e+01,1.000000000000000000e+01,-1.336904273631443516e+02
1.429999999999997939e+00,1.093102501111412437e+02,1.228186584037641751e+02,1.702353102363927206e+01,1.000000000000000000e+01,-1.312864923934359922e+02
1.432499999999997886e+00,1.096172676130459678e+02,1.227673182444128486e+02,1.734364409867918866e+01,1.000000000000000000e+01,-1.288346545633778248e+02
1.434999999999997833e+00,1.099241567781687792e+02,1.227160015106572928e+02,1.764577709301723019e+01,1.000000000000000000e+01,-1.263376249768142969e+02
1.437499999999997780e+00,1.102309176643382074e+02,1.226647068889931091e+02,1.793092436835001990e+01,1.000000000000000000e+01,-1.237979657017759081e+02
1.439999999999997726e+00,1.105375503260804351e+02,1.226134330358295585e+02,1.820002535058065618e+01,1.000000000000000000e+01,-1.212180979252956945e+02
1.442499999999997673e+00,1.108440548145478743e+02,1.225621785842749176e+02,1.845396635269040431e+01,1.000000000000000000e+01,-1.186003093010146898e+02
1.444999999999997620e+00,1.111504311774644407e+02,1.225109421512345733e+02,1.869358446098063808e+01,1.000000000000000000e+01,-1.159467611718494453e+02
1.447499999999997566e+00,1.114566794590897842e+02,1.224597223453366581e+02,1.891966947140332067e+01,1.000000000000000000e+01,-1.132594952057931579e+02
1.449999999999997513e+00,1.117627997002027485e+02,1.224085177749390425e+02,1.913296816347260787e+01,1.000000000000000000e+01,-1.105404397276840314e+02
1.452499999999997460e+00,1.120687919381056332e+02,1.223573270562913820e+02,1.933418432430327982e+01,1.000000000000000000e+01,-1.077914154767374271e+02
1.454999999999997407e+00,1.123746562066484387e+02,1.223061488225239373e+02,1.952398249698282484e+01,1.000000000000000000e+01,-1.050141412993415173e+02
1.457499999999997353e+00,1.126803925362763721e+02,1.222549817318252252e+02,1.970299132908224493e+01,1.000000000000000000e+01,-1.022102394813242654e+02
1.459999999999997300e+00,1.129860009540968804e+02,1.222038244762572958e+02,1.987180350567646414e+01,1.000000000000000000e+01,-9.938124067468957890e+01
1.462499999999997247e+00,1.132914814839695907e+02,1.221526757905124754e+02,2.003097912602075681e+01,1.000000000000000000e+01,-9.652858844267960592e+01
1.464999999999997193e+00,1.135968341466175531e+02,1.221015344603963229e+02,2.018104598139136741e+01,1.000000000000000000e+01,-9.365364385304111750e+01
1.467499999999997140e+00,1.139020589597602111e+02,1.220503993316118567e+02,2.032250314933646962e+01,1.000000000000000000e+01,-9.075768982058716006e+01
1.469999999999997087e+00,1.142071559382679453e+02,1.219992693173775962e+02,2.045582244773231650e+01,1.000000000000000000e+01,-8.784193518085153585e+01
1.472499999999997033e+00,1.145121250943342091e+02,1.219481434058673557e+02,2.058144818217066785e+01,1.000000000000000000e+01,-8.490751829251638583e+01
1.474999999999996980e+00,1.148169664376681567e+02,1.218970206676307555e+02,2.069980033702792355e+01,1.000000000000000000e+01,-8.195551102937275800e+01
1.477499999999996927e+00,1.151216799757043106e+02,1.218459002636537605e+02,2.081127512340602337e+01,1.000000000000000000e+01,-7.898692237288818774e+01
1.479999999999996874e+00,1.154262657138331889e+02,1.217947814519115610e+02,2.091624684700156678e+01,1.000000000000000000e+01,-7.600270167241345121e+01
1.482499999999996820e+00,1.157307236556469263e+02,1.217436635946580168e+02,2.101506963367144465e+01,1.000000000000000000e+01,-7.300374200769074662e+01
1.484999999999996767e+00,1.160350538032056846e+02,1.216925461660943881e+02,2.110807859637671413e+01,1.000000000000000000e+01,-6.999088339768327671e+01
1.487499999999996714e+00,1.163392561573198662e+02,1.216414287594024586e+02,2.119558904393162990e+01,1.000000000000000000e+01,-6.696491564829592846e+01
1.489999999999996660e+00,1.166433307178526064e+02,1.215903110937277489e+02,2.127789851382798503e+01,1.000000000000000000e+01,-6.392658138505083798e+01
1.492499999999996607e+00,1.169472774840389633e+02,1.215391930220660015e+02,2.135529002711300350e+01,1.000000000000000000e+01,-6.087657914010264903e+01
1.494999999999996554e+00,1.172510964548244630e+02,1.214880745379715563e+02,2.142802838569625479e+01,1.000000000000000000e+01,-5.781556591683129653e+01
1.497499999999996501e+00,1.175547876292199163e+02,1.214369557808343956e+02,2.149636613851811617e+01,1.000000000000000000e+01,-5.474415996338869661e+01
1.499999999999996447e+00,1.178583510066681868e+02,1.213858370397508395e+02,2.156054038701376285e+01,1.000000000000000000e+01,-5.166294323791166221e+01
1.502499999999996394e+00,1.181617865874213038e+02,1.213347187568982264e+02,2.162077613125881470e+01,1.000000000000000000e+01,-4.857246410188754737e+01
1.504999999999996341e+00,1.184650943729237298e+02,1.212836015287861215e+02,2.167728566025544623e+01,1.000000000000000000e+01,-4.547323953768266591e+01
1.507499999999996287e+00,1.187682743661997335e+02,1.212324861072081035e+02,2.173026907852653977e+01,1.000000000000000000e+01,-4.236575759524020413e+01
1.509999999999996234e+00,1.190713265722393714e+02,1.211813733966965145e+02,2.177991721191374808e+01,1.000000000000000000e+01,-3.925047959232698247e+01
1.512499999999996181e+00,1.193742509983798641e+02,1.211302644515369735e+02,2.182640907764286098e+01,1.000000000000000000e+01,-3.612784210839845400e+01
1.514999999999996128e+00,1.196770476546787592e+02,1.210791604717749408e+02,2.186991321065776006e+01,1.000000000000000000e+01,-3.299825932187406607e+01
1.517499999999996074e+00,1.199797165542734518e+02,1.210280627963845461e+02,2.191059149923817984e+01,1.000000000000000000e+01,-2.986212464821306867e+01
1.519999999999996021e+00,1.202822577137249311e+02,1.209769728954788661e+02,2.194859574168485494e+01,1.000000000000000000e+01,-2.671981251258175405e+01
1.522499999999995968e+00,1.205846711533422138e+02,1.209258923626320552e+02,2.198406914958405167e+01,1.000000000000000000e+01,-2.357168028567135920e+01
1.524999999999995914e+00,1.208869568974846658e+02,1.208748229042182203e+02,2.201714881434267568e+01,4.386362382040926100e+00,-2.041806957853820848e+01
1.527499999999995861e+00,1.211891149748375369e+02,1.208237663279383156e+02,2.164947123710182453e+01,4.386362382040926100e+00,-1.727217958095960526e+01
1.529999999999995808e+00,1.214911454186627537e+02,1.207727245366718734e+02,2.130123684838572018e+01,4.386362382040926100e+00,-1.417796913670384562e+01
1.532499999999995755e+00,1.217930482670188326e+02,1.207216994758756385e+02,2.097138811967559846e+01,4.386362382040926100e+00,-1.113270714207879308e+01
1.534999999999995701e+00,1.220948235628422083e+02,1.206706931105131559e+02,2.065892481745779463e+01,4.386362382040926100e+00,-8.133814359741311506e+00
1.537499999999995648e+00,1.223964713539865699e+02,1.206197074094797728e+02,2.036290302247819284e+01,4.386362382040926100e+00,-5.178854938308393052e+00
1.539999999999995595e+00,1.226979916932263706e+02,1.205687443346868264e+02,2.008243002753016881e+01,4.386362382040926100e+00,-2.265528017749193879e+00
1.542499999999995541e+00,1.229993846382336073e+02,1.205178058301500954e+02,1.981666158036843939e+01,4.386362382040926100e+00,6.083398917457983890e-01
1.544999999999995488e+00,1.233006502515267186e+02,1.204668938115029420e+02,1.956480215022520142e+01,4.386362382040926100e+00,3.444802170250352180e+00
1.547499999999995435e+00,1.236017886003942010e+02,1.204160101567087935e+02,1.932609798844363880e+01,-4.855219888132372930e+00,6.245798893355584802e+00
1.549999999999995381e+00,1.239027997567951616e+02,1.203651566955351910e+02,1.844409395345539693e+01,-4.855219888132372930e+00,8.991959562987755561e+00
1.552499999999995328e+00,1.242036837972369909e+02,1.203143352069044596e+02,1.760920385934578292e+01,-4.855219888132372930e+00,1.161313193154398782e+01
1.554999999999995275e+00,1.245044408026267035e+02,1.202635473519332407e+02,1.681888235566237100e+01,-4.855219888132372930e+00,1.411595439544659492e+01
1.557499999999995222e+00,1.248050708579490191e+02,1.202127946578851976e+02,1.607072247386888364e+01,-4.855219888132372930e+00,1.650671274369913633e+01
1.559999999999995168e+00,1.251055740519254584e+02,1.201620785097171336e+02,1.536244883411003492e+01,-4.855219888132372930e+00,1.879135894013787578e+01
1.562499999999995115e+00,1.254059504766605784e+02,1.201114001529111590e+02,1.469191034956728359e+01,-4.855219888132372930e+00,2.097552869776783169e+01
1.564999999999995062e+00,1.257062002272948149e+02,1.200607606972606192e+02,1.405707268123300047e+01,-4.855219888132372930e+00,2.306455806571774758e+01
1.567499999999995008e+00,1.260063234016668616e+02,1.200101611191149829e+02,1.345601311879428508e+01,-4.855219888132372930e+00,2.506349931586653668e+01
1.569999999999994955e+00,1.263063200999813063e+02,1.199596022652989120e+02,1.288691423569500749e+01,-9.722196667827359917e+00,2.697713585194930985e+01
1.572499999999994902e+00,1.266061904244892986e+02,1.199090848578248512e+02,1.200776045345558529e+01,-1.000000000000000000e+01,2.879899342670371354e+01
1.574999999999994849e+00,1.269059344791780717e+02,1.198586095009716530e+02,1.115619468228307731e+01,-1.000000000000000000e+01,3.049544021064660626e+01
1.577499999999994795e+00,1.272055523694750008e+02,1.198081766627516203e+02,1.035001497733515841e+01,-1.000000000000000000e+01,3.207101782602075701e+01
1.579999999999994742e+00,1.275050442018986701e+02,1.197577866759179557e+02,9.586784546570513044e+00,-1.000000000000000000e+01,3.353217348462379732e+01
1.582499999999994689e+00,1.278044100837244059e+02,1.197074397434641355e+02,8.864197263811355754e+00,-1.000000000000000000e+01,3.488501042775956051e+01
1.584999999999994635e+00,1.281036501226629696e+02,1.196571359462880224e+02,8.180074896324732947e+00,-1.000000000000000000e+01,3.613530598260629034e+01
1.587499999999994582e+00,1.284027644265626691e+02,1.196068752539508750e+02,7.532355332823418514e+00,-1.000000000000000000e+01,3.728852869353874411e+01
1.589999999999994529e+00,1.287017531031347346e+02,1.195566575333031096e+02,6.919087109796270951e+00,-1.000000000000000000e+01,3.834985462605954609e+01
1.592499999999994476e+00,1.290006162597020420e+02,1.195064825557105479e+02,6.338427299425460681e+00,1.000000000000000000e+01,3.932418289433479686e+01
1.594999999999994422e+00,1.292993540029641224e+02,1.194563500055305809e+02,7.181473184817912525e+00,1.000000000000000000e+01,4.026115467206594900e+01
1.597499999999994369e+00,1.295979664387797357e+02,1.194062594804921389e+02,7.979347274832077730e+00,1.000000000000000000e+01,4.131770005455977213e+01
1.599999999999994316e+00,1.298964536719738589e+02,1.193562105657565269e+02,8.734467432016758792e+00,1.000000000000000000e+01,4.248739003635279232e+01
1.602499999999994262e+00,1.301948158063364076e+02,1.193062028476734469e+02,9.449122915490706376e+00,1.000000000000000000e+01,4.376414009680755868e+01
1.604999999999994209e+00,1.304930529446266689e+02,1.192562359170236022e+02,1.012547840017615641e+01,1.000000000000000000e+01,4.514219140909165162e+01
1.607499999999994156e+00,1.307911651885815729e+02,1.192063093623903995e+02,1.076558258806976021e+01,1.000000000000000000e+01,4.661609301913694736e+01
1.609999999999994102e+00,1.310891526389070521e+02,1.191564227647218956e+02,1.137137275495696009e+01,1.000000000000000000e+01,4.818068511931302567e+01
1.612499999999994049e+00,1.313870153952538544e+02,1.191065756900077020e+02,1.194468281461371184e+01,1.000000000000000000e+01,4.983108322896701736e+01
1.614999999999993996e+00,1.316847535561782365e+02,1.190567676843181459e+02,1.248724764752961214e+01,1.000000000000000000e+01,5.156266330175891710e+01
1.617499999999993943e+00,1.319823672190885588e+02,1.190069982691025388e+02,1.300070865914351792e+01,-1.000000000000000000e+01,5.337104767785238124e+01
1.619999999999993889e+00,1.322798564801811665e+02,1.189572669359287147e+02,1.210511689480644293e+01,-1.000000000000000000e+01,5.520749071441947819e+01
1.622499999999993836e+00,1.325772214343660664e+02,1.189075731471081809e+02,1.125687676561477879e+01,-1.000000000000000000e+01,5.691689429557626312e+01
1.624999999999993783e+00,1.328744621751803550e+02,1.188579162938071079e+02,1.045347111468509382e+01,-1.000000000000000000e+01,5.850598769105361185e+01
1.627499999999993729e+00,1.331715787945951206e+02,1.188082956926385378e+02,9.692515743459832578e+00,-1.000000000000000000e+01,5.998114221787106715e+01
1.629999999999993676e+00,1.334685713828300777e+02,1.187587105874896025e+02,8.971755455189249773e+00,-1.000000000000000000e+01,6.134839004451445277e+01
1.632499999999993623e+00,1.337654400281755329e+02,1.187091601572132618e+02,8.289056497437062632e+00,-1.000000000000000000e+01,6.261344218472460454e+01
1.634999999999993570e+00,1.340621848168348436e+02,1.186596435238520542e+02,7.642398169128973073e+00,-1.000000000000000000e+01,6.378170558508940502e+01
1.637499999999993516e+00,1.343588058327865724e+02,1.186101597586399237e+02,7.029868783073681016e+00,-1.000000000000000000e+01,6.485829927160591524e+01
1.639999999999993463e+00,1.346553031576604553e+02,1.185607078886986727e+02,6.449659162079041330e+00,1.000000000000000000e+01,6.584806975531579099e+01
1.642499999999993410e+00,1.349516768706313883e+02,1.185112869035170888e+02,7.271233089304201869e+00,1.000000000000000000e+01,6.679984467288070960e+01
1.644999999999993356e+00,1.352479270483264315e+02,1.184618957577657170e+02,8.049206354356535087e+00,1.000000000000000000e+01,6.786792051507049450e+01
1.647499999999993303e+00,1.355440537647475026e+02,1.184125333985023900e+02,8.785892042579071415e+00,1.000000000000000000e+01,6.904610379064520487e+01
1.649999999999993250e+00,1.358400570912637306e+02,1.183631987721950054e+02,9.483479494047221792e+00,1.000000000000000000e+01,7.032853013427919109e+01
1.652499999999993197e+00,1.361359370966116842e+02,1.183138908279721164e+02,1.014404124133352703e+01,1.000000000000000000e+01,7.170964673956817137e+01
1.654999999999993143e+00,1.364316938469025615e+02,1.182646085183563400e+02,1.076953861191999096e+01,1.000000000000000000e+01,7.318419588222583627e+01
1.657499999999993090e+00,1.367273274056310299e+02,1.182153508003590332e+02,1.136182858976492582e+01,1.000000000000000000e+01,7.474719917106516220e+01
1.659999999999993037e+00,1.370228378336870492e+02,1.181661166365736761e+02,1.192266880451885491e+01,1.000000000000000000e+01,7.639394279488358563e+01
1.662499999999992983e+00,1.373182251893708496e+02,1.181169049967321172e+02,1.245372284687603859e+01,1.000000000000000000e+01,7.811996356384129570e+01
1.664999999999992930e+00,1.376134895284113497e+02,1.180677148593989756e+02,1.295656660253674453e+01,-1.000000000000000000e+01,7.992103569802782204e+01
1.667499999999992877e+00,1.379086309039895752e+02,1.180185452138318709e+02,1.207319858631303511e+01,-1.000000000000000000e+01,8.174931847809578755e+01
1.669999999999992824e+00,1.382036493667676780e+02,1.179693950643475659e+02,1.123617226469299979e+01,-1.000000000000000000e+01,8.345242228213824376e+01
1.672499999999992770e+00,1.384985449649233544e+02,1.179202634149965832e+02,1.044304357846873366e+01,-1.000000000000000000e+01,8.503692364952540572e+01
1.674999999999992717e+00,1.387933177441427404e+02,1.178711492681650412e+02,9.691498343459452158e+00,-1.000000000000000000e+01,8.650905038836667416e+01
1.677499999999992664e+00,1.390879677476164602e+02,1.178220516249195526e+02,8.979344929810542553e+00,-1.000000000000000000e+01,8.787470032578281121e+01
1.679999999999992610e+00,1.393824950160379785e+02,1.177729694876791626e+02,8.304508198015696507e+00,-1.000000000000000000e+01,8.913945894809748438e+01
1.682499999999992557e+00,1.396768995876082897e+02,1.177239018625711111e+02,7.665023165834693231e+00,-1.000000000000000000e+01,9.030861628886562187e+01
1.684999999999992504e+00,1.399711814980466329e+02,1.176748477616824573e+02,7.059028773763266429e+00,-1.000000000000000000e+01,9.138718278558351926e+01
1.687499999999992450e+00,1.402653407806064934e+02,1.176258062054435811e+02,6.484763391659996934e+00,1.000000000000000000e+01,9.237990425896536806e+01
1.689999999999992397e+00,1.405593774660980273e+02,1.175767762248743935e+02,7.289315241427775760e+00,1.000000000000000000e+01,9.333476483963995918e+01
1.692499999999992344e+00,1.408532915829134140e+02,1.175277568608784691e+02,8.051548961768537183e+00,1.000000000000000000e+01,9.440344256010857293e+01
1.694999999999992291e+00,1.411470831570601092e+02,1.174787471925906459e+02,8.773689086185624930e+00,1.000000000000000000e+01,9.557994564493206724e+01
1.697499999999992237e+00,1.414407522122697287e+02,1.174297463474245689e+02,9.457842104868838362e+00,1.000000000000000000e+01,9.685859878679326584e+01
1.699999999999992184e+00,1.417342987701231607e+02,1.173807535087451441e+02,1.010600349477480187e+01,1.000000000000000000e+01,9.823402654353087371e+01
1.702499999999992131e+00,1.420277228501926174e+02,1.173317679200775814e+02,1.072006193893504999e+01,1.000000000000000000e+01,9.970113768195173520e+01
1.704999999999992077e+00,1.423210244701943168e+02,1.172827888893348387e+02,1.130180664505042820e+01,1.000000000000000000e+01,1.012551102272363863e+02
1.707499999999992024e+00,1.426142036461524754e+02,1.172338157924835826e+02,1.185293249075963828e+01,1.000000000000000000e+01,1.028913773294210898e+02
1.709999999999991971e+00,1.429072603925701799e+02,1.171848480773604422e+02,1.237504369851927954e+01,1.000000000000000000e+01,1.046056140552379219e+02
1.712499999999991918e+00,1.432001947226124514e+02,1.171358852670973505e+02,1.286965961939411862e+01,-1.000000000000000000e+01,1.063937244682842618e+02
1.714999999999991864e+00,1.434930066482956761e+02,1.170869269633137435e+02,1.200154543673360408e+01,-1.000000000000000000e+01,1.082087199789742868e+02
1.717499999999991811e+00,1.437856961806892286e+02,1.170379728536912296e+02,1.117858081773453627e+01,-1.000000000000000000e+01,1.099007793913511506e+02
1.719999999999991758e+00,1.440782633301191993e+02,1.169890226682804268e+02,1.039840110051663302e+01,-1.000000000000000000e+01,1.114762923210177519e+02
1.722499999999991704e+00,1.443707081062547104e+02,1.169400761659796899e+02,9.658767112538564348e+00,-1.000000000000000000e+01,1.129413129221266843e+02
1.724999999999991651e+00,1.446630305181731160e+02,1.168911331251633499e+02,8.957556684071850128e+00,-1.000000000000000000e+01,1.143015779608252984e+02
1.727499999999991598e+00,1.449552305744085459e+02,1.168421933415230995e+02,8.292760084387261088e+00,-1.000000000000000000e+01,1.155625238016711336e+02
1.729999999999991545e+00,1.452473082829932878e+02,1.167932566261476950e+02,7.662473912459843106e+00,-1.000000000000000000e+01,1.167293027701135628e+02
1.732499999999991491e+00,1.455392636514953324e+02,1.167443228044218841e+02,7.064893654979286453e+00,-1.000000000000000000e+01,1.178067980311520415e+02
1.734999999999991438e+00,1.458310966870549805e+02,1.166953917160008132e+02,6.498310995266954215e+00,1.000000000000000000e+01,1.187996380547601518e+02
1.737499999999991385e+00,1.461228073964186933e+02,1.166464632128300707e+02,7.286881774865453743e+00,1.000000000000000000e+01,1.197549881272062891e+02
1.739999999999991331e+00,1.464143957859645582e+02,1.165975371522804807e+02,8.034324888412267995e+00,1.000000000000000000e+01,1.208220303720825370e+02
1.742499999999991278e+00,1.467058618617348316e+02,1.165486134653528438e+02,8.742782447217894770e+00,1.000000000000000000e+01,1.219949525394931982e+02
1.744999999999991225e+00,1.469972056296510061e+02,1.164996921751048689e+02,9.414284660106511993e+00,1.000000000000000000e+01,1.232682473818090756e+02
1.747499999999991172e+00,1.472884270957501371e+02,1.164507734074743155e+02,1.005075459914962366e+01,1.000000000000000000e+01,1.246366966080488226e+02
1.749999999999991118e+00,1.475795262664425422e+02,1.164018573922297861e+02,1.065401422620858263e+01,1.000000000000000000e+01,1.260953557788441515e+02
1.752499999999991065e+00,1.478705031487717463e+02,1.163529444634417871e+02,1.122579053750975930e+01,1.000000000000000000e+01,1.276395398820174876e+02
1.754999999999991012e+00,1.481613577506765864e+02,1.163040350599638231e+02,1.176771912549575561e+01,1.000000000000000000e+01,1.292648095263971584e+02
1.757499999999990958e+00,1.484520900812513560e+02,1.162551297238734520e+02,1.228134925394406096e+01,1.000000000000000000e+01,1.309669580541423102e+02
1.759999999999990905e+00,1.487427001510028788e+02,1.162062290984693504e+02,1.276815051866100603e+01,-1.000000000000000000e+01,1.327419991390633527e+02
1.762499999999990852e+00,1.490331879721041446e+02,1.161573339270691463e+02,1.191571980877825965e+01,-1.000000000000000000e+01,1.345437299316871531e+02
1.764999999999990798e+00,1.493235535586492233e+02,1.161084450605867886e+02,1.110717405558868620e+01,-1.000000000000000000e+01,1.362247217088190894e+02
1.767499999999990745e+00,1.496137969268952190e+02,1.160595633619501541e+02,1.034023402746825404e+01,-1.000000000000000000e+01,1.377911722589366548e+02
1.769999999999990692e+00,1.499039180952489971e+02,1.160106896795742131e+02,9.612739470442022593e+00,-1.000000000000000000e+01,1.392489592264572593e+02
1.772499999999990639e+00,1.501939170842223632e+02,1.159618248314498032e+02,8.922642692827025712e+00,-1.000000000000000000e+01,1.406036572103815274e+02
1.774999999999990585e+00,1.504837939163539602e+02,1.159129696020669940e+02,8.268004695493544887e+00,-1.000000000000000000e+01,1.418605535086561815e+02
1.777499999999990532e+00,1.507735486161242022e+02,1.158641247419595288e+02,7.646986205260457581e+00,-1.000000000000000000e+01,1.430246634098979825e+02
1.779999999999990479e+00,1.510631812098701516e+02,1.158152909649562758e+02,7.057845704898628725e+00,-1.000000000000000000e+01,1.441007441156775428e+02
1.782499999999990425e+00,1.513526917256922388e+02,1.157664689494211245e+02,6.498932563909083804e+00,1.000000000000000000e+01,1.450933082770782221e+02
1.784999999999990372e+00,1.516420801933666667e+02,1.157176593369251236e+02,7.271962387414893314e+00,1.000000000000000000e+01,1.460487481239544820e+02
1.787499999999990319e+00,1.519313466442445701e+02,1.156688627211449898e+02,8.005026577552403211e+00,1.000000000000000000e+01,1.471138964905823343e+02
1.789999999999990266e+00,1.522204911111629997e+02,1.156200797533539912e+02,8.700189237792358199e+00,1.000000000000000000e+01,1.482830994047869240e+02
1.792499999999990212e+00,1.525095136286323054e+02,1.155713111646937961e+02,9.359405588611052096e+00,1.000000000000000000e+01,1.495509968708559256e+02
1.794999999999990159e+00,1.527984142330429620e+02,1.155225577755775674e+02,9.984528862666808280e+00,1.000000000000000000e+01,1.509125073573426334e+02
1.797499999999990106e+00,1.530871929628857515e+02,1.154738204906095120e+02,1.057731640082483615e+01,1.000000000000000000e+01,1.523628128218252300e+02
1.799999999999990052e+00,1.533758498589587020e+02,1.154251002942370690e+02,1.113943382528480974e+01,1.000000000000000000e+01,1.538973446653642725e+02
1.802499999999989999e+00,1.536643849645645901e+02,1.153763982427322929e+02,1.167246004963729256e+01,1.000000000000000000e+01,1.555117707223228081e+02
1.804999999999989946e+00,1.539527983256843982e+02,1.153277154580303545e+02,1.217789197523493883e+01,1.000000000000000000e+01,1.572019822825023141e+02
1.807499999999989893e+00,1.542410899911407682e+02,1.152790531214544103e+02,1.265714916900148701e+01,-1.000000000000000000e+01,1.589640824545307680e+02
1.809999999999989839e+00,1.545292600127393996e+02,1.152304124664465945e+02,1.181961243030877462e+01,-1.000000000000000000e+01,1.607525991488548414e+02
1.812499999999989786e+00,1.548173084454059278e+02,1.151817947822895718e+02,1.102472741254059940e+01,-1.000000000000000000e+01,1.624223727680215461e+02
1.814999999999989733e+00,1.551052353472896641e+02,1.151332013004669932e+02,1.027030074998322284e+01,-1.000000000000000000e+01,1.639794281934902642e+02
1.817499999999989679e+00,1.553930407795700717e+02,1.150846331661105495e+02,9.554252472433521604e+00,-1.000000000000000000e+01,1.654294848053497446e+02
1.819999999999989626e+00,1.556807248062325471e+02,1.150360914250590270e+02,8.874613656570794262e+00,-1.000000000000000000e+01,1.667779716597996185e+02
1.822499999999989573e+00,1.559682874938222881e+02,1.149875770276343587e+02,8.229513654589336369e+00,-1.000000000000000000e+01,1.680300423570430723e+02
1.824999999999989519e+00,1.562557289112060062e+02,1.149390908287270463e+02,7.617181993733950662e+00,-1.000000000000000000e+01,1.691905891218286513e+02
1.827499999999989466e+00,1.565430491293341504e+02,1.148906335911817251e+02,7.035937715838685769e+00,-1.000000000000000000e+01,1.702642557434301409e+02
1.829999999999989413e+00,1.568302482210148128e+02,1.148422059899228032e+02,6.484188143286610639e+00,1.000000000000000000e+01,1.712554503431038029e+02
1.832499999999989360e+00,1.571173262606928347e+02,1.147938086143860659e+02,7.242592110566898000e+00,1.000000000000000000e+01,1.722098258542807230e+02
1.834999999999989306e+00,1.574042833242333188e+02,1.147454419636880232e+02,7.962156991630712000e+00,1.000000000000000000e+01,1.732719479911276608e+02
1.837499999999989253e+00,1.576911194887258034e+02,1.146971065478854541e+02,8.644869523672753076e+00,1.000000000000000000e+01,1.744363057605793301e+02
1.839999999999989200e+00,1.579778348325529294e+02,1.146488029072349519e+02,9.292613315988834444e+00,1.000000000000000000e+01,1.756976713344458574e+02
1.842499999999989146e+00,1.582644294354712429e+02,1.146005316199344719e+02,9.907173965206450106e+00,1.000000000000000000e+01,1.770510847594447341e+02
1.844999999999989093e+00,1.585509033787019462e+02,1.145522932945980017e+02,1.049024576554518795e+01,1.000000000000000000e+01,1.784918398772693706e+02
1.847499999999989040e+00,1.588372567450029749e+02,1.145040885627101801e+02,1.104343595152946556e+01,1.000000000000000000e+01,-1.799845291917288819e+02
1.849999999999988987e+00,1.591234896187212939e+02,1.144559180722056482e+02,1.156826868608077419e+01,1.000000000000000000e+01,-1.783822608936117433e+02
1.852499999999988933e+00,1.594096020858314375e+02,1.144077824794364062e+02,1.206619015151421692e+01,1.000000000000000000e+01,-1.767053782683340728e+02
1.854999999999988880e+00,1.596955942339496914e+02,1.143596824406544954e+02,1.253857174894586279e+01,1.000000000000000000e+01,-1.749577003101604475e+02
1.857499999999988827e+00,1.599814661523316772e+02,1.143116186049709029e+02,1.298671463678318894e+01,1.000000000000000000e+01,-1.731428528914684932e+02
1.859999999999988773e+00,1.602672179318489043e+02,1.142635916076862657e+02,1.341185277432973244e+01,1.000000000000000000e+01,-1.712642788840583989e+02
1.862499999999988720e+00,1.605528496649511681e+02,1.142156020633645426e+02,1.381515732442532318e+01,1.000000000000000000e+01,-1.693252480817797903e+02
1.864999999999988667e+00,1.608383614456113833e+02,1.141676505583622401e+02,1.419773932898564262e+01,1.000000000000000000e+01,-1.673288661248477638e+02
1.867499999999988614e+00,1.611237533692497266e+02,1.141197376435229245e+02,1.456065335256132620e+01,1.000000000000000000e+01,-1.652780831490274238e+02
1.869999999999988560e+00,1.614090255326404133e+02,1.140718638273782517e+02,1.490489982801857494e+01,1.000000000000000000e+01,-1.631757020288619628e+02
1.872499999999988507e+00,1.616941780338042634e+02,1.140240295704998204e+02,1.523142611217611453e+01,1.000000000000000000e+01,-1.610243860383855008e+02
1.874999999999988454e+00,1.619792109718837594e+02,1.139762352792184714e+02,1.554113370048115073e+01,1.000000000000000000e+01,-1.588266661660202033e+02
1.877499999999988400e+00,1.622641244470047184e+02,1.139284812995095990e+02,1.583487638540277587e+01,1.000000000000000000e+01,-1.565849478569583084e+02
1.879999999999988347e+00,1.625489185601220470e+02,1.138807679110419002e+02,1.611346485227421610e+01,1.000000000000000000e+01,-1.543015174686597106e+02
1.882499999999988294e+00,1.628335934128503766e+02,1.138330953232225653e+02,1.637766881382246709e+01,1.000000000000000000e+01,-1.519785483129710428e+02
1.884999999999988241e+00,1.631181491072869676e+02,1.137854636711075500e+02,1.662821804756363520e+01,1.000000000000000000e+01,-1.496181064426261571e+02
1.887499999999988187e+00,1.634025857458235862e+02,1.137378730107549814e+02,1.686580438314991781e+01,1.000000000000000000e+01,-1.472221557992333487e+02
1.889999999999988134e+00,1.636869034309452786e+02,1.136903233158299287e+02,1.709108666721379421e+01,1.000000000000000000e+01,-1.447925634178707810e+02
1.892499999999988081e+00,1.639711022650249959e+02,1.136428144760897254e+02,1.730468727818895758e+01,1.000000000000000000e+01,-1.423311040354517161e+02
1.894999999999988027e+00,1.642551823501111130e+02,1.135953462937689977e+02,1.750719922364194048e+01,1.000000000000000000e+01,-1.398394645234173481e+02
1.897499999999987974e+00,1.645391437877072747e+02,1.135479184828139267e+02,1.769918486323131646e+01,1.000000000000000000e+01,-1.373192480562754838e+02
1.899999999999987921e+00,1.648229866785523825e+02,1.135005306683719937e+02,1.788117753766078977e+01,1.000000000000000000e+01,-1.347719779925325270e+02
1.902499999999987867e+00,1.651067111223972290e+02,1.134531823858601456e+02,1.805368253404328271e+01,1.000000000000000000e+01,-1.321991015355334866e+02
1.904999999999987814e+00,1.653903172177803640e+02,1.134058730811739082e+02,1.821718055424800298e+01,1.000000000000000000e+01,-1.296019931843667337e+02
1.907499999999987761e+00,1.656738050618044724e+02,1.133586021120271852e+02,1.837212788320391255e+01,1.000000000000000000e+01,-1.269819579770339004e+02
1.909999999999987708e+00,1.659571747499175558e+02,1.133113687501968059e+02,1.851895739988864165e+01,1.000000000000000000e+01,-1.243402345457257923e+02
1.912499999999987654e+00,1.662404263756990588e+02,1.132641721834159085e+02,1.865807974031302763e+01,1.000000000000000000e+01,-1.216779979781308754e+02
1.914999999999987601e+00,1.665235600306504296e+02,1.132170115179538925e+02,1.878988475603127384e+01,1.000000000000000000e+01,-1.189963626469677678e+02
1.917499999999987548e+00,1.668065758039941215e+02,1.131698857824107449e+02,1.891474306232051816e+01,1.000000000000000000e+01,-1.162963847127671784e+02
1.919999999999987494e+00,1.670894737824812921e+02,1.131227939320704934e+02,1.903300515402341020e+01,1.000000000000000000e+01,-1.135790646453924353e+02
1.922499999999987441e+00,1.673722540502108700e+02,1.130757348527809825e+02,1.914500470403269006e+01,1.000000000000000000e+01,-1.108453496010119324e+02
1.924999999999987388e+00,1.676549166884587692e+02,1.130287073663403561e+02,1.925105864239224118e+01,1.000000000000000000e+01,-1.080961356829144364e+02
1.927499999999987335e+00,1.679374617755208874e+02,1.129817102359657781e+02,1.935146664195671562e+01,1.000000000000000000e+01,-1.053322700851831115e+02
1.929999999999987281e+00,1.682198893865696334e+02,1.129347421719602664e+02,1.944651456041421156e+01,1.000000000000000000e+01,-1.025545533929821431e+02
1.932499999999987228e+00,1.685021995935251198e+02,1.128878018381290218e+02,1.953647247148502686e+01,1.000000000000000000e+01,-9.976374133736281635e+01
1.934999999999987175e+00,1.687843924649428970e+02,1.128408878583593946e+02,1.962159776703820668e+01,1.000000000000000000e+01,-9.696054706513392318e+01
1.937499999999987121e+00,1.690664680659173769e+02,1.127939988232293729e+02,1.970213358485068156e+01,1.000000000000000000e+01,-9.414564283908526932e+01
1.939999999999987068e+00,1.693484264580029901e+02,1.127471332972081797e+02,1.977831204316213487e+01,1.000000000000000000e+01,-9.131966213386873221e+01
1.942499999999987015e+00,1.696302676991527107e+02,1.127002898257725860e+02,1.985035186162782495e+01,1.000000000000000000e+01,-8.848320140778096743e+01
1.944999999999986962e+00,1.699119918436747128e+02,1.126534669429212130e+02,1.991846142430610556e+01,1.000000000000000000e+01,-8.563682203796328452e+01
1.947499999999986908e+00,1.701935989422081263e+02,1.126066631786822256e+02,1.998283906738843996e+01,1.000000000000000000e+01,-8.278105196551716460e+01
1.949999999999986855e+00,1.704750890417172116e+02,1.125598770665787640e+02,2.004367178009264450e+01,1.000000000000000000e+01,-7.991638750826126625e+01
1.952499999999986802e+00,1.707564621855043185e+02,1.125131071511799377e+02,2.010113735041246130e+01,1.000000000000000000e+01,-7.704329528584891307e+01
1.954999999999986748e+00,1.710377184132418904e+02,1.124663519955495303e+02,2.015540528534516795e+01,1.000000000000000000e+01,-7.416221378555330546e+01
1.957499999999986695e+00,1.713188577610228833e+02,1.124196101885646186e+02,2.020663576803739048e+01,1.000000000000000000e+01,-7.127355506101542915e+01
1.959999999999986642e+00,1.715998802614292913e+02,1.123728803523598714e+02,2.025498030695073837e+01,1.000000000000000000e+01,-6.837770638996573780e+01
1.962499999999986589e+00,1.718807859436195429e+02,1.123261611494763628e+02,2.030058343994496894e+01,1.000000000000000000e+01,-6.547503206075981552e+01
1.964999999999986535e+00,1.721615748334336331e+02,1.122794512898377945e+02,2.034358235004047089e+01,1.000000000000000000e+01,-6.256587474559781015e+01
1.967499999999986482e+00,1.724422469535152800e+02,1.122327495377301290e+02,2.038410555957299053e+01,1.000000000000000000e+01,-5.965055724259503478e+01
1.969999999999986429e+00,1.727228023234520435e+02,1.121860547186776387e+02,2.042227706069481741e+01,1.000000000000000000e+01,-5.672938414245221139e+01
1.972499999999986375e+00,1.730032409599319578e+02,1.121393657253525760e+02,2.045821365462385444e+01,1.000000000000000000e+01,-5.380264298133096190e+01
1.974999999999986322e+00,1.732835628769142602e+02,1.120926815234264211e+02,2.049202516138477392e+01,1.000000000000000000e+01,-5.087060578964501190e+01
1.977499999999986269e+00,1.735637680858161218e+02,1.120460011579694566e+02,2.052381724149671527e+01,1.000000000000000000e+01,-4.793353072060851616e+01
1.979999999999986215e+00,1.738438565957139019e+02,1.119993237586387664e+02,2.055368994415499628e+01,1.000000000000000000e+01,-4.499166309518042084e+01
1.982499999999986162e+00,1.741238284135574474e+02,1.119526485442096373e+02,2.058173690042152160e+01,1.000000000000000000e+01,-4.204523670611639119e+01
1.984999999999986109e+00,1.744036835443957330e+02,1.119059748276331163e+02,2.060804809855991948e+01,1.000000000000000000e+01,-3.909447518144209255e+01
1.987499999999986056e+00,1.746834219916147788e+02,1.118593020199612766e+02,2.063270771668147674e+01,1.000000000000000000e+01,-3.613959296523277942e+01
1.989999999999986002e+00,1.749630437571847779e+02,1.118126296341687009e+02,2.065579711540692998e+01,1.000000000000000000e+01,-3.318079654218315966e+01
1.992499999999985949e+00,1.752425488419175963e+02,1.117659572878224878e+02,2.067739273157361524e+01,1.000000000000000000e+01,-3.021828521112654542e+01
1.994999999999985896e+00,1.755219372457283669e+02,1.117192847054068636e+02,2.069756669062799048e+01,1.000000000000000000e+01,-2.725225216939986694e+01
1.997499999999985842e+00,1.758012089679052394e+02,1.116726117203167519e+02,2.071638712818764105e+01,1.000000000000000000e+01,-2.428288519280610203e+01
1.999999999999985789e+00,1.760803640073812915e+02,1.116259382756177843e+02,2.073391992369855430e+01,1.000000000000000000e+01,-2.131036746862482190e+01
2.002499999999985736e+00,1.763594023630102186e+02,1.115792644251229575e+02,2.075022630665688794e+01,1.000000000000000000e+01,-1.833487819873632674e+01
2.004999999999985683e+00,1.766383240338429914e+02,1.115325903330116830e+02,2.076536606648450700e+01,8.973412880400291058e-01,-1.535659314935334585e+01
2.007499999999985629e+00,1.769171290194027790e+02,1.114859162727527462e+02,2.022976302687809991e+01,8.973412880400291058e-01,-1.239346945299820391e+01
2.009999999999985576e+00,1.771958173199604119e+02,1.114392426287816846e+02,1.972023956153850222e+01,8.973412880400291058e-01,-9.505994521861747870e+00
2.012499999999985523e+00,1.774743889368039049e+02,1.113925698701079625e+02,1.923550282912679421e+01,8.973412880400291058e-01,-6.690514550510084923e+00
2.014999999999985469e+00,1.777528438724359319e+02,1.113458985379367476e+02,1.877432370308844156e+01,8.973412880400291058e-01,-3.943557238149424826e+00
2.017499999999985416e+00,1.780311821307503237e+02,1.112992292376297172e+02,1.833553561677785737e+01,8.973412880400291058e-01,-1.261822299148054549e+00
2.019999999999985363e+00,1.783094037171886157e+02,1.112525626325877965e+02,1.791803009472765496e+01,8.973412880400291058e-01,1.357827481374335177e+00
2.022499999999985310e+00,1.785875086388819000e+02,1.112058994395419376e+02,1.752075293857610916e+01,8.973412880400291058e-01,3.918374576501332474e+00
2.024999999999985256e+00,1.788654969047818497e+02,1.111592404233865778e+02,1.714270311691868542e+01,8.973412880400291058e-01,6.422654658382696446e+00
2.027499999999985203e+00,1.791433685257778450e+02,1.111125863913337923e+02,1.678292933863183123e+01,-1.352699158385174849e+00,8.873364088508624903e+00
2.029999999999985150e+00,1.794211235147994046e+02,1.110659381884898949e+02,1.630502041412823644e+01,-6.875190863539629937e+00,1.126867650262419929e+01
2.032499999999985096e+00,1.796987618869103471e+02,1.110192966943215964e+02,1.551895286280916508e+01,-9.090917298123118329e+00,1.358540631337128879e+01
2.034999999999985043e+00,1.799762836593898214e+02,1.109726628116945761e+02,1.463927573731387710e+01,-9.090917298123118329e+00,1.578613716771238806e+01
2.037499999999984990e+00,1.802536888517797138e+02,1.109260374403880434e+02,1.380249051380038416e+01,-9.090917298123118329e+00,1.786178925258136019e+01
2.039999999999984936e+00,1.805309774858635308e+02,1.108794214591742957e+02,1.300648318539266768e+01,-9.090917298123118329e+00,1.981843539479485017e+01
2.042499999999984883e+00,1.808081495856052925e+02,1.108328157171296340e+02,1.224924592902848630e+01,-9.090917298123118329e+00,2.166185420361202318e+01
2.044999999999984830e+00,1.810852051770736466e+02,1.107862210312342057e+02,1.152887082581156086e+01,-9.090917298123118329e+00,2.339754395820182964e+01
2.047499999999984777e+00,1.813621442883611792e+02,1.107396381850129785e+02,1.084354409037820766e+01,-9.090917298123118329e+00,2.503073590235656454e+01
2.049999999999984723e+00,1.816389669495000874e+02,1.106930679271554112e+02,1.019154238010163382e+01,-1.000000000000000000e+01,2.656640694299149885e+01
2.052499999999984670e+00,1.819156731923741006e+02,1.106465109714530826e+02,9.517660372025101623e+00,-1.000000000000000000e+01,2.800755543868322306e+01
2.054999999999984617e+00,1.821922630506323912e+02,1.105999679980065480e+02,8.876529805182430621e+00,-1.000000000000000000e+01,2.935279796501756522e+01
2.057499999999984563e+00,1.824687365596039967e+02,1.105534396492788147e+02,8.266541866009966100e+00,-1.000000000000000000e+01,3.060679215551807886e+01
2.059999999999984510e+00,1.827450937562029196e+02,1.105069265304193777e+02,7.686170429389403758e+00,-1.000000000000000000e+01,3.177396859088382897e+01
2.062499999999984457e+00,1.830213346788348758e+02,1.104604292115443087e+02,7.133963610768478070e+00,-1.000000000000000000e+01,3.285854185679432504e+01
2.064999999999984404e+00,1.832974593673121149e+02,1.104139482290207042e+02,6.608540049086525592e+00,-1.000000000000000000e+01,3.386452099239295421e+01
2.067499999999984350e+00,1.835734678627686662e+02,1.103674840865568569e+02,6.108588269116242309e+00,-1.000000000000000000e+01,3.479571953290900410e+01
2.069999999999984297e+00,1.838493602075800482e+02,1.103210372579427201e+02,5.632863122159954550e+00,-1.000000000000000000e+01,3.565576505597262980e+01
2.072499999999984244e+00,1.841251364452901669e+02,1.102746081889217464e+02,5.180177522700983417e+00,1.000000000000000000e+01,3.644810830488027165e+01
2.074999999999984190e+00,1.844007966205422804e+02,1.102281972994322956e+02,5.929248645188708977e+00,1.000000000000000000e+01,3.721427791591084144e+01
2.077499999999984137e+00,1.846763407790086546e+02,1.101818049757239493e+02,6.641719132763727274e+00,1.000000000000000000e+01,3.808707913553423197e+01
2.079999999999984084e+00,1.849517689673306506e+02,1.101354316530826338e+02,7.319375452435209262e+00,1.000000000000000000e+01,3.906130015379717690e+01
2.082499999999984031e+00,1.852270812332754701e+02,1.100890778319369190e+02,7.963914885951561828e+00,1.000000000000000000e+01,4.013198136785388215e+01
2.084999999999983977e+00,1.855022776259034742e+02,1.100427440843752152e+02,8.576952407707628012e+00,1.000000000000000000e+01,4.129440294137639000e+01
2.087499999999983924e+00,1.857773581957441991e+02,1.099964310482862828e+02,9.160024561865169446e+00,1.000000000000000000e+01,4.254407289995450014e+01
2.089999999999983871e+00,1.860523229949569952e+02,1.099501394208140255e+02,9.714588927641969462e+00,1.000000000000000000e+01,4.387671584813425341e+01
2.092499999999983817e+00,1.863271720774758364e+02,1.099038699529182850e+02,1.024203427056859894e+01,1.000000000000000000e+01,4.528826227662084136e+01
2.094999999999983764e+00,1.866019054991402299e+02,1.098576234427493574e+02,1.074367983673532656e+01,1.000000000000000000e+01,4.677483838376512182e+01
2.097499999999983711e+00,1.868765233178097560e+02,1.098114007286138758e+02,1.122078112378010317e+01,-1.000000000000000000e+01,4.833275647811954201e+01
2.099999999999983658e+00,1.871510255934606164e+02,1.097652026819191207e+02,1.050459794648282497e+01,-1.000000000000000000e+01,4.992059561114646016e+01
2.102499999999983604e+00,1.874254123882694216e+02,1.097190302081437068e+02,9.822865859360275564e+00,-1.000000000000000000e+01,5.140648045216327944e+01
2.104999999999983551e+00,1.876996837666746671e+02,1.096728841707912778e+02,9.173911514843327453e+00,-1.000000000000000000e+01,5.279532673741734783e+01
2.107499999999983498e+00,1.879738397952397690e+02,1.096267653729295830e+02,8.556145663182229910e+00,-1.000000000000000000e+01,5.409181230215465064e+01
2.109999999999983444e+00,1.882478805424960342e+02,1.095806745482056499e+02,7.968054627785458699e+00,-1.000000000000000000e+01,5.530038848547101793e+01
2.112499999999983391e+00,1.885218060787696857e+02,1.095346123630198036e+02,7.408201288234128157e+00,-1.000000000000000000e+01,5.642529090865038199e+01
2.114999999999983338e+00,1.887956164760165336e+02,1.094885794189391959e+02,6.875216994848400098e+00,-1.000000000000000000e+01,5.747055004158947611e+01
2.117499999999983284e+00,1.890693118076604264e+02,1.094425762559980342e+02,6.367800433433821183e+00,-1.000000000000000000e+01,5.844000097441697505e+01
2.119999999999983231e+00,1.893428921484404555e+02,1.093966033539032026e+02,5.884716253213913006e+00,1.000000000000000000e+01,5.933729303665820254e+01
2.122499999999983178e+00,1.896163575742621958e+02,1.093506611356803546e+02,6.586057666153162238e+00,1.000000000000000000e+01,6.020350245247809085e+01
2.124999999999983125e+00,1.898897081620525285e+02,1.093047499620378744e+02,7.253444016276466400e+00,1.000000000000000000e+01,6.116943157162602773e+01
2.127499999999983071e+00,1.901629439896211693e+02,1.092588701904971060e+02,7.888516771629590529e+00,1.000000000000000000e+01,6.223023265799591286e+01
2.129999999999983018e+00,1.904360651356767562e+02,1.092130221853947916e+02,8.492837723855361176e+00,1.000000000000000000e+01,6.338129077180943938e+01
2.132499999999982965e+00,1.907090716798449535e+02,1.091672063192287965e+02,9.067892301779894026e+00,1.000000000000000000e+01,6.461821249070767692e+01
2.134999999999982911e+00,1.909819637026855048e+02,1.091214229663356718e+02,9.615093776427542593e+00,1.000000000000000000e+01,6.593681531077244529e+01
2.137499999999982858e+00,1.912547412856929725e+02,1.090756724968392888e+02,1.013578613325823596e+01,1.000000000000000000e+01,6.733311748935420837e+01
2.139999999999982805e+00,1.915274045112826116e+02,1.090299552695627483e+02,1.063124877799491053e+01,1.000000000000000000e+01,6.880332836769062510e+01
2.142499999999982752e+00,1.917999534627585376e+02,1.089842716265427072e+02,1.110269772706870839e+01,1.000000000000000000e+01,7.034383931047024419e+01
2.144999999999982698e+00,1.920723882242687921e+02,1.089386218872578240e+02,1.155129063286311286e+01,-1.000000000000000000e+01,7.195121498055036113e+01
2.147499999999982645e+00,1.923447088807451166e+02,1.088930063428656467e+02,1.082630143178056414e+01,-1.000000000000000000e+01,7.358492734760037024e+01
2.149999999999982592e+00,1.926169155178326378e+02,1.088474252551318102e+02,1.013587065363351769e+01,-1.000000000000000000e+01,7.511554633825886640e+01
2.152499999999982538e+00,1.928890082218022997e+02,1.088018788150601495e+02,9.478337942945515238e+00,-1.000000000000000000e+01,7.654800920148294097e+01
2.154999999999982485e+00,1.931609870793579944e+02,1.087563671354189125e+02,8.852124190634274470e+00,-1.000000000000000000e+01,7.788701475276405972e+01
2.157499999999982432e+00,1.934328521774386047e+02,1.087108902495490526e+02,8.255727583178746443e+00,-1.000000000000000000e+01,7.913703489666097823e+01
2.159999999999982379e+00,1.937046036030235712e+02,1.086654481161480135e+02,7.687717676176384352e+00,-1.000000000000000000e+01,8.030232557727650544e+01
2.162499999999982325e+00,1.939762414429479520e+02,1.086200406239110805e+02,7.146734469049071947e+00,-1.000000000000000000e+01,8.138693729868856508e+01
2.164999999999982272e+00,1.942477657837307845e+02,1.085746675960010492e+02,6.631484161612887895e+00,-1.000000000000000000e+01,8.239472513392345832e+01
2.167499999999982219e+00,1.945191767114126264e+02,1.085293287939922635e+02,6.140734453382143521e+00,1.000000000000000000e+01,8.332935822917332302e+01
2.169999999999982165e+00,1.947904743114044948e+02,1.084840239215618567e+02,6.816726929212461705e+00,1.000000000000000000e+01,8.423127928324043978e+01
2.172499999999982112e+00,1.950616586683437106e+02,1.084387526262757575e+02,7.460303365347165538e+00,1.000000000000000000e+01,8.522909783156133301e+01
2.174999999999982059e+00,1.953327298659613973e+02,1.083935145236882960e+02,8.073017175851534333e+00,1.000000000000000000e+01,8.631819363608971685e+01
2.177499999999982006e+00,1.956036879870125631e+02,1.083483092016597595e+02,8.656345503961583532e+00,1.000000000000000000e+01,8.749416796216479497e+01
2.179999999999981952e+00,1.958745331132071215e+02,1.083031362213264117e+02,9.211694492102651566e+00,1.000000000000000000e+01,8.875283304866323419e+01
2.182499999999981899e+00,1.961452653251420770e+02,1.082579951153579856e+02,9.740402497403833237e+00,1.000000000000000000e+01,9.009020226588918945e+01
2.184999999999981846e+00,1.964158847022292775e+02,1.082128853864451372e+02,1.024374361199472006e+01,1.000000000000000000e+01,9.150248055067662278e+01
2.187499999999981792e+00,1.966863913226202101e+02,1.081678065058042506e+02,1.072293003475628659e+01,1.000000000000000000e+01,9.298605548535655885e+01
2.189999999999981739e+00,1.969567852631259655e+02,1.081227579124288241e+02,1.117911649297280441e+01,1.000000000000000000e+01,9.453748862265807418e+01
2.192499999999981686e+00,1.972270665991367480e+02,1.080777390123512589e+02,1.161340012663852761e+01,-1.000000000000000000e+01,9.615350745328829873e+01
2.194999999999981632e+00,1.974972354045390830e+02,1.080327491780989817e+02,1.089278538306919408e+01,-1.000000000000000000e+01,9.779438293967157847e+01
2.197499999999981579e+00,1.977672917516321149e+02,1.079877877497365972e+02,1.020624756826820878e+01,-1.000000000000000000e+01,9.933300301519389564e+01
2.199999999999981526e+00,1.980372357110451844e+02,1.079428540294007917e+02,9.552166071179478024e+00,-1.000000000000000000e+01,1.007742218827003171e+02
2.202499999999981473e+00,1.983070673516414786e+02,1.078979472834125346e+02,8.928997975167652257e+00,-1.000000000000000000e+01,1.021226601772298750e+02
2.204999999999981419e+00,1.985767867404308618e+02,1.078530667462200512e+02,8.335273622117364667e+00,-1.000000000000000000e+01,1.033827164854979941e+02
2.207499999999981366e+00,1.988463939424925684e+02,1.078082116247570355e+02,7.769594296702916125e+00,-1.000000000000000000e+01,1.045585780675432090e+02
2.209999999999981313e+00,1.991158890209090089e+02,1.077633811026232564e+02,7.230628134208061830e+00,-1.000000000000000000e+01,1.056542313208715740e+02
2.212499999999981259e+00,1.993852720367096936e+02,1.077185743442995118e+02,6.717107591312563741e+00,-1.000000000000000000e+01,1.066734715756873300e+02
2.214999999999981206e+00,1.996545430488256727e+02,1.076737904987773646e+02,6.227825598321988565e+00,1.000000000000000000e+01,1.076199124647984746e+02
2.217499999999981153e+00,1.999237021140529009e+02,1.076290287030953010e+02,6.887135779994398632e+00,1.000000000000000000e+01,1.085333192905563209e+02
2.219999999999981100e+00,2.001927492870241565e+02,1.075842880856449000e+02,7.515117557707846174e+00,1.000000000000000000e+01,1.095401448287718580e+02
2.222499999999981046e+00,2.004616846201893168e+02,1.075395677687777010e+02,8.113258037545259427e+00,1.000000000000000000e+01,1.106359463075842342e+02
2.224999999999980993e+00,2.007305081638013462e+02,1.074948668710668471e+02,8.682973247618328116e+00,1.000000000000000000e+01,1.118164935647905480e+02
2.227499999999980940e+00,2.009992199659081678e+02,1.074501845093857213e+02,9.225610264442472896e+00,1.000000000000000000e+01,1.130777589348998049e+02
2.229999999999980886e+00,2.012678200723496502e+02,1.074055198012192847e+02,9.742453516751652387e+00,1.000000000000000000e+01,1.144159076846997039e+02
2.232499999999980833e+00,2.015363085267604504e+02,1.073608718671099780e+02,1.023472416269405194e+01,1.000000000000000000e+01,1.158272890289624257e+02
2.234999999999980780e+00,2.018046853705790795e+02,1.073162398332000862e+02,1.070358595025397008e+01,1.000000000000000000e+01,1.173084272672139718e+02
2.237499999999980727e+00,2.020729506430633933e+02,1.072716228339138667e+02,1.115014734325069945e+01,1.000000000000000000e+01,1.188560134865844873e+02
2.239999999999980673e+00,2.023411043813129027e+02,1.072270200147021910e+02,1.157546295416759108e+01,-1.000000000000000000e+01,1.204668977952759832e+02
2.242499999999980620e+00,2.026091466202978211e+02,1.071824305349151842e+02,1.086467108335055798e+01,-1.000000000000000000e+01,1.221020646792741786e+02
2.244999999999980567e+00,2.028770773928956146e+02,1.071378535708496429e+02,1.018723558780144600e+01,-1.000000000000000000e+01,1.236365144786509376e+02
2.247499999999980513e+00,2.031448967299349704e+02,1.070932883179635127e+02,9.541581353187069681e+00,-1.000000000000000000e+01,1.250749718934344656e+02
2.249999999999980460e+00,2.034126046602445683e+02,1.070487339926309147e+02,8.926209023691299649e+00,-1.000000000000000000e+01,1.264219367778069056e+02
2.252499999999980407e+00,2.036802012107063433e+02,1.070041898330937187e+02,8.339690417899767283e+00,-1.000000000000000000e+01,1.276816952687711790e+02
2.254999999999980353e+00,2.039476864063104529e+02,1.069596551005138281e+02,7.780664772398243834e+00,-1.000000000000000000e+01,1.288583302000091635e+02
2.257499999999980300e+00,2.042150602702133995e+02,1.069151290799135694e+02,7.247836826839068713e+00,-1.000000000000000000e+01,1.299557309876384181e+02
2.259999999999980247e+00,2.044823228237978583e+02,1.068706110809567207e+02,6.739972341125313626e+00,-1.000000000000000000e+01,1.309776031018573121e+02
2.262499999999980194e+00,2.047494740867348355e+02,1.068261004387633051e+02,6.255895438306676937e+00,1.000000000000000000e+01,1.319274769809660199e+02
2.264999999999980140e+00,2.050165140770480150e+02,1.067815965148727031e+02,6.901541973270472141e+00,1.000000000000000000e+01,1.328444687134299329e+02
2.267499999999980087e+00,2.052834428111794693e+02,1.067370986972982223e+02,7.516769898094298519e+00,1.000000000000000000e+01,1.338530359611991685e+02
2.269999999999980034e+00,2.055502603040586109e+02,1.066926064094497661e+02,8.103010321559553475e+00,1.000000000000000000e+01,1.349488816359369707e+02
2.272499999999979980e+00,2.058169665691948751e+02,1.066481191140379821e+02,8.661626712682220841e+00,1.000000000000000000e+01,1.361279125001605621e+02
2.274999999999979927e+00,2.060835616187785320e+02,1.066036363173077888e+02,9.193917383989180792e+00,1.000000000000000000e+01,1.373862293757399300e+02
2.277499999999979874e+00,2.063500454637907637e+02,1.065591575721162769e+02,9.701119313292659641e+00,1.000000000000000000e+01,1.387201178601141862e+02
2.279999999999979821e+00,2.066164181141225242e+02,1.065146824807599870e+02,1.018441025648815312e+01,1.000000000000000000e+01,1.401260394028922462e+02
2.282499999999979767e+00,2.068826795786993102e+02,1.064702106980060421e+02,1.064491171655244450e+01,1.000000000000000000e+01,1.416006227501320325e+02
2.284999999999979714e+00,2.071488298656139477e+02,1.064257419330002818e+02,1.108369382409601833e+01,1.000000000000000000e+01,1.431406559393738576e+02
2.287499999999979661e+00,2.074148689822635845e+02,1.063812759513779724e+02,1.150177445726158432e+01,-1.000000000000000000e+01,1.447430785839849818e+02
2.289999999999979607e+00,2.076807969354920260e+02,1.063368125779158788e+02,1.080293827375717974e+01,-1.000000000000000000e+01,1.463695025452321943e+02
2.292499999999979554e+00,2.079466137317412517e+02,1.062923517006122864e+02,1.013661791975157378e+01,-1.000000000000000000e+01,1.478968339288438187e+02
2.294999999999979501e+00,2.082123193772038405e+02,1.062478932507288079e+02,9.501289798476186377e+00,-1.000000000000000000e+01,1.493296610769376969e+02
2.297499999999979448e+00,2.084779138779220489e+02,1.062034371955477354e+02,8.895501408289627321e+00,-1.000000000000000000e+01,1.506723582008293363e+02
2.299999999999979394e+00,2.087433972398735591e+02,1.061589835323778175e+02,8.317868700064561693e+00,-1.000000000000000000e+01,1.519290955121408899e+02
2.302499999999979341e+00,2.090087694690464843e+02,1.061145322866621257e+02,7.767074269393716257e+00,-1.000000000000000000e+01,1.531038489495568911e+02
2.304999999999979288e+00,2.092740305715066995e+02,1.060700835096535144e+02,7.241860954668356776e+00,-1.000000000000000000e+01,1.542004094481101788e+02
2.307499999999979234e+00,2.095391805534629839e+02,1.060256372765005324e+02,6.741032439912744145e+00,-1.000000000000000000e+01,1.552223915651033224e+02
2.309999999999979181e+00,2.098042194213248308e+02,1.059811936846730447e+02,6.263447945471718015e+00,1.000000000000000000e+01,1.561732419151791760e+02
2.312499999999979128e+00,2.100691471817572165e+02,1.059367528515887642e+02,6.896334089150144564e+00,1.000000000000000000e+01,1.570914697028632361e+02
2.314999999999979075e+00,2.103339638417268134e+02,1.058923149097297483e+02,7.499649493121316901e+00,1.000000000000000000e+01,1.580996735590846072e+02
2.317499999999979021e+00,2.105986694085486590e+02,1.058478800393916401e+02,8.074773096844564790e+00,1.000000000000000000e+01,1.591936728179906027e+02
2.319999999999978968e+00,2.108632638900201357e+02,1.058034484775135553e+02,8.623018925833211057e+00,1.000000000000000000e+01,1.603694821531201740e+02
2.322499999999978915e+00,2.111277472945658644e+02,1.057590205225076829e+02,9.145639744634495472e+00,1.000000000000000000e+01,1.616233020938167613e+02
2.324999999999978861e+00,2.113921196313914379e+02,1.057145965336587778e+02,9.643828126300178383e+00,1.000000000000000000e+01,1.629515100774878533e+02
2.327499999999978808e+00,2.116563809106344252e+02,1.056701769310588048e+02,1.011872110383317214e+01,1.000000000000000000e+01,1.643506518286567939e+02
2.329999999999978755e+00,2.119205311435177066e+02,1.056257621945053273e+02,1.057140356988200125e+01,1.000000000000000000e+01,1.658174331144360281e+02
2.332499999999978701e+00,2.121845703424961869e+02,1.055813528618581074e+02,1.100290725611033693e+01,1.000000000000000000e+01,1.673487120199910123e+02
2.334999999999978648e+00,2.124484985214022004e+02,1.055369495273974110e+02,1.141421570238650141e+01,-1.000000000000000000e+01,1.689414915290096815e+02
2.337499999999978595e+00,2.127123156955851755e+02,1.054925528402202843e+02,1.072769267939422555e+01,-1.000000000000000000e+01,1.705579624098707541e+02
2.339999999999978542e+00,2.129760218820516116e+02,1.054481635081592401e+02,1.007279800091931854e+01,-1.000000000000000000e+01,1.720768504451161220e+02
2.342499999999978488e+00,2.132396170995972113e+02,1.054037822467013541e+02,9.448060657658313488e+00,-1.000000000000000000e+01,1.735026256600384613e+02
2.344999999999978435e+00,2.135031013688034420e+02,1.053594097634903051e+02,8.852078957089570821e+00,-1.000000000000000000e+01,1.748395533376943547e+02
2.347499999999978382e+00,2.137664747120116999e+02,1.053150467498116711e+02,8.283517088939488460e+00,-1.000000000000000000e+01,1.760917032487500933e+02
2.349999999999978328e+00,2.140297371532813315e+02,1.052706938784202890e+02,7.741101494823572793e+00,-1.000000000000000000e+01,1.772629586338109675e+02
2.352499999999978275e+00,2.142928887183429651e+02,1.052263518006732284e+02,7.223617685179605452e+00,-1.000000000000000000e+01,1.783570247116667247e+02
2.354999999999978222e+00,2.145559294345422643e+02,1.051820211447533069e+02,6.729909360089954440e+00,-1.000000000000000000e+01,1.793774367878159808e+02
2.357499999999978169e+00,2.148188593307818053e+02,1.051377025138871204e+02,6.258873657445091609e+00,1.000000000000000000e+01,-1.796724318765585622e+02
2.359999999999978115e+00,2.150816784374576969e+02,1.050933964852948606e+02,6.879472014413199332e+00,1.000000000000000000e+01,-1.787546645211235443e+02
2.362499999999978062e+00,2.153443867863904018e+02,1.050491036040163948e+02,7.471322659783531606e+00,1.000000000000000000e+01,-1.777485076281209615e+02
2.364999999999978009e+00,2.156069844107581730e+02,1.050048244361579890e+02,8.035753588789964041e+00,1.000000000000000000e+01,-1.766580444095715450e+02
2.367499999999977955e+00,2.158694713451739631e+02,1.049605595803934932e+02,8.574031559201110042e+00,1.000000000000000000e+01,-1.754871702001169069e+02
2.369999999999977902e+00,2.161318476257687848e+02,1.049163096730632816e+02,9.087364192576611543e+00,1.000000000000000000e+01,-1.742396014972310354e+02
2.372499999999977849e+00,2.163941132902858158e+02,1.048720753855442638e+02,9.576902460126387240e+00,1.000000000000000000e+01,-1.729188845780314523e+02
2.374999999999977796e+00,2.166562683781652368e+02,1.048278574206785123e+02,1.004374316593799499e+01,1.000000000000000000e+01,-1.715284036036196369e+02
2.377499999999977742e+00,2.169183129306204307e+02,1.047836565085199823e+02,1.048893344647540715e+01,1.000000000000000000e+01,-1.700713884319118847e+02
2.379999999999977689e+00,2.171802469907049158e+02,1.047394734034221528e+02,1.091347143682058984e+01,1.000000000000000000e+01,-1.685509219618451482e+02
2.382499999999977636e+00,2.174420706033702118e+02,1.046953088803766576e+02,1.131830709903861987e+01,1.000000000000000000e+01,-1.669699472202036077e+02
2.384999999999977582e+00,2.177037838155159761e+02,1.046511637318200769e+02,1.170434794167447556e+01,1.000000000000000000e+01,-1.653312740205573164e+02
2.387499999999977529e+00,2.179653866760320113e+02,1.046070387629554119e+02,1.207245881398004883e+01,1.000000000000000000e+01,-1.636375852845938539e+02
2.389999999999977476e+00,2.182268792358269991e+02,1.045629347879826980e+02,1.242346388274909685e+01,1.000000000000000000e+01,-1.618914430695410829e+02
2.392499999999977423e+00,2.184882615478486514e+02,1.045188526259898936e+02,1.275814937656086201e+01,1.000000000000000000e+01,-1.600952942758896995e+02
2.394999999999977369e+00,2.187495336670938286e+02,1.044747930965668559e+02,1.307726548453016946e+01,1.000000000000000000e+01,-1.582514760284584554e+02
2.397499999999977316e+00,2.190106956506072322e+02,1.044307570154875293e+02,1.338152742277133633e+01,1.000000000000000000e+01,-1.563622208017847868e+02
2.399999999999977263e+00,2.192717475574699222e+02,1.043867451906780559e+02,1.367161572753147780e+01,1.000000000000000000e+01,-1.544296612621463680e+02
2.402499999999977209e+00,2.195326894487768925e+02,1.043427584181650474e+02,1.394818163872062655e+01,1.000000000000000000e+01,-1.524558348396653855e+02
2.404999999999977156e+00,2.197935213876051250e+02,1.042987974775050333e+02,1.421184538528457608e+01,1.000000000000000000e+01,-1.504426880448143322e+02
2.407499999999977103e+00,2.200542434389697064e+02,1.042548631274850237e+02,1.446319828554954512e+01,1.000000000000000000e+01,-1.483920805577530757e+02
2.409999999999977049e+00,2.203148556697694573e+02,1.042109561010624788e+02,1.470280480273800805e+01,1.000000000000000000e+01,-1.463057891022913566e+02
2.412499999999976996e+00,2.205753581487196584e+02,1.041670771029566680e+02,1.493120197933772886e+01,1.000000000000000000e+01,-1.441855110736186987e+02
2.414999999999976943e+00,2.208357509462806547e+02,1.041232268056103436e+02,1.514890334008449280e+01,1.000000000000000000e+01,-1.420328679825522045e+02
2.417499999999976890e+00,2.210960341345745235e+02,1.040794058449315003e+02,1.535639856136853432e+01,1.000000000000000000e+01,-1.398494087217660251e+02
2.419999999999976836e+00,2.213562077872906286e+02,1.040356148170049551e+02,1.555415507729457758e+01,1.000000000000000000e+01,-1.376366126190381181e+02
2.422499999999976783e+00,2.216162719795852638e+02,1.039918542751486541e+02,1.574261752853578322e+01,1.000000000000000000e+01,-1.353958923248901556e+02
2.424999999999976730e+00,2.218762267879729109e+02,1.039481247260530665e+02,1.592221126122120545e+01,1.000000000000000000e+01,-1.331285966476388580e+02
2.427499999999976676e+00,2.221360722902072666e+02,1.039044266278208966e+02,1.609334167937721460e+01,1.000000000000000000e+01,-1.308360130528580214e+02
2.429999999999976623e+00,2.223958085651594274e+02,1.038607603878134285e+02,1.625639529340167044e+01,1.000000000000000000e+01,-1.285193701807806690e+02
2.432499999999976570e+00,2.226554356926892524e+02,1.038171263596895812e+02,1.641174091438881533e+01,1.000000000000000000e+01,-1.261798401760151762e+02
2.434999999999976517e+00,2.229149537535094510e+02,1.037735248416680491e+02,1.655973136064333673e+01,1.000000000000000000e+01,-1.238185408991241161e+02
2.437499999999976463e+00,2.231743628290461459e+02,1.037299560745611728e+02,1.670070261879770612e+01,1.000000000000000000e+01,-1.214365381329171640e+02
2.439999999999976410e+00,2.234336630012950877e+02,1.036864202406607092e+02,1.683497416020744453e+01,1.000000000000000000e+01,-1.190348475218567899e+02
2.442499999999976357e+00,2.236928543526739190e+02,1.036429174630892760e+02,1.696285204053026163e+01,1.000000000000000000e+01,-1.166144365679382702e+02
2.444999999999976303e+00,2.239519369658746655e+02,1.035994478048171885e+02,1.708462811284067939e+01,1.000000000000000000e+01,-1.141762265637527065e+02
2.447499999999976250e+00,2.242109109237119924e+02,1.035560112685138137e+02,1.720058113424748214e+01,1.000000000000000000e+01,-1.117210942687063664e+02
2.449999999999976197e+00,2.244697763089737350e+02,1.035126077968853195e+02,1.731097738087144577e+01,1.000000000000000000e+01,-1.092498737019696193e+02
2.452499999999976144e+00,2.247285332042700077e+02,1.034692372720580096e+02,1.741606996341329250e+01,1.000000000000000000e+01,-1.067633578644370544e+02
2.454999999999976090e+00,2.249871816918823129e+02,1.034258995166231472e+02,1.751610096828203922e+01,1.000000000000000000e+01,-1.042623003759907192e+02
2.457499999999976037e+00,2.252457218536152368e+02,1.033825942947222529e+02,1.761130145268008107e+01,1.000000000000000000e+01,-1.017474170133050393e+02
2.459999999999975984e+00,2.255041537706509871e+02,1.033393213130888313e+02,1.770189060785411073e+01,1.000000000000000000e+01,-9.921938725760715272e+01
2.462499999999975930e+00,2.257624775234062611e+02,1.032960802221426633e+02,1.778808059908276107e+01,1.000000000000000000e+01,-9.667885604622310325e+01
2.464999999999975877e+00,2.260206931913923540e+02,1.032528706180760025e+02,1.787007143022992750e+01,1.000000000000000000e+01,-9.412643489492896265e+01
2.467499999999975824e+00,2.262788008530814068e+02,1.032096920449451147e+02,1.794805433442472520e+01,1.000000000000000000e+01,-9.156270366292166329e+01
2.469999999999975770e+00,2.265368005857762910e+02,1.031665439963550028e+02,1.802221292170859002e+01,1.000000000000000000e+01,-8.898821185758681906e+01
2.472499999999975717e+00,2.267946924654864063e+02,1.031234259181711224e+02,1.809272102926590264e+01,1.000000000000000000e+01,-8.640348003137347632e+01
2.474999999999975664e+00,2.270524765668093039e+02,1.030803372106187084e+02,1.815974629723809031e+01,1.000000000000000000e+01,-8.380900116049338067e+01
2.477499999999975611e+00,2.273101529628180799e+02,1.030372772308973737e+02,1.822344688755130804e+01,1.000000000000000000e+01,-8.120524204816136660e+01
2.479999999999975557e+00,2.275677217249551063e+02,1.029942452956997414e+02,1.828397436844165114e+01,1.000000000000000000e+01,-7.859264476911998543e+01
2.482499999999975504e+00,2.278251829229326972e+02,1.029512406843943495e+02,1.834147386119922984e+01,1.000000000000000000e+01,-7.597162772951281795e+01
2.484999999999975451e+00,2.280825366246412216e+02,1.029082626420179309e+02,1.839608342754639736e+01,1.000000000000000000e+01,-7.334258725954627778e+01
2.487499999999975397e+00,2.283397828960651452e+02,1.028653103821811641e+02,1.844793443237173491e+01,1.000000000000000000e+01,-7.070589861801545339e+01
2.489999999999975344e+00,2.285969218012062356e+02,1.028223830903851166e+02,1.849715279083645569e+01,1.000000000000000000e+01,-6.806191740365375153e+01
2.492499999999975291e+00,2.288539534020149802e+02,1.027794799273077189e+02,1.854385916606865337e+01,1.000000000000000000e+01,-6.541098073646332978e+01
2.494999999999975238e+00,2.291108777583307585e+02,1.027366000322307968e+02,1.858816798704205553e+01,1.000000000000000000e+01,-6.275340826507540726e+01
2.497499999999975184e+00,2.293676949278298878e+02,1.026937425264193138e+02,1.863018840700697609e+01,1.000000000000000000e+01,-6.008950349223049869e+01
2.499999999999975131e+00,2.296244049659829045e+02,1.026509065166694086e+02,1.867002441858117834e+01,1.000000000000000000e+01,-5.741955484627977313e+01
2.502499999999975078e+00,2.298810079260201746e+02,1.026080910990722259e+02,1.870777671567212153e+01,1.000000000000000000e+01,-5.474383673625113289e+01
2.504999999999975024e+00,2.301375038589074506e+02,1.025652953626258324e+02,1.874353889304676457e+01,1.000000000000000000e+01,-5.206261050932860002e+01
2.507499999999974971e+00,2.303938928133300976e+02,1.025225183929774033e+02,1.877740187428793561e+01,1.000000000000000000e+01,-4.937612563717635794e+01
2.509999999999974918e+00,2.306501748356868973e+02,1.024797592761966172e+02,1.880945258266326903e+01,1.000000000000000000e+01,-4.668462051742539387e+01
2.512499999999974865e+00,2.309063499700932027e+02,1.024370171025368847e+02,1.883977350032469644e+01,1.000000000000000000e+01,-4.398832332132766254e+01
2.514999999999974811e+00,2.311624182583935863e+02,1.023942909702032011e+02,1.886844264907407265e+01,1.000000000000000000e+01,-4.128745289129326324e+01
2.517499999999974758e+00,2.314183797401838092e+02,1.023515799890667637e+02,1.889553533010928632e+01,1.000000000000000000e+01,-3.858221969214863378e+01
2.519999999999974705e+00,2.316742344528420290e+02,1.023088832843000233e+02,1.892112274867752220e+01,1.000000000000000000e+01,-3.587282636811528391e+01
2.522499999999974651e+00,2.319299824315692149e+02,1.022661999999452149e+02,1.894527397231128063e+01,1.000000000000000000e+01,-3.315946851157868025e+01
2.524999999999974598e+00,2.321856237094381754e+02,1.022235293024235290e+02,1.896805327957010334e+01,1.000000000000000000e+01,-3.044233527645601356e+01
2.527499999999974545e+00,2.324411583174515101e+02,1.021808703839223398e+02,1.898952276666490491e+01,1.000000000000000000e+01,-2.772161003932512457e+01
2.529999999999974492e+00,2.326965862846080597e+02,1.021382224657033646e+02,1.900974140898709663e+01,1.000000000000000000e+01,-2.499747094996029873e+01
2.532499999999974438e+00,2.329519076379771434e+02,1.020955848010905669e+02,1.902876530586492265e+01,1.411374806775729462e+00,-2.227009130522645819e+01
2.534999999999974385e+00,2.332071224027804703e+02,1.020529566783308582e+02,1.861359972547020902e+01,1.411374806775729462e+00,-1.955364124163766704e+01
2.537499999999974332e+00,2.334622306024810143e+02,1.020103374232625413e+02,1.821667615476664182e+01,1.411374806775729462e+00,-1.689578378856024443e+01
2.539999999999974278e+00,2.337172322588787097e+02,1.019677264024095393e+02,1.783718042711685925e+01,1.411374806775729462e+00,-1.429395564103057126e+01
2.542499999999974225e+00,2.339721273922134230e+02,1.019251230241933257e+02,1.747433426266282908e+01,1.411374806775729462e+00,-1.174570967089098517e+01
2.544999999999974172e+00,2.342269160212699148e+02,1.018825267395298937e+02,1.712739468973229862e+01,1.411374806775729462e+00,-9.248709419574188573e+00
2.547499999999974118e+00,2.344815981634847617e+02,1.018399370423065164e+02,1.679565114690516836e+01,1.411374806775729462e+00,-6.800723733243784430e+00
2.549999999999974065e+00,2.347361738350533074e+02,1.017973534695485540e+02,1.647842617946201216e+01,1.411374806775729462e+00,-4.399621812940665677e+00
2.552499999999974012e+00,2.349906430510381767e+02,1.017547756013468643e+02,1.617507166410971209e+01,1.411374806775729462e+00,-2.043368461942944414e+00
2.554999999999973959e+00,2.352450058254762553e+02,1.017122030605140566e+02,1.588496946517523867e+01,-2.318426929312890739e+00,2.699804123688311353e-01
2.557499999999973905e+00,2.354992621714858672e+02,1.016696355123858382e+02,1.541989956425663344e+01,-9.598202685376195475e+00,2.536209010744836068e+00
2.559999999999973852e+00,2.357534121013725894e+02,1.016270726644169002e+02,1.461153195330708954e+01,-9.598202685376195475e+00,4.724717259348530263e+00
2.562499999999973799e+00,2.360074556267342700e+02,1.015845142645229799e+02,1.383886234706650065e+01,-9.598202685376195475e+00,6.798443474428682798e+00
2.564999999999973745e+00,2.362613927585601061e+02,1.015419600953714081e+02,1.310030154163158755e+01,-9.598202685376195475e+00,8.762429191864752553e+00
2.567499999999973692e+00,2.365152235073138343e+02,1.014994099699237182e+02,1.239433145903860911e+01,-9.598202685376195475e+00,1.062149475648070762e+01
2.569999999999973639e+00,2.367689478830077974e+02,1.014568637286262316e+02,1.171950164743396172e+01,-9.598202685376195475e+00,1.238024884887621369e+01
2.572499999999973586e+00,2.370225658952703327e+02,1.014143212371843958e+02,1.107442757874485473e+01,-9.598202685376195475e+00,1.404309760903480431e+01
2.574999999999973532e+00,2.372760775534073048e+02,1.013717823843915653e+02,1.045778603373838678e+01,-9.598202685376195475e+00,1.561425338552543352e+01
2.577499999999973479e+00,2.375294828664593751e+02,1.013292470798865850e+02,9.868313408488400995e+00,-1.000000000000000000e+01,1.709774307811875005e+01
2.579999999999973426e+00,2.377827818432521951e+02,1.012867152521633756e+02,9.285041860173848249e+00,-1.000000000000000000e+01,1.849677614682489590e+01
2.582499999999973372e+00,2.380359744924429037e+02,1.012441868471404405e+02,8.727454101527978736e+00,-1.000000000000000000e+01,1.981286140091277304e+01
2.584999999999973319e+00,2.382890608225627602e+02,1.012016618261640417e+02,8.194410605062675046e+00,-1.000000000000000000e+01,2.104964050987040380e+01
2.587499999999973266e+00,2.385420408420546892e+02,1.011591401651281927e+02,7.684821978701750211e+00,-1.000000000000000000e+01,2.221059438731014879e+01
2.589999999999973213e+00,2.387949145593092055e+02,1.011166218528212539e+02,7.197647537480939661e+00,-1.000000000000000000e+01,2.329905019518992049e+01
2.592499999999973159e+00,2.390476819826956500e+02,1.010741068902138267e+02,6.731893552818073445e+00,-1.000000000000000000e+01,2.431818806977473812e+01
2.594999999999973106e+00,2.393003431205924301e+02,1.010315952892383677e+02,6.286610584277918967e+00,-1.000000000000000000e+01,2.527104757709917493e+01
2.597499999999973053e+00,2.395528979814137074e+02,1.009890870723047556e+02,5.860891955383150886e+00,-1.000000000000000000e+01,2.616053387645605355e+01
2.599999999999972999e+00,2.398053465736354326e+02,1.009465822718185279e+02,5.453870807770399232e+00,1.000000000000000000e+01,2.698942364562431351e+01
2.602499999999972946e+00,2.400576889058202426e+02,1.009040809300383188e+02,6.049811195019620946e+00,1.000000000000000000e+01,2.779229473250372351e+01
2.604999999999972893e+00,2.403099249866397429e+02,1.008615830956392188e+02,6.619388371351825562e+00,1.000000000000000000e+01,2.867996783513973824e+01
2.607499999999972840e+00,2.405620548248982686e+02,1.008190888524123494e+02,7.163766096643664483e+00,1.000000000000000000e+01,2.964869467057088670e+01
2.609999999999972786e+00,2.408140784296335255e+02,1.007765983271997783e+02,7.684056337575843720e+00,1.000000000000000000e+01,3.069489040916745992e+01
2.612499999999972733e+00,2.410659958102270366e+02,1.007341116934901493e+02,8.181321742038718980e+00,1.000000000000000000e+01,3.181512624101499398e+01
2.614999999999972680e+00,2.413178069765206715e+02,1.006916291724377430e+02,8.656577764977102518e+00,1.000000000000000000e+01,3.300612248680769056e+01
2.617499999999972626e+00,2.415695119389366710e+02,1.006491510328974215e+02,9.110793822655569585e+00,1.000000000000000000e+01,3.426474180889106691e+01
2.619999999999972573e+00,2.418211107085957394e+02,1.006066775910995403e+02,9.544897275904611789e+00,1.000000000000000000e+01,3.558798285390399485e+01
2.622499999999972520e+00,2.420726032974362454e+02,1.005642092099327414e+02,9.959772681463668675e+00,1.000000000000000000e+01,3.697297416584756036e+01
2.624999999999972466e+00,2.423239897183296137e+02,1.005217462984750796e+02,1.035626579396971358e+01,-1.000000000000000000e+01,3.841696838916622880e+01
2.627499999999972413e+00,2.425752699851962291e+02,1.004792893112607857e+02,9.758909013047816217e+00,-1.000000000000000000e+01,3.988569016734600581e+01
2.629999999999972360e+00,2.428264441131211697e+02,1.004368387508511944e+02,9.187593973845681106e+00,-1.000000000000000000e+01,4.126929215340407353e+01
2.632499999999972307e+00,2.430775121184624652e+02,1.003943951291014685e+02,8.641174728780431025e+00,-1.000000000000000000e+01,4.257148519706857570e+01
2.634999999999972253e+00,2.433284740188576620e+02,1.003519589564777448e+02,8.118555293541202644e+00,-1.000000000000000000e+01,4.379581712107054159e+01
2.637499999999972200e+00,2.435793298332161783e+02,1.003095307346684706e+02,7.618688070269410417e+00,-1.000000000000000000e+01,4.494567967431456879e+01
2.639999999999972147e+00,2.438300795816963671e+02,1.002671109557662703e+02,7.140573644261634989e+00,-1.000000000000000000e+01,4.602431545171514671e+01
2.642499999999972093e+00,2.440807232856806763e+02,1.002247001013957828e+02,6.683254575906492079e+00,-1.000000000000000000e+01,4.703482436820125656e+01
2.644999999999972040e+00,2.443312609677498983e+02,1.001822986414691030e+02,6.245818410032370593e+00,-1.000000000000000000e+01,4.798016998093326890e+01
2.647499999999971987e+00,2.445816926516520482e+02,1.001399070333866632e+02,5.827391901158160081e+00,1.000000000000000000e+01,4.886318538294542435e+01
2.649999999999971934e+00,2.448320183622719526e+02,1.000975257220860755e+02,6.395659703820319564e+00,1.000000000000000000e+01,4.971797440470403728e+01
2.652499999999971880e+00,2.450822381255967173e+02,1.000551551355159035e+02,6.938994283150263342e+00,1.000000000000000000e+01,5.065361311822471890e+01
2.654999999999971827e+00,2.453323519686838665e+02,1.000127957257081306e+02,7.458487569847263465e+00,1.000000000000000000e+01,5.166654517324848683e+01
2.657499999999971774e+00,2.455823599197406679e+02,9.997044797716345954e+01,7.955182101920432736e+00,1.000000000000000000e+01,5.275336754104007753e+01
2.659999999999971720e+00,2.458322620082063565e+02,9.992811241139803258e+01,8.430075208306984536e+00,1.000000000000000000e+01,5.391082396848905489e+01
2.662499999999971667e+00,2.460820582648445338e+02,9.988578958524634288e+01,8.884118441215006712e+00,1.000000000000000000e+01,5.513579841201934073e+01
2.664999999999971614e+00,2.463317487218297970e+02,9.984348008784427009e+01,9.318223376352911203e+00,1.000000000000000000e+01,5.642530919001821843e+01
2.667499999999971561e+00,2.465813334128277177e+02,9.980118453846547766e+01,9.733260167752490588e+00,1.000000000000000000e+01,5.777650303710768043e+01
2.669999999999971507e+00,2.468308123730678290e+02,9.975890358285936088e+01,1.013006085067839379e+01,1.000000000000000000e+01,5.918664966017650642e+01
2.672499999999971454e+00,2.470801856394081994e+02,9.971663789154180790e+01,1.050942061322962751e+01,-1.000000000000000000e+01,6.065313653637704050e+01
2.674999999999971401e+00,2.473294532503964547e+02,9.967438815639233951e+01,9.911976230917765918e+00,-1.000000000000000000e+01,6.214235458676766655e+01
2.677499999999971347e+00,2.475786152463238921e+02,9.963215509192630748e+01,9.340307567006684408e+00,-1.000000000000000000e+01,6.354640909556372463e+01
2.679999999999971294e+00,2.478276716692690229e+02,9.958993939002344575e+01,8.793290146400995155e+00,-1.000000000000000000e+01,6.486898896469742226e+01
2.682499999999971241e+00,2.480766225630206350e+02,9.954774170738733119e+01,8.269849692146873821e+00,-1.000000000000000000e+01,6.611362106797392357e+01
2.684999999999971187e+00,2.483254679729858765e+02,9.950556265989921201e+01,7.768959172350365705e+00,-1.000000000000000000e+01,6.728367751383203199e+01
2.687499999999971134e+00,2.485742079460886771e+02,9.946340282350924156e+01,7.289637360756374918e+00,-1.000000000000000000e+01,6.838238250091067982e+01
2.689999999999971081e+00,2.488228425306703002e+02,9.942126273412644366e+01,6.830945829794100810e+00,-1.000000000000000000e+01,6.941281882204334863e+01
2.692499999999971028e+00,2.490713717763891282e+02,9.937914288825133724e+01,6.391986931441756781e+00,-1.000000000000000000e+01,7.037793418583515859e+01
2.694999999999970974e+00,2.493197957341231756e+02,9.933704374349652255e+01,5.971903301754347915e+00,1.000000000000000000e+01,7.128054718268506917e+01
2.697499999999970921e+00,2.495681144558719495e+02,9.929496571930850735e+01,6.522672842742629484e+00,1.000000000000000000e+01,7.215420817777565787e+01
2.699999999999970868e+00,2.498163279946595310e+02,9.925290919383856192e+01,7.049493133027119995e+00,1.000000000000000000e+01,7.310614779454384404e+01
2.702499999999970814e+00,2.500644364044434269e+02,9.921087454518830384e+01,7.553403124058196916e+00,1.000000000000000000e+01,7.413294799595007589e+01
2.704999999999970761e+00,2.503124397401309125e+02,9.916886215928408888e+01,8.035395322051614997e+00,1.000000000000000000e+01,7.523133753092905351e+01
2.707499999999970708e+00,2.505603380576012569e+02,9.912687243235504297e+01,8.496418965901861853e+00,1.000000000000000000e+01,7.639818584059034379e+01
2.709999999999970655e+00,2.508081314137290008e+02,9.908490576840932818e+01,8.937381590048575575e+00,1.000000000000000000e+01,7.763049701972468597e+01
2.712499999999970601e+00,2.510558198664023166e+02,9.904296257635068912e+01,9.359152571665509512e+00,1.000000000000000000e+01,7.892540435945882393e+01
2.714999999999970548e+00,2.513034034745334111e+02,9.900104326693909229e+01,9.762562000835925957e+00,1.000000000000000000e+01,8.028016478061323369e+01
2.717499999999970495e+00,2.515508822980617651e+02,9.895914824953054278e+01,1.014840402714791168e+01,1.000000000000000000e+01,8.169215379502522012e+01
2.719999999999970441e+00,2.517982563979481085e+02,9.891727792975925126e+01,1.051743824858444043e+01,-1.000000000000000000e+01,8.315886055185603709e+01
2.722499999999970388e+00,2.520455258361643018e+02,9.887543270566126807e+01,9.925518147505815847e+00,-1.000000000000000000e+01,8.464731077676920279e+01
2.724999999999970335e+00,2.522926906756747769e+02,9.883361296883720115e+01,9.358883237768667485e+00,-1.000000000000000000e+01,8.605152053090591835e+01
2.727499999999970282e+00,2.525397509804093659e+02,9.879181906924593193e+01,8.816442842788866585e+00,-1.000000000000000000e+01,8.737510990992689131e+01
2.729999999999970228e+00,2.527867068151447825e+02,9.875005130721231694e+01,8.297154566417217936e+00,-1.000000000000000000e+01,8.862154042638748308e+01
2.732499999999970175e+00,2.530335582453783161e+02,9.870830993163335165e+01,7.800019756539429139e+00,-1.000000000000000000e+01,8.979412253598705718e+01
2.734999999999970122e+00,2.532803053372015256e+02,9.866659514248442520e+01,7.324084874934700728e+00,-1.000000000000000000e+01,9.089602199312331265e+01
2.737499999999970068e+00,2.535269481571785093e+02,9.862490709266414513e+01,6.868437749002425541e+00,-1.000000000000000000e+01,9.193026666292556115e+01
2.739999999999970015e+00,2.537734867722301431e+02,9.858324589121097858e+01,6.432206162225490687e+00,-1.000000000000000000e+01,9.289975263214915913e+01
2.742499999999969962e+00,2.540199212495256234e+02,9.854161160504582995e+01,6.014555196383156499e+00,1.000000000000000000e+01,9.380725010962913757e+01
2.744999999999969909e+00,2.542662516563782162e+02,9.850000426120504926e+01,6.552588195949056171e+00,1.000000000000000000e+01,9.468573540155665569e+01
2.747499999999969855e+00,2.545124780601450993e+02,9.845842384668644343e+01,7.067444914653646215e+00,1.000000000000000000e+01,9.564060848382570157e+01
2.749999999999969802e+00,2.547586005281359007e+02,9.841687033565972342e+01,7.560120899898959301e+00,1.000000000000000000e+01,9.666856948203538025e+01
2.752499999999969749e+00,2.550046191275917806e+02,9.837534369494403563e+01,8.031568734097444207e+00,1.000000000000000000e+01,9.776646030669182608e+01
2.754999999999969695e+00,2.552505339256680656e+02,9.833384388541236376e+01,8.482699598895129256e+00,1.000000000000000000e+01,9.893125850071530181e+01
2.757499999999969642e+00,2.554963449894183896e+02,9.829237086007175606e+01,8.914385354238488546e+00,1.000000000000000000e+01,1.001600718453937731e+02
2.759999999999969589e+00,2.557420523857738601e+02,9.825092456247088535e+01,9.327460148131027751e+00,1.000000000000000000e+01,1.014501327205847758e+02
2.762499999999969535e+00,2.559876561815185312e+02,9.820950492499038376e+01,9.722721743524052940e+00,1.000000000000000000e+01,1.027987931496382430e+02
2.764999999999969482e+00,2.562331564432606683e+02,9.816811186699585789e+01,1.010093346462556063e+01,1.000000000000000000e+01,1.042035195825977070e+02
2.767499999999969429e+00,2.564785532373988417e+02,9.812674529320049999e+01,1.046282606278797722e+01,-1.000000000000000000e+01,1.056618881297971058e+02
2.769999999999969376e+00,2.567238466300848359e+02,9.808540509267331231e+01,9.878840510281055032e+00,-1.000000000000000000e+01,1.071415211301682859e+02
2.772499999999969322e+00,2.569690366871849960e+02,9.804409113901559181e+01,9.319583691413104276e+00,-1.000000000000000000e+01,1.085382415866850607e+02
2.774999999999969269e+00,2.572141234742361462e+02,9.800280327415899251e+01,8.784000287174904997e+00,-1.000000000000000000e+01,1.098555758656787873e+02
2.777499999999969216e+00,2.574591070563606081e+02,9.796154130686487349e+01,8.271080762335804692e+00,-1.000000000000000000e+01,1.110968975137874537e+02
2.779999999999969162e+00,2.577039874981832099e+02,9.792030501323549174e+01,7.779858867547615908e+00,-1.000000000000000000e+01,1.122654342348552348e+02
2.782499999999969109e+00,2.579487648637518191e+02,9.787909413992991858e+01,7.309409655891654367e+00,-1.000000000000000000e+01,1.133642743739626724e+02
2.784999999999969056e+00,2.581934392164649239e+02,9.783790840663115773e+01,6.858848305492519337e+00,-1.000000000000000000e+01,1.143963731876574599e+02
2.787499999999969003e+00,2.584380106190057518e+02,9.779674750887625123e+01,6.427328868491732905e+00,-1.000000000000000000e+01,1.153645587054373181e+02
2.789999999999968949e+00,2.586824791332837208e+02,9.775561112051586576e+01,6.014040420237218854e+00,1.000000000000000000e+01,1.162715375121118342e+02
2.792499999999968896e+00,2.589268448203811772e+02,9.771449889608217632e+01,6.541617282184819970e+00,1.000000000000000000e+01,1.171497284444581766e+02
2.794999999999968843e+00,2.591711077405061587e+02,9.767341047235022700e+01,7.046679738105732227e+00,1.000000000000000000e+01,1.181027961784702853e+02
2.797499999999968789e+00,2.594152679529513534e+02,9.763234547796210450e+01,7.530186615925623883e+00,1.000000000000000000e+01,1.191275465791555632e+02
2.799999999999968736e+00,2.596593255160776152e+02,9.759130353546866843e+01,7.993054996976704629e+00,1.000000000000000000e+01,1.202209222565689970e+02
2.802499999999968683e+00,2.599032804872991278e+02,9.755028426185225499e+01,8.436163034083161705e+00,1.000000000000000000e+01,1.213799967337943144e+02
2.804999999999968630e+00,2.601471329230695346e+02,9.750928726836716010e+01,8.860350760200871534e+00,1.000000000000000000e+01,1.226019690295473907e+02
2.807499999999968576e+00,2.603908828788669894e+02,9.746831216014442134e+01,9.266422404540286095e+00,1.000000000000000000e+01,1.238841583294389324e+02
2.809999999999968523e+00,2.606345304091790354e+02,9.742735853576881766e+01,9.655147717067947610e+00,1.000000000000000000e+01,1.252239987973983659e+02
2.812499999999968470e+00,2.608780755674858938e+02,9.738642598721472154e+01,1.002726306010266910e+01,1.000000000000000000e+01,1.266190348589941976e+02
2.814999999999968416e+00,2.611215184062439221e+02,9.734551410000582905e+01,1.038347362376009997e+01,-1.000000000000000000e+01,1.280669163852309680e+02
2.817499999999968363e+00,2.613648589768696411e+02,9.730462245302021529e+01,9.808684376645427250e+00,-1.000000000000000000e+01,1.295358137623484254e+02
2.819999999999968310e+00,2.616080973297231367e+02,9.726375061886568574e+01,9.258045178850140999e+00,-1.000000000000000000e+01,1.309232241336517291e+02
2.822499999999968257e+00,2.618512335140920300e+02,9.722289816247076999e+01,8.730535053566576664e+00,-1.000000000000000000e+01,1.322325726033108708e+02
2.824999999999968203e+00,2.620942675781720936e+02,9.718206464223231933e+01,8.225176431639429353e+00,-1.000000000000000000e+01,1.334671382546391101e+02
2.827499999999968150e+00,2.623371995690517338e+02,9.714124961144105441e+01,7.741032682414539678e+00,-1.000000000000000000e+01,1.346300605093950935e+02
2.829999999999968097e+00,2.625800295327002800e+02,9.710045261992311794e+01,7.277207868015530323e+00,-1.000000000000000000e+01,1.357243452438114559e+02
2.832499999999968043e+00,2.628227575139601981e+02,9.705967321573842810e+01,6.832844366628386013e+00,-1.000000000000000000e+01,1.367528707603495093e+02
2.834999999999967990e+00,2.630653835565435088e+02,9.701891094651958269e+01,6.407120842554014928e+00,-1.000000000000000000e+01,1.377183933009027896e+02
2.837499999999967937e+00,2.633079077030315034e+02,9.697816536066893889e+01,5.999250772122178610e+00,1.000000000000000000e+01,1.386235524040126563e+02
2.839999999999967883e+00,2.635503299948773019e+02,9.693743600852863551e+01,6.517309991506818889e+00,1.000000000000000000e+01,1.395002398845698792e+02
2.842499999999967830e+00,2.637926504724113670e+02,9.689672244353576502e+01,7.013457155958619182e+00,1.000000000000000000e+01,1.404504957622024506e+02
2.844999999999967777e+00,2.640348691748496890e+02,9.685602422232661013e+01,7.488617128783253918e+00,1.000000000000000000e+01,1.414712188658868115e+02
2.847499999999967724e+00,2.642769861403016307e+02,9.681534090522792724e+01,7.943675578810379889e+00,1.000000000000000000e+01,1.425594396837239515e+02
2.849999999999967670e+00,2.645190014057797043e+02,9.677467205680686391e+01,8.379479165430353760e+00,1.000000000000000000e+01,1.437123146481434617e+02
2.852499999999967617e+00,2.647609150072103716e+02,9.673401724650931044e+01,8.796840238241600218e+00,1.000000000000000000e+01,1.449271207849294001e+02
2.854999999999967564e+00,2.650027269794467770e+02,9.669337604934747787e+01,9.196535499538493141e+00,1.000000000000000000e+01,1.462012505521886965e+02
2.857499999999967510e+00,2.652444373562829014e+02,9.665274804660971597e+01,9.579308330454672671e+00,1.000000000000000000e+01,1.475322068266779070e+02
2.859999999999967457e+00,2.654860461704697627e+02,9.661213282664375868e+01,9.945871592532039784e+00,1.000000000000000000e+01,1.489175980536525117e+02
2.862499999999967404e+00,2.657275534537334920e+02,9.657152998557015167e+01,1.029690694172156107e+01,-1.000000000000000000e+01,1.503551338781282709e+02
2.864999999999967351e+00,2.659689592367951150e+02,9.653093912810601296e+01,9.732037364071917551e+00,-1.000000000000000000e+01,1.518134907230037527e+02
2.867499999999967297e+00,2.662102635493926073e+02,9.649035986840601709e+01,9.190719721399483788e+00,-1.000000000000000000e+01,1.531917363489217792e+02
2.869999999999967244e+00,2.664514664203050529e+02,9.644979183104645415e+01,8.671965500668758153e+00,-1.000000000000000000e+01,1.544931997484261501e+02
2.872499999999967191e+00,2.666925678773789627e+02,9.640923465140203064e+01,8.174828048605586872e+00,-1.000000000000000000e+01,1.557210704063878950e+02
2.874999999999967137e+00,2.669335679475556162e+02,9.636868797578237889e+01,7.698400679206118369e+00,-1.000000000000000000e+01,1.568784041222013741e+02
2.877499999999967084e+00,2.671744666568981756e+02,9.632815146138510443e+01,7.241814797844699392e+00,-1.000000000000000000e+01,1.579681287913659844e+02
2.879999999999967031e+00,2.674152640306189141e+02,9.628762477619173410e+01,6.804239530886009746e+00,-1.000000000000000000e+01,1.589930498352247810e+02
2.882499999999966978e+00,2.676559600931061595e+02,9.624710759876163024e+01,6.384878333336443390e+00,-1.000000000000000000e+01,1.599558554381899569e+02
2.884999999999966924e+00,2.678965548679505559e+02,9.620659961827615803e+01,5.982968229508024649e+00,1.000000000000000000e+01,1.608591214266572536e+02
2.887499999999966871e+00,2.681370483779717233e+02,9.616610053448891904e+01,6.491713948947084312e+00,1.000000000000000000e+01,1.617342368505799470e+02
2.889999999999966818e+00,2.683774406452445191e+02,9.612561005728674957e+01,6.979122675376707718e+00,1.000000000000000000e+01,1.626816875071808681e+02
2.892499999999966764e+00,2.686177316911247885e+02,9.608512790903689904e+01,7.446087097968148605e+00,1.000000000000000000e+01,1.636984533468644258e+02
2.894999999999966711e+00,2.688579215362816512e+02,9.604465382585438249e+01,7.893462840927529811e+00,1.000000000000000000e+01,1.647816408026048975e+02
2.897499999999966658e+00,2.690980102007329151e+02,9.600418755889216982e+01,8.322067828075411455e+00,1.000000000000000000e+01,1.659284772881351273e+02
2.899999999999966604e+00,2.693379977038832180e+02,9.596372887550757014e+01,8.732686825397214747e+00,1.000000000000000000e+01,1.671363059517663885e+02
2.902499999999966551e+00,2.695778840645648984e+02,9.592327755989806803e+01,9.126070417091103337e+00,1.000000000000000000e+01,1.684025806871831605e+02
2.904999999999966498e+00,2.698176693010805138e+02,9.588283341391483816e+01,9.502937736726307705e+00,1.000000000000000000e+01,1.697248612988577463e+02
2.907499999999966445e+00,2.700573534312476340e+02,9.584239625786223371e+01,9.863978148558542713e+00,1.000000000000000000e+01,1.711008089034792761e+02
2.909999999999966391e+00,2.702969364724451680e+02,9.580196593103171665e+01,1.020985141789842743e+01,-1.000000000000000000e+01,1.725281815497156686e+02
2.912499999999966338e+00,2.705364184416614535e+02,9.576154229259745421e+01,9.655184475961259949e+00,-1.000000000000000000e+01,1.739761396510601514e+02
2.914999999999966285e+00,2.707757993555444500e+02,9.572112522294325743e+01,9.123451514495027226e+00,-1.000000000000000000e+01,1.753452819079319909e+02
2.917499999999966231e+00,2.710150792304534662e+02,9.568071461605275374e+01,8.613696800095558714e+00,-1.000000000000000000e+01,1.766388518017779177e+02
2.919999999999966178e+00,2.712542580824892866e+02,9.564031037695356474e+01,8.125004883637672037e+00,-1.000000000000000000e+01,1.778599587182797848e+02
2.922499999999966125e+00,2.714933359275206044e+02,9.559991241952523922e+01,7.656498658877353591e+00,-1.000000000000000000e+01,1.790115834812762330e+02
2.924999999999966072e+00,2.717323127812051666e+02,9.555952066530853983e+01,7.207337414373617079e+00,-1.000000000000000000e+01,-1.799034163396926544e+02
2.927499999999966018e+00,2.719711886590089875e+02,9.551913504273601063e+01,6.776716181802083128e+00,-1.000000000000000000e+01,-1.788823013675821585e+02
2.929999999999965965e+00,2.722099635762225489e+02,9.547875548616963215e+01,6.363864670702405135e+00,-1.000000000000000000e+01,-1.779224455266187306e+02
2.932499999999965912e+00,2.724486375479752382e+02,9.543838193499236411e+01,5.968043806095915116e+00,1.000000000000000000e+01,-1.770213313745696837e+02
2.934999999999965858e+00,2.726872105892478544e+02,9.539801433334955050e+01,6.467407477704854912e+00,1.000000000000000000e+01,-1.761480647401642727e+02
2.937499999999965805e+00,2.729256827148830098e+02,9.535765262833118072e+01,6.945998824625129409e+00,1.000000000000000000e+01,-1.752037039446447864e+02
2.939999999999965752e+00,2.731640539395959308e+02,9.531729678278929896e+01,7.404679003992688635e+00,1.000000000000000000e+01,-1.741911964146053151e+02
2.942499999999965699e+00,2.734023242780198757e+02,9.527694677889738273e+01,7.844273926335953107e+00,1.000000000000000000e+01,-1.731133681078141251e+02
2.944999999999965645e+00,2.736404937447556449e+02,9.523660262079032179e+01,8.265574202102635937e+00,1.000000000000000000e+01,-1.719729287419825425e+02
2.947499999999965592e+00,2.738785623544270038e+02,9.519626433508615548e+01,8.669336931921641565e+00,1.000000000000000000e+01,-1.707724767885709696e+02
2.949999999999965539e+00,2.741165301217371280e+02,9.515593197082348809e+01,9.056288912599065100e+00,1.000000000000000000e+01,-1.695145042563992206e+02
2.952499999999965485e+00,2.743543970615244234e+02,9.511560559946680371e+01,9.427125103594848454e+00,1.000000000000000000e+01,-1.682014012785409420e+02
2.954999999999965432e+00,2.745921631888188017e+02,9.507528531574104136e+01,9.782512027063622995e+00,-1.000000000000000000e+01,-1.668354604790695248e+02
2.957499999999965379e+00,2.748298285189003423e+02,9.503497123782813105e+01,9.251331691940331226e+00,1.000000000000000000e+01,-1.654471503063345210e+02
2.959999999999965326e+00,2.750673930673592622e+02,9.499466350918258684e+01,9.612894029086879399e+00,1.000000000000000000e+01,-1.641062422194421231e+02
2.962499999999965272e+00,2.753048568501522482e+02,9.495436227699356380e+01,9.959405875118624962e+00,1.000000000000000000e+01,-1.627138199962682563e+02
2.964999999999965219e+00,2.755422198836084249e+02,9.491406770647567726e+01,1.029148870683309980e+01,1.000000000000000000e+01,-1.612720286728890073e+02
2.967499999999965166e+00,2.757794821844809690e+02,9.487377998262084589e+01,1.060973733040930433e+01,1.000000000000000000e+01,-1.597829264007474706e+02
2.969999999999965112e+00,2.760166437699984954e+02,9.483349931299851221e+01,1.091472226104718857e+01,1.000000000000000000e+01,-1.582484881462152657e+02
2.972499999999965059e+00,2.762537046579210482e+02,9.479322592728370012e+01,1.120699053278565849e+01,1.000000000000000000e+01,-1.566706091825390956e+02
2.974999999999965006e+00,2.764906648665955231e+02,9.475296007704783108e+01,1.148706516078060247e+01,1.000000000000000000e+01,-1.550511084398210357e+02
2.977499999999964952e+00,2.767275244150096682e+02,9.471270203523711473e+01,1.175544829014246595e+01,1.000000000000000000e+01,-1.533917316870179377e+02
2.979999999999964899e+00,2.769642833228457448e+02,9.467245209521055926e+01,1.201262106342468705e+01,1.000000000000000000e+01,-1.516941546114808546e+02
2.982499999999964846e+00,2.772009416105306627e+02,9.463221057021050342e+01,1.225904378337635592e+01,1.000000000000000000e+01,-1.499599856890018543e+02
2.984999999999964793e+00,2.774374992992856050e+02,9.459197779268629347e+01,1.249515852120943471e+01,1.000000000000000000e+01,-1.481907688957332141e+02
2.987499999999964739e+00,2.776739564111733216e+02,9.455175411338012736e+01,1.272138829536131155e+01,1.000000000000000000e+01,-1.463879864111707718e+02
2.989999999999964686e+00,2.779103129691434901e+02,9.451153990002846683e+01,1.293813903815486377e+01,1.000000000000000000e+01,-1.445530609986466288e+02
2.992499999999964633e+00,2.781465689970744961e+02,9.447133553626024138e+01,1.314580018253240645e+01,1.000000000000000000e+01,-1.426873584967082706e+02
2.994999999999964579e+00,2.783827245198122569e+02,9.443114142034940528e+01,1.334474425889882454e+01,1.000000000000000000e+01,-1.407921899945724817e+02
2.997499999999964526e+00,2.786187795632064308e+02,9.439095796466071420e+01,1.353532830605836423e+01,1.000000000000000000e+01,-1.388688139873518423e+02
2.999999999999964473e+00,2.788547341541453761e+02,9.435078559414479571e+01,1.371789485035709966e+01,1.000000000000000000e+01,-1.369184383884452529e+02
3.002499999999964420e+00,2.790905883205864484e+02,9.431062474481740310e+01,1.389277218784377865e+01,1.000000000000000000e+01,-1.349422225178431347e+02
3.004999999999964366e+00,2.793263420915824895e+02,9.427047586224902886e+01,1.406027452240941500e+01,1.000000000000000000e+01,-1.329412789458588691e+02
3.007499999999964313e+00,2.795619954973057020e+02,9.423033940045151269e+01,1.422070354187157371e+01,1.000000000000000000e+01,-1.309166751701841633e+02
3.009999999999964260e+00,2.797975485690676578e+02,9.419021582038176632e+01,1.437434820364802057e+01,1.000000000000000000e+01,-1.288694353291566017e+02
3.012499999999964206e+00,2.800330013393352715e+02,9.415010558778524796e+01,1.452148590210281220e+01,1.000000000000000000e+01,-1.268005418557816455e+02
3.014999999999964153e+00,2.802683538417423961e+02,9.411000917185411652e+01,1.466238238061883159e+01,1.000000000000000000e+01,-1.247109368733910486e+02
3.017499999999964100e+00,2.805036061110972128e+02,9.406992704374289360e+01,1.479729258639271094e+01,1.000000000000000000e+01,-1.226015238057332795e+02
3.019999999999964047e+00,2.807387581833862669e+02,9.402985967505908604e+01,1.492646087132996691e+01,1.000000000000000000e+01,-1.204731686020305972e+02
3.022499999999963993e+00,2.809738100957751499e+02,9.398980753606109317e+01,1.505012148417580065e+01,1.000000000000000000e+01,-1.183267011767870684e+02
3.024999999999963940e+00,2.812087618866037815e+02,9.394977109429673590e+01,1.516849830297955570e+01,1.000000000000000000e+01,-1.161629166656103251e+02
3.027499999999963887e+00,2.814436135953790767e+02,9.390975081321089135e+01,1.528180626785462159e+01,1.000000000000000000e+01,-1.139825766626963457e+02
3.029999999999963833e+00,2.816783652627633501e+02,9.386974715028591731e+01,1.539025244492326827e+01,1.000000000000000000e+01,-1.117864104459980155e+02
3.032499999999963780e+00,2.819130169305589106e+02,9.382976055515295855e+01,1.549403400992804158e+01,1.000000000000000000e+01,-1.095751160479001101e+02
3.034999999999963727e+00,2.821475686416872009e+02,9.378979146854162252e+01,1.559334209917627767e+01,1.000000000000000000e+01,-1.073493614814559294e+02
3.037499999999963674e+00,2.823820204401661158e+02,9.374984032074593188e+01,1.568835728012968111e+01,1.000000000000000000e+01,-1.051097855586142913e+02
3.039999999999963620e+00,2.826163723710828890e+02,9.370990752997961692e+01,1.577925516347085377e+01,1.000000000000000000e+01,-1.028569993041359822e+02
3.042499999999963567e+00,2.828506244805627148e+02,9.366999350093000487e+01,1.586620313357055601e+01,1.000000000000000000e+01,-1.005915866664864495e+02
3.044999999999963514e+00,2.830847768157347559e+02,9.363009862389019133e+01,1.594936164130677092e+01,1.000000000000000000e+01,-9.831410566499370418e+01
3.047499999999963460e+00,2.833188294246953092e+02,9.359022327308785805e+01,1.602888408924893326e+01,1.000000000000000000e+01,-9.602508925350998936e+01
3.049999999999963407e+00,2.835527823564664800e+02,9.355036780539165875e+01,1.610491872264823954e+01,1.000000000000000000e+01,-9.372504646239944748e+01
3.052499999999963354e+00,2.837866356609527543e+02,9.351053255907692119e+01,1.617760758156687828e+01,1.000000000000000000e+01,-9.141446310552443322e+01
3.054999999999963300e+00,2.840203893888928519e+02,9.347071785305021763e+01,1.624708599212520710e+01,1.000000000000000000e+01,-8.909380284237333569e+01
3.057499999999963247e+00,2.842540435918120920e+02,9.343092398555562283e+01,1.631348443141822457e+01,1.000000000000000000e+01,-8.676350798275400678e+01
3.059999999999963194e+00,2.844875983219689033e+02,9.339115123338376634e+01,1.637692850806692135e+01,1.000000000000000000e+01,-8.442400048855365924e+01
3.062499999999963141e+00,2.847210536323014480e+02,9.335139985110832583e+01,1.643753799083539491e+01,1.000000000000000000e+01,-8.207568265152490028e+01
3.064999999999963087e+00,2.849544095763716314e+02,9.331167007010343184e+01,1.649542808392777005e+01,1.000000000000000000e+01,-7.971893804700734165e+01
3.067499999999963034e+00,2.851876662083061547e+02,9.327196209786497150e+01,1.655070902854371440e+01,1.000000000000000000e+01,-7.735413248290950605e+01
3.069999999999962981e+00,2.854208235827368298e+02,9.323227611734957065e+01,1.660348701478184807e+01,1.000000000000000000e+01,-7.498161461566773767e+01
3.072499999999962927e+00,2.856538817547389613e+02,9.319261228672580444e+01,1.665386394826033722e+01,1.000000000000000000e+01,-7.260171690112400711e+01
3.074999999999962874e+00,2.858868407797688747e+02,9.315297073888240220e+01,1.670193741800473575e+01,1.000000000000000000e+01,-7.021475627609376602e+01
3.077499999999962821e+00,2.861197007136006505e+02,9.311335158055108252e+01,1.674780059758596806e+01,1.000000000000000000e+01,-6.782103497476528275e+01
3.079999999999962768e+00,2.863524616122604129e+02,9.307375489210303954e+01,1.679154399997832314e+01,1.000000000000000000e+01,-6.542084143194965407e+01
3.082499999999962714e+00,2.865851235319598800e+02,9.303418072731703603e+01,1.683325374443900913e+01,1.000000000000000000e+01,-6.301445078217808771e+01
3.084999999999962661e+00,2.868176865290305955e+02,9.299462911343616156e+01,1.687301212933357775e+01,1.000000000000000000e+01,-6.060212574187045931e+01
3.087499999999962608e+00,2.870501506598566834e+02,9.295510005061905190e+01,1.691089980396991876e+01,1.000000000000000000e+01,-5.818411726557353347e+01
3.089999999999962554e+00,2.872825159808073181e+02,9.291559351195679994e+01,1.694699244580599284e+01,1.000000000000000000e+01,-5.576066520303491103e+01
3.092499999999962501e+00,2.875147825481691939e+02,9.287610944373224697e+01,1.698136237325030962e+01,1.000000000000000000e+01,-5.333199909304121888e+01
3.094999999999962448e+00,2.877469504180796775e+02,9.283664776545650454e+01,1.701408094951210614e+01,1.000000000000000000e+01,-5.089833875914202821e+01
3.097499999999962395e+00,2.879790196464596193e+02,9.279720837017934798e+01,1.704521529891215081e+01,1.000000000000000000e+01,-4.845989472424973599e+01
3.099999999999962341e+00,2.882109902889475848e+02,9.275779112460809017e+01,1.707483004395406567e+01,1.000000000000000000e+01,-4.601686920688853633e+01
3.102499999999962288e+00,2.884428624008342013e+02,9.271839586938062894e+01,1.710298743528850807e+01,1.000000000000000000e+01,-4.356945631693138665e+01
3.104999999999962235e+00,2.886746360369969011e+02,9.267902241978465838e+01,1.712974616889604462e+01,9.619981257692382215e+00,-4.111784285613352097e+01
3.107499999999962181e+00,2.889063112518373373e+02,9.263967056618180607e+01,1.713958299920086503e+01,9.619981257692382215e+00,-3.866271245664823653e+01
3.109999999999962128e+00,2.891378880992190261e+02,9.260034007485054985e+01,1.714875794330457737e+01,9.619981257692382215e+00,-3.620594760556196690e+01
3.112499999999962075e+00,2.893693666324077185e+02,9.256103068821587954e+01,1.715729849577935440e+01,9.619981257692382215e+00,-3.374762801244587251e+01
3.114999999999962021e+00,2.896007469040118849e+02,9.252174212570773193e+01,1.716523193375093825e+01,9.619981257692382215e+00,-3.128783144895992052e+01
3.117499999999961968e+00,2.898320289659258719e+02,9.248247408479369369e+01,1.717258257911843700e+01,9.619981257692382215e+00,-2.882663405831647907e+01
3.119999999999961915e+00,2.900632128692755600e+02,9.244322624184199810e+01,1.717937555282044926e+01,9.619981257692382215e+00,-2.636411072457313765e+01
3.122499999999961862e+00,2.902942986643661243e+02,9.240399825334893080e+01,1.718563440233748096e+01,9.619981257692382215e+00,-2.390033505626333010e+01
3.124999999999961808e+00,2.905252864006331492e+02,9.236478975706114625e+01,1.719138162891723454e+01,9.619981257692382215e+00,-2.143537959342276977e+01
3.127499999999961755e+00,2.907561761265961877e+02,9.232560037299037958e+01,1.719663808586081544e+01,-3.091060914669444770e+00,-1.896931611965718290e+01
3.129999999999961702e+00,2.909869678898151051e+02,9.228642970459596029e+01,1.667838769518506936e+01,-3.091060914669444770e+00,-1.651913455291003530e+01
3.132499999999961648e+00,2.912176617368496068e+02,9.224727734025735515e+01,1.618055625435490796e+01,-3.091060914669444770e+00,-1.414232010809443452e+01
3.134999999999961595e+00,2.914482577132221763e+02,9.220814285479285388e+01,1.570232980919434773e+01,-3.091060914669444770e+00,-1.183599864673480617e+01
3.137499999999961542e+00,2.916787558633851631e+02,9.216902581157023633e+01,1.524292659967845331e+01,-3.091060914669444770e+00,-9.597411008527370058e+00
3.139999999999961489e+00,2.919091562306937249e+02,9.212992576483880214e+01,1.480159696767375799e+01,-3.091060914669444770e+00,-7.423908117253482430e+00
3.142499999999961435e+00,2.921394588573841702e+02,9.209084226200248224e+01,1.437762128295188724e+01,-3.091060914669444770e+00,-5.312946202017736930e+00
3.144999999999961382e+00,2.923696637845580995e+02,9.205177484554526757e+01,1.397030930729578913e+01,-3.091060914669444770e+00,-3.262082356799737237e+00
3.147499999999961329e+00,2.925997710521710360e+02,9.201272305479201918e+01,1.357899743732248510e+01,-3.091060914669444770e+00,-1.268970333459935373e+00
3.149999999999961275e+00,2.928297806990257186e+02,9.197368642767149538e+01,1.320304971885098055e+01,-6.337137525461470133e+00,6.686433669436570026e-01
3.152499999999961222e+00,2.930596927627692594e+02,9.193466450225380981e+01,1.270928359916562478e+01,-1.000000000000000000e+01,2.548632153353977081e+00
3.154999999999961169e+00,2.932895072798945648e+02,9.189565681809555997e+01,1.208650973191689815e+01,-1.000000000000000000e+01,4.353708882656502688e+00
3.157499999999961116e+00,2.935192242857447695e+02,9.185666291804815842e+01,1.148829833491093666e+01,-1.000000000000000000e+01,6.070312778387807917e+00
3.159999999999961062e+00,2.937488438145226155e+02,9.181768235006707357e+01,1.091367416322957773e+01,-1.000000000000000000e+01,7.701917235053474364e+00
3.162499999999961009e+00,2.939783658993040945e+02,9.177871466851742355e+01,1.036170013328976758e+01,-1.000000000000000000e+01,9.251859656342499960e+00
3.164999999999960956e+00,2.942077905720551030e+02,9.173975943525225318e+01,9.831477132761381910e+00,-1.000000000000000000e+01,1.072334672431100877e+01
3.167499999999960902e+00,2.944371178636506556e+02,9.170081622042022218e+01,9.322142269841936724e+00,-1.000000000000000000e+01,1.211945943752413335e+01
3.169999999999960849e+00,2.946663478038960875e+02,9.166188460315913744e+01,8.832867018152564142e+00,-1.000000000000000000e+01,1.344315797788694411e+01
3.172499999999960796e+00,2.948954804215499053e+02,9.162296417218855993e+01,8.362855991471407791e+00,1.000000000000000000e+01,1.469728636500126839e+01
3.174999999999960743e+00,2.951245157443479457e+02,9.158405452637565247e+01,8.720527749544082496e+00,1.000000000000000000e+01,1.591077780749627202e+01
3.177499999999960689e+00,2.953534537990294666e+02,9.154515527548356602e+01,9.063923709024116704e+00,1.000000000000000000e+01,1.717515613734571289e+01
3.179999999999960636e+00,2.955822946113635226e+02,9.150626603796197855e+01,9.393610350455965374e+00,1.000000000000000000e+01,1.848838801061650017e+01
3.182499999999960583e+00,2.958110382061702239e+02,9.146738644117402828e+01,9.710130656405919325e+00,1.000000000000000000e+01,1.984851962258907676e+01
3.184999999999960529e+00,2.960396846073431902e+02,9.142851612218794344e+01,1.001400563771952434e+01,1.000000000000000000e+01,2.125367348201681139e+01
3.187499999999960476e+00,2.962682338378746181e+02,9.138965472864028072e+01,1.030573683354348979e+01,1.000000000000000000e+01,2.270204530440760493e+01
3.189999999999960423e+00,2.964966859198819975e+02,9.135080191970310182e+01,1.058580444918419161e+01,1.000000000000000000e+01,2.419190107565426473e+01
3.192499999999960369e+00,2.967250408746376138e+02,9.131195736717401701e+01,1.085466977477388539e+01,1.000000000000000000e+01,2.572157422356572454e+01
3.194999999999960316e+00,2.969532987226007208e+02,9.127312075634748112e+01,1.111277593049449663e+01,1.000000000000000000e+01,2.728946291573429761e+01
3.197499999999960263e+00,2.971814594834517038e+02,9.123429178703806031e+01,1.136054803773139810e+01,-1.000000000000000000e+01,2.889402750886820570e+01
3.199999999999960210e+00,2.974095231761291416e+02,9.119547017447055737e+01,1.079634969964306990e+01,-1.000000000000000000e+01,3.050781680103012050e+01
3.202499999999960156e+00,2.976374898188685734e+02,9.115665565020159988e+01,1.025424218256621423e+01,-1.000000000000000000e+01,3.204129484899826963e+01
3.204999999999960103e+00,2.978653594292439379e+02,9.111784796234206851e+01,9.733354015462902353e+00,-1.000000000000000000e+01,3.349760423010246768e+01
3.207499999999960050e+00,2.980931320242087281e+02,9.107904687486643525e+01,9.232848090583249956e+00,-1.000000000000000000e+01,3.487976447066080965e+01
3.209999999999959996e+00,2.983208076201350991e+02,9.104025216698425993e+01,8.751920794101243573e+00,-1.000000000000000000e+01,3.619067675914403281e+01
3.212499999999959943e+00,2.985483862328516125e+02,9.100146363237900005e+01,8.289800096866729362e+00,-1.000000000000000000e+01,3.743312840387060447e+01
3.214999999999959890e+00,2.987758678776789907e+02,9.096268107854139373e+01,7.845744878910684506e+00,-1.000000000000000000e+01,3.860979724516619882e+01
3.217499999999959837e+00,2.990032525694643937e+02,9.092390432627475150e+01,7.419043014530607216e+00,-1.000000000000000000e+01,3.972325583212413136e+01
3.219999999999959783e+00,2.992305403226142744e+02,9.088513320919824423e+01,7.009012024870678204e+00,1.000000000000000000e+01,4.077597553827746424e+01
3.222499999999959730e+00,2.994577311511263815e+02,9.084636757303128718e+01,7.410572259174371013e+00,1.000000000000000000e+01,4.179608974746567185e+01
3.224999999999959677e+00,2.996848250686189203e+02,9.080760727446389069e+01,7.796270546640018395e+00,1.000000000000000000e+01,4.287327356332505701e+01
3.227499999999959623e+00,2.999118220883589174e+02,9.076885218557538337e+01,8.166729709422988037e+00,1.000000000000000000e+01,4.400526335366370745e+01
3.229999999999959570e+00,3.001387222233034322e+02,9.073010219566199908e+01,8.522549212164220123e+00,1.000000000000000000e+01,4.518988355732899720e+01
3.232499999999959517e+00,3.003655254861428148e+02,9.069135721227947045e+01,8.864303463169331820e+00,1.000000000000000000e+01,4.642504326040857876e+01
3.234999999999959464e+00,3.005922318893468628e+02,9.065261716190087782e+01,9.192544405323964440e+00,1.000000000000000000e+01,4.770873283298326584e+01
3.237499999999959410e+00,3.008188414452125699e+02,9.061388199058248460e+01,9.507802419573739172e+00,1.000000000000000000e+01,4.903902072763107611e+01
3.239999999999959357e+00,3.010453541659131815e+02,9.057515166443020860e+01,9.810586287346547252e+00,1.000000000000000000e+01,5.041405057644396948e+01
3.242499999999959304e+00,3.012717700635489564e+02,9.053642617009755611e+01,1.010138533594846066e+01,1.000000000000000000e+01,5.183203816972692124e+01
3.244999999999959250e+00,3.014980891501982114e+02,9.049770551490510684e+01,1.038066877890076611e+01,-1.000000000000000000e+01,5.329126874595950625e+01
3.247499999999959197e+00,3.017243114379696749e+02,9.045898972745354172e+01,9.860495433086402528e+00,-1.000000000000000000e+01,5.476457569759214294e+01
3.249999999999959144e+00,3.019504369390562601e+02,9.042027885875654647e+01,9.360513424390497050e+00,-1.000000000000000000e+01,5.616380266432602753e+01
3.252499999999959091e+00,3.021764656657886690e+02,9.038157297181319905e+01,8.879932047429438313e+00,-1.000000000000000000e+01,5.749183343430949833e+01
3.254999999999959037e+00,3.024023976306601185e+02,9.034287213819972351e+01,8.417990505185821704e+00,-1.000000000000000000e+01,5.875143833293085294e+01
3.257499999999958984e+00,3.026282328463464069e+02,9.030417643538298478e+01,7.973959999977340729e+00,-1.000000000000000000e+01,5.994527850540997349e+01
3.259999999999958931e+00,3.028539713257201242e+02,9.026548594588092556e+01,7.547139549139106229e+00,-1.000000000000000000e+01,6.107591052289508582e+01
3.262499999999958877e+00,3.030796130818628171e+02,9.022680075636309027e+01,7.136854538298923245e+00,-1.000000000000000000e+01,6.214579026832577568e+01
3.264999999999958824e+00,3.033051581280745950e+02,9.018812095660246086e+01,6.742459481935546783e+00,-1.000000000000000000e+01,6.315727684669653996e+01
3.267499999999958771e+00,3.035306064778814630e+02,9.014944663864631025e+01,6.363332872378602012e+00,1.000000000000000000e+01,6.411263670472932574e+01
3.269999999999958717e+00,3.037559581450406654e+02,9.011077789611019284e+01,6.780844073368324842e+00,1.000000000000000000e+01,6.503935063114596460e+01
3.272499999999958664e+00,3.039812131435430729e+02,9.007211482211602060e+01,7.182011155427418636e+00,1.000000000000000000e+01,6.602535946199290606e+01
3.274999999999958611e+00,3.042063714876157405e+02,9.003345752359203402e+01,7.567470325011491639e+00,1.000000000000000000e+01,6.706833188034941884e+01
3.277499999999958558e+00,3.044314331917627783e+02,8.999480612463769091e+01,7.937833814553961531e+00,1.000000000000000000e+01,6.816602687673714911e+01
3.279999999999958504e+00,3.046563982708094613e+02,8.995616076864916977e+01,8.293688654643093017e+00,1.000000000000000000e+01,6.931629031977539057e+01
3.282499999999958451e+00,3.048812667399503766e+02,8.991752161828033252e+01,8.635600139913700346e+00,1.000000000000000000e+01,7.051705161837367086e+01
3.284999999999958398e+00,3.051060386147980239e+02,8.987888885525546812e+01,8.964110218289219389e+00,1.000000000000000000e+01,7.176632064512308773e+01
3.287499999999958344e+00,3.053307139114293136e+02,8.984026267994825332e+01,9.279739633998900672e+00,1.000000000000000000e+01,7.306218458425502149e+01
3.289999999999958291e+00,3.055552926464328607e+02,8.980164331087887319e+01,9.582988517068720569e+00,1.000000000000000000e+01,7.440280496380027841e+01
3.292499999999958238e+00,3.057797748369537771e+02,8.976303098489546528e+01,9.874338769879770439e+00,-1.000000000000000000e+01,7.578641495950536466e+01
3.294999999999958185e+00,3.060041605007394310e+02,8.972442595639186891e+01,9.379335328761069235e+00,-1.000000000000000000e+01,7.718625113494678658e+01
3.297499999999958131e+00,3.062284496561846368e+02,8.968582849896402820e+01,8.903361362718699823e+00,-1.000000000000000000e+01,7.851564319522252333e+01
3.299999999999958078e+00,3.064526423223738902e+02,8.964723888609076141e+01,8.445676672375084237e+00,-1.000000000000000000e+01,7.977731023897705143e+01
3.302499999999958025e+00,3.066767385190722734e+02,8.960865738531904867e+01,8.005571617786646499e+00,-1.000000000000000000e+01,8.097386434967475566e+01
3.304999999999957971e+00,3.069007382667086290e+02,8.957008425506379012e+01,7.582362668353732182e+00,-1.000000000000000000e+01,8.210781505596848717e+01
3.307499999999957918e+00,3.071246415863529933e+02,8.953151974451184003e+01,7.175394318272751981e+00,-1.000000000000000000e+01,8.318157332239618995e+01
3.309999999999957865e+00,3.073484484996925516e+02,8.949296409285523168e+01,6.784036745951055103e+00,-1.000000000000000000e+01,8.419745550993719974e+01
3.312499999999957812e+00,3.075721590290067979e+02,8.945441752892286047e+01,6.407684604567834619e+00,-1.000000000000000000e+01,8.515768730206001180e+01
3.314999999999957758e+00,3.077957731971413864e+02,8.941588027111519921e+01,6.045756292672042953e+00,1.000000000000000000e+01,8.606440730939945638e+01
3.317499999999957705e+00,3.080192910274819837e+02,8.937735252732842639e+01,6.466377154957452689e+00,1.000000000000000000e+01,8.694452808787178810e+01
3.319999999999957652e+00,3.082427125439264728e+02,8.933883449270211941e+01,6.870675876695440110e+00,1.000000000000000000e+01,8.788436500720411004e+01
3.322499999999957598e+00,3.084660377708589181e+02,8.930032637055616362e+01,7.259283227074667444e+00,1.000000000000000000e+01,8.888159448723301637e+01
3.324999999999957545e+00,3.086892667331790108e+02,8.926182837717789198e+01,7.632805314695545462e+00,1.000000000000000000e+01,8.993398271856511883e+01
3.327499999999957492e+00,3.089123994563362885e+02,8.922334074449886998e+01,7.991823900725104401e+00,1.000000000000000000e+01,9.103938228746531536e+01
3.329999999999957438e+00,3.091354359663686182e+02,8.918486371924934986e+01,8.336898182541156999e+00,1.000000000000000000e+01,9.219572882849317352e+01
3.332499999999957385e+00,3.093583762899386329e+02,8.914639756197524889e+01,8.668565432731485387e+00,1.000000000000000000e+01,9.340103786298243449e+01
3.334999999999957332e+00,3.095812204543680650e+02,8.910794254632442346e+01,8.987342590503043738e+00,1.000000000000000000e+01,9.465340184167149573e+01
3.337499999999957279e+00,3.098039684876700335e+02,8.906949895820159213e+01,9.293726054811655146e+00,1.000000000000000000e+01,9.595098737404680378e+01
3.339999999999957225e+00,3.100266204185789434e+02,8.903106709509569328e+01,9.588192997439278997e+00,-1.000000000000000000e+01,9.729203235983453624e+01
3.342499999999957172e+00,3.102491762765794192e+02,8.899264726535861314e+01,9.109302455679838317e+00,-1.000000000000000000e+01,9.865021183468574861e+01
3.344999999999957119e+00,3.104716360919342719e+02,8.895423978957049371e+01,8.648636354494250611e+00,-1.000000000000000000e+01,9.994032397939292878e+01
3.347499999999957065e+00,3.106939998957087141e+02,8.891584497743588145e+01,8.205493312396731298e+00,-1.000000000000000000e+01,1.011649673668270992e+02
3.349999999999957012e+00,3.109162677197329003e+02,8.887746312272287241e+01,7.779198595381512149e+00,-1.000000000000000000e+01,1.023266392111845136e+02
3.352499999999956959e+00,3.111384395965607723e+02,8.883909449962018812e+01,7.369104235174783746e+00,-1.000000000000000000e+01,1.034277394234844110e+02
3.354999999999956906e+00,3.113605155594204916e+02,8.880073936347187669e+01,6.974587820519317027e+00,-1.000000000000000000e+01,1.044705746287596639e+02
3.357499999999956852e+00,3.115824956421683396e+02,8.876239795121587406e+01,6.595050424890888330e+00,-1.000000000000000000e+01,1.054573618622092113e+02
3.359999999999956799e+00,3.118043798792424468e+02,8.872407048182473943e+01,6.229917689649746571e+00,-1.000000000000000000e+01,1.063902322578883286e+02
3.362499999999956746e+00,3.120261683056186257e+02,8.868575715699105899e+01,5.878636306166833414e+00,1.000000000000000000e+01,1.072712346477935910e+02
3.364999999999956692e+00,3.122478609567668855e+02,8.864745816158358593e+01,6.296608114815937185e+00,1.000000000000000000e+01,1.081267743304916564e+02
3.367499999999956639e+00,3.124694578686086857e+02,8.860917366158567177e+01,6.698506087061799619e+00,1.000000000000000000e+01,1.090416610410495650e+02
3.369999999999956586e+00,3.126909590774757817e+02,8.857090382617604973e+01,7.084945922713941968e+00,1.000000000000000000e+01,1.100136121343575013e+02
3.372499999999956533e+00,3.129123646201271072e+02,8.853264883266710683e+01,7.456518347201348540e+00,1.000000000000000000e+01,1.110404328419503912e+02
3.374999999999956479e+00,3.131336745337712273e+02,8.849440886857884436e+01,7.813791750879534703e+00,1.000000000000000000e+01,1.121200126587797428e+02
3.377499999999956426e+00,3.133548888560908381e+02,8.845618413042420514e+01,8.157313935028026819e+00,1.000000000000000000e+01,1.132503224081526554e+02
3.379999999999956373e+00,3.135760076252648787e+02,8.841797482295662292e+01,8.487609657849583655e+00,1.000000000000000000e+01,1.144294112840459974e+02
3.382499999999956319e+00,3.137970308799883696e+02,8.837978115785480782e+01,8.805184116042301667e+00,1.000000000000000000e+01,1.156554036532025691e+02
3.384999999999956266e+00,3.140179586594891248e+02,8.834160335294488675e+01,9.110523059921030509e+00,1.000000000000000000e+01,1.169264963755756668e+02
3.387499999999956213e+00,3.142387910035427012e+02,8.830344163068367891e+01,9.404093232779182188e+00,-1.000000000000000000e+01,1.182409559942509674e+02
3.389999999999956160e+00,3.144595279524828584e+02,8.826529621700066741e+01,8.936901480832702305e+00,-1.000000000000000000e+01,1.195728909412051877e+02
3.392499999999956106e+00,3.146801695472113352e+02,8.822716734265839023e+01,8.487314400790932467e+00,-1.000000000000000000e+01,1.208384937670127357e+02
3.394999999999956053e+00,3.149007158292043300e+02,8.818905522308915579e+01,8.054661562816638920e+00,-1.000000000000000000e+01,1.220402664939503978e+02
3.397499999999956000e+00,3.151211668404650368e+02,8.815096005366899590e+01,7.638297831655486370e+00,-1.000000000000000000e+01,1.231806149313238734e+02
3.399999999999955946e+00,3.153415226234726561e+02,8.811288200840876073e+01,7.237603361751238751e+00,-1.000000000000000000e+01,1.242618525504975793e+02
3.402499999999955893e+00,3.155617832211294171e+02,8.807482124096125631e+01,6.851982286158162516e+00,-1.000000000000000000e+01,1.252862041409769347e+02
3.404999999999955840e+00,3.157819486767107833e+02,8.803677788529527959e+01,6.480860497208675852e+00,-1.000000000000000000e+01,1.262558095440045633e+02
3.407499999999955786e+00,3.160020190338159409e+02,8.799875205672290690e+01,6.123688270542249512e+00,-1.000000000000000000e+01,1.271727267245964015e+02
3.409999999999955733e+00,3.162219943363223251e+02,8.796074385308595822e+01,5.779935513865739338e+00,1.000000000000000000e+01,1.280389353784991613e+02
3.412499999999955680e+00,3.164418746283423047e+02,8.792275335526743163e+01,6.192806593954542471e+00,1.000000000000000000e+01,1.288803817218064580e+02
3.414999999999955627e+00,3.166616599541798678e+02,8.788478062635283550e+01,6.589946839583237015e+00,1.000000000000000000e+01,1.297804840970864291e+02
3.417499999999955573e+00,3.168813503582911721e+02,8.784682572832703329e+01,6.971951613783039292e+00,1.000000000000000000e+01,1.307370128919340857e+02
3.419999999999955520e+00,3.171009458852889225e+02,8.780888872548558766e+01,7.339395496083419346e+00,1.000000000000000000e+01,1.317478234931945451e+02
3.422499999999955467e+00,3.173204465799486798e+02,8.777096968564733004e+01,7.692830568632025745e+00,1.000000000000000000e+01,1.328108533650549532e+02
3.424999999999955413e+00,3.175398524872172175e+02,8.773306867899003691e+01,8.032787299642610179e+00,1.000000000000000000e+01,1.339241187528208457e+02
3.427499999999955360e+00,3.177591636522178078e+02,8.769518577687763639e+01,8.359776437747765243e+00,1.000000000000000000e+01,1.350857117338730404e+02
3.429999999999955307e+00,3.179783801202523250e+02,8.765732105084083514e+01,8.674288912643891791e+00,1.000000000000000000e+01,1.362937973040634176e+02
3.432499999999955254e+00,3.181975019368014159e+02,8.761947457129289774e+01,8.976796691753381907e+00,1.000000000000000000e+01,1.375466107376673790e+02
3.434999999999955200e+00,3.184165291475206345e+02,8.758164640661294698e+01,9.267753830477229116e+00,-1.000000000000000000e+01,1.388424546740690744e+02
3.437499999999955147e+00,3.186354617982349282e+02,8.754383662208007877e+01,8.810155261387919268e+00,-1.000000000000000000e+01,1.401558521257859411e+02
3.439999999999955094e+00,3.188542999349314186e+02,8.750604528038184071e+01,8.369644596864578290e+00,-1.000000000000000000e+01,1.414043108752910882e+02
3.442499999999955040e+00,3.190730436037491131e+02,8.746827242907386335e+01,7.945576960171019110e+00,-1.000000000000000000e+01,1.425902524274202960e+02
3.444999999999954987e+00,3.192916928509355898e+02,8.743051809808871155e+01,7.537332803513121959e+00,-1.000000000000000000e+01,1.437160066479193006e+02
3.447499999999954934e+00,3.195102477228027738e+02,8.739278229917483998e+01,7.144316383793090530e+00,-1.000000000000000000e+01,1.447838155508819682e+02
3.449999999999954881e+00,3.197287082656820303e+02,8.735506502729190004e+01,6.765953638989634200e+00,-1.000000000000000000e+01,1.457958367530335693e+02
3.452499999999954827e+00,3.199470745258828970e+02,8.731736626141324109e+01,6.401693712954839022e+00,-1.000000000000000000e+01,1.467541465871028379e+02
3.454999999999954774e+00,3.201653465496536910e+02,8.727968596541110458e+01,6.051006588441000922e+00,-1.000000000000000000e+01,1.476607434471187332e+02
3.457499999999954721e+00,3.203835243831441630e+02,8.724202408947540732e+01,5.713381725910472220e+00,1.000000000000000000e+01,1.485175507686084586e+02
3.459999999999954667e+00,3.206016080723719597e+02,8.720438057063395831e+01,6.120182261928508005e+00,1.000000000000000000e+01,1.493500898929650873e+02
3.462499999999954614e+00,3.208195976631895974e+02,8.716675533291414979e+01,6.511626767863368137e+00,1.000000000000000000e+01,1.502404721471034179e+02
3.464999999999954561e+00,3.210374932012547902e+02,8.712914829576034492e+01,6.888292067727894263e+00,1.000000000000000000e+01,1.511865225081284052e+02
3.467499999999954508e+00,3.212552947320221506e+02,8.709155937564182182e+01,7.250734748569304777e+00,1.000000000000000000e+01,1.521861481018018765e+02
3.469999999999954454e+00,3.214730023007363116e+02,8.705398848657893041e+01,7.599488065367865808e+00,1.000000000000000000e+01,1.532373353509568403e+02
3.472499999999954401e+00,3.216906159524252189e+02,8.701643553906298223e+01,7.935066362982725607e+00,1.000000000000000000e+01,1.543381465776922425e+02
3.474999999999954348e+00,3.219081357318907521e+02,8.697890043942625482e+01,8.257964315825850221e+00,1.000000000000000000e+01,1.554867173025835712e+02
3.477499999999954294e+00,3.221255616836981517e+02,8.694138308922923386e+01,8.568658236793147864e+00,1.000000000000000000e+01,1.566812534146733640e+02
3.479999999999954241e+00,3.223428938521636269e+02,8.690388338470339136e+01,8.867604979585074432e+00,1.000000000000000000e+01,1.579200283526095347e+02
3.482499999999954188e+00,3.225601322813407705e+02,8.686640121591753427e+01,9.155245466301968449e+00,-1.000000000000000000e+01,1.592013805752377209e+02
3.484999999999954134e+00,3.227772770150045858e+02,8.682893646644642160e+01,8.706332412282774769e+00,-1.000000000000000000e+01,1.605002312064498255e+02
3.487499999999954081e+00,3.229943280966356269e+02,8.679148901317775255e+01,8.274044891387760003e+00,-1.000000000000000000e+01,1.617353533360317215e+02
3.489999999999954028e+00,3.232112855694015821e+02,8.675405872224604309e+01,7.857762368530794461e+00,-1.000000000000000000e+01,1.629090997519258508e+02
3.492499999999953975e+00,3.234281494761288513e+02,8.671664544870139935e+01,7.456887230238431918e+00,-1.000000000000000000e+01,1.640237358959254834e+02
3.494999999999953921e+00,3.236449198592754897e+02,8.667924903708924944e+01,7.070844820575698186e+00,-1.000000000000000000e+01,1.650814429920094710e+02
3.497499999999953868e+00,3.238615967609050017e+02,8.664186932216169623e+01,6.699082059208253170e+00,-1.000000000000000000e+01,1.660843214512389920e+02
3.499999999999953815e+00,3.240781802226626382e+02,8.660450612985100349e+01,6.341066877077288666e+00,-1.000000000000000000e+01,1.670343937613306196e+02
3.502499999999953761e+00,3.242946702857537389e+02,8.656715927803176669e+01,5.996286602331790228e+00,-1.000000000000000000e+01,1.679336074392990383e+02
3.504999999999953708e+00,3.245110669909239505e+02,8.652982857735737809e+01,5.664248702413976488e+00,1.000000000000000000e+01,1.687838378639217467e+02
3.507499999999953655e+00,3.247273703784417194e+02,8.649251383195725396e+01,6.064582793120003146e+00,1.000000000000000000e+01,1.696101991128363693e+02
3.509999999999953602e+00,3.249435804880823753e+02,8.645521484010357938e+01,6.449942724772891545e+00,1.000000000000000000e+01,1.704935329019206733e+02
3.512499999999953548e+00,3.251596973591139772e+02,8.641793139559447923e+01,6.820886895562579433e+00,1.000000000000000000e+01,1.714317161755180621e+02
3.514999999999953495e+00,3.253757210302867406e+02,8.638066328802169380e+01,7.177952156469767253e+00,1.000000000000000000e+01,1.724227051886081767e+02
3.517499999999953442e+00,3.255916515398225215e+02,8.634341030268321049e+01,7.521654821557628878e+00,1.000000000000000000e+01,1.734645322733899775e+02
3.519999999999953388e+00,3.258074889254037885e+02,8.630617222048529413e+01,7.852493029179413497e+00,1.000000000000000000e+01,1.745553030061689981e+02
3.522499999999953335e+00,3.260232332241630502e+02,8.626894881800565429e+01,8.170944744774107704e+00,1.000000000000000000e+01,1.756931933802532910e+02
3.524999999999953282e+00,3.262388844726716002e+02,8.623173986739732300e+01,8.477470604553053235e+00,1.000000000000000000e+01,1.768764470142562857e+02
3.527499999999953229e+00,3.264544427069286598e+02,8.619454513634855175e+01,8.772513959652194160e+00,1.000000000000000000e+01,1.781033725166701913e+02
3.529999999999953175e+00,3.266699079623501234e+02,8.615736438814120390e+01,9.056501704171324718e+00,-1.000000000000000000e+01,1.793723410352612007e+02
3.532499999999953122e+00,3.268852802737576440e+02,8.612019738173813721e+01,8.615951630585518828e+00,-1.000000000000000000e+01,-1.793413335419829195e+02
3.534999999999953069e+00,3.271005596753677764e+02,8.608304387180125161e+01,8.191591170709955350e+00,-1.000000000000000000e+01,-1.781176189753524000e+02
3.537499999999953015e+00,3.273157462007815752e+02,8.604590360990064823e+01,7.782820677320152924e+00,-1.000000000000000000e+01,-1.769542222066843067e+02
3.539999999999952962e+00,3.275308398829775456e+02,8.600877634528625038e+01,7.389063750403289887e+00,-1.000000000000000000e+01,-1.758489343050884486e+02
3.542499999999952909e+00,3.277458407543063004e+02,8.597166182564596681e+01,7.009764412975570735e+00,-1.000000000000000000e+01,-1.747996273967588650e+02
3.544999999999952855e+00,3.279607488464869789e+02,8.593455979754386931e+01,6.644388294909064463e+00,-1.000000000000000000e+01,-1.738042517470398138e+02
3.547499999999952802e+00,3.281755641906045184e+02,8.589747000685171940e+01,6.292420656242963872e+00,-1.000000000000000000e+01,-1.728608328167472905e+02
3.549999999999952749e+00,3.283902868171084037e+02,8.586039219921383392e+01,5.953365936155630145e+00,-1.000000000000000000e+01,-1.719674685797630218e+02
3.552499999999952696e+00,3.286049167558122122e+02,8.582332612046947418e+01,5.626747662458027932e+00,1.000000000000000000e+01,-1.711223268510769913e+02
3.554999999999952642e+00,3.288194540358942959e+02,8.578627151698177045e+01,6.020371751820170481e+00,1.000000000000000000e+01,-1.703006998458681664e+02
3.557499999999952589e+00,3.290338986858995440e+02,8.574922813614962536e+01,6.399401374432554412e+00,1.000000000000000000e+01,-1.694230256481035326e+02
3.559999999999952536e+00,3.292482507337414290e+02,8.571219572508839235e+01,6.764375625866964725e+00,1.000000000000000000e+01,-1.684913783588730496e+02
3.562499999999952482e+00,3.294625102067010971e+02,8.567517403059004266e+01,7.115813642664466698e+00,1.000000000000000000e+01,-1.675077558800842610e+02
3.564999999999952429e+00,3.296766771314264020e+02,8.563816279933776343e+01,7.454215006913500474e+00,1.000000000000000000e+01,-1.664740828179294567e+02
3.567499999999952376e+00,3.298907515339319616e+02,8.560116177832458106e+01,7.780060496888197896e+00,1.000000000000000000e+01,-1.653922133135594947e+02
3.569999999999952323e+00,3.301047334396002952e+02,8.556417071533743979e+01,8.093812837672235361e+00,1.000000000000000000e+01,-1.642639337382961457e+02
3.572499999999952269e+00,3.303186228731838696e+02,8.552718935936844957e+01,8.395917969545234172e+00,1.000000000000000000e+01,-1.630909652797462570e+02
3.574999999999952216e+00,3.305324198588085096e+02,8.549021746112605058e+01,8.686804463087700157e+00,-1.000000000000000000e+01,-1.618749664481436241e+02
3.577499999999952163e+00,3.307461244199780026e+02,8.545325477356811916e+01,8.264281570733395199e+00,1.000000000000000000e+01,-1.606403012630912883e+02
3.579999999999952109e+00,3.309597365795797828e+02,8.541630105226832370e+01,8.559144702864379894e+00,1.000000000000000000e+01,-1.594430233001813804e+02
3.582499999999952056e+00,3.311732563598923207e+02,8.537935605705625619e+01,8.843067944053743190e+00,1.000000000000000000e+01,-1.582037521796204089e+02
3.584999999999952003e+00,3.313866837825959237e+02,8.534241955160145210e+01,9.116454046446275328e+00,1.000000000000000000e+01,-1.569240479216950348e+02
3.587499999999951950e+00,3.316000188687824561e+02,8.530549130374879496e+01,9.379689752347070808e+00,1.000000000000000000e+01,-1.556054141017143593e+02
3.589999999999951896e+00,3.318132616389657414e+02,8.526857108599158153e+01,9.633147808708802273e+00,1.000000000000000000e+01,-1.542492999732877479e+02
3.592499999999951843e+00,3.320264121130937269e+02,8.523165867606742552e+01,9.877187248032157640e+00,1.000000000000000000e+01,-1.528571025111246229e+02
3.594999999999951790e+00,3.322394703105618419e+02,8.519475385740116735e+01,1.011215378673553644e+01,1.000000000000000000e+01,-1.514301683815571096e+02
3.597499999999951736e+00,3.324524362502274357e+02,8.515785641968865605e+01,1.033838020802743962e+01,1.000000000000000000e+01,-1.499697958303529504e+02
3.599999999999951683e+00,3.326653099504257511e+02,8.512096615945517897e+01,1.055618674781193000e+01,1.000000000000000000e+01,-1.484772364350170903e+02
3.602499999999951630e+00,3.328780914289875454e+02,8.508408288066614489e+01,1.076588212750275453e+01,1.000000000000000000e+01,-1.469536968971392525e+02
3.604999999999951577e+00,3.330907807032578489e+02,8.504720639520063230e+01,1.096776343928090292e+01,1.000000000000000000e+01,-1.454003406415314714e+02
3.607499999999951523e+00,3.333033777901159738e+02,8.501033652349981651e+01,1.116211671373936731e+01,1.000000000000000000e+01,-1.438182893600504997e+02
3.609999999999951470e+00,3.335158827059973987e+02,8.497347309498118761e+01,1.134921687329374151e+01,1.000000000000000000e+01,-1.422086246246064434e+02
3.612499999999951417e+00,3.337282954669163928e+02,8.493661594856398267e+01,1.152932945900086992e+01,1.000000000000000000e+01,-1.405723892376998947e+02
3.614999999999951363e+00,3.339406160884900032e+02,8.489976493321869100e+01,1.170270963280989562e+01,1.000000000000000000e+01,-1.389105886735090962e+02
3.617499999999951310e+00,3.341528445859635781e+02,8.486291990833539955e+01,1.186960397701999526e+01,1.000000000000000000e+01,-1.372241923134613728e+02
3.619999999999951257e+00,3.343649809742369712e+02,8.482608074422090283e+01,1.203024818361364900e+01,1.000000000000000000e+01,-1.355141347998742560e+02
3.622499999999951203e+00,3.345770252678921679e+02,8.478924732253851460e+01,1.218487107530300939e+01,1.000000000000000000e+01,-1.337813172032045372e+02
3.624999999999951150e+00,3.347889774812219343e+02,8.475241953672295381e+01,1.233369199461147936e+01,1.000000000000000000e+01,-1.320266081274333771e+02
3.627499999999951097e+00,3.350008376282592053e+02,8.471559729216045298e+01,1.247692160859152644e+01,1.000000000000000000e+01,-1.302508448823498100e+02
3.629999999999951044e+00,3.352126057228074387e+02,8.467878050666600132e+01,1.261476444919087925e+01,1.000000000000000000e+01,-1.284548345855621676e+02
3.632499999999950990e+00,3.354242817784717090e+02,8.464196911068196982e+01,1.274741636398128719e+01,1.000000000000000000e+01,-1.266393550447065621e+02
3.634999999999950937e+00,3.356358658086903688e+02,8.460516304756200157e+01,1.287506605312979424e+01,1.000000000000000000e+01,-1.248051557707558459e+02
3.637499999999950884e+00,3.358473578267676203e+02,8.456836227389162275e+01,1.299789535472055846e+01,1.000000000000000000e+01,-1.229529589903959845e+02
3.639999999999950830e+00,3.360587578459066549e+02,8.453156675967903766e+01,1.311607942925762949e+01,1.000000000000000000e+01,-1.210834604378513859e+02
3.642499999999950777e+00,3.362700658792433615e+02,8.449477648841977384e+01,1.322978697553220506e+01,1.000000000000000000e+01,-1.191973302389164218e+02
3.644999999999950724e+00,3.364812819398801480e+02,8.445799145728402380e+01,1.333918029977047404e+01,1.000000000000000000e+01,-1.172952137814143043e+02
3.647499999999950671e+00,3.366924060409199342e+02,8.442121167722994812e+01,1.344441569964397765e+01,1.000000000000000000e+01,-1.153777324627413350e+02
3.649999999999950617e+00,3.369034381955010531e+02,8.438443717307724512e+01,1.354564375623684214e+01,1.000000000000000000e+01,-1.134454844632518586e+02
3.652499999999950564e+00,3.371143784168316415e+02,8.434766798334781868e+01,1.364300998430574552e+01,1.000000000000000000e+01,-1.114990455328499763e+02
3.654999999999950511e+00,3.373252267182238597e+02,8.431090416018805911e+01,1.373665421098647776e+01,1.000000000000000000e+01,-1.095389695550615841e+02
3.657499999999950457e+00,3.375359831131279407e+02,8.427414576941376367e+01,1.382671041663925848e+01,1.000000000000000000e+01,-1.075657893934399141e+02
3.659999999999950404e+00,3.377466476151664097e+02,8.423739289043359690e+01,1.391330882489849863e+01,1.000000000000000000e+01,-1.055800175640887772e+02
3.662499999999950351e+00,3.379572202381680768e+02,8.420064561621805410e+01,1.399657438704822354e+01,1.000000000000000000e+01,-1.035821467712099064e+02
3.664999999999950298e+00,3.381677009962015745e+02,8.416390405276845854e+01,1.407662663635714573e+01,1.000000000000000000e+01,-1.015726506316685089e+02
3.667499999999950244e+00,3.383780899036080427e+02,8.412716831889859748e+01,1.415358240843752569e+01,1.000000000000000000e+01,-9.955198430126431219e+01
3.669999999999950191e+00,3.385883869750326767e+02,8.409043854630061787e+01,1.422755294320900354e+01,1.000000000000000000e+01,-9.752058503741127993e+01
3.672499999999950138e+00,3.387985922254571847e+02,8.405371487912417194e+01,1.429864551387709959e+01,1.000000000000000000e+01,-9.547887276787990629e+01
3.674999999999950084e+00,3.390087056702307677e+02,8.401699747362786752e+01,1.436696363362457340e+01,1.000000000000000000e+01,-9.342725082022931815e+01
3.677499999999950031e+00,3.392187273250997919e+02,8.398028649764957265e+01,1.443260830466763700e+01,1.000000000000000000e+01,-9.136610629493947044e+01
3.679999999999949978e+00,3.394286572062367782e+02,8.394358213035657457e+01,1.449567435411884908e+01,1.000000000000000000e+01,-8.929581063240735261e+01
3.682499999999949925e+00,3.396384953302681993e+02,8.390688456171814380e+01,1.455625470383218811e+01,1.000000000000000000e+01,-8.721672038594894616e+01
3.684999999999949871e+00,3.398482417143018210e+02,8.387019399215850513e+01,1.461443880918569072e+01,1.000000000000000000e+01,-8.512917763058794662e+01
3.687499999999949818e+00,3.400578963759519979e+02,8.383351063199174291e+01,1.467031259106142826e+01,1.000000000000000000e+01,-8.303351034289934773e+01
3.689999999999949765e+00,3.402674593333642861e+02,8.379683470079253027e+01,1.472395855281253318e+01,1.000000000000000000e+01,-8.093003320681748392e+01
3.692499999999949711e+00,3.404769306052384081e+02,8.376016642714630223e+01,1.477545697317597195e+01,1.000000000000000000e+01,-7.881904797564460807e+01
3.694999999999949658e+00,3.406863102108504222e+02,8.372350604798901941e+01,1.482488476459450588e+01,1.000000000000000000e+01,-7.670084398940787196e+01
3.697499999999949605e+00,3.408955981700731854e+02,8.368685380787890438e+01,1.487231615637689153e+01,1.000000000000000000e+01,-7.457569862483120460e+01
3.699999999999949551e+00,3.411047945033950555e+02,8.365020995840026785e+01,1.491782254916589601e+01,1.000000000000000000e+01,-7.244387789349863738e+01
3.702499999999949498e+00,3.413138992319375120e+02,8.361357475800815564e+01,1.496147256656785096e+01,1.000000000000000000e+01,-7.030563689510519509e+01
3.704999999999949445e+00,3.415229123774715845e+02,8.357694847109519287e+01,1.500333249824650750e+01,1.000000000000000000e+01,-6.816122029797796245e+01
3.707499999999949392e+00,3.417318339624322903e+02,8.354033136714369334e+01,1.504346679467416514e+01,1.000000000000000000e+01,-6.601086284406115112e+01
3.709999999999949338e+00,3.419406640099313108e+02,8.350372372027534595e+01,1.508193661641312744e+01,1.000000000000000000e+01,-6.385478978121881255e+01
3.712499999999949285e+00,3.421494025437679625e+02,8.346712580861510844e+01,1.511880154545784727e+01,1.000000000000000000e+01,-6.169321731185947044e+01
3.714999999999949232e+00,3.423580495884386892e+02,8.343053791339750092e+01,1.515411929038031147e+01,1.000000000000000000e+01,-5.952635301533536705e+01
3.717499999999949178e+00,3.425666051691449638e+02,8.339396031862118264e+01,1.518794429112395328e+01,1.000000000000000000e+01,-5.735439637238025767e+01
3.719999999999949125e+00,3.427750693117995979e+02,8.335739331031430766e+01,1.522033007795513981e+01,1.000000000000000000e+01,-5.517753917952695986e+01
3.722499999999949072e+00,3.429834420430310615e+02,8.332083717560986713e+01,1.525132848818353004e+01,1.000000000000000000e+01,-5.299596586873178694e+01
3.724999999999949019e+00,3.431917233901863256e+02,8.328429220204331784e+01,1.528098806780971586e+01,1.000000000000000000e+01,-5.080985402297248754e+01
3.727499999999948965e+00,3.433999133813309186e+02,8.324775867691923281e+01,1.530935722182246117e+01,1.000000000000000000e+01,-4.861937484503727802e+01
3.729999999999948912e+00,3.436080120452486426e+02,8.321123688657795014e+01,1.533648169294078656e+01,1.000000000000000000e+01,-4.642469331619579265e+01
3.732499999999948859e+00,3.438160194114381625e+02,8.317472711559740617e+01,1.536240613785308717e+01,1.000000000000000000e+01,-4.422596869030972755e+01
3.734999999999948805e+00,3.440239355101082879e+02,8.313822964612853639e+01,1.538717290353413425e+01,1.000000000000000000e+01,-4.202335490974449073e+01
3.737499999999948752e+00,3.442317603721718342e+02,8.310174475718669385e+01,1.541082381236420318e+01,1.000000000000000000e+01,-3.981700087999484339e+01
3.739999999999948699e+00,3.444394940292368688e+02,8.306527272369378068e+01,1.543339845685537348e+01,1.000000000000000000e+01,-3.760705079329790124e+01
3.742499999999948646e+00,3.446471365135964220e+02,8.302881381595821608e+01,1.545493489158385714e+01,1.000000000000000000e+01,-3.539364446675014619e+01
3.744999999999948592e+00,3.448546878582164368e+02,8.299236829907043500e+01,1.547547067638852702e+01,1.000000000000000000e+01,-3.317691772009243323e+01
3.747499999999948539e+00,3.450621480967222965e+02,8.295593643196924916e+01,1.549504157367319657e+01,1.000000000000000000e+01,-3.095700253686916881e+01
3.749999999999948486e+00,3.452695172633831362e+02,8.291951846653481084e+01,1.551368192971718862e+01,1.110216035009159441e-03,-2.873402741458624021e+01
3.752499999999948432e+00,3.454767953930933686e+02,8.288311464700700526e+01,1.520174404506619759e+01,1.110216035009159441e-03,-2.651879509321775075e+01
3.754999999999948379e+00,3.456839825213540394e+02,8.284672521001262169e+01,1.490065623390271909e+01,1.110216035009159441e-03,-2.434767652082519618e+01
3.757499999999948326e+00,3.458910786842517382e+02,8.281035037781326480e+01,1.461003236687464835e+01,1.110216035009159441e-03,-2.221914319762450063e+01
3.759999999999948272e+00,3.460980839184193201e+02,8.277399035641667524e+01,1.432949927078572649e+01,1.110216035009159441e-03,-2.013172207545934356e+01
3.762499999999948219e+00,3.463049982609951485e+02,8.273764533522144404e+01,1.405869851501593715e+01,1.110216035009159441e-03,-1.808399354164231809e+01
3.764999999999948166e+00,3.465118217495818840e+02,8.270131548706655167e+01,1.379728432962692963e+01,1.110216035009159441e-03,-1.607458909964095639e+01
3.767499999999948113e+00,3.467185544222048748e+02,8.266500096850823809e+01,1.354492346929353630e+01,1.110216035009159441e-03,-1.410218938200880601e+01
3.769999999999948059e+00,3.469251963172716842e+02,8.262870191995756386e+01,1.330129427988839730e+01,1.110216035009159441e-03,-1.216552224029782003e+01
3.772499999999948006e+00,3.471317474735317887e+02,8.259241846609440074e+01,1.306608701508960735e+01,-4.038955029443119238e-01,-1.026336094305638902e+01
3.774999999999947953e+00,3.473382079300377541e+02,8.255615071633999946e+01,1.282568578979208773e+01,-1.884909997286741579e+00,-8.394954126919154547e+00
3.777499999999947899e+00,3.475445777261070361e+02,8.251989876531590085e+01,1.254494443098136891e+01,-6.596754091966985811e+00,-6.562203501203135225e+00
3.779999999999947846e+00,3.477508569012855446e+02,8.248366269310369603e+01,1.211973012452804710e+01,-1.000000000000000000e+01,-4.774295588095443854e+00
3.782499999999947793e+00,3.479570454953110925e+02,8.244744256495374657e+01,1.159891945856311679e+01,-1.000000000000000000e+01,-3.050414254172166828e+00
3.784999999999947740e+00,3.481631435480758796e+02,8.241123842987535397e+01,1.109632355991124442e+01,-1.000000000000000000e+01,-1.400621702450125294e+00
3.787499999999947686e+00,3.483691510995848262e+02,8.237505031938198385e+01,1.061129903859395895e+01,-1.000000000000000000e+01,1.776555697811276757e-01
3.789999999999947633e+00,3.485750681899119172e+02,8.233887824781861298e+01,1.014322397498303552e+01,-1.000000000000000000e+01,1.686902190535223278e+00
3.792499999999947580e+00,3.487808948591572857e+02,8.230272221344645800e+01,9.691499980788597313e+00,-1.000000000000000000e+01,3.129516887749646425e+00
3.794999999999947526e+00,3.489866311474079907e+02,8.226658219953526441e+01,9.255549798472927137e+00,1.000000000000000000e+01,4.507815549471389183e+00
3.797499999999947473e+00,3.491922770947012964e+02,8.223045817548702985e+01,9.484099585991412340e+00,1.000000000000000000e+01,5.845091653500329443e+00
3.799999999999947420e+00,3.493978327409898839e+02,8.219435009714666762e+01,9.704457764035410605e+00,1.000000000000000000e+01,7.214978814024735954e+00
3.802499999999947367e+00,3.496032981261103032e+02,8.215825791408113332e+01,9.916913420251713518e+00,1.000000000000000000e+01,8.616308739426475682e+00
3.804999999999947313e+00,3.498086732897705815e+02,8.212218157147671604e+01,1.012174598061193365e+01,1.000000000000000000e+01,1.004795371974481810e+01
3.807499999999947260e+00,3.500139582715396500e+02,8.208612101058815824e+01,1.031922437851931029e+01,1.000000000000000000e+01,1.150882509933347819e+01
3.809999999999947207e+00,3.502191531108372828e+02,8.205007616844932272e+01,1.050960798596309864e+01,1.000000000000000000e+01,1.299787189131290255e+01
3.812499999999947153e+00,3.504242578469231830e+02,8.201404697745924466e+01,1.069314684134625004e+01,1.000000000000000000e+01,1.451407930518197276e+01
3.814999999999947100e+00,3.506292725188855570e+02,8.197803336512126293e+01,1.087008274195706825e+01,1.000000000000000000e+01,1.605646752348853923e+01
3.817499999999947047e+00,3.508341971656282681e+02,8.194203525371830210e+01,1.104064818936718417e+01,1.000000000000000000e+01,1.762409041006108623e+01
3.819999999999946994e+00,3.510390318258579327e+02,8.190605256010452706e+01,1.120506791777354749e+01,-1.000000000000000000e+01,1.921603425699391821e+01
3.822499999999946940e+00,3.512437765380701649e+02,8.187008519542507656e+01,1.071984216919328503e+01,-1.000000000000000000e+01,2.081053825532882939e+01
3.824999999999946887e+00,3.514484313405354214e+02,8.183413306525132214e+01,1.025146817636759877e+01,-1.000000000000000000e+01,2.233588682062810449e+01
3.827499999999946834e+00,3.516529962712838255e+02,8.179819606592255354e+01,9.799355367542665007e+00,-1.000000000000000000e+01,2.379447453414304547e+01
3.829999999999946780e+00,3.518574713680807804e+02,8.176227408445744516e+01,9.362933324682879643e+00,-1.000000000000000000e+01,2.518861369380720205e+01
3.832499999999946727e+00,3.520618566684040616e+02,8.172636699900525059e+01,8.941652750700370689e+00,-1.000000000000000000e+01,2.652053699945558307e+01
3.834999999999946674e+00,3.522661522094219890e+02,8.169047467973511800e+01,8.534983158565088601e+00,-1.000000000000000000e+01,2.779240018600306783e+01
3.837499999999946620e+00,3.524703580279742141e+02,8.165459698966849089e+01,8.142413284054713429e+00,-1.000000000000000000e+01,2.900628456907237052e+01
3.839999999999946567e+00,3.526744741605539843e+02,8.161873378542649959e+01,7.763450233884119811e+00,-1.000000000000000000e+01,3.016419951793954723e+01
3.842499999999946514e+00,3.528785006432927958e+02,8.158288491800561815e+01,7.397618011388379600e+00,1.000000000000000000e+01,3.126808486316181046e+01
3.844999999999946461e+00,3.530824375119465799e+02,8.154705023336464365e+01,7.683167700929057098e+00,1.000000000000000000e+01,3.234052356774466119e+01
3.847499999999946407e+00,3.532862848018834825e+02,8.151122957300349015e+01,7.958639180913774425e+00,1.000000000000000000e+01,3.345361245580125598e+01
3.849999999999946354e+00,3.534900425480734611e+02,8.147542277580575387e+01,8.224385438849981966e+00,1.000000000000000000e+01,3.460590980169510544e+01
3.852499999999946301e+00,3.536937107850824304e+02,8.143962967839581779e+01,8.480746426831787588e+00,1.000000000000000000e+01,3.579602390133292289e+01
3.854999999999946247e+00,3.538972895470666344e+02,8.140385011520393732e+01,8.728050396744373884e+00,1.000000000000000000e+01,3.702261128581490368e+01
3.857499999999946194e+00,3.541007788677670760e+02,8.136808391836881071e+01,8.966613805602355214e+00,1.000000000000000000e+01,3.828437501106197516e+01
3.859999999999946141e+00,3.543041787805038325e+02,8.133233091765171707e+01,9.196742602788214427e+00,1.000000000000000000e+01,3.958006300420553458e+01
3.862499999999946088e+00,3.545074893181700304e+02,8.129659094039273270e+01,9.418730619247181579e+00,1.000000000000000000e+01,4.090846648062773028e+01
3.864999999999946034e+00,3.547107105132256493e+02,8.126086381149202964e+01,9.632862453499557276e+00,1.000000000000000000e+01,4.226841843258233666e+01
3.867499999999945981e+00,3.549138423976916670e+02,8.122514935341399678e+01,9.839412250623849943e+00,-1.000000000000000000e+01,4.365879215777289346e+01
3.869999999999945928e+00,3.551168850031438069e+02,8.118944738626845492e+01,9.405514237873974892e+00,-1.000000000000000000e+01,4.505798071896079904e+01
3.872499999999945874e+00,3.553198383607067399e+02,8.115375772772733853e+01,8.986569382561263808e+00,-1.000000000000000000e+01,4.639529636456638428e+01
3.874999999999945821e+00,3.555227025010480020e+02,8.111808019342332443e+01,8.582058555923822496e+00,-1.000000000000000000e+01,4.767287499018331687e+01
3.877499999999945768e+00,3.557254774543731060e+02,8.108241459747830504e+01,8.191479991329408961e+00,-1.000000000000000000e+01,4.889277861548944770e+01
3.879999999999945715e+00,3.559281632504223580e+02,8.104676075298229421e+01,7.814349652471199725e+00,-1.000000000000000000e+01,5.005699783612388387e+01
3.882499999999945661e+00,3.561307599184681862e+02,8.101111847234136576e+01,7.450201014622193973e+00,-1.000000000000000000e+01,5.116745423392674041e+01
3.884999999999945608e+00,3.563332674873137762e+02,8.097548756765027633e+01,7.098583559897461370e+00,-1.000000000000000000e+01,5.222600273222502665e+01
3.887499999999945555e+00,3.565356859852926164e+02,8.093986785102225667e+01,6.759062463903731555e+00,-1.000000000000000000e+01,5.323443388881499061e+01
3.889999999999945501e+00,3.567380154402683843e+02,8.090425913484573073e+01,6.431218332467144805e+00,1.000000000000000000e+01,5.419447608048042042e+01
3.892499999999945448e+00,3.569402558796361404e+02,8.086866123202553069e+01,6.742727320008342851e+00,1.000000000000000000e+01,5.512814293592609260e+01
3.894999999999945395e+00,3.571424073303235218e+02,8.083307395635100079e+01,7.043362799286990494e+00,1.000000000000000000e+01,5.610609309698126168e+01
3.897499999999945342e+00,3.573444698187930157e+02,8.079749712176780463e+01,7.333502340940219355e+00,1.000000000000000000e+01,5.712677157070826439e+01
3.899999999999945288e+00,3.575464433710420167e+02,8.076193054229472068e+01,7.613509280430731607e+00,1.000000000000000000e+01,5.818867712058532504e+01
3.902499999999945235e+00,3.577483280126028831e+02,8.072637403201483153e+01,7.883735064860260877e+00,1.000000000000000000e+01,5.929036037655351521e+01
3.904999999999945182e+00,3.579501237685433921e+02,8.069082740529218256e+01,8.144518623183939710e+00,1.000000000000000000e+01,6.043042209153068711e+01
3.907499999999945128e+00,3.581518306634674218e+02,8.065529047697205556e+01,8.396186626203540726e+00,1.000000000000000000e+01,6.160751144269730872e+01
3.909999999999945075e+00,3.583534487215162017e+02,8.061976306257551528e+01,8.639054474365224223e+00,1.000000000000000000e+01,6.282032429670233853e+01
3.912499999999945022e+00,3.585549779663703021e+02,8.058424497853307855e+01,8.873426274924561596e+00,1.000000000000000000e+01,6.406760163650777429e+01
3.914999999999944968e+00,3.587564184212519649e+02,8.054873604244892249e+01,9.099596262252546808e+00,-1.000000000000000000e+01,6.534812803165206674e+01
3.917499999999944915e+00,3.589577701089281732e+02,8.051323607329875642e+01,8.695409062910519182e+00,-1.000000000000000000e+01,6.664057910061465861e+01
3.919999999999944862e+00,3.591590330517141183e+02,8.047774489161201927e+01,8.305043154105588243e+00,-1.000000000000000000e+01,6.787543434042495960e+01
3.922499999999944809e+00,3.593602072714775204e+02,8.044226232043938296e+01,7.928022321763323887e+00,-1.000000000000000000e+01,6.905467006176245093e+01
3.924999999999944755e+00,3.595612927896452220e+02,8.040678818565791630e+01,7.563886114820877360e+00,-1.000000000000000000e+01,7.018019405072568873e+01
3.927499999999944702e+00,3.597622896272105208e+02,8.037132231609747635e+01,7.212190623886662877e+00,-1.000000000000000000e+01,7.125384782177999909e+01
3.929999999999944649e+00,3.599631978047404459e+02,8.033586454354852435e+01,6.872507130433428202e+00,-1.000000000000000000e+01,7.227740902459655103e+01
3.932499999999944595e+00,3.601640173423831470e+02,8.030041470271619630e+01,6.544421860321318007e+00,-1.000000000000000000e+01,7.325259366132232230e+01
3.934999999999944542e+00,3.603647482598752276e+02,8.026497263119871661e+01,6.227536114808311929e+00,-1.000000000000000000e+01,7.418105822232612923e+01
3.937499999999944489e+00,3.605653905765487934e+02,8.022953816946655081e+01,5.921464142990677360e+00,1.000000000000000000e+01,7.506440182497857450e+01
3.939999999999944436e+00,3.607659443113388988e+02,8.019411116084711466e+01,6.243168778937197239e+00,1.000000000000000000e+01,7.592414611347521713e+01
3.942499999999944382e+00,3.609664094827904250e+02,8.015869145149808617e+01,6.553749533358368851e+00,1.000000000000000000e+01,7.682958459953246688e+01
3.944999999999944329e+00,3.611667861090652991e+02,8.012327889057134200e+01,6.853588776262356852e+00,1.000000000000000000e+01,7.777913003548397342e+01
3.947499999999944276e+00,3.613670742079501110e+02,8.008787333045682999e+01,7.143055570456843917e+00,1.000000000000000000e+01,7.877124988832485997e+01
3.949999999999944222e+00,3.615672737968643560e+02,8.005247462711382411e+01,7.422506615594265611e+00,1.000000000000000000e+01,7.980446441624597753e+01
3.952499999999944169e+00,3.617673848928695293e+02,8.001708264036483342e+01,7.692285053240256687e+00,1.000000000000000000e+01,8.087734494708986688e+01
3.954999999999944116e+00,3.619674075126790171e+02,7.998169723439680467e+01,7.952722937423326144e+00,1.000000000000000000e+01,8.198851209173446364e+01
3.957499999999944063e+00,3.621673416726692381e+02,7.994631827796169432e+01,8.204140591338219934e+00,1.000000000000000000e+01,8.313663414195944767e+01
3.959999999999944009e+00,3.623671873888911819e+02,7.991094564470378714e+01,8.446847059665987700e+00,1.000000000000000000e+01,8.432042538052687064e+01
3.962499999999943956e+00,3.625669446770828017e+02,7.987557921362011371e+01,8.681141035837372399e+00,-1.000000000000000000e+01,8.553864463209691849e+01
3.964999999999943903e+00,3.627666135526826565e+02,7.984021886923599709e+01,8.295660207827728172e+00,-1.000000000000000000e+01,8.677030635658415747e+01
3.967499999999943849e+00,3.629661940308440649e+02,7.980486450215336447e+01,7.923251293213827040e+00,-1.000000000000000000e+01,8.794709645822128152e+01
3.969999999999943796e+00,3.631656861264499412e+02,7.976951600764786576e+01,7.563466683994150230e+00,-1.000000000000000000e+01,8.907088120281771637e+01
3.972499999999943743e+00,3.633650898541238234e+02,7.973417328519475689e+01,7.215874513607844598e+00,-1.000000000000000000e+01,9.014346232334963815e+01
3.974999999999943689e+00,3.635644052282400480e+02,7.969883623792084393e+01,6.880057732748458221e+00,-1.000000000000000000e+01,9.116657928013610501e+01
3.977499999999943636e+00,3.637636322629328447e+02,7.966350477236881034e+01,6.555613269832123002e+00,-1.000000000000000000e+01,9.214191157829159806e+01
3.979999999999943583e+00,3.639627709721044653e+02,7.962817879826374678e+01,6.242152692940567071e+00,-1.000000000000000000e+01,9.307108073839690121e+01
3.982499999999943530e+00,3.641618213694334827e+02,7.959285822833020063e+01,5.939300509506773906e+00,-1.000000000000000000e+01,9.395565245048830150e+01
3.984999999999943476e+00,3.643607834683817828e+02,7.955754297808368847e+01,5.646694496804869345e+00,1.000000000000000000e+01,9.479713855812597956e+01
3.987499999999943423e+00,3.645596572822015560e+02,7.952223296584445222e+01,5.970520319230219641e+00,1.000000000000000000e+01,9.561661848798308938e+01
3.989999999999943370e+00,3.647584428239421186e+02,7.948692811212529818e+01,6.283245328045060418e+00,1.000000000000000000e+01,9.648209292710326679e+01
3.992499999999943316e+00,3.649571401064562224e+02,7.945162834308048616e+01,6.585248150095230457e+00,1.000000000000000000e+01,9.739198266321344022e+01
3.994999999999943263e+00,3.651557491424156865e+02,7.941633359150705473e+01,6.876893561606042482e+00,1.000000000000000000e+01,9.834476276227131564e+01
3.997499999999943210e+00,3.653542699443283368e+02,7.938104379768518015e+01,7.158535011891326683e+00,1.000000000000000000e+01,9.933896070706136072e+01
3.999999999999943157e+00,3.655527025245571053e+02,7.934575890966863199e+01,7.430511660572584276e+00,1.000000000000000000e+01,1.003731546815663194e+02
4.002499999999943547e+00,3.657510468953396412e+02,7.931047888375506716e+01,7.693153144217880879e+00,1.000000000000000000e+01,1.014459716296695859e+02
4.004999999999943938e+00,3.659493030688091721e+02,7.927520368457142297e+01,7.946776431824732256e+00,1.000000000000000000e+01,1.025560859995494241e+02
4.007499999999944329e+00,3.661474710570149682e+02,7.923993328520991497e+01,8.191688038555144047e+00,-1.000000000000000000e+01,1.037022179071471015e+02
4.009999999999944720e+00,3.663455508719442264e+02,7.920466766776553413e+01,7.826743874559316971e+00,-1.000000000000000000e+01,1.048636764704931750e+02
4.012499999999945111e+00,3.665435425255448081e+02,7.916940682417019559e+01,7.474069631303716932e+00,-1.000000000000000000e+01,1.059732327072753435e+02
4.014999999999945501e+00,3.667414460297487722e+02,7.913415075074867389e+01,7.133248088097348116e+00,-1.000000000000000000e+01,1.070326336598669030e+02
4.017499999999945892e+00,3.669392613964805037e+02,7.909889944678462825e+01,6.803876483152977883e+00,-1.000000000000000000e+01,1.080435664500663506e+02
4.019999999999946283e+00,3.671369886376639897e+02,7.906365291350290647e+01,6.485566181100017147e+00,-1.000000000000000000e+01,1.090076605922241271e+02
4.022499999999946674e+00,3.673346277652271397e+02,7.902841115381308157e+01,6.177941135645681037e+00,-1.000000000000000000e+01,1.099264898899884173e+02
4.024999999999947065e+00,3.675321787911061620e+02,7.899317417228495231e+01,5.880638941332016145e+00,-1.000000000000000000e+01,1.108015743756856040e+02
4.027499999999947455e+00,3.677296417272494864e+02,7.895794197473584575e+01,5.593309813520381368e+00,1.000000000000000000e+01,1.116343824278999790e+02
4.029999999999947846e+00,3.679270165856206631e+02,7.892271456810124164e+01,5.912554576950536322e+00,1.000000000000000000e+01,1.124456448339502828e+02
4.032499999999948237e+00,3.681243033782008638e+02,7.888749195983200480e+01,6.220936507010176086e+00,1.000000000000000000e+01,1.133022846204042366e+02
4.034999999999948628e+00,3.683215021169917236e+02,7.885227416453903970e+01,6.518822651128390433e+00,1.000000000000000000e+01,1.142027603359370289e+02
4.037499999999949019e+00,3.685186128140366009e+02,7.881706120589602449e+01,6.806567604646514447e+00,1.000000000000000000e+01,1.151455832201028073e+02
4.039999999999949409e+00,3.687156354814437123e+02,7.878185311780437416e+01,7.084514115898969955e+00,1.000000000000000000e+01,1.161293154671261476e+02
4.042499999999949800e+00,3.689125701314119397e+02,7.874664994464528434e+01,7.352992985854848840e+00,1.000000000000000000e+01,1.171525685672867212e+02
4.044999999999950191e+00,3.691094167762570351e+02,7.871145174127151734e+01,7.612323210354840164e+00,1.000000000000000000e+01,1.182140016408375374e+02
4.047499999999950582e+00,3.693061754284378253e+02,7.867625857312263804e+01,7.862813732031910696e+00,1.000000000000000000e+01,1.193123196694937036e+02
4.049999999999950973e+00,3.695028461005828149e+02,7.864107051614141142e+01,8.104762619226127285e+00,-1.000000000000000000e+01,1.204462721794493945e+02
4.052499999999951363e+00,3.696994288055161064e+02,7.860588765674091860e+01,7.746533323109763280e+00,-1.000000000000000000e+01,1.215954954587656403e+02
4.054999999999951754e+00,3.698959235562846857e+02,7.857071009308208431e+01,7.400242828464887346e+00,-1.000000000000000000e+01,1.226937960035572814e+02
4.057499999999952145e+00,3.700923303661853652e+02,7.853553792638233233e+01,7.065488549943937713e+00,-1.000000000000000000e+01,1.237428691674690384e+02
4.059999999999952536e+00,3.702886492487683086e+02,7.850037125826918327e+01,6.741881060207224330e+00,-1.000000000000000000e+01,1.247443529940488105e+02
4.062499999999952927e+00,3.704848802178372580e+02,7.846521018952991255e+01,6.429044874942217547e+00,-1.000000000000000000e+01,1.256998302097508713e+02
4.064999999999953317e+00,3.706810232874474877e+02,7.843005482004839735e+01,6.126617085717099620e+00,-1.000000000000000000e+01,1.266108301318441818e+02
4.067499999999953708e+00,3.708770784719034737e+02,7.839490524873154698e+01,5.834247237704410338e+00,-1.000000000000000000e+01,1.274788305756648583e+02
4.069999999999954099e+00,3.710730457857562214e+02,7.835976157326551572e+01,5.551596897772475891e+00,1.000000000000000000e+01,1.283052596629746063e+02
4.072499999999954490e+00,3.712689252438003109e+02,7.832462389007930881e+01,5.865860506320688117e+00,1.000000000000000000e+01,1.291105179985772793e+02
4.074999999999954881e+00,3.714647168610699737e+02,7.828949229321220571e+01,6.169511505139622543e+00,1.000000000000000000e+01,1.299605057786625366e+02
4.077499999999955271e+00,3.716604206528355689e+02,7.825436688387280526e+01,6.462905114598862966e+00,1.000000000000000000e+01,1.308537194748973889e+02
4.079999999999955662e+00,3.718560366346259229e+02,7.821924777291546604e+01,6.746386066144499871e+00,1.000000000000000000e+01,1.317887066203334143e+02
4.082499999999956053e+00,3.720515648222531695e+02,7.818413508201041395e+01,7.020285973230802057e+00,1.000000000000000000e+01,1.327640642088455252e+02
4.084999999999956444e+00,3.722470052318397506e+02,7.814902894335823191e+01,7.284925994562870599e+00,1.000000000000000000e+01,1.337784369178931456e+02
4.087499999999956835e+00,3.724423578798445646e+02,7.811392949955282461e+01,7.540616572618440649e+00,1.000000000000000000e+01,1.348305155124029113e+02
4.089999999999957225e+00,3.726376227830885455e+02,7.807883690319255265e+01,7.787656789225209764e+00,1.000000000000000000e+01,1.359190353397685840e+02
4.092499999999957616e+00,3.728327999587798445e+02,7.804375131671760357e+01,8.026336159362195133e+00,-1.000000000000000000e+01,1.370427746929427713e+02
4.094999999999958007e+00,3.730278894245382730e+02,7.800867291201549847e+01,7.674295954641547013e+00,-1.000000000000000000e+01,1.381816810465754486e+02
4.097499999999958398e+00,3.732228911984193473e+02,7.797360187123736353e+01,7.333883275576549288e+00,-1.000000000000000000e+01,1.392705447593625934e+02
4.099999999999958789e+00,3.734178052989369121e+02,7.793853837619924718e+01,7.004708648287614636e+00,-1.000000000000000000e+01,1.403110132890031707e+02
4.102499999999959179e+00,3.736126317450575698e+02,7.790348260553956550e+01,6.686396242426232206e+00,-1.000000000000000000e+01,1.413046792482208787e+02
4.104999999999959570e+00,3.738073705561920406e+02,7.786843473306907981e+01,6.378583777595067339e+00,-1.000000000000000000e+01,1.422530822541601765e+02
4.107499999999959961e+00,3.740020217521828272e+02,7.783339492804789472e+01,6.080919504174532086e+00,-1.000000000000000000e+01,1.431577107771293242e+02
4.109999999999960352e+00,3.741965853532928463e+02,7.779836335490728061e+01,5.793064832452676782e+00,-1.000000000000000000e+01,1.440200038605655379e+02
4.112499999999960743e+00,3.743910613801934346e+02,7.776334017317897462e+01,5.514691929485560529e+00,1.000000000000000000e+01,1.448413528919112423e+02
4.114999999999961133e+00,3.745854498539519568e+02,7.772832553771404207e+01,5.823851793809092570e+00,1.000000000000000000e+01,1.456418458090240051e+02
4.117499999999961524e+00,3.747797507960194707e+02,7.769331959761663597e+01,6.122653619435586059e+00,1.000000000000000000e+01,1.464864108253635209e+02
4.119999999999961915e+00,3.749739642282194723e+02,7.765832250660176328e+01,6.411441313583950752e+00,1.000000000000000000e+01,1.473735805765586520e+02
4.122499999999962306e+00,3.751680901727634136e+02,7.762333442512711201e+01,6.690547528077563477e+00,1.000000000000000000e+01,1.483019370372807657e+02
4.124999999999962697e+00,3.753621286522686660e+02,7.758835552144948622e+01,6.960295317806096449e+00,1.000000000000000000e+01,1.492701099542367160e+02
4.127499999999963087e+00,3.755560796897772775e+02,7.755338597110986143e+01,7.220995220718071650e+00,1.000000000000000000e+01,1.502767752293813146e+02
4.129999999999963478e+00,3.757499433087742204e+02,7.751842595655172374e+01,7.472947993885563633e+00,1.000000000000000000e+01,1.513206532297302545e+02
4.132499999999963869e+00,3.759437195332043871e+02,7.748347566672842390e+01,7.716444089734645573e+00,1.000000000000000000e+01,1.524005072079241927e+02
4.134999999999964260e+00,3.761374083874886196e+02,7.744853529638582756e+01,7.951763814441879852e+00,-1.000000000000000000e+01,1.535151418868085216e+02
4.137499999999964650e+00,3.763310098965375801e+02,7.741360504536106646e+01,7.605539039408723667e+00,-1.000000000000000000e+01,1.546448012431416430e+02
4.139999999999965041e+00,3.765245240857651652e+02,7.737868511945600858e+01,7.270647236388660950e+00,-1.000000000000000000e+01,1.557252175650410493e+02
4.142499999999965432e+00,3.767179509811000457e+02,7.734377571959170439e+01,6.946712344894422131e+00,-1.000000000000000000e+01,1.567579949386975500e+02
4.144999999999965823e+00,3.769112906089691251e+02,7.730887703904684827e+01,6.633371222325309624e+00,-1.000000000000000000e+01,1.577446848154966972e+02
4.147499999999966214e+00,3.771045429962774165e+02,7.727398926222483055e+01,6.330273576329827456e+00,-1.000000000000000000e+01,1.586867879472199263e+02
4.149999999999966604e+00,3.772977081703859312e+02,7.723911256494497479e+01,6.037080173499095537e+00,-1.000000000000000000e+01,1.595857559532849734e+02
4.152499999999966995e+00,3.774907861590903622e+02,7.720424711452535860e+01,5.753462847436346728e+00,-1.000000000000000000e+01,1.604429929991902384e+02
4.154999999999967386e+00,3.776837769905999380e+02,7.716939306967834966e+01,5.479105175991949572e+00,1.000000000000000000e+01,1.612598573440342875e+02
4.157499999999967777e+00,3.778766806935158229e+02,7.713455058093985883e+01,5.783208538691689604e+00,1.000000000000000000e+01,1.620561378775719561e+02
4.159999999999968168e+00,3.780694972968103116e+02,7.709971978964006212e+01,6.077206114284906313e+00,1.000000000000000000e+01,1.628958260956116533e+02
4.162499999999968558e+00,3.782622268298063091e+02,7.706490083738357555e+01,6.361431408239351271e+00,1.000000000000000000e+01,1.637774880938068804e+02
4.164999999999968949e+00,3.784548693221819917e+02,7.703009386799637070e+01,6.636206783863762837e+00,1.000000000000000000e+01,1.646997376376116620e+02
4.167499999999969340e+00,3.786474248039770600e+02,7.699529902814340687e+01,6.901843923364289424e+00,1.000000000000000000e+01,1.656612345060250391e+02
4.169999999999969731e+00,3.788398933055991051e+02,7.696051646665226542e+01,7.158643981935785661e+00,1.000000000000000000e+01,1.666606828774743576e+02
4.172499999999970122e+00,3.790322748578289520e+02,7.692574633399001982e+01,7.406898380457058728e+00,1.000000000000000000e+01,1.676968298025419699e+02
4.174999999999970512e+00,3.792245694918242975e+02,7.689098878177055951e+01,7.646888427321507642e+00,1.000000000000000000e+01,1.687684636336275901e+02
4.177499999999970903e+00,3.794167772391223252e+02,7.685624396182758744e+01,7.878886276260421262e+00,-1.000000000000000000e+01,1.698744126798881098e+02
4.179999999999971294e+00,3.796088981316396485e+02,7.682151202573491844e+01,7.538224432283902487e+00,-1.000000000000000000e+01,1.709952080503371121e+02
4.182499999999971685e+00,3.798009322016722535e+02,7.678679312513354205e+01,7.208617676527278917e+00,-1.000000000000000000e+01,1.720675021227045249e+02
4.184999999999972076e+00,3.799928794818928850e+02,7.675208740310384314e+01,6.889702365279742224e+00,-1.000000000000000000e+01,1.730928606332215054e+02
4.187499999999972466e+00,3.801847400053258070e+02,7.671739499228087311e+01,6.581128021805212391e+00,-1.000000000000000000e+01,1.740727986635022262e+02
4.189999999999972857e+00,3.803765138053207124e+02,7.668271601424761741e+01,6.282554876497870922e+00,-1.000000000000000000e+01,1.750087824300635475e+02
4.192499999999973248e+00,3.805682009155249261e+02,7.664805057953546452e+01,5.993655216972924471e+00,-1.000000000000000000e+01,1.759022308040828193e+02
4.194999999999973639e+00,3.807598013698560067e+02,7.661339878834840533e+01,5.714111692565321476e+00,-1.000000000000000000e+01,1.767545168792645711e+02
4.197499999999974030e+00,3.809513152024763372e+02,7.657876073068953815e+01,5.443617410271794910e+00,1.000000000000000000e+01,1.775669693213534401e+02
4.199999999999974420e+00,3.811427424477675459e+02,7.654413648666954373e+01,5.742794935506690734e+00,1.000000000000000000e+01,1.783590846362276920e+02
4.202499999999974811e+00,3.813340831403054949e+02,7.650952612607154890e+01,6.032113341934337569e+00,1.000000000000000000e+01,1.791939301813605425e+02
4.204999999999975202e+00,3.815253373148365768e+02,7.647492971497663916e+01,6.311895223814861566e+00,1.000000000000000000e+01,-1.799298970448665784e+02
4.207499999999975593e+00,3.817165050062710634e+02,7.644034731728282850e+01,6.582452880898323144e+00,1.000000000000000000e+01,-1.790137541761394004e+02
4.209999999999975984e+00,3.819075862496782747e+02,7.640577899504381776e+01,6.844087882727838412e+00,1.000000000000000000e+01,-1.780589538998251271e+02
4.212499999999976374e+00,3.820985810802811216e+02,7.637122480777625810e+01,7.097092275360711966e+00,1.000000000000000000e+01,-1.770667661050988784e+02
4.214999999999976765e+00,3.822894895334499665e+02,7.633668481222018443e+01,7.341748138699657922e+00,1.000000000000000000e+01,-1.760384194000355933e+02
4.217499999999977156e+00,3.824803116446952913e+02,7.630215906179891761e+01,7.578328528444966850e+00,1.000000000000000000e+01,-1.749751024911034278e+02
4.219999999999977547e+00,3.826710474496589427e+02,7.626764760578736002e+01,7.807096363201366351e+00,1.000000000000000000e+01,-1.738779655718806794e+02
4.222499999999977938e+00,3.828616969841035029e+02,7.623315048907660696e+01,8.028307807947136610e+00,1.000000000000000000e+01,-1.727481217556689330e+02
4.224999999999978328e+00,3.830522602839012620e+02,7.619866775178468288e+01,8.242208798043447970e+00,1.000000000000000000e+01,-1.715866482293648971e+02
4.227499999999978719e+00,3.832427373850217691e+02,7.616419942866689041e+01,8.449037684188839492e+00,1.000000000000000000e+01,-1.703945876205384309e+02
4.229999999999979110e+00,3.834331283235185310e+02,7.612974554885872180e+01,8.649025247135726957e+00,1.000000000000000000e+01,-1.691729492085715947e+02
4.232499999999979501e+00,3.836234331355144036e+02,7.609530613527014964e+01,8.842394722319989242e+00,1.000000000000000000e+01,-1.679227100077296200e+02
4.234999999999979892e+00,3.838136518571857891e+02,7.606088120429089372e+01,9.029361213592881796e+00,1.000000000000000000e+01,-1.666448159081525375e+02
4.237499999999980282e+00,3.840037845247464929e+02,7.602647076543509286e+01,9.210133802364675049e+00,1.000000000000000000e+01,-1.653401827948505911e+02
4.239999999999980673e+00,3.841938311744299881e+02,7.599207482105542510e+01,9.384913596205647579e+00,1.000000000000000000e+01,-1.640096975579642162e+02
4.242499999999981064e+00,3.843837918424714530e+02,7.595769336583106224e+01,9.553895640024951064e+00,1.000000000000000000e+01,-1.626542190616151231e+02
4.244999999999981455e+00,3.845736665650882173e+02,7.592332638657883592e+01,9.717268920907224938e+00,1.000000000000000000e+01,-1.612745791634100954e+02
4.247499999999981846e+00,3.847634553784603781e+02,7.588897386211519347e+01,9.875215702303737686e+00,1.000000000000000000e+01,-1.598715835600330308e+02
4.249999999999982236e+00,3.849531583187102228e+02,7.585463576284757892e+01,1.002791231502695624e+01,1.000000000000000000e+01,-1.584460127611598352e+02
4.252499999999982627e+00,3.851427754218813675e+02,7.582031205054563827e+01,1.017552902830117567e+01,1.000000000000000000e+01,-1.569986228494514648e+02
4.254999999999983018e+00,3.853323067239167017e+02,7.578600267815357938e+01,1.031823099954750411e+01,1.000000000000000000e+01,-1.555301463598052010e+02
4.257499999999983409e+00,3.855217522606366742e+02,7.575170758968707219e+01,1.045617798224427020e+01,1.000000000000000000e+01,-1.540412930010683112e+02
4.259999999999983800e+00,3.857111120677164990e+02,7.571742672019155407e+01,1.058952446681609949e+01,1.000000000000000000e+01,-1.525327504639906806e+02
4.262499999999984190e+00,3.859003861806639861e+02,7.568315999548443074e+01,1.071841949090200252e+01,1.000000000000000000e+01,-1.510051850837140819e+02
4.264999999999984581e+00,3.860895746347961222e+02,7.564890733210366136e+01,1.084300700362542358e+01,1.000000000000000000e+01,-1.494592425550977168e+02
4.267499999999984972e+00,3.862786774652160489e+02,7.561466863724572818e+01,1.096342686065783845e+01,1.000000000000000000e+01,-1.478955485634188278e+02
4.269999999999985363e+00,3.864676947067895298e+02,7.558044380876226853e+01,1.107981434115371755e+01,1.000000000000000000e+01,-1.463147094194206090e+02
4.272499999999985754e+00,3.866566263941217585e+02,7.554623273532654082e+01,1.119229949782245193e+01,1.000000000000000000e+01,-1.447173126512685712e+02
4.274999999999986144e+00,3.868454725615343364e+02,7.551203529640253009e+01,1.130100940378133068e+01,1.000000000000000000e+01,-1.431039275775793840e+02
4.277499999999986535e+00,3.870342332430424790e+02,7.547785136243403770e+01,1.140606597428300262e+01,1.000000000000000000e+01,-1.414751058484148700e+02
4.279999999999986926e+00,3.872229084723323354e+02,7.544368079489748879e+01,1.150758707110323975e+01,1.000000000000000000e+01,-1.398313819620400409e+02
4.282499999999987317e+00,3.874114982827387053e+02,7.540952344644813365e+01,1.160568726119811345e+01,1.000000000000000000e+01,-1.381732737537589060e+02
4.284999999999987708e+00,3.876000027072230978e+02,7.537537916106911950e+01,1.170047736548256445e+01,1.000000000000000000e+01,-1.365012828752391840e+02
4.287499999999988098e+00,3.877884217783521308e+02,7.534124777426720243e+01,1.179206402560993183e+01,1.000000000000000000e+01,-1.348158952377489186e+02
4.289999999999988489e+00,3.879767555282764420e+02,7.530712911336738102e+01,1.188055104914199411e+01,1.000000000000000000e+01,-1.331175814496798466e+02
4.292499999999988880e+00,3.881650039887104526e+02,7.527302299779654504e+01,1.196603808956977666e+01,1.000000000000000000e+01,-1.314067972111776328e+02
4.294999999999989271e+00,3.883531671909127567e+02,7.523892923931195753e+01,1.204862260977033195e+01,1.000000000000000000e+01,-1.296839837309830159e+02
4.297499999999989662e+00,3.885412451656670783e+02,7.520484764237450293e+01,1.212839779039075339e+01,1.000000000000000000e+01,-1.279495680708776177e+02
4.299999999999990052e+00,3.887292379432642520e+02,7.517077800449661140e+01,1.220545444560997872e+01,1.000000000000000000e+01,-1.262039635210882267e+02
4.302499999999990443e+00,3.889171455534851134e+02,7.513672011655091865e+01,1.227988009685278215e+01,1.000000000000000000e+01,-1.244475699471124130e+02
4.304999999999990834e+00,3.891049680255840144e+02,7.510267376322849486e+01,1.235175955160060823e+01,1.000000000000000000e+01,-1.226807741189988405e+02
4.307499999999991225e+00,3.892927053882737027e+02,7.506863872343024013e+01,1.242117467563344313e+01,1.000000000000000000e+01,-1.209039500522972332e+02
4.309999999999991616e+00,3.894803576697109406e+02,7.503461477074628760e+01,1.248820498320174543e+01,1.000000000000000000e+01,-1.191174592634902041e+02
4.312499999999992006e+00,3.896679248974837151e+02,7.500060167391499988e+01,1.255292729871590929e+01,1.000000000000000000e+01,-1.173216511137780316e+02
4.314999999999992397e+00,3.898554070985991871e+02,7.496659919723293797e+01,1.261541559363165277e+01,1.000000000000000000e+01,-1.155168630933421383e+02
4.317499999999992788e+00,3.900428042994728912e+02,7.493260710109348111e+01,1.267574177938303492e+01,1.000000000000000000e+01,-1.137034210921220279e+02
4.319999999999993179e+00,3.902301165259192999e+02,7.489862514248149239e+01,1.273397543522737330e+01,1.000000000000000000e+01,-1.118816396905931185e+02
4.322499999999993570e+00,3.904173438031436376e+02,7.486465307550044201e+01,1.279018377959749131e+01,1.000000000000000000e+01,-1.100518224001686178e+02
4.324999999999993960e+00,3.906044861557348327e+02,7.483069065188941238e+01,1.284443185283212330e+01,1.000000000000000000e+01,-1.082142619282476090e+02
4.327499999999994351e+00,3.907915436076600031e+02,7.479673762153223038e+01,1.289678237914349523e+01,1.000000000000000000e+01,-1.063692404963255314e+02
4.329999999999994742e+00,3.909785161822600799e+02,7.476279373299877307e+01,1.294729642928279212e+01,1.000000000000000000e+01,-1.045170300520611733e+02
4.332499999999995133e+00,3.911654039022469078e+02,7.472885873417116898e+01,1.299603280089576174e+01,1.000000000000000000e+01,-1.026578924729794409e+02
4.334999999999995524e+00,3.913522067897017678e+02,7.469493237270712882e+01,1.304304835695789500e+01,1.000000000000000000e+01,-1.007920799318635403e+02
4.337499999999995914e+00,3.915389248660751491e+02,7.466101439662006101e+01,1.308839799076063848e+01,1.000000000000000000e+01,-9.891983507056360736e+01
4.339999999999996305e+00,3.917255581521880003e+02,7.462710455485124328e+01,1.313213554608447176e+01,1.000000000000000000e+01,-9.704139125758676698e+01
4.342499999999996696e+00,3.919121066682342303e+02,7.459320259779197215e+01,1.317431233470544250e+01,1.000000000000000000e+01,-9.515697284403084666e+01
4.344999999999997087e+00,3.920985704337847437e+02,7.455930827782825077e+01,1.321497856790835534e+01,1.000000000000000000e+01,-9.326679540585513450e+01
4.347499999999997478e+00,3.922849494677927282e+02,7.452542134993184675e+01,1.325418173429283364e+01,1.000000000000000000e+01,-9.137106600104418419e+01
4.349999999999997868e+00,3.924712437886004750e+02,7.449154157216355543e+01,1.329196923940492603e+01,1.000000000000000000e+01,-8.946998348500503084e+01
4.352499999999998259e+00,3.926574534139472803e+02,7.445766870620140310e+01,1.332838569369864246e+01,1.000000000000000000e+01,-8.756373861236144762e+01
4.354999999999998650e+00,3.928435783609788814e+02,7.442380251786610756e+01,1.336347485703133842e+01,1.000000000000000000e+01,-8.565251447711167998e+01
4.357499999999999041e+00,3.930296186462580863e+02,7.438994277764579977e+01,1.339727914446452495e+01,1.000000000000000000e+01,-8.373648663058642683e+01
4.359999999999999432e+00,3.932155742857767109e+02,7.435608926121784634e+01,1.342983964362607097e+01,1.000000000000000000e+01,-8.181582337763340718e+01
4.362499999999999822e+00,3.934014452949688803e+02,7.432224174991367249e+01,1.346119574889682902e+01,1.000000000000000000e+01,-7.989068599898192247e+01
4.365000000000000213e+00,3.935872316887253533e+02,7.428840003114824242e+01,1.349138550278941295e+01,1.000000000000000000e+01,-7.796122906582331780e+01
4.367500000000000604e+00,3.937729334814090407e+02,7.425456389897020415e+01,1.352044594652922527e+01,1.000000000000000000e+01,-7.602760071903119865e+01
4.370000000000000995e+00,3.939585506868719449e+02,7.422073315452348652e+01,1.354841292739489234e+01,1.000000000000000000e+01,-7.408994286738344215e+01
4.372500000000001386e+00,3.941440833184730081e+02,7.418690760640244264e+01,1.357532128802677107e+01,1.000000000000000000e+01,-7.214839147235113614e+01
4.375000000000001776e+00,3.943295313890970988e+02,7.415308707117787890e+01,1.360120427793560971e+01,1.000000000000000000e+01,-7.020307679456072947e+01
4.377500000000002167e+00,3.945148949111750198e+02,7.411927137372985896e+01,1.362609435852000317e+01,1.000000000000000000e+01,-6.825412368151987152e+01
4.380000000000002558e+00,3.947001738967048254e+02,7.408546034771086397e+01,1.365002267023792193e+01,1.000000000000000000e+01,-6.630165180466357810e+01
4.382500000000002949e+00,3.948853683572735918e+02,7.405165383591219097e+01,1.367301970498198038e+01,1.000000000000000000e+01,-6.434577598050273650e+01
4.385000000000003340e+00,3.950704783040807797e+02,7.401785169064177694e+01,1.369511481705608169e+01,1.000000000000000000e+01,-6.238660633632994745e+01
4.387500000000003730e+00,3.952555037479621092e+02,7.398405377403008742e+01,1.371633603333031282e+01,1.000000000000000000e+01,-6.042424864826917741e+01
4.390000000000004121e+00,3.954404446994143427e+02,7.395025995842934208e+01,1.373671121695972630e+01,1.000000000000000000e+01,-5.845880455991866853e+01
4.392500000000004512e+00,3.956253011686209220e+02,7.391647012670459560e+01,1.375626660692808301e+01,1.000000000000000000e+01,-5.649037181160601762e+01
4.395000000000004903e+00,3.958100731654785136e+02,7.388268417251960329e+01,1.377502842770934777e+01,1.000000000000000000e+01,-5.451904452573192827e+01
4.397500000000005294e+00,3.959947606996242371e+02,7.384890200067422938e+01,1.379302058535288111e+01,1.000000000000000000e+01,-5.254491342772580253e+01
4.400000000000005684e+00,3.961793637804635750e+02,7.381512352735265381e+01,1.381026773020839649e+01,1.000000000000000000e+01,-5.056806617601608878e+01
4.402500000000006075e+00,3.963638824171989654e+02,7.378134868032148574e+01,1.382679275465537216e+01,1.000000000000000000e+01,-4.858858747147941415e+01
4.405000000000006466e+00,3.965483166188589053e+02,7.374757739907707332e+01,1.384261873609806059e+01,1.000000000000000000e+01,-4.660655935642350300e+01
4.407500000000006857e+00,3.967326663943272820e+02,7.371380963504263661e+01,1.385776717605939190e+01,1.000000000000000000e+01,-4.462206136489209030e+01
4.410000000000007248e+00,3.969169317523735003e+02,7.368004535188984505e+01,1.387225871783470943e+01,1.000000000000000000e+01,-4.263517085677028717e+01
4.412500000000007638e+00,3.971011127016829505e+02,7.364628452550327609e+01,1.388611411112962735e+01,1.000000000000000000e+01,-4.064596319526125967e+01
4.415000000000008029e+00,3.972852092508878172e+02,7.361252714411619991e+01,1.389935321089816433e+01,1.000000000000000000e+01,-3.865451189213334260e+01
4.417500000000008420e+00,3.974692214085978321e+02,7.357877320835633839e+01,1.391199435994375833e+01,1.000000000000000000e+01,-3.666088884702161010e+01
4.420000000000008811e+00,3.976531491834313101e+02,7.354502273127390310e+01,1.392405679635075266e+01,1.000000000000000000e+01,-3.466516454576244399e+01
4.422500000000009202e+00,3.978369925840462429e+02,7.351127573831765005e+01,1.393555802461244397e+01,-2.974561701408269254e+00,-3.266740818654029965e+01
4.425000000000009592e+00,3.980207516191712784e+02,7.347753226733128429e+01,1.361122568672648292e+01,-2.974561701408269254e+00,-3.067856440704814602e+01
4.427500000000009983e+00,3.982044262976368714e+02,7.344379236873726313e+01,1.329688395517937494e+01,-2.974561701408269254e+00,-2.873563777621828308e+01
4.430000000000010374e+00,3.983880166284059783e+02,7.341005610290622485e+01,1.299221831145962547e+01,-2.974561701408269254e+00,-2.683722109893368923e+01
4.432500000000010765e+00,3.985715226205976478e+02,7.337632353908134064e+01,1.269692493022645863e+01,-2.974561701408269254e+00,-2.498195247770899741e+01
4.435000000000011156e+00,3.987549442835086779e+02,7.334259475450645027e+01,1.241070907539242008e+01,-2.974561701408269254e+00,-2.316851361891696826e+01
4.437500000000011546e+00,3.989382816266333407e+02,7.330886983380602828e+01,1.213328536009752590e+01,-2.974561701408269254e+00,-2.139562827647972654e+01
4.440000000000011937e+00,3.991215346596815152e+02,7.327514886853369092e+01,1.186437798469485116e+01,-2.974561701408269254e+00,-1.966206077350549464e+01
4.442500000000012328e+00,3.993047033925957408e+02,7.324143195657549654e+01,1.160371915062793668e+01,-6.113599435720052711e+00,-1.796661448368796954e+01
4.445000000000012719e+00,3.994877878355666212e+02,7.320771920187627302e+01,1.127049396576736306e+01,-1.000000000000000000e+01,-1.631074769275325664e+01
4.447500000000013110e+00,3.996707879990481160e+02,7.317401071396716361e+01,1.084856425105879296e+01,-1.000000000000000000e+01,-1.470544119106472181e+01
4.450000000000013500e+00,3.998537038937707848e+02,7.314030660683911833e+01,1.043966034831954026e+01,-1.000000000000000000e+01,-1.316017315278529232e+01
4.452500000000013891e+00,4.000365355307521327e+02,7.310660699708517996e+01,1.004337365336850496e+01,-1.000000000000000000e+01,-1.167311094921036307e+01
4.455000000000014282e+00,4.002192829213023515e+02,7.307291200322241309e+01,9.659309361766544200e+00,-1.000000000000000000e+01,-1.024247813769523674e+01
4.457500000000014673e+00,4.004019460770288106e+02,7.303922174501916231e+01,9.287085414510784176e+00,-1.000000000000000000e+01,-8.866552651745330138e+00
4.460000000000015064e+00,4.005845250098387282e+02,7.300553634301668637e+01,8.926330927100220691e+00,-1.000000000000000000e+01,-7.543665031013056854e+00
4.462500000000015454e+00,4.007670197319411045e+02,7.297185591818329442e+01,8.576688194121432574e+00,1.000000000000000000e+01,-6.272196794104846873e+00
4.465000000000015845e+00,4.009494302558475169e+02,7.293818059173513291e+01,8.746222210512396344e+00,1.000000000000000000e+01,-5.034042287970378560e+00
4.467500000000016236e+00,4.011317565943720069e+02,7.290451048419524227e+01,8.910362060704981602e+00,1.000000000000000000e+01,-3.771528286444686184e+00
4.470000000000016627e+00,4.013139987606314207e+02,7.287084572153078454e+01,9.069276123908069920e+00,1.000000000000000000e+01,-2.485420602132862200e+00
4.472500000000017017e+00,4.014961567680610415e+02,7.283718643638911772e+01,9.223126366053508107e+00,1.000000000000000000e+01,-1.176461815934919608e+00
4.475000000000017408e+00,4.016782306304322105e+02,7.280353276879613134e+01,9.372071134584487595e+00,1.000000000000000000e+01,1.546278018045607328e-01
4.477500000000017799e+00,4.018602203618705175e+02,7.276988486623005770e+01,9.516262632026304402e+00,1.000000000000000000e+01,1.507149577777154192e+00
4.480000000000018190e+00,4.020421259768742175e+02,7.273624288316476338e+01,9.655847898003896645e+00,1.000000000000000000e+01,2.880425662312986912e+00
4.482500000000018581e+00,4.022239474903317955e+02,7.270260698087646745e+01,9.790970866271813122e+00,1.000000000000000000e+01,4.273798323104121444e+00
4.485000000000018971e+00,4.024056849175386787e+02,7.266897732716714131e+01,9.921769705744953427e+00,-1.000000000000000000e+01,5.686629243978343240e+00
4.487500000000019362e+00,4.025873382742132662e+02,7.263535409599589343e+01,9.544303311633022702e+00,-1.000000000000000000e+01,7.101887147381395593e+00
4.490000000000019753e+00,4.027689075765127882e+02,7.260173746782490412e+01,9.178391980226532354e+00,-1.000000000000000000e+01,8.463243876946636490e+00
4.492500000000020144e+00,4.029503928410475737e+02,7.256812762249784043e+01,8.823676926622219696e+00,-1.000000000000000000e+01,9.772334367449253989e+00
4.495000000000020535e+00,4.031317940848759349e+02,7.253452473713593918e+01,8.479810589662069020e+00,-1.000000000000000000e+01,1.103074447597081154e+01
4.497500000000020925e+00,4.033131113254968341e+02,7.250092898484295745e+01,8.146455579256961954e+00,-1.000000000000000000e+01,1.224001235208279326e+01
4.500000000000021316e+00,4.034943445808397655e+02,7.246734053458740732e+01,7.823286482773255557e+00,-1.000000000000000000e+01,1.340162985537511453e+01
4.502500000000021707e+00,4.036754938692541828e+02,7.243375955106540687e+01,7.509987098957517482e+00,-1.000000000000000000e+01,1.451704388071404139e+01
4.505000000000022098e+00,4.038565592094988688e+02,7.240018619470995986e+01,7.206252043961907994e+00,1.000000000000000000e+01,1.558765765904864331e+01
4.507500000000022489e+00,4.040375406207312494e+02,7.236662062149801500e+01,7.412069354960554080e+00,1.000000000000000000e+01,1.663112820958929916e+01
4.510000000000022879e+00,4.042184381224955132e+02,7.233306298214101560e+01,7.611433737883693595e+00,1.000000000000000000e+01,1.770410512723184837e+01
4.512500000000023270e+00,4.043992517347115836e+02,7.229951342914070267e+01,7.804543857695970921e+00,1.000000000000000000e+01,1.880566400582006281e+01
4.515000000000023661e+00,4.045799814776826224e+02,7.226597211830009826e+01,7.991593467675048856e+00,1.000000000000000000e+01,1.993490821913585265e+01
4.517500000000024052e+00,4.047606273721035564e+02,7.223243920938493545e+01,8.172769547972414728e+00,1.000000000000000000e+01,2.109096802483529842e+01
4.520000000000024443e+00,4.049411894390709108e+02,7.219891486585225948e+01,8.348252809564742805e+00,1.000000000000000000e+01,2.227299966136141762e+01
4.522500000000024833e+00,4.051216677000917343e+02,7.216539925434125280e+01,8.518219679692176527e+00,1.000000000000000000e+01,2.348018451863585909e+01
4.525000000000025224e+00,4.053020621770913863e+02,7.213189254417545726e+01,8.682839443443246097e+00,1.000000000000000000e+01,2.471172831843925977e+01
4.527500000000025615e+00,4.054823728924199031e+02,7.209839490715232557e+01,8.842277463706553320e+00,-1.000000000000000000e+01,2.596686032757866158e+01
4.530000000000026006e+00,4.056625998688581376e+02,7.206490651701331274e+01,8.500602874371798734e+00,-1.000000000000000000e+01,2.722867045431916821e+01
4.532500000000026397e+00,4.058427431296228178e+02,7.203142754987074170e+01,8.169294787643007538e+00,-1.000000000000000000e+01,2.844156091342206238e+01
4.535000000000026787e+00,4.060228026983702989e+02,7.199795817682793597e+01,7.848034117581825342e+00,-1.000000000000000000e+01,2.960701131531215324e+01
4.537500000000027178e+00,4.062027785991808173e+02,7.196449856236115750e+01,7.536512274667302336e+00,-1.000000000000000000e+01,3.072645690019906795e+01
4.540000000000027569e+00,4.063826708565416652e+02,7.193104886338774406e+01,7.234429680895578585e+00,-1.000000000000000000e+01,3.180128978331949696e+01
4.542500000000027960e+00,4.065624794953280912e+02,7.189760922932731546e+01,6.941495673526688392e+00,-1.000000000000000000e+01,3.283286017696980252e+01
4.545000000000028351e+00,4.067422045407846554e+02,7.186417980221547452e+01,6.657429803672473057e+00,-1.000000000000000000e+01,3.382247758448998098e+01
4.547500000000028741e+00,4.069218460185067556e+02,7.183076071665412599e+01,6.381959926758222323e+00,1.000000000000000000e+01,3.477141196004144774e+01
4.550000000000029132e+00,4.071014039544223237e+02,7.179735210006450075e+01,6.607244931872722660e+00,1.000000000000000000e+01,3.569693439482219333e+01
4.552500000000029523e+00,4.072808783747731809e+02,7.176395407222742051e+01,6.825545964492940598e+00,1.000000000000000000e+01,3.665469273166884534e+01
4.555000000000029914e+00,4.074602693060980982e+02,7.173056675133101123e+01,7.037077032066263449e+00,1.000000000000000000e+01,3.764368131517831984e+01
4.557500000000030305e+00,4.076395767752311485e+02,7.169719025539225754e+01,7.242045616088384818e+00,1.000000000000000000e+01,3.866292464861950151e+01
4.560000000000030695e+00,4.078188008093016492e+02,7.166382470272732519e+01,7.440652948334010475e+00,1.000000000000000000e+01,3.971147646115560548e+01
4.562500000000031086e+00,4.079979414357348446e+02,7.163047021144173243e+01,7.633093329283174633e+00,1.000000000000000000e+01,4.078841876759967278e+01
4.565000000000031477e+00,4.081769986822509395e+02,7.159712689911550854e+01,7.819555804303060853e+00,1.000000000000000000e+01,4.189286101870441570e+01
4.567500000000031868e+00,4.083559725768636213e+02,7.156379488236505892e+01,8.000222972611904737e+00,1.000000000000000000e+01,4.302393922981169538e+01
4.570000000000032259e+00,4.085348631478775587e+02,7.153047427642343337e+01,8.175272090762456756e+00,-1.000000000000000000e+01,4.418081517614571396e+01
4.572500000000032649e+00,4.087136704238845368e+02,7.149716519472204368e+01,7.856519892331627730e+00,-1.000000000000000000e+01,4.534677709271733193e+01
4.575000000000033040e+00,4.088923944337591365e+02,7.146386774900918226e+01,7.547356038126117994e+00,-1.000000000000000000e+01,4.646706432302654122e+01
4.577500000000033431e+00,4.090710352066528230e+02,7.143058204392812627e+01,7.247488328313636430e+00,-1.000000000000000000e+01,4.754305453419764405e+01
4.580000000000033822e+00,4.092495927719741076e+02,7.139730817586496414e+01,6.956633383257961434e+00,-1.000000000000000000e+01,4.857608386858654370e+01
4.582500000000034213e+00,4.094280671593672878e+02,7.136404623246940560e+01,6.674517251896166847e+00,-1.000000000000000000e+01,4.956744810812382696e+01
4.585000000000034603e+00,4.096064583986910179e+02,7.133079629292156199e+01,6.400873749275657332e+00,-1.000000000000000000e+01,5.051840386150362150e+01
4.587500000000034994e+00,4.097847665199971061e+02,7.129755842816341271e+01,6.135444897585294655e+00,-1.000000000000000000e+01,5.143016968088794982e+01
4.590000000000035385e+00,4.099629915535101077e+02,7.126433270109143336e+01,5.877980587844916727e+00,1.000000000000000000e+01,5.230392717783470857e+01
4.592500000000035776e+00,4.101411335296074299e+02,7.123111916692627688e+01,6.113025235949092639e+00,1.000000000000000000e+01,5.315659385165404416e+01
4.595000000000036167e+00,4.103191924788000051e+02,7.119791787303560682e+01,6.340856851049525567e+00,1.000000000000000000e+01,5.404282237978723202e+01
4.597500000000036557e+00,4.104971684317137601e+02,7.116472886314997481e+01,6.561694521010693393e+00,1.000000000000000000e+01,5.496157240206001404e+01
4.600000000000036948e+00,4.106750614190825672e+02,7.113155217822028931e+01,6.775751395209581140e+00,1.000000000000000000e+01,5.591183478302734500e+01
4.602500000000037339e+00,4.108528714717411958e+02,7.109838785668694072e+01,6.983232676218863233e+00,1.000000000000000000e+01,5.689263065478576920e+01
4.605000000000037730e+00,4.110305986206190596e+02,7.106523593411785100e+01,7.184338119030589276e+00,1.000000000000000000e+01,5.790301049705205116e+01
4.607500000000038121e+00,4.112082428967328269e+02,7.103209644302145875e+01,7.379261375126564992e+00,1.000000000000000000e+01,5.894205329538526428e+01
4.610000000000038511e+00,4.113858043311785764e+02,7.099896941251445526e+01,7.568189786173826761e+00,1.000000000000000000e+01,6.000886567348467793e+01
4.612500000000038902e+00,4.115632829551230429e+02,7.096585486792363895e+01,7.751305136877222779e+00,-1.000000000000000000e+01,6.110258105875681878e+01
4.615000000000039293e+00,4.117406787997941819e+02,7.093275283059395520e+01,7.447973887200703302e+00,-1.000000000000000000e+01,6.220673123690305317e+01
4.617500000000039684e+00,4.119179918964711646e+02,7.089966331795177723e+01,7.153693720389570743e+00,-1.000000000000000000e+01,6.326745071500651818e+01
4.620000000000040075e+00,4.120952222764736348e+02,7.086658634046081318e+01,6.868191068468668448e+00,-1.000000000000000000e+01,6.428604402083641389e+01
4.622500000000040465e+00,4.122723699711431777e+02,7.083352190122346315e+01,6.591200890189665706e+00,-1.000000000000000000e+01,6.526377616547395633e+01
4.625000000000040856e+00,4.124494350118247326e+02,7.080046999590535961e+01,6.322466814417463610e+00,-1.000000000000000000e+01,6.620187372738199372e+01
4.627500000000041247e+00,4.126264174298484022e+02,7.076743061302312299e+01,6.061739475765276275e+00,-1.000000000000000000e+01,6.710152608812659025e+01
4.630000000000041638e+00,4.128033172565115478e+02,7.073440373441182771e+01,5.808777644883736713e+00,-1.000000000000000000e+01,6.796388646919801602e+01
4.632500000000042029e+00,4.129801345230625316e+02,7.070138933543434234e+01,5.563347710483308894e+00,1.000000000000000000e+01,6.879007307379988845e+01
4.635000000000042419e+00,4.131568692606845730e+02,7.066838738540246823e+01,5.802524431359783463e+00,1.000000000000000000e+01,6.959667041248101782e+01
4.637500000000042810e+00,4.133335215004806287e+02,7.063539784769052687e+01,6.034430336246390247e+00,1.000000000000000000e+01,7.043734993770074482e+01
4.640000000000043201e+00,4.135100912734592953e+02,7.060242068170586549e+01,6.259284214452396355e+00,1.000000000000000000e+01,7.131106471892786658e+01
4.642500000000043592e+00,4.136865786105257712e+02,7.056945584316761710e+01,6.477299139347316270e+00,1.000000000000000000e+01,7.221679927967616663e+01
4.645000000000043983e+00,4.138629835424724774e+02,7.053650328430171612e+01,6.688680581401435177e+00,1.000000000000000000e+01,7.315356871029872821e+01
4.647500000000044373e+00,4.140393060999704176e+02,7.050356295366982806e+01,6.893628480472473896e+00,1.000000000000000000e+01,7.412041777249005747e+01
4.650000000000044764e+00,4.142155463135597984e+02,7.047063479591744795e+01,7.092336240128854996e+00,1.000000000000000000e+01,7.511642000109685569e+01
4.652500000000045155e+00,4.143917042136401960e+02,7.043771875168232555e+01,7.284991453804371631e+00,1.000000000000000000e+01,7.614067686788497724e+01
4.655000000000045546e+00,4.145677798304605517e+02,7.040481475754019414e+01,7.471776160530202660e+00,-1.000000000000000000e+01,7.719231698944790310e+01
4.657500000000045937e+00,4.147437731941088828e+02,7.037192274599068753e+01,7.179493173069988465e+00,-1.000000000000000000e+01,7.825513786847534448e+01
4.660000000000046327e+00,4.149196843345021648e+02,7.033904264540282725e+01,6.895865143068162340e+00,-1.000000000000000000e+01,7.927618582872318598e+01
4.662500000000046718e+00,4.150955132813757587e+02,7.030617437935073610e+01,6.620632804255923709e+00,-1.000000000000000000e+01,8.025670774194125556e+01
4.665000000000047109e+00,4.152712600642711891e+02,7.027331786675068770e+01,6.353545260254286120e+00,-1.000000000000000000e+01,8.119791251040429358e+01
4.667500000000047500e+00,4.154469247125247193e+02,7.024047302216158073e+01,6.094358609885870415e+00,-1.000000000000000000e+01,8.210097237504197665e+01
4.670000000000047891e+00,4.156225072552567781e+02,7.020763975619485109e+01,5.842836832365605026e+00,-1.000000000000000000e+01,8.296702394431713401e+01
4.672500000000048281e+00,4.157980077213619552e+02,7.017481797571190327e+01,5.598750989180017790e+00,-1.000000000000000000e+01,8.379716929133007852e+01
4.675000000000048672e+00,4.159734261395001340e+02,7.014200758424397009e+01,5.361878868470539850e+00,1.000000000000000000e+01,8.459247706736914552e+01
4.677500000000049063e+00,4.161487625380882491e+02,7.010920848229260116e+01,5.601895637953318463e+00,1.000000000000000000e+01,8.536921638819430314e+01
4.680000000000049454e+00,4.163240169452928399e+02,7.007642056762273342e+01,5.834680444228942164e+00,1.000000000000000000e+01,8.618010660569044035e+01
4.682500000000049845e+00,4.164991893890232859e+02,7.004364373513820397e+01,6.060449847671208090e+00,1.000000000000000000e+01,8.702411076409711654e+01
4.685000000000050235e+00,4.166742798969246451e+02,7.001087787689182562e+01,6.279412986992079837e+00,1.000000000000000000e+01,8.790022312510377844e+01
4.687500000000050626e+00,4.168492884963704341e+02,6.997812288205867048e+01,6.491773308068103709e+00,1.000000000000000000e+01,8.880746825044779769e+01
4.690000000000051017e+00,4.170242152144555234e+02,6.994537863701886238e+01,6.697728270368404679e+00,1.000000000000000000e+01,8.974490009165187132e+01
4.692500000000051408e+00,4.171990600779890883e+02,6.991264502537703152e+01,6.897468432841755259e+00,1.000000000000000000e+01,9.071160130097005947e+01
4.695000000000051799e+00,4.173738231134879015e+02,6.987992192799241309e+01,7.091179571206590815e+00,1.000000000000000000e+01,9.170668220427548079e+01
4.697500000000052189e+00,4.175485043471691711e+02,6.984720922294965817e+01,7.279041176583814554e+00,-1.000000000000000000e+01,9.272928014329509949e+01
4.700000000000052580e+00,4.177231038049438894e+02,6.981450678569582635e+01,6.995255476027713470e+00,-1.000000000000000000e+01,9.376346379172900924e+01
4.702500000000052971e+00,4.178976215124100122e+02,6.978181448899357520e+01,6.719810977104917704e+00,-1.000000000000000000e+01,9.475717556193909274e+01
4.705000000000053362e+00,4.180720574948462627e+02,6.974913220400358682e+01,6.452460636679136385e+00,-1.000000000000000000e+01,9.571161296072391167e+01
4.707500000000053753e+00,4.182464117772084364e+02,6.971645980072210591e+01,6.192964157985485940e+00,-1.000000000000000000e+01,9.662793731026117428e+01
4.710000000000054143e+00,4.184206843841269574e+02,6.968379714840442318e+01,5.941088634241303623e+00,-1.000000000000000000e+01,9.750727474765066916e+01
4.712500000000054534e+00,4.185948753399049451e+02,6.965114411574006681e+01,5.696607608254374178e+00,-1.000000000000000000e+01,9.835071738347386372e+01
4.715000000000054925e+00,4.187689846685170210e+02,6.961850057110108025e+01,5.459302358841267022e+00,-1.000000000000000000e+01,9.915932430371132966e+01
4.717500000000055316e+00,4.189430123936085124e+02,6.958586638269864011e+01,5.228960166836307266e+00,1.000000000000000000e+01,9.993412268564026135e+01
4.720000000000055707e+00,4.191169585384954530e+02,6.955324141883237132e+01,5.467860224393913171e+00,1.000000000000000000e+01,1.006910841741465106e+02
4.722500000000056097e+00,4.192908231261646392e+02,6.952062554817240425e+01,5.699622615247232460e+00,1.000000000000000000e+01,1.014820193653674067e+02
4.725000000000056488e+00,4.194646061792745968e+02,6.948801863856674288e+01,5.924459060577912162e+00,1.000000000000000000e+01,1.023059101785790830e+02
4.727500000000056879e+00,4.196383077201527385e+02,6.945542055684562399e+01,6.142574873775414446e+00,1.000000000000000000e+01,1.031617692030994817e+02
4.730000000000057270e+00,4.198119277707929768e+02,6.942283116875978521e+01,6.354169047493214428e+00,1.000000000000000000e+01,1.040486387652050837e+02
4.732500000000057661e+00,4.199854663528530523e+02,6.939025033909757667e+01,6.559434473849221625e+00,1.000000000000000000e+01,1.049655900141271587e+02
4.735000000000058051e+00,4.201589234876521459e+02,6.935767793184176355e+01,6.758558387014430124e+00,1.000000000000000000e+01,1.059117221504316433e+02
4.737500000000058442e+00,4.203322991961690036e+02,6.932511381034807130e+01,6.951722568715372752e+00,1.000000000000000000e+01,1.068861615538528298e+02
4.740000000000058833e+00,4.205055934990404012e+02,6.929255783747117903e+01,7.139103265708619084e+00,-1.000000000000000000e+01,1.078880610876822743e+02
4.742500000000059224e+00,4.206788064165600645e+02,6.926000987570093059e+01,6.862316515621159851e+00,-1.000000000000000000e+01,1.089017549075473994e+02
4.745000000000059615e+00,4.208519379686776460e+02,6.922746978717634647e+01,6.593605922252217866e+00,-1.000000000000000000e+01,1.098760448082412324e+02
4.747500000000060005e+00,4.210249881749983842e+02,6.919493743529471885e+01,6.332733856155964958e+00,-1.000000000000000000e+01,1.108120843217697455e+02
4.750000000000060396e+00,4.211979570547869685e+02,6.916241268521670804e+01,6.079469777311415690e+00,-1.000000000000000000e+01,1.117109923688465614e+02
4.752500000000060787e+00,4.213708446269722003e+02,6.912989540418730883e+01,5.833589201059485418e+00,-1.000000000000000000e+01,1.125738544081792440e+02
4.755000000000061178e+00,4.215436509101521096e+02,6.909738546158993699e+01,5.594874564868242750e+00,-1.000000000000000000e+01,1.134017233055821521e+02
4.757500000000061569e+00,4.217163759225995250e+02,6.906488272903885672e+01,5.363115752284126181e+00,-1.000000000000000000e+01,1.141956204769712571e+02
4.760000000000061959e+00,4.218890196822674739e+02,6.903238708043542715e+01,5.138107737725723823e+00,1.000000000000000000e+01,1.149565369577811538e+02
4.762500000000062350e+00,4.220615822067951513e+02,6.899989839202935116e+01,5.374705840282381075e+00,1.000000000000000000e+01,1.157001654087358702e+02
4.765000000000062741e+00,4.222340635135137745e+02,6.896741654260331700e+01,5.604292024184506005e+00,1.000000000000000000e+01,1.164774586429169290e+02
4.767500000000063132e+00,4.224064636194526088e+02,6.893494141222797111e+01,5.827072410596817242e+00,1.000000000000000000e+01,1.172874214276584866e+02
4.770000000000063523e+00,4.225787825413416954e+02,6.890247288210079546e+01,6.043247164049657449e+00,1.000000000000000000e+01,1.181290882862767262e+02
4.772500000000063913e+00,4.227510202956146941e+02,6.887001083450384442e+01,6.253010386016679689e+00,1.000000000000000000e+01,1.190015226791174143e+02
4.775000000000064304e+00,4.229231768984116115e+02,6.883755515299239391e+01,6.456550374316207375e+00,1.000000000000000000e+01,1.199038161382267447e+02
4.777500000000064695e+00,4.230952523655821551e+02,6.880510572258316415e+01,6.654049810313936497e+00,1.000000000000000000e+01,1.208350874231093428e+02
4.780000000000065086e+00,4.232672467126893707e+02,6.877266242993765388e+01,6.845685785320572592e+00,1.000000000000000000e+01,1.217944817217505431e+02
4.782500000000065477e+00,4.234391599550140199e+02,6.874022516357274526e+01,7.031630340667021528e+00,-1.000000000000000000e+01,1.227811698939671885e+02
4.785000000000065867e+00,4.236109921075592979e+02,6.870779381406121900e+01,6.760942547578182804e+00,-1.000000000000000000e+01,1.237797399933851068e+02
4.787500000000066258e+00,4.237827431850558924e+02,6.867536827409922751e+01,6.498093906906431627e+00,-1.000000000000000000e+01,1.247398083059681397e+02
4.790000000000066649e+00,4.239544132019678386e+02,6.864294843959723380e+01,6.242854829886529622e+00,-1.000000000000000000e+01,1.256624886449131395e+02
4.792500000000067040e+00,4.241260021725008755e+02,6.861053420996589125e+01,5.995002750533654279e+00,-1.000000000000000000e+01,1.265488617873536583e+02
4.795000000000067431e+00,4.242975101106113698e+02,6.857812548821272003e+01,5.754321880123352884e+00,-1.000000000000000000e+01,1.273999766200355879e+02
4.797500000000067821e+00,4.244689370300151268e+02,6.854572218085313295e+01,5.520602592898097960e+00,-1.000000000000000000e+01,1.282168511247423908e+02
4.800000000000068212e+00,4.246402829441963149e+02,6.851332419788207062e+01,5.293641543662938709e+00,-1.000000000000000000e+01,1.290004732785594115e+02
4.802500000000068603e+00,4.248115478664159355e+02,6.848093145271747062e+01,5.073241414648256509e+00,1.000000000000000000e+01,1.297518020608607117e+02
4.805000000000068994e+00,4.249827318097205762e+02,6.844854386211744668e+01,5.306807808655253922e+00,1.000000000000000000e+01,1.304862688350541191e+02
4.807500000000069384e+00,4.251538347869505401e+02,6.841616134623443202e+01,5.533506358716284268e+00,1.000000000000000000e+01,1.312540179382963004e+02
4.810000000000069775e+00,4.253248568107483152e+02,6.838378382814984491e+01,5.753537374726246156e+00,1.000000000000000000e+01,1.320540776329938808e+02
4.812500000000070166e+00,4.254957978935657934e+02,6.835141123387266759e+01,5.967095053664190907e+00,1.000000000000000000e+01,1.328855050400713651e+02
4.815000000000070557e+00,4.256666580476714330e+02,6.831904349245395736e+01,6.174368328769553216e+00,1.000000000000000000e+01,1.337473851884584803e+02
4.817500000000070948e+00,4.258374372851582166e+02,6.828668053623535172e+01,6.375539764781473551e+00,1.000000000000000000e+01,1.346388302615892201e+02
4.820000000000071338e+00,4.260081356179518934e+02,6.825432230100828690e+01,6.570787590873090167e+00,1.000000000000000000e+01,1.355589786321079941e+02
4.822500000000071729e+00,4.261787530578196765e+02,6.822196872612514085e+01,6.760283483268233695e+00,1.000000000000000000e+01,1.365069942621743735e+02
4.825000000000072120e+00,4.263492896163791670e+02,6.818961975461900238e+01,6.944195080415632049e+00,-1.000000000000000000e+01,1.374820658095491979e+02
4.827500000000072511e+00,4.265197453051077900e+02,6.815727533343297750e+01,6.679033256869606916e+00,-1.000000000000000000e+01,1.384690225986357746e+02
4.830000000000072902e+00,4.266901201353525721e+02,6.812493541359343396e+01,6.421489435649028188e+00,-1.000000000000000000e+01,1.394182542307869426e+02
4.832500000000073292e+00,4.268604141183403158e+02,6.809259995001693255e+01,6.171342355496316934e+00,-1.000000000000000000e+01,1.403308388794766017e+02
4.835000000000073683e+00,4.270306272651874337e+02,6.806026890133946949e+01,5.928376721278691086e+00,-1.000000000000000000e+01,1.412078233627209443e+02
4.837500000000074074e+00,4.272007595869088163e+02,6.802794222969575344e+01,5.692384246509407220e+00,-1.000000000000000000e+01,1.420502241266570138e+02
4.840000000000074465e+00,4.273708110944266991e+02,6.799561990061354777e+01,5.463162583368284864e+00,-1.000000000000000000e+01,1.428590281072126515e+02
4.842500000000074856e+00,4.275407817985789620e+02,6.796330188278751905e+01,5.240515086453938487e+00,-1.000000000000000000e+01,1.436351937679106641e+02
4.845000000000075246e+00,4.277106717101269737e+02,6.793098814794826978e+01,5.024251136925101946e+00,1.000000000000000000e+01,1.443796517725348281e+02
4.847500000000075637e+00,4.278804808397631518e+02,6.789867867078362451e+01,5.254338982370976296e+00,1.000000000000000000e+01,1.451075867469117213e+02
4.850000000000076028e+00,4.280502091981181252e+02,6.786637342864848677e+01,5.477712779328996362e+00,1.000000000000000000e+01,1.458683738941321337e+02
4.852500000000076419e+00,4.282198567957676687e+02,6.783407240263086635e+01,5.694567267983781989e+00,1.000000000000000000e+01,1.466610639383330295e+02
4.855000000000076810e+00,4.283894236432426510e+02,6.780177557777814457e+01,5.905090701600889780e+00,1.000000000000000000e+01,1.474847354070055871e+02
4.857500000000077200e+00,4.285589097510388115e+02,6.776948294340176915e+01,6.109465889552486928e+00,1.000000000000000000e+01,1.483384937186005743e+02
4.860000000000077591e+00,4.287283151296276174e+02,6.773719449314715746e+01,6.307870762042327328e+00,1.000000000000000000e+01,1.492214703928944459e+02
4.862500000000077982e+00,4.288976397894671777e+02,6.770491022508058165e+01,6.500477723108539330e+00,1.000000000000000000e+01,1.501328222814200331e+02
4.865000000000078373e+00,4.290668837410132710e+02,6.767263014183153302e+01,6.687453962793198592e+00,1.000000000000000000e+01,1.510717307501307403e+02
4.867500000000078764e+00,4.292360469947308843e+02,6.764035425068433938e+01,6.868961976463754837e+00,-1.000000000000000000e+01,1.520374009115427327e+02
4.870000000000079154e+00,4.294051295611058663e+02,6.760808256359052848e+01,6.608924392216515287e+00,-1.000000000000000000e+01,1.530148933464840297e+02
4.872500000000079545e+00,4.295741314506567505e+02,6.757581509748278847e+01,6.356294216879474490e+00,-1.000000000000000000e+01,1.539553421657225840e+02
4.875000000000079936e+00,4.297430526739467496e+02,6.754355187236164682e+01,6.110857743439437328e+00,-1.000000000000000000e+01,1.548597941712741317e+02
4.877500000000080327e+00,4.299118932415905192e+02,6.751129291058650495e+01,5.872407344913056271e+00,-1.000000000000000000e+01,1.557292662800115011e+02
4.880000000000080718e+00,4.300806531642597292e+02,6.747903823653491884e+01,5.640742127614826629e+00,-1.000000000000000000e+01,1.565647464510317945e+02
4.882500000000081108e+00,4.302493324526880656e+02,6.744678787633540651e+01,5.415665891140799104e+00,-1.000000000000000000e+01,1.573671945210129479e+02
4.885000000000081499e+00,4.304179311176755505e+02,6.741454185777440955e+01,5.196988993845437221e+00,-1.000000000000000000e+01,1.581375429863073521e+02
4.887500000000081890e+00,4.305864491700924646e+02,6.738230021009489690e+01,4.984527065210883734e+00,1.000000000000000000e+01,1.588766978403724579e+02
4.890000000000082281e+00,4.307548866208829281e+02,6.735006296378621471e+01,5.210876068931694860e+00,1.000000000000000000e+01,1.595996067689290214e+02
4.892500000000082672e+00,4.309232434810679138e+02,6.731783015023435723e+01,5.430670833117939189e+00,1.000000000000000000e+01,1.603548993678097077e+02
4.895000000000083062e+00,4.310915197617478611e+02,6.728560180421662551e+01,5.644099486148644651e+00,1.000000000000000000e+01,1.611416472085083740e+02
4.897500000000083453e+00,4.312597154741125109e+02,6.725337796452483019e+01,5.851344650254441504e+00,1.000000000000000000e+01,1.619589485993196263e+02
4.900000000000083844e+00,4.314278306294510230e+02,6.722115867435053360e+01,6.052583820289899386e+00,1.000000000000000000e+01,1.628059277496672053e+02
4.902500000000084235e+00,4.315958652391630608e+02,6.718894398136046675e+01,6.247988740478812808e+00,1.000000000000000000e+01,1.636817339974713548e+02
4.905000000000084626e+00,4.317638193147699894e+02,6.715673393765146670e+01,6.437726638481326980e+00,1.000000000000000000e+01,1.645855409437162677e+02
4.907500000000085016e+00,4.319316928679259604e+02,6.712452859971632790e+01,6.621959944959912470e+00,1.000000000000000000e+01,1.655165458358202102e+02
4.910000000000085407e+00,4.320994859104286547e+02,6.709232802833028586e+01,6.800845877544621665e+00,-1.000000000000000000e+01,1.664739687528538354e+02
4.912500000000085798e+00,4.322671984542303107e+02,6.706013228865117526e+01,6.545621888236436980e+00,-1.000000000000000000e+01,1.674430961823563848e+02
4.915000000000086189e+00,4.324348305114486948e+02,6.702794145050854979e+01,6.297603245248763137e+00,-1.000000000000000000e+01,1.683757947573723470e+02
4.917500000000086580e+00,4.326023820943779015e+02,6.699575558494065319e+01,6.056583471977458721e+00,-1.000000000000000000e+01,1.692730839509042653e+02
4.920000000000086970e+00,4.327698532154898885e+02,6.696357476330204861e+01,5.822362006215998420e+00,-1.000000000000000000e+01,1.701359546185515512e+02
4.922500000000087361e+00,4.329372438874347608e+02,6.693139905655715438e+01,5.594744498181762893e+00,-1.000000000000000000e+01,1.709653698275625970e+02
4.925000000000087752e+00,4.331045541230398044e+02,6.689922853506264744e+01,5.373542002149447327e+00,-1.000000000000000000e+01,1.717622656557971084e+02
4.927500000000088143e+00,4.332717839353077807e+02,6.686706326847847492e+01,5.158571189791665290e+00,-1.000000000000000000e+01,1.725275519419740817e+02
4.930000000000088534e+00,4.334389333374152216e+02,6.683490332565345682e+01,4.949654200733790255e+00,1.000000000000000000e+01,1.732621130039680395e+02
4.932500000000088924e+00,4.336060023427102124e+02,6.680274877459393679e+01,5.172137894548678005e+00,1.000000000000000000e+01,1.739806640571421497e+02
4.935000000000089315e+00,4.337729909647100612e+02,6.677059968179277405e+01,5.388229064056955231e+00,1.000000000000000000e+01,1.747310955970208681e+02
4.937500000000089706e+00,4.339398992170985707e+02,6.673845611614648021e+01,5.598109735963639366e+00,1.000000000000000000e+01,1.755124986167881218e+02
4.940000000000090097e+00,4.341067271137334842e+02,6.670631814981945240e+01,5.801956592055004691e+00,1.000000000000000000e+01,1.763239898699307275e+02
4.942500000000090488e+00,4.342734746686550693e+02,6.667418585864054137e+01,5.999941439064169657e+00,1.000000000000000000e+01,1.771647110516402108e+02
4.945000000000090878e+00,4.344401418960953833e+02,6.664205932217645056e+01,6.192231040979294221e+00,1.000000000000000000e+01,1.780338280524125594e+02
4.947500000000091269e+00,4.346067288104874820e+02,6.660993862354763451e+01,6.378986777477822834e+00,1.000000000000000000e+01,1.789305301627015581e+02
4.950000000000091660e+00,4.347732354264740593e+02,6.657782384926548502e+01,6.560365932048549453e+00,1.000000000000000000e+01,1.798540294380864566e+02
4.952500000000092051e+00,4.349396617589160314e+02,6.654571508916696132e+01,6.736520610327668024e+00,-1.000000000000000000e+01,-1.791964400769747954e+02
4.955000000000092442e+00,4.351060078229008354e+02,6.651361243637222742e+01,6.485855287019164805e+00,-1.000000000000000000e+01,-1.782353659873445793e+02
4.957500000000092832e+00,4.352722736337506717e+02,6.648151598752006919e+01,6.242200690647208283e+00,-1.000000000000000000e+01,-1.773101452598590413e+02
4.960000000000093223e+00,4.354384592070304052e+02,6.644942583847392825e+01,6.005357957577633243e+00,-1.000000000000000000e+01,-1.764197824035686892e+02
4.962500000000093614e+00,4.356045645585433590e+02,6.641734208305977916e+01,5.775133744677048320e+00,-1.000000000000000000e+01,-1.755633094880687395e+02
4.965000000000094005e+00,4.357705897043259142e+02,6.638526481237310861e+01,5.551339910456619897e+00,-1.000000000000000000e+01,-1.747397853918442081e+02
4.967500000000094396e+00,4.359365346606405751e+02,6.635319411477526330e+01,5.333794655227695358e+00,-1.000000000000000000e+01,-1.739482950914678554e+02
4.970000000000094786e+00,4.361023994439693183e+02,6.632113007592568010e+01,5.122320368818074066e+00,-1.000000000000000000e+01,-1.731879489573476008e+02
4.972500000000095177e+00,4.362681840710066012e+02,6.628907277865650371e+01,4.916745181947554499e+00,1.000000000000000000e+01,-1.724578820571924496e+02
4.975000000000095568e+00,4.364338885586524270e+02,6.625702230289033423e+01,5.135334314275959322e+00,1.000000000000000000e+01,-1.717436120426017396e+02
4.977500000000095959e+00,4.365995129240045571e+02,6.622497872522859552e+01,5.347692454698006692e+00,1.000000000000000000e+01,-1.709979954539959692e+02
4.980000000000096350e+00,4.367650571843515763e+02,6.619294212337993599e+01,5.553996098960797489e+00,1.000000000000000000e+01,-1.702219225640741058e+02
4.982500000000096740e+00,4.369305213571775539e+02,6.616091257711245532e+01,5.754415925662450526e+00,1.000000000000000000e+01,-1.694162588180769831e+02
4.985000000000097131e+00,4.370959054601674438e+02,6.612889016875016068e+01,5.949117667596616421e+00,1.000000000000000000e+01,-1.685818455587838116e+02
4.987500000000097522e+00,4.372612095112134512e+02,6.609687498311136267e+01,6.138262505095869237e+00,1.000000000000000000e+01,-1.677195007992723390e+02
4.990000000000097913e+00,4.374264335284211711e+02,6.606486710743413937e+01,6.322007090833766441e+00,1.000000000000000000e+01,-1.668300198873403701e+02
4.992500000000098304e+00,4.375915775301156145e+02,6.603286663110927179e+01,6.500503846467731606e+00,-1.000000000000000000e+01,-1.659141762285132415e+02
4.995000000000098694e+00,4.377566415348464943e+02,6.600087364560977221e+01,6.258739497184005351e+00,1.000000000000000000e+01,-1.649862609017124271e+02
4.997500000000099085e+00,4.379216255613936255e+02,6.596888824465182211e+01,6.438432775517200390e+00,1.000000000000000000e+01,-1.640794569027406737e+02
5.000000000000099476e+00,4.380865296287707338e+02,6.593691051910957412e+01,6.612997870050780769e+00,1.000000000000000000e+01,-1.631468742215201360e+02
5.002500000000099867e+00,4.382513537562177817e+02,6.590494056033510617e+01,6.782578765820109545e+00,1.000000000000000000e+01,-1.621892487692916234e+02
5.005000000000100258e+00,4.384160979632035264e+02,6.587297846060219797e+01,6.947315256278256967e+00,1.000000000000000000e+01,-1.612072963054767740e+02
5.007500000000100648e+00,4.385807622694282486e+02,6.584102431352999929e+01,7.107343532103396200e+00,1.000000000000000000e+01,-1.602017130590575107e+02
5.010000000000101039e+00,4.387453466948271057e+02,6.580907821393870449e+01,7.262795581261797473e+00,1.000000000000000000e+01,-1.591731762887504544e+02
5.012500000000101430e+00,4.389098512595728039e+02,6.577714025761257233e+01,7.413800057187359904e+00,1.000000000000000000e+01,-1.581223448582539390e+02
5.015000000000101821e+00,4.390742759840779854e+02,6.574521054116182484e+01,7.560481420335404046e+00,1.000000000000000000e+01,-1.570498597735033854e+02
5.017500000000102212e+00,4.392386208889973318e+02,6.571328916184749858e+01,7.702961294769188783e+00,1.000000000000000000e+01,-1.559563447116593409e+02
5.020000000000102602e+00,4.394028859952289849e+02,6.568137621735181142e+01,7.841356854590615377e+00,1.000000000000000000e+01,-1.548424065219666090e+02
5.022500000000102993e+00,4.395670713239153429e+02,6.564947180551816075e+01,7.975782758971091013e+00,1.000000000000000000e+01,-1.537086357139583868e+02
5.025000000000103384e+00,4.397311768964434577e+02,6.561757602416037116e+01,8.106349794752166105e+00,1.000000000000000000e+01,-1.525556069313081196e+02
5.027500000000103775e+00,4.398952027344449789e+02,6.558568897102537676e+01,8.233165848517650431e+00,1.000000000000000000e+01,-1.513838794016389215e+02
5.030000000000104166e+00,4.400591488597956982e+02,6.555381074350054860e+01,8.356336125976271845e+00,1.000000000000000000e+01,-1.501939973736598120e+02
5.032500000000104556e+00,4.402230152946146973e+02,6.552194143831619044e+01,8.475962364157121343e+00,1.000000000000000000e+01,-1.489864905345940542e+02
5.035000000000104947e+00,4.403868020612623013e+02,6.549008115135806918e+01,8.592143882316106485e+00,1.000000000000000000e+01,-1.477618744291398514e+02
5.037500000000105338e+00,4.405505091823381463e+02,6.545822997761345619e+01,8.704976243566894922e+00,1.000000000000000000e+01,-1.465206508270946699e+02
5.040000000000105729e+00,4.407141366806787346e+02,6.542638801097810131e+01,8.814553269996803664e+00,1.000000000000000000e+01,-1.452633081110601552e+02
5.042500000000106120e+00,4.408776845793546499e+02,6.539455534389961144e+01,8.920965576321920665e+00,1.000000000000000000e+01,-1.439903216383590632e+02
5.045000000000106510e+00,4.410411529016665781e+02,6.536273206731135588e+01,9.024301785672220078e+00,1.000000000000000000e+01,-1.427021540739932846e+02
5.047500000000106901e+00,4.412045416711418397e+02,6.533091827041438648e+01,9.124647397642096536e+00,1.000000000000000000e+01,-1.413992557341856013e+02
5.050000000000107292e+00,4.413678509115295583e+02,6.529911404042248080e+01,9.222085806885289117e+00,1.000000000000000000e+01,-1.400820648937406929e+02
5.052500000000107683e+00,4.415310806467957718e+02,6.526731946243683069e+01,9.316697623685348262e+00,1.000000000000000000e+01,-1.387510081207883559e+02
5.055000000000108074e+00,4.416942309011179759e+02,6.523553461926333341e+01,9.408561891652380993e+00,1.000000000000000000e+01,-1.374065005271452264e+02
5.057500000000108464e+00,4.418573016988793825e+02,6.520375959127285626e+01,9.497755089245575988e+00,1.000000000000000000e+01,-1.360489460671727784e+02
5.060000000000108855e+00,4.420202930646626100e+02,6.517199445604015295e+01,9.584351498194811469e+00,1.000000000000000000e+01,-1.346787378377067910e+02
5.062500000000109246e+00,4.421832050232425786e+02,6.514023928826701137e+01,9.668422829058766155e+00,1.000000000000000000e+01,-1.332962582925122206e+02
5.065000000000109637e+00,4.423460375995793470e+02,6.510849415963734543e+01,9.750039568408197965e+00,1.000000000000000000e+01,-1.319018795475548416e+02
5.067500000000110028e+00,4.425087908188103825e+02,6.507675913867146278e+01,9.829270203077475898e+00,1.000000000000000000e+01,-1.304959635587799767e+02
5.070000000000110418e+00,4.426714647062426593e+02,6.504503429056573793e+01,9.906180769719691526e+00,1.000000000000000000e+01,-1.290788623958791845e+02
5.072500000000110809e+00,4.428340592873441324e+02,6.501331967693346314e+01,9.980835917170301386e+00,1.000000000000000000e+01,-1.276509184662937315e+02
5.075000000000111200e+00,4.429965745877347558e+02,6.498161535577276027e+01,1.005329756195096813e+01,1.000000000000000000e+01,-1.262124647064201639e+02
5.077500000000111591e+00,4.431590106331774450e+02,6.494992138130440651e+01,1.012362712592579683e+01,1.000000000000000000e+01,-1.247638247953017441e+02
5.080000000000111982e+00,4.433213674495683563e+02,6.491823780377356456e+01,1.019188349862066367e+01,1.000000000000000000e+01,-1.233053133797421594e+02
5.082500000000112372e+00,4.434836450629270530e+02,6.488656466937544565e+01,1.025812442037241112e+01,1.000000000000000000e+01,-1.218372362515007268e+02
5.085000000000112763e+00,4.436458434993862738e+02,6.485490202012293537e+01,1.032240570362292864e+01,1.000000000000000000e+01,-1.203598905303897482e+02
5.087500000000113154e+00,4.438079627851813029e+02,6.482324989382428271e+01,1.038478148492994357e+01,1.000000000000000000e+01,-1.188735648198762931e+02
5.090000000000113545e+00,4.439700029466396245e+02,6.479160832384968671e+01,1.044530439559261303e+01,1.000000000000000000e+01,-1.173785394463769762e+02
5.092500000000113936e+00,4.441319640101694972e+02,6.475997733902360665e+01,1.050402616683490287e+01,1.000000000000000000e+01,-1.158750866039919174e+02
5.095000000000114326e+00,4.442938460022486993e+02,6.472835696363411273e+01,1.056099621842760428e+01,1.000000000000000000e+01,-1.143634704705181235e+02
5.097500000000114717e+00,4.444556489494131029e+02,6.469674721725381517e+01,1.061626311896091401e+01,1.000000000000000000e+01,-1.128439474900717414e+02
5.100000000000115108e+00,4.446173728782448507e+02,6.466514811474168312e+01,1.066987423983224659e+01,1.000000000000000000e+01,-1.113167664413404339e+02
5.102500000000115499e+00,4.447790178153605893e+02,6.463355966626039617e+01,1.072187528318132088e+01,1.000000000000000000e+01,-1.097821685616641219e+02
5.105000000000115890e+00,4.449405837873996461e+02,6.460198187704048678e+01,1.077231053161694874e+01,1.000000000000000000e+01,-1.082403878067519116e+02
5.107500000000116280e+00,4.451020708210115231e+02,6.457041474735926556e+01,1.082122358269199758e+01,1.000000000000000000e+01,-1.066916509594009170e+02
5.110000000000116671e+00,4.452634789428436761e+02,6.453885827262585906e+01,1.086865595682210639e+01,1.000000000000000000e+01,-1.051361777680483840e+02
5.112500000000117062e+00,4.454248081795293501e+02,6.450731244327916158e+01,1.091464927322377854e+01,1.000000000000000000e+01,-1.035741811200971370e+02
5.115000000000117453e+00,4.455860585576750736e+02,6.447577724482266603e+01,1.095924270314465154e+01,1.000000000000000000e+01,-1.020058671389482186e+02
5.117500000000117844e+00,4.457472301038482101e+02,6.444425265774718525e+01,1.100247534721377463e+01,1.000000000000000000e+01,-1.004314354123437738e+02
5.120000000000118234e+00,4.459083228445646228e+02,6.441273865756768657e+01,1.104438459292792274e+01,1.000000000000000000e+01,-9.885107905977972109e+01
5.122500000000118625e+00,4.460693368062761692e+02,6.438123521484786238e+01,1.108500674876768599e+01,1.000000000000000000e+01,-9.726498494859960431e+01
5.125000000000119016e+00,4.462302720153581959e+02,6.434974229523525935e+01,1.112437757984110398e+01,1.000000000000000000e+01,-9.567333378304995506e+01
5.127500000000119407e+00,4.463911284980975438e+02,6.431825985947467927e+01,1.116253132720856911e+01,1.000000000000000000e+01,-9.407630026980692151e+01
5.130000000000119798e+00,4.465519062806799866e+02,6.428678786341333762e+01,1.119950211475372548e+01,1.000000000000000000e+01,-9.247405331789941840e+01
5.132500000000120188e+00,4.467126053891782931e+02,6.425532625811743515e+01,1.123532198645159497e+01,1.000000000000000000e+01,-9.086675600638146477e+01
5.135000000000120579e+00,4.468732258495401766e+02,6.422387498984181775e+01,1.127002288623069326e+01,1.000000000000000000e+01,-8.925456598981337208e+01
5.137500000000120970e+00,4.470337676875761872e+02,6.419243400010870459e+01,1.130363580629434139e+01,1.000000000000000000e+01,-8.763763546565004958e+01
5.140000000000121361e+00,4.471942309289481159e+02,6.416100322589981886e+01,1.133619033676212595e+01,1.000000000000000000e+01,-8.601611130863635424e+01
5.142500000000121751e+00,4.473546155991576256e+02,6.412958259960053908e+01,1.136771594480054937e+01,1.000000000000000000e+01,-8.439013538992767849e+01
5.145000000000122142e+00,4.475149217235347692e+02,6.409817204912172883e+01,1.139824113232401537e+01,1.000000000000000000e+01,-8.275984452744744146e+01
5.147500000000122533e+00,4.476751493272268476e+02,6.406677149809794969e+01,1.142779305055506001e+01,1.000000000000000000e+01,-8.112537070448163945e+01
5.150000000000122924e+00,4.478352984351879513e+02,6.403538086586583233e+01,1.145639880999666360e+01,1.000000000000000000e+01,-7.948684125608941997e+01
5.152500000000123315e+00,4.479953690721680459e+02,6.400400006761316263e+01,1.148408422996914524e+01,1.000000000000000000e+01,-7.784437899312891318e+01
5.155000000000123705e+00,4.481553612627026837e+02,6.397262901453827055e+01,1.151087460431962661e+01,1.000000000000000000e+01,-7.619810234248934933e+01
5.157500000000124096e+00,4.483152750311032833e+02,6.394126761397979664e+01,1.153679480570692562e+01,1.000000000000000000e+01,-7.454812553998924329e+01
5.160000000000124487e+00,4.484751104014474663e+02,6.390991576956462694e+01,1.156186848017415336e+01,1.000000000000000000e+01,-7.289455866658981620e+01
5.162500000000124878e+00,4.486348673975699057e+02,6.387857338132921825e+01,1.158611922276587158e+01,1.000000000000000000e+01,-7.123750792473352078e+01
5.165000000000125269e+00,4.487945460430532307e+02,6.384724034584943553e+01,1.160956940584272168e+01,1.000000000000000000e+01,-6.957707570601009195e+01
5.167500000000125659e+00,4.489541463612197276e+02,6.381591655641586414e+01,1.163224104740486808e+01,1.000000000000000000e+01,-6.791336076588815729e+01
5.170000000000126050e+00,4.491136683751229839e+02,6.378460190318516254e+01,1.165415559713313520e+01,1.000000000000000000e+01,-6.624645839072663023e+01
5.172500000000126441e+00,4.492731121075403848e+02,6.375329627335781879e+01,1.167533379454857645e+01,1.000000000000000000e+01,-6.457646053167938760e+01
5.175000000000126832e+00,4.494324775809656671e+02,6.372199955136765936e+01,1.169579581406272872e+01,1.000000000000000000e+01,-6.290345592311240353e+01
5.177500000000127223e+00,4.495917648176020407e+02,6.369071161904696510e+01,1.171556117963441501e+01,1.000000000000000000e+01,-6.122753027540910153e+01
5.180000000000127613e+00,4.497509738393559360e+02,6.365943235577760362e+01,1.173464945888509448e+01,1.000000000000000000e+01,-5.954876639405385674e+01
5.182500000000128004e+00,4.499101046678309217e+02,6.362816163871457320e+01,1.175307918411066943e+01,1.000000000000000000e+01,-5.786724427798036885e+01
5.185000000000128395e+00,4.500691573243223047e+02,6.359689934298310732e+01,1.177086782121248731e+01,1.000000000000000000e+01,-5.618304129398150337e+01
5.187500000000128786e+00,4.502281318298120141e+02,6.356564534183329584e+01,1.178803356782265155e+01,1.000000000000000000e+01,-5.449623242240217991e+01
5.190000000000129177e+00,4.503870282049641105e+02,6.353439950686939142e+01,1.180459318066108843e+01,1.000000000000000000e+01,-5.280689022925240295e+01
5.192500000000129567e+00,4.505458464701208641e+02,6.350316170825315965e+01,1.182056308919895571e+01,1.000000000000000000e+01,-5.111508505139622116e+01
5.195000000000129958e+00,4.507045866452991731e+02,6.347193181486390046e+01,1.183595971445715911e+01,8.864092773128270153e+00,-4.942088523026130531e+01
5.197500000000130349e+00,4.508632487501874380e+02,6.344070969455718512e+01,1.182917948883281412e+01,8.864092773128270153e+00,-4.772505744066903333e+01
5.200000000000130740e+00,4.510218328041432301e+02,6.340949521436423453e+01,1.182244011468929479e+01,8.864092773128270153e+00,-4.603004505039811534e+01
5.202500000000131131e+00,4.511803388261912460e+02,6.337828824073417877e+01,1.181574076092162606e+01,8.864092773128270153e+00,-4.433582863378700267e+01
5.205000000000131521e+00,4.513387668350221134e+02,6.334708863975245663e+01,1.180908060375771740e+01,8.864092773128270153e+00,-4.264238953537139309e+01
5.207500000000131912e+00,4.514971168489915385e+02,6.331589627737567838e+01,1.180245862097703657e+01,8.864092773128270153e+00,-4.094970990760555196e+01
5.210000000000132303e+00,4.516553888861200221e+02,6.328471101963282308e+01,1.179587386332557486e+01,8.864092773128270153e+00,-3.925777277966057710e+01
5.212500000000132694e+00,4.518135829640933707e+02,6.325353273283791111e+01,1.178932585604534999e+01,8.864092773128270153e+00,-3.756656201445826326e+01
5.215000000000133085e+00,4.519716991002632653e+02,6.322236128378097675e+01,1.178281355587951040e+01,-7.513698644786424019e+00,-3.587606236438130480e+01
5.217500000000133475e+00,4.521297373116487961e+02,6.319119653999164399e+01,1.146394074813940378e+01,-7.513698644786424019e+00,-3.419638872606426361e+01
5.220000000000133866e+00,4.522876976149382813e+02,6.316003836975961860e+01,1.115350155150725087e+01,-7.513698644786424019e+00,-3.256193585447120142e+01
5.222500000000134257e+00,4.524455800264914842e+02,6.312888664337006617e+01,1.085126925858745928e+01,-7.513698644786424019e+00,-3.097151186622562946e+01
5.225000000000134648e+00,4.526033845623452407e+02,6.309774123354795705e+01,1.055702382415395313e+01,-7.513698644786424019e+00,-2.942395790139570266e+01
5.227500000000135039e+00,4.527611112382196552e+02,6.306660201571187940e+01,1.027055092966509342e+01,-7.513698644786424019e+00,-2.791814703610878468e+01
5.230000000000135429e+00,4.529187600695249785e+02,6.303546886802624272e+01,9.991641931101813867e+00,-7.513698644786424019e+00,-2.645298323389133088e+01
5.232500000000135820e+00,4.530763310713684291e+02,6.300434167145602515e+01,9.720094364027081824e+00,-7.513698644786424019e+00,-2.502740038444710891e+01
5.235000000000136211e+00,4.532338242585612988e+02,6.297322030986245522e+01,9.455710822757254164e+00,-1.000000000000000000e+01,-2.364036130837237337e+01
5.237500000000136602e+00,4.533912396456261149e+02,6.294210467002135090e+01,9.151645335249416036e+00,-1.000000000000000000e+01,-2.229237134679136645e+01
5.240000000000136993e+00,4.535485772468040295e+02,6.291099464164522459e+01,8.855614884481003202e+00,-1.000000000000000000e+01,-2.098759297862307349e+01
5.242500000000137383e+00,4.537058370760621528e+02,6.287989011754351765e+01,8.567404568430829315e+00,-1.000000000000000000e+01,-1.972489476341965187e+01
5.245000000000137774e+00,4.538630191471013973e+02,6.284879099365006283e+01,8.286805036043441319e+00,-1.000000000000000000e+01,-1.850317547224744175e+01
5.247500000000138165e+00,4.540201234733643787e+02,6.281769716901504808e+01,8.013612402523561329e+00,-1.000000000000000000e+01,-1.732136315019129214e+01
5.250000000000138556e+00,4.541771500680429767e+02,6.278660854577499606e+01,7.747629042014704481e+00,-1.000000000000000000e+01,-1.617841431937479157e+01
5.252500000000138947e+00,4.543340989440862359e+02,6.275552502916427500e+01,7.488662097469269696e+00,-1.000000000000000000e+01,-1.507331314342879836e+01
5.255000000000139337e+00,4.544909701142079825e+02,6.272444652745445381e+01,7.236524150130295929e+00,1.000000000000000000e+01,-1.400507064779361421e+01
5.257500000000139728e+00,4.546477635908944421e+02,6.269337295192530490e+01,7.365791081623993541e+00,1.000000000000000000e+01,-1.296054633984361004e+01
5.260000000000140119e+00,4.548044793864117423e+02,6.266230421689775199e+01,7.491524439294666493e+00,1.000000000000000000e+01,-1.189743788485725950e+01
5.262500000000140510e+00,4.549611175128134732e+02,6.263124023894690140e+01,7.613818612373171035e+00,1.000000000000000000e+01,-1.081624519601339784e+01
5.265000000000140901e+00,4.551176779819456897e+02,6.260018093681971152e+01,7.732765370007378181e+00,1.000000000000000000e+01,-9.717455127905344270e+00
5.267500000000141291e+00,4.552741608054525955e+02,6.256912623143336560e+01,7.848453899763478958e+00,1.000000000000000000e+01,-8.601541914383075138e+00
5.270000000000141682e+00,4.554305659947819436e+02,6.253807604603153436e+01,7.960970916504048311e+00,1.000000000000000000e+01,-7.468967524798407531e+00
5.272500000000142073e+00,4.555868935611910047e+02,6.250703030625633971e+01,8.070400937910019223e+00,1.000000000000000000e+01,-6.320182030295358189e+00
5.275000000000142464e+00,4.557431435157524220e+02,6.247598894032135064e+01,8.176826199122325889e+00,1.000000000000000000e+01,-5.155623962391205239e+00
5.277500000000142855e+00,4.558993158693610326e+02,6.244495187914597523e+01,8.280326497818430553e+00,-1.000000000000000000e+01,-3.975720684266777383e+00
5.280000000000143245e+00,4.560554106327404043e+02,6.241391905648973193e+01,8.009665498011800722e+00,-1.000000000000000000e+01,-2.792968015888441347e+00
5.282500000000143636e+00,4.562114278164502252e+02,6.238289040902181881e+01,7.746101935873250355e+00,-1.000000000000000000e+01,-1.648802517676909440e+00
5.285000000000144027e+00,4.563673674308936370e+02,6.235186587677780778e+01,7.489447648134087032e+00,-1.000000000000000000e+01,-5.422233773563323034e-01
5.287500000000144418e+00,4.565232294863257607e+02,6.232084540313725540e+01,7.239518435438919930e+00,-1.000000000000000000e+01,5.277442687751683348e-01
5.290000000000144809e+00,4.566790139928621102e+02,6.228982893471730620e+01,6.996135853886533695e+00,-1.000000000000000000e+01,1.562050011260593507e+00
5.292500000000145199e+00,4.568347209604864361e+02,6.225881642129780147e+01,6.759125879748964394e+00,-1.000000000000000000e+01,2.561618801630492825e+00
5.295000000000145590e+00,4.569903503990588547e+02,6.222780781570003938e+01,6.528319793144736316e+00,-1.000000000000000000e+01,3.527351605137010182e+00
5.297500000000145981e+00,4.571459023183230101e+02,6.219680307365460692e+01,6.303553008439988226e+00,1.000000000000000000e+01,4.460126018063940379e+00
5.300000000000146372e+00,4.573013767279136914e+02,6.216580215377085494e+01,6.452923287803107755e+00,1.000000000000000000e+01,5.372786751607534939e+00
5.302500000000146763e+00,4.574567736373637103e+02,6.213480501745743823e+01,6.598266443031829631e+00,1.000000000000000000e+01,6.306891151260465733e+00
5.305000000000147153e+00,4.576120930561110072e+02,6.210381162898453766e+01,6.739688849188574693e+00,1.000000000000000000e+01,7.261864696675748299e+00
5.307500000000147544e+00,4.577673349935058695e+02,6.207282195558028093e+01,6.877294275370014809e+00,1.000000000000000000e+01,8.237147596462246923e+00
5.310000000000147935e+00,4.579224994588183790e+02,6.204183596757629005e+01,7.011183751399527431e+00,1.000000000000000000e+01,9.232194363182134822e+00
5.312500000000148326e+00,4.580775864612461987e+02,6.201085363851270671e+01,7.141455528055723256e+00,1.000000000000000000e+01,1.024647340313314814e+01
5.315000000000148717e+00,4.582325960099227586e+02,6.197987494520488383e+01,7.268205215197264479e+00,1.000000000000000000e+01,1.127946661275850282e+01
5.317500000000149107e+00,4.583875281139253275e+02,6.194889986784286862e+01,7.391525284538038143e+00,1.000000000000000000e+01,1.233066899742287603e+01
5.320000000000149498e+00,4.585423827822835960e+02,6.191792839009625027e+01,7.511506939591444443e+00,-1.000000000000000000e+01,1.339958828661114332e+01
5.322500000000149889e+00,4.586971600239885447e+02,6.188696049917201236e+01,7.263404799595703842e+00,-1.000000000000000000e+01,1.447385745793117806e+01
5.325000000000150280e+00,4.588518598480011406e+02,6.185599618596983618e+01,7.021754928302452292e+00,-1.000000000000000000e+01,1.551263463799516451e+01
5.327500000000150671e+00,4.590064822632614892e+02,6.182503544435036957e+01,6.786387007261867055e+00,-1.000000000000000000e+01,1.651683553708368990e+01
5.330000000000151061e+00,4.591610272786959968e+02,6.179407827082957994e+01,6.557135467151888442e+00,-1.000000000000000000e+01,1.748735234736982491e+01
5.332500000000151452e+00,4.593154949032236800e+02,6.176312466435906856e+01,6.333838591443536004e+00,-1.000000000000000000e+01,1.842505431322699394e+01
5.335000000000151843e+00,4.594698851457623618e+02,6.173217462614606887e+01,6.116339722529002820e+00,-1.000000000000000000e+01,1.933078829827075040e+01
5.337500000000152234e+00,4.596241980152340147e+02,6.170122815958145424e+01,5.904486035977687841e+00,-1.000000000000000000e+01,2.020537933164095890e+01
5.340000000000152625e+00,4.597784335205703883e+02,6.167028527004389815e+01,5.698128782658166358e+00,1.000000000000000000e+01,2.104963114101048660e+01
5.342500000000153015e+00,4.599325916707176702e+02,6.163934596487629847e+01,5.858928211434694333e+00,1.000000000000000000e+01,2.187612035826231249e+01
5.345000000000153406e+00,4.600866724746414320e+02,6.160841025308608465e+01,6.015438804617414092e+00,1.000000000000000000e+01,2.272566493191806103e+01
5.347500000000153797e+00,4.602406759413310056e+02,6.157747814648638496e+01,6.167773103779691013e+00,1.000000000000000000e+01,2.359764909074803541e+01
5.350000000000154188e+00,4.603946020798070435e+02,6.154654966015426965e+01,6.316041040641794169e+00,1.000000000000000000e+01,2.449147270060343118e+01
5.352500000000154579e+00,4.605484508991298185e+02,6.151562481258810067e+01,6.460348890874063166e+00,1.000000000000000000e+01,2.540655083088589805e+01
5.355000000000154969e+00,4.607022224084078061e+02,6.148470362566989422e+01,6.600800817302218348e+00,1.000000000000000000e+01,2.634231330966962048e+01
5.357500000000155360e+00,4.608559166168060983e+02,6.145378612479083813e+01,6.737497590996236241e+00,1.000000000000000000e+01,2.729820435188055683e+01
5.360000000000155751e+00,4.610095335335552704e+02,6.142287233889125986e+01,6.870537614776687896e+00,1.000000000000000000e+01,2.827368216109852384e+01
5.362500000000156142e+00,4.611630731679603059e+02,6.139196230039259206e+01,7.000016315001452050e+00,-1.000000000000000000e+01,2.926821852512371436e+01
5.365000000000156533e+00,4.613165355294091228e+02,6.136105604519501355e+01,6.767603592729567019e+00,-1.000000000000000000e+01,3.026961225053291926e+01
5.367500000000156923e+00,4.614699206273815548e+02,6.133015361299207058e+01,6.541181402531542233e+00,-1.000000000000000000e+01,3.123767343876892966e+01
5.370000000000157314e+00,4.616232284714583898e+02,6.129925504535631120e+01,6.320593084877595302e+00,-1.000000000000000000e+01,3.217325876145852703e+01
5.372500000000157705e+00,4.617764590713250641e+02,6.126836038512320926e+01,6.105686033757416808e+00,-1.000000000000000000e+01,3.307720288282595078e+01
5.375000000000158096e+00,4.619296124367746756e+02,6.123746967613428893e+01,5.896311270660580917e+00,-1.000000000000000000e+01,3.395031899102199446e+01
5.377500000000158487e+00,4.620826885777104849e+02,6.120658296307843216e+01,5.692324380651685445e+00,-1.000000000000000000e+01,3.479339930968541950e+01
5.380000000000158877e+00,4.622356875041478474e+02,6.117570029130931886e+01,5.493584345968171689e+00,-1.000000000000000000e+01,3.560721560074942715e+01
5.382500000000159268e+00,4.623886092262158058e+02,6.114482170683993445e+01,5.299954170070452442e+00,1.000000000000000000e+01,3.639251969243994012e+01
5.385000000000159659e+00,4.625414537541589652e+02,6.111394725618816182e+01,5.466745568804384448e+00,1.000000000000000000e+01,3.716163326776126752e+01
5.387500000000160050e+00,4.626942210983381187e+02,6.108307698603111646e+01,5.629130837149515010e+00,1.000000000000000000e+01,3.795462839511495901e+01
5.390000000000160441e+00,4.628469112692314980e+02,6.105221094529021286e+01,5.787224928303539073e+00,1.000000000000000000e+01,3.877086970408009847e+01
5.392500000000160831e+00,4.629995242774410826e+02,6.102134918574015643e+01,5.941139538985721558e+00,1.000000000000000000e+01,3.960973791493297114e+01
5.395000000000161222e+00,4.631520601337002745e+02,6.099049176225295810e+01,6.090983303035288010e+00,1.000000000000000000e+01,4.047062934472893403e+01
5.397500000000161613e+00,4.633045188488811732e+02,6.095963873262906674e+01,6.236862169110510834e+00,1.000000000000000000e+01,4.135295549005879678e+01
5.400000000000162004e+00,4.634569004340021365e+02,6.092879015771327289e+01,6.378879104461608662e+00,1.000000000000000000e+01,4.225614269019971658e+01
5.402500000000162395e+00,4.636092049002353406e+02,6.089794610131216501e+01,6.517134731152274263e+00,1.000000000000000000e+01,4.317963167749169173e+01
5.405000000000162785e+00,4.637614322589141125e+02,6.086710663013160882e+01,6.651726007377305017e+00,-1.000000000000000000e+01,4.412287728486156624e+01
5.407500000000163176e+00,4.639135825215402633e+02,6.083627181370355430e+01,6.430618717476462187e+00,-1.000000000000000000e+01,4.507386949253229602e+01
5.410000000000163567e+00,4.640656556997910229e+02,6.080544172457405949e+01,6.215157970821692857e+00,-1.000000000000000000e+01,4.599311055883310928e+01
5.412500000000163958e+00,4.642176518055262022e+02,6.077461643581096240e+01,6.005196858302655372e+00,-1.000000000000000000e+01,4.688141323233548263e+01
5.415000000000164349e+00,4.643695708507881363e+02,6.074379602021542723e+01,5.800592997401691875e+00,-1.000000000000000000e+01,4.773956925309250465e+01
5.417500000000164739e+00,4.645214128478006614e+02,6.071298054982352710e+01,5.601206941617113522e+00,-1.000000000000000000e+01,4.856834990702709831e+01
5.420000000000165130e+00,4.646731778089674663e+02,6.068217009589773880e+01,5.406903593856969614e+00,-1.000000000000000000e+01,4.936850653906427766e+01
5.422500000000165521e+00,4.648248657468697616e+02,6.065136472878502616e+01,5.217551080150477638e+00,-1.000000000000000000e+01,5.014077100810535370e+01
5.425000000000165912e+00,4.649764766742640631e+02,6.062056451783255540e+01,5.033021132963137134e+00,1.000000000000000000e+01,5.088585621643671431e+01
5.427500000000166303e+00,4.651280106040798046e+02,6.058976953139521271e+01,5.202405439437137957e+00,1.000000000000000000e+01,5.161583614739863890e+01
5.430000000000166693e+00,4.652794675494164380e+02,6.055897983649400373e+01,5.367356316196522314e+00,1.000000000000000000e+01,5.237003214797487516e+01
5.432500000000167084e+00,4.654308475235409333e+02,6.052819550146581662e+01,5.527988255972791087e+00,1.000000000000000000e+01,5.314780360713974261e+01
5.435000000000167475e+00,4.655821505398922113e+02,6.049741659658487691e+01,5.684412749901867734e+00,1.000000000000000000e+01,5.394852607366649977e+01
5.437500000000167866e+00,4.657333766120861469e+02,6.046664319438357182e+01,5.836738182064054037e+00,1.000000000000000000e+01,5.477159083828183128e+01
5.440000000000168257e+00,4.658845257539212525e+02,6.043587536949019068e+01,5.985070365541131920e+00,1.000000000000000000e+01,5.561640449592913882e+01
5.442500000000168647e+00,4.660355979793836241e+02,6.040511319859228223e+01,6.129511981247317998e+00,1.000000000000000000e+01,5.648238862304440744e+01
5.445000000000169038e+00,4.661865933026523976e+02,6.037435676037488719e+01,6.270163487682768988e+00,1.000000000000000000e+01,5.736897937177442941e+01
5.447500000000169429e+00,4.663375117381044106e+02,6.034360613534416018e+01,6.407121943786660445e+00,-1.000000000000000000e+01,5.827562711678474017e+01
5.450000000000169820e+00,4.664883533003187495e+02,6.031286140572434107e+01,6.194502693966296825e+00,-1.000000000000000000e+01,5.919052870981065695e+01
5.452500000000170211e+00,4.666391180040812969e+02,6.028212265573024098e+01,5.987261569018077267e+00,-1.000000000000000000e+01,6.007490048750182154e+01
5.455000000000170601e+00,4.667898058643887680e+02,6.025138996851340778e+01,5.785260136043786972e+00,-1.000000000000000000e+01,6.092951988417677711e+01
5.457500000000170992e+00,4.669404168964447308e+02,6.022066342542291295e+01,5.588363773364486420e+00,-1.000000000000000000e+01,6.175514416835419951e+01
5.460000000000171383e+00,4.670909511156548888e+02,6.018994310561261329e+01,5.396441013054708691e+00,-1.000000000000000000e+01,6.255251096625089957e+01
5.462500000000171774e+00,4.672414085376215667e+02,6.015922908601078234e+01,5.209363717601998900e+00,-1.000000000000000000e+01,6.332233871983317641e+01
5.465000000000172165e+00,4.673917891781381968e+02,6.012852144132237697e+01,5.027007696619246957e+00,-1.000000000000000000e+01,6.406532727652995618e+01
5.467500000000172555e+00,4.675420930531836348e+02,6.009782024401372524e+01,4.849251955726430197e+00,1.000000000000000000e+01,6.478215828026962697e+01
5.470000000000172946e+00,4.676923201789167024e+02,6.006712556422291271e+01,5.019118429220125854e+00,1.000000000000000000e+01,6.548466403845100103e+01
5.472500000000173337e+00,4.678424705716699350e+02,6.003643746950528026e+01,5.184578835982519784e+00,1.000000000000000000e+01,6.621141841654525706e+01
5.475000000000173728e+00,4.679925442479440676e+02,6.000575602766787853e+01,5.345746364708510612e+00,1.000000000000000000e+01,6.696178501670711114e+01
5.477500000000174118e+00,4.681425412244099675e+02,5.997508130750340882e+01,5.502730300626062387e+00,1.000000000000000000e+01,6.773514355630348405e+01
5.480000000000174509e+00,4.682924615179111356e+02,5.994441337890598476e+01,5.655637846045682871e+00,1.000000000000000000e+01,6.853088930021137060e+01
5.482500000000174900e+00,4.684423051454664346e+02,5.991375231279760527e+01,5.804572963032452293e+00,1.000000000000000000e+01,6.934843284651542206e+01
5.485000000000175291e+00,4.685920721242725335e+02,5.988309818104520588e+01,5.949637243977975665e+00,1.000000000000000000e+01,7.018719965773570379e+01
5.487500000000175682e+00,4.687417624717062949e+02,5.985245105632426288e+01,6.090929568746484613e+00,1.000000000000000000e+01,7.104662976543811226e+01
5.490000000000176072e+00,4.688913762053267078e+02,5.982181101202167639e+01,6.228546193404078224e+00,-1.000000000000000000e+01,7.192617741448347601e+01
5.492500000000176463e+00,4.690409133428766495e+02,5.979117812208474447e+01,6.022594009838054596e+00,-1.000000000000000000e+01,7.281425377318066694e+01
5.495000000000176854e+00,4.691903739022841364e+02,5.976055246118505693e+01,5.821802072045095144e+00,-1.000000000000000000e+01,7.367279349186894422e+01
5.497500000000177245e+00,4.693397579016638019e+02,5.972993410199906350e+01,5.626038838616448601e+00,-1.000000000000000000e+01,7.450254362803687513e+01
5.500000000000177636e+00,4.694890653593102456e+02,5.969932311434170202e+01,5.435175980504546978e+00,-1.000000000000000000e+01,7.530423178463001932e+01
5.502500000000178026e+00,4.696382962936908143e+02,5.966871956488213868e+01,5.249088795239856609e+00,-1.000000000000000000e+01,7.607856671134553039e+01
5.505000000000178417e+00,4.697874507234378143e+02,5.963812351718219418e+01,5.067655379155129758e+00,-1.000000000000000000e+01,7.682623872954142996e+01
5.507500000000178808e+00,4.699365286673406672e+02,5.960753503168633927e+01,4.890757331186697421e+00,-1.000000000000000000e+01,7.754792020882594272e+01
5.510000000000179199e+00,4.700855301443381222e+02,5.957695416590877358e+01,4.718279538618707747e+00,1.000000000000000000e+01,7.824426616244555532e+01
5.512500000000179590e+00,4.702344551735111509e+02,5.954638097435618249e+01,4.887329043499300418e+00,1.000000000000000000e+01,7.892687397591053866e+01
5.515000000000179980e+00,4.703833037740751024e+02,5.951581550832338507e+01,5.052032910012502320e+00,1.000000000000000000e+01,7.963358362781190181e+01
5.517500000000180371e+00,4.705320759653723144e+02,5.948525781849358651e+01,5.212501490739067656e+00,1.000000000000000000e+01,8.036376902524023080e+01
5.520000000000180762e+00,4.706807717668719420e+02,5.945470795544980547e+01,5.368842165743127559e+00,1.000000000000000000e+01,8.111681984417137414e+01
5.522500000000181153e+00,4.708293911981696738e+02,5.942416596999523648e+01,5.521159964394114716e+00,1.000000000000000000e+01,8.189214123890333497e+01
5.525000000000181544e+00,4.709779342789883003e+02,5.939363191299914746e+01,5.669556417598394127e+00,1.000000000000000000e+01,8.268915342941370739e+01
5.527500000000181934e+00,4.711264010291777709e+02,5.936310583528852902e+01,5.814131018672901163e+00,1.000000000000000000e+01,8.350729135014802296e+01
5.530000000000182325e+00,4.712747914687150228e+02,5.933258778747003248e+01,5.954980701768304741e+00,1.000000000000000000e+01,8.434600427496080499e+01
5.532500000000182716e+00,4.714231056177032997e+02,5.930207781981309267e+01,6.092199366269410277e+00,-1.000000000000000000e+01,8.520475554160825027e+01
5.535000000000183107e+00,4.715713434963715258e+02,5.927157598222550661e+01,5.891736598104964528e+00,-1.000000000000000000e+01,8.607217154058518815e+01
5.537500000000183498e+00,4.717195051250730558e+02,5.924108232432243426e+01,5.696249618924065672e+00,-1.000000000000000000e+01,8.691089450201624800e+01
5.540000000000183888e+00,4.718675905242846511e+02,5.921059689308138019e+01,5.505613156398187158e+00,-1.000000000000000000e+01,8.772164387248669470e+01
5.542500000000184279e+00,4.720155997145985793e+02,5.918011973231393341e+01,5.319704616487539894e+00,-1.000000000000000000e+01,8.850512046643424924e+01
5.545000000000184670e+00,4.721635327167147693e+02,5.914965088243929614e+01,5.138404972037630358e+00,-1.000000000000000000e+01,8.926200696627881825e+01
5.547500000000185061e+00,4.723113895514323417e+02,5.911919038060733556e+01,4.961597605487914286e+00,-1.000000000000000000e+01,8.999296843513057809e+01
5.550000000000185452e+00,4.724591702396413666e+02,5.908873826073025981e+01,4.789169807326104866e+00,-1.000000000000000000e+01,9.069865268660684876e+01
5.552500000000185842e+00,4.726068748023149624e+02,5.905829455356800395e+01,4.621011082311064833e+00,1.000000000000000000e+01,9.137969089472233009e+01
5.555000000000186233e+00,4.727545032605013944e+02,5.902785928694908080e+01,4.788452579881821158e+00,1.000000000000000000e+01,9.204745397655347006e+01
5.557500000000186624e+00,4.729020556353166853e+02,5.899743248555483177e+01,4.951628699323737060e+00,1.000000000000000000e+01,9.273907073948650748e+01
5.560000000000187015e+00,4.730495319479373961e+02,5.896701417293594005e+01,5.110646904680146818e+00,1.000000000000000000e+01,9.345392903198316503e+01
5.562500000000187406e+00,4.731969322195984660e+02,5.893660437186855461e+01,5.265611426570868225e+00,1.000000000000000000e+01,9.419143220136824368e+01
5.565000000000187796e+00,4.733442564715914500e+02,5.890620310449947539e+01,5.416624359049357906e+00,1.000000000000000000e+01,9.495099865759219426e+01
5.567500000000188187e+00,4.734915047252629847e+02,5.887581039234225244e+01,5.563784867081680297e+00,1.000000000000000000e+01,9.573206158306253144e+01
5.570000000000188578e+00,4.736386770020130825e+02,5.884542625614835742e+01,5.707189642855206912e+00,1.000000000000000000e+01,9.653406854523971958e+01
5.572500000000188969e+00,4.737857733232931423e+02,5.881505071584290079e+01,5.846933088925250210e+00,1.000000000000000000e+01,9.735648120523448767e+01
5.575000000000189360e+00,4.739327937106038462e+02,5.878468379040126734e+01,5.983106992158720772e+00,-1.000000000000000000e+01,9.819877494796793371e+01
5.577500000000189750e+00,4.740797381854928290e+02,5.875432549775158009e+01,5.787374447166433455e+00,-1.000000000000000000e+01,9.904978732255707996e+01
5.580000000000190141e+00,4.742266067695520064e+02,5.872397585488450744e+01,5.596457427519412775e+00,-1.000000000000000000e+01,9.987284621645007121e+01
5.582500000000190532e+00,4.743733994844147333e+02,5.869363487616290342e+01,5.410235159008392358e+00,-1.000000000000000000e+01,1.006686454203112788e+02
5.585000000000190923e+00,4.745201163517486975e+02,5.866330257305226326e+01,5.228590593724062430e+00,-1.000000000000000000e+01,1.014378608515742144e+02
5.587500000000191314e+00,4.746667573932484174e+02,5.863297895406650184e+01,5.051409316533369775e+00,-1.000000000000000000e+01,1.021811510864261550e+02
5.590000000000191704e+00,4.748133226306281358e+02,5.860266402484857196e+01,4.878579540359781141e+00,-1.000000000000000000e+01,1.028991578581903781e+02
5.592500000000192095e+00,4.749598120856146011e+02,5.857235778825935313e+01,4.709993146106867812e+00,-1.000000000000000000e+01,1.035925063822595007e+02
5.595000000000192486e+00,4.751062257799400754e+02,5.854206024448287593e+01,4.545544170822734209e+00,1.000000000000000000e+01,1.042618059884230490e+02
5.597500000000192877e+00,4.752525637353359116e+02,5.851177139116839498e+01,4.710901539970607566e+00,1.000000000000000000e+01,1.049182109102535776e+02
5.600000000000193268e+00,4.753988259735261295e+02,5.848149122341436623e+01,4.872084518950477339e+00,1.000000000000000000e+01,1.055981678359552518e+02
5.602500000000193658e+00,4.755450125162212203e+02,5.845121973502338619e+01,5.029197142154696820e+00,1.000000000000000000e+01,1.063010804458866829e+02
5.605000000000194049e+00,4.756911233851158158e+02,5.842095691869312191e+01,5.182340892441314573e+00,1.000000000000000000e+01,1.070263673902692148e+02
5.607500000000194440e+00,4.758371586018855623e+02,5.839070276615018429e+01,5.331614709005283004e+00,1.000000000000000000e+01,1.077734620974218842e+02
5.610000000000194831e+00,4.759831181881849602e+02,5.836045726813473777e+01,5.477114975318262857e+00,1.000000000000000000e+01,1.085418123159489028e+02
5.612500000000195222e+00,4.761290021656447493e+02,5.833022041427831539e+01,5.618935374706253150e+00,1.000000000000000000e+01,1.093308798194297964e+02
5.615000000000195612e+00,4.762748105558690668e+02,5.829999219304302471e+01,5.757167993785262006e+00,1.000000000000000000e+01,1.101401400286247565e+02
5.617500000000196003e+00,4.764205433804326049e+02,5.826977259168901924e+01,5.891901465025347839e+00,-1.000000000000000000e+01,1.109690817929466107e+02
5.620000000000196394e+00,4.765662006608773709e+02,5.823956159618359152e+01,5.700416122285395737e+00,-1.000000000000000000e+01,1.118067464998610774e+02
5.622500000000196785e+00,4.767117824187097312e+02,5.820935919121054525e+01,5.513601264714091954e+00,-1.000000000000000000e+01,1.126171196362041940e+02
5.625000000000197176e+00,4.768572886753967168e+02,5.817916535941296985e+01,5.331341462904047646e+00,-1.000000000000000000e+01,1.134008708218864570e+02
5.627500000000197566e+00,4.770027194523607932e+02,5.814898008125012296e+01,5.153523675173598662e+00,-1.000000000000000000e+01,1.141586527040342816e+02
5.630000000000197957e+00,4.771480747709742900e+02,5.811880333498965712e+01,4.980038285657091279e+00,-1.000000000000000000e+01,1.148911012912755893e+02
5.632500000000198348e+00,4.772933546525539441e+02,5.808863509682790749e+01,4.810777961469084651e+00,-1.000000000000000000e+01,1.155988365490132708e+02
5.635000000000198739e+00,4.774385591183559541e+02,5.805847534102920093e+01,4.645638548533438161e+00,-1.000000000000000000e+01,1.162824627699629900e+02
5.637500000000199130e+00,4.775836881895709780e+02,5.802832403999946820e+01,4.484518211744840777e+00,1.000000000000000000e+01,1.169425690153353230e+02
5.640000000000199520e+00,4.777287418873197566e+02,5.799818116439491433e+01,4.647503993269315181e+00,1.000000000000000000e+01,1.175901032259618546e+02
5.642500000000199911e+00,4.778737202326486795e+02,5.796804668320910991e+01,4.806412173806477561e+00,1.000000000000000000e+01,1.182608614174283588e+02
5.645000000000200302e+00,4.780186232465258058e+02,5.793792056427455606e+01,4.961343331434856729e+00,1.000000000000000000e+01,1.189542636042444883e+02
5.647500000000200693e+00,4.781634509498382499e+02,5.790780277435783319e+01,5.112395713135616582e+00,1.000000000000000000e+01,1.196697443567519485e+02
5.650000000000201084e+00,4.783082033633893388e+02,5.787769327917057893e+01,5.259665398247622470e+00,1.000000000000000000e+01,1.204067524990783085e+02
5.652500000000201474e+00,4.784528805078961682e+02,5.784759204336219796e+01,5.403245387646529174e+00,1.000000000000000000e+01,1.211647507500663608e+02
5.655000000000201865e+00,4.785974824039867599e+02,5.781749903045064087e+01,5.543226832145510485e+00,1.000000000000000000e+01,1.219432153524446818e+02
5.657500000000202256e+00,4.787420090721973907e+02,5.778741420281392038e+01,5.679698334099642310e+00,1.000000000000000000e+01,1.227416357858198523e+02
5.660000000000202647e+00,4.788864605329695792e+02,5.775733752167393931e+01,5.812746533878368815e+00,-1.000000000000000000e+01,1.235595144456584933e+02
5.662500000000203038e+00,4.790308368066471871e+02,5.772726894704663181e+01,5.625204687179743424e+00,-1.000000000000000000e+01,1.243860880426524034e+02
5.665000000000203428e+00,4.791751379134734066e+02,5.769720843772413588e+01,5.442199203542833708e+00,-1.000000000000000000e+01,1.251859702067683600e+02
5.667500000000203819e+00,4.793193638735878608e+02,5.766715595121538485e+01,5.263619052071129900e+00,-1.000000000000000000e+01,1.259598079024140276e+02
5.670000000000204210e+00,4.794635147070230232e+02,5.763711144377044349e+01,5.089355907429704118e+00,-1.000000000000000000e+01,1.267082319090191049e+02
5.672500000000204601e+00,4.796075904337014322e+02,5.760707487047584152e+01,4.919303773696169557e+00,-1.000000000000000000e+01,1.274318573125303402e+02
5.675000000000204992e+00,4.797515910734326212e+02,5.757704618531415974e+01,4.753359496516809557e+00,-1.000000000000000000e+01,1.281312838387828776e+02
5.677500000000205382e+00,4.798955166459105612e+02,5.754702534129192770e+01,4.591422420225331535e+00,-1.000000000000000000e+01,1.288070962936704404e+02
5.680000000000205773e+00,4.800393671707111594e+02,5.751701229052354591e+01,4.433394765252129943e+00,1.000000000000000000e+01,1.294598649874259308e+02
5.682500000000206164e+00,4.801831426672902126e+02,5.748700698431836997e+01,4.593831779129779136e+00,1.000000000000000000e+01,1.301003414338077846e+02
5.685000000000206555e+00,4.803268431549812476e+02,5.745700937324878055e+01,4.750290361235323999e+00,1.000000000000000000e+01,1.307637009120105915e+02
5.687500000000206946e+00,4.804704686529938726e+02,5.742701940704412067e+01,4.902867687528574159e+00,1.000000000000000000e+01,1.314493794839864620e+02
5.690000000000207336e+00,4.806140191804115034e+02,5.739703703460927642e+01,5.051659042862078230e+00,1.000000000000000000e+01,1.321568272414087630e+02
5.692500000000207727e+00,4.807574947561893168e+02,5.736706220399962319e+01,5.196756747133324694e+00,1.000000000000000000e+01,1.328855080637000015e+02
5.695000000000208118e+00,4.809008953991522048e+02,5.733709486240390873e+01,5.338251413087864883e+00,1.000000000000000000e+01,1.336348991185934096e+02
5.697500000000208509e+00,4.810442211279925004e+02,5.730713495613689190e+01,5.476231199354042012e+00,1.000000000000000000e+01,1.344044906774675212e+02
5.700000000000208900e+00,4.811874719612678177e+02,5.727718243065653070e+01,5.610782128641098154e+00,1.000000000000000000e+01,1.351937857631669999e+02
5.702500000000209290e+00,4.813306479173989487e+02,5.724723723057926605e+01,5.741987808259246151e+00,-1.000000000000000000e+01,1.360022998257218489e+02
5.705000000000209681e+00,4.814737490146678169e+02,5.721729929966458883e+01,5.558197861600076450e+00,-1.000000000000000000e+01,1.368194564340329578e+02
5.707500000000210072e+00,4.816167752712150900e+02,5.718736858078634100e+01,5.378817933398750917e+00,-1.000000000000000000e+01,1.376104706413614736e+02
5.710000000000210463e+00,4.817597267050383607e+02,5.715744501635935393e+01,5.203740583929760355e+00,-1.000000000000000000e+01,1.383759684298668162e+02
5.712500000000210854e+00,4.819026033339909532e+02,5.712752854849344430e+01,5.032861691454432851e+00,-1.000000000000000000e+01,1.391165603721263722e+02
5.715000000000211244e+00,4.820454051757814682e+02,5.709761911909716048e+01,4.866079045677908610e+00,-1.000000000000000000e+01,1.398328421338589749e+02
5.717500000000211635e+00,4.821881322479730443e+02,5.706771666993636671e+01,4.703293220970920174e+00,-1.000000000000000000e+01,1.405253947865548412e+02
5.720000000000212026e+00,4.823307845679833008e+02,5.703782114268589964e+01,4.544406969548369091e+00,-1.000000000000000000e+01,1.411947851906004701e+02
5.722500000000212417e+00,4.824733621530838832e+02,5.700793247900605820e+01,4.389326078654748997e+00,1.000000000000000000e+01,1.418415663887380731e+02
5.725000000000212808e+00,4.826158650204007472e+02,5.697805062058176162e+01,4.547098893969446998e+00,1.000000000000000000e+01,1.424763020027899358e+02
5.727500000000213198e+00,4.827582931869139884e+02,5.694817550923186644e+01,4.700992999828426555e+00,1.000000000000000000e+01,1.431335714937260946e+02
5.730000000000213589e+00,4.829006466694582969e+02,5.691830708642099523e+01,4.851102539639173372e+00,1.000000000000000000e+01,1.438128261308565357e+02
5.732500000000213980e+00,4.830429254847216498e+02,5.688844529316970267e+01,4.997519417015483079e+00,1.000000000000000000e+01,1.445135307135740277e+02
5.735000000000214371e+00,4.831851296492444590e+02,5.685859007001788257e+01,5.140333037495969037e+00,1.000000000000000000e+01,1.452351632082454387e+02
5.737500000000214762e+00,4.833272591794180926e+02,5.682874135705953478e+01,5.279631066280022544e+00,1.000000000000000000e+01,1.459772144326921364e+02
5.740000000000215152e+00,4.834693140914839660e+02,5.679889909396851522e+01,5.415498645204292139e+00,1.000000000000000000e+01,1.467391877530351394e+02
5.742500000000215543e+00,4.836112944015324615e+02,5.676906322002830052e+01,5.548018603027549567e+00,1.000000000000000000e+01,1.475205987596026773e+02
5.745000000000215934e+00,4.837532001255019054e+02,5.673923367416473695e+01,5.677272451511124807e+00,-1.000000000000000000e+01,1.483209749114806186e+02
5.747500000000216325e+00,4.838950312791778288e+02,5.670941039497397185e+01,5.497109853497939014e+00,-1.000000000000000000e+01,1.491299196584095625e+02
5.750000000000216716e+00,4.840367878781919444e+02,5.667959332070850564e+01,5.321235459949037683e+00,-1.000000000000000000e+01,1.499132287648307056e+02
5.752500000000217106e+00,4.841784699380215784e+02,5.664978238990428849e+01,5.149546127237695003e+00,-1.000000000000000000e+01,1.506715089440916984e+02
5.755000000000217497e+00,4.843200774739906933e+02,5.661997754155336082e+01,4.981940692333697740e+00,-1.000000000000000000e+01,1.514053523442149469e+02
5.757500000000217888e+00,4.844616105012710818e+02,5.659017871523117549e+01,4.818320732325306999e+00,-1.000000000000000000e+01,1.521153367883625833e+02
5.760000000000218279e+00,4.846030690348837311e+02,5.656038585109905625e+01,4.658590718855199597e+00,-1.000000000000000000e+01,1.528020262430133869e+02
5.762500000000218670e+00,4.847444530897003574e+02,5.653059888993627879e+01,4.502656452331093462e+00,-1.000000000000000000e+01,1.534659711516918605e+02
5.765000000000219060e+00,4.848857626804451115e+02,5.650081777317817000e+01,4.350426844118433500e+00,1.000000000000000000e+01,1.541077087399479240e+02
5.767500000000219451e+00,4.850269978216959998e+02,5.647104244293489472e+01,4.505455226702074434e+00,1.000000000000000000e+01,1.547376211628501324e+02
5.770000000000219842e+00,4.851681585278867601e+02,5.644127284206835071e+01,4.656704322448140587e+00,1.000000000000000000e+01,1.553897099786775868e+02
5.772500000000220233e+00,4.853092448133085668e+02,5.641150891359666986e+01,4.804265322329015042e+00,1.000000000000000000e+01,1.560634405858972400e+02
5.775000000000220624e+00,4.854502566921101447e+02,5.638175060057242405e+01,4.948227095805819431e+00,1.000000000000000000e+01,1.567582913850057196e+02
5.777500000000221014e+00,4.855911941782978261e+02,5.635199784607043938e+01,5.088675896253835873e+00,1.000000000000000000e+01,1.574737534211195680e+02
5.780000000000221405e+00,4.857320572857356638e+02,5.632225059322220062e+01,5.225696484390489616e+00,1.000000000000000000e+01,1.582093300419873856e+02
5.782500000000221796e+00,4.858728460281456591e+02,5.629250878526358548e+01,5.359370884975671601e+00,1.000000000000000000e+01,1.589645366347027107e+02
5.785000000000222187e+00,4.860135604191078755e+02,5.626277236557151440e+01,5.489779839627410674e+00,1.000000000000000000e+01,1.597389002529750428e+02
5.787500000000222578e+00,4.861542004720609498e+02,5.623304127772733096e+01,5.617001393497994322e+00,-1.000000000000000000e+01,1.605319593950742956e+02
5.790000000000222968e+00,4.862947662003026039e+02,5.620331546555495095e+01,5.440377223183981314e+00,-1.000000000000000000e+01,1.613334924253516078e+02
5.792500000000223359e+00,4.864352576169902704e+02,5.617359487312974409e+01,5.267922965177593397e+00,-1.000000000000000000e+01,1.621098628515856319e+02
5.795000000000223750e+00,4.865756747351417744e+02,5.614387944536998987e+01,5.099538517020161699e+00,-1.000000000000000000e+01,1.628616599268966070e+02
5.797500000000224141e+00,4.867160175676379481e+02,5.611416912817968949e+01,4.935126698326350869e+00,-1.000000000000000000e+01,1.635894588938551806e+02
5.800000000000224532e+00,4.868562861272248483e+02,5.608446386852042309e+01,4.774592860254514903e+00,-1.000000000000000000e+01,1.642938213987491167e+02
5.802500000000224922e+00,4.869964804265165412e+02,5.605476361438365274e+01,4.617843687779733308e+00,-1.000000000000000000e+01,1.649752958222506152e+02
5.805000000000225313e+00,4.871366004779977743e+02,5.602506831479021088e+01,4.464789080291331480e+00,-1.000000000000000000e+01,1.656344175544071220e+02
5.807500000000225704e+00,4.872766462940263068e+02,5.599537791979449963e+01,4.315341004041028050e+00,1.000000000000000000e+01,1.662717093680167295e+02
5.810000000000226095e+00,4.874166178868356383e+02,5.596569238048186179e+01,4.467566320211992625e+00,1.000000000000000000e+01,1.668973760076478925e+02
5.812500000000226485e+00,4.875565152685376233e+02,5.593601164900871225e+01,4.616111691145805551e+00,1.000000000000000000e+01,1.675448508508684426e+02
5.815000000000226876e+00,4.876963384511250297e+02,5.590633567812820814e+01,4.761064523540460947e+00,1.000000000000000000e+01,1.682136124074623069e+02
5.817500000000227267e+00,4.878360874464726749e+02,5.587666442112165299e+01,4.902510835132619427e+00,1.000000000000000000e+01,1.689031516180443759e+02
5.820000000000227658e+00,4.879757622663389611e+02,5.584699783177764232e+01,5.040534349338749998e+00,1.000000000000000000e+01,1.696129715854608833e+02
5.822500000000228049e+00,4.881153629223670123e+02,5.581733586445768935e+01,5.175216430959380887e+00,1.000000000000000000e+01,1.703425871976153303e+02
5.825000000000228439e+00,4.882548894260862653e+02,5.578767847416703063e+01,5.306636727522893615e+00,1.000000000000000000e+01,1.710915248417007604e+02
5.827500000000228830e+00,4.883943417889140051e+02,5.575802561656684730e+01,5.434872848289463931e+00,1.000000000000000000e+01,1.718593221168935941e+02
5.830000000000229221e+00,4.885337200221570129e+02,5.572837724804201542e+01,5.560000495906044726e+00,-1.000000000000000000e+01,1.726455275401991400e+02
5.832500000000229612e+00,4.886730241370134991e+02,5.569873332576385394e+01,5.386840336055374934e+00,-1.000000000000000000e+01,1.734400920101704173e+02
5.835000000000230003e+00,4.888122541445750926e+02,5.566909380769790516e+01,5.217733964673414881e+00,-1.000000000000000000e+01,1.742099418459509934e+02
5.837500000000230393e+00,4.889514100558287737e+02,5.563945865293521109e+01,5.052584832479995569e+00,-1.000000000000000000e+01,1.749556503540942458e+02
5.840000000000230784e+00,4.890904918816600571e+02,5.560982782176322559e+01,4.891299112162062812e+00,-1.000000000000000000e+01,1.756777774705010984e+02
5.842500000000231175e+00,4.892294996328557772e+02,5.558020127565491464e+01,4.733785006949106311e+00,-1.000000000000000000e+01,1.763768700543213583e+02
5.845000000000231566e+00,4.893684333201071013e+02,5.555057897723428795e+01,4.579953199046840062e+00,-1.000000000000000000e+01,1.770534622231617163e+02
5.847500000000231957e+00,4.895072929540124846e+02,5.552096089025732795e+01,4.429716379126729997e+00,-1.000000000000000000e+01,1.777080756309335641e+02
5.850000000000232347e+00,4.896460785450803428e+02,5.549134697960766971e+01,4.282989187872662917e+00,1.000000000000000000e+01,1.783412197431703134e+02
5.852500000000232738e+00,4.897847901037318934e+02,5.546173721124180389e+01,4.432369929170000056e+00,1.000000000000000000e+01,1.789629235124536990e+02
5.855000000000233129e+00,4.899234276403039416e+02,5.543213155216687937e+01,4.578168892419061109e+00,1.000000000000000000e+01,1.796060540856609578e+02
5.857500000000233520e+00,4.900619911650513245e+02,5.540252997031728910e+01,4.720470697250865655e+00,1.000000000000000000e+01,-1.797298977795642259e+02
5.860000000000233911e+00,4.902004806881491845e+02,5.537293243454681146e+01,4.859358071643183230e+00,1.000000000000000000e+01,-1.790454293963157966e+02
5.862500000000234301e+00,4.903388962196954139e+02,5.534333891465519173e+01,4.994911726253109308e+00,1.000000000000000000e+01,-1.783410264489045858e+02
5.865000000000234692e+00,4.904772377697128718e+02,5.531374938143932241e+01,5.127210452051070178e+00,1.000000000000000000e+01,-1.776171632967710821e+02
5.867500000000235083e+00,4.906155053481520554e+02,5.528416380678487485e+01,5.256331073450507319e+00,1.000000000000000000e+01,-1.768743032945551477e+02
5.870000000000235474e+00,4.907536989648937720e+02,5.525458216366590847e+01,5.382348682041800281e+00,1.000000000000000000e+01,-1.761128990382439952e+02
5.872500000000235865e+00,4.908918186297518673e+02,5.522500442615983474e+01,5.505336212198502999e+00,1.000000000000000000e+01,-1.753333926546949897e+02
5.875000000000236255e+00,4.910298643524760678e+02,5.519543056954714189e+01,5.625365320213190579e+00,1.000000000000000000e+01,-1.745362160941074876e+02
5.877500000000236646e+00,4.911678361427549930e+02,5.516586057032622392e+01,5.742505585266946433e+00,1.000000000000000000e+01,-1.737217913639670712e+02
5.880000000000237037e+00,4.913057340102191688e+02,5.513629440624250577e+01,5.856825284093046591e+00,1.000000000000000000e+01,-1.728905308057051116e+02
5.882500000000237428e+00,4.914435579644442669e+02,5.510673205635245608e+01,5.968390320031827123e+00,1.000000000000000000e+01,-1.720428373350143829e+02
5.885000000000237819e+00,4.915813080149543453e+02,5.507717350107493104e+01,6.077265776018279553e+00,1.000000000000000000e+01,-1.711791046961182587e+02
5.887500000000238209e+00,4.917189841712252019e+02,5.504761872221806840e+01,6.183514827841955608e+00,1.000000000000000000e+01,-1.702997176901393743e+02
5.890000000000238600e+00,4.918565864426880694e+02,5.501806770300267857e+01,6.287198823904536660e+00,1.000000000000000000e+01,-1.694050524163630769e+02
5.892500000000238991e+00,4.919941148387330259e+02,5.498852042808398721e+01,6.388378618321928215e+00,1.000000000000000000e+01,-1.684954764793469622e+02
5.895000000000239382e+00,4.921315693687125190e+02,5.495897688356703981e+01,6.487112714372702094e+00,1.000000000000000000e+01,-1.675713492203708199e+02
5.897500000000239773e+00,4.922689500419451747e+02,5.492943705708656665e+01,6.583458324283981256e+00,1.000000000000000000e+01,-1.666330219243027670e+02
5.900000000000240163e+00,4.924062568677196055e+02,5.489990093780459546e+01,6.677471619588187579e+00,1.000000000000000000e+01,-1.656808380250671746e+02
5.902500000000240554e+00,4.925434898552981053e+02,5.487036851645881086e+01,6.769207229194051045e+00,1.000000000000000000e+01,-1.647151333058969556e+02
5.905000000000240945e+00,4.926806490139207426e+02,5.484083978534640380e+01,6.858718305615947308e+00,1.000000000000000000e+01,-1.637362360912123620e+02
5.907500000000241336e+00,4.928177343528092251e+02,5.481131473836998680e+01,6.946056940349427222e+00,1.000000000000000000e+01,-1.627444674337815798e+02
5.910000000000241727e+00,4.929547458811709930e+02,5.478179337103951951e+01,7.031273998757192167e+00,1.000000000000000000e+01,-1.617401412979314728e+02
5.912500000000242117e+00,4.930916836082031409e+02,5.475227568049059101e+01,7.114419351405361525e+00,1.000000000000000000e+01,-1.607235647326623109e+02
5.915000000000242508e+00,4.932285475430964539e+02,5.472276166552133958e+01,7.195540850793345378e+00,1.000000000000000000e+01,-1.596950380416652990e+02
5.917500000000242899e+00,4.933653376950397842e+02,5.469325132655843902e+01,7.274686231940885150e+00,1.000000000000000000e+01,-1.586548549520961160e+02
5.920000000000243290e+00,4.935020540732238601e+02,5.466374466569446611e+01,7.351901141120320560e+00,1.000000000000000000e+01,-1.576033027716930803e+02
5.922500000000243681e+00,4.936386966868456625e+02,5.463424168671913606e+01,7.427231307997100629e+00,1.000000000000000000e+01,-1.565406625412521748e+02
5.925000000000244071e+00,4.937752655451125747e+02,5.460474239511015071e+01,7.500719936443903890e+00,1.000000000000000000e+01,-1.554672091823153437e+02
5.927500000000244462e+00,4.939117606572466457e+02,5.457524679804834733e+01,7.572410211978414019e+00,1.000000000000000000e+01,-1.543832116478710930e+02
5.930000000000244853e+00,4.940481820324889100e+02,5.454575490441711594e+01,7.642344073735875654e+00,1.000000000000000000e+01,-1.532889330493106854e+02
5.932500000000245244e+00,4.941845296801034237e+02,5.451626672480164615e+01,7.710562217704514332e+00,1.000000000000000000e+01,-1.521846307955280508e+02
5.935000000000245635e+00,4.943208036093818123e+02,5.448678227144432640e+01,7.777104526281152452e+00,1.000000000000000000e+01,-1.510705567179196578e+02
5.937500000000246025e+00,4.944570038296471921e+02,5.445730155826136354e+01,7.842010006193324223e+00,1.000000000000000000e+01,-1.499469572036012437e+02
5.940000000000246416e+00,4.945931303502583205e+02,5.442782460081921414e+01,7.905316731672306751e+00,1.000000000000000000e+01,-1.488140733086705723e+02
5.942500000000246807e+00,4.947291831806139726e+02,5.439835141634573290e+01,7.967061849305514087e+00,1.000000000000000000e+01,-1.476721408727328821e+02
5.945000000000247198e+00,4.948651623301568065e+02,5.436888202373016554e+01,8.027281537615310825e+00,1.000000000000000000e+01,-1.465213906155208861e+02
5.947500000000247589e+00,4.950010678083776838e+02,5.433941644346997890e+01,8.086011004581338923e+00,1.000000000000000000e+01,-1.453620482754122918e+02
5.950000000000247979e+00,4.951368996248196481e+02,5.430995469763760042e+01,8.143284847945377436e+00,1.000000000000000000e+01,-1.441943346969323727e+02
5.952500000000248370e+00,4.952726577890817339e+02,5.428049680994111981e+01,8.199137039872317345e+00,1.000000000000000000e+01,-1.430184659041717623e+02
5.955000000000248761e+00,4.954083423108232296e+02,5.425104280562955239e+01,8.253600042989230445e+00,1.000000000000000000e+01,-1.418346532306760821e+02
5.957500000000249152e+00,4.955439531997673726e+02,5.422159271145731196e+01,8.306706142484351574e+00,1.000000000000000000e+01,-1.406431034090902585e+02
5.960000000000249543e+00,4.956794904657051006e+02,5.419214655572442041e+01,8.358486836073254267e+00,1.000000000000000000e+01,-1.394440186389163330e+02
5.962500000000249933e+00,4.958149541184990881e+02,5.416270436820889245e+01,8.408972596914509268e+00,1.000000000000000000e+01,-1.382375966651939336e+02
5.965000000000250324e+00,4.959503441680871560e+02,5.413326618011259939e+01,8.458193493981108091e+00,1.000000000000000000e+01,-1.370240309047489973e+02
5.967500000000250715e+00,4.960856606244859677e+02,5.410383202407639658e+01,8.506178534293109550e+00,1.000000000000000000e+01,-1.358035104579502388e+02
5.970000000000251106e+00,4.962209034977946658e+02,5.407440193413987117e+01,8.552956193211768365e+00,1.000000000000000000e+01,-1.345762202521357267e+02
5.972500000000251497e+00,4.963560727981981699e+02,5.404497594568233154e+01,8.598554472350677713e+00,1.000000000000000000e+01,-1.333423410694082918e+02
5.975000000000251887e+00,4.964911685359706439e+02,5.401555409541571606e+01,8.643000333375885802e+00,1.000000000000000000e+01,-1.321020496265553277e+02
5.977500000000252278e+00,4.966261907214787925e+02,5.398613642132286117e+01,8.686320402544350117e+00,1.000000000000000000e+01,-1.308555186189644814e+02
5.980000000000252669e+00,4.967611393651849312e+02,5.395672296256640976e+01,8.728540496726884257e+00,1.000000000000000000e+01,-1.296029168476229643e+02
5.982500000000253060e+00,4.968960144776499419e+02,5.392731375945535177e+01,8.769686003069830704e+00,1.000000000000000000e+01,-1.283444092494801509e+02
5.985000000000253451e+00,4.970308160695361153e+02,5.389790885346938865e+01,8.809781497054304467e+00,1.000000000000000000e+01,-1.270801569276635945e+02
5.987500000000253841e+00,4.971655441516101632e+02,5.386850828719123285e+01,8.848851282419408548e+00,1.000000000000000000e+01,-1.258103172687264788e+02
5.990000000000254232e+00,4.973001987347457771e+02,5.383911210423101323e+01,8.886918705432341525e+00,1.000000000000000000e+01,-1.245350439334309698e+02
5.992500000000254623e+00,4.974347798299262422e+02,5.380972034917753177e+01,8.924007066470716509e+00,1.000000000000000000e+01,-1.232544869797697658e+02
5.995000000000255014e+00,4.975692874482468824e+02,5.378033306755493470e+01,8.960138352408947071e+00,1.000000000000000000e+01,-1.219687928801579488e+02
5.997500000000255405e+00,4.977037216009173903e+02,5.375095030580773425e+01,8.995334411308339995e+00,1.000000000000000000e+01,-1.206781045997247901e+02
6.000000000000255795e+00,4.978380822992640447e+02,5.372157211123180076e+01,9.029616894368647451e+00,1.000000000000000000e+01,-1.193825616414049904e+02
6.002500000000256186e+00,4.979723695547317561e+02,5.369219853191554392e+01,9.063006783060247429e+00,1.000000000000000000e+01,-1.180823000462758188e+02
6.005000000000256577e+00,4.981065833788862278e+02,5.366282961666655638e+01,9.095524386842823716e+00,1.000000000000000000e+01,-1.167774525100116279e+02
6.007500000000256968e+00,4.982407237834154330e+02,5.363346541493541508e+01,9.127189750319912420e+00,1.000000000000000000e+01,-1.154681484152194741e+02
6.010000000000257359e+00,4.983747907801313772e+02,5.360410597679648959e+01,9.158022204053791526e+00,1.000000000000000000e+01,-1.141545138569581326e+02
6.012500000000257749e+00,4.985087843809715764e+02,5.357475135293020685e+01,9.188040929960115122e+00,1.000000000000000000e+01,-1.128366717428649935e+02
6.015000000000258140e+00,4.986427045980005914e+02,5.354540159452790249e+01,9.217264286784649485e+00,1.000000000000000000e+01,-1.115147417611913738e+02
6.017500000000258531e+00,4.987765514434112788e+02,5.351605675323376943e+01,9.245710685442558585e+00,1.000000000000000000e+01,-1.101888405067014247e+02
6.020000000000258922e+00,4.989103249295257001e+02,5.348671688108166222e+01,9.273397612663226042e+00,1.000000000000000000e+01,-1.088590814872550254e+02
6.022500000000259313e+00,4.990440250687963726e+02,5.345738203044721359e+01,9.300342333636759662e+00,1.000000000000000000e+01,-1.075255751878771804e+02
6.025000000000259703e+00,4.991776518738068376e+02,5.342805225400630320e+01,9.326561762614481665e+00,1.000000000000000000e+01,-1.061884291172076900e+02
6.027500000000260094e+00,4.993112053572724562e+02,5.339872760465379997e+01,9.352072377465781017e+00,1.000000000000000000e+01,-1.048477478686506856e+02
6.030000000000260485e+00,4.994446855320409782e+02,5.336940813546816997e+01,9.376890302228241936e+00,1.000000000000000000e+01,-1.035036331348230334e+02
6.032500000000260876e+00,4.995780924110929391e+02,5.334009389966804093e+01,9.401031369139101201e+00,1.000000000000000000e+01,-1.021561837810286590e+02
6.035000000000261267e+00,4.997114260075419452e+02,5.331078495055553645e+01,9.424510898343077869e+00,1.000000000000000000e+01,-1.008054959169460005e+02
6.037500000000261657e+00,4.998446863346349573e+02,5.328148134150296045e+01,9.447343987950162614e+00,1.000000000000000000e+01,-9.945166282646782463e+01
6.040000000000262048e+00,4.999778734057523479e+02,5.325218312581714031e+01,9.469545159257570788e+00,1.000000000000000000e+01,-9.809477517716167938e+01
6.042500000000262439e+00,5.001109872344076166e+02,5.322289035576111615e+01,9.491129071080214530e+00,1.000000000000000000e+01,-9.673492098010848395e+01
6.045000000000262830e+00,5.002440278342424449e+02,5.319360308210615074e+01,9.512109333570071712e+00,1.000000000000000000e+01,-9.537218562962617341e+01
6.047500000000263221e+00,5.003769952190282879e+02,5.316432135744262411e+01,9.532499608593836271e+00,1.000000000000000000e+01,-9.400665204155039589e+01
6.050000000000263611e+00,5.005098894026675111e+02,5.313504523422588477e+01,9.552313578352281453e+00,1.000000000000000000e+01,-9.263840062925665109e+01
6.052500000000264002e+00,5.006427103991934473e+02,5.310577476483172887e+01,9.571564265822122053e+00,1.000000000000000000e+01,-9.126750932831254204e+01
6.055000000000264393e+00,5.007754582227701690e+02,5.307651000127679453e+01,9.590264079210346182e+00,1.000000000000000000e+01,-8.989405369877223961e+01
6.057500000000264784e+00,5.009081328876916359e+02,5.304725099515993492e+01,9.608425850812633229e+00,1.000000000000000000e+01,-8.851810703919512946e+01
6.060000000000265175e+00,5.010407344083805583e+02,5.301799779767759446e+01,9.626061768100877103e+00,1.000000000000000000e+01,-8.713974030172398955e+01
6.062500000000265565e+00,5.011732627993873734e+02,5.298875045959655239e+01,9.643183296233340585e+00,1.000000000000000000e+01,-8.575902223343659614e+01
6.065000000000265956e+00,5.013057180753891657e+02,5.295950903110614405e+01,9.659802440565082193e+00,1.000000000000000000e+01,-8.437601941853004917e+01
6.067500000000266347e+00,5.014381002511881888e+02,5.293027356180370191e+01,9.675930522887609797e+00,1.000000000000000000e+01,-8.299079631275967017e+01
6.070000000000266738e+00,5.015704093417102172e+02,5.290104410064064666e+01,9.691578329731120434e+00,1.000000000000000000e+01,-8.160341531488991507e+01
6.072500000000267129e+00,5.017026453620031816e+02,5.287182069588975253e+01,9.706757066675546497e+00,1.000000000000000000e+01,-8.021393686427026637e+01
6.075000000000267519e+00,5.018348083272351801e+02,5.284260339508971782e+01,9.721477381420205788e+00,1.000000000000000000e+01,-7.882241939048807922e+01
6.077500000000267910e+00,5.019668982526928289e+02,5.281339224503988561e+01,9.735749371743148473e+00,1.000000000000000000e+01,-7.742891942746985023e+01
6.080000000000268301e+00,5.020989151537792736e+02,5.278418729169311518e+01,9.749583245243927720e+00,1.000000000000000000e+01,-7.603349171725751887e+01
6.082500000000268692e+00,5.022308590460119149e+02,5.275498858011008707e+01,9.762988668324730668e+00,1.000000000000000000e+01,-7.463618921051883603e+01
6.085000000000269083e+00,5.023627299450204760e+02,5.272579615443208922e+01,9.775975602655373464e+00,1.000000000000000000e+01,-7.323706314849434307e+01
6.087500000000269473e+00,5.024945278665444448e+02,5.269661005784034558e+01,9.788553501728646467e+00,1.000000000000000000e+01,-7.183616309720335380e+01
6.090000000000269864e+00,5.026262528264306297e+02,5.266743033253845141e+01,9.800731458400543161e+00,1.000000000000000000e+01,-7.043353698207317848e+01
6.092500000000270255e+00,5.027579048406308857e+02,5.263825701963780546e+01,9.812518470565569473e+00,1.000000000000000000e+01,-6.902923121629315517e+01
6.095000000000270646e+00,5.028894839251991016e+02,5.260909015913591702e+01,9.823923812685926293e+00,1.000000000000000000e+01,-6.762329072312768119e+01
6.097500000000271037e+00,5.030209900962885854e+02,5.257992978990873922e+01,9.834955656750146602e+00,1.000000000000000000e+01,-6.621575894023472131e+01
6.100000000000271427e+00,5.031524233701491653e+02,5.255077594961558418e+01,9.845622665178320077e+00,1.000000000000000000e+01,-6.480667794813706450e+01
6.102500000000271818e+00,5.032837837631241200e+02,5.252162867465750651e+01,9.855932731708515249e+00,1.000000000000000000e+01,-6.339608852832615327e+01
6.105000000000272209e+00,5.034150712916470525e+02,5.249248800015111982e+01,9.865894199562452727e+00,1.000000000000000000e+01,-6.198403021436136129e+01
6.107500000000272600e+00,5.035462859722385360e+02,5.246335395987021144e+01,9.875514664575607782e+00,1.000000000000000000e+01,-6.057054131898245686e+01
6.110000000000272991e+00,5.036774278215028176e+02,5.243422658624758270e+01,9.884802013251505315e+00,1.000000000000000000e+01,-5.915565902624526728e+01
6.112500000000273381e+00,5.038084968561245205e+02,5.240510591032158061e+01,9.893763693707636975e+00,1.000000000000000000e+01,-5.773941937988536210e+01
6.115000000000273772e+00,5.039394930928649501e+02,5.237599196166769389e+01,9.902407337807558108e+00,1.000000000000000000e+01,-5.632185741347208818e+01
6.117500000000274163e+00,5.040704165485586259e+02,5.234688476838952198e+01,9.910740101581902550e+00,1.000000000000000000e+01,-5.490300715512638163e+01
6.120000000000274554e+00,5.042012672401094164e+02,5.231778435706429775e+01,9.918768577921740714e+00,3.485898010393782442e+00,-5.348290169697009588e+01
6.122500000000274945e+00,5.043320451844867875e+02,5.228869075272925926e+01,9.842113145960112774e+00,3.485898010393782442e+00,-5.206430868921125210e+01
6.125000000000275335e+00,5.044627503987219370e+02,5.225960397889770093e+01,9.767051186456010115e+00,3.485898010393782442e+00,-5.065655352990812332e+01
6.127500000000275726e+00,5.045933828999038724e+02,5.223052405714856405e+01,9.693547121693395496e+00,3.485898010393782442e+00,-4.925940081718618302e+01
6.130000000000276117e+00,5.047239427051743519e+02,5.220145100703319230e+01,9.621566172602982192e+00,3.485898010393782442e+00,-4.787262084342298607e+01
6.132500000000276508e+00,5.048544298317229391e+02,5.217238484609821114e+01,9.551074509951757108e+00,3.485898010393782442e+00,-4.649598953487412700e+01
6.135000000000276899e+00,5.049848442967818869e+02,5.214332558986291133e+01,9.482039109669234023e+00,3.485898010393782442e+00,-4.512928819453338036e+01
6.137500000000277289e+00,5.051151861176210787e+02,5.211427325186440385e+01,9.414427321802904203e+00,3.485898010393782442e+00,-4.377230347943050504e+01
6.140000000000277680e+00,5.052454553115431963e+02,5.208522784367773539e+01,9.348207649700849942e+00,-6.282697349480795168e+00,-4.242482724846875897e+01
6.142500000000278071e+00,5.053756518958786614e+02,5.205618937491549048e+01,9.157151154185207531e+00,-1.000000000000000000e+01,-4.109074944246484051e+01
6.145000000000278462e+00,5.055057758879809171e+02,5.202715785331427156e+01,8.922680250981185779e+00,-1.000000000000000000e+01,-3.978532259483773714e+01
6.147500000000278852e+00,5.056358273052215964e+02,5.199813328437336679e+01,8.693309643741416792e+00,-1.000000000000000000e+01,-3.851320009808876677e+01
6.150000000000279243e+00,5.057658061649847241e+02,5.196911567123226661e+01,8.468926217935692335e+00,-1.000000000000000000e+01,-3.727365952073092359e+01
6.152500000000279634e+00,5.058957124846608053e+02,5.194010501463657903e+01,8.249419178204792757e+00,-1.000000000000000000e+01,-3.606599510395857067e+01
6.155000000000280025e+00,5.060255462816409135e+02,5.191110131301525854e+01,8.034680227757986515e+00,-1.000000000000000000e+01,-3.488951730229906900e+01
6.157500000000280416e+00,5.061553075733108358e+02,5.188210456263223591e+01,7.824603980457926156e+00,-1.000000000000000000e+01,-3.374355228966359732e+01
6.160000000000280806e+00,5.062849963770458999e+02,5.185311475766589950e+01,7.619086952768228116e+00,1.000000000000000000e+01,-3.262744147746489887e+01
6.162500000000281197e+00,5.064146127102057449e+02,5.182413189032340739e+01,7.673240158212144557e+00,1.000000000000000000e+01,-3.153225744744907999e+01
6.165000000000281588e+00,5.065441565901293757e+02,5.179515595085506163e+01,7.726104804114539704e+00,1.000000000000000000e+01,-3.042922200285008216e+01
6.167500000000281979e+00,5.066736280341304450e+02,5.176618692824683166e+01,7.777709740918421488e+00,1.000000000000000000e+01,-2.931851457229373281e+01
6.170000000000282370e+00,5.068030270594945250e+02,5.173722481037614784e+01,7.828082651760669641e+00,1.000000000000000000e+01,-2.820031062419522172e+01
6.172500000000282760e+00,5.069323536834762081e+02,5.170826958406445328e+01,7.877251283057274733e+00,1.000000000000000000e+01,-2.707478184142038558e+01
6.175000000000283151e+00,5.070616079232966626e+02,5.167932123507124942e+01,7.925241933426660168e+00,1.000000000000000000e+01,-2.594209615201454966e+01
6.177500000000283542e+00,5.071907897961407343e+02,5.165037974805318299e+01,7.972080821392419026e+00,1.000000000000000000e+01,-2.480241790342649821e+01
6.180000000000283933e+00,5.073198993191543309e+02,5.162144510657480367e+01,8.017793744560707481e+00,1.000000000000000000e+01,-2.365590791655040093e+01
6.182500000000284324e+00,5.074489365094416371e+02,5.159251729311519341e+01,8.062405609260984818e+00,-1.000000000000000000e+01,-2.250272360067231503e+01
6.185000000000284714e+00,5.075779013840624430e+02,5.156359628903202008e+01,7.853235239526481060e+00,-1.000000000000000000e+01,-2.135122939584619672e+01
6.187500000000285105e+00,5.077067939600293016e+02,5.153468207460061734e+01,7.648577868086194442e+00,-1.000000000000000000e+01,-2.022947690495013617e+01
6.190000000000285496e+00,5.078356142543047440e+02,5.150577462869802758e+01,7.448334597478884156e+00,-1.000000000000000000e+01,-1.913683175736368014e+01
6.192500000000285887e+00,5.079643622837976409e+02,5.147687392879831947e+01,7.252408363190202323e+00,-1.000000000000000000e+01,-1.807267340336363759e+01
6.195000000000286278e+00,5.080930380653598490e+02,5.144797995104056554e+01,7.060704305201942255e+00,-1.000000000000000000e+01,-1.703639481243626363e+01
6.197500000000286668e+00,5.082216416157827439e+02,5.141909267029893726e+01,6.873129814599143295e+00,-1.000000000000000000e+01,-1.602740209701218532e+01
6.200000000000287059e+00,5.083501729517943204e+02,5.139021206024268196e+01,6.689594017011030402e+00,-1.000000000000000000e+01,-1.504511420949473788e+01
6.202500000000287450e+00,5.084786320900559531e+02,5.136133809345525947e+01,6.510008590152472685e+00,1.000000000000000000e+01,-1.408896265439256723e+01
6.205000000000287841e+00,5.086070190471599517e+02,5.133247074148938793e+01,6.584774335928447186e+00,1.000000000000000000e+01,-1.315024629736422490e+01
6.207500000000288232e+00,5.087353338396269464e+02,5.130360997495431263e+01,6.657824416619093633e+00,1.000000000000000000e+01,-1.220074403823782205e+01
6.210000000000288622e+00,5.088635764839036142e+02,5.127475576368809129e+01,6.729196842162189718e+00,1.000000000000000000e+01,-1.124069882075997917e+01
6.212500000000289013e+00,5.089917469963608028e+02,5.124590807679680893e+01,6.798928446663006220e+00,1.000000000000000000e+01,-1.027034839632839969e+01
6.215000000000289404e+00,5.091198453932917118e+02,5.121706688269845387e+01,6.867055289123420891e+00,1.000000000000000000e+01,-9.289925475450226955e+00
6.217500000000289795e+00,5.092478716909102445e+02,5.118823214911287778e+01,6.933612331128525597e+00,1.000000000000000000e+01,-8.299657816596223370e+00
6.220000000000290186e+00,5.093758259053491315e+02,5.115940384305415023e+01,6.998634352023413108e+00,1.000000000000000000e+01,-7.299768421310864674e+00
6.222500000000290576e+00,5.095037080526582827e+02,5.113058193082443381e+01,7.062154909533658653e+00,1.000000000000000000e+01,-6.290475568994980726e+00
6.225000000000290967e+00,5.096315181488029680e+02,5.110176637803013477e+01,7.124206913712956890e+00,-1.000000000000000000e+01,-5.271993004591122300e+00
6.227500000000291358e+00,5.097592562096620554e+02,5.107295714959104060e+01,6.936822053612794470e+00,-1.000000000000000000e+01,-4.252600588099621604e+00
6.230000000000291749e+00,5.098869222510263626e+02,5.104415420972004824e+01,6.753447256929642428e+00,-1.000000000000000000e+01,-3.259927684626755529e+00
6.232500000000292140e+00,5.100145162885968375e+02,5.101535752198854112e+01,6.573995116701734531e+00,-1.000000000000000000e+01,-2.293409623276358111e+00
6.235000000000292530e+00,5.101420383379829673e+02,5.098656704939583761e+01,6.398380070738448389e+00,-1.000000000000000000e+01,-1.352493644718399279e+00
6.237500000000292921e+00,5.102694884147014704e+02,5.095778275441963245e+01,6.226518480152231305e+00,-1.000000000000000000e+01,-4.366386411180951388e-01
6.240000000000293312e+00,5.103968665341749329e+02,5.092900459909834154e+01,6.058329059282512752e+00,-1.000000000000000000e+01,4.546850819155842105e-01
6.242500000000293703e+00,5.105241727117308983e+02,5.090023254508540873e+01,5.893731720889838321e+00,-1.000000000000000000e+01,1.321996076335592685e+00
6.245000000000294094e+00,5.106514069626007881e+02,5.087146655369451054e+01,5.732648463291710073e+00,1.000000000000000000e+01,2.165801963726155410e+00
6.247500000000294484e+00,5.107785693019191626e+02,5.084270658595810488e+01,5.820798221285765628e+00,1.000000000000000000e+01,2.994603005106768023e+00
6.250000000000294875e+00,5.109056597447229819e+02,5.081395260269599845e+01,5.906966373335829523e+00,1.000000000000000000e+01,3.836079981071080169e+00
6.252500000000295266e+00,5.110326783059512081e+02,5.078520456437192365e+01,5.991195946879453338e+00,1.000000000000000000e+01,4.689949891449953334e+00
6.255000000000295657e+00,5.111596250004436115e+02,5.075646243105628486e+01,6.073529471128132684e+00,1.000000000000000000e+01,5.555935707373330423e+00
6.257500000000296048e+00,5.112864998429399179e+02,5.072772616242392729e+01,6.154007809137085339e+00,1.000000000000000000e+01,6.433766209658105417e+00
6.260000000000296438e+00,5.114133028480789562e+02,5.069899571775805214e+01,6.232671581474839684e+00,1.000000000000000000e+01,7.323175838673504856e+00
6.262500000000296829e+00,5.115400340303974076e+02,5.067027105596051229e+01,6.309560079849419800e+00,1.000000000000000000e+01,8.223904595137168982e+00
6.265000000000297220e+00,5.116666934043290098e+02,5.064155213554796120e+01,6.384711833312359808e+00,1.000000000000000000e+01,9.135697869430034146e+00
6.267500000000297611e+00,5.117932809842036477e+02,5.061283891467659402e+01,6.458164506426657070e+00,-1.000000000000000000e+01,1.005830634515689326e+01
6.270000000000298002e+00,5.119197967842463299e+02,5.058413135115673498e+01,6.286636765041394348e+00,-1.000000000000000000e+01,1.098355936165957125e+01
6.272500000000298392e+00,5.120462408185763934e+02,5.055542940244961159e+01,6.118749876793476261e+00,-1.000000000000000000e+01,1.188428507266629808e+01
6.275000000000298783e+00,5.121726131012067071e+02,5.052673302593419891e+01,5.954424827937799591e+00,-1.000000000000000000e+01,1.276099928974533348e+01
6.277500000000299174e+00,5.122989136460436157e+02,5.049804217900540237e+01,5.793585088989250842e+00,-1.000000000000000000e+01,1.361420705686061261e+01
6.280000000000299565e+00,5.124251424668869959e+02,5.046935681916055927e+01,5.636155382959187499e+00,-1.000000000000000000e+01,1.444440290632449120e+01
6.282500000000299956e+00,5.125512995774305409e+02,5.044067690401091397e+01,5.482062249251193009e+00,-1.000000000000000000e+01,1.525207104188675444e+01
6.285000000000300346e+00,5.126773849912619880e+02,5.041200239132606242e+01,5.331233611525834526e+00,-1.000000000000000000e+01,1.603768554830830695e+01
6.287500000000300737e+00,5.128033987218635730e+02,5.038333323904968353e+01,5.183599293091971205e+00,1.000000000000000000e+01,1.680171060572823194e+01
6.290000000000301128e+00,5.129293407826125986e+02,5.035466940533337521e+01,5.280210634611216314e+00,1.000000000000000000e+01,1.755245758320702976e+01
6.292500000000301519e+00,5.130552111867818894e+02,5.032601084860368701e+01,5.374682084877329125e+00,1.000000000000000000e+01,1.831706652855728734e+01
6.295000000000301910e+00,5.131810099475402467e+02,5.029735752723021847e+01,5.467059956702453150e+00,1.000000000000000000e+01,1.909523009459786991e+01
6.297500000000302300e+00,5.133067370779525618e+02,5.026870939947692563e+01,5.557389293078829340e+00,1.000000000000000000e+01,1.988664734546686930e+01
6.300000000000302691e+00,5.134323925909791342e+02,5.024006642348079765e+01,5.645714198550154883e+00,1.000000000000000000e+01,2.069102361167790249e+01
6.302500000000303082e+00,5.135579764994755578e+02,5.021142855725997833e+01,5.732077820884961206e+00,1.000000000000000000e+01,2.150807034236711957e+01
6.305000000000303473e+00,5.136834888161926074e+02,5.018279575873224729e+01,5.816522535548032558e+00,1.000000000000000000e+01,2.233750497019262582e+01
6.307500000000303864e+00,5.138089295537754424e+02,5.015416798572348256e+01,5.899089446362701494e+00,1.000000000000000000e+01,2.317905077059752017e+01
6.310000000000304254e+00,5.139342987247640622e+02,5.012554519600610092e+01,5.979818927992124777e+00,-1.000000000000000000e+01,2.403243672672279629e+01
6.312500000000304645e+00,5.140595963415927372e+02,5.009692734731541464e+01,5.820100389419605946e+00,-1.000000000000000000e+01,2.488961992613906204e+01
6.315000000000305036e+00,5.141848224165901229e+02,5.006831439731323030e+01,5.663744039537852437e+00,-1.000000000000000000e+01,2.572391606226858940e+01
6.317500000000305427e+00,5.143099769619789186e+02,5.003970630396233332e+01,5.510677678758975517e+00,-1.000000000000000000e+01,2.653580469481798687e+01
6.320000000000305818e+00,5.144350599898771179e+02,5.001110302562792498e+01,5.360831212558150760e+00,-1.000000000000000000e+01,2.732575539956449617e+01
6.322500000000306208e+00,5.145600715122986912e+02,4.998250452112913678e+01,5.214135543037084375e+00,-1.000000000000000000e+01,2.809422796668262023e+01
6.325000000000306599e+00,5.146850115411551769e+02,4.995391074975050572e+01,5.070523459997093418e+00,-1.000000000000000000e+01,2.884167258601225825e+01
6.327500000000306990e+00,5.148098800882563637e+02,4.992532167123638942e+01,4.929928928351192674e+00,-1.000000000000000000e+01,2.956853003503337973e+01
6.330000000000307381e+00,5.149346771653117685e+02,4.989673724581336245e+01,4.792287683401230680e+00,1.000000000000000000e+01,3.027523186854782722e+01
6.332500000000307772e+00,5.150594027839317732e+02,4.986815743419071367e+01,4.893994002214309802e+00,1.000000000000000000e+01,3.096990650550069901e+01
6.335000000000308162e+00,5.151840569556287619e+02,4.983958219759649211e+01,4.993474919458773087e+00,1.000000000000000000e+01,3.167914814027078663e+01
6.337500000000308553e+00,5.153086396918184846e+02,4.981101149745780532e+01,5.090778038011811724e+00,1.000000000000000000e+01,3.240263586206410906e+01
6.340000000000308944e+00,5.154331510038201714e+02,4.978244529533207441e+01,5.185949873127016829e+00,1.000000000000000000e+01,3.314005541548863931e+01
6.342500000000309335e+00,5.155575909028572141e+02,4.975388355288724540e+01,5.279036186881711501e+00,1.000000000000000000e+01,3.389109905071519790e+01
6.345000000000309726e+00,5.156819594000570532e+02,4.972532623192493872e+01,5.370080970468896986e+00,1.000000000000000000e+01,3.465546537422594753e+01
6.347500000000310116e+00,5.158062565064518594e+02,4.969677329441191915e+01,5.459128089326820366e+00,1.000000000000000000e+01,3.543285921593246002e+01
6.350000000000310507e+00,5.159304822329787612e+02,4.966822470251014465e+01,5.546219899604207804e+00,1.000000000000000000e+01,3.622299149269235841e+01
6.352500000000310898e+00,5.160546365904802997e+02,4.963968041858357338e+01,5.631398145126857102e+00,-1.000000000000000000e+01,3.702557906692457124e+01
6.355000000000311289e+00,5.161787195897053380e+02,4.961114040523174396e+01,5.480708034204511137e+00,-1.000000000000000000e+01,3.783272015561055923e+01
6.357500000000311680e+00,5.163027312413090613e+02,4.958260462529339208e+01,5.333162923386773890e+00,-1.000000000000000000e+01,3.861824033068143081e+01
6.360000000000312070e+00,5.164266715558541136e+02,4.955407304213990471e+01,5.188696248351973850e+00,-1.000000000000000000e+01,3.938259082190531046e+01
6.362500000000312461e+00,5.165505405438118487e+02,4.952554561973613545e+01,5.047242590143079966e+00,-1.000000000000000000e+01,4.012621344218409547e+01
6.365000000000312852e+00,5.166743382155640347e+02,4.949702232267479474e+01,4.908738138356778080e+00,-1.000000000000000000e+01,4.084954074344010166e+01
6.367500000000313243e+00,5.167980645814039917e+02,4.946850311616415041e+01,4.773120239060109959e+00,-1.000000000000000000e+01,4.155299622437937757e+01
6.370000000000313634e+00,5.169217196515387514e+02,4.943998796603280965e+01,4.640327674439059358e+00,-1.000000000000000000e+01,4.223699450815784218e+01
6.372500000000314024e+00,5.170453034360899665e+02,4.941147683870230622e+01,4.510300547077997102e+00,1.000000000000000000e+01,4.290194150970540932e+01
6.375000000000314415e+00,5.171688159450958437e+02,4.938296970116946483e+01,4.614791690520606338e+00,1.000000000000000000e+01,4.355578616132410019e+01
6.377500000000314806e+00,5.172922571885123944e+02,4.935446652103021137e+01,4.717020989027929545e+00,1.000000000000000000e+01,4.422457256582750063e+01
6.380000000000315197e+00,5.174156271762149117e+02,4.932596726628027994e+01,4.817036271842257023e+00,1.000000000000000000e+01,4.490797377295299242e+01
6.382500000000315588e+00,5.175389259179987675e+02,4.929747190527184841e+01,4.914884604394625711e+00,1.000000000000000000e+01,4.560566959305049295e+01
6.385000000000315978e+00,5.176621534235805484e+02,4.926898040671537160e+01,5.010611462138839123e+00,1.000000000000000000e+01,4.631734643357414427e+01
6.387500000000316369e+00,5.177853097025987381e+02,4.924049273970403107e+01,5.104261790951762912e+00,1.000000000000000000e+01,4.704269715059795232e+01
6.390000000000316760e+00,5.179083947646148545e+02,4.921200887374741484e+01,5.195879519974369920e+00,1.000000000000000000e+01,4.778142093183003425e+01
6.392500000000317151e+00,5.180314086191143588e+02,4.918352877878631091e+01,5.285507463250615601e+00,1.000000000000000000e+01,4.853322316488731047e+01
6.395000000000317542e+00,5.181543512755077927e+02,4.915505242521705043e+01,5.373187709711891635e+00,-1.000000000000000000e+01,4.929781527090024440e+01
6.397500000000317932e+00,5.182772227431321426e+02,4.912657978392727642e+01,5.229600554333948104e+00,-1.000000000000000000e+01,5.006744568061201761e+01
6.400000000000318323e+00,5.184000230312516351e+02,4.909811082631161128e+01,5.088983826735424820e+00,-1.000000000000000000e+01,5.081646416958960089e+01
6.402500000000318714e+00,5.185227521490595564e+02,4.906964552439761462e+01,4.951274975018836066e+00,-1.000000000000000000e+01,5.154529875565027197e+01
6.405000000000319105e+00,5.186454101056795025e+02,4.904118385086581355e+01,4.816412591552971634e+00,-1.000000000000000000e+01,5.225436846329660057e+01
6.407500000000319496e+00,5.187679969101670849e+02,4.901272577904452987e+01,4.684336958325826750e+00,-1.000000000000000000e+01,5.294408351291522052e+01
6.410000000000319886e+00,5.188905125715116355e+02,4.898427128288452792e+01,4.554989279337719132e+00,-1.000000000000000000e+01,5.361484551757029493e+01
6.412500000000320277e+00,5.190129570986377985e+02,4.895582033693510482e+01,4.428312385865266876e+00,-1.000000000000000000e+01,5.426704759995038074e+01
6.415000000000320668e+00,5.191353305004068943e+02,4.892737291633716978e+01,4.304250039841569730e+00,1.000000000000000000e+01,5.490107463035182178e+01
6.417500000000321059e+00,5.192576327856183980e+02,4.889892899681672134e+01,4.409937025846596192e+00,1.000000000000000000e+01,5.552469884808344602e+01
6.420000000000321450e+00,5.193798639630114167e+02,4.887048855465513952e+01,4.513358689085181119e+00,1.000000000000000000e+01,5.616341330319778535e+01
6.422500000000321840e+00,5.195020240412660542e+02,4.884205156666893544e+01,4.614562791290154564e+00,1.000000000000000000e+01,5.681689031619120556e+01
6.425000000000322231e+00,5.196241130290047749e+02,4.881361801023214042e+01,4.713595430681245091e+00,1.000000000000000000e+01,5.748480896100072357e+01
6.427500000000322622e+00,5.197461309347938823e+02,4.878518786328989876e+01,4.810502473532782375e+00,1.000000000000000000e+01,5.816685487133651122e+01
6.430000000000323013e+00,5.198680777671447686e+02,4.875676110439609090e+01,4.905328044834037726e+00,1.000000000000000000e+01,5.886272019026957736e+01
6.432500000000323404e+00,5.199899535345155073e+02,4.872833771273202785e+01,4.998116157729964648e+00,1.000000000000000000e+01,5.957210336074845003e+01
6.435000000000323794e+00,5.201117582453126715e+02,4.869991766811836698e+01,5.088909020563986196e+00,1.000000000000000000e+01,6.029470904661953767e+01
6.437500000000324185e+00,5.202334919078925850e+02,4.867150095105802166e+01,5.177748633302172721e+00,-1.000000000000000000e+01,6.103024798438406862e+01
6.440000000000324576e+00,5.203551545305633681e+02,4.864308754274247093e+01,5.039918800336146809e+00,-1.000000000000000000e+01,6.177112425808513763e+01
6.442500000000324967e+00,5.204767461215864159e+02,4.861467742510773604e+01,4.904913960334980949e+00,-1.000000000000000000e+01,6.249221858386469819e+01
6.445000000000325358e+00,5.205982666891784447e+02,4.858627058073971483e+01,4.772675091079036314e+00,-1.000000000000000000e+01,6.319393910683058380e+01
6.447500000000325748e+00,5.207197162415129696e+02,4.855786699281302532e+01,4.643144420141815054e+00,-1.000000000000000000e+01,6.387668536335038993e+01
6.450000000000326139e+00,5.208410947867217828e+02,4.852946664506092134e+01,4.516265373271147077e+00,-1.000000000000000000e+01,6.454084849843850691e+01
6.452500000000326530e+00,5.209624023328962039e+02,4.850106952174056119e+01,4.391982659421865165e+00,-1.000000000000000000e+01,6.518681140030588494e+01
6.455000000000326921e+00,5.210836388880885579e+02,4.847267560758541549e+01,4.270241895707322044e+00,-1.000000000000000000e+01,6.581494886466828120e+01
6.457500000000327312e+00,5.212048044603131984e+02,4.844428488782627085e+01,4.150990191402364360e+00,1.000000000000000000e+01,6.642562781111307402e+01
6.460000000000327702e+00,5.213258990575479856e+02,4.841589734816151491e+01,4.256780495315074297e+00,1.000000000000000000e+01,6.702644672646752610e+01
6.462500000000328093e+00,5.214469226877350820e+02,4.838751297469649870e+01,4.360324421426950536e+00,1.000000000000000000e+01,6.764235093664291298e+01
6.465000000000328484e+00,5.215678753587824303e+02,4.835913175416441590e+01,4.461668555773022682e+00,1.000000000000000000e+01,6.827301573575687144e+01
6.467500000000328875e+00,5.216887570785648904e+02,4.833075367401524147e+01,4.560858914730960834e+00,1.000000000000000000e+01,6.891812307258837222e+01
6.470000000000329266e+00,5.218095678549266268e+02,4.830237872244462949e+01,4.657940179321934160e+00,1.000000000000000000e+01,6.957736148586762681e+01
6.472500000000329656e+00,5.219303076956826999e+02,4.827400688841365195e+01,4.752955859855722665e+00,1.000000000000000000e+01,7.025042588743312422e+01
6.475000000000330047e+00,5.220509766086208856e+02,4.824563816167793817e+01,4.845948662680442887e+00,1.000000000000000000e+01,7.093701743158699458e+01
6.477500000000330438e+00,5.221715746015038349e+02,4.821727253280571546e+01,4.936960823989063663e+00,1.000000000000000000e+01,7.163684343832963464e+01
6.480000000000330829e+00,5.222921016820712339e+02,4.818890999319470581e+01,5.026033400479628988e+00,-1.000000000000000000e+01,7.234961728883673970e+01
6.482500000000331219e+00,5.224125578580415095e+02,4.816055053509373352e+01,4.893009953135124768e+00,-1.000000000000000000e+01,7.306790119997063471e+01
6.485000000000331610e+00,5.225329431371144437e+02,4.813219415165979598e+01,4.762686646522193534e+00,-1.000000000000000000e+01,7.376710665192862848e+01
6.487500000000332001e+00,5.226532575269729932e+02,4.810384083659135257e+01,4.635007265023729950e+00,-1.000000000000000000e+01,7.444762414846019283e+01
6.490000000000332392e+00,5.227735010352846530e+02,4.807549058403073161e+01,4.509917303439541669e+00,-1.000000000000000000e+01,7.510983592771856365e+01
6.492500000000332783e+00,5.228936736697024799e+02,4.804714338846931554e+01,4.387363510763726104e+00,-1.000000000000000000e+01,7.575411621972874343e+01
6.495000000000333173e+00,5.230137754378658883e+02,4.801879924473411876e+01,4.267292696793981044e+00,-1.000000000000000000e+01,7.638083137718254534e+01
6.497500000000333564e+00,5.231338063474016735e+02,4.799045814797922560e+01,4.149654110432363652e+00,-1.000000000000000000e+01,7.699033998959924929e+01
6.500000000000333955e+00,5.232537664059246936e+02,4.796212009365754625e+01,4.034397256840258628e+00,1.000000000000000000e+01,7.758299314402682967e+01
6.502500000000334346e+00,5.233736556210385515e+02,4.793378507751495476e+01,4.139542230532524236e+00,1.000000000000000000e+01,7.816621928280773091e+01
6.505000000000334737e+00,5.234934740003362776e+02,4.790545309549931119e+01,4.242474812452204702e+00,1.000000000000000000e+01,7.876442370047462305e+01
6.507500000000335127e+00,5.236132215514011250e+02,4.787712414421231699e+01,4.343240428574356216e+00,1.000000000000000000e+01,7.937728727059791822e+01
6.510000000000335518e+00,5.237328982818081613e+02,4.784879822105559555e+01,4.441883801445592361e+00,1.000000000000000000e+01,8.000449740449263913e+01
6.512500000000335909e+00,5.238525041991265425e+02,4.782047532431501935e+01,4.538448834596461978e+00,1.000000000000000000e+01,8.064574794071020847e+01
6.515000000000336300e+00,5.239720393109215593e+02,4.779215545317029523e+01,4.632977814909473580e+00,1.000000000000000000e+01,8.130073908429430674e+01
6.517500000000336691e+00,5.240915036247571379e+02,4.776383860770305034e+01,4.725512660814141341e+00,1.000000000000000000e+01,8.196917712792809141e+01
6.520000000000337081e+00,5.242108971481976596e+02,4.773552478889629924e+01,4.816094470687968254e+00,1.000000000000000000e+01,8.265077444193899225e+01
6.522500000000337472e+00,5.243302198888106886e+02,4.770721399865225010e+01,4.904763241126267381e+00,-1.000000000000000000e+01,8.334524938885563472e+01
6.525000000000337863e+00,5.244494718541690190e+02,4.767890623980660791e+01,4.775864650919166010e+00,-1.000000000000000000e+01,8.404532221153147020e+01
6.527500000000338254e+00,5.245686530518530617e+02,4.765060151619853457e+01,4.649556478510214141e+00,-1.000000000000000000e+01,8.472692880571061380e+01
6.530000000000338645e+00,5.246877634894533458e+02,4.762229983209561368e+01,4.525785181309233351e+00,-1.000000000000000000e+01,8.539044359401967199e+01
6.532500000000339035e+00,5.248068031745710869e+02,4.759400119203313295e+01,4.404498816667801186e+00,-1.000000000000000000e+01,8.603623310561208370e+01
6.535000000000339426e+00,5.249257721148189830e+02,4.756570560069097553e+01,4.285646340790532527e+00,-1.000000000000000000e+01,8.666465616751746381e+01
6.537500000000339817e+00,5.250446703178215557e+02,4.753741306289767010e+01,4.169177884947606216e+00,-1.000000000000000000e+01,8.727606406095171110e+01
6.540000000000340208e+00,5.251634977912154909e+02,4.750912358360305632e+01,4.055044492932927902e+00,-1.000000000000000000e+01,8.787080073875300457e+01
6.542500000000340599e+00,5.252822545426498664e+02,4.748083716787291308e+01,3.943198311210622364e+00,1.000000000000000000e+01,8.844920289554433168e+01
6.545000000000340989e+00,5.254009405797864929e+02,4.745255382088745932e+01,4.047190706812039629e+00,1.000000000000000000e+01,8.901853332531577223e+01
6.547500000000341380e+00,5.255195559103001415e+02,4.742427354784853577e+01,4.149014385258515958e+00,1.000000000000000000e+01,8.960266941761646819e+01
6.550000000000341771e+00,5.256381005418787709e+02,4.739599635464975336e+01,4.248713815557922047e+00,1.000000000000000000e+01,9.020129937474584381e+01
6.552500000000342162e+00,5.257565744822255738e+02,4.736772224808216691e+01,4.346332291984538188e+00,1.000000000000000000e+01,9.081411783324357145e+01
6.555000000000342553e+00,5.258749777390612508e+02,4.733945123590904558e+01,4.441912217151660514e+00,1.000000000000000000e+01,9.144082568949862377e+01
6.557500000000342943e+00,5.259933103201266249e+02,4.731118332687790229e+01,4.535495051200674865e+00,1.000000000000000000e+01,9.208112998899905222e+01
6.560000000000343334e+00,5.261115722331846882e+02,4.728291853073945816e+01,4.627121569627647091e+00,1.000000000000000000e+01,9.273474385620306748e+01
6.562500000000343725e+00,5.262297634860234439e+02,4.725465685821946948e+01,4.716831709799012451e+00,1.000000000000000000e+01,9.340138632241219341e+01
6.565000000000344116e+00,5.263478840864584072e+02,4.722639832107415003e+01,4.804664176905564688e+00,-1.000000000000000000e+01,9.408078228188867342e+01
6.567500000000344507e+00,5.264659340423351068e+02,4.719814293206187727e+01,4.679397061713911121e+00,-1.000000000000000000e+01,9.476580788658951349e+01
6.570000000000344897e+00,5.265839133615312448e+02,4.716989070502683745e+01,4.556621282382069538e+00,-1.000000000000000000e+01,9.543291205630585239e+01
6.572500000000345288e+00,5.267018220519599936e+02,4.714164165418160479e+01,4.436286200394618184e+00,-1.000000000000000000e+01,9.608245420613150145e+01
6.575000000000345679e+00,5.268196601215697683e+02,4.711339579384826237e+01,4.318342066845891836e+00,-1.000000000000000000e+01,9.671478626125276890e+01
6.577500000000346070e+00,5.269374275783450230e+02,4.708515313833240867e+01,4.202740263132135112e+00,-1.000000000000000000e+01,9.733025277220895077e+01
6.580000000000346461e+00,5.270551244303059093e+02,4.705691370193835610e+01,4.089432981233049880e+00,-1.000000000000000000e+01,9.792919109148576240e+01
6.582500000000346851e+00,5.271727506855083902e+02,4.702867749897605165e+01,3.978374045855771257e+00,-1.000000000000000000e+01,9.851193153282613935e+01
6.585000000000347242e+00,5.272903063520440128e+02,4.700044454373480107e+01,3.869517544078799443e+00,1.000000000000000000e+01,9.907879759224229588e+01
6.587500000000347633e+00,5.274077914380402490e+02,4.697221485050935996e+01,3.972019783645863278e+00,1.000000000000000000e+01,9.963689169114674371e+01
6.590000000000348024e+00,5.275252059516601548e+02,4.694398843347586592e+01,4.072403950668270767e+00,1.000000000000000000e+01,1.002095788852805072e+02
6.592500000000348415e+00,5.276425499011023703e+02,4.691576530749488683e+01,4.170712459315303100e+00,1.000000000000000000e+01,1.007965558688911614e+02
6.595000000000348805e+00,5.277598232946032795e+02,4.688754548835766656e+01,4.266987513684997069e+00,1.000000000000000000e+01,1.013975255196586431e+02
6.597500000000349196e+00,5.278770261404391704e+02,4.685932899289003473e+01,4.361270224014131891e+00,1.000000000000000000e+01,1.020121968431048174e+02
6.600000000000349587e+00,5.279941584469290774e+02,4.683111583894205410e+01,4.453600577357218704e+00,1.000000000000000000e+01,1.026402848863477857e+02
6.602500000000349978e+00,5.281112202224371686e+02,4.680290604538036092e+01,4.544018123469336423e+00,1.000000000000000000e+01,1.032815105063262422e+02
6.605000000000350369e+00,5.282282114753754740e+02,4.677469963206981873e+01,4.632561309060039711e+00,1.000000000000000000e+01,1.039356004038200183e+02
6.607500000000350759e+00,5.283451322142061599e+02,4.674649661987078986e+01,4.719267964854886088e+00,-1.000000000000000000e+01,1.046022869309722267e+02
6.610000000000351150e+00,5.284619824474441430e+02,4.671829703061499828e+01,4.597268908273332677e+00,-1.000000000000000000e+01,1.052745983791537299e+02
6.612500000000351541e+00,5.285787621836594781e+02,4.669010088720484219e+01,4.477670701816773402e+00,-1.000000000000000000e+01,1.059294813749968824e+02
6.615000000000351932e+00,5.286954714314798593e+02,4.666190821272288503e+01,4.360424967579143107e+00,-1.000000000000000000e+01,1.065672812028960692e+02
6.617500000000352323e+00,5.288121101995907338e+02,4.663371903018364861e+01,4.245484413374934540e+00,-1.000000000000000000e+01,1.071883360226054265e+02
6.620000000000352713e+00,5.289286784967349604e+02,4.660553336244564804e+01,4.132802448357459468e+00,-1.000000000000000000e+01,1.077929769860875524e+02
6.622500000000353104e+00,5.290451763317123550e+02,4.657735123216514239e+01,4.022333710394878636e+00,-1.000000000000000000e+01,1.083815284276387132e+02
6.625000000000353495e+00,5.291616037133794634e+02,4.654917266179950985e+01,3.914033704439370709e+00,-1.000000000000000000e+01,1.089543079905269849e+02
6.627500000000353886e+00,5.292779606506486516e+02,4.652099767361303151e+01,3.807858494137950078e+00,1.000000000000000000e+01,1.095116267705336242e+02
6.630000000000354277e+00,5.293942471524878783e+02,4.649282628966587794e+01,3.908652578683724510e+00,1.000000000000000000e+01,1.100604327283594586e+02
6.632500000000354667e+00,5.295104632279201269e+02,4.646465853169566174e+01,4.007382611212246815e+00,1.000000000000000000e+01,1.106235967348818861e+02
6.635000000000355058e+00,5.296266088860227228e+02,4.643649442203538058e+01,4.104090133090136483e+00,1.000000000000000000e+01,1.112008245566971141e+02
6.637500000000355449e+00,5.297426841359292666e+02,4.640833398381867170e+01,4.198815379929571989e+00,1.000000000000000000e+01,1.117918279882817814e+02
6.640000000000355840e+00,5.298586889868317940e+02,4.638017724106858708e+01,4.291597844257706740e+00,1.000000000000000000e+01,1.123963247158600183e+02
6.642500000000356231e+00,5.299746234479828217e+02,4.635202421871669998e+01,4.382476777333951468e+00,1.000000000000000000e+01,1.130140382056981139e+02
6.645000000000356621e+00,5.300904875286978495e+02,4.632387494256342109e+01,4.471489827215379798e+00,1.000000000000000000e+01,1.136446977048388476e+02
6.647500000000357012e+00,5.302062812383571782e+02,4.629572943926019946e+01,4.558674463846192459e+00,1.000000000000000000e+01,1.142880380148758377e+02
6.650000000000357403e+00,5.303220045864082977e+02,4.626758773627139476e+01,4.644067193569402896e+00,-1.000000000000000000e+01,1.149437994088239066e+02
6.652500000000357794e+00,5.304376575823677058e+02,4.623944986186159412e+01,4.525065332028669118e+00,-1.000000000000000000e+01,1.156051574834189637e+02
6.655000000000358185e+00,5.305532402358232957e+02,4.621131584515711666e+01,4.408380701280491643e+00,-1.000000000000000000e+01,1.162495385793091316e+02
6.657500000000358575e+00,5.306687525564358339e+02,4.618318571523968075e+01,4.293966860675366704e+00,-1.000000000000000000e+01,1.168772747059722406e+02
6.660000000000358966e+00,5.307841945539387325e+02,4.615505950092476439e+01,4.181778276769433589e+00,-1.000000000000000000e+01,1.174886909987703376e+02
6.662500000000359357e+00,5.308995662381371403e+02,4.612693723057917339e+01,4.071771007856904490e+00,-1.000000000000000000e+01,1.180841059588597375e+02
6.665000000000359748e+00,5.310148676189069192e+02,4.609881893212126869e+01,3.963901454395355906e+00,-1.000000000000000000e+01,1.186638316581348391e+02
6.667500000000360139e+00,5.311300987061935075e+02,4.607070463303163876e+01,3.858127059501554434e+00,-1.000000000000000000e+01,1.192281737948796376e+02
6.670000000000360529e+00,5.312452595100106691e+02,4.604259436035720654e+01,3.754406021087445922e+00,1.000000000000000000e+01,1.197774318818773054e+02
6.672500000000360920e+00,5.313603500404395845e+02,4.601448814070388948e+01,3.853358248987789114e+00,1.000000000000000000e+01,1.203184057022130133e+02
6.675000000000361311e+00,5.314753703076278271e+02,4.598638600014445643e+01,3.950302804652337851e+00,1.000000000000000000e+01,1.208734914722172391e+02
6.677500000000361702e+00,5.315903203217877717e+02,4.595828796511516856e+01,4.045279474882831572e+00,1.000000000000000000e+01,1.214424042115090430e+02
6.680000000000362093e+00,5.317052000931984139e+02,4.593019406260059867e+01,4.138327343772168376e+00,1.000000000000000000e+01,1.220248647170698888e+02
6.682500000000362483e+00,5.318200096322066202e+02,4.590210432025798326e+01,4.229484760857209480e+00,1.000000000000000000e+01,1.226205995506160633e+02
6.685000000000362874e+00,5.319347489492286059e+02,4.587401876639825105e+01,4.318789050835447618e+00,1.000000000000000000e+01,1.232293408513347543e+02
6.687500000000363265e+00,5.320494180547517544e+02,4.584593742990663401e+01,4.406276962976160227e+00,1.000000000000000000e+01,1.238508262702568601e+02
6.690000000000363656e+00,5.321640169593360952e+02,4.581786034024935361e+01,4.491984149273563709e+00,1.000000000000000000e+01,1.244847988314931371e+02
6.692500000000364047e+00,5.322785456736155538e+02,4.578978752744587410e+01,4.575946002990208150e+00,-1.000000000000000000e+01,1.251310068166673233e+02
6.695000000000364437e+00,5.323930042082994305e+02,4.576171902199687480e+01,4.459738475784573275e+00,-1.000000000000000000e+01,1.257827675645506815e+02
6.697500000000364828e+00,5.325073925741735366e+02,4.573365485496627514e+01,4.345769427342995428e+00,-1.000000000000000000e+01,1.264179684289661481e+02
6.700000000000365219e+00,5.326217107821015588e+02,4.570559505710547654e+01,4.233994981151431247e+00,-1.000000000000000000e+01,1.270369287197651289e+02
6.702500000000365610e+00,5.327359588430236954e+02,4.567753965862154786e+01,4.124371849288570147e+00,-1.000000000000000000e+01,1.276399613890246343e+02
6.705000000000366001e+00,5.328501367679552914e+02,4.564948868903759660e+01,4.016857373098345008e+00,-1.000000000000000000e+01,1.282273730813043642e+02
6.707500000000366391e+00,5.329642445679850198e+02,4.562144217721704109e+01,3.911409844352137455e+00,-1.000000000000000000e+01,1.287994643054570076e+02
6.710000000000366782e+00,5.330782822542735175e+02,4.559340015135758506e+01,3.807988532750942845e+00,-1.000000000000000000e+01,1.293565295067296859e+02
6.712500000000367173e+00,5.331922498380514526e+02,4.556536263898723149e+01,3.706553835685065135e+00,1.000000000000000000e+01,1.298988572922316109e+02
6.715000000000367564e+00,5.333061473306178186e+02,4.553732966699298146e+01,3.803589317415054349e+00,1.000000000000000000e+01,1.304331055288753589e+02
6.717500000000367955e+00,5.334199747433386847e+02,4.550930126152067601e+01,3.898674498696450108e+00,1.000000000000000000e+01,1.309812151972084280e+02
6.720000000000368345e+00,5.335337320876450349e+02,4.548127744877349699e+01,3.991847717708611576e+00,1.000000000000000000e+01,1.315429104217656402e+02
6.722500000000368736e+00,5.336474193750334507e+02,4.545325825522799335e+01,4.083146517575393375e+00,1.000000000000000000e+01,1.321179209316192384e+02
6.725000000000369127e+00,5.337610366170672478e+02,4.542524370771632647e+01,4.172607800112589693e+00,1.000000000000000000e+01,1.327059819266422949e+02
6.727500000000369518e+00,5.338745838253767033e+02,4.539723383335132922e+01,4.260267633447043067e+00,1.000000000000000000e+01,1.333068340283203099e+02
6.730000000000369909e+00,5.339880610116600792e+02,4.536922865953940232e+01,4.346161189723861007e+00,1.000000000000000000e+01,1.339202231126478182e+02
6.732500000000370299e+00,5.341014681876844179e+02,4.534122821392039526e+01,4.430323076647511016e+00,1.000000000000000000e+01,1.345459002092710534e+02
6.735000000000370690e+00,5.342148053652858835e+02,4.531323252433845994e+01,4.512787495920806968e+00,-1.000000000000000000e+01,1.351836214269694665e+02
6.737500000000371081e+00,5.343280725563704436e+02,4.528524161882131693e+01,4.399220994179321664e+00,-1.000000000000000000e+01,1.358268403059525440e+02
6.740000000000371472e+00,5.344412697729142110e+02,4.525725552561485188e+01,4.287819242074380810e+00,-1.000000000000000000e+01,1.364538868049843643e+02
6.742500000000371863e+00,5.345543970269638976e+02,4.522927427241003073e+01,4.178540096167380646e+00,-1.000000000000000000e+01,1.370650684551054894e+02
6.745000000000372253e+00,5.346674543306349960e+02,4.520129788614111987e+01,4.071342092362765896e+00,-1.000000000000000000e+01,1.376606866845577599e+02
6.747500000000372644e+00,5.347804416961097331e+02,4.517332639286625096e+01,3.966184686923621250e+00,-1.000000000000000000e+01,1.382410369943848423e+02
6.750000000000373035e+00,5.348933591356351371e+02,4.514535981777732587e+01,3.863027886299704949e+00,-1.000000000000000000e+01,1.388064091297796949e+02
6.752500000000373426e+00,5.350062066615206504e+02,4.511739818520814538e+01,3.761832851204880868e+00,-1.000000000000000000e+01,1.393570870812001488e+02
6.755000000000373817e+00,5.351189842861360830e+02,4.508944151867379446e+01,3.662561268617657628e+00,1.000000000000000000e+01,1.398933493329203372e+02
6.757500000000374207e+00,5.352316920219095664e+02,4.506148984089436027e+01,3.757644893698254052e+00,1.000000000000000000e+01,1.404217175476408386e+02
6.760000000000374598e+00,5.353443298813256206e+02,4.503354317368525983e+01,3.850835929712993710e+00,1.000000000000000000e+01,1.409636952433020269e+02
6.762500000000374989e+00,5.354568978769227670e+02,4.500560153866640434e+01,3.942170985083228718e+00,1.000000000000000000e+01,1.415190153421899595e+02
6.765000000000375380e+00,5.355693960212938691e+02,4.497766495743580606e+01,4.031686013546186054e+00,1.000000000000000000e+01,1.420874160830620099e+02
6.767500000000375771e+00,5.356818243270855646e+02,4.494973345160725842e+01,4.119416719306374652e+00,1.000000000000000000e+01,1.426686409533918152e+02
6.770000000000376161e+00,5.357941828069984922e+02,4.492180704278942471e+01,4.205397756921410490e+00,1.000000000000000000e+01,1.432624386080229613e+02
6.772500000000376552e+00,5.359064714737875192e+02,4.489388575252975500e+01,4.289662980842216200e+00,1.000000000000000000e+01,1.438685627644834142e+02
6.775000000000376943e+00,5.360186903402611733e+02,4.486596960229758224e+01,4.372245702391471589e+00,1.000000000000000000e+01,1.444867720415360282e+02
6.777500000000377334e+00,5.361308394192817559e+02,4.483805861345977917e+01,4.453178596011253099e+00,-1.000000000000000000e+01,1.451168299011871170e+02
6.780000000000377725e+00,5.362429187237646602e+02,4.481015280724559346e+01,4.342137831137014459e+00,-1.000000000000000000e+01,1.457523209012065024e+02
6.782500000000378115e+00,5.363549282666785984e+02,4.478225220476456059e+01,4.233192017392052975e+00,-1.000000000000000000e+01,1.463720015338021483e+02
6.785000000000378506e+00,5.364668680610445790e+02,4.475435682642446267e+01,4.126300584154217077e+00,-1.000000000000000000e+01,1.469761683200509026e+02
6.787500000000378897e+00,5.365787381199343145e+02,4.472646669175178857e+01,4.021423963872420515e+00,-1.000000000000000000e+01,1.475651120076419431e+02
6.790000000000379288e+00,5.366905384564677206e+02,4.469858181929328822e+01,3.918523164790827629e+00,-1.000000000000000000e+01,1.481391177782556383e+02
6.792500000000379679e+00,5.368022690838105291e+02,4.467070222665506662e+01,3.817560223331961655e+00,-1.000000000000000000e+01,1.486984653043876961e+02
6.795000000000380069e+00,5.369139300151720136e+02,4.464282793053359200e+01,3.718497529383188560e+00,-1.000000000000000000e+01,1.492434288778204063e+02
6.797500000000380460e+00,5.370255212638026023e+02,4.461495894669920403e+01,3.621298498680936007e+00,1.000000000000000000e+01,1.497742775436078091e+02
6.800000000000380851e+00,5.371370428429916046e+02,4.458709529005417949e+01,3.714421363545467258e+00,1.000000000000000000e+01,1.502974018282322959e+02
6.802500000000381242e+00,5.372484947660651642e+02,4.455923697457411947e+01,3.805708359793849027e+00,1.000000000000000000e+01,1.508338828010905388e+02
6.805000000000381633e+00,5.373598770463839855e+02,4.453138401379914058e+01,3.895194907456834610e+00,1.000000000000000000e+01,1.513834615868470337e+02
6.807500000000382023e+00,5.374711896973423109e+02,4.450353642097616103e+01,3.982915824674141181e+00,1.000000000000000000e+01,1.519458844282103769e+02
6.810000000000382414e+00,5.375824327323674652e+02,4.447569420910599547e+01,4.068904842249282616e+00,1.000000000000000000e+01,1.525209025922908666e+02
6.812500000000382805e+00,5.376936061649190606e+02,4.444785739089956422e+01,4.153195471445064513e+00,1.000000000000000000e+01,1.531082722321446852e+02
6.815000000000383196e+00,5.378047100084884278e+02,4.442002597875993075e+01,4.235820393114108739e+00,1.000000000000000000e+01,1.537077543006825522e+02
6.817500000000383586e+00,5.379157442765977066e+02,4.439219998476678342e+01,4.316811364444820498e+00,1.000000000000000000e+01,1.543191144745674706e+02
6.820000000000383977e+00,5.380267089827989366e+02,4.436437942060774731e+01,4.396200093707587797e+00,-1.000000000000000000e+01,1.549421230229262960e+02
6.822500000000384368e+00,5.381376041406731474e+02,4.433656429759519568e+01,4.287599181804111481e+00,-1.000000000000000000e+01,1.555704912049899349e+02
6.825000000000384759e+00,5.382484297638295629e+02,4.430875462666504205e+01,4.181026538862552044e+00,-1.000000000000000000e+01,1.561833892835779523e+02
6.827500000000385150e+00,5.383591858659043510e+02,4.428095041794696840e+01,4.076443091641087868e+00,-1.000000000000000000e+01,1.567811036049516815e+02
6.830000000000385540e+00,5.384698724605585767e+02,4.425315168067486837e+01,3.973811382869765207e+00,-1.000000000000000000e+01,1.573639150523519845e+02
6.832500000000385931e+00,5.385804895614757015e+02,4.422535842315206622e+01,3.873093699118473232e+00,-1.000000000000000000e+01,1.579320992835176014e+02
6.835000000000386322e+00,5.386910371823595369e+02,4.419757065277498498e+01,3.774253548428641913e+00,-1.000000000000000000e+01,1.584859267034505592e+02
6.837500000000386713e+00,5.388015153369318568e+02,4.416978837605017105e+01,3.677255186385868679e+00,-1.000000000000000000e+01,1.590256626347866700e+02
6.840000000000387104e+00,5.389119240389302377e+02,4.414201159861536183e+01,3.582063703880829397e+00,1.000000000000000000e+01,1.595515673998067143e+02
6.842500000000387494e+00,5.390222633021057845e+02,4.411424032525255967e+01,3.673231863631171379e+00,1.000000000000000000e+01,1.600699043051792785e+02
6.845000000000387885e+00,5.391325331402210850e+02,4.408647455985928332e+01,3.762620263992614955e+00,1.000000000000000000e+01,1.606013431573750836e+02
6.847500000000388276e+00,5.392427335670480488e+02,4.405871430579027503e+01,3.850262777263033342e+00,1.000000000000000000e+01,1.611456327333634704e+02
6.850000000000388667e+00,5.393528645963667714e+02,4.403095956593161731e+01,3.936192858050620025e+00,1.000000000000000000e+01,1.617025266679071649e+02
6.852500000000389058e+00,5.394629262419642828e+02,4.400321034274263354e+01,4.020443039680323238e+00,1.000000000000000000e+01,1.622717833725716332e+02
6.855000000000389448e+00,5.395729185176334113e+02,4.397546663821405133e+01,4.103045130186333544e+00,1.000000000000000000e+01,1.628531659128179570e+02
6.857500000000389839e+00,5.396828414371718736e+02,4.394772845383971571e+01,4.184030775191499352e+00,1.000000000000000000e+01,1.634464419277830132e+02
6.860000000000390230e+00,5.397926950143806835e+02,4.391999579060703951e+01,4.263430742123444084e+00,1.000000000000000000e+01,1.640513835448143425e+02
6.862500000000390621e+00,5.399024792630632419e+02,4.389226864897496228e+01,4.341274934633917226e+00,-1.000000000000000000e+01,1.646677672607543457e+02
6.865000000000391012e+00,5.400121941970235184e+02,4.386454702887061785e+01,4.235049520726198224e+00,-1.000000000000000000e+01,1.652894279169256890e+02
6.867500000000391402e+00,5.401218398300651415e+02,4.383683092967341821e+01,4.130788280703271198e+00,-1.000000000000000000e+01,1.658959408118026317e+02
6.870000000000391793e+00,5.402314161759898070e+02,4.380912034998544868e+01,4.028454382820505053e+00,-1.000000000000000000e+01,1.664875829507466278e+02
6.872500000000392184e+00,5.403409232485952316e+02,4.378141528759469736e+01,3.928011076452543548e+00,-1.000000000000000000e+01,1.670646262303952767e+02
6.875000000000392575e+00,5.404503610616731066e+02,4.375371573949640691e+01,3.829422889948643327e+00,-1.000000000000000000e+01,1.676273374901622617e+02
6.877500000000392966e+00,5.405597296290072791e+02,4.372602170190571513e+01,3.732654583891216404e+00,-1.000000000000000000e+01,1.681759786578998614e+02
6.880000000000393356e+00,5.406690289643715914e+02,4.369833317027943309e+01,3.637671915686819357e+00,-1.000000000000000000e+01,1.687108068091300765e+02
6.882500000000393747e+00,5.407782590815281765e+02,4.367065013932418083e+01,3.544441283370423523e+00,1.000000000000000000e+01,1.692320742890089775e+02
6.885000000000394138e+00,5.408874199942255245e+02,4.364297260302765125e+01,3.633668928007262267e+00,1.000000000000000000e+01,1.697459197950612975e+02
6.887500000000394529e+00,5.409965117161965509e+02,4.361530055467488864e+01,3.721171701974782309e+00,1.000000000000000000e+01,1.702726088044999813e+02
6.890000000000394920e+00,5.411055342611571177e+02,4.358763398698526004e+01,3.806982203727357295e+00,1.000000000000000000e+01,1.708118971458129636e+02
6.892500000000395310e+00,5.412144876428046700e+02,4.355997289215348189e+01,3.891132206756153344e+00,1.000000000000000000e+01,1.713635452772233236e+02
6.895000000000395701e+00,5.413233718748167576e+02,4.353231726182876571e+01,3.973653035651613763e+00,1.000000000000000000e+01,1.719273181922500271e+02
6.897500000000396092e+00,5.414321869708496706e+02,4.350466708710902708e+01,4.054575677283671631e+00,1.000000000000000000e+01,1.725029853405346785e+02
6.900000000000396483e+00,5.415409329445371895e+02,4.347702235853620323e+01,4.133929992967900979e+00,1.000000000000000000e+01,1.730903204943475373e+02
6.902500000000396874e+00,5.416496098094892204e+02,4.344938306608381851e+01,4.211745660974679950e+00,1.000000000000000000e+01,1.736891016858718046e+02
6.905000000000397264e+00,5.417582175792902035e+02,4.342174919913568942e+01,4.288051776739950860e+00,-1.000000000000000000e+01,1.742991111002478988e+02
6.907500000000397655e+00,5.418667562674976352e+02,4.339412074649359852e+01,4.184154143099998890e+00,-1.000000000000000000e+01,1.749143054309789989e+02
6.910000000000398046e+00,5.419752258876408177e+02,4.336649769636391483e+01,4.082159287297007388e+00,-1.000000000000000000e+01,1.755146605951938170e+02
6.912500000000398437e+00,5.420836264532191535e+02,4.333888003634074693e+01,3.982031559467974713e+00,-1.000000000000000000e+01,1.761004450842089852e+02
6.915000000000398828e+00,5.421919579777006675e+02,4.331126775338658064e+01,3.883736002252669905e+00,-1.000000000000000000e+01,1.766719225059182179e+02
6.917500000000399218e+00,5.423002204745204153e+02,4.328366083387125229e+01,3.787238545388263322e+00,-1.000000000000000000e+01,1.772293516940016218e+02
6.920000000000399609e+00,5.424084139570791194e+02,4.325605926359226316e+01,3.692505239136295359e+00,-1.000000000000000000e+01,1.777729867874116394e+02
6.922500000000400000e+00,5.425165384387415770e+02,4.322846302779676364e+01,3.599503372506228427e+00,-1.000000000000000000e+01,1.783030772727969122e+02
6.925000000000400391e+00,5.426245939328356371e+02,4.320087211119800230e+01,3.508200749618213710e+00,1.000000000000000000e+01,1.788198681426441397e+02
6.927500000000400782e+00,5.427325804526502679e+02,4.317328649800451501e+01,3.595504970468979877e+00,1.000000000000000000e+01,1.793293748327048434e+02
6.930000000000401172e+00,5.428404980114349883e+02,4.314570617193628976e+01,3.681137887368967299e+00,1.000000000000000000e+01,1.798514611157460195e+02
6.932500000000401563e+00,5.429483466223982759e+02,4.311813111621283667e+01,3.765130713292733411e+00,1.000000000000000000e+01,-1.796141106103262075e+02
6.935000000000401954e+00,5.430561262987063174e+02,4.309056131356219055e+01,3.847513959409590178e+00,1.000000000000000000e+01,-1.790675735302928899e+02
6.937500000000402345e+00,5.431638370534817568e+02,4.306299674617936546e+01,3.928317993234405225e+00,1.000000000000000000e+01,-1.785091565204352264e+02
6.940000000000402736e+00,5.432714788998025597e+02,4.303543739574657678e+01,4.007572186435851336e+00,1.000000000000000000e+01,-1.779390842283778227e+02
6.942500000000403126e+00,5.433790518507005345e+02,4.300788324341023383e+01,4.085305337740456011e+00,1.000000000000000000e+01,-1.773575771731073019e+02
6.945000000000403517e+00,5.434865559191600823e+02,4.298033426978202698e+01,4.161545944087421844e+00,1.000000000000000000e+01,-1.767648518114495175e+02
6.947500000000403908e+00,5.435939911181168327e+02,4.295279045494833525e+01,4.236321922866276068e+00,1.000000000000000000e+01,-1.761611206531900962e+02
6.950000000000404299e+00,5.437013574604563928e+02,4.292525177848188633e+01,4.309660446392314270e+00,1.000000000000000000e+01,-1.755465923293201627e+02
6.952500000000404690e+00,5.438086549590128698e+02,4.289771821943043761e+01,4.381588327731875232e+00,1.000000000000000000e+01,-1.749214716884263510e+02
6.955000000000405080e+00,5.439158836265677337e+02,4.287018975631491458e+01,4.452131735401510859e+00,1.000000000000000000e+01,-1.742859598727329740e+02
6.957500000000405471e+00,5.440230434758485671e+02,4.284266636712971632e+01,4.521316452182760237e+00,1.000000000000000000e+01,-1.736402543986032185e+02
6.960000000000405862e+00,5.441301345195274735e+02,4.281514802934989206e+01,4.589167724731765929e+00,1.000000000000000000e+01,-1.729845492367641384e+02
6.962500000000406253e+00,5.442371567702201673e+02,4.278763471994466983e+01,4.655710494825481938e+00,1.000000000000000000e+01,-1.723190348845246262e+02
6.965000000000406644e+00,5.443441102404842695e+02,4.276012641536680547e+01,4.720968846901272720e+00,1.000000000000000000e+01,-1.716438984336272426e+02
6.967500000000407034e+00,5.444509949428183972e+02,4.273262309156007888e+01,4.784966783577945471e+00,1.000000000000000000e+01,-1.709593236781446137e+02
6.970000000000407425e+00,5.445578108896606864e+02,4.270512472396009684e+01,4.847727530275706798e+00,1.000000000000000000e+01,-1.702654911296274918e+02
6.972500000000407816e+00,5.446645580933875408e+02,4.267763128751025903e+01,4.909274045456898605e+00,1.000000000000000000e+01,-1.695625781360004112e+02
6.975000000000408207e+00,5.447712365663124956e+02,4.265014275667752486e+01,4.969628971264742567e+00,1.000000000000000000e+01,-1.688507589379192666e+02
6.977500000000408598e+00,5.448778463206850802e+02,4.262265910544719816e+01,5.028814392164895786e+00,1.000000000000000000e+01,-1.681302047230950905e+02
6.980000000000408988e+00,5.449843873686893403e+02,4.259518030732503036e+01,5.086851926185318895e+00,1.000000000000000000e+01,-1.674010836934046438e+02
6.982500000000409379e+00,5.450908597224428149e+02,4.256770633535694515e+01,5.143762597200510100e+00,1.000000000000000000e+01,-1.666635611481545993e+02
6.985000000000409770e+00,5.451972633939955131e+02,4.254023716213903583e+01,5.199567466785919301e+00,1.000000000000000000e+01,-1.659177995286812290e+02
6.987500000000410161e+00,5.453035983953286632e+02,4.251277275981690451e+01,5.254286992391717703e+00,1.000000000000000000e+01,-1.651639584825962572e+02
6.990000000000410552e+00,5.454098647383535763e+02,4.248531310010630335e+01,5.307941113786326603e+00,1.000000000000000000e+01,-1.644021949209354148e+02
6.992500000000410942e+00,5.455160624349107366e+02,4.245785815430214427e+01,5.360549466590053491e+00,1.000000000000000000e+01,-1.636326630856340216e+02
6.995000000000411333e+00,5.456221914967683233e+02,4.243040789329426588e+01,5.412131307716921746e+00,1.000000000000000000e+01,-1.628555145974240475e+02
6.997500000000411724e+00,5.457282519356218700e+02,4.240296228757231489e+01,5.462705683256908529e+00,1.000000000000000000e+01,-1.620708985150113506e+02
7.000000000000412115e+00,5.458342437630926725e+02,4.237552130724071731e+01,5.512291180139659907e+00,1.000000000000000000e+01,-1.612789613784738378e+02
7.002500000000412506e+00,5.459401669907271071e+02,4.234808492203554664e+01,5.560906082141965356e+00,1.000000000000000000e+01,-1.604798472685542379e+02
7.005000000000412896e+00,5.460460216299958347e+02,4.232065310133911851e+01,5.608568202510277878e+00,1.000000000000000000e+01,-1.596736978649417438e+02
7.007500000000413287e+00,5.461518076922925502e+02,4.229322581418493598e+01,5.655294885117979398e+00,1.000000000000000000e+01,-1.588606524812354621e+02
7.010000000000413678e+00,5.462575251889335277e+02,4.226580302927307997e+01,5.701103574716228195e+00,1.000000000000000000e+01,-1.580408481146306485e+02
7.012500000000414069e+00,5.463631741311565975e+02,4.223838471499390579e+01,5.746011089473341826e+00,1.000000000000000000e+01,-1.572144195010567955e+02
7.015000000000414460e+00,5.464687545301202363e+02,4.221097083944163586e+01,5.790033814064917905e+00,1.000000000000000000e+01,-1.563814991488555961e+02
7.017500000000414850e+00,5.465742663969031128e+02,4.218356137042039222e+01,5.833188182628580520e+00,1.000000000000000000e+01,-1.555422173878974661e+02
7.020000000000415241e+00,5.466797097425032916e+02,4.215615627546986843e+01,5.875490032700464660e+00,1.000000000000000000e+01,-1.546967024054061994e+02
7.022500000000415632e+00,5.467850845778374378e+02,4.212875552188418737e+01,5.916955020137881327e+00,1.000000000000000000e+01,-1.538450802951416279e+02
7.025000000000416023e+00,5.468903909137403616e+02,4.210135907673483757e+01,5.957598511018292520e+00,1.000000000000000000e+01,-1.529874750891195845e+02
7.027500000000416414e+00,5.469956287609643368e+02,4.207396690688374719e+01,5.997435543070550601e+00,1.000000000000000000e+01,-1.521240088018643917e+02
7.030000000000416804e+00,5.471007981301788732e+02,4.204657897898963625e+01,6.036480955549414773e+00,1.000000000000000000e+01,-1.512548014580681581e+02
7.032500000000417195e+00,5.472058990319699205e+02,4.201919525952140333e+01,6.074749137267463794e+00,1.000000000000000000e+01,-1.503799711339089242e+02
7.035000000000417586e+00,5.473109314768394142e+02,4.199181571479892483e+01,6.112254264190334574e+00,1.000000000000000000e+01,-1.494996339898332849e+02
7.037500000000417977e+00,5.474158954752051613e+02,4.196444031100270422e+01,6.149010388699818641e+00,1.000000000000000000e+01,-1.486139043021584030e+02
7.040000000000418368e+00,5.475207910374002722e+02,4.193706901420177502e+01,6.185031129599230404e+00,1.000000000000000000e+01,-1.477228944947827074e+02
7.042500000000418758e+00,5.476256181736729332e+02,4.190970179035563348e+01,6.220329796081728091e+00,1.000000000000000000e+01,-1.468267151684996463e+02
7.045000000000419149e+00,5.477303768941862927e+02,4.188233860534040787e+01,6.254919674006736763e+00,1.000000000000000000e+01,-1.459254751351610366e+02
7.047500000000419540e+00,5.478350672090180069e+02,4.185497942497497093e+01,6.288813809971133040e+00,1.000000000000000000e+01,-1.450192814373731665e+02
7.050000000000419931e+00,5.479396891281602393e+02,4.182762421504515515e+01,6.322024888536478926e+00,1.000000000000000000e+01,-1.441082393811794304e+02
7.052500000000420322e+00,5.480442426615197746e+02,4.180027294130897531e+01,6.354565110639516234e+00,1.000000000000000000e+01,-1.431924525594278350e+02
7.055000000000420712e+00,5.481487278189177914e+02,4.177292556952525615e+01,6.386446873765779131e+00,1.000000000000000000e+01,-1.422720228742047937e+02
7.057500000000421103e+00,5.482531446100896346e+02,4.174558206546558381e+01,6.417682046757492209e+00,1.000000000000000000e+01,-1.413470505655314469e+02
7.060000000000421494e+00,5.483574930446852704e+02,4.171824239493743391e+01,6.448282413765532795e+00,1.000000000000000000e+01,-1.404176342370445525e+02
7.062500000000421885e+00,5.484617731322691725e+02,4.169090652381419915e+01,6.478259571777864601e+00,1.000000000000000000e+01,-1.394838708661081910e+02
7.065000000000422276e+00,5.485659848823205493e+02,4.166357441805345019e+01,6.507624779056253139e+00,1.000000000000000000e+01,-1.385458558308364445e+02
7.067500000000422666e+00,5.486701283042334580e+02,4.163624604371062787e+01,6.536389155883573387e+00,1.000000000000000000e+01,-1.376036829338603980e+02
7.070000000000423057e+00,5.487742034073173727e+02,4.160892136695854759e+01,6.564563565304166737e+00,1.000000000000000000e+01,-1.366574444167038962e+02
7.072500000000423448e+00,5.488782102007970707e+02,4.158160035411612654e+01,6.592158735140027481e+00,1.000000000000000000e+01,-1.357072309809417732e+02
7.075000000000423839e+00,5.489821486938133148e+02,4.155428297166326956e+01,6.619185152273911577e+00,1.000000000000000000e+01,-1.347531317958815578e+02
7.077500000000424230e+00,5.490860188954231944e+02,4.152696918626212153e+01,6.645653027699212956e+00,1.000000000000000000e+01,-1.337952345355009527e+02
7.080000000000424620e+00,5.491898208146004663e+02,4.149965896477169025e+01,6.671572659429227059e+00,1.000000000000000000e+01,-1.328336253808039373e+02
7.082500000000425011e+00,5.492935544602361233e+02,4.147235227428072335e+01,6.696953828309747614e+00,1.000000000000000000e+01,-1.318683890305757700e+02
7.085000000000425402e+00,5.493972198411391901e+02,4.144504908212161354e+01,6.721806293422588396e+00,1.000000000000000000e+01,-1.308996087193779658e+02
7.087500000000425793e+00,5.495008169660370640e+02,4.141774935588178863e+01,6.746139466334869716e+00,1.000000000000000000e+01,-1.299273662494902055e+02
7.090000000000426184e+00,5.496043458435761977e+02,4.139045306343002295e+01,6.769962915322079056e+00,1.000000000000000000e+01,-1.289517419834587599e+02
7.092500000000426574e+00,5.497078064823230079e+02,4.136316017293989233e+01,6.793285757761153398e+00,1.000000000000000000e+01,-1.279728148761085009e+02
7.095000000000426965e+00,5.498111988907644445e+02,4.133587065291121121e+01,6.816116965451945120e+00,1.000000000000000000e+01,-1.269906624533990680e+02
7.097500000000427356e+00,5.499145230773088997e+02,4.130858447218955831e+01,6.838465538066961003e+00,1.000000000000000000e+01,-1.260053608601736812e+02
7.100000000000427747e+00,5.500177790502871176e+02,4.128130159996580062e+01,6.860339995349311160e+00,1.000000000000000000e+01,-1.250169848517896583e+02
7.102500000000428138e+00,5.501209668179529899e+02,4.125402200581338263e+01,6.881748983397851127e+00,1.000000000000000000e+01,-1.240256078266322959e+02
7.105000000000428528e+00,5.502240863884845794e+02,4.122674565970255856e+01,6.902700840178149555e+00,1.000000000000000000e+01,-1.230313018066108839e+02
7.107500000000428919e+00,5.503271377699850291e+02,4.119947253201531367e+01,6.923203823392365841e+00,1.000000000000000000e+01,-1.220341374646329484e+02
7.110000000000429310e+00,5.504301209704838129e+02,4.117220259355639200e+01,6.943265770042832408e+00,1.000000000000000000e+01,-1.210341841391091435e+02
7.112500000000429701e+00,5.505330359979376453e+02,4.114493581557626811e+01,6.962894657957510169e+00,1.000000000000000000e+01,-1.200315098660690580e+02
7.115000000000430092e+00,5.506358828602315043e+02,4.111767216979772144e+01,6.982098424666904002e+00,1.000000000000000000e+01,-1.190261813422675914e+02
7.117500000000430482e+00,5.507386615651801094e+02,4.109041162842860473e+01,7.000884501437393936e+00,1.000000000000000000e+01,-1.180182639461843905e+02
7.120000000000430873e+00,5.508413721205288311e+02,4.106315416416531150e+01,7.019260567609485690e+00,1.000000000000000000e+01,-1.170078217844222479e+02
7.122500000000431264e+00,5.509440145339550554e+02,4.103589975021346703e+01,7.037233902616352843e+00,1.000000000000000000e+01,-1.159949176579748666e+02
7.125000000000431655e+00,5.510465888130696612e+02,4.100864836031132654e+01,7.054811514337340661e+00,1.000000000000000000e+01,-1.149796130960904037e+02
7.127500000000432046e+00,5.511490949654179303e+02,4.098139996874101598e+01,7.072000705463832304e+00,1.000000000000000000e+01,-1.139619683592412258e+02
7.130000000000432436e+00,5.512515329984814798e+02,4.095415455033624141e+01,7.088808260048112153e+00,1.000000000000000000e+01,-1.129420424673932644e+02
7.132500000000432827e+00,5.513539029196789443e+02,4.092691208050365503e+01,7.105241113131575581e+00,1.000000000000000000e+01,-1.119198931767097491e+02
7.135000000000433218e+00,5.514562047363681359e+02,4.089967253524116586e+01,7.121305797502328616e+00,1.000000000000000000e+01,-1.108955769917575935e+02
7.137500000000433609e+00,5.515584384558470674e+02,4.087243589114135034e+01,7.137008810447501794e+00,1.000000000000000000e+01,-1.098691492280299826e+02
7.140000000000434000e+00,5.516606040853554305e+02,4.084520212540008544e+01,7.152356823202500102e+00,1.000000000000000000e+01,-1.088406639815480332e+02
7.142500000000434390e+00,5.517627016320765279e+02,4.081797121585085364e+01,7.167356074688433942e+00,1.000000000000000000e+01,-1.078101741121432298e+02
7.145000000000434781e+00,5.518647311031384106e+02,4.079074314096171605e+01,7.182012477728593858e+00,1.000000000000000000e+01,-1.067777313034308406e+02
7.147500000000435172e+00,5.519666925056158107e+02,4.076351787984471287e+01,7.196332427582333047e+00,1.000000000000000000e+01,-1.057433860753883295e+02
7.150000000000435563e+00,5.520685858465315050e+02,4.073629541226565465e+01,7.210321779352670823e+00,1.000000000000000000e+01,-1.047071877305600367e+02
7.152500000000435953e+00,5.521704111328580211e+02,4.070907571865311070e+01,7.223986516927677570e+00,1.000000000000000000e+01,-1.036691844376205864e+02
7.155000000000436344e+00,5.522721683715194558e+02,4.068185878010587686e+01,7.237332426681566844e+00,1.000000000000000000e+01,-1.026294232017681338e+02
7.157500000000436735e+00,5.523738575693929533e+02,4.065464457841099488e+01,7.250364936993022980e+00,1.000000000000000000e+01,-1.015879498901141034e+02
7.160000000000437126e+00,5.524754787333105241e+02,4.062743309605379238e+01,7.263089622719768101e+00,1.000000000000000000e+01,-1.005448092497132961e+02
7.162500000000437517e+00,5.525770318700608641e+02,4.060022431622553540e+01,7.275511963650925118e+00,1.000000000000000000e+01,-9.950004492453982152e+01
7.165000000000437907e+00,5.526785169863909459e+02,4.057301822281677772e+01,7.287637375164067954e+00,1.000000000000000000e+01,-9.845369944562335718e+01
7.167500000000438298e+00,5.527799340890079520e+02,4.054581480043555786e+01,7.299470888698371240e+00,1.000000000000000000e+01,-9.740581423713412335e+01
7.170000000000438689e+00,5.528812831845808660e+02,4.051861403440226184e+01,7.311017777429662523e+00,1.000000000000000000e+01,-9.635642968854180879e+01
7.172500000000439080e+00,5.529825642797425189e+02,4.049141591075421331e+01,7.322283094148096083e+00,1.000000000000000000e+01,-9.530558509357109642e+01
7.175000000000439471e+00,5.530837773810912950e+02,4.046422041626099286e+01,7.333271832037208782e+00,1.000000000000000000e+01,-9.425331871163936626e+01
7.177500000000439861e+00,5.531849224951927226e+02,4.043702753842276110e+01,7.343988954206302822e+00,1.000000000000000000e+01,-9.319966776086072002e+01
7.180000000000440252e+00,5.532859996285815214e+02,4.040983726548095945e+01,7.354438941352247738e+00,1.000000000000000000e+01,-9.214466842146073589e+01
7.182500000000440643e+00,5.533870087877636479e+02,4.038264958641379820e+01,7.364626666520587506e+00,1.000000000000000000e+01,-9.108835592378365220e+01
7.185000000000441034e+00,5.534879499792176603e+02,4.035546449093982346e+01,7.374556698982906333e+00,1.000000000000000000e+01,-9.003076445521560345e+01
7.187500000000441425e+00,5.535888232093969918e+02,4.032828196952122113e+01,7.384233462108019452e+00,1.000000000000000000e+01,-8.897192724698221866e+01
7.190000000000441815e+00,5.536896284847316565e+02,4.030110201335817521e+01,7.393661478995936065e+00,1.000000000000000000e+01,-8.791187660156961670e+01
7.192500000000442206e+00,5.537903658116299539e+02,4.027392461439556826e+01,7.402845041007590332e+00,1.000000000000000000e+01,-8.685064385184927005e+01
7.195000000000442597e+00,5.538910351964806296e+02,4.024674976533596293e+01,7.411788570932041686e+00,1.000000000000000000e+01,-8.578825942761343981e+01
7.197500000000442988e+00,5.539916366456545802e+02,4.021957745961989161e+01,7.420495963788804161e+00,1.000000000000000000e+01,-8.472475280671534392e+01
7.200000000000443379e+00,5.540921701655065590e+02,4.019240769143365810e+01,7.428971731773626352e+00,1.000000000000000000e+01,-8.366015261714352391e+01
7.202500000000443769e+00,5.541926357623774493e+02,4.016524045570158563e+01,7.437219599972927142e+00,1.000000000000000000e+01,-8.259448659678679405e+01
7.205000000000444160e+00,5.542930334425957426e+02,4.013807574809277412e+01,7.445243549775356406e+00,1.000000000000000000e+01,-8.152778163965146518e+01
7.207500000000444551e+00,5.543933632124794713e+02,4.011091356501957961e+01,7.453047589495556124e+00,1.000000000000000000e+01,-8.046006379456420632e+01
7.210000000000444942e+00,5.544936250783381411e+02,4.008375390362134993e+01,7.460635426761598410e+00,1.000000000000000000e+01,-7.939135829535644007e+01
7.212500000000445333e+00,5.545938190464746640e+02,4.005659676176671979e+01,7.468010772751075166e+00,1.000000000000000000e+01,-7.832168960015867754e+01
7.215000000000445723e+00,5.546939451231868361e+02,4.002944213805327678e+01,7.475177508108544089e+00,1.000000000000000000e+01,-7.725108137083597626e+01
7.217500000000446114e+00,5.547940033147694976e+02,4.000229003180569265e+01,7.482138988329471552e+00,1.000000000000000000e+01,-7.617955648674148961e+01
7.220000000000446505e+00,5.548939936275161244e+02,3.997514044306645076e+01,7.488898927796380889e+00,1.000000000000000000e+01,-7.510713712315843793e+01
7.222500000000446896e+00,5.549939160677207610e+02,3.994799337257642691e+01,7.495460854181191124e+00,1.000000000000000000e+01,-7.403384472309461728e+01
7.225000000000447287e+00,5.550937706416797255e+02,3.992084882178921390e+01,7.501828108382329496e+00,1.000000000000000000e+01,-7.295970000673510469e+01
7.227500000000447677e+00,5.551935573556933150e+02,3.989370679286869148e+01,7.508004077664632625e+00,1.000000000000000000e+01,-7.188472302807350900e+01
7.230000000000448068e+00,5.552932762160675111e+02,3.986656728866949351e+01,7.513991918887008126e+00,1.000000000000000000e+01,-7.080893317046131585e+01
7.232500000000448459e+00,5.553929272291161396e+02,3.983943031273866353e+01,7.519795030827837401e+00,1.000000000000000000e+01,-6.973234922537403691e+01
7.235000000000448850e+00,5.554925104011620078e+02,3.981229586931034703e+01,7.525416393295949469e+00,1.000000000000000000e+01,-6.865498929259447891e+01
7.237500000000449241e+00,5.555920257385389505e+02,3.978516396330444138e+01,7.530859381162189337e+00,0.000000000000000000e+00,-6.757687094992877519e+01
7.240000000000449631e+00,5.556914732475935352e+02,3.975803460031773540e+01,7.461180354930971426e+00,0.000000000000000000e+00,-6.650044212297589752e+01
7.242500000000450022e+00,5.557908529346867681e+02,3.973090778662564304e+01,7.392634889752972782e+00,0.000000000000000000e+00,-6.543398123688204748e+01
7.245000000000450413e+00,5.558901648061955711e+02,3.970378352906216435e+01,7.325203018222114615e+00,0.000000000000000000e+00,-6.437731823112339669e+01
7.247500000000450804e+00,5.559894088685143743e+02,3.967666183497528465e+01,7.258865485749391944e+00,0.000000000000000000e+00,-6.333028634158160486e+01
7.250000000000451195e+00,5.560885851280561383e+02,3.964954271218933002e+01,7.193603071531650350e+00,0.000000000000000000e+00,-6.229272190285828259e+01
7.252500000000451585e+00,5.561876935912536055e+02,3.962242616898986114e+01,7.129397172892846690e+00,0.000000000000000000e+00,-6.126446441533329335e+01
7.255000000000451976e+00,5.562867342645606641e+02,3.959531221410843926e+01,7.066229279565007459e+00,0.000000000000000000e+00,-6.024535637446599168e+01
7.257500000000452367e+00,5.563857071544532573e+02,3.956820085670728560e+01,7.004081415430778890e+00,0.000000000000000000e+00,-5.923524330565857099e+01
7.260000000000452758e+00,5.564846122674302933e+02,3.954109210636149641e+01,6.942935835828063063e+00,0.000000000000000000e+00,-5.823397364879971150e+01
7.262500000000453149e+00,5.565834496100150091e+02,3.951398597304199001e+01,6.882775190247808261e+00,0.000000000000000000e+00,-5.724139870685742437e+01
7.265000000000453539e+00,5.566822191887557665e+02,3.948688246711073191e+01,6.823582122580999609e+00,0.000000000000000000e+00,-5.625737259366594856e+01
7.267500000000453930e+00,5.567809210102269617e+02,3.945978159929686058e+01,6.765339873523461556e+00,0.000000000000000000e+00,-5.528175221760974978e+01
7.270000000000454321e+00,5.568795550810301620e+02,3.943268338068849488e+01,6.708032079836823591e+00,0.000000000000000000e+00,-5.431439720004728855e+01
7.272500000000454712e+00,5.569781214077946743e+02,3.940558782271799032e+01,6.651642446315822355e+00,0.000000000000000000e+00,-5.335516977765082203e+01
7.275000000000455103e+00,5.570766199971786818e+02,3.937849493713700610e+01,6.596155108411061896e+00,0.000000000000000000e+00,-5.240393482525046664e+01
7.277500000000455493e+00,5.571750508558699266e+02,3.935140473601086342e+01,6.541554412024217946e+00,0.000000000000000000e+00,-5.146055973059296207e+01
7.280000000000455884e+00,5.572734139905865050e+02,3.932431723170113003e+01,6.487824926067435882e+00,0.000000000000000000e+00,-5.052491440646811327e+01
7.282500000000456275e+00,5.573717094080774359e+02,3.929723243686203915e+01,6.434951753989923695e+00,0.000000000000000000e+00,-4.959687120223701129e+01
7.285000000000456666e+00,5.574699371151237983e+02,3.927015036442362828e+01,6.382919841414284257e+00,0.000000000000000000e+00,-4.867630485859936584e+01
7.287500000000457057e+00,5.575680971185388444e+02,3.924307102757672538e+01,6.331714911233100374e+00,0.000000000000000000e+00,-4.776309249072514973e+01
7.290000000000457447e+00,5.576661894251692502e+02,3.921599443976858623e+01,6.281322241962389086e+00,0.000000000000000000e+00,-4.685711347929707671e+01
7.292500000000457838e+00,5.577642140418952295e+02,3.918892061468264387e+01,6.231728346047654021e+00,0.000000000000000000e+00,-4.595824953067416629e+01
7.295000000000458229e+00,5.578621709756313294e+02,3.916184956622433333e+01,6.182919041237942892e+00,0.000000000000000000e+00,-4.506638446142195420e+01
7.297500000000458620e+00,5.579600602333271127e+02,3.913478130851945735e+01,6.134881045350345730e+00,0.000000000000000000e+00,-4.418140433356653318e+01
7.300000000000459011e+00,5.580578818219676123e+02,3.910771585589357358e+01,6.087600987714798961e+00,0.000000000000000000e+00,-4.330319729218344804e+01
7.302500000000459401e+00,5.581556357485735589e+02,3.908065322286618226e+01,6.041065600355205234e+00,0.000000000000000000e+00,-4.243165356215453698e+01
7.305000000000459792e+00,5.582533220202022903e+02,3.905359342414866575e+01,5.995262318385740308e+00,0.000000000000000000e+00,-4.156666542780868667e+01
7.307500000000460183e+00,5.583509406439479790e+02,3.902653647462110342e+01,5.950178439473117642e+00,0.000000000000000000e+00,-4.070812713808586381e+01
7.310000000000460574e+00,5.584484916269420864e+02,3.899948238932437761e+01,5.905801742644131380e+00,0.000000000000000000e+00,-3.985593490688945906e+01
7.312500000000460965e+00,5.585459749763537047e+02,3.897243118345165414e+01,5.862119962813037155e+00,0.000000000000000000e+00,-3.900998685762520779e+01
7.315000000000461355e+00,5.586433906993900109e+02,3.894538287233903162e+01,5.819120966952144869e+00,0.000000000000000000e+00,-3.817018300244540541e+01
7.317500000000461746e+00,5.587407388032967219e+02,3.891833747144762867e+01,5.776793253527526595e+00,0.000000000000000000e+00,-3.733642519400565618e+01
7.320000000000462137e+00,5.588380192953580945e+02,3.889129499636771925e+01,5.735125408706814198e+00,0.000000000000000000e+00,-3.650861705887054853e+01
7.322500000000462528e+00,5.589352321828976073e+02,3.886425546280151622e+01,5.694105881332677477e+00,0.000000000000000000e+00,-3.568666400898084845e+01
7.325000000000462919e+00,5.590323774732778475e+02,3.883721888655266241e+01,5.653723726454082055e+00,0.000000000000000000e+00,-3.487047316806672370e+01
7.327500000000463309e+00,5.591294551739011922e+02,3.881018528351634700e+01,5.613967950462542156e+00,0.000000000000000000e+00,-3.405995337784532495e+01
7.330000000000463700e+00,5.592264652922095820e+02,3.878315466966748204e+01,5.574827999394869060e+00,0.000000000000000000e+00,-3.325501512105982727e+01
7.332500000000464091e+00,5.593234078356850887e+02,3.875612706105980720e+01,5.536293130427105247e+00,0.000000000000000000e+00,-3.245557050627640194e+01
7.335000000000464482e+00,5.594202828118500292e+02,3.872910247380539062e+01,5.498353153452534947e+00,0.000000000000000000e+00,-3.166153323619721505e+01
7.337500000000464873e+00,5.595170902282668521e+02,3.870208092407830947e+01,5.460997657831293317e+00,0.000000000000000000e+00,-3.087281856997848806e+01
7.340000000000465263e+00,5.596138300925384783e+02,3.867506242810688377e+01,5.424217111821944215e+00,0.000000000000000000e+00,-3.008934333142058293e+01
7.342500000000465654e+00,5.597105024123086423e+02,3.864804700215830024e+01,5.388001376840835910e+00,0.000000000000000000e+00,-2.931102579418938703e+01
7.345000000000466045e+00,5.598071071952614375e+02,3.862103466252440143e+01,5.352340911212837504e+00,0.000000000000000000e+00,-2.853778573205510583e+01
7.347500000000466436e+00,5.599036444491219982e+02,3.859402542551941906e+01,5.317226320399123907e+00,0.000000000000000000e+00,-2.776954435241585273e+01
7.350000000000466827e+00,5.600001141816561585e+02,3.856701930747503582e+01,5.282648265206175253e+00,0.000000000000000000e+00,-2.700622426857236746e+01
7.352500000000467217e+00,5.600965164006704526e+02,3.854001632473899974e+01,5.248597508856007288e+00,0.000000000000000000e+00,-2.624774950444934873e+01
7.355000000000467608e+00,5.601928511140124556e+02,3.851301649365429824e+01,5.215065362201151800e+00,0.000000000000000000e+00,-2.549404541297618820e+01
7.357500000000467999e+00,5.602891183295706696e+02,3.848601983055446851e+01,5.182042733886212282e+00,0.000000000000000000e+00,-2.474503867425786652e+01
7.360000000000468390e+00,5.603853180552741833e+02,3.845902635177329643e+01,5.149521114292499924e+00,0.000000000000000000e+00,-2.400065729914064150e+01
7.362500000000468781e+00,5.604814502990930123e+02,3.843203607362327290e+01,5.117491922505235102e+00,0.000000000000000000e+00,-2.326083055574379799e+01
7.365000000000469171e+00,5.605775150690379860e+02,3.840504901239566493e+01,5.085947046500241875e+00,0.000000000000000000e+00,-2.252548899150818329e+01
7.367500000000469562e+00,5.606735123731606336e+02,3.837806518434365444e+01,5.054877922325275108e+00,0.000000000000000000e+00,-2.179456434118584696e+01
7.370000000000469953e+00,5.607694422195530706e+02,3.835108460568271482e+01,5.024276746089282319e+00,0.000000000000000000e+00,-2.106798959177629627e+01
7.372500000000470344e+00,5.608653046163479985e+02,3.832410729259159154e+01,4.994135673055514424e+00,0.000000000000000000e+00,-2.034569891037638101e+01
7.375000000000470735e+00,5.609610995717183641e+02,3.829713326117910555e+01,4.964446764476892149e+00,0.000000000000000000e+00,-1.962762757649839074e+01
7.377500000000471125e+00,5.610568270938775868e+02,3.827016252749082525e+01,4.935202436408085092e+00,0.000000000000000000e+00,-1.891371203904504839e+01
7.380000000000471516e+00,5.611524871910788761e+02,3.824319510752204820e+01,4.906395220391498668e+00,0.000000000000000000e+00,-1.820388986050387459e+01
7.382500000000471907e+00,5.612480798716156869e+02,3.821623101719661264e+01,4.878017705658291625e+00,0.000000000000000000e+00,-1.749809970220065125e+01
7.385000000000472298e+00,5.613436051438211507e+02,3.818927027236193084e+01,4.850062760240209769e+00,0.000000000000000000e+00,-1.679628130158889121e+01
7.387500000000472689e+00,5.614390630160678484e+02,3.816231288878267947e+01,4.822523095930155712e+00,0.000000000000000000e+00,-1.609837542693393786e+01
7.390000000000473079e+00,5.615344534967679238e+02,3.813535888212813063e+01,4.795391705244933078e+00,0.000000000000000000e+00,-1.540432389535624402e+01
7.392500000000473470e+00,5.616297765943724016e+02,3.810840826798389003e+01,4.768661847752508898e+00,0.000000000000000000e+00,-1.471406954959765123e+01
7.395000000000473861e+00,5.617250323173714150e+02,3.808146106184237567e+01,4.742326913799650434e+00,0.000000000000000000e+00,-1.402755620828665784e+01
7.397500000000474252e+00,5.618202206742937506e+02,3.805451727908274506e+01,4.716379921343767379e+00,0.000000000000000000e+00,-1.334472867276024921e+01
7.400000000000474643e+00,5.619153416737065072e+02,3.802757693497471791e+01,4.690814636693660056e+00,0.000000000000000000e+00,-1.266553270792526398e+01
7.402500000000475033e+00,5.620103953242148691e+02,3.800064004467424184e+01,4.665624449871881296e+00,0.000000000000000000e+00,-1.198991498721435711e+01
7.405000000000475424e+00,5.621053816344618781e+02,3.797370662322804691e+01,4.640803399663012030e+00,0.000000000000000000e+00,-1.131782314566562420e+01
7.407500000000475815e+00,5.622003006131282064e+02,3.794677668557682892e+01,4.616344872473872485e+00,0.000000000000000000e+00,-1.064920569523851412e+01
7.410000000000476206e+00,5.622951522689318153e+02,3.791985024652258573e+01,4.592243062067389303e+00,0.000000000000000000e+00,-9.984012069710834325e+00
7.412500000000476597e+00,5.623899366106275011e+02,3.789292732072751591e+01,4.568492092293322315e+00,0.000000000000000000e+00,-9.322192546171290672e+00
7.415000000000476987e+00,5.624846536470065530e+02,3.786600792271491400e+01,4.545085896362023092e+00,0.000000000000000000e+00,-8.663698251106680459e+00
7.417500000000477378e+00,5.625793033868967541e+02,3.783909206687101090e+01,4.522018856845374302e+00,0.000000000000000000e+00,-8.008481166278029306e+00
7.420000000000477769e+00,5.626738858391615850e+02,3.781217976745180920e+01,4.499285211743447199e+00,0.000000000000000000e+00,-7.356494084439717973e+00
7.422500000000478160e+00,5.627684010127001102e+02,3.778527103856510649e+01,4.476879410862968811e+00,0.000000000000000000e+00,-6.707690625972041687e+00
7.425000000000478551e+00,5.628628489164465236e+02,3.775836589416601186e+01,4.454796091131364655e+00,0.000000000000000000e+00,-6.062025193120298638e+00
7.427500000000478941e+00,5.629572295593700346e+02,3.773146434805147464e+01,4.433029731969723386e+00,0.000000000000000000e+00,-5.419452964148844032e+00
7.430000000000479332e+00,5.630515429504740723e+02,3.770456641386420671e+01,4.411575231118153972e+00,0.000000000000000000e+00,-4.779929891047790314e+00
7.432500000000479723e+00,5.631457890987960582e+02,3.767767210508747411e+01,4.390427350626505465e+00,0.000000000000000000e+00,-4.143412681159705180e+00
7.435000000000480114e+00,5.632399680134071787e+02,3.765078143502660168e+01,4.369581166322549670e+00,0.000000000000000000e+00,-3.509858769345215013e+00
7.437500000000480505e+00,5.633340797034117031e+02,3.762389441681168023e+01,4.349031520979735888e+00,0.000000000000000000e+00,-2.879226305604643876e+00
7.440000000000480895e+00,5.634281241779465290e+02,3.759701106340110499e+01,4.328773555380139193e+00,0.000000000000000000e+00,-2.251474156863971565e+00
7.442500000000481286e+00,5.635221014461810682e+02,3.757013138757857718e+01,4.308802301273784607e+00,0.000000000000000000e+00,-1.626561886689611658e+00
7.445000000000481677e+00,5.636160115173163376e+02,3.754325540194685118e+01,4.289113096366983235e+00,0.000000000000000000e+00,-1.004449769821871508e+00
7.447500000000482068e+00,5.637098544005849590e+02,3.751638311891806410e+01,4.269701223102098986e+00,0.000000000000000000e+00,-3.850987273553190260e-01
7.450000000000482459e+00,5.638036301052504768e+02,3.748951455071682659e+01,4.250562230398488239e+00,0.000000000000000000e+00,2.315296527631911516e-01
7.452500000000482849e+00,5.638973386406067902e+02,3.746264970938094763e+01,4.231691593437549415e+00,0.000000000000000000e+00,8.454731324282143134e-01
7.455000000000483240e+00,5.639909800159776978e+02,3.743578860675876996e+01,4.213084681342772697e+00,0.000000000000000000e+00,1.456768840564274470e+00
7.457500000000483631e+00,5.640845542407167841e+02,3.740893125449671430e+01,4.194737508315053098e+00,0.000000000000000000e+00,2.065453271685809167e+00
7.460000000000484022e+00,5.641780613242063964e+02,3.738207766405062671e+01,4.176645283366781314e+00,0.000000000000000000e+00,2.671562313360176244e+00
7.462500000000484413e+00,5.642715012758575313e+02,3.735522784667466567e+01,4.158804387710761219e+00,0.000000000000000000e+00,3.275131234803914548e+00
7.465000000000484803e+00,5.643648741051091520e+02,3.732838181341612938e+01,4.141210381596985179e+00,0.000000000000000000e+00,3.876194732730530390e+00
7.467500000000485194e+00,5.644581798214277342e+02,3.730153957511247853e+01,4.123859111042795789e+00,0.000000000000000000e+00,4.474786906420533228e+00
7.470000000000485585e+00,5.645514184343066972e+02,3.727470114239785204e+01,4.106746736111987595e+00,0.000000000000000000e+00,5.070941283178326486e+00
7.472500000000485976e+00,5.646445899532660633e+02,3.724786652568790402e+01,4.089869404509890671e+00,0.000000000000000000e+00,5.664690833844086448e+00
7.475000000000486367e+00,5.647376943878515476e+02,3.722103573518768371e+01,4.073223146657000804e+00,0.000000000000000000e+00,6.256067977521247769e+00
7.477500000000486757e+00,5.648307317476344451e+02,3.719420878088596538e+01,4.056804314707131098e+00,0.000000000000000000e+00,6.845104582342909083e+00
7.480000000000487148e+00,5.649237020422109481e+02,3.716738567255261216e+01,4.040609102577289669e+00,0.000000000000000000e+00,7.431831991243777580e+00
7.482500000000487539e+00,5.650166052812012367e+02,3.714056641972541684e+01,4.024633935319267053e+00,0.000000000000000000e+00,8.016281015209166583e+00
7.485000000000487930e+00,5.651094414742495928e+02,3.711375103171412349e+01,4.008875125705068321e+00,0.000000000000000000e+00,8.598481972180389121e+00
7.487500000000488320e+00,5.652022106310231493e+02,3.708693951760942298e+01,3.993329269021341776e+00,0.000000000000000000e+00,9.178464659912263457e+00
7.490000000000488711e+00,5.652949127612117763e+02,3.706013188628016053e+01,3.977992754594894098e+00,0.000000000000000000e+00,9.756258387012639588e+00
7.492500000000489102e+00,5.653875478745272858e+02,3.703332814636501524e+01,3.962862210835963239e+00,0.000000000000000000e+00,1.033189195610158784e+01
7.495000000000489493e+00,5.654801159807030899e+02,3.700652830627219458e+01,3.947934248750941233e+00,0.000000000000000000e+00,1.090539371015036174e+01
7.497500000000489884e+00,5.655726170894935194e+02,3.697973237417843251e+01,3.933205557526711527e+00,0.000000000000000000e+00,1.147679151221393923e+01
7.500000000000490274e+00,5.656650512106730275e+02,3.695294035802567123e+01,3.918673056097354834e+00,0.000000000000000000e+00,1.204611276199051062e+01
7.502500000000490665e+00,5.657574183540358490e+02,3.692615226552355523e+01,3.904333588776415453e+00,0.000000000000000000e+00,1.261338440672756001e+01
7.505000000000491056e+00,5.658497185293954317e+02,3.689936810414188528e+01,3.890183900556845487e+00,0.000000000000000000e+00,1.317863295510085742e+01
7.507500000000491447e+00,5.659419517465837544e+02,3.687258788111040531e+01,3.876220964240693068e+00,0.000000000000000000e+00,1.374188446792199159e+01
7.510000000000491838e+00,5.660341180154507583e+02,3.684581160342491302e+01,3.862441747382687751e+00,0.000000000000000000e+00,1.430316457271938191e+01
7.512500000000492228e+00,5.661262173458636653e+02,3.681903927782938268e+01,3.848843288718751143e+00,0.000000000000000000e+00,1.486249848285760677e+01
7.515000000000492619e+00,5.662182497477064089e+02,3.679227091082488244e+01,3.835422626858406847e+00,0.000000000000000000e+00,1.541991098995842613e+01
7.517500000000493010e+00,5.663102152308790664e+02,3.676550650867280012e+01,3.822176987800846248e+00,0.000000000000000000e+00,1.597542647278461381e+01
7.520000000000493401e+00,5.664021138052971764e+02,3.673874607738797238e+01,3.809103520111295715e+00,0.000000000000000000e+00,1.652906891338555084e+01
7.522500000000493792e+00,5.664939454808913979e+02,3.671198962273390265e+01,3.796199254029877679e+00,0.000000000000000000e+00,1.708086189575502800e+01
7.525000000000494182e+00,5.665857102676063732e+02,3.668523715022703158e+01,3.783461700984207088e+00,0.000000000000000000e+00,1.763082861584910788e+01
7.527500000000494573e+00,5.666774081754005010e+02,3.665848866513317716e+01,3.770888170489956170e+00,0.000000000000000000e+00,1.817899189483157585e+01
7.530000000000494964e+00,5.667690392142452538e+02,3.663174417247525838e+01,3.758475952596814995e+00,0.000000000000000000e+00,1.872537416870185112e+01
7.532500000000495355e+00,5.668606033941244959e+02,3.660500367702272939e+01,3.746222543209128286e+00,0.000000000000000000e+00,1.926999751334353306e+01
7.535000000000495746e+00,5.669521007250338016e+02,3.657826718328515625e+01,3.734125343634477012e+00,0.000000000000000000e+00,1.981288364221406795e+01
7.537500000000496136e+00,5.670435312169800000e+02,3.655153469553511769e+01,3.722181949799488798e+00,0.000000000000000000e+00,2.035405390465033193e+01
7.540000000000496527e+00,5.671348948799803793e+02,3.652480621777889525e+01,3.710389713969270975e+00,0.000000000000000000e+00,2.089352930991579171e+01
7.542500000000496918e+00,5.672261917240621187e+02,3.649808175376509212e+01,3.698746262918494399e+00,0.000000000000000000e+00,2.143133051863206617e+01
7.545000000000497309e+00,5.673174217592616060e+02,3.647136130699339418e+01,3.687249285477505634e+00,0.000000000000000000e+00,2.196747785753811755e+01
7.547500000000497700e+00,5.674085849956238690e+02,3.644464488071351127e+01,3.675896457461076849e+00,0.000000000000000000e+00,2.250199131558212784e+01
7.550000000000498090e+00,5.674996814432018937e+02,3.641793247791945731e+01,3.664685604221054049e+00,0.000000000000000000e+00,2.303489056780162514e+01
7.552500000000498481e+00,5.675907111120559421e+02,3.639122410135412622e+01,3.653614347334083856e+00,0.000000000000000000e+00,2.356619495914086215e+01
7.555000000000498872e+00,5.676816740122530973e+02,3.636451975351496912e+01,3.642680360118998095e+00,0.000000000000000000e+00,2.409592351445869696e+01
7.557500000000499263e+00,5.677725701538664680e+02,3.633781943662994962e+01,3.631881590587465070e+00,0.000000000000000000e+00,2.462409495771678891e+01
7.560000000000499654e+00,5.678633995469747333e+02,3.631112315266452839e+01,3.621215859866635078e+00,0.000000000000000000e+00,2.515072770596123419e+01
7.562500000000500044e+00,5.679541622016611200e+02,3.628443090333656329e+01,3.610681085835129700e+00,0.000000000000000000e+00,2.567583987652959010e+01
7.565000000000500435e+00,5.680448581280131748e+02,3.625774269010579332e+01,3.600275079800478562e+00,0.000000000000000000e+00,2.619944929723281390e+01
7.567500000000500826e+00,5.681354873361218552e+02,3.623105851417675183e+01,3.589995966848279707e+00,0.000000000000000000e+00,2.672157350033659284e+01
7.570000000000501217e+00,5.682260498360809606e+02,3.620437837650403878e+01,3.579841689433341134e+00,0.000000000000000000e+00,2.724222973854053720e+01
7.572500000000501608e+00,5.683165456379866782e+02,3.617770227777933911e+01,3.569810338460179810e+00,0.000000000000000000e+00,2.776143498571653723e+01
7.575000000000501998e+00,5.684069747519366729e+02,3.615103021844026188e+01,3.559899774777040449e+00,0.000000000000000000e+00,2.827920594100163498e+01
7.577500000000502389e+00,5.684973371880295190e+02,3.612436219867000631e+01,3.550108277876108609e+00,0.000000000000000000e+00,2.879555903741831457e+01
7.580000000000502780e+00,5.685876329563641320e+02,3.609769821840993131e+01,3.540433937909866824e+00,0.000000000000000000e+00,2.931051043541528500e+01
7.582500000000503171e+00,5.686778620670393138e+02,3.607103827734790258e+01,3.530874924925497371e+00,0.000000000000000000e+00,2.982407604013624081e+01
7.585000000000503562e+00,5.687680245301527293e+02,3.604438237491504538e+01,3.521429493506134101e+00,0.000000000000000000e+00,3.033627149882274310e+01
7.587500000000503952e+00,5.688581203558004518e+02,3.601773051028514061e+01,3.512095696390058475e+00,0.000000000000000000e+00,3.084711220870915227e+01
7.590000000000504343e+00,5.689481495540766218e+02,3.599108268237564090e+01,3.502871849645500912e+00,0.000000000000000000e+00,3.135661332047506278e+01
7.592500000000504734e+00,5.690381121350721969e+02,3.596443888985729842e+01,3.493756307904525293e+00,0.000000000000000000e+00,3.186478974132172581e+01
7.595000000000505125e+00,5.691280081088748375e+02,3.593779913115607627e+01,3.484747254549267481e+00,0.000000000000000000e+00,3.237165613967353295e+01
7.597500000000505516e+00,5.692178374855682250e+02,3.591116340445223187e+01,3.475843188450712162e+00,0.000000000000000000e+00,3.287722694978851479e+01
7.600000000000505906e+00,5.693076002752311524e+02,3.588453170768565315e+01,3.467042312756744238e+00,0.000000000000000000e+00,3.338151637240313363e+01
7.602500000000506297e+00,5.693972964879371830e+02,3.585790403854128527e+01,3.458343197964398819e+00,0.000000000000000000e+00,3.388453838470701385e+01
7.605000000000506688e+00,5.694869261337540820e+02,3.583128039445132629e+01,3.449744228763972576e+00,0.000000000000000000e+00,3.438630674021314348e+01
7.607500000000507079e+00,5.695764892227429073e+02,3.580466077260277302e+01,3.441243822051737400e+00,0.000000000000000000e+00,3.488683497390320554e+01
7.610000000000507470e+00,5.696659857649575542e+02,3.577804516993753481e+01,3.432840284826132571e+00,0.000000000000000000e+00,3.538613640509223757e+01
7.612500000000507860e+00,5.697554157704441877e+02,3.575143358315536801e+01,3.424532348744685262e+00,0.000000000000000000e+00,3.588422414207754940e+01
7.615000000000508251e+00,5.698447792492406734e+02,3.572482600870721825e+01,3.416318437708999234e+00,0.000000000000000000e+00,3.638111108552227790e+01
7.617500000000508642e+00,5.699340762113756682e+02,3.569822244280518930e+01,3.408196926660654213e+00,0.000000000000000000e+00,3.687680993139453278e+01
7.620000000000509033e+00,5.700233066668682795e+02,3.567162288143357074e+01,3.400166717442054676e+00,0.000000000000000000e+00,3.737133317519062103e+01
7.622500000000509424e+00,5.701124706257274966e+02,3.564502732033395915e+01,3.392226162666645894e+00,0.000000000000000000e+00,3.786469311498476031e+01
7.625000000000509814e+00,5.702015680979515082e+02,3.561843575501173120e+01,3.384373982009408088e+00,0.000000000000000000e+00,3.835690185576721234e+01
7.627500000000510205e+00,5.702905990935272484e+02,3.559184818073160983e+01,3.376608710135905689e+00,0.000000000000000000e+00,3.884797131080348720e+01
7.630000000000510596e+00,5.703795636224293730e+02,3.556526459252827266e+01,3.368929192836697784e+00,0.000000000000000000e+00,3.933791320716838413e+01
7.632500000000510987e+00,5.704684616946203732e+02,3.553868498520908759e+01,3.361333991135996957e+00,0.000000000000000000e+00,3.982673908785493211e+01
7.635000000000511378e+00,5.705572933200493253e+02,3.551210935334542995e+01,3.353821767631250061e+00,0.000000000000000000e+00,4.031446031455810441e+01
7.637500000000511768e+00,5.706460585086517767e+02,3.548553769127963164e+01,3.346391316363242829e+00,0.000000000000000000e+00,4.080108807165661489e+01
7.640000000000512159e+00,5.707347572703489504e+02,3.545896999312930831e+01,3.339041530218967768e+00,0.000000000000000000e+00,4.128663336730024014e+01
7.642500000000512550e+00,5.708233896150471764e+02,3.543240625279500478e+01,3.331771038943218688e+00,0.000000000000000000e+00,4.177110704084231685e+01
7.645000000000512941e+00,5.709119555526374370e+02,3.540584646394970036e+01,3.324578607105496353e+00,0.000000000000000000e+00,4.225451976120370290e+01
7.647500000000513332e+00,5.710004550929949119e+02,3.537929062004105418e+01,3.317463064741664081e+00,0.000000000000000000e+00,4.273688203171548849e+01
7.650000000000513722e+00,5.710888882459780689e+02,3.535273871430074877e+01,3.310423287085892063e+00,0.000000000000000000e+00,4.321820419325753448e+01
7.652500000000514113e+00,5.711772550214284365e+02,3.532619073974299084e+01,3.303458153532911723e+00,0.000000000000000000e+00,4.369849642969611381e+01
7.655000000000514504e+00,5.712655554291700355e+02,3.529964668916141335e+01,3.296566456156698965e+00,0.000000000000000000e+00,4.417776876043434697e+01
7.657500000000514895e+00,5.713537894790085829e+02,3.527310655513554138e+01,3.289747048915609984e+00,0.000000000000000000e+00,4.465603105662026451e+01
7.660000000000515286e+00,5.714419571807311513e+02,3.524657033004169904e+01,3.282998894377953114e+00,0.000000000000000000e+00,4.513329303342386822e+01
7.662500000000515676e+00,5.715300585441058274e+02,3.522003800604636581e+01,3.276320812128928228e+00,0.000000000000000000e+00,4.560956425924968016e+01
7.665000000000516067e+00,5.716180935788806892e+02,3.519350957511110778e+01,3.269711894333719115e+00,0.000000000000000000e+00,4.608485415645075278e+01
7.667500000000516458e+00,5.717060622947839192e+02,3.516698502899474477e+01,3.263171015724610768e+00,0.000000000000000000e+00,4.655917199769134385e+01
7.670000000000516849e+00,5.717939647015226683e+02,3.514046435925821044e+01,3.256697196568569819e+00,0.000000000000000000e+00,4.703252691742483194e+01
7.672500000000517240e+00,5.718818008087831686e+02,3.511394755727056349e+01,3.250289391278887052e+00,0.000000000000000000e+00,4.750492791414666272e+01
7.675000000000517630e+00,5.719695706262298245e+02,3.508743461420076670e+01,3.243946638902214907e+00,0.000000000000000000e+00,4.797638384885478757e+01
7.677500000000518021e+00,5.720572741635048715e+02,3.506092552101953430e+01,3.237667838037030954e+00,0.000000000000000000e+00,4.844690344954102557e+01
7.680000000000518412e+00,5.721449114302278076e+02,3.503442026850259339e+01,3.231452227374159047e+00,0.000000000000000000e+00,4.891649530631244147e+01
7.682500000000518803e+00,5.722324824359949389e+02,3.500791884723662406e+01,3.225298813729208014e+00,0.000000000000000000e+00,4.938516788414632686e+01
7.685000000000519194e+00,5.723199871903791518e+02,3.498142124762511429e+01,3.219206615169185604e+00,0.000000000000000000e+00,4.985292951756593283e+01
7.687500000000519584e+00,5.724074257029290038e+02,3.495492745988994443e+01,3.213174685910404893e+00,0.000000000000000000e+00,5.031978841863641350e+01
7.690000000000519975e+00,5.724947979831686098e+02,3.492843747407299304e+01,3.207202345057111437e+00,0.000000000000000000e+00,5.078575267228850265e+01
7.692500000000520366e+00,5.725821040405970734e+02,3.490195128003588820e+01,3.201288447881588173e+00,0.000000000000000000e+00,5.125083025058358288e+01
7.695000000000520757e+00,5.726693438846880326e+02,3.487546886746748953e+01,3.195432146191280687e+00,0.000000000000000000e+00,5.171502900300398409e+01
7.697500000000521148e+00,5.727565175248892047e+02,3.484899022587769934e+01,3.189632657698083129e+00,0.000000000000000000e+00,5.217835665366781228e+01
7.700000000000521538e+00,5.728436249706221588e+02,3.482251534461322251e+01,3.183889117349191444e+00,0.000000000000000000e+00,5.264082082455735190e+01
7.702500000000521929e+00,5.729306662312815206e+02,3.479604421285861093e+01,3.178200674222494637e+00,0.000000000000000000e+00,5.310242902098354989e+01
7.705000000000522320e+00,5.730176413162349718e+02,3.476957681963001079e+01,3.172566504583500535e+00,0.000000000000000000e+00,5.356318863339169667e+01
7.707500000000522711e+00,5.731045502348224545e+02,3.474311315378497511e+01,3.166985845734707983e+00,0.000000000000000000e+00,5.402310695054364231e+01
7.710000000000523102e+00,5.731913929963561714e+02,3.471665320402503596e+01,3.161457999215134151e+00,0.000000000000000000e+00,5.448219114586564871e+01
7.712500000000523492e+00,5.732781696101197895e+02,3.469019695889662103e+01,3.155982045166193295e+00,0.000000000000000000e+00,5.494044829788266071e+01
7.715000000000523883e+00,5.733648800853684406e+02,3.466374440679734192e+01,3.150557251152297678e+00,0.000000000000000000e+00,5.539788537313017969e+01
7.717500000000524274e+00,5.734515244313280391e+02,3.463729553597462285e+01,3.145183015868085352e+00,0.000000000000000000e+00,5.585450924061176892e+01
7.720000000000524665e+00,5.735381026571950542e+02,3.461085033453325366e+01,3.139858430247120857e+00,0.000000000000000000e+00,5.631032667433388639e+01
7.722500000000525056e+00,5.736246147721361694e+02,3.458440879043311611e+01,3.134582652447913009e+00,0.000000000000000000e+00,5.676534434974615095e+01
7.725000000000525446e+00,5.737110607852878275e+02,3.455797089149179158e+01,3.129355237327982042e+00,0.000000000000000000e+00,5.721956883783396819e+01
7.727500000000525837e+00,5.737974407057560029e+02,3.453153662539398283e+01,3.124175348600929603e+00,0.000000000000000000e+00,5.767300661886883262e+01
7.730000000000526228e+00,5.738837545426157476e+02,3.450510597969583415e+01,3.119042229565469171e+00,0.000000000000000000e+00,5.812566407567561555e+01
7.732500000000526619e+00,5.739700023049110769e+02,3.447867894182844850e+01,3.113955302083887933e+00,0.000000000000000000e+00,5.857754751719242847e+01
7.735000000000527010e+00,5.740561840016544011e+02,3.445225549909599039e+01,3.108913750125199993e+00,0.000000000000000000e+00,5.902866315233816152e+01
7.737500000000527400e+00,5.741422996418261846e+02,3.442583563867459162e+01,3.103917092832273905e+00,0.000000000000000000e+00,5.947901710154916799e+01
7.740000000000527791e+00,5.742283492343750595e+02,3.439941934762216391e+01,3.098964531785921128e+00,0.000000000000000000e+00,5.992861539791272918e+01
7.742500000000528182e+00,5.743143327882170297e+02,3.437300661288068682e+01,3.094055637444808937e+00,0.000000000000000000e+00,6.037746399033196099e+01
7.745000000000528573e+00,5.744002503122353573e+02,3.434659742128422266e+01,3.089189475233220961e+00,0.000000000000000000e+00,6.082556875143277608e+01
7.747500000000528964e+00,5.744861018152804490e+02,3.432019175955581147e+01,3.084365563837466961e+00,0.000000000000000000e+00,6.127293545847345513e+01
7.750000000000529354e+00,5.745718873061695149e+02,3.429378961431285688e+01,3.079583379742110605e+00,0.000000000000000000e+00,6.171956981865750436e+01
7.752500000000529745e+00,5.746576067936859999e+02,3.426739097207477869e+01,3.074842245108810879e+00,0.000000000000000000e+00,6.216547746253488071e+01
7.755000000000530136e+00,5.747432602865798117e+02,3.424099581925907643e+01,3.070141587158662588e+00,0.000000000000000000e+00,6.261066393837459287e+01
7.757500000000530527e+00,5.748288477935668652e+02,3.421460414218586266e+01,3.065480858068414527e+00,0.000000000000000000e+00,6.305513471867606512e+01
7.760000000000530918e+00,5.749143693233286285e+02,3.418821592708579971e+01,3.060859412750880804e+00,0.000000000000000000e+00,6.349889520116197872e+01
7.762500000000531308e+00,5.749998248845122362e+02,3.416183116010169840e+01,3.056276734165375597e+00,0.000000000000000000e+00,6.394195071397197694e+01
7.765000000000531699e+00,5.750852144857301482e+02,3.413544982729032995e+01,3.051732113233584620e+00,0.000000000000000000e+00,6.438430650208887585e+01
7.767500000000532090e+00,5.751705381355598092e+02,3.410907191462964505e+01,3.047225118569555136e+00,0.000000000000000000e+00,6.482596775141306011e+01
7.770000000000532481e+00,5.752557958425436482e+02,3.408269740802366243e+01,3.042755285738829141e+00,0.000000000000000000e+00,6.526693957301843341e+01
7.772500000000532872e+00,5.753409876151888511e+02,3.405632629329677741e+01,3.038321908124651305e+00,0.000000000000000000e+00,6.570722702044092500e+01
7.775000000000533262e+00,5.754261134619669065e+02,3.402995855620251575e+01,3.033924646545556048e+00,0.000000000000000000e+00,6.614683506344951525e+01
7.777500000000533653e+00,5.755111733913139460e+02,3.400359418242495479e+01,3.029562741185252150e+00,0.000000000000000000e+00,6.658576861398906033e+01
7.780000000000534044e+00,5.755961674116300628e+02,3.397723315758804574e+01,3.025236013926571932e+00,0.000000000000000000e+00,6.702403251777276694e+01
7.782500000000534435e+00,5.756810955312795386e+02,3.395087546725494576e+01,3.020943630188051454e+00,0.000000000000000000e+00,6.746163157216123807e+01
7.785000000000534826e+00,5.757659577585902753e+02,3.392452109692831641e+01,3.016685289820110860e+00,0.000000000000000000e+00,6.789857048146294005e+01
7.787500000000535216e+00,5.758507541018541360e+02,3.389817003205725854e+01,3.012460491192237022e+00,0.000000000000000000e+00,6.833485390444147356e+01
7.790000000000535607e+00,5.759354845693264906e+02,3.387182225804610880e+01,3.008268743675663437e+00,0.000000000000000000e+00,6.877048645213125155e+01
7.792500000000535998e+00,5.760201491692262152e+02,3.384547776025136301e+01,3.004109573934503619e+00,0.000000000000000000e+00,6.920547265996778208e+01
7.795000000000536389e+00,5.761047479097355790e+02,3.381913652398392856e+01,2.999982551393836960e+00,0.000000000000000000e+00,6.963981699963696315e+01
7.797500000000536780e+00,5.761892807990000165e+02,3.379279853451907911e+01,2.995887133769151944e+00,0.000000000000000000e+00,7.007352391301017747e+01
7.800000000000537170e+00,5.762737478451282414e+02,3.376646377709619884e+01,2.991822956355953966e+00,0.000000000000000000e+00,7.050659775854880706e+01
7.802500000000537561e+00,5.763581490561919054e+02,3.374013223692029584e+01,2.987789564066992920e+00,0.000000000000000000e+00,7.093904284506758984e+01
7.805000000000537952e+00,5.764424844402258259e+02,3.371380389917235476e+01,2.983786472731882800e+00,0.000000000000000000e+00,7.137086343302604519e+01
7.807500000000538343e+00,5.765267540052275308e+02,3.368747874900974892e+01,2.979813214778581187e+00,0.000000000000000000e+00,7.180206373727179425e+01
7.810000000000538734e+00,5.766109577591577136e+02,3.366115677156685138e+01,2.975869518459118623e+00,0.000000000000000000e+00,7.223264790875917640e+01
7.812500000000539124e+00,5.766950957099396646e+02,3.363483795195492121e+01,2.971954921397809368e+00,0.000000000000000000e+00,7.266262006049367983e+01
7.815000000000539515e+00,5.767791678654594989e+02,3.360852227527123404e+01,2.968068820795558338e+00,0.000000000000000000e+00,7.309198424518825732e+01
7.817500000000539906e+00,5.768631742335661556e+02,3.358220972659756143e+01,2.964211061438786210e+00,0.000000000000000000e+00,7.352074445310481110e+01
7.820000000000540297e+00,5.769471148220711711e+02,3.355590029101177407e+01,2.960381064747102720e+00,0.000000000000000000e+00,7.394890465027944515e+01
7.822500000000540687e+00,5.770309896387487925e+02,3.352959395358713124e+01,2.956578484163040255e+00,0.000000000000000000e+00,7.437646874641755801e+01
7.825000000000541078e+00,5.771147986913359773e+02,3.350329069939168392e+01,2.952803063897414315e+00,0.000000000000000000e+00,7.480344059667149281e+01
7.827500000000541469e+00,5.771985419875322805e+02,3.347699051349363231e+01,2.949054300765181047e+00,0.000000000000000000e+00,7.522982403201937984e+01
7.830000000000541860e+00,5.772822195350000811e+02,3.345069338096493539e+01,2.945331803864660536e+00,0.000000000000000000e+00,7.565562281676355383e+01
7.832500000000542251e+00,5.773658313413642418e+02,3.342439928688345674e+01,2.941635301572854466e+00,0.000000000000000000e+00,7.608084066935475676e+01
7.835000000000542641e+00,5.774493774142125631e+02,3.339810821634015525e+01,2.937964326069680165e+00,0.000000000000000000e+00,7.650548127952521327e+01
7.837500000000543032e+00,5.775328577610953289e+02,3.337182015444231808e+01,2.934318606251931971e+00,0.000000000000000000e+00,7.692954828982460924e+01
7.840000000000543423e+00,5.776162723895257614e+02,3.334553508631042718e+01,2.930697753170283359e+00,0.000000000000000000e+00,7.735304529166438670e+01
7.842500000000543814e+00,5.776996213069799069e+02,3.331925299709012478e+01,2.927101381312933182e+00,0.000000000000000000e+00,7.777597584972956213e+01
7.845000000000544205e+00,5.777829045208965226e+02,3.329297387195045133e+01,2.923529143680044573e+00,0.000000000000000000e+00,7.819834347268509589e+01
7.847500000000544595e+00,5.778661220386775312e+02,3.326669769608653837e+01,2.919980847268376145e+00,0.000000000000000000e+00,7.862015163474718804e+01
7.850000000000544986e+00,5.779492738676876797e+02,3.324042445472474583e+01,2.916455941507253957e+00,0.000000000000000000e+00,7.904140378347901219e+01
7.852500000000545377e+00,5.780323600152548806e+02,3.321415413312466569e+01,2.912954222951599004e+00,0.000000000000000000e+00,7.946210331064897048e+01
7.855000000000545768e+00,5.781153804886702119e+02,3.318788671658059286e+01,2.909475370547287554e+00,0.000000000000000000e+00,7.988225359049611995e+01
7.857500000000546159e+00,5.781983352951879169e+02,3.316162219042207226e+01,2.906019133424752265e+00,0.000000000000000000e+00,8.030185793858889554e+01
7.860000000000546549e+00,5.782812244420257457e+02,3.313536054002079112e+01,2.902584987601420252e+00,0.000000000000000000e+00,8.072091964800176811e+01
7.862500000000546940e+00,5.783640479363647273e+02,3.310910175079620643e+01,2.899172731272176673e+00,0.000000000000000000e+00,8.113944196355751615e+01
7.865000000000547331e+00,5.784468057853496248e+02,3.308284580821769083e+01,2.895782081331444768e+00,0.000000000000000000e+00,8.155742810054645986e+01
7.867500000000547722e+00,5.785294979960888213e+02,3.305659269780694132e+01,2.892412669274395665e+00,0.000000000000000000e+00,8.197488123344636790e+01
7.870000000000548113e+00,5.786121245756545477e+02,3.303034240513859743e+01,2.889064338429880419e+00,0.000000000000000000e+00,8.239180451737648525e+01
7.872500000000548503e+00,5.786946855310829960e+02,3.300409491584630217e+01,2.885736708929149241e+00,0.000000000000000000e+00,8.280820107088462123e+01
7.875000000000548894e+00,5.787771808693745470e+02,3.297785021561945484e+01,2.882429484962591992e+00,0.000000000000000000e+00,8.322407398125309896e+01
7.877500000000549285e+00,5.788596105974937700e+02,3.295160829020697690e+01,2.879142422389236344e+00,0.000000000000000000e+00,8.363942630336910611e+01
7.880000000000549676e+00,5.789419747223695367e+02,3.292536912542239946e+01,2.875875215279370956e+00,0.000000000000000000e+00,8.405426104623136041e+01
7.882500000000550067e+00,5.790242732508954759e+02,3.289913270714927052e+01,2.872627504320693692e+00,0.000000000000000000e+00,8.446858120050606544e+01
7.885000000000550457e+00,5.791065061899298598e+02,3.287289902134191522e+01,2.869399165384079797e+00,0.000000000000000000e+00,8.488238972125526516e+01
7.887500000000550848e+00,5.791886735462959450e+02,3.284666805402436296e+01,2.866189774308546934e+00,0.000000000000000000e+00,8.529568954083057974e+01
7.890000000000551239e+00,5.792707753267820863e+02,3.282043979129561961e+01,2.862999199682782159e+00,0.000000000000000000e+00,8.570848354492571275e+01
7.892500000000551630e+00,5.793528115381418502e+02,3.279421421933213310e+01,2.859827021961723226e+00,0.000000000000000000e+00,8.612077461012299295e+01
7.895000000000552021e+00,5.794347821870943562e+02,3.276799132439263929e+01,2.856673206550417454e+00,0.000000000000000000e+00,8.653256556934702814e+01
7.897500000000552411e+00,5.795166872803243905e+02,3.274177109281293951e+01,2.853537406030437040e+00,0.000000000000000000e+00,8.694385924241248631e+01
7.900000000000552802e+00,5.795985268244826329e+02,3.271555351101476106e+01,2.850419334849705777e+00,0.000000000000000000e+00,8.735465841207118842e+01
7.902500000000553193e+00,5.796803008261858849e+02,3.268933856550996353e+01,2.847318713354576314e+00,0.000000000000000000e+00,8.776496583010985830e+01
7.905000000000553584e+00,5.797620092920172965e+02,3.266312624290313948e+01,2.844235473299211669e+00,0.000000000000000000e+00,8.817478423120876130e+01
7.907500000000553975e+00,5.798436522285264800e+02,3.263691652988498504e+01,2.841169150054871029e+00,0.000000000000000000e+00,8.858411633122481987e+01
7.910000000000554365e+00,5.799252296422299651e+02,3.261070941323898609e+01,2.838119587609983618e+00,0.000000000000000000e+00,8.899296479983706831e+01
7.912500000000554756e+00,5.800067415396111983e+02,3.258450487984390520e+01,2.835086575072250703e+00,0.000000000000000000e+00,8.940133228832084455e+01
7.915000000000555147e+00,5.800881879271208845e+02,3.255830291667546561e+01,2.832069847370723092e+00,0.000000000000000000e+00,8.980922142231091243e+01
7.917500000000555538e+00,5.801695688111772142e+02,3.253210351081136054e+01,2.829069246629477341e+00,0.000000000000000000e+00,9.021663479364769955e+01
7.920000000000555929e+00,5.802508841981662044e+02,3.250590664943323560e+01,2.826084574810732164e+00,0.000000000000000000e+00,9.062357498823261892e+01
7.922500000000556319e+00,5.803321340944418125e+02,3.247971231982967311e+01,2.823115492322584963e+00,0.000000000000000000e+00,9.103004458118631703e+01
7.925000000000556710e+00,5.804133185063262772e+02,3.245352050939162325e+01,2.820161950844746634e+00,0.000000000000000000e+00,9.143604608212312712e+01
7.927500000000557101e+00,5.804944374401104596e+02,3.242733120561944560e+01,2.817223471428676351e+00,0.000000000000000000e+00,9.184158202180124420e+01
7.930000000000557492e+00,5.805754909020539571e+02,3.240114439612454333e+01,2.814300007999252173e+00,0.000000000000000000e+00,9.224665486707891660e+01
7.932500000000557883e+00,5.806564788983855578e+02,3.237496006862788533e+01,2.811391375645858837e+00,0.000000000000000000e+00,9.265126708086829410e+01
7.935000000000558273e+00,5.807374014353032408e+02,3.234877821096105777e+01,2.808497366757792602e+00,0.000000000000000000e+00,9.305542110845031800e+01
7.937500000000558664e+00,5.808182585189747442e+02,3.232259881107572852e+01,2.805617700937150349e+00,0.000000000000000000e+00,9.345911937885756515e+01
7.940000000000559055e+00,5.808990501555376795e+02,3.229642185704117452e+01,2.802752264520427694e+00,0.000000000000000000e+00,9.386236427523776626e+01
7.942500000000559446e+00,5.809797763510999857e+02,3.227024733704534754e+01,2.799900769960981695e+00,0.000000000000000000e+00,9.426515819243336125e+01
7.945000000000559837e+00,5.810604371117401570e+02,3.224407523939625975e+01,2.797063038783094591e+00,0.000000000000000000e+00,9.466750347841720270e+01
7.947500000000560227e+00,5.811410324435073562e+02,3.221790555252073318e+01,2.794238909905576662e+00,0.000000000000000000e+00,9.506940246278044526e+01
7.950000000000560618e+00,5.812215623524220973e+02,3.219173826496943747e+01,2.791428176675899042e+00,0.000000000000000000e+00,9.547085746759253766e+01
7.952500000000561009e+00,5.813020268444762451e+02,3.216557336541841039e+01,2.788630752775929977e+00,0.000000000000000000e+00,9.587187077868584595e+01
7.955000000000561400e+00,5.813824259256333562e+02,3.213941084266949133e+01,2.785846388068628166e+00,0.000000000000000000e+00,9.627244468930801702e+01
7.957500000000561791e+00,5.814627596018292479e+02,3.211325068565325580e+01,2.783074772817002884e+00,0.000000000000000000e+00,9.667258146253392681e+01
7.960000000000562181e+00,5.815430278789718841e+02,3.208709288342795674e+01,2.780315809417626571e+00,0.000000000000000000e+00,9.707228331617838535e+01
7.962500000000562572e+00,5.816232307629421712e+02,3.206093742518221035e+01,2.777569429821395097e+00,0.000000000000000000e+00,9.747155246262535400e+01
7.965000000000562963e+00,5.817033682595939581e+02,3.203478430023720591e+01,2.774835303117429319e+00,0.000000000000000000e+00,9.787039112521839002e+01
7.967500000000563354e+00,5.817834403747543774e+02,3.200863349804740210e+01,2.772113449712968247e+00,0.000000000000000000e+00,9.826880147473808336e+01
7.970000000000563745e+00,5.818634471142245275e+02,3.198248500820129081e+01,2.769403591431914169e+00,0.000000000000000000e+00,9.866678568782876368e+01
7.972500000000564135e+00,5.819433884837793585e+02,3.195633882042262996e+01,2.766705485340569926e+00,0.000000000000000000e+00,9.906434591089688979e+01
7.975000000000564526e+00,5.820232644891682412e+02,3.193019492456634367e+01,2.764019000350601107e+00,0.000000000000000000e+00,9.946148426908655438e+01
7.977500000000564917e+00,5.821030751361153079e+02,3.190405331062536831e+01,2.761344102666544842e+00,0.000000000000000000e+00,9.985820287479052126e+01
7.980000000000565308e+00,5.821828204303196799e+02,3.187791396873126359e+01,2.758680428626394843e+00,0.000000000000000000e+00,1.002545038345096913e+02
7.982500000000565699e+00,5.822625003774559218e+02,3.185177688915409178e+01,2.756027972107148116e+00,0.000000000000000000e+00,1.006503892105137794e+02
7.985000000000566089e+00,5.823421149831743833e+02,3.182564206230506088e+01,2.753386556890067727e+00,0.000000000000000000e+00,1.010458610790479810e+02
7.987500000000566480e+00,5.824216642531015395e+02,3.179950947873096823e+01,2.750755961058343857e+00,0.000000000000000000e+00,1.014409214797866525e+02
7.990000000000566871e+00,5.825011481928402191e+02,3.177337912912014772e+01,2.748136022370604170e+00,0.000000000000000000e+00,1.018355724420082282e+02
7.992500000000567262e+00,5.825805668079700581e+02,3.174725100430694980e+01,2.745526684073531509e+00,0.000000000000000000e+00,1.022298159770511461e+02
7.995000000000567653e+00,5.826599201040479556e+02,3.172112509526292357e+01,2.742927759567048707e+00,0.000000000000000000e+00,1.026236540874191263e+02
7.997500000000568043e+00,5.827392080866081869e+02,3.169500139310138564e+01,2.740339120355342661e+00,0.000000000000000000e+00,1.030170887473189367e+02
8.000000000000568434e+00,5.828184307611630857e+02,3.166887988907919294e+01,2.737760591610091776e+00,0.000000000000000000e+00,1.034101219393283060e+02
8.002500000000567937e+00,5.828975881332029303e+02,3.164276057459655078e+01,2.735192139971637015e+00,0.000000000000000000e+00,1.038027556130842726e+02
8.005000000000567439e+00,5.829766802081968535e+02,3.161664344119984804e+01,2.732633444198311334e+00,0.000000000000000000e+00,1.041949917133154031e+02
8.007500000000566942e+00,5.830557069915928423e+02,3.159052848057854135e+01,2.730084514501375459e+00,0.000000000000000000e+00,1.045868321540714874e+02
8.010000000000566445e+00,5.831346684888181926e+02,3.156441568456895652e+01,2.727545124830792478e+00,0.000000000000000000e+00,1.049782788537547020e+02
8.012500000000565947e+00,5.832135647052797367e+02,3.153830504515399014e+01,2.725015192945742015e+00,0.000000000000000000e+00,1.053693337052673655e+02
8.015000000000565450e+00,5.832923956463645254e+02,3.151219655446113066e+01,2.722494551431845711e+00,0.000000000000000000e+00,1.057599985833925729e+02
8.017500000000564953e+00,5.833711613174399417e+02,3.148609020476096632e+01,2.719982976779591777e+00,0.000000000000000000e+00,1.061502753573636113e+02
8.020000000000564455e+00,5.834498617238541556e+02,3.145998598846836103e+01,2.717480529465900574e+00,0.000000000000000000e+00,1.065401658731831702e+02
8.022500000000563958e+00,5.835284968709364648e+02,3.143388389814190376e+01,2.714986971370586755e+00,0.000000000000000000e+00,1.069296719638546733e+02
8.025000000000563460e+00,5.836070667639975227e+02,3.140778392648579853e+01,2.712502162234851077e+00,0.000000000000000000e+00,1.073187954638487582e+02
8.027500000000562963e+00,5.836855714083300199e+02,3.138168606635385416e+01,2.710025979894428616e+00,0.000000000000000000e+00,1.077075381667603295e+02
8.030000000000562466e+00,5.837640108092086848e+02,3.135559031074521741e+01,2.707558421164824036e+00,0.000000000000000000e+00,1.080959018740788764e+02
8.032500000000561968e+00,5.838423849718909651e+02,3.132949665280527540e+01,2.705099313309244913e+00,0.000000000000000000e+00,1.084838883691443243e+02
8.035000000000561471e+00,5.839206939016171418e+02,3.130340508583100245e+01,2.702648381014531864e+00,0.000000000000000000e+00,1.088714994334875570e+02
8.037500000000560973e+00,5.839989376036108979e+02,3.127731560326461846e+01,2.700205679988940677e+00,0.000000000000000000e+00,1.092587368034745055e+02
8.040000000000560476e+00,5.840771160830795452e+02,3.125122819869037372e+01,2.697771050865213738e+00,0.000000000000000000e+00,1.096456022432768265e+02
8.042500000000559979e+00,5.841552293452144795e+02,3.122514286584007337e+01,2.695344315852317596e+00,0.000000000000000000e+00,1.100320974736230113e+02
8.045000000000559481e+00,5.842332773951915215e+02,3.119905959859445588e+01,2.692925498565062803e+00,0.000000000000000000e+00,1.104182242087973549e+02
8.047500000000558984e+00,5.843112602381713714e+02,3.117297839097837553e+01,2.690514383456168446e+00,0.000000000000000000e+00,1.108039841581528009e+02
8.050000000000558487e+00,5.843891778792996092e+02,3.114689923716032993e+01,2.688110837986779966e+00,0.000000000000000000e+00,1.111893790137282991e+02
8.052500000000557989e+00,5.844670303237076041e+02,3.112082213145466980e+01,2.685714925387182372e+00,0.000000000000000000e+00,1.115744104510333017e+02
8.055000000000557492e+00,5.845448175765122869e+02,3.109474706831629831e+01,2.683326370670829686e+00,0.000000000000000000e+00,1.119590801564022939e+02
8.057500000000556994e+00,5.846225396428171734e+02,3.106867404234366958e+01,2.680945107104364400e+00,0.000000000000000000e+00,1.123433897738751028e+02
8.060000000000556497e+00,5.847001965277120235e+02,3.104260304828127204e+01,2.678571037145603295e+00,0.000000000000000000e+00,1.127273409497117456e+02
8.062500000000556000e+00,5.847777882362737500e+02,3.101653408101664056e+01,2.676204036101410111e+00,0.000000000000000000e+00,1.131109353155343058e+02
8.065000000000555502e+00,5.848553147735664197e+02,3.099046713558011845e+01,2.673843893030759311e+00,0.000000000000000000e+00,1.134941744938817294e+02
8.067500000000555005e+00,5.849327761446419345e+02,3.096440220714506708e+01,2.671490625377538564e+00,0.000000000000000000e+00,1.138770600632971508e+02
8.070000000000554508e+00,5.850101723545400318e+02,3.093833929102597224e+01,2.669144091627992488e+00,0.000000000000000000e+00,1.142595936263279128e+02
8.072500000000554010e+00,5.850875034082889670e+02,3.091227838267936789e+01,2.666804345272941745e+00,0.000000000000000000e+00,1.146417767664505760e+02
8.075000000000553513e+00,5.851647693109056263e+02,3.088621947770732490e+01,2.664471100138604776e+00,0.000000000000000000e+00,1.150236110613395937e+02
8.077500000000553015e+00,5.852419700673959824e+02,3.086016257185415768e+01,2.662144337715090625e+00,0.000000000000000000e+00,1.154050980586771971e+02
8.080000000000552518e+00,5.853191056827554348e+02,3.083410766100589129e+01,2.659823910917734402e+00,0.000000000000000000e+00,1.157862393017144740e+02
8.082500000000552021e+00,5.853961761619692652e+02,3.080805474118912457e+01,2.657509715951916984e+00,0.000000000000000000e+00,1.161670363260759444e+02
8.085000000000551523e+00,5.854731815100127506e+02,3.078200380856710083e+01,2.655201689266047271e+00,0.000000000000000000e+00,1.165474906468144667e+02
8.087500000000551026e+00,5.855501217318518457e+02,3.075595485944211305e+01,2.652899786808155191e+00,0.000000000000000000e+00,1.169276037709678491e+02
8.090000000000550529e+00,5.856269968324431829e+02,3.072990789025146796e+01,2.650603817355262848e+00,0.000000000000000000e+00,1.173073771944866337e+02
8.092500000000550031e+00,5.857038068167346410e+02,3.070386289756794440e+01,2.648313679944169330e+00,0.000000000000000000e+00,1.176868124073232309e+02
8.095000000000549534e+00,5.857805516896656854e+02,3.067781987810207411e+01,2.646029397569840569e+00,0.000000000000000000e+00,1.180659108699905460e+02
8.097500000000549036e+00,5.858572314561674830e+02,3.065177882869854642e+01,2.643750704520430705e+00,0.000000000000000000e+00,1.184446740433796350e+02
8.100000000000548539e+00,5.859338461211633557e+02,3.062573974633940210e+01,2.641477716470355119e+00,0.000000000000000000e+00,1.188231033666846344e+02
8.102500000000548042e+00,5.860103956895693500e+02,3.059970262814325537e+01,2.639210150446279268e+00,0.000000000000000000e+00,1.192012002949168021e+02
8.105000000000547544e+00,5.860868801662942360e+02,3.057366747136195073e+01,2.636948104280621319e+00,0.000000000000000000e+00,1.195789662360337786e+02
8.107500000000547047e+00,5.861632995562400765e+02,3.054763427337896076e+01,2.634691376183896150e+00,0.000000000000000000e+00,1.199564026117731430e+02
8.110000000000546549e+00,5.862396538643024542e+02,3.052160303171203282e+01,2.632439958620104381e+00,0.000000000000000000e+00,1.203335108242250016e+02
8.112500000000546052e+00,5.863159430953706988e+02,3.049557374401609167e+01,2.630193636716523287e+00,0.000000000000000000e+00,1.207102922679508481e+02
8.115000000000545555e+00,5.863921672543285695e+02,3.046954640807833314e+01,2.627952424163769951e+00,0.000000000000000000e+00,1.210867483167081531e+02
8.117500000000545057e+00,5.864683263460541411e+02,3.044352102181425934e+01,2.625716339557365053e+00,0.000000000000000000e+00,1.214628803260812191e+02
8.120000000000544560e+00,5.865444203754204864e+02,3.041749758326670161e+01,2.623485162258694992e+00,0.000000000000000000e+00,1.218386896876196204e+02
8.122500000000544063e+00,5.866204493472959030e+02,3.039147609061096134e+01,2.621258701418865300e+00,0.000000000000000000e+00,1.222141777376773746e+02
8.125000000000543565e+00,5.866964132665440275e+02,3.036545654215738921e+01,2.619037079247300337e+00,0.000000000000000000e+00,1.225893457856156488e+02
8.127500000000543068e+00,5.867723121380245175e+02,3.033943893633972166e+01,2.616820091795731607e+00,0.000000000000000000e+00,1.229641951550170376e+02
8.130000000000542570e+00,5.868481459665931652e+02,3.031342327171530471e+01,2.614607842415535455e+00,0.000000000000000000e+00,1.233387271609650355e+02
8.132500000000542073e+00,5.869239147571021249e+02,3.028740954696851162e+01,2.612400068548263121e+00,0.000000000000000000e+00,1.237129431127909953e+02
8.135000000000541576e+00,5.869996185144003675e+02,3.026139776091455147e+01,2.610196811341134904e+00,0.000000000000000000e+00,1.240868442985353397e+02
8.137500000000541078e+00,5.870752572433340220e+02,3.023538791249614022e+01,2.607997890439667898e+00,0.000000000000000000e+00,1.244604319985203773e+02
8.140000000000540581e+00,5.871508309487466022e+02,3.020938000078264807e+01,2.605803400652132673e+00,0.000000000000000000e+00,1.248337074789967716e+02
8.142500000000540084e+00,5.872263396354793485e+02,3.018337402496947774e+01,2.603613120719261431e+00,0.000000000000000000e+00,1.252066719964831094e+02
8.145000000000539586e+00,5.873017833083716823e+02,3.015736998437703775e+01,2.601426989927305478e+00,0.000000000000000000e+00,1.255793267977578012e+02
8.147500000000539089e+00,5.873771619722612058e+02,3.013136787845032671e+01,2.599245067904218942e+00,0.000000000000000000e+00,1.259516731145154154e+02
8.150000000000538591e+00,5.874524756319843846e+02,3.010536770675737017e+01,2.597067138882406923e+00,0.000000000000000000e+00,1.263237121794875009e+02
8.152500000000538094e+00,5.875277242923765471e+02,3.007936946898792741e+01,2.594893187164047710e+00,0.000000000000000000e+00,1.266954452023464199e+02
8.155000000000537597e+00,5.876029079582724535e+02,3.005337316495818811e+01,2.592723281941191171e+00,0.000000000000000000e+00,1.270668733958837748e+02
8.157500000000537099e+00,5.876780266345062955e+02,3.002737879460838144e+01,2.590557100904521626e+00,0.000000000000000000e+00,1.274379979481678049e+02
8.160000000000536602e+00,5.877530803259123786e+02,3.000138635800020381e+01,2.588394769372030169e+00,0.000000000000000000e+00,1.278088200320350296e+02
8.162500000000536104e+00,5.878280690373250081e+02,2.997539585531541206e+01,2.586236204387071247e+00,0.000000000000000000e+00,1.281793408284551674e+02
8.165000000000535607e+00,5.879029927735791716e+02,2.994940728685690701e+01,2.584081244728721583e+00,0.000000000000000000e+00,1.285495615178641913e+02
8.167500000000535110e+00,5.879778515395107661e+02,2.992342065305514609e+01,2.581929928676371944e+00,0.000000000000000000e+00,1.289194832220740068e+02
8.170000000000534612e+00,5.880526453399565980e+02,2.989743595445823132e+01,2.579782027175741899e+00,0.000000000000000000e+00,1.292891070875382695e+02
8.172500000000534115e+00,5.881273741797549519e+02,2.987145319173395919e+01,2.577637623465217853e+00,0.000000000000000000e+00,1.296584342365580085e+02
8.175000000000533618e+00,5.882020380637460448e+02,2.984547236566653439e+01,2.575496733258404891e+00,0.000000000000000000e+00,1.300274657876658182e+02
8.177500000000533120e+00,5.882766369967720266e+02,2.981949347715745091e+01,2.573359206013799305e+00,0.000000000000000000e+00,1.303962028535709976e+02
8.180000000000532623e+00,5.883511709836772070e+02,2.979351652722228749e+01,2.571224866836288037e+00,0.000000000000000000e+00,1.307646465317342290e+02
8.182500000000532125e+00,5.884256400293087381e+02,2.976754151699689288e+01,2.569093836299553235e+00,0.000000000000000000e+00,1.311327978933051668e+02
8.185000000000531628e+00,5.885000441385166141e+02,2.974156844773107977e+01,2.566966007216968659e+00,0.000000000000000000e+00,1.315006580284806148e+02
8.187500000000531131e+00,5.885743833161538987e+02,2.971559732078545579e+01,2.564841218129074729e+00,0.000000000000000000e+00,1.318682279907158659e+02
8.190000000000530633e+00,5.886486575670771799e+02,2.968962813763671704e+01,2.562719524633067181e+00,0.000000000000000000e+00,1.322355088345048841e+02
8.192500000000530136e+00,5.887228668961467974e+02,2.966366089987739940e+01,2.560600697381212765e+00,0.000000000000000000e+00,1.326025016094658611e+02
8.195000000000529639e+00,5.887970113082271837e+02,2.963769560921062762e+01,2.558484896617719606e+00,0.000000000000000000e+00,1.329692073261055327e+02
8.197500000000529141e+00,5.888710908081870912e+02,2.961173226745108522e+01,2.556372114783048488e+00,0.000000000000000000e+00,1.333356270068968001e+02
8.200000000000528644e+00,5.889451054008999336e+02,2.958577087652178150e+01,2.554262136472439160e+00,0.000000000000000000e+00,1.337017616832069962e+02
8.202500000000528146e+00,5.890190550912437857e+02,2.955981143844759274e+01,2.552154932492909367e+00,0.000000000000000000e+00,1.340676123427975028e+02
8.205000000000527649e+00,5.890929398841019520e+02,2.953385395536678359e+01,2.550050551717262692e+00,0.000000000000000000e+00,1.344331799860784145e+02
8.207500000000527152e+00,5.891667597843631938e+02,2.950789842952937292e+01,2.547948821791926388e+00,0.000000000000000000e+00,1.347984655887969438e+02
8.210000000000526654e+00,5.892405147969219570e+02,2.948194486329016684e+01,2.545849728055416428e+00,0.000000000000000000e+00,1.351634701161400471e+02
8.212500000000526157e+00,5.893142049266785989e+02,2.945599325910120214e+01,2.543753243523960705e+00,0.000000000000000000e+00,1.355281945284976644e+02
8.215000000000525660e+00,5.893878301785396161e+02,2.943004361951814474e+01,2.541659288441293185e+00,0.000000000000000000e+00,1.358926397629927578e+02
8.217500000000525162e+00,5.894613905574180990e+02,2.940409594719753272e+01,2.539567753942236550e+00,0.000000000000000000e+00,1.362568067686256370e+02
8.220000000000524665e+00,5.895348860682336181e+02,2.937815024489744076e+01,2.537478702270826059e+00,0.000000000000000000e+00,1.366206964488123958e+02
8.222500000000524167e+00,5.896083167159129061e+02,2.935220651547518500e+01,2.535391992340005007e+00,0.000000000000000000e+00,1.369843097284098121e+02
8.225000000000523670e+00,5.896816825053897446e+02,2.932626476188358566e+01,2.533307637669659940e+00,0.000000000000000000e+00,1.373476475057249218e+02
8.227500000000523173e+00,5.897549834416054182e+02,2.930032498717093858e+01,2.531225670843028741e+00,0.000000000000000000e+00,1.377107106727159191e+02
8.230000000000522675e+00,5.898282195295088286e+02,2.927438719447756199e+01,2.529145903268005036e+00,0.000000000000000000e+00,1.380735001136860092e+02
8.232500000000522178e+00,5.899013907740569493e+02,2.924845138703787129e+01,2.527068362601525120e+00,0.000000000000000000e+00,1.384360167099170553e+02
8.235000000000521680e+00,5.899744971802145983e+02,2.922251756817577828e+01,2.524992998050643589e+00,0.000000000000000000e+00,1.387982613146829749e+02
8.237500000000521183e+00,5.900475387529552336e+02,2.919658574130681927e+01,2.522919742037800894e+00,0.000000000000000000e+00,1.391602347649424019e+02
8.240000000000520686e+00,5.901205154972608398e+02,2.917065590992776691e+01,2.520848622070680278e+00,0.000000000000000000e+00,1.395219379066660963e+02
8.242500000000520188e+00,5.901934274181220417e+02,2.914472807761774575e+01,2.518779478850344145e+00,0.000000000000000000e+00,1.398833715724273077e+02
8.245000000000519691e+00,5.902662745205386727e+02,2.911880224804151140e+01,2.516712332054114043e+00,0.000000000000000000e+00,1.402445365708301210e+02
8.247500000000519194e+00,5.903390568095195476e+02,2.909287842494279275e+01,2.514647090679397401e+00,0.000000000000000000e+00,1.406054337126552980e+02
8.250000000000518696e+00,5.904117742900831445e+02,2.906695661215164961e+01,2.512583786206166625e+00,0.000000000000000000e+00,1.409660637847940450e+02
8.252500000000518199e+00,5.904844269672572636e+02,2.904103681357748101e+01,2.510522400823345990e+00,0.000000000000000000e+00,1.413264275862005377e+02
8.255000000000517701e+00,5.905570148460798237e+02,2.901511903320639618e+01,2.508462820661785830e+00,0.000000000000000000e+00,1.416865258897198885e+02
8.257500000000517204e+00,5.906295379315985201e+02,2.898920327510014161e+01,2.506404988999032746e+00,0.000000000000000000e+00,1.420463594595742336e+02
8.260000000000516707e+00,5.907019962288713941e+02,2.896328954339329798e+01,2.504348982849094796e+00,0.000000000000000000e+00,1.424059290443238126e+02
8.262500000000516209e+00,5.907743897429667186e+02,2.893737784229689680e+01,2.502294645196732059e+00,0.000000000000000000e+00,1.427652353900998037e+02
8.265000000000515712e+00,5.908467184789634530e+02,2.891146817608706598e+01,2.500242112737175226e+00,0.000000000000000000e+00,1.431242792271741848e+02
8.267500000000515215e+00,5.909189824419512433e+02,2.888556054910636206e+01,2.498191218111936340e+00,0.000000000000000000e+00,1.434830612932069300e+02
8.270000000000514717e+00,5.909911816370307633e+02,2.885965496576824663e+01,2.496141937515779841e+00,0.000000000000000000e+00,1.438415822971669513e+02
8.272500000000514220e+00,5.910633160693134869e+02,2.883375143054848166e+01,2.494094230759824171e+00,0.000000000000000000e+00,1.441998429343599355e+02
8.275000000000513722e+00,5.911353857439222566e+02,2.880784994798357346e+01,2.492048140622022956e+00,0.000000000000000000e+00,1.445578439053226134e+02
8.277500000000513225e+00,5.912073906659913973e+02,2.878195052267627219e+01,2.490003458998625518e+00,0.000000000000000000e+00,1.449155859005820730e+02
8.280000000000512728e+00,5.912793308406666029e+02,2.875605315928959271e+01,2.487960342059548413e+00,0.000000000000000000e+00,1.452730695779137875e+02
8.282500000000512230e+00,5.913512062731053902e+02,2.873015786254387294e+01,2.485918616054738184e+00,0.000000000000000000e+00,1.456302956026879087e+02
8.285000000000511733e+00,5.914230169684769862e+02,2.870426463721394228e+01,2.483878324259984449e+00,0.000000000000000000e+00,1.459872646201277746e+02
8.287500000000511235e+00,5.914947629319626685e+02,2.867837348812657794e+01,2.481839439928779978e+00,0.000000000000000000e+00,1.463439772771538969e+02
8.290000000000510738e+00,5.915664441687557655e+02,2.865248442016247310e+01,2.479801938629268676e+00,0.000000000000000000e+00,1.467004342075234149e+02
8.292500000000510241e+00,5.916380606840618839e+02,2.862659743825205894e+01,2.477765756895225824e+00,0.000000000000000000e+00,1.470566360176266869e+02
8.295000000000509743e+00,5.917096124830990220e+02,2.860071254737469104e+01,2.475730863077999278e+00,0.000000000000000000e+00,1.474125833341236671e+02
8.297500000000509246e+00,5.917810995710974566e+02,2.857482975255392077e+01,2.473697269042435032e+00,0.000000000000000000e+00,1.477682767334552523e+02
8.300000000000508749e+00,5.918525219533003110e+02,2.854894905885910106e+01,2.471664905869471962e+00,0.000000000000000000e+00,1.481237168253229584e+02
8.302500000000508251e+00,5.919238796349632139e+02,2.852307047140036644e+01,2.469633884677518765e+00,0.000000000000000000e+00,1.484789041880908371e+02
8.305000000000507754e+00,5.919951726213546408e+02,2.849719399533115194e+01,2.467603955378708580e+00,0.000000000000000000e+00,1.488338394052148317e+02
8.307500000000507256e+00,5.920664009177560274e+02,2.847131963584581271e+01,2.465575167026062164e+00,0.000000000000000000e+00,1.491885230161701088e+02
8.310000000000506759e+00,5.921375645294617698e+02,2.844544739817479595e+01,2.463547454782097468e+00,0.000000000000000000e+00,1.495429555739318346e+02
8.312500000000506262e+00,5.922086634617793379e+02,2.841957728758447743e+01,2.461521026224488207e+00,0.000000000000000000e+00,1.498971376052134588e+02
8.315000000000505764e+00,5.922796977200295032e+02,2.839370930937604598e+01,2.459495583133514796e+00,0.000000000000000000e+00,1.502510696613699679e+02
8.317500000000505267e+00,5.923506673095461110e+02,2.836784346887628061e+01,2.457471224900527496e+00,0.000000000000000000e+00,1.506047522428609966e+02
8.320000000000504770e+00,5.924215722356765355e+02,2.834197977144495439e+01,2.455447932394403399e+00,0.000000000000000000e+00,1.509581858762465458e+02
8.322500000000504272e+00,5.924924125037814520e+02,2.831611822246988552e+01,2.453425599156962900e+00,0.000000000000000000e+00,1.513113710636658595e+02
8.325000000000503775e+00,5.925631881192351784e+02,2.829025882737260744e+01,2.451404328067378735e+00,0.000000000000000000e+00,1.516643082751440090e+02
8.327500000000503277e+00,5.926338990874253341e+02,2.826440159159336218e+01,2.449384051681831931e+00,0.000000000000000000e+00,1.520169980075758360e+02
8.330000000000502780e+00,5.927045454137532943e+02,2.823854652059371872e+01,2.447364702266326297e+00,0.000000000000000000e+00,1.523694407276904315e+02
8.332500000000502283e+00,5.927751271036341905e+02,2.821269361986027135e+01,2.445346252294333667e+00,0.000000000000000000e+00,1.527216368983605150e+02
8.335000000000501785e+00,5.928456441624967965e+02,2.818684289489665673e+01,2.443328768799389206e+00,0.000000000000000000e+00,1.530735869662940445e+02
8.337500000000501288e+00,5.929160965957836424e+02,2.816099435122816885e+01,2.441312172607281283e+00,0.000000000000000000e+00,1.534252913754803558e+02
8.340000000000500791e+00,5.929864844089510143e+02,2.813514799439304426e+01,2.439296414015387438e+00,0.000000000000000000e+00,1.537767505655465641e+02
8.342500000000500293e+00,5.930568076074691817e+02,2.810930382994441246e+01,2.437281420577849023e+00,0.000000000000000000e+00,1.541279649503503038e+02
8.345000000000499796e+00,5.931270661968222839e+02,2.808346186344992645e+01,2.435267317667765941e+00,0.000000000000000000e+00,1.544789349291669964e+02
8.347500000000499298e+00,5.931972601825083302e+02,2.805762210048767002e+01,2.433254072855774108e+00,0.000000000000000000e+00,1.548296609181096812e+02
8.350000000000498801e+00,5.932673895700393132e+02,2.803178454664140062e+01,2.431241647778547232e+00,0.000000000000000000e+00,1.551801433119712783e+02
8.352500000000498304e+00,5.933374543649412090e+02,2.800594920750537398e+01,2.429229959865448762e+00,0.000000000000000000e+00,1.555303824868592812e+02
8.355000000000497806e+00,5.934074545727538634e+02,2.798011608867848565e+01,2.427218969558214923e+00,0.000000000000000000e+00,1.558803788298743029e+02
8.357500000000497309e+00,5.934773901990313334e+02,2.795428519576374171e+01,2.425208785979704018e+00,0.000000000000000000e+00,1.562301326972871891e+02
8.360000000000496811e+00,5.935472612493414317e+02,2.792845653437005993e+01,2.423199231013465571e+00,0.000000000000000000e+00,1.565796444354441803e+02
8.362500000000496314e+00,5.936170677292662958e+02,2.790263011009925620e+01,2.421190356076913464e+00,0.000000000000000000e+00,1.569289143982819894e+02
8.365000000000495817e+00,5.936868096444018192e+02,2.787680592855675954e+01,2.419182188409407797e+00,0.000000000000000000e+00,1.572779429197400418e+02
8.367500000000495319e+00,5.937564870003578790e+02,2.785098399534841818e+01,2.417174721448490882e+00,0.000000000000000000e+00,1.576267303300444098e+02
8.370000000000494822e+00,5.938260998027586766e+02,2.782516431607817253e+01,2.415167851256732501e+00,0.000000000000000000e+00,1.579752769467579299e+02
8.372500000000494325e+00,5.938956480572420560e+02,2.779934689634558609e+01,2.413161651349871040e+00,0.000000000000000000e+00,1.583235830740252652e+02
8.375000000000493827e+00,5.939651317694601858e+02,2.777353174174271544e+01,2.411156076999823927e+00,0.000000000000000000e+00,1.586716490241655890e+02
8.377500000000493330e+00,5.940345509450789905e+02,2.774771885785519387e+01,2.409151151407592284e+00,0.000000000000000000e+00,1.590194750794133256e+02
8.380000000000492832e+00,5.941039055897783783e+02,2.772190825025811023e+01,2.407146748219114230e+00,0.000000000000000000e+00,1.593670615292473371e+02
8.382500000000492335e+00,5.941731957092522407e+02,2.769609992451582059e+01,2.405142992939733215e+00,0.000000000000000000e+00,1.597144086354740864e+02
8.385000000000491838e+00,5.942424213092083392e+02,2.767029388618139762e+01,2.403139735632477514e+00,0.000000000000000000e+00,1.600615166722531342e+02
8.387500000000491340e+00,5.943115823953683048e+02,2.764449014079145783e+01,2.401137034554531535e+00,0.000000000000000000e+00,1.604083858796283550e+02
8.390000000000490843e+00,5.943806789734676386e+02,2.761868869386781711e+01,2.399134926927349643e+00,0.000000000000000000e+00,1.607550165128672290e+02
8.392500000000490346e+00,5.944497110492557113e+02,2.759288955091414053e+01,2.397133280361328556e+00,0.000000000000000000e+00,1.611014088048819417e+02
8.395000000000489848e+00,5.945186786284954223e+02,2.756709271741582512e+01,2.395132148268829031e+00,0.000000000000000000e+00,1.614475629802091419e+02
8.397500000000489351e+00,5.945875817169635411e+02,2.754129819883475605e+01,2.393131538608063824e+00,0.000000000000000000e+00,1.617934792530755317e+02
8.400000000000488853e+00,5.946564203204504793e+02,2.751550600061199958e+01,2.391131440716143697e+00,0.000000000000000000e+00,1.621391578415861261e+02
8.402500000000488356e+00,5.947251944447601772e+02,2.748971612816793808e+01,2.389131841550363067e+00,0.000000000000000000e+00,1.624845989454784103e+02
8.405000000000487859e+00,5.947939040957102179e+02,2.746392858689898020e+01,2.387132590588806114e+00,0.000000000000000000e+00,1.628298027683912039e+02
8.407500000000487361e+00,5.948625492791314855e+02,2.743814338217764259e+01,2.385133857826115200e+00,0.000000000000000000e+00,1.631747694764873984e+02
8.410000000000486864e+00,5.949311300008683929e+02,2.741236051935232254e+01,2.383135638133111023e+00,0.000000000000000000e+00,1.635194992608292068e+02
8.412500000000486367e+00,5.949996462667787682e+02,2.738658000374284285e+01,2.381137667668419056e+00,0.000000000000000000e+00,1.638639922848628885e+02
8.415000000000485869e+00,5.950680980827335134e+02,2.736080184064167398e+01,2.379140200310528197e+00,0.000000000000000000e+00,1.642082486855730110e+02
8.417500000000485372e+00,5.951364854546170591e+02,2.733502603530508068e+01,2.377143202730342963e+00,0.000000000000000000e+00,1.645522686302869886e+02
8.420000000000484874e+00,5.952048083883266827e+02,2.730925259295748475e+01,2.375146575123788573e+00,0.000000000000000000e+00,1.648960522538596649e+02
8.422500000000484377e+00,5.952730668897727355e+02,2.728348151879134065e+01,2.373150350060616809e+00,0.000000000000000000e+00,1.652395996959253353e+02
8.425000000000483880e+00,5.953412609648786429e+02,2.725771281796319911e+01,2.371154506816112395e+00,0.000000000000000000e+00,1.655829110898256147e+02
8.427500000000483382e+00,5.954093906195806767e+02,2.723194649560085523e+01,2.369159038905191750e+00,0.000000000000000000e+00,1.659259865391225048e+02
8.430000000000482885e+00,5.954774558598278418e+02,2.720618255679412556e+01,2.367163989856466255e+00,0.000000000000000000e+00,1.662688261648550281e+02
8.432500000000482387e+00,5.955454566915819896e+02,2.718042100659440763e+01,2.365169309108443141e+00,0.000000000000000000e+00,1.666114300654380145e+02
8.435000000000481890e+00,5.956133931208173635e+02,2.715466185001826105e+01,2.363175101742026385e+00,0.000000000000000000e+00,1.669537983358275142e+02
8.437500000000481393e+00,5.956812651535209397e+02,2.712890509204088474e+01,2.361181173504952380e+00,0.000000000000000000e+00,1.672959310680848262e+02
8.440000000000480895e+00,5.957490727956919727e+02,2.710315073759576165e+01,2.359187563891163020e+00,0.000000000000000000e+00,1.676378283322127629e+02
8.442500000000480398e+00,5.958168160533421087e+02,2.707739879157322704e+01,2.357194295381992877e+00,0.000000000000000000e+00,1.679794901908793179e+02
8.445000000000479901e+00,5.958844949324950448e+02,2.705164925881824445e+01,2.355201257946864857e+00,0.000000000000000000e+00,1.683209167123644647e+02
8.447500000000479403e+00,5.959521094391867564e+02,2.702590214413476488e+01,2.353208695505901726e+00,0.000000000000000000e+00,1.686621079432827344e+02
8.450000000000478906e+00,5.960196595794651557e+02,2.700015745228239084e+01,2.351216254965458941e+00,0.000000000000000000e+00,1.690030639432222017e+02
8.452500000000478408e+00,5.960871453593899787e+02,2.697441518797725735e+01,2.349224270842931617e+00,0.000000000000000000e+00,1.693437847360582111e+02
8.455000000000477911e+00,5.961545667850326709e+02,2.694867535588866403e+01,2.347232622861573859e+00,0.000000000000000000e+00,1.696842703580448415e+02
8.457500000000477414e+00,5.962219238624765012e+02,2.692293796063544775e+01,2.345241172468758961e+00,0.000000000000000000e+00,1.700245208352129112e+02
8.460000000000476916e+00,5.962892165978159937e+02,2.689720300678666831e+01,2.343250061226037406e+00,0.000000000000000000e+00,1.703645361737316080e+02
8.462500000000476419e+00,5.963564449971573822e+02,2.687147049886014116e+01,2.341259265060372741e+00,0.000000000000000000e+00,1.707043163825898091e+02
8.465000000000475922e+00,5.964236090666179280e+02,2.684574044132126858e+01,2.339268699781614558e+00,0.000000000000000000e+00,1.710438614706721125e+02
8.467500000000475424e+00,5.964907088123261474e+02,2.682001283858772211e+01,2.337278510077462457e+00,0.000000000000000000e+00,1.713831714341918371e+02
8.470000000000474927e+00,5.965577442404215844e+02,2.679428769502754548e+01,2.335288590844282197e+00,0.000000000000000000e+00,1.717222462588498502e+02
8.472500000000474429e+00,5.966247153570544697e+02,2.676856501495555563e+01,2.333298837663460912e+00,0.000000000000000000e+00,1.720610859247188955e+02
8.475000000000473932e+00,5.966916221683860613e+02,2.674284480263060715e+01,2.331309424049651025e+00,0.000000000000000000e+00,1.723996904019130341e+02
8.477500000000473435e+00,5.967584646805880766e+02,2.671712706225804013e+01,2.329320328181330169e+00,0.000000000000000000e+00,1.727380596607604843e+02
8.480000000000472937e+00,5.968252428998428059e+02,2.669141179798835495e+01,2.327331364482725817e+00,0.000000000000000000e+00,1.730761936585730609e+02
8.482500000000472440e+00,5.968919568323427711e+02,2.666569901391621045e+01,2.325342808081415580e+00,0.000000000000000000e+00,1.734140923400929069e+02
8.485000000000471942e+00,5.969586064842908399e+02,2.663998871407667934e+01,2.323354359896102395e+00,0.000000000000000000e+00,1.737517556579181530e+02
8.487500000000471445e+00,5.970251918618997706e+02,2.661428090244704237e+01,2.321366275468891072e+00,0.000000000000000000e+00,1.740891835473460389e+02
8.490000000000470948e+00,5.970917129713924396e+02,2.658857558295058965e+01,2.319378511654926367e+00,0.000000000000000000e+00,1.744263759492429244e+02
8.492500000000470450e+00,5.971581698190012730e+02,2.656287275945391002e+01,2.317390905815704727e+00,0.000000000000000000e+00,1.747633327879055969e+02
8.495000000000469953e+00,5.972245624109684741e+02,2.653717243576110718e+01,2.315403584225642408e+00,0.000000000000000000e+00,1.751000539761997459e+02
8.497500000000469456e+00,5.972908907535456819e+02,2.651147461561586027e+01,2.313416570736803735e+00,0.000000000000000000e+00,1.754365394308835278e+02
8.500000000000468958e+00,5.973571548529937445e+02,2.648577930270041492e+01,2.311429725812877756e+00,0.000000000000000000e+00,1.757727890488411049e+02
8.502500000000468461e+00,5.974233547155829456e+02,2.646008650063138035e+01,2.309443152469404570e+00,0.000000000000000000e+00,1.761088027368440123e+02
8.505000000000467963e+00,5.974894903475923229e+02,2.643439621296543152e+01,2.307456818230834816e+00,0.000000000000000000e+00,1.764445803860720048e+02
8.507500000000467466e+00,5.975555617553100092e+02,2.640870844319862698e+01,2.305470744855237619e+00,0.000000000000000000e+00,1.767801218849975271e+02
8.510000000000466969e+00,5.976215689450325499e+02,2.638302319476203905e+01,2.303484805578816630e+00,0.000000000000000000e+00,1.771154271165857494e+02
8.512500000000466471e+00,5.976875119230653581e+02,2.635734047102422295e+01,2.301499143883511067e+00,0.000000000000000000e+00,1.774504959543844507e+02
8.515000000000465974e+00,5.977533906957219187e+02,2.633166027529125230e+01,2.299513750238979526e+00,0.000000000000000000e+00,1.777853282595356745e+02
8.517500000000465477e+00,5.978192052693241294e+02,2.630598261080336897e+01,2.297528523123542055e+00,0.000000000000000000e+00,1.781199239036694451e+02
8.520000000000464979e+00,5.978849556502019595e+02,2.628030748073357259e+01,2.295543611026439557e+00,0.000000000000000000e+00,1.784542827360407671e+02
8.522500000000464482e+00,5.979506418446932230e+02,2.625463488819224978e+01,2.293558942961305025e+00,0.000000000000000000e+00,1.787884046176791912e+02
8.525000000000463984e+00,5.980162638591434643e+02,2.622896483622422537e+01,2.291574587555479159e+00,0.000000000000000000e+00,1.791222893924919219e+02
8.527500000000463487e+00,5.980818216999057313e+02,2.620329732780728094e+01,2.289590350819816766e+00,0.000000000000000000e+00,1.794559369000500624e+02
8.530000000000462990e+00,5.981473153733406889e+02,2.617763236585136610e+01,2.287606441655023026e+00,0.000000000000000000e+00,1.797893469762151142e+02
8.532500000000462492e+00,5.982127448858160506e+02,2.615196995319865891e+01,2.285622776968155634e+00,0.000000000000000000e+00,-1.798774805462396387e+02
8.535000000000461995e+00,5.982781102437065783e+02,2.612631009262581472e+01,2.283639326954865378e+00,0.000000000000000000e+00,-1.795445458464601245e+02
8.537500000000461498e+00,5.983434114533940829e+02,2.610065278684198731e+01,2.281656076161481028e+00,0.000000000000000000e+00,-1.792118490936829573e+02
8.540000000000461000e+00,5.984086485212670823e+02,2.607499803848942577e+01,2.279673125871837680e+00,0.000000000000000000e+00,-1.788793904760486555e+02
8.542500000000460503e+00,5.984738214537206886e+02,2.604934585014890658e+01,2.277690476257801855e+00,0.000000000000000000e+00,-1.785471701967266540e+02
8.545000000000460005e+00,5.985389302571562666e+02,2.602369622432938101e+01,2.275708084940001985e+00,0.000000000000000000e+00,-1.782151884416193752e+02
8.547500000000459508e+00,5.986039749379815476e+02,2.599804916346701233e+01,2.273725778132257958e+00,0.000000000000000000e+00,-1.778834454169140429e+02
8.550000000000459011e+00,5.986689555026101743e+02,2.597240466992755614e+01,2.271743821399591301e+00,0.000000000000000000e+00,-1.775519413295568825e+02
8.552500000000458513e+00,5.987338719574619290e+02,2.594676274600813315e+01,2.269762051660994651e+00,0.000000000000000000e+00,-1.772206763896228381e+02
8.555000000000458016e+00,5.987987243089620506e+02,2.592112339394027387e+01,2.267780600299412086e+00,0.000000000000000000e+00,-1.768896508156157097e+02
8.557500000000457518e+00,5.988635125635413488e+02,2.589548661588404244e+01,2.265799366694587480e+00,0.000000000000000000e+00,-1.765588648297798784e+02
8.560000000000457021e+00,5.989282367276362038e+02,2.586985241392699564e+01,2.263818448797979332e+00,0.000000000000000000e+00,-1.762283186635970367e+02
8.562500000000456524e+00,5.989928968076878846e+02,2.584422079008285422e+01,2.261837650317207071e+00,0.000000000000000000e+00,-1.758980125396229539e+02
8.565000000000456026e+00,5.990574928101428895e+02,2.581859174629465059e+01,2.259857182532657660e+00,0.000000000000000000e+00,-1.755679466982185772e+02
8.567500000000455529e+00,5.991220247414523783e+02,2.579296528443817849e+01,2.257877001987012022e+00,0.000000000000000000e+00,-1.752381213723052440e+02
8.570000000000455032e+00,5.991864926080721716e+02,2.576734140631995373e+01,2.255897081923227354e+00,0.000000000000000000e+00,-1.749085368080071419e+02
8.572500000000454534e+00,5.992508964164626377e+02,2.574172011367515722e+01,2.253917508147551541e+00,0.000000000000000000e+00,-1.745791932529802466e+02
8.575000000000454037e+00,5.993152361730884650e+02,2.571610140816791912e+01,2.251938177197652102e+00,0.000000000000000000e+00,-1.742500909527620649e+02
8.577500000000453539e+00,5.993795118844183207e+02,2.569048529138886749e+01,2.249959078988126304e+00,0.000000000000000000e+00,-1.739212301681019994e+02
8.580000000000453042e+00,5.994437235569249651e+02,2.566487176486111821e+01,2.247980183123256648e+00,0.000000000000000000e+00,-1.735926111571150727e+02
8.582500000000452545e+00,5.995078711970849099e+02,2.563926083003491740e+01,2.246001585821641555e+00,0.000000000000000000e+00,-1.732642341877199215e+02
8.585000000000452047e+00,5.995719548113781912e+02,2.561365248829130792e+01,2.244023332324697861e+00,0.000000000000000000e+00,-1.729360995235230405e+02
8.587500000000451550e+00,5.996359744062881418e+02,2.558804674094007936e+01,2.242045351853459323e+00,0.000000000000000000e+00,-1.726082074371027204e+02
8.590000000000451053e+00,5.996999299883016192e+02,2.556244358922025128e+01,2.240067658049659016e+00,0.000000000000000000e+00,-1.722805582100247079e+02
8.592500000000450555e+00,5.997638215639083228e+02,2.553684303429572466e+01,2.238090235333096256e+00,0.000000000000000000e+00,-1.719531521174294824e+02
8.595000000000450058e+00,5.998276491396007941e+02,2.551124507725874935e+01,2.236113159176060350e+00,0.000000000000000000e+00,-1.716259894442339657e+02
8.597500000000449560e+00,5.998914127218744170e+02,2.548564971913132027e+01,2.234136411373997877e+00,0.000000000000000000e+00,-1.712990704769106287e+02
8.600000000000449063e+00,5.999551123172270763e+02,2.546005696086306003e+01,2.232159847330586366e+00,0.000000000000000000e+00,-1.709723954994916539e+02
8.602500000000448566e+00,6.000187479321588171e+02,2.543446680333312315e+01,2.230183585911798438e+00,0.000000000000000000e+00,-1.706459648077125735e+02
8.605000000000448068e+00,6.000823195731720716e+02,2.540887924735104519e+01,2.228207682537214129e+00,0.000000000000000000e+00,-1.703197787042667812e+02
8.607500000000447571e+00,6.001458272467709776e+02,2.538329429365431267e+01,2.226232102198238305e+00,0.000000000000000000e+00,-1.699938374860527972e+02
8.610000000000447073e+00,6.002092709594618327e+02,2.535771194290715513e+01,2.224256795208041648e+00,0.000000000000000000e+00,-1.696681414490295481e+02
8.612500000000446576e+00,6.002726507177521853e+02,2.533213219570608388e+01,2.222281904713448775e+00,0.000000000000000000e+00,-1.693426909011024009e+02
8.615000000000446079e+00,6.003359665281512889e+02,2.530655505257869109e+01,2.220307171725781181e+00,0.000000000000000000e+00,-1.690174861540667166e+02
8.617500000000445581e+00,6.003992183971696477e+02,2.528098051397970991e+01,2.218332818494840986e+00,0.000000000000000000e+00,-1.686925275205145738e+02
8.620000000000445084e+00,6.004624063313187889e+02,2.525540858029198077e+01,2.216358887194241678e+00,0.000000000000000000e+00,-1.683678153148444778e+02
8.622500000000444587e+00,6.005255303371111495e+02,2.522983925183106990e+01,2.214385314075138389e+00,0.000000000000000000e+00,-1.680433498454874268e+02
8.625000000000444089e+00,6.005885904210599620e+02,2.520427252884241653e+01,2.212411977831900245e+00,0.000000000000000000e+00,-1.677191314414677095e+02
8.627500000000443592e+00,6.006515865896790274e+02,2.517870841149974837e+01,2.210439056324300378e+00,0.000000000000000000e+00,-1.673951604209978825e+02
8.630000000000443094e+00,6.007145188494824879e+02,2.515314689990594132e+01,2.208466487047856308e+00,0.000000000000000000e+00,-1.670714371127453148e+02
8.632500000000442597e+00,6.007773872069848267e+02,2.512758799409625610e+01,2.206494281835275295e+00,0.000000000000000000e+00,-1.667479618455631112e+02
8.635000000000442100e+00,6.008401916687004132e+02,2.510203169403338919e+01,2.204522382176279827e+00,0.000000000000000000e+00,-1.664247349529380529e+02
8.637500000000441602e+00,6.009029322411436169e+02,2.507647799960760793e+01,2.202550912231526770e+00,0.000000000000000000e+00,-1.661017567593478361e+02
8.640000000000441105e+00,6.009656089308284663e+02,2.505092691064160348e+01,2.200579846657626959e+00,0.000000000000000000e+00,-1.657790276045214171e+02
8.642500000000440608e+00,6.010282217442685351e+02,2.502537842689182312e+01,2.198609147923763718e+00,0.000000000000000000e+00,-1.654565478264060516e+02
8.645000000000440110e+00,6.010907706879766010e+02,2.499983254804149979e+01,2.196638732961733176e+00,0.000000000000000000e+00,-1.651343177591621725e+02
8.647500000000439613e+00,6.011532557684647600e+02,2.497428927370614460e+01,2.194668770245396416e+00,0.000000000000000000e+00,-1.648123377448032727e+02
8.650000000000439115e+00,6.012156769922439707e+02,2.494874860343655243e+01,2.192699125355554113e+00,0.000000000000000000e+00,-1.644906081245059966e+02
8.652500000000438618e+00,6.012780343658241691e+02,2.492321053671609832e+01,2.190729858285236364e+00,0.000000000000000000e+00,-1.641691292476488115e+02
8.655000000000438121e+00,6.013403278957139264e+02,2.489767507296084403e+01,2.188761023082662405e+00,0.000000000000000000e+00,-1.638479014577856958e+02
8.657500000000437623e+00,6.014025575884203363e+02,2.487214221151899096e+01,2.186792592025303517e+00,0.000000000000000000e+00,-1.635269251047229488e+02
8.660000000000437126e+00,6.014647234504486732e+02,2.484661195167130288e+01,2.184824653221122848e+00,0.000000000000000000e+00,-1.632062005392318724e+02
8.662500000000436629e+00,6.015268254883026202e+02,2.482108429263117344e+01,2.182857025987319677e+00,0.000000000000000000e+00,-1.628857281145464526e+02
8.665000000000436131e+00,6.015888637084837001e+02,2.479555923354187286e+01,2.180889928459278870e+00,0.000000000000000000e+00,-1.625655081811257787e+02
8.667500000000435634e+00,6.016508381174911619e+02,2.477003677348258037e+01,2.178923213003707282e+00,0.000000000000000000e+00,-1.622455410908197848e+02
8.670000000000435136e+00,6.017127487218222086e+02,2.474451691146863652e+01,2.176956961732976925e+00,0.000000000000000000e+00,-1.619258271998557177e+02
8.672500000000434639e+00,6.017745955279713144e+02,2.471899964645106351e+01,2.174991082618273008e+00,0.000000000000000000e+00,-1.616063668676333123e+02
8.675000000000434142e+00,6.018363785424302250e+02,2.469348497731448333e+01,2.173025723503918094e+00,0.000000000000000000e+00,-1.612871604539463135e+02
8.677500000000433644e+00,6.018980977716881853e+02,2.466797290287921385e+01,2.171060825064714983e+00,0.000000000000000000e+00,-1.609682083192185758e+02
8.680000000000433147e+00,6.019597532222311429e+02,2.464246342189732886e+01,2.169096258133508925e+00,0.000000000000000000e+00,-1.606495108227710773e+02
8.682500000000432649e+00,6.020213449005419761e+02,2.461695653305731923e+01,2.167132214172692084e+00,0.000000000000000000e+00,-1.603310683298911954e+02
8.685000000000432152e+00,6.020828728131003800e+02,2.459145223498417820e+01,2.165168622672865695e+00,0.000000000000000000e+00,-1.600128812036479076e+02
8.687500000000431655e+00,6.021443369663824114e+02,2.456595052623882935e+01,2.163205585725203495e+00,0.000000000000000000e+00,-1.596949498045776750e+02
8.690000000000431157e+00,6.022057373668604896e+02,2.454045140531986391e+01,2.161242939447766798e+00,0.000000000000000000e+00,-1.593772744979055744e+02
8.692500000000430660e+00,6.022670740210033955e+02,2.451495487066497603e+01,2.159280856454099506e+00,0.000000000000000000e+00,-1.590598556505881334e+02
8.695000000000430163e+00,6.023283469352758175e+02,2.448946092064687718e+01,2.157319208562272550e+00,0.000000000000000000e+00,-1.587426936303065759e+02
8.697500000000429665e+00,6.023895561161384649e+02,2.446396955357602820e+01,2.155358073799452878e+00,0.000000000000000000e+00,-1.584257887994776297e+02
8.700000000000429168e+00,6.024507015700477268e+02,2.443848076770211009e+01,2.153397319934339471e+00,0.000000000000000000e+00,-1.581091415288709641e+02
8.702500000000428670e+00,6.025117833034555588e+02,2.441299456121636879e+01,2.151437147391691340e+00,0.000000000000000000e+00,-1.577927521873655223e+02
8.705000000000428173e+00,6.025728013228093687e+02,2.438751093224681554e+01,2.149477524982031706e+00,0.000000000000000000e+00,-1.574766211421759863e+02
8.707500000000427676e+00,6.026337556345519033e+02,2.436202987886288085e+01,2.147518384583752660e+00,0.000000000000000000e+00,-1.571607487626560555e+02
8.710000000000427178e+00,6.026946462451209072e+02,2.433655139907320830e+01,2.145559743663560504e+00,0.000000000000000000e+00,-1.568451354196857324e+02
8.712500000000426681e+00,6.027554731609493501e+02,2.431107549082630825e+01,2.143601748429603493e+00,0.000000000000000000e+00,-1.565297814811798105e+02
8.715000000000426184e+00,6.028162363884648585e+02,2.428560215201130745e+01,2.141644244966490529e+00,0.000000000000000000e+00,-1.562146873146259907e+02
8.717500000000425686e+00,6.028769359340898291e+02,2.426013138046141648e+01,2.139687238751519782e+00,0.000000000000000000e+00,-1.558998532903289345e+02
8.720000000000425189e+00,6.029375718042410881e+02,2.423466317395130787e+01,2.137730767619141936e+00,0.000000000000000000e+00,-1.555852797814060864e+02
8.722500000000424691e+00,6.029981440053300048e+02,2.420919753019777332e+01,2.135774882305020661e+00,0.000000000000000000e+00,-1.552709671575367736e+02
8.725000000000424194e+00,6.030586525437621503e+02,2.418373444685958873e+01,2.133819472033843478e+00,0.000000000000000000e+00,-1.549569157889959570e+02
8.727500000000423697e+00,6.031190974259371842e+02,2.415827392153739339e+01,2.131864726171768254e+00,0.000000000000000000e+00,-1.546431260472364215e+02
8.730000000000423199e+00,6.031794786582488541e+02,2.413281595177618755e+01,2.129910565250697108e+00,0.000000000000000000e+00,-1.543295983016190007e+02
8.732500000000422702e+00,6.032397962470845414e+02,2.410736053506324694e+01,2.127956863822835665e+00,0.000000000000000000e+00,-1.540163329211903545e+02
8.735000000000422204e+00,6.033000501988254882e+02,2.408190766883009459e+01,2.126003779011555572e+00,0.000000000000000000e+00,-1.537033302746416439e+02
8.737500000000421707e+00,6.033602405198464567e+02,2.405645735045555966e+01,2.124051289736595738e+00,0.000000000000000000e+00,-1.533905907301918035e+02
8.740000000000421210e+00,6.034203672165155012e+02,2.403100957726528719e+01,2.122099301945663097e+00,0.000000000000000000e+00,-1.530781146576114224e+02
8.742500000000420712e+00,6.034804302951941963e+02,2.400556434653122651e+01,2.120148033544642097e+00,0.000000000000000000e+00,-1.527659024240016663e+02
8.745000000000420215e+00,6.035404297622369540e+02,2.398012165547200780e+01,2.118197309244718163e+00,0.000000000000000000e+00,-1.524539543970015814e+02
8.747500000000419718e+00,6.036003656239914790e+02,2.395468150125396889e+01,2.116247164002328596e+00,0.000000000000000000e+00,-1.521422709451010178e+02
8.750000000000419220e+00,6.036602378867981997e+02,2.392924388099018174e+01,2.114297727591950338e+00,0.000000000000000000e+00,-1.518308524352796667e+02
8.752500000000418723e+00,6.037200465569902690e+02,2.390380879174036366e+01,2.112348856634259420e+00,0.000000000000000000e+00,-1.515196992330205887e+02
8.755000000000418225e+00,6.037797916408936771e+02,2.387837623051116864e+01,2.110400648516679301e+00,0.000000000000000000e+00,-1.512088117019264359e+02
8.757500000000417728e+00,6.038394731448266839e+02,2.385294619426046836e+01,2.108452983012450765e+00,0.000000000000000000e+00,-1.508981902081491455e+02
8.760000000000417231e+00,6.038990910751000456e+02,2.382751867989627570e+01,2.106505958972463510e+00,0.000000000000000000e+00,-1.505878351146012619e+02
8.762500000000416733e+00,6.039586454380166742e+02,2.380209368427535566e+01,2.104559584949253548e+00,0.000000000000000000e+00,-1.502777467838708105e+02
8.765000000000416236e+00,6.040181362398716374e+02,2.377667120420568736e+01,2.102613945445088728e+00,0.000000000000000000e+00,-1.499679255771049782e+02
8.767500000000415739e+00,6.040775634869519308e+02,2.375125123644763292e+01,2.100668960035212418e+00,0.000000000000000000e+00,-1.496583718559614624e+02
8.770000000000415241e+00,6.041369271855365923e+02,2.372583377771185198e+01,2.098724610181040173e+00,0.000000000000000000e+00,-1.493490859793398045e+02
8.772500000000414744e+00,6.041962273418962468e+02,2.370041882465907079e+01,2.096780913989722883e+00,0.000000000000000000e+00,-1.490400683051553870e+02
8.775000000000414246e+00,6.042554639622931063e+02,2.367500637390607210e+01,2.094837928858618081e+00,0.000000000000000000e+00,-1.487313191911078718e+02
8.777500000000413749e+00,6.043146370529810838e+02,2.364959642202351020e+01,2.092895519614159205e+00,0.000000000000000000e+00,-1.484228389935271935e+02
8.780000000000413252e+00,6.043737466202054520e+02,2.362418896553457515e+01,2.090953877669098571e+00,0.000000000000000000e+00,-1.481146280691173445e+02
8.782500000000412754e+00,6.044327926702026161e+02,2.359878400091544748e+01,2.089012826459760053e+00,0.000000000000000000e+00,-1.478066867704672234e+02
8.785000000000412257e+00,6.044917752092002274e+02,2.357338152459566771e+01,2.087072504244700255e+00,0.000000000000000000e+00,-1.474990154496060200e+02
8.787500000000411760e+00,6.045506942434170696e+02,2.354798153296195906e+01,2.085132860657155085e+00,0.000000000000000000e+00,-1.471916144578997603e+02
8.790000000000411262e+00,6.046095497790627178e+02,2.352258402235749557e+01,2.083193938050856175e+00,0.000000000000000000e+00,-1.468844841443068390e+02
8.792500000000410765e+00,6.046683418223376520e+02,2.349718898908158948e+01,2.081255721473131093e+00,0.000000000000000000e+00,-1.465776248572522888e+02
8.795000000000410267e+00,6.047270703794331439e+02,2.347179642939161681e+01,2.079318233372611235e+00,0.000000000000000000e+00,-1.462710369429457273e+02
8.797500000000409770e+00,6.047857354565310288e+02,2.344640633950115571e+01,2.077381485805683159e+00,0.000000000000000000e+00,-1.459647207464342671e+02
8.800000000000409273e+00,6.048443370598035926e+02,2.342101871558292103e+01,2.075445435729356802e+00,0.000000000000000000e+00,-1.456586766114837701e+02
8.802500000000408775e+00,6.049028751954135714e+02,2.339563355376616371e+01,2.073510047679009372e+00,0.000000000000000000e+00,-1.453529048791502873e+02
8.805000000000408278e+00,6.049613498695140379e+02,2.337025085013992509e+01,2.071575451806313417e+00,0.000000000000000000e+00,-1.450474058895100598e+02
8.807500000000407780e+00,6.050197610882482877e+02,2.334487060075621656e+01,2.069641535699225265e+00,0.000000000000000000e+00,-1.447421799812372285e+02
8.810000000000407283e+00,6.050781088577496121e+02,2.331949280162539395e+01,2.067708452082033688e+00,0.000000000000000000e+00,-1.444372274905023801e+02
8.812500000000406786e+00,6.051363931841414114e+02,2.329411744871801559e+01,2.065776111815639027e+00,0.000000000000000000e+00,-1.441325487520586535e+02
8.815000000000406288e+00,6.051946140735369681e+02,2.326874453796740383e+01,2.063844544987119889e+00,0.000000000000000000e+00,-1.438281440987194912e+02
8.817500000000405791e+00,6.052527715320393327e+02,2.324337406526740679e+01,2.061913675954030190e+00,0.000000000000000000e+00,-1.435240138613461625e+02
8.820000000000405294e+00,6.053108655657412100e+02,2.321800602647343936e+01,2.059983658239065818e+00,0.000000000000000000e+00,-1.432201583689112852e+02
8.822500000000404796e+00,6.053688961807250735e+02,2.319264041740519744e+01,2.058054293092566933e+00,0.000000000000000000e+00,-1.429165779483062408e+02
8.825000000000404299e+00,6.054268633830629369e+02,2.316727723384510895e+01,2.056125831735641452e+00,0.000000000000000000e+00,-1.426132729245927067e+02
8.827500000000403801e+00,6.054847671788160142e+02,2.314191647154028431e+01,2.054198108464186490e+00,0.000000000000000000e+00,-1.423102436203348873e+02
8.830000000000403304e+00,6.055426075740351735e+02,2.311655812620191597e+01,2.052271215354529943e+00,0.000000000000000000e+00,-1.420074903565975148e+02
8.832500000000402807e+00,6.056003845747602554e+02,2.309120219350564440e+01,2.050345048850127583e+00,0.000000000000000000e+00,-1.417050134520071651e+02
8.835000000000402309e+00,6.056580981870205278e+02,2.306584866909401654e+01,2.048419715038509725e+00,0.000000000000000000e+00,-1.414028132228198444e+02
8.837500000000401812e+00,6.057157484168341171e+02,2.304049754857521037e+01,2.046495201831329602e+00,0.000000000000000000e+00,-1.411008899835796626e+02
8.840000000000401315e+00,6.057733352702082357e+02,2.301514882752435298e+01,2.044571462558797403e+00,0.000000000000000000e+00,-1.407992440466015580e+02
8.842500000000400817e+00,6.058308587531391822e+02,2.298980250148475690e+01,2.042648505070267184e+00,0.000000000000000000e+00,-1.404978757207781825e+02
8.845000000000400320e+00,6.058883188716117729e+02,2.296445856596674417e+01,2.040726399866650720e+00,0.000000000000000000e+00,-1.401967853143905813e+02
8.847500000000399822e+00,6.059457156315999100e+02,2.293911701644889689e+01,2.038805110718057367e+00,0.000000000000000000e+00,-1.398959731321137383e+02
8.850000000000399325e+00,6.060030490390658997e+02,2.291377784838002185e+01,2.036884730904263030e+00,0.000000000000000000e+00,-1.395954394767718441e+02
8.852500000000398828e+00,6.060603190999607932e+02,2.288844105717757316e+01,2.034965071946691406e+00,0.000000000000000000e+00,-1.392951846481786902e+02
8.855000000000398330e+00,6.061175258202242730e+02,2.286310663822787603e+01,2.033046260524208559e+00,0.000000000000000000e+00,-1.389952089445289687e+02
8.857500000000397833e+00,6.061746692057841983e+02,2.283777458688812700e+01,2.031128275586194576e+00,0.000000000000000000e+00,-1.386955126618294969e+02
8.860000000000397335e+00,6.062317492625570594e+02,2.281244489848845092e+01,2.029211168193834958e+00,0.000000000000000000e+00,-1.383960960925393806e+02
8.862500000000396838e+00,6.062887659964475233e+02,2.278711756833029867e+01,2.027294917487223458e+00,0.000000000000000000e+00,-1.380969595277000224e+02
8.865000000000396341e+00,6.063457194133484336e+02,2.276179259168706892e+01,2.025379591080173736e+00,0.000000000000000000e+00,-1.377981032551509486e+02
8.867500000000395843e+00,6.064026095191409240e+02,2.273646996380608343e+01,2.023465094991212965e+00,0.000000000000000000e+00,-1.374995275593677775e+02
8.870000000000395346e+00,6.064594363196943050e+02,2.271114967990646250e+01,2.021551432179979457e+00,0.000000000000000000e+00,-1.372012327240916250e+02
8.872500000000394849e+00,6.065161998208657224e+02,2.268583173518123886e+01,2.019638654393929311e+00,0.000000000000000000e+00,-1.369032190303110212e+02
8.875000000000394351e+00,6.065729000285003849e+02,2.266051612479987654e+01,2.017726743061105665e+00,0.000000000000000000e+00,-1.366054867551244172e+02
8.877500000000393854e+00,6.066295369484314506e+02,2.263520284390712689e+01,2.015815725787743151e+00,0.000000000000000000e+00,-1.363080361720631117e+02
8.880000000000393356e+00,6.066861105864797992e+02,2.260989188762182422e+01,2.013905630158391968e+00,0.000000000000000000e+00,-1.360108675551506394e+02
8.882500000000392859e+00,6.067426209484542596e+02,2.258458325103860886e+01,2.011996452651614753e+00,0.000000000000000000e+00,-1.357139811700507721e+02
8.885000000000392362e+00,6.067990680401512691e+02,2.255927692922845296e+01,2.010088115617409521e+00,0.000000000000000000e+00,-1.354173772857373024e+02
8.887500000000391864e+00,6.068554518673549865e+02,2.253397291723735307e+01,2.008180689689130105e+00,0.000000000000000000e+00,-1.351210561653134050e+02
8.890000000000391367e+00,6.069117724358370651e+02,2.250867121009103755e+01,2.006274182444419907e+00,0.000000000000000000e+00,-1.348250180710703887e+02
8.892500000000390870e+00,6.069680297513568803e+02,2.248337180279358449e+01,2.004368560296761359e+00,0.000000000000000000e+00,-1.345292632588796664e+02
8.895000000000390372e+00,6.070242238196611879e+02,2.245807469032761006e+01,2.002463830825276236e+00,0.000000000000000000e+00,-1.342337919870153655e+02
8.897500000000389875e+00,6.070803546464841247e+02,2.243277986765446030e+01,2.000559990845129033e+00,0.000000000000000000e+00,-1.339386045065521955e+02
8.900000000000389377e+00,6.071364222375474355e+02,2.240748732971664481e+01,1.998657154951196668e+00,0.000000000000000000e+00,-1.336437010655475319e+02
8.902500000000388880e+00,6.071924265985600186e+02,2.238219707143596793e+01,1.996755212894044229e+00,0.000000000000000000e+00,-1.333490819112194288e+02
8.905000000000388383e+00,6.072483677352181530e+02,2.235690908771355723e+01,1.994854224726968717e+00,0.000000000000000000e+00,-1.330547472879202360e+02
8.907500000000387885e+00,6.073042456532053848e+02,2.233162337343259196e+01,1.992954165909931019e+00,0.000000000000000000e+00,-1.327606974375224240e+02
8.910000000000387388e+00,6.073600603581922996e+02,2.230633992345920191e+01,1.991055084282685295e+00,0.000000000000000000e+00,-1.324669325968017972e+02
8.912500000000386891e+00,6.074158118558368642e+02,2.228105873264166448e+01,1.989156964912462078e+00,0.000000000000000000e+00,-1.321734529989766429e+02
8.915000000000386393e+00,6.074715001517839710e+02,2.225577979580970833e+01,1.987259738423011513e+00,0.000000000000000000e+00,-1.318802588779808787e+02
8.917500000000385896e+00,6.075271252516656659e+02,2.223050310777632887e+01,1.985363465410254102e+00,0.000000000000000000e+00,-1.315873504634317612e+02
8.920000000000385398e+00,6.075826871611010347e+02,2.220522866334011169e+01,1.983468152380301719e+00,0.000000000000000000e+00,-1.312947279825064868e+02
8.922500000000384901e+00,6.076381858856960889e+02,2.217995645728507270e+01,1.981573784937519678e+00,0.000000000000000000e+00,-1.310023916561428337e+02
8.925000000000384404e+00,6.076936214310438800e+02,2.215468648437949284e+01,1.979680400056137657e+00,0.000000000000000000e+00,-1.307103417055195109e+02
8.927500000000383906e+00,6.077489938027242715e+02,2.212941873937698034e+01,1.977788002865171091e+00,0.000000000000000000e+00,-1.304185783491308257e+02
8.930000000000383409e+00,6.078043030063039396e+02,2.210415321701792024e+01,1.975896497485557290e+00,0.000000000000000000e+00,-1.301271017996110970e+02
8.932500000000382911e+00,6.078595490473365999e+02,2.207888991202963069e+01,1.974006046560765393e+00,0.000000000000000000e+00,-1.298359122660141622e+02
8.935000000000382414e+00,6.079147319313627804e+02,2.205362881912536466e+01,1.972116589927887409e+00,0.000000000000000000e+00,-1.295450099558294994e+02
8.937500000000381917e+00,6.079698516639095942e+02,2.202836993300498847e+01,1.970228111583059771e+00,0.000000000000000000e+00,-1.292543950765058298e+02
8.940000000000381419e+00,6.080249082504909666e+02,2.200311324835717386e+01,1.968340563273937471e+00,0.000000000000000000e+00,-1.289640678258515152e+02
8.942500000000380922e+00,6.080799016966075214e+02,2.197785875985885085e+01,1.966453991883895691e+00,0.000000000000000000e+00,-1.286740284032577222e+02
8.945000000000380425e+00,6.081348320077466951e+02,2.195260646217504430e+01,1.964568464651069046e+00,0.000000000000000000e+00,-1.283842770038386050e+02
8.947500000000379927e+00,6.081896991893825088e+02,2.192735634996106242e+01,1.962683917380328102e+00,0.000000000000000000e+00,-1.280948138179834075e+02
8.950000000000379430e+00,6.082445032469755688e+02,2.190210841786121776e+01,1.960800446722835266e+00,0.000000000000000000e+00,-1.278056390328657841e+02
8.952500000000378932e+00,6.082992441859731798e+02,2.187686266050941342e+01,1.958917876678027747e+00,0.000000000000000000e+00,-1.275167528323156603e+02
8.955000000000378435e+00,6.083539220118091180e+02,2.185161907252922830e+01,1.957036332284503244e+00,0.000000000000000000e+00,-1.272281554045809884e+02
8.957500000000377938e+00,6.084085367299037443e+02,2.182637764853718565e+01,1.955155843871590360e+00,0.000000000000000000e+00,-1.269398469290805451e+02
8.960000000000377440e+00,6.084630883456640049e+02,2.180113838314311181e+01,1.953276364879953153e+00,0.000000000000000000e+00,-1.266518275825186777e+02
8.962500000000376943e+00,6.085175768644833170e+02,2.177590127094981298e+01,1.951397809753342205e+00,0.000000000000000000e+00,-1.263640975350939897e+02
8.965000000000376446e+00,6.085720022917416827e+02,2.175066630655191346e+01,1.949520283741114746e+00,0.000000000000000000e+00,-1.260766569560166488e+02
8.967500000000375948e+00,6.086263646328054620e+02,2.172543348453659462e+01,1.947643840366817480e+00,0.000000000000000000e+00,-1.257895060120865338e+02
8.970000000000375451e+00,6.086806638930275994e+02,2.170020279948452213e+01,1.945768381759109378e+00,0.000000000000000000e+00,-1.255026448637797216e+02
8.972500000000374953e+00,6.087349000777473975e+02,2.167497424597009470e+01,1.943893979851634590e+00,0.000000000000000000e+00,-1.252160736728047539e+02
8.975000000000374456e+00,6.087890731922906298e+02,2.164974781856183839e+01,1.942020624059030087e+00,0.000000000000000000e+00,-1.249297925971552559e+02
8.977500000000373959e+00,6.088431832419694274e+02,2.162452351182411547e+01,1.940148231479356333e+00,0.000000000000000000e+00,-1.246438017900383812e+02
8.980000000000373461e+00,6.088972302320823928e+02,2.159930132031744421e+01,1.938276918812298799e+00,0.000000000000000000e+00,-1.243581013996763858e+02
8.982500000000372964e+00,6.089512141679145998e+02,2.157408123859714877e+01,1.936406666383011732e+00,0.000000000000000000e+00,-1.240726915762273279e+02
8.985000000000372467e+00,6.090051350547373659e+02,2.154886326121549445e+01,1.934537490545529481e+00,0.000000000000000000e+00,-1.237875724615713864e+02
8.987500000000371969e+00,6.090589928978084799e+02,2.152364738272205358e+01,1.932669319914307460e+00,0.000000000000000000e+00,-1.235027441955803624e+02
8.990000000000371472e+00,6.091127877023720885e+02,2.149843359766267881e+01,1.930802140274298306e+00,0.000000000000000000e+00,-1.232182069154478086e+02
8.992500000000370974e+00,6.091665194736585818e+02,2.147322190058081048e+01,1.928936034486745665e+00,0.000000000000000000e+00,-1.229339607553002338e+02
8.995000000000370477e+00,6.092201882168849352e+02,2.144801228601808063e+01,1.927071013757994722e+00,0.000000000000000000e+00,-1.226500058442209422e+02
8.997500000000369980e+00,6.092737939372542542e+02,2.142280474851443373e+01,1.925207055333401973e+00,0.000000000000000000e+00,-1.223663423101284167e+02
9.000000000000369482e+00,6.093273366399562292e+02,2.139759928260832922e+01,1.923344124387993848e+00,0.000000000000000000e+00,-1.220829702772912952e+02
9.002500000000368985e+00,6.093808163301666809e+02,2.137239588283789615e+01,1.921482248375915969e+00,0.000000000000000000e+00,-1.217998898685328726e+02
9.005000000000368487e+00,6.094342330130477876e+02,2.134719454374130976e+01,1.919621475227603735e+00,0.000000000000000000e+00,-1.215171011990281755e+02
9.007500000000367990e+00,6.094875866937481987e+02,2.132199525985718225e+01,1.917761681768285209e+00,0.000000000000000000e+00,-1.212346043784273633e+02
9.010000000000367493e+00,6.095408773774028077e+02,2.129679802572276159e+01,1.915903016308635021e+00,0.000000000000000000e+00,-1.209523995238987055e+02
9.012500000000366995e+00,6.095941050691329792e+02,2.127160283587699041e+01,1.914045392572139681e+00,0.000000000000000000e+00,-1.206704867357247082e+02
9.015000000000366498e+00,6.096472697740463218e+02,2.124640968485952541e+01,1.912188765424884140e+00,0.000000000000000000e+00,-1.203888661233459203e+02
9.017500000000366001e+00,6.097003714972366879e+02,2.122121856721151545e+01,1.910333253285111610e+00,0.000000000000000000e+00,-1.201075377889935965e+02
9.020000000000365503e+00,6.097534102437845149e+02,2.119602947747754129e+01,1.908478798034059620e+00,0.000000000000000000e+00,-1.198265018288136758e+02
9.022500000000365006e+00,6.098063860187564842e+02,2.117084241020447166e+01,1.906625424955046944e+00,0.000000000000000000e+00,-1.195457583392282004e+02
9.025000000000364508e+00,6.098592988272057482e+02,2.114565735994189666e+01,1.904773132783976086e+00,0.000000000000000000e+00,-1.192653074092816610e+02
9.027500000000364011e+00,6.099121486741715898e+02,2.112047432124281698e+01,1.902921898580218096e+00,0.000000000000000000e+00,-1.189851491302754738e+02
9.030000000000363514e+00,6.099649355646798767e+02,2.109529328866385001e+01,1.901071757635548254e+00,0.000000000000000000e+00,-1.187052835840424194e+02
9.032500000000363016e+00,6.100176595037429479e+02,2.107011425676569871e+01,1.899222782431802647e+00,0.000000000000000000e+00,-1.184257108532418528e+02
9.035000000000362519e+00,6.100703204963592725e+02,2.104493722011341461e+01,1.897374774691240384e+00,0.000000000000000000e+00,-1.181464310144524319e+02
9.037500000000362022e+00,6.101229185475139047e+02,2.101976217327633378e+01,1.895527899860305787e+00,0.000000000000000000e+00,-1.178674441443474876e+02
9.040000000000361524e+00,6.101754536621783700e+02,2.099458911082917112e+01,1.893682086957268806e+00,0.000000000000000000e+00,-1.175887503158349432e+02
9.042500000000361027e+00,6.102279258453105513e+02,2.096941802735218019e+01,1.891837325461992680e+00,0.000000000000000000e+00,-1.173103496001414499e+02
9.045000000000360529e+00,6.102803351018548028e+02,2.094424891743236117e+01,1.889993660870023406e+00,0.000000000000000000e+00,-1.170322420620389892e+02
9.047500000000360032e+00,6.103326814367419502e+02,2.091908177566307003e+01,1.888151093689356630e+00,0.000000000000000000e+00,-1.167544277589518913e+02
9.050000000000359535e+00,6.103849648548892901e+02,2.089391659664316236e+01,1.886309660109703135e+00,0.000000000000000000e+00,-1.164769067553861817e+02
9.052500000000359037e+00,6.104371853612007044e+02,2.086875337497835048e+01,1.884469297637506369e+00,0.000000000000000000e+00,-1.161996791023389761e+02
9.055000000000358540e+00,6.104893429605664323e+02,2.084359210528209161e+01,1.882630064888613619e+00,0.000000000000000000e+00,-1.159227448553295972e+02
9.057500000000358042e+00,6.105414376578634119e+02,2.081843278217504078e+01,1.880791876808715513e+00,0.000000000000000000e+00,-1.156461040614127853e+02
9.060000000000357545e+00,6.105934694579550523e+02,2.079327540028580401e+01,1.878954762318414629e+00,0.000000000000000000e+00,-1.153697567711484879e+02
9.062500000000357048e+00,6.106454383656913478e+02,2.076811995425143564e+01,1.877118730276226444e+00,0.000000000000000000e+00,-1.150937030219504322e+02
9.065000000000356550e+00,6.106973443859088775e+02,2.074296643871738866e+01,1.875283821225774972e+00,0.000000000000000000e+00,-1.148179428560706867e+02
9.067500000000356053e+00,6.107491875234309191e+02,2.071781484833723397e+01,1.873449946856242221e+00,0.000000000000000000e+00,-1.145424763126482333e+02
9.070000000000355556e+00,6.108009677830672217e+02,2.069266517777424852e+01,1.871617238846065900e+00,0.000000000000000000e+00,-1.142673034209336009e+02
9.072500000000355058e+00,6.108526851696144604e+02,2.066751742170113815e+01,1.869785571505898858e+00,0.000000000000000000e+00,-1.139924242153414440e+02
9.075000000000354561e+00,6.109043396878556678e+02,2.064237157480019036e+01,1.867954994653384881e+00,0.000000000000000000e+00,-1.137178387251858425e+02
9.077500000000354063e+00,6.109559313425609162e+02,2.061722763176462436e+01,1.866125536888041836e+00,0.000000000000000000e+00,-1.134435469740179627e+02
9.080000000000353566e+00,6.110074601384867492e+02,2.059208558729815408e+01,1.864297151780355488e+00,0.000000000000000000e+00,-1.131695489801500969e+02
9.082500000000353069e+00,6.110589260803767502e+02,2.056694543611518355e+01,1.862469916198706166e+00,0.000000000000000000e+00,-1.128958447665018809e+02
9.085000000000352571e+00,6.111103291729609737e+02,2.054180717294053693e+01,1.860643720278611468e+00,0.000000000000000000e+00,-1.126224343431125732e+02
9.087500000000352074e+00,6.111616694209565139e+02,2.051667079251093639e+01,1.858818626042648914e+00,0.000000000000000000e+00,-1.123493177205342164e+02
9.090000000000351577e+00,6.112129468290672776e+02,2.049153628957364148e+01,1.856994632533416567e+00,0.000000000000000000e+00,-1.120764949090724372e+02
9.092500000000351079e+00,6.112641614019839835e+02,2.046640365888739765e+01,1.855171728223695471e+00,0.000000000000000000e+00,-1.118039659199513807e+02
9.095000000000350582e+00,6.113153131443843904e+02,2.044127289522421265e+01,1.853349914607170357e+00,0.000000000000000000e+00,-1.115317307505478510e+02
9.097500000000350084e+00,6.113664020609329555e+02,2.041614399336846830e+01,1.851529205392991484e+00,0.000000000000000000e+00,-1.112597894033058878e+02
9.100000000000349587e+00,6.114174281562812894e+02,2.039101694811668963e+01,1.849709602574506562e+00,0.000000000000000000e+00,-1.109881418751841551e+02
9.102500000000349090e+00,6.114683914350680425e+02,2.036589175427901210e+01,1.847891051799174678e+00,0.000000000000000000e+00,-1.107167881560799287e+02
9.105000000000348592e+00,6.115192919019186775e+02,2.034076840667800212e+01,1.846073613851228146e+00,0.000000000000000000e+00,-1.104457282422900164e+02
9.107500000000348095e+00,6.115701295614459241e+02,2.031564690014997865e+01,1.844257252587156559e+00,0.000000000000000000e+00,-1.101749621214810020e+02
9.110000000000347598e+00,6.116209044182495518e+02,2.029052722954547150e+01,1.842442026004625033e+00,0.000000000000000000e+00,-1.099044897766869013e+02
9.112500000000347100e+00,6.116716164769164834e+02,2.026540938972876660e+01,1.840627888518928668e+00,0.000000000000000000e+00,-1.096343111886272226e+02
9.115000000000346603e+00,6.117222657420207952e+02,2.024029337557802677e+01,1.838814829359302960e+00,0.000000000000000000e+00,-1.093644263374813050e+02
9.117500000000346105e+00,6.117728522181237167e+02,2.021517918198567898e+01,1.837002867820089147e+00,0.000000000000000000e+00,-1.090948351978917685e+02
9.120000000000345608e+00,6.118233759097737448e+02,2.019006680385902186e+01,1.835191987643801870e+00,0.000000000000000000e+00,-1.088255377441941789e+02
9.122500000000345111e+00,6.118738368215066430e+02,2.016495623612025412e+01,1.833382283447332783e+00,0.000000000000000000e+00,-1.085565339501973199e+02
9.125000000000344613e+00,6.119242349578455560e+02,2.013984747370692219e+01,1.831573602969403636e+00,0.000000000000000000e+00,-1.082878237776659063e+02
9.127500000000344116e+00,6.119745703233008953e+02,2.011474051157218312e+01,1.829766033708231987e+00,0.000000000000000000e+00,-1.080194071928829374e+02
9.130000000000343618e+00,6.120248429223704534e+02,2.008963534468427170e+01,1.827959580367722880e+00,0.000000000000000000e+00,-1.077512841552861858e+02
9.132500000000343121e+00,6.120750527595396306e+02,2.006453196802744188e+01,1.826154142403988656e+00,0.000000000000000000e+00,-1.074834546288820860e+02
9.135000000000342624e+00,6.121251998392810947e+02,2.003943037660178916e+01,1.824349913763575470e+00,0.000000000000000000e+00,-1.072159185669125350e+02
9.137500000000342126e+00,6.121752841660551212e+02,2.001433056542399669e+01,1.822546766279349528e+00,0.000000000000000000e+00,-1.069486759158829727e+02
9.140000000000341629e+00,6.122253057443094804e+02,1.998923252952662466e+01,1.820744721164223145e+00,0.000000000000000000e+00,-1.066817266261783885e+02
9.142500000000341132e+00,6.122752645784795504e+02,1.996413626395827734e+01,1.818943718497491924e+00,0.000000000000000000e+00,-1.064150706486231144e+02
9.145000000000340634e+00,6.123251606729883179e+02,1.993904176378489623e+01,1.817143786090288371e+00,0.000000000000000000e+00,-1.061487079304902750e+02
9.147500000000340137e+00,6.123749940322466045e+02,1.991394902408992351e+01,1.815345001311579720e+00,0.000000000000000000e+00,-1.058826384114456971e+02
9.150000000000339639e+00,6.124247646606527269e+02,1.988885803997411017e+01,1.813547285659812491e+00,0.000000000000000000e+00,-1.056168620259824849e+02
9.152500000000339142e+00,6.124744725625929505e+02,1.986376880655491917e+01,1.811750652612806656e+00,0.000000000000000000e+00,-1.053513787161604398e+02
9.155000000000338645e+00,6.125241177424411489e+02,1.983868131896759834e+01,1.809955160257396223e+00,0.000000000000000000e+00,-1.050861884147646634e+02
9.157500000000338147e+00,6.125737002045591453e+02,1.981359557236579150e+01,1.808160701215331567e+00,0.000000000000000000e+00,-1.048212910478352882e+02
9.160000000000337650e+00,6.126232199532968252e+02,1.978851156192067862e+01,1.806367361618987921e+00,0.000000000000000000e+00,-1.045566865464098498e+02
9.162500000000337153e+00,6.126726769929916827e+02,1.976342928282140221e+01,1.804575104491537019e+00,0.000000000000000000e+00,-1.042923748291885033e+02
9.165000000000336655e+00,6.127220713279693882e+02,1.973834873027458414e+01,1.802783912066895144e+00,0.000000000000000000e+00,-1.040283558237784547e+02
9.167500000000336158e+00,6.127714029625436751e+02,1.971326989950572184e+01,1.800993795976588929e+00,0.000000000000000000e+00,-1.037646294476067226e+02
9.170000000000335660e+00,6.128206719010162260e+02,1.968819278575851328e+01,1.799204827064273537e+00,0.000000000000000000e+00,-1.035011956191423224e+02
9.172500000000335163e+00,6.128698781476770137e+02,1.966311738429565281e+01,1.797416918986943779e+00,0.000000000000000000e+00,-1.032380542498162725e+02
9.175000000000334666e+00,6.129190217068039601e+02,1.963804369039877784e+01,1.795630126460408205e+00,0.000000000000000000e+00,-1.029752052540150373e+02
9.177500000000334168e+00,6.129681025826633913e+02,1.961297169936852569e+01,1.793844365837504284e+00,0.000000000000000000e+00,-1.027126485385358592e+02
9.180000000000333671e+00,6.130171207795096961e+02,1.958790140652495992e+01,1.792059697828661813e+00,0.000000000000000000e+00,-1.024503840145235642e+02
9.182500000000333173e+00,6.130660763015857810e+02,1.956283280720793272e+01,1.790276108896375451e+00,0.000000000000000000e+00,-1.021884115868074474e+02
9.185000000000332676e+00,6.131149691531228427e+02,1.953776589677670117e+01,1.788493587409991425e+00,0.000000000000000000e+00,-1.019267311599832198e+02
9.187500000000332179e+00,6.131637993383404819e+02,1.951270067061091140e+01,1.786712132491495408e+00,0.000000000000000000e+00,-1.016653426236063780e+02
9.190000000000331681e+00,6.132125668614467031e+02,1.948763712410909221e+01,1.784931718684072299e+00,0.000000000000000000e+00,-1.014042458808456928e+02
9.192500000000331184e+00,6.132612717266380287e+02,1.946257525268882560e+01,1.783152389215511890e+00,0.000000000000000000e+00,-1.011434408244416829e+02
9.195000000000330687e+00,6.133099139380996121e+02,1.943751505178839523e+01,1.781374115693082683e+00,0.000000000000000000e+00,-1.008829273492826815e+02
9.197500000000330189e+00,6.133584935000052383e+02,1.941245651686620732e+01,1.779596965608585490e+00,0.000000000000000000e+00,-1.006227053412569887e+02
9.200000000000329692e+00,6.134070104165172097e+02,1.938739964340105004e+01,1.777820869634257450e+00,0.000000000000000000e+00,-1.003627746858567065e+02
9.202500000000329194e+00,6.134554646917865739e+02,1.936234442689172042e+01,1.776045795313899722e+00,0.000000000000000000e+00,-1.001031352700893962e+02
9.205000000000328697e+00,6.135038563299532370e+02,1.933729086285780241e+01,1.774271782139107190e+00,0.000000000000000000e+00,-9.984378697654565826e+01
9.207500000000328200e+00,6.135521853351458503e+02,1.931223894683957099e+01,1.772498837301113017e+00,0.000000000000000000e+00,-9.958472968480566578e+01
9.210000000000327702e+00,6.136004517114820374e+02,1.928718867439758355e+01,1.770726968691969994e+00,0.000000000000000000e+00,-9.932596327300954897e+01
9.212500000000327205e+00,6.136486554630680530e+02,1.926214004111339406e+01,1.768956220887401454e+00,0.000000000000000000e+00,-9.906748761317646768e+01
9.215000000000326708e+00,6.136967965939993519e+02,1.923709304258973773e+01,1.767186446326431515e+00,0.000000000000000000e+00,-9.880930257382891568e+01
9.217500000000326210e+00,6.137448751083603611e+02,1.921204767444964290e+01,1.765417771424259374e+00,0.000000000000000000e+00,-9.855140802934415944e+01
9.220000000000325713e+00,6.137928910102245936e+02,1.918700393233728718e+01,1.763650110558793838e+00,0.000000000000000000e+00,-9.829380384483162914e+01
9.222500000000325215e+00,6.138408443036546487e+02,1.916196181191757475e+01,1.761883550513183794e+00,0.000000000000000000e+00,-9.803648988600961900e+01
9.225000000000324718e+00,6.138887349927023251e+02,1.913692130887674736e+01,1.760118042035845765e+00,0.000000000000000000e+00,-9.777946601566675611e+01
9.227500000000324221e+00,6.139365630814086217e+02,1.911188241892199358e+01,1.758353600697091457e+00,0.000000000000000000e+00,-9.752273209416397037e+01
9.230000000000323723e+00,6.139843285738037366e+02,1.908684513778215930e+01,1.756590174986922825e+00,0.000000000000000000e+00,-9.726628797940823290e+01
9.232500000000323226e+00,6.140320314739074092e+02,1.906180946120780817e+01,1.754827832401156806e+00,0.000000000000000000e+00,-9.701013352730882389e+01
9.235000000000322729e+00,6.140796717857285785e+02,1.903677538497089117e+01,1.753066511267552308e+00,0.000000000000000000e+00,-9.675426859446525896e+01
9.237500000000322231e+00,6.141272495132657241e+02,1.901174290486499885e+01,1.751306251427218186e+00,0.000000000000000000e+00,-9.649869302692157191e+01
9.240000000000321734e+00,6.141747646605067530e+02,1.898671201670521569e+01,1.749547025253940458e+00,0.000000000000000000e+00,-9.624340667926678350e+01
9.242500000000321236e+00,6.142222172314292266e+02,1.896168271632839009e+01,1.747788876533312052e+00,0.000000000000000000e+00,-9.598840940214022055e+01
9.245000000000320739e+00,6.142696072300002470e+02,1.893665499959361043e+01,1.746031780142985879e+00,0.000000000000000000e+00,-9.573370103515921414e+01
9.247500000000320242e+00,6.143169346601765710e+02,1.891162886238205942e+01,1.744275663614411886e+00,0.000000000000000000e+00,-9.547928141788590040e+01
9.250000000000319744e+00,6.143641995259047235e+02,1.888660430059612594e+01,1.742520619089965805e+00,0.000000000000000000e+00,-9.522515039579178620e+01
9.252500000000319247e+00,6.144114018311208838e+02,1.886158131016004802e+01,1.740766595221610702e+00,0.000000000000000000e+00,-9.497130780428322794e+01
9.255000000000318749e+00,6.144585415797511132e+02,1.883655988701990580e+01,1.739013632984952151e+00,0.000000000000000000e+00,-9.471775348095411573e+01
9.257500000000318252e+00,6.145056187757113548e+02,1.881154002714396611e+01,1.737261727000809941e+00,0.000000000000000000e+00,-9.446448725532761159e+01
9.260000000000317755e+00,6.145526334229075474e+02,1.878652172652204655e+01,1.735510779177083629e+00,0.000000000000000000e+00,-9.421150896220829907e+01
9.262500000000317257e+00,6.145995855252355113e+02,1.876150498116590981e+01,1.733760837630281104e+00,0.000000000000000000e+00,-9.395881843665509336e+01
9.265000000000316760e+00,6.146464750865812903e+02,1.873648978711012347e+01,1.732011913662771185e+00,0.000000000000000000e+00,-9.370641551265779867e+01
9.267500000000316263e+00,6.146933021108206958e+02,1.871147614041174023e+01,1.730264056296265895e+00,0.000000000000000000e+00,-9.345430001068780257e+01
9.270000000000315765e+00,6.147400666018199900e+02,1.868646403714959447e+01,1.728517193715780609e+00,0.000000000000000000e+00,-9.320247176062031258e+01
9.272500000000315268e+00,6.147867685634355439e+02,1.866145347342462202e+01,1.726771381794884430e+00,0.000000000000000000e+00,-9.295093058260842156e+01
9.275000000000314770e+00,6.148334079995140655e+02,1.863644444536081224e+01,1.725026558363111473e+00,0.000000000000000000e+00,-9.269967629277944354e+01
9.277500000000314273e+00,6.148799849138924856e+02,1.861143694910392554e+01,1.723282720674881086e+00,0.000000000000000000e+00,-9.244870871187896455e+01
9.280000000000313776e+00,6.149264993103980714e+02,1.858643098082155376e+01,1.721539941952175967e+00,0.000000000000000000e+00,-9.219802766265371474e+01
9.282500000000313278e+00,6.149729511928486545e+02,1.856142653670376319e+01,1.719798182037756806e+00,0.000000000000000000e+00,-9.194763295456112928e+01
9.285000000000312781e+00,6.150193405650524028e+02,1.853642361296333974e+01,1.718057445953307560e+00,0.000000000000000000e+00,-9.169752439763041707e+01
9.287500000000312284e+00,6.150656674308082756e+02,1.851142220583504638e+01,1.716317684736280436e+00,0.000000000000000000e+00,-9.144770180441275897e+01
9.290000000000311786e+00,6.151119317939055691e+02,1.848642231157576532e+01,1.714578966799754411e+00,0.000000000000000000e+00,-9.119816498699019292e+01
9.292500000000311289e+00,6.151581336581243704e+02,1.846142392646496333e+01,1.712841256822066560e+00,0.000000000000000000e+00,-9.094891374149581509e+01
9.295000000000310791e+00,6.152042730272354447e+02,1.843642704680410205e+01,1.711104484878907428e+00,0.000000000000000000e+00,-9.069994788010099285e+01
9.297500000000310294e+00,6.152503499050002347e+02,1.841143166891629335e+01,1.709368741246986234e+00,0.000000000000000000e+00,-9.045126720686405974e+01
9.300000000000309797e+00,6.152963642951712018e+02,1.838643778914747173e+01,1.707633977472079900e+00,0.000000000000000000e+00,-9.020287152514521267e+01
9.302500000000309299e+00,6.153423162014915988e+02,1.836144540386587920e+01,1.705900203984463959e+00,0.000000000000000000e+00,-8.995476063834590263e+01
9.305000000000308802e+00,6.153882056276955836e+02,1.833645450946251998e+01,1.704167474202116894e+00,0.000000000000000000e+00,-8.970693434191001359e+01
9.307500000000308304e+00,6.154340325775082192e+02,1.831146510235063474e+01,1.702435723870019180e+00,0.000000000000000000e+00,-8.945939242614994669e+01
9.310000000000307807e+00,6.154797970546458146e+02,1.828647717896530267e+01,1.700704893334556322e+00,0.000000000000000000e+00,-8.921213469004743502e+01
9.312500000000307310e+00,6.155254990628155838e+02,1.826149073576409876e+01,1.698975086843694138e+00,0.000000000000000000e+00,-8.896516093624998689e+01
9.315000000000306812e+00,6.155711386057161008e+02,1.823650576922720745e+01,1.697246287088612249e+00,0.000000000000000000e+00,-8.871847094262328426e+01
9.317500000000306315e+00,6.156167156870369581e+02,1.821152227585637817e+01,1.695518430832779533e+00,0.000000000000000000e+00,-8.847206450299559322e+01
9.320000000000305818e+00,6.156622303104591083e+02,1.818654025217567494e+01,1.693791525029695988e+00,0.000000000000000000e+00,-8.822594141036361748e+01
9.322500000000305320e+00,6.157076824796548635e+02,1.816155969473130938e+01,1.692065656750741942e+00,0.000000000000000000e+00,-8.798010144816228717e+01
9.325000000000304823e+00,6.157530721982877822e+02,1.813658060009129613e+01,1.690340751534692876e+00,0.000000000000000000e+00,-8.773454439979836650e+01
9.327500000000304325e+00,6.157983994700128960e+02,1.811160296484601417e+01,1.688616836173441271e+00,0.000000000000000000e+00,-8.748927004639422478e+01
9.330000000000303828e+00,6.158436642984769378e+02,1.808662678560783021e+01,1.686893842163400992e+00,0.000000000000000000e+00,-8.724427816761361498e+01
9.332500000000303331e+00,6.158888666873178863e+02,1.806165205901048054e+01,1.685171826393661476e+00,0.000000000000000000e+00,-8.699956855152341006e+01
9.335000000000302833e+00,6.159340066401654212e+02,1.803667878171014394e+01,1.683450784844852111e+00,0.000000000000000000e+00,-8.675514096785212814e+01
9.337500000000302336e+00,6.159790841606410368e+02,1.801170695038482350e+01,1.681730757983221913e+00,0.000000000000000000e+00,-8.651099520156378730e+01
9.340000000000301839e+00,6.160240992523577006e+02,1.798673656173453850e+01,1.680011663847883030e+00,0.000000000000000000e+00,-8.626713101759560232e+01
9.342500000000301341e+00,6.160690519189201950e+02,1.796176761248138121e+01,1.678293556556142763e+00,0.000000000000000000e+00,-8.602354819528684970e+01
9.345000000000300844e+00,6.161139421639252305e+02,1.793680009936894848e+01,1.676576380432612368e+00,0.000000000000000000e+00,-8.578024650825088315e+01
9.347500000000300346e+00,6.161587699909612184e+02,1.791183401916286400e+01,1.674860162456284662e+00,0.000000000000000000e+00,-8.553722572089182563e+01
9.350000000000299849e+00,6.162035354036087256e+02,1.788686936865002508e+01,1.673144871740015471e+00,0.000000000000000000e+00,-8.529448560517515432e+01
9.352500000000299352e+00,6.162482384054401336e+02,1.786190614463900772e+01,1.671430540502492512e+00,0.000000000000000000e+00,-8.505202593439223335e+01
9.355000000000298854e+00,6.162928790000198660e+02,1.783694434396058881e+01,1.669717147998491580e+00,0.000000000000000000e+00,-8.480984646969325524e+01
9.357500000000298357e+00,6.163374571909045017e+02,1.781198396346671231e+01,1.668004727916248653e+00,0.000000000000000000e+00,-8.456794698051288606e+01
9.360000000000297860e+00,6.163819729816426616e+02,1.778702500003088360e+01,1.666293264204610214e+00,0.000000000000000000e+00,-8.432632722954789983e+01
9.362500000000297362e+00,6.164264263757752360e+02,1.776206745054810554e+01,1.664582754197719616e+00,0.000000000000000000e+00,-8.408498696867917488e+01
9.365000000000296865e+00,6.164708173768353845e+02,1.773711131193421764e+01,1.662873167536098595e+00,0.000000000000000000e+00,-8.384392596398886610e+01
9.367500000000296367e+00,6.165151459883485359e+02,1.771215658112622648e+01,1.661164529181032190e+00,0.000000000000000000e+00,-8.360314397498058270e+01
9.370000000000295870e+00,6.165594122138325019e+02,1.768720325508297009e+01,1.659456863860988562e+00,0.000000000000000000e+00,-8.336264075781365079e+01
9.372500000000295373e+00,6.166036160567974775e+02,1.766225133078469511e+01,1.657750066034250347e+00,0.000000000000000000e+00,-8.312241607016774481e+01
9.375000000000294875e+00,6.166477575207460404e+02,1.763730080523271226e+01,1.656044211175238923e+00,0.000000000000000000e+00,-8.288246966851416175e+01
9.377500000000294378e+00,6.166918366091734924e+02,1.761235167544943536e+01,1.654339253515891173e+00,0.000000000000000000e+00,-8.264280131060080237e+01
9.380000000000293880e+00,6.167358533255674047e+02,1.758740393847814687e+01,1.652635248271556723e+00,0.000000000000000000e+00,-8.240341075052820941e+01
9.382500000000293383e+00,6.167798076734082997e+02,1.756245759138321105e+01,1.650932158015406825e+00,0.000000000000000000e+00,-8.216429773669638337e+01
9.385000000000292886e+00,6.168236996561690830e+02,1.753751263124991411e+01,1.649230013115766669e+00,0.000000000000000000e+00,-8.192546201664957550e+01
9.387500000000292388e+00,6.168675292773156116e+02,1.751256905518355822e+01,1.647528832732131354e+00,0.000000000000000000e+00,-8.168690333884325128e+01
9.390000000000291891e+00,6.169112965403063527e+02,1.748762686030972446e+01,1.645828557811386483e+00,0.000000000000000000e+00,-8.144862144616323008e+01
9.392500000000291394e+00,6.169550014485927250e+02,1.746268604377478439e+01,1.644129190116103700e+00,0.000000000000000000e+00,-8.121061608695903544e+01
9.395000000000290896e+00,6.169986440056188712e+02,1.743774660274584321e+01,1.642430737961237508e+00,0.000000000000000000e+00,-8.097288700400002881e+01
9.397500000000290399e+00,6.170422242148219993e+02,1.741280853441048748e+01,1.640733192382610950e+00,0.000000000000000000e+00,-8.073543394774408455e+01
9.400000000000289901e+00,6.170857420796322685e+02,1.738787183597640862e+01,1.639036566846260756e+00,0.000000000000000000e+00,-8.049825665813123976e+01
9.402500000000289404e+00,6.171291976034729032e+02,1.736293650467201388e+01,1.637340833325566347e+00,0.000000000000000000e+00,-8.026135487226092380e+01
9.405000000000288907e+00,6.171725907897600791e+02,1.733800253774544942e+01,1.635646008414382013e+00,0.000000000000000000e+00,-8.002472833557089871e+01
9.407500000000288409e+00,6.172159216419032646e+02,1.731306993246534276e+01,1.633952131900329618e+00,0.000000000000000000e+00,-7.978837678605543715e+01
9.410000000000287912e+00,6.172591901633049929e+02,1.728813868612044047e+01,1.632259150318427166e+00,0.000000000000000000e+00,-7.955229995871002302e+01
9.412500000000287415e+00,6.173023963573610899e+02,1.726320879601884783e+01,1.630567046011850874e+00,0.000000000000000000e+00,-7.931649759476604800e+01
9.415000000000286917e+00,6.173455402274605603e+02,1.723828025948849429e+01,1.628875885904781606e+00,0.000000000000000000e+00,-7.908096942601056867e+01
9.417500000000286420e+00,6.173886217769859286e+02,1.721335307387725777e+01,1.627185597489842594e+00,0.000000000000000000e+00,-7.884571518334804807e+01
9.420000000000285922e+00,6.174316410093128979e+02,1.718842723655246729e+01,1.625496207782726188e+00,0.000000000000000000e+00,-7.861073460631030230e+01
9.422500000000285425e+00,6.174745979278108052e+02,1.716350274490106287e+01,1.623807733099486006e+00,0.000000000000000000e+00,-7.837602742235787900e+01
9.425000000000284928e+00,6.175174925358422797e+02,1.713857959632969141e+01,1.622120135280410658e+00,0.000000000000000000e+00,-7.814159336846742576e+01
9.427500000000284430e+00,6.175603248367635842e+02,1.711365778826404949e+01,1.620433435381212206e+00,0.000000000000000000e+00,-7.790743216941169180e+01
9.430000000000283933e+00,6.176030948339245015e+02,1.708873731814916042e+01,1.618747570657661283e+00,0.000000000000000000e+00,-7.767354355193909043e+01
9.432500000000283435e+00,6.176458025306685613e+02,1.706381818344848256e+01,1.617062632625887897e+00,0.000000000000000000e+00,-7.743992725563970225e+01
9.435000000000282938e+00,6.176884479303326998e+02,1.703890038164469800e+01,1.615378579779097157e+00,0.000000000000000000e+00,-7.720658300161149157e+01
9.437500000000282441e+00,6.177310310362479413e+02,1.701398391023965573e+01,1.613695371421607794e+00,0.000000000000000000e+00,-7.697351051593913951e+01
9.440000000000281943e+00,6.177735518517387163e+02,1.698906876675438582e+01,1.612013103624120092e+00,0.000000000000000000e+00,-7.674070953280092056e+01
9.442500000000281446e+00,6.178160103801234300e+02,1.696415494872876906e+01,1.610331683477024933e+00,0.000000000000000000e+00,-7.650817976521305752e+01
9.445000000000280949e+00,6.178584066247144619e+02,1.693924245372129178e+01,1.608651117325214264e+00,0.000000000000000000e+00,-7.627592094147291846e+01
9.447500000000280451e+00,6.179007405888178255e+02,1.691433127930904590e+01,1.606971493356554648e+00,0.000000000000000000e+00,-7.604393278678072932e+01
9.450000000000279954e+00,6.179430122757337358e+02,1.688942142308726346e+01,1.605292718615983105e+00,0.000000000000000000e+00,-7.581221501673360308e+01
9.452500000000279456e+00,6.179852216887562690e+02,1.686451288266930248e+01,1.603614807832513200e+00,0.000000000000000000e+00,-7.558076734790564899e+01
9.455000000000278959e+00,6.180273688311737033e+02,1.683960565568632717e+01,1.601937780946699252e+00,0.000000000000000000e+00,-7.534958950872338335e+01
9.457500000000278462e+00,6.180694537062681775e+02,1.681469973978775911e+01,1.600261602777458103e+00,0.000000000000000000e+00,-7.511868121089536032e+01
9.460000000000277964e+00,6.181114763173160327e+02,1.678979513264094692e+01,1.598586305826209752e+00,0.000000000000000000e+00,-7.488804217573508026e+01
9.462500000000277467e+00,6.181534366675879255e+02,1.676489183193090327e+01,1.596911847173013488e+00,0.000000000000000000e+00,-7.465767212251343210e+01
9.465000000000276970e+00,6.181953347603486009e+02,1.673998983535983243e+01,1.595238266621961998e+00,0.000000000000000000e+00,-7.442757076737811417e+01
9.467500000000276472e+00,6.182371705988571193e+02,1.671508914064762763e+01,1.593565536161213103e+00,0.000000000000000000e+00,-7.419773782544241669e+01
9.470000000000275975e+00,6.182789441863668571e+02,1.669018974553206647e+01,1.591893683844109564e+00,0.000000000000000000e+00,-7.396817301066111838e+01
9.472500000000275477e+00,6.183206555261255062e+02,1.666529164776872562e+01,1.590222694941097581e+00,0.000000000000000000e+00,-7.373887603766296195e+01
9.475000000000274980e+00,6.183623046213751877e+02,1.664039484513014244e+01,1.588552565593088772e+00,0.000000000000000000e+00,-7.350984662062464281e+01
9.477500000000274483e+00,6.184038914753524523e+02,1.661549933540604229e+01,1.586883265825132838e+00,0.000000000000000000e+00,-7.328108446509001794e+01
9.480000000000273985e+00,6.184454160912882799e+02,1.659060511640269908e+01,1.585214813304372639e+00,0.000000000000000000e+00,-7.305258928682347630e+01
9.482500000000273488e+00,6.184868784724083071e+02,1.656571218594310579e+01,1.583547232654881842e+00,0.000000000000000000e+00,-7.282436080366188946e+01
9.485000000000272991e+00,6.185282786219325999e+02,1.654082054186745410e+01,1.581880521312734489e+00,0.000000000000000000e+00,-7.259639871872410311e+01
9.487500000000272493e+00,6.185696165430759947e+02,1.651593018203256946e+01,1.580214622331647112e+00,0.000000000000000000e+00,-7.236870273947879184e+01
9.490000000000271996e+00,6.186108922390477574e+02,1.649104110431161985e+01,1.578549584852818155e+00,0.000000000000000000e+00,-7.214127257911448510e+01
9.492500000000271498e+00,6.186521057130520376e+02,1.646615330659454557e+01,1.576885410374625929e+00,0.000000000000000000e+00,-7.191410794493619107e+01
9.495000000000271001e+00,6.186932569682877556e+02,1.644126678678793496e+01,1.575222048635864347e+00,0.000000000000000000e+00,-7.168720854053437108e+01
9.497500000000270504e+00,6.187343460079483748e+02,1.641638154281419659e+01,1.573559546091423123e+00,0.000000000000000000e+00,-7.146057408056620375e+01
9.500000000000270006e+00,6.187753728352223561e+02,1.639149757261172269e+01,1.571897886587072524e+00,0.000000000000000000e+00,-7.123420426221949242e+01
9.502500000000269509e+00,6.188163374532929311e+02,1.636661487413503835e+01,1.570237062588294652e+00,0.000000000000000000e+00,-7.100809879604491925e+01
9.505000000000269011e+00,6.188572398653382152e+02,1.634173344535425798e+01,1.568577096924889558e+00,0.000000000000000000e+00,-7.078225738200379169e+01
9.507500000000268514e+00,6.188980800745314355e+02,1.631685328425527004e+01,1.566917960859550929e+00,0.000000000000000000e+00,-7.055667972588446446e+01
9.510000000000268017e+00,6.189388580840405893e+02,1.629197438883917215e+01,1.565259658746341653e+00,0.000000000000000000e+00,-7.033136552946187692e+01
9.512500000000267519e+00,6.189795738970286720e+02,1.626709675712245229e+01,1.563602170435414607e+00,0.000000000000000000e+00,-7.010631449600332132e+01
9.515000000000267022e+00,6.190202275166539039e+02,1.624222038713677563e+01,1.561945542235324336e+00,0.000000000000000000e+00,-6.988152632791394581e+01
9.517500000000266525e+00,6.190608189460695030e+02,1.621734527692881755e+01,1.560289716801200655e+00,0.000000000000000000e+00,-6.965700072633056550e+01
9.520000000000266027e+00,6.191013481884237990e+02,1.619247142456057276e+01,1.558634747879533933e+00,0.000000000000000000e+00,-6.943273739666690858e+01
9.522500000000265530e+00,6.191418152468602329e+02,1.616759882810935878e+01,1.556980596476246870e+00,0.000000000000000000e+00,-6.920873603793771167e+01
9.525000000000265032e+00,6.191822201245175847e+02,1.614272748566744653e+01,1.555327311458010842e+00,0.000000000000000000e+00,-6.898499634664965185e+01
9.527500000000264535e+00,6.192225628245297457e+02,1.611785739534171569e+01,1.553674869591199492e+00,0.000000000000000000e+00,-6.876151801680694575e+01
9.530000000000264038e+00,6.192628433500260599e+02,1.609298855525322480e+01,1.552023234811609642e+00,0.000000000000000000e+00,-6.853830074896195867e+01
9.532500000000263540e+00,6.193030617041308687e+02,1.606812096353748132e+01,1.550372434344131189e+00,0.000000000000000000e+00,-6.831534423965140945e+01
9.535000000000263043e+00,6.193432178899641940e+02,1.604325461834406852e+01,1.548722439715608967e+00,0.000000000000000000e+00,-6.809264818623474014e+01
9.537500000000262546e+00,6.193833119106412823e+02,1.601838951783642173e+01,1.547073262975620089e+00,0.000000000000000000e+00,-6.787021229096518482e+01
9.540000000000262048e+00,6.194233437692727193e+02,1.599352566019194555e+01,1.545424864694362244e+00,0.000000000000000000e+00,-6.764803625042935664e+01
9.542500000000261551e+00,6.194633134689647704e+02,1.596866304360234423e+01,1.543777308171971896e+00,0.000000000000000000e+00,-6.742611976604287349e+01
9.545000000000261053e+00,6.195032210128189263e+02,1.594380166627349027e+01,1.542130576340367654e+00,0.000000000000000000e+00,-6.720446252988729441e+01
9.547500000000260556e+00,6.195430664039323574e+02,1.591894152642455573e+01,1.540484674245961250e+00,0.000000000000000000e+00,-6.698306423679737520e+01
9.550000000000260059e+00,6.195828496453978005e+02,1.589408262228830893e+01,1.538839596962194189e+00,0.000000000000000000e+00,-6.676192457784026146e+01
9.552500000000259561e+00,6.196225707403035585e+02,1.586922495211081774e+01,1.537195355649859652e+00,0.000000000000000000e+00,-6.654104325060050940e+01
9.555000000000259064e+00,6.196622296917335007e+02,1.584436851415154734e+01,1.535551911078951282e+00,0.000000000000000000e+00,-6.632041994757067016e+01
9.557500000000258567e+00,6.197018265027671760e+02,1.581951330668339750e+01,1.533909277674143867e+00,0.000000000000000000e+00,-6.610005435949834407e+01
9.560000000000258069e+00,6.197413611764798134e+02,1.579465932799193162e+01,1.532267452635191596e+00,0.000000000000000000e+00,-6.587994618703297078e+01
9.562500000000257572e+00,6.197808337159424354e+02,1.576980657637561123e+01,1.530626469953907165e+00,0.000000000000000000e+00,-6.566009511532575971e+01
9.565000000000257074e+00,6.198202441242217446e+02,1.574495505014562191e+01,1.528986279619576116e+00,0.000000000000000000e+00,-6.544050083849064947e+01
9.567500000000256577e+00,6.198595924043802370e+02,1.572010474762592125e+01,1.527346897475341692e+00,0.000000000000000000e+00,-6.522116305040471218e+01
9.570000000000256080e+00,6.198988785594762021e+02,1.569525566715286402e+01,1.525708296031265343e+00,0.000000000000000000e+00,-6.500208144381137743e+01
9.572500000000255582e+00,6.199381025925639506e+02,1.567040780707507786e+01,1.524070541948990831e+00,0.000000000000000000e+00,-6.478325571191945187e+01
9.575000000000255085e+00,6.199772645066933592e+02,1.564556116575306177e+01,1.522433557034426288e+00,0.000000000000000000e+00,-6.456468554100551671e+01
9.577500000000254587e+00,6.200163643049105531e+02,1.562071574155937626e+01,1.520797402491564032e+00,0.000000000000000000e+00,-6.434637062864904067e+01
9.580000000000254090e+00,6.200554019902573373e+02,1.559587153287874806e+01,1.519162063687125253e+00,0.000000000000000000e+00,-6.412831066131646196e+01
9.582500000000253593e+00,6.200943775657716515e+02,1.557102853810807908e+01,1.517527542358434456e+00,0.000000000000000000e+00,-6.391050533008100842e+01
9.585000000000253095e+00,6.201332910344873426e+02,1.554618675565581398e+01,1.515893818304987928e+00,0.000000000000000000e+00,-6.369295432180313554e+01
9.587500000000252598e+00,6.201721423994342786e+02,1.552134618394259924e+01,1.514260856432555258e+00,0.000000000000000000e+00,-6.347565732679451145e+01
9.590000000000252101e+00,6.202109316636383483e+02,1.549650682140019953e+01,1.512628749346921930e+00,0.000000000000000000e+00,-6.325861404111471131e+01
9.592500000000251603e+00,6.202496588301216889e+02,1.547166866647116734e+01,1.510997424530480915e+00,0.000000000000000000e+00,-6.304182414605701013e+01
9.595000000000251106e+00,6.202883239019024586e+02,1.544683171760965301e+01,1.509366893543774069e+00,0.000000000000000000e+00,-6.282528733625723305e+01
9.597500000000250608e+00,6.203269268819949502e+02,1.542199597328066396e+01,1.507737165253772771e+00,0.000000000000000000e+00,-6.260900329789186003e+01
9.600000000000250111e+00,6.203654677734095912e+02,1.539716143196033471e+01,1.506108230437328999e+00,0.000000000000000000e+00,-6.239297172136939906e+01
9.602500000000249614e+00,6.204039465791530574e+02,1.537232809213560358e+01,1.504480088655930192e+00,0.000000000000000000e+00,-6.217719229735006081e+01
9.605000000000249116e+00,6.204423633022281592e+02,1.534749595230379171e+01,1.502852789055887150e+00,0.000000000000000000e+00,-6.196166471474446524e+01
9.607500000000248619e+00,6.204807179456341828e+02,1.532266501097261724e+01,1.501226257602213288e+00,0.000000000000000000e+00,-6.174638865143051447e+01
9.610000000000248122e+00,6.205190105123664353e+02,1.529783526666041737e+01,1.499600480802197211e+00,0.000000000000000000e+00,-6.153136380644205161e+01
9.612500000000247624e+00,6.205572410054165857e+02,1.527300671789594055e+01,1.497975515294758031e+00,0.000000000000000000e+00,-6.131658986847580195e+01
9.615000000000247127e+00,6.205954094277727791e+02,1.524817936321769274e+01,1.496351347483093397e+00,0.000000000000000000e+00,-6.110206652529996774e+01
9.617500000000246629e+00,6.206335157824192947e+02,1.522335320117448987e+01,1.494728002482628604e+00,0.000000000000000000e+00,-6.088779346166131035e+01
9.620000000000246132e+00,6.206715600723370017e+02,1.519852823032545963e+01,1.493105413381908386e+00,0.000000000000000000e+00,-6.067377036686083613e+01
9.622500000000245635e+00,6.207095423005030170e+02,1.517370444923904849e+01,1.491483643186543029e+00,0.000000000000000000e+00,-6.045999692870636011e+01
9.625000000000245137e+00,6.207474624698909338e+02,1.514888185649317975e+01,1.489862666922608936e+00,0.000000000000000000e+00,-6.024647283283827903e+01
9.627500000000244640e+00,6.207853205834708206e+02,1.512406045067591798e+01,1.488242471728712157e+00,0.000000000000000000e+00,-6.003319776545411912e+01
9.630000000000244142e+00,6.208231166442092217e+02,1.509924023038511542e+01,1.486623075054835486e+00,0.000000000000000000e+00,-5.982017141689092199e+01
9.632500000000243645e+00,6.208608506550690436e+02,1.507442119422765714e+01,1.485004454756044812e+00,0.000000000000000000e+00,-5.960739347427526269e+01
9.635000000000243148e+00,6.208985226190100093e+02,1.504960334081907902e+01,1.483386630767185244e+00,0.000000000000000000e+00,-5.939486362703248545e+01
9.637500000000242650e+00,6.209361325389880903e+02,1.502478666878389824e+01,1.481769662891059935e+00,0.000000000000000000e+00,-5.918258155947805221e+01
9.640000000000242153e+00,6.209736804179559613e+02,1.499997117675552794e+01,1.480153476695040382e+00,0.000000000000000000e+00,-5.897054695039557970e+01
9.642500000000241656e+00,6.210111662588628860e+02,1.497515686337625773e+01,1.478538031873345648e+00,0.000000000000000000e+00,-5.875875949058642789e+01
9.645000000000241158e+00,6.210485900646547179e+02,1.495034372729730343e+01,1.476923378419757293e+00,0.000000000000000000e+00,-5.854721887371434974e+01
9.647500000000240661e+00,6.210859518382738997e+02,1.492553176717823327e+01,1.475309564990306965e+00,0.000000000000000000e+00,-5.833592478233404677e+01
9.650000000000240163e+00,6.211232515826595773e+02,1.490072098168734982e+01,1.473696496504721676e+00,0.000000000000000000e+00,-5.812487690160646991e+01
9.652500000000239666e+00,6.211604893007475994e+02,1.487591136950115001e+01,1.472084243268549697e+00,0.000000000000000000e+00,-5.791407492195442330e+01
9.655000000000239169e+00,6.211976649954705181e+02,1.485110292930468567e+01,1.470472762776470432e+00,0.000000000000000000e+00,-5.770351852376086299e+01
9.657500000000238671e+00,6.212347786697574747e+02,1.482629565979129183e+01,1.468862059801496533e+00,0.000000000000000000e+00,-5.749320740260987606e+01
9.660000000000238174e+00,6.212718303265345412e+02,1.480148955966186541e+01,1.467252125559577625e+00,0.000000000000000000e+00,-5.728314124688699138e+01
9.662500000000237677e+00,6.213088199687243787e+02,1.477668462762499324e+01,1.465643004609090472e+00,0.000000000000000000e+00,-5.707331974341199299e+01
9.665000000000237179e+00,6.213457475992464651e+02,1.475188086239714380e+01,1.464034656575601501e+00,0.000000000000000000e+00,-5.686374257863693771e+01
9.667500000000236682e+00,6.213826132210170954e+02,1.472707826270203135e+01,1.462427075139387522e+00,0.000000000000000000e+00,-5.665440944094176956e+01
9.670000000000236184e+00,6.214194168369493809e+02,1.470227682727120921e+01,1.460820331113545478e+00,0.000000000000000000e+00,-5.644532001918085484e+01
9.672500000000235687e+00,6.214561584499532501e+02,1.467747655484388325e+01,1.459214356263356827e+00,0.000000000000000000e+00,-5.623647399917620504e+01
9.675000000000235190e+00,6.214928380629355615e+02,1.465267744416637719e+01,1.457609171180526797e+00,0.000000000000000000e+00,-5.602787106801773831e+01
9.677500000000234692e+00,6.215294556787999909e+02,1.462787949399186793e+01,1.456004715521338255e+00,0.000000000000000000e+00,-5.581951091076591354e+01
9.680000000000234195e+00,6.215660113004470304e+02,1.460308270308104994e+01,1.454401071558976799e+00,0.000000000000000000e+00,-5.561139323061436812e+01
9.682500000000233698e+00,6.216025049307742165e+02,1.457828707020191672e+01,1.452798218221670767e+00,0.000000000000000000e+00,-5.540351770453980151e+01
9.685000000000233200e+00,6.216389365726757887e+02,1.455349259412919416e+01,1.451196131976200121e+00,0.000000000000000000e+00,-5.519588402456423637e+01
9.687500000000232703e+00,6.216753062290431444e+02,1.452869927364446490e+01,1.449594849805065477e+00,0.000000000000000000e+00,-5.498849188118428089e+01
9.690000000000232205e+00,6.217116139027646113e+02,1.450390710753565493e+01,1.447994332658625538e+00,0.000000000000000000e+00,-5.478134095932257708e+01
9.692500000000231708e+00,6.217478595967254478e+02,1.447911609459713667e+01,1.446394591592319534e+00,0.000000000000000000e+00,-5.457443095439987957e+01
9.695000000000231211e+00,6.217840433138078424e+02,1.445432623362938784e+01,1.444795654767000892e+00,0.000000000000000000e+00,-5.436776155289907564e+01
9.697500000000230713e+00,6.218201650568910281e+02,1.442953752343963991e+01,1.443197491165062463e+00,0.000000000000000000e+00,-5.416133244341516928e+01
9.700000000000230216e+00,6.218562248288512819e+02,1.440474996284113729e+01,1.441600074905688755e+00,0.000000000000000000e+00,-5.395514332300277260e+01
9.702500000000229718e+00,6.218922226325619249e+02,1.437996355065296505e+01,1.440003477449422364e+00,0.000000000000000000e+00,-5.374919387659633685e+01
9.705000000000229221e+00,6.219281584708933224e+02,1.435517828570049481e+01,1.438407624816943731e+00,0.000000000000000000e+00,-5.354348379402038915e+01
9.707500000000228724e+00,6.219640323467128837e+02,1.433039416681536871e+01,1.436812541044641955e+00,0.000000000000000000e+00,-5.333801277349079584e+01
9.710000000000228226e+00,6.219998442628851762e+02,1.430561119283451887e+01,1.435218244511894170e+00,0.000000000000000000e+00,-5.313278050694705712e+01
9.712500000000227729e+00,6.220355942222716976e+02,1.428082936260069502e+01,1.433624769229167706e+00,0.000000000000000000e+00,-5.292778667956988414e+01
9.715000000000227232e+00,6.220712822277312171e+02,1.425604867496232231e+01,1.432032030867576466e+00,0.000000000000000000e+00,-5.272303098443381941e+01
9.717500000000226734e+00,6.221069082821195479e+02,1.423126912877341788e+01,1.430440040525452705e+00,0.000000000000000000e+00,-5.251851311476074358e+01
9.720000000000226237e+00,6.221424723882896615e+02,1.420649072289371695e+01,1.428848908276509233e+00,0.000000000000000000e+00,-5.231423276483609186e+01
9.722500000000225739e+00,6.221779745490916866e+02,1.418171345618836021e+01,1.427258454955522060e+00,0.000000000000000000e+00,-5.211018962379751684e+01
9.725000000000225242e+00,6.222134147673730240e+02,1.415693732752725609e+01,1.425668846099326315e+00,0.000000000000000000e+00,-5.190638339098463661e+01
9.727500000000224745e+00,6.222487930459780046e+02,1.413216233578568293e+01,1.424079952000741667e+00,0.000000000000000000e+00,-5.170281375752021802e+01
9.730000000000224247e+00,6.222841093877483445e+02,1.410738847984399769e+01,1.422491877435130725e+00,0.000000000000000000e+00,-5.149948041961108203e+01
9.732500000000223750e+00,6.223193637955229178e+02,1.408261575858742631e+01,1.420904604442657426e+00,0.000000000000000000e+00,-5.129638306798462111e+01
9.735000000000223253e+00,6.223545562721377564e+02,1.405784417090644212e+01,1.419318105592519919e+00,0.000000000000000000e+00,-5.109352139803495874e+01
9.737500000000222755e+00,6.223896868204261636e+02,1.403307371569637141e+01,1.417732359197387604e+00,0.000000000000000000e+00,-5.089089509613200590e+01
9.740000000000222258e+00,6.224247554432188281e+02,1.400830439185707554e+01,1.416147424840813684e+00,0.000000000000000000e+00,-5.068850386999017132e+01
9.742500000000221760e+00,6.224597621433433687e+02,1.398353619829303973e+01,1.414563249659213096e+00,0.000000000000000000e+00,-5.048634740569120538e+01
9.745000000000221263e+00,6.224947069236250172e+02,1.395876913391329488e+01,1.412979830191201325e+00,0.000000000000000000e+00,-5.028442539786932741e+01
9.747500000000220766e+00,6.225295897868859356e+02,1.393400319763124351e+01,1.411397157298450722e+00,0.000000000000000000e+00,-5.008273755175033415e+01
9.750000000000220268e+00,6.225644107359458985e+02,1.390923838836470772e+01,1.409815298017592866e+00,0.000000000000000000e+00,-4.988128356523839813e+01
9.752500000000219771e+00,6.225991697736218384e+02,1.388447470503598602e+01,1.408234224832027204e+00,0.000000000000000000e+00,-4.968006313111629169e+01
9.755000000000219273e+00,6.226338669027278456e+02,1.385971214657148742e+01,1.406653923241876436e+00,0.000000000000000000e+00,-4.947907594368362538e+01
9.757500000000218776e+00,6.226685021260756230e+02,1.383495071190154846e+01,1.405074422140352164e+00,0.000000000000000000e+00,-4.927832170140267465e+01
9.760000000000218279e+00,6.227030754464739175e+02,1.381019039996072273e+01,1.403495673168394742e+00,0.000000000000000000e+00,-4.907780010111630276e+01
9.762500000000217781e+00,6.227375868667290888e+02,1.378543120968757485e+01,1.401917710422428076e+00,0.000000000000000000e+00,-4.887751083910845296e+01
9.765000000000217284e+00,6.227720363896446543e+02,1.376067314002443531e+01,1.400340477979807652e+00,0.000000000000000000e+00,-4.867745361951543970e+01
9.767500000000216787e+00,6.228064240180215165e+02,1.373591618991799734e+01,1.398764027233017515e+00,0.000000000000000000e+00,-4.847762814444381974e+01
9.770000000000216289e+00,6.228407497546579634e+02,1.371116035831872360e+01,1.397188384454496113e+00,0.000000000000000000e+00,-4.827803411580114812e+01
9.772500000000215792e+00,6.228750136023496680e+02,1.368640564418046246e+01,1.395613504974530183e+00,0.000000000000000000e+00,-4.807867122594914377e+01
9.775000000000215294e+00,6.229092155638896884e+02,1.366165204646073228e+01,1.394039391575799591e+00,0.000000000000000000e+00,-4.787953918136393128e+01
9.777500000000214797e+00,6.229433556420684681e+02,1.363689956412062010e+01,1.392466044784313128e+00,0.000000000000000000e+00,-4.768063767663598895e+01
9.780000000000214300e+00,6.229774338396739495e+02,1.361214819612494686e+01,1.390893480712787511e+00,0.000000000000000000e+00,-4.748196641831125220e+01
9.782500000000213802e+00,6.230114501594913463e+02,1.358739794144201340e+01,1.389321640272343394e+00,0.000000000000000000e+00,-4.728352511245713430e+01
9.785000000000213305e+00,6.230454046043032577e+02,1.356264879904338905e+01,1.387750657393702181e+00,0.000000000000000000e+00,-4.708531346284977559e+01
9.787500000000212808e+00,6.230792971768900088e+02,1.353790076790405550e+01,1.386180411571074966e+00,0.000000000000000000e+00,-4.688733116088256025e+01
9.790000000000212310e+00,6.231131278800289692e+02,1.351315384700224520e+01,1.384610947997665820e+00,0.000000000000000000e+00,-4.668957791675506286e+01
9.792500000000211813e+00,6.231468967164952346e+02,1.348840803531926724e+01,1.383042281905710214e+00,0.000000000000000000e+00,-4.649205343326011786e+01
9.795000000000211315e+00,6.231806036890612859e+02,1.346366333183977027e+01,1.381474375715555425e+00,0.000000000000000000e+00,-4.629475741125368415e+01
9.797500000000210818e+00,6.232142488004971028e+02,1.343891973555154706e+01,1.379907247946398741e+00,0.000000000000000000e+00,-4.609768955747081520e+01
9.800000000000210321e+00,6.232478320535700504e+02,1.341417724544532319e+01,1.378340898891940114e+00,0.000000000000000000e+00,-4.590084957569269619e+01
9.802500000000209823e+00,6.232813534510449927e+02,1.338943586051478540e+01,1.376775384949331382e+00,0.000000000000000000e+00,-4.570423717142381292e+01
9.805000000000209326e+00,6.233148129956842922e+02,1.336469557975671307e+01,1.375210581595891712e+00,0.000000000000000000e+00,-4.550785203874799123e+01
9.807500000000208829e+00,6.233482106902478108e+02,1.333995640217099776e+01,1.373646588034890703e+00,0.000000000000000000e+00,-4.531169389584376006e+01
9.810000000000208331e+00,6.233815465374930227e+02,1.331521832676050643e+01,1.372083377926800685e+00,0.000000000000000000e+00,-4.511576244748064113e+01
9.812500000000207834e+00,6.234148205401746736e+02,1.329048135253065155e+01,1.370520914635381615e+00,0.000000000000000000e+00,-4.492005739427460043e+01
9.815000000000207336e+00,6.234480327010451219e+02,1.326574547848962382e+01,1.368959243815038862e+00,0.000000000000000000e+00,-4.472457845318788827e+01
9.817500000000206839e+00,6.234811830228543386e+02,1.324101070364842236e+01,1.367398369529717161e+00,0.000000000000000000e+00,-4.452932532605026950e+01
9.820000000000206342e+00,6.235142715083497933e+02,1.321627702702054208e+01,1.365838240227110978e+00,0.000000000000000000e+00,-4.433429772021541027e+01
9.822500000000205844e+00,6.235472981602764548e+02,1.319154444762222056e+01,1.364278919700188997e+00,0.000000000000000000e+00,-4.413949534905751904e+01
9.825000000000205347e+00,6.235802629813767908e+02,1.316681296447257665e+01,1.362720399346027511e+00,0.000000000000000000e+00,-4.394491791538207792e+01
9.827500000000204849e+00,6.236131659743908813e+02,1.314208257659327472e+01,1.361162654079992818e+00,0.000000000000000000e+00,-4.375056512496704642e+01
9.830000000000204352e+00,6.236460071420564191e+02,1.311735328300878045e+01,1.359605691949441253e+00,0.000000000000000000e+00,-4.355643669152831876e+01
9.832500000000203855e+00,6.236787864871084821e+02,1.309262508274618320e+01,1.358049516065304996e+00,0.000000000000000000e+00,-4.336253232419046810e+01
9.835000000000203357e+00,6.237115040122798746e+02,1.306789797483464177e+01,1.356494145511813354e+00,0.000000000000000000e+00,-4.316885173089902850e+01
9.837500000000202860e+00,6.237441597203008996e+02,1.304317195830599019e+01,1.354939527369398489e+00,0.000000000000000000e+00,-4.297539461956326790e+01
9.840000000000202363e+00,6.237767536138994728e+02,1.301844703219444810e+01,1.353385730748949856e+00,0.000000000000000000e+00,-4.278216070607880539e+01
9.842500000000201865e+00,6.238092856958011225e+02,1.299372319553645205e+01,1.351832746645140082e+00,0.000000000000000000e+00,-4.258914969936611783e+01
9.845000000000201368e+00,6.238417559687288758e+02,1.296900044737077273e+01,1.350280527248007401e+00,0.000000000000000000e+00,-4.239636130339113862e+01
9.847500000000200870e+00,6.238741644354034861e+02,1.294427878673869792e+01,1.348729118754085521e+00,0.000000000000000000e+00,-4.220379523863303461e+01
9.850000000000200373e+00,6.239065110985432057e+02,1.291955821268365945e+01,1.347178500143834334e+00,0.000000000000000000e+00,-4.201145121279591166e+01
9.852500000000199876e+00,6.239387959608638994e+02,1.289483872425131139e+01,1.345628643378587341e+00,0.000000000000000000e+00,-4.181932893960702557e+01
9.855000000000199378e+00,6.239710190250790447e+02,1.287012032048964549e+01,1.344079582822388597e+00,0.000000000000000000e+00,-4.162742813397719743e+01
9.857500000000198881e+00,6.240031802938999590e+02,1.284540300044867500e+01,1.342531338687394715e+00,0.000000000000000000e+00,-4.143574850782088959e+01
9.860000000000198384e+00,6.240352797700352312e+02,1.282068676318071354e+01,1.340983878453625211e+00,0.000000000000000000e+00,-4.124428977302828514e+01
9.862500000000197886e+00,6.240673174561912901e+02,1.279597160774031472e+01,1.339437261575654015e+00,0.000000000000000000e+00,-4.105305164605647406e+01
9.865000000000197389e+00,6.240992933550722910e+02,1.277125753318420998e+01,1.337891400632036154e+00,0.000000000000000000e+00,-4.086203383639304576e+01
9.867500000000196891e+00,6.241312074693797740e+02,1.274654453857121439e+01,1.336346347060718864e+00,0.000000000000000000e+00,-4.067123606293614557e+01
9.870000000000196394e+00,6.241630598018131195e+02,1.272183262296260509e+01,1.334802095412430667e+00,0.000000000000000000e+00,-4.048065803823391207e+01
9.872500000000195897e+00,6.241948503550693204e+02,1.269712178542161318e+01,1.333258658673094121e+00,0.000000000000000000e+00,-4.029029947898825270e+01
9.875000000000195399e+00,6.242265791318429820e+02,1.267241202501352149e+01,1.331716047973602990e+00,0.000000000000000000e+00,-4.010016009612503041e+01
9.877500000000194902e+00,6.242582461348263223e+02,1.264770334080556147e+01,1.330174230537885860e+00,0.000000000000000000e+00,-3.991023960523200032e+01
9.880000000000194404e+00,6.242898513667093994e+02,1.262299573186730406e+01,1.328633231786414681e+00,0.000000000000000000e+00,-3.972053772188658627e+01
9.882500000000193907e+00,6.243213948301798837e+02,1.259828919727045893e+01,1.327093058228269840e+00,0.000000000000000000e+00,-3.953105415875782569e+01
9.885000000000193410e+00,6.243528765279230583e+02,1.257358373608885316e+01,1.325553673272215960e+00,0.000000000000000000e+00,-3.934178863587944619e+01
9.887500000000192912e+00,6.243842964626219327e+02,1.254887934739843125e+01,1.324015090548329665e+00,0.000000000000000000e+00,-3.915274087210185883e+01
9.890000000000192415e+00,6.244156546369572425e+02,1.252417603027691406e+01,1.322477347211304055e+00,0.000000000000000000e+00,-3.896391058470820923e+01
9.892500000000191918e+00,6.244469510536074495e+02,1.249947378380400131e+01,1.320940391502393174e+00,0.000000000000000000e+00,-3.877529748686026068e+01
9.895000000000191420e+00,6.244781857152485145e+02,1.247477260706140356e+01,1.319404278274685538e+00,0.000000000000000000e+00,-3.858690129918969092e+01
9.897500000000190923e+00,6.245093586245543520e+02,1.245007249913284753e+01,1.317869017331839254e+00,0.000000000000000000e+00,-3.839872173817973078e+01
9.900000000000190425e+00,6.245404697841963753e+02,1.242537345910416491e+01,1.316334571851294655e+00,0.000000000000000000e+00,-3.821075851599354678e+01
9.902500000000189928e+00,6.245715191968439512e+02,1.240067548606321424e+01,1.314800931152017460e+00,0.000000000000000000e+00,-3.802301135433831547e+01
9.905000000000189431e+00,6.246025068651639458e+02,1.237597857909995192e+01,1.313268120537974148e+00,0.000000000000000000e+00,-3.783547996991013918e+01
9.907500000000188933e+00,6.246334327918209510e+02,1.235128273730631321e+01,1.311736124120064018e+00,0.000000000000000000e+00,-3.764816408248126578e+01
9.910000000000188436e+00,6.246642969794775127e+02,1.232658795977619803e+01,1.310204959226620947e+00,0.000000000000000000e+00,-3.746106341181731381e+01
9.912500000000187939e+00,6.246950994307937890e+02,1.230189424560566813e+01,1.308674633959530986e+00,0.000000000000000000e+00,-3.727417767850013774e+01
9.915000000000187441e+00,6.247258401484275510e+02,1.227720159389291688e+01,1.307145133414181926e+00,0.000000000000000000e+00,-3.708750660009962274e+01
9.917500000000186944e+00,6.247565191350345231e+02,1.225251000373804189e+01,1.305616472879219447e+00,0.000000000000000000e+00,-3.690104989797093538e+01
9.920000000000186446e+00,6.247871363932680424e+02,1.222781947424320670e+01,1.304088677146508113e+00,0.000000000000000000e+00,-3.671480728955592099e+01
9.922500000000185949e+00,6.248176919257792861e+02,1.220313000451263363e+01,1.302561745819513339e+00,0.000000000000000000e+00,-3.652877849189537329e+01
9.925000000000185452e+00,6.248481857352170437e+02,1.217844159365257894e+01,1.301035645275859354e+00,0.000000000000000000e+00,-3.634296322379555733e+01
9.927500000000184954e+00,6.248786178242281721e+02,1.215375424077116406e+01,1.299510375417952002e+00,0.000000000000000000e+00,-3.615736120584308821e+01
9.930000000000184457e+00,6.249089881954569137e+02,1.212906794497867580e+01,1.297986022638273784e+00,0.000000000000000000e+00,-3.597197215763934963e+01
9.932500000000183960e+00,6.249392968515455777e+02,1.210438270538766758e+01,1.296462463626213424e+00,0.000000000000000000e+00,-3.578679579424563428e+01
9.935000000000183462e+00,6.249695437951342001e+02,1.207969852111260955e+01,1.294939757851851336e+00,0.000000000000000000e+00,-3.560183184148741731e+01
9.937500000000182965e+00,6.249997290288605427e+02,1.205501539126992050e+01,1.293417898666892718e+00,0.000000000000000000e+00,-3.541708002232736163e+01
9.940000000000182467e+00,6.250298525553602076e+02,1.203033331497818992e+01,1.291896938342353307e+00,0.000000000000000000e+00,-3.523254005549764400e+01
9.942500000000181970e+00,6.250599143772665229e+02,1.200565229135828460e+01,1.290376812703155629e+00,0.000000000000000000e+00,-3.504821166296892443e+01
9.945000000000181473e+00,6.250899144972106569e+02,1.198097231953301645e+01,1.288857527198401298e+00,0.000000000000000000e+00,-3.486409456319557876e+01
9.947500000000180975e+00,6.251198529178217314e+02,1.195629339862726859e+01,1.287339135567764137e+00,0.000000000000000000e+00,-3.468018848054085623e+01
9.950000000000180478e+00,6.251497296417263669e+02,1.193161552776817658e+01,1.285821606208882084e+00,0.000000000000000000e+00,-3.449649313614825274e+01
9.952500000000179980e+00,6.251795446715492517e+02,1.190693870608527583e+01,1.284304954782190533e+00,0.000000000000000000e+00,-3.431300825024499090e+01
9.955000000000179483e+00,6.252092980099129136e+02,1.188226293270994205e+01,1.282789186323218145e+00,0.000000000000000000e+00,-3.412973354338948440e+01
9.957500000000178986e+00,6.252389896594376069e+02,1.185758820677601122e+01,1.281274288681920837e+00,0.000000000000000000e+00,-3.394666873655997108e+01
9.960000000000178488e+00,6.252686196227413120e+02,1.183291452741949001e+01,1.279760286895588184e+00,0.000000000000000000e+00,-3.376381355377405669e+01
9.962500000000177991e+00,6.252981879024400769e+02,1.180824189377866418e+01,1.278247149339398536e+00,0.000000000000000000e+00,-3.358116771196230133e+01
9.965000000000177494e+00,6.253276945011477892e+02,1.178357030499406122e+01,1.276734924698559093e+00,0.000000000000000000e+00,-3.339873093415483396e+01
9.967500000000176996e+00,6.253571394214754946e+02,1.175889974799438065e+01,1.275223561474529754e+00,0.000000000000000000e+00,-3.321650294507705325e+01
9.970000000000176499e+00,6.253865226659693235e+02,1.173423019175841908e+01,1.273713067999583837e+00,0.000000000000000000e+00,-3.303448346502423760e+01
9.972500000000176001e+00,6.254158442371365254e+02,1.170956163212377099e+01,1.272203502828962884e+00,0.000000000000000000e+00,-3.285267222258255515e+01
9.975000000000175504e+00,6.254451041374683200e+02,1.168489406572487077e+01,1.270694806199853977e+00,0.000000000000000000e+00,-3.267106893256880795e+01
9.977500000000175007e+00,6.254743023694475141e+02,1.166022749196139330e+01,1.269187010604749366e+00,0.000000000000000000e+00,-3.248967332325343449e+01
9.980000000000174509e+00,6.255034389355552094e+02,1.163556191023473119e+01,1.267680106673922946e+00,0.000000000000000000e+00,-3.230848511470191653e+01
9.982500000000174012e+00,6.255325138382712566e+02,1.161089731994803564e+01,1.266174130956078114e+00,0.000000000000000000e+00,-3.212750403206860739e+01
9.985000000000173515e+00,6.255615270800739154e+02,1.158623372050614719e+01,1.264669065367412193e+00,0.000000000000000000e+00,-3.194672979423105730e+01
9.987500000000173017e+00,6.255904786634399670e+02,1.156157111131561877e+01,1.263164937795796972e+00,0.000000000000000000e+00,-3.176616212210078771e+01
9.990000000000172520e+00,6.256193685908446014e+02,1.153690949178491643e+01,1.261661695719553000e+00,0.000000000000000000e+00,-3.158580073879562278e+01
9.992500000000172022e+00,6.256481968647617578e+02,1.151224886132406766e+01,1.260159380486389313e+00,0.000000000000000000e+00,-3.140564536994400413e+01
9.995000000000171525e+00,6.256769634876636701e+02,1.148758921934481769e+01,1.258657992346074561e+00,0.000000000000000000e+00,-3.122569573692701894e+01
9.997500000000171028e+00,6.257056684620213218e+02,1.146293056526092613e+01,1.257157531451273291e+00,0.000000000000000000e+00,-3.104595156646761112e+01
1.000000000000017053e+01,6.257343117903039911e+02,1.143827289848761986e+01,1.255657991990323463e+00,0.000000000000000000e+00,-3.086641257585706200e+01
1.000250000000017003e+01,6.257628934749797054e+02,1.141361621844214014e+01,1.254159368883113634e+00,0.000000000000000000e+00,-3.068707849149307165e+01
1.000500000000016954e+01,6.257914135185150144e+02,1.138896052454375507e+01,1.252661714191819708e+00,0.000000000000000000e+00,-3.050794903644561273e+01
1.000750000000016904e+01,6.258198719233748761e+02,1.136430581621357305e+01,1.251164990501249408e+00,0.000000000000000000e+00,-3.032902392974609285e+01
1.001000000000016854e+01,6.258482686920228844e+02,1.133965209287465825e+01,1.249669187461627695e+00,0.000000000000000000e+00,-3.015030289852532874e+01
1.001250000000016804e+01,6.258766038269211549e+02,1.131499935395202705e+01,1.248174307256064264e+00,0.000000000000000000e+00,-2.997178566373844433e+01
1.001500000000016755e+01,6.259048773305304394e+02,1.129034759887286476e+01,1.246680412559008078e+00,0.000000000000000000e+00,-2.979347195498730727e+01
1.001750000000016705e+01,6.259330892053100115e+02,1.126569682706646169e+01,1.245187449624410414e+00,0.000000000000000000e+00,-2.961536148598033336e+01
1.002000000000016655e+01,6.259612394537177806e+02,1.124104703796414384e+01,1.243695502313853618e+00,0.000000000000000000e+00,-2.943745398667957502e+01
1.002250000000016605e+01,6.259893280782100646e+02,1.121639823099940614e+01,1.242204447295008007e+00,0.000000000000000000e+00,-2.925974917374005813e+01
1.002500000000016556e+01,6.260173550812420444e+02,1.119175040560778100e+01,1.240714368858582217e+00,0.000000000000000000e+00,-2.908224677523137203e+01
1.002750000000016506e+01,6.260453204652671957e+02,1.116710356122693781e+01,1.239225267776849382e+00,0.000000000000000000e+00,-2.890494651437595053e+01
1.003000000000016456e+01,6.260732242327378572e+02,1.114245769729690494e+01,1.237737125175240260e+00,0.000000000000000000e+00,-2.872784811158099672e+01
1.003250000000016406e+01,6.261010663861047760e+02,1.111781281326003601e+01,1.236249968103444674e+00,0.000000000000000000e+00,-2.855095129047025893e+01
1.003500000000016357e+01,6.261288469278173352e+02,1.109316890856080207e+01,1.234763781599982346e+00,0.000000000000000000e+00,-2.837425577743823268e+01
1.003750000000016307e+01,6.261565658603235534e+02,1.106852598264601362e+01,1.233278570453117728e+00,0.000000000000000000e+00,-2.819776129395189912e+01
1.004000000000016257e+01,6.261842231860700849e+02,1.104388403496480819e+01,1.231794390681042906e+00,0.000000000000000000e+00,-2.802146755800220390e+01
1.004250000000016207e+01,6.262118189075023338e+02,1.101924306496890971e+01,1.230311172981609857e+00,0.000000000000000000e+00,-2.784537429238400463e+01
1.004500000000016158e+01,6.262393530270639985e+02,1.099460307211251120e+01,1.228828921102388394e+00,0.000000000000000000e+00,-2.766948122389876374e+01
1.004750000000016108e+01,6.262668255471977545e+02,1.096996405585219669e+01,1.227347669728272583e+00,0.000000000000000000e+00,-2.749378807730144203e+01
1.005000000000016058e+01,6.262942364703447993e+02,1.094532601564699448e+01,1.225867413394694960e+00,0.000000000000000000e+00,-2.731829457343212297e+01
1.005250000000016009e+01,6.263215857989448523e+02,1.092068895095859737e+01,1.224388149812385418e+00,0.000000000000000000e+00,-2.714300043530334250e+01
1.005500000000015959e+01,6.263488735354364962e+02,1.089605286125157235e+01,1.222909878164522901e+00,0.000000000000000000e+00,-2.696790538606158449e+01
1.005750000000015909e+01,6.263760996822568359e+02,1.087141774599300348e+01,1.221432649566246420e+00,0.000000000000000000e+00,-2.679300915172288455e+01
1.006000000000015859e+01,6.264032642418417254e+02,1.084678360465287028e+01,1.219956424787938198e+00,0.000000000000000000e+00,-2.661831145125064779e+01
1.006250000000015810e+01,6.264303672166256547e+02,1.082215043670375643e+01,1.218481229638990637e+00,0.000000000000000000e+00,-2.644381200830964573e+01
1.006500000000015760e+01,6.264574086090417495e+02,1.079751824162106821e+01,1.217007017034885008e+00,0.000000000000000000e+00,-2.626951054304073097e+01
1.006750000000015710e+01,6.264843884215218850e+02,1.077288701888303812e+01,1.215533836110820998e+00,0.000000000000000000e+00,-2.609540678347490683e+01
1.007000000000015660e+01,6.265113066564966857e+02,1.074825676797068219e+01,1.214061708903679593e+00,0.000000000000000000e+00,-2.592150045310611262e+01
1.007250000000015611e+01,6.265381633163954120e+02,1.072362748836797586e+01,1.212590656370970743e+00,0.000000000000000000e+00,-2.574779126636604687e+01
1.007500000000015561e+01,6.265649584036460737e+02,1.069899917956204938e+01,1.211120609113742974e+00,0.000000000000000000e+00,-2.557427894534635016e+01
1.007750000000015511e+01,6.265916919206753164e+02,1.067437184104302439e+01,1.209651620177901066e+00,0.000000000000000000e+00,-2.540096321229530574e+01
1.008000000000015461e+01,6.266183638699085350e+02,1.064974547230394109e+01,1.208183649007154026e+00,0.000000000000000000e+00,-2.522784379105422659e+01
1.008250000000015412e+01,6.266449742537699876e+02,1.062512007284112414e+01,1.206716744473294245e+00,0.000000000000000000e+00,-2.505492040633452078e+01
1.008500000000015362e+01,6.266715230746825682e+02,1.060049564215410811e+01,1.205250902999532858e+00,0.000000000000000000e+00,-2.488219277701706389e+01
1.008750000000015312e+01,6.266980103350678064e+02,1.057587217974564275e+01,1.203786092543032371e+00,0.000000000000000000e+00,-2.470966062368247051e+01
1.009000000000015262e+01,6.267244360373462086e+02,1.055124968512178540e+01,1.202322323629092526e+00,0.000000000000000000e+00,-2.453732367083832600e+01
1.009250000000015213e+01,6.267508001839370309e+02,1.052662815779210526e+01,1.200859666124450609e+00,0.000000000000000000e+00,-2.436518164071162929e+01
1.009500000000015163e+01,6.267771027772581647e+02,1.050200759726955368e+01,1.199398079076817725e+00,0.000000000000000000e+00,-2.419323425060678545e+01
1.009750000000015113e+01,6.268033438197263649e+02,1.047738800307051932e+01,1.197937553802855826e+00,0.000000000000000000e+00,-2.402148122439522382e+01
1.010000000000015064e+01,6.268295233137571358e+02,1.045276937471471790e+01,1.196478132681455975e+00,0.000000000000000000e+00,-2.384992228398218828e+01
1.010250000000015014e+01,6.268556412617648448e+02,1.042815171172557775e+01,1.195019779763730305e+00,0.000000000000000000e+00,-2.367855714994112049e+01
1.010500000000014964e+01,6.268816976661626086e+02,1.040353501363013322e+01,1.193562514078720049e+00,0.000000000000000000e+00,-2.350738554170850136e+01
1.010750000000014914e+01,6.269076925293624072e+02,1.037891927995897134e+01,1.192106339205536658e+00,0.000000000000000000e+00,-2.333640718097498734e+01
1.011000000000014865e+01,6.269336258537749700e+02,1.035430451024660137e+01,1.190651268241928795e+00,0.000000000000000000e+00,-2.316562178921320481e+01
1.011250000000014815e+01,6.269594976418100032e+02,1.032969070403135881e+01,1.189197286043386370e+00,0.000000000000000000e+00,-2.299502908547567159e+01
1.011500000000014765e+01,6.269853078958760761e+02,1.030507786085543565e+01,1.187744420518990207e+00,0.000000000000000000e+00,-2.282462879132945233e+01
1.011750000000014715e+01,6.270110566183803940e+02,1.028046598026502245e+01,1.186292650932981418e+00,0.000000000000000000e+00,-2.265442062638890164e+01
1.012000000000014666e+01,6.270367438117292522e+02,1.025585506181040429e+01,1.184841992570255576e+00,0.000000000000000000e+00,-2.248440431071296430e+01
1.012250000000014616e+01,6.270623694783276960e+02,1.023124510504585594e+01,1.183392474794317861e+00,0.000000000000000000e+00,-2.231457956611911797e+01
1.012500000000014566e+01,6.270879336205796335e+02,1.020663610952984079e+01,1.181944033602574384e+00,0.000000000000000000e+00,-2.214494610796848306e+01
1.012750000000014516e+01,6.271134362408880634e+02,1.018202807482518502e+01,1.180496751485100804e+00,0.000000000000000000e+00,-2.197550366292454882e+01
1.013000000000014467e+01,6.271388773416546201e+02,1.015742100049899044e+01,1.179050600221855261e+00,0.000000000000000000e+00,-2.180625194538107792e+01
1.013250000000014417e+01,6.271642569252801422e+02,1.013281488612266479e+01,1.177605578167471911e+00,0.000000000000000000e+00,-2.163719067712765920e+01
1.013500000000014367e+01,6.271895749941642180e+02,1.010820973127203715e+01,1.176161684038550481e+00,0.000000000000000000e+00,-2.146831957734620033e+01
1.013750000000014317e+01,6.272148315507054122e+02,1.008360553552742900e+01,1.174718930337185885e+00,0.000000000000000000e+00,-2.129963836521278964e+01
1.014000000000014268e+01,6.272400265973012665e+02,1.005900229847370397e+01,1.173277341453095479e+00,0.000000000000000000e+00,-2.113114676120529722e+01
1.014250000000014218e+01,6.272651601363482996e+02,1.003440001970042061e+01,1.171836882350169917e+00,0.000000000000000000e+00,-2.096284448484032836e+01
1.014500000000014168e+01,6.272902321702418931e+02,1.000979869880173645e+01,1.170397601251259800e+00,0.000000000000000000e+00,-2.079473125295798397e+01
1.014750000000014118e+01,6.273152427013766328e+02,9.985198335376638923e+00,1.168959490832862880e+00,0.000000000000000000e+00,-2.062680678345986607e+01
1.015000000000014069e+01,6.273401917321458541e+02,9.960598929029199411e+00,1.167522567682453438e+00,0.000000000000000000e+00,-2.045907079173844778e+01
1.015250000000014019e+01,6.273650792649420964e+02,9.936000479368457761e+00,1.166086791851739246e+00,0.000000000000000000e+00,-2.029152299642627000e+01
1.015500000000013969e+01,6.273899053021568761e+02,9.911402986008374327e+00,1.164652165624563418e+00,0.000000000000000000e+00,-2.012416311699365323e+01
1.015750000000013920e+01,6.274146698461806864e+02,9.886806448568050243e+00,1.163218751704162113e+00,0.000000000000000000e+00,-1.995699087275912120e+01
1.016000000000013870e+01,6.274393728994031108e+02,9.862210866671775378e+00,1.161786535783525753e+00,0.000000000000000000e+00,-1.979000597922180660e+01
1.016250000000013820e+01,6.274640144642128234e+02,9.837616239949243280e+00,1.160355516666675468e+00,0.000000000000000000e+00,-1.962320815405087870e+01
1.016500000000013770e+01,6.274885945429974754e+02,9.813022568035394855e+00,1.158925651813052848e+00,0.000000000000000000e+00,-1.945659711137459169e+01
1.016750000000013721e+01,6.275131131381440355e+02,9.788429850570613766e+00,1.157497000569138956e+00,0.000000000000000000e+00,-1.929017257321065415e+01
1.017000000000013671e+01,6.275375702520383356e+02,9.763838087200918281e+00,1.156069574741064754e+00,0.000000000000000000e+00,-1.912393425124053792e+01
1.017250000000013621e+01,6.275619658870654121e+02,9.739247277577927520e+00,1.154643343215889573e+00,0.000000000000000000e+00,-1.895788186255478536e+01
1.017500000000013571e+01,6.275863000456093914e+02,9.714657421359071066e+00,1.153218326066190791e+00,0.000000000000000000e+00,-1.879201512370199723e+01
1.017750000000013522e+01,6.276105727300536046e+02,9.690068518207539228e+00,1.151794534936377845e+00,0.000000000000000000e+00,-1.862633375186699780e+01
1.018000000000013472e+01,6.276347839427805866e+02,9.665480567792373634e+00,1.150371969924364635e+00,0.000000000000000000e+00,-1.846083746277271942e+01
1.018250000000013422e+01,6.276589336861720767e+02,9.640893569788676842e+00,1.148950632417341522e+00,0.000000000000000000e+00,-1.829552597163386807e+01
1.018500000000013372e+01,6.276830219626087910e+02,9.616307523877702934e+00,1.147530528033282815e+00,0.000000000000000000e+00,-1.813039899219442930e+01
1.018750000000013323e+01,6.277070487744707634e+02,9.591722429746820211e+00,1.146111686380853589e+00,0.000000000000000000e+00,-1.796545623939143965e+01
1.019000000000013273e+01,6.277310141241373458e+02,9.567138287089756332e+00,1.144694065592674503e+00,0.000000000000000000e+00,-1.780069742585532566e+01
1.019250000000013223e+01,6.277549180139870941e+02,9.542555095606601867e+00,1.143277678972303368e+00,0.000000000000000000e+00,-1.763612226748595191e+01
1.019500000000013173e+01,6.277787604463976550e+02,9.517972855003957733e+00,1.141862536016199137e+00,0.000000000000000000e+00,-1.747173048064594880e+01
1.019750000000013124e+01,6.278025414237461064e+02,9.493391564995068421e+00,1.140448656767122815e+00,0.000000000000000000e+00,-1.730752178150199683e+01
1.020000000000013074e+01,6.278262609484088443e+02,9.468811225299898382e+00,1.139036084493782575e+00,0.000000000000000000e+00,-1.714349588284867210e+01
1.020250000000013024e+01,6.278499190227614690e+02,9.444231835645181761e+00,1.137624758509302003e+00,0.000000000000000000e+00,-1.697965249290387391e+01
1.020500000000012975e+01,6.278735156491788985e+02,9.419653395764507664e+00,1.136214714627096001e+00,0.000000000000000000e+00,-1.681599132598673663e+01
1.020750000000012925e+01,6.278970508300353686e+02,9.395075905398552862e+00,1.134805926547756139e+00,0.000000000000000000e+00,-1.665251209390729770e+01
1.021000000000012875e+01,6.279205245677046605e+02,9.370499364295245215e+00,1.133398441035613491e+00,0.000000000000000000e+00,-1.648921451368537916e+01
1.021250000000012825e+01,6.279439368645596460e+02,9.345923772209721037e+00,1.131992247643163862e+00,0.000000000000000000e+00,-1.632609829462013806e+01
1.021500000000012776e+01,6.279672877229728556e+02,9.321349128904392600e+00,1.130587337211602428e+00,0.000000000000000000e+00,-1.616316314907141560e+01
1.021750000000012726e+01,6.279905771453160241e+02,9.296775434149187944e+00,1.129183714910932945e+00,0.000000000000000000e+00,-1.600040878857869231e+01
1.022000000000012676e+01,6.280138051339604317e+02,9.272202687721621928e+00,1.127781414275571992e+00,0.000000000000000000e+00,-1.583783492408274185e+01
1.022250000000012626e+01,6.280369716912767899e+02,9.247630889407094656e+00,1.126380414222798887e+00,0.000000000000000000e+00,-1.567544126626152057e+01
1.022500000000012577e+01,6.280600768196352419e+02,9.223060038998745824e+00,1.124980729326618745e+00,0.000000000000000000e+00,-1.551322752733370258e+01
1.022750000000012527e+01,6.280831205214054762e+02,9.198490136297616360e+00,1.123582358267224413e+00,0.000000000000000000e+00,-1.535119342092310113e+01
1.023000000000012477e+01,6.281061027989566128e+02,9.173921181112829615e+00,1.122185329484213012e+00,0.000000000000000000e+00,-1.518933865386793514e+01
1.023250000000012427e+01,6.281290236546573169e+02,9.149353173261690841e+00,1.120789621693451865e+00,0.000000000000000000e+00,-1.502766293777725259e+01
1.023500000000012378e+01,6.281518830908759128e+02,9.124786112569905683e+00,1.119395247836993734e+00,0.000000000000000000e+00,-1.486616597835329046e+01
1.023750000000012328e+01,6.281746811099801562e+02,9.100219998871654781e+00,1.118002198526023783e+00,0.000000000000000000e+00,-1.470484748962470256e+01
1.024000000000012278e+01,6.281974177143374618e+02,9.075654832009696804e+00,1.116610508419930925e+00,0.000000000000000000e+00,-1.454370717841351102e+01
1.024250000000012228e+01,6.282200929063147896e+02,9.051090611835522992e+00,1.115220157196259443e+00,0.000000000000000000e+00,-1.438274475413246556e+01
1.024500000000012179e+01,6.282427066882787585e+02,9.026527338209540119e+00,1.113831153981779565e+00,0.000000000000000000e+00,-1.422195992412228449e+01
1.024750000000012129e+01,6.282652590625957600e+02,9.001965011001111350e+00,1.112443516327885851e+00,0.000000000000000000e+00,-1.406135240166340594e+01
1.025000000000012079e+01,6.282877500316317310e+02,8.977403630088684139e+00,1.111057227740982478e+00,0.000000000000000000e+00,-1.390092189146739265e+01
1.025250000000012029e+01,6.283101795977522670e+02,8.952843195360005168e+00,1.109672348540047260e+00,0.000000000000000000e+00,-1.374066810062176280e+01
1.025500000000011980e+01,6.283325477633228502e+02,8.928283706712313972e+00,1.108288836360679319e+00,0.000000000000000000e+00,-1.358059073450804988e+01
1.025750000000011930e+01,6.283548545307086215e+02,8.903725164052435304e+00,1.106906704976998945e+00,0.000000000000000000e+00,-1.342068949960547108e+01
1.026000000000011880e+01,6.283770999022744945e+02,8.879167567296949670e+00,1.105525928483082954e+00,0.000000000000000000e+00,-1.326096410479763144e+01
1.026250000000011831e+01,6.283992838803852692e+02,8.854610916372184448e+00,1.104146574865079389e+00,0.000000000000000000e+00,-1.310141425688437344e+01
1.026500000000011781e+01,6.284214064674054043e+02,8.830055211214521194e+00,1.102768596884585062e+00,0.000000000000000000e+00,-1.294203965992587158e+01
1.026750000000011731e+01,6.284434676656992451e+02,8.805500451770592818e+00,1.101392036626561932e+00,0.000000000000000000e+00,-1.278284002108026307e+01
1.027000000000011681e+01,6.284654674776311367e+02,8.780946637997329773e+00,1.100016884694850150e+00,0.000000000000000000e+00,-1.262381504283699485e+01
1.027250000000011632e+01,6.284874059055651969e+02,8.756393769862183873e+00,1.098643137752356669e+00,0.000000000000000000e+00,-1.246496442834099128e+01
1.027500000000011582e+01,6.285092829518655435e+02,8.731841847343254415e+00,1.097270804431713875e+00,0.000000000000000000e+00,-1.230628788569733167e+01
1.027750000000011532e+01,6.285310986188961806e+02,8.707290870429458707e+00,1.095899922369611312e+00,0.000000000000000000e+00,-1.214778511995060661e+01
1.028000000000011482e+01,6.285528529090211123e+02,8.682740839120585363e+00,1.094530440285958139e+00,0.000000000000000000e+00,-1.198945582992231884e+01
1.028250000000011433e+01,6.285745458246043427e+02,8.658191753427646020e+00,1.093162396018823701e+00,0.000000000000000000e+00,-1.183129971967730221e+01
1.028500000000011383e+01,6.285961773680099896e+02,8.633643613373090275e+00,1.091795772237539985e+00,0.000000000000000000e+00,-1.167331649536735050e+01
1.028750000000011333e+01,6.286177475416021707e+02,8.609096418990780819e+00,1.090430628298020732e+00,0.000000000000000000e+00,-1.151550585831355100e+01
1.029000000000011283e+01,6.286392563477450039e+02,8.584550170326266993e+00,1.089066910373785113e+00,0.000000000000000000e+00,-1.135786750682179758e+01
1.029250000000011234e+01,6.286607037888029481e+02,8.560004867437012166e+00,1.087704671986335914e+00,0.000000000000000000e+00,-1.120040114572135614e+01
1.029500000000011184e+01,6.286820898671403484e+02,8.535460510392512745e+00,1.086343914350229367e+00,0.000000000000000000e+00,-1.104310647479278806e+01
1.029750000000011134e+01,6.287034145851218909e+02,8.510917099274388775e+00,1.084984571900003303e+00,0.000000000000000000e+00,-1.088598319315168261e+01
1.030000000000011084e+01,6.287246779451124894e+02,8.486374634176625520e+00,1.083626723311865270e+00,0.000000000000000000e+00,-1.072903100653513775e+01
1.030250000000011035e+01,6.287458799494772848e+02,8.461833115205829259e+00,1.082270365536577073e+00,0.000000000000000000e+00,-1.057224961211500336e+01
1.030500000000010985e+01,6.287670206005816453e+02,8.437292542481371171e+00,1.080915469145990793e+00,0.000000000000000000e+00,-1.041563871025426025e+01
1.030750000000010935e+01,6.287880999007911669e+02,8.412752916135527670e+00,1.079562068987445000e+00,0.000000000000000000e+00,-1.025919800001284798e+01
1.031000000000010886e+01,6.288091178524720135e+02,8.388214236313809025e+00,1.078210160260482775e+00,0.000000000000000000e+00,-1.010292717859804057e+01
1.031250000000010836e+01,6.288300744579904631e+02,8.363676503175152988e+00,1.076859741913609003e+00,0.000000000000000000e+00,-9.946825948209273349e+00
1.031500000000010786e+01,6.288509697197133619e+02,8.339139716891970977e+00,1.075510830339177160e+00,0.000000000000000000e+00,-9.790894005264506816e+00
1.031750000000010736e+01,6.288718036400080109e+02,8.314603877650439401e+00,1.074163437227661166e+00,0.000000000000000000e+00,-9.635131047047728714e+00
1.032000000000010687e+01,6.288925762212420523e+02,8.290068985650746569e+00,1.072817544234473841e+00,0.000000000000000000e+00,-9.479536770919924749e+00
1.032250000000010637e+01,6.289132874657838101e+02,8.265535041107250791e+00,1.071473181293888910e+00,0.000000000000000000e+00,-9.324110874453339193e+00
1.032500000000010587e+01,6.289339373760019498e+02,8.241002044248771696e+00,1.070130325900108481e+00,0.000000000000000000e+00,-9.168853053071917003e+00
1.032750000000010537e+01,6.289545259542659323e+02,8.216469995318755437e+00,1.068789033367684604e+00,0.000000000000000000e+00,-9.013763004205010532e+00
1.033000000000010488e+01,6.289750532029456735e+02,8.191938894575464758e+00,1.067449247319340211e+00,0.000000000000000000e+00,-8.858840420798880899e+00
1.033250000000010438e+01,6.289955191244117714e+02,8.167408742292238344e+00,1.066111008998509968e+00,0.000000000000000000e+00,-8.704084999837212067e+00
1.033500000000010388e+01,6.290159237210356196e+02,8.142879538757737734e+00,1.064774348301042561e+00,0.000000000000000000e+00,-8.549496434992063243e+00
1.033750000000010338e+01,6.290362669951891803e+02,8.118351284276119628e+00,1.063439241838753935e+00,0.000000000000000000e+00,-8.395074419420661016e+00
1.034000000000010289e+01,6.290565489492452116e+02,8.093823979167307670e+00,1.062105685494590945e+00,0.000000000000000000e+00,-8.240818646956919125e+00
1.034250000000010239e+01,6.290767695855774946e+02,8.069297623767170080e+00,1.060773673510524651e+00,0.000000000000000000e+00,-8.086728810311024418e+00
1.034500000000010189e+01,6.290969289065603789e+02,8.044772218427773680e+00,1.059443249836965029e+00,0.000000000000000000e+00,-7.932804603893880646e+00
1.034750000000010139e+01,6.291170269145693510e+02,8.020247763517776463e+00,1.058114414348733545e+00,0.000000000000000000e+00,-7.779045718577410895e+00
1.035000000000010090e+01,6.291370636119805795e+02,7.995724259422513747e+00,1.056787157817936418e+00,0.000000000000000000e+00,-7.625451847182073806e+00
1.035250000000010040e+01,6.291570390011713698e+02,7.971201706544288612e+00,1.055461477619810129e+00,0.000000000000000000e+00,-7.472022680393378025e+00
1.035500000000009990e+01,6.291769530845200507e+02,7.946680105302526442e+00,1.054137401364925841e+00,0.000000000000000000e+00,-7.318757911482207668e+00
1.035750000000009940e+01,6.291968058644058601e+02,7.922159456134143518e+00,1.052814912225152666e+00,0.000000000000000000e+00,-7.165657229397352168e+00
1.036000000000009891e+01,6.292165973432094006e+02,7.897639759493807254e+00,1.051494025236814789e+00,0.000000000000000000e+00,-7.012720324532021543e+00
1.036250000000009841e+01,6.292363275233120703e+02,7.873121015854191107e+00,1.050174750945090496e+00,0.000000000000000000e+00,-6.859946884606353379e+00
1.036500000000009791e+01,6.292559964070968590e+02,7.848603225706333397e+00,1.048857104336109014e+00,0.000000000000000000e+00,-6.707336601410487376e+00
1.036750000000009742e+01,6.292756039969476660e+02,7.824086389559808730e+00,1.047541067240121970e+00,0.000000000000000000e+00,-6.554889163009964825e+00
1.037000000000009692e+01,6.292951502952497549e+02,7.799570507942888753e+00,1.046226668969886697e+00,0.000000000000000000e+00,-6.402604255371214137e+00
1.037250000000009642e+01,6.293146353043898671e+02,7.775055581403011118e+00,1.044913896058205838e+00,0.000000000000000000e+00,-6.250481566278764944e+00
1.037500000000009592e+01,6.293340590267558810e+02,7.750541610507070800e+00,1.043602767805511977e+00,0.000000000000000000e+00,-6.098520782841051258e+00
1.037750000000009543e+01,6.293534214647373801e+02,7.726028595841598623e+00,1.042293276072514319e+00,0.000000000000000000e+00,-5.946721593779565218e+00
1.038000000000009493e+01,6.293727226207251988e+02,7.701516538013078339e+00,1.040985424338252585e+00,0.000000000000000000e+00,-5.795083684045350125e+00
1.038250000000009443e+01,6.293919624971118765e+02,7.677005437648228181e+00,1.039679239669265343e+00,0.000000000000000000e+00,-5.643606739599964506e+00
1.038500000000009393e+01,6.294111410962913169e+02,7.652495295394350805e+00,1.038374724953263994e+00,0.000000000000000000e+00,-5.492290443490017715e+00
1.038750000000009344e+01,6.294302584206593565e+02,7.627986111919718759e+00,1.037071853394930798e+00,0.000000000000000000e+00,-5.341134479852179595e+00
1.039000000000009294e+01,6.294493144726131959e+02,7.603477887913761890e+00,1.035770659067022148e+00,0.000000000000000000e+00,-5.190138534403015314e+00
1.039250000000009244e+01,6.294683092545519685e+02,7.578970624087410179e+00,1.034471140096191455e+00,0.000000000000000000e+00,-5.039302289940930102e+00
1.039500000000009194e+01,6.294872427688765129e+02,7.554464321173463226e+00,1.033173321497534936e+00,0.000000000000000000e+00,-4.888625430830172647e+00
1.039750000000009145e+01,6.295061150179894867e+02,7.529958979926838936e+00,1.031877191042091191e+00,0.000000000000000000e+00,-4.738107637401738792e+00
1.040000000000009095e+01,6.295249260042955939e+02,7.505454601124866620e+00,1.030582747901214846e+00,0.000000000000000000e+00,-4.587748592272228976e+00
1.040250000000009045e+01,6.295436757302013575e+02,7.480951185567677797e+00,1.029290011631413426e+00,0.000000000000000000e+00,-4.437547976673190675e+00
1.040500000000008995e+01,6.295623641981153469e+02,7.456448734078566787e+00,1.027998965236338824e+00,0.000000000000000000e+00,-4.287505472383458027e+00
1.040750000000008946e+01,6.295809914104482914e+02,7.431947247504275822e+00,1.026709638369897037e+00,0.000000000000000000e+00,-4.137620759664126346e+00
1.041000000000008896e+01,6.295995573696129668e+02,7.407446726715435581e+00,1.025422027484679255e+00,0.000000000000000000e+00,-3.987893518190013697e+00
1.041250000000008846e+01,6.296180620780243089e+02,7.382947172606884934e+00,1.024136144071464027e+00,0.000000000000000000e+00,-3.838323428266824600e+00
1.041500000000008797e+01,6.296365055380995273e+02,7.358448586097931177e+00,1.022851987766906001e+00,0.000000000000000000e+00,-3.688910167366818538e+00
1.041750000000008747e+01,6.296548877522581051e+02,7.333950968132775472e+00,1.021569569605583760e+00,0.000000000000000000e+00,-3.539653414758680228e+00
1.042000000000008697e+01,6.296732087229220269e+02,7.309454319680923184e+00,1.020288880573687162e+00,0.000000000000000000e+00,-3.390552847982508222e+00
1.042250000000008647e+01,6.296914684525156645e+02,7.284958641737475205e+00,1.019009928535414389e+00,0.000000000000000000e+00,-3.241608143002184583e+00
1.042500000000008598e+01,6.297096669434657770e+02,7.260463935323634210e+00,1.017732739466220337e+00,0.000000000000000000e+00,-3.092818976068767878e+00
1.042750000000008548e+01,6.297278041982018522e+02,7.235970201487082143e+00,1.016457322261923757e+00,0.000000000000000000e+00,-2.944185024599295097e+00
1.043000000000008498e+01,6.297458802191559926e+02,7.211477441302269753e+00,1.015183656962696634e+00,0.000000000000000000e+00,-2.795705960711447169e+00
1.043250000000008448e+01,6.297638950087629155e+02,7.186985655870815393e+00,1.013911747968777144e+00,0.000000000000000000e+00,-2.647381461800614399e+00
1.043500000000008399e+01,6.297818485694601804e+02,7.162494846321971309e+00,1.012641622218003246e+00,0.000000000000000000e+00,-2.499211203141213478e+00
1.043750000000008349e+01,6.297997409036880754e+02,7.138005013812976252e+00,1.011373277968726114e+00,0.000000000000000000e+00,-2.351194856341105588e+00
1.044000000000008299e+01,6.298175720138899578e+02,7.113516159529455152e+00,1.010106704198703742e+00,0.000000000000000000e+00,-2.203332095539987101e+00
1.044250000000008249e+01,6.298353419025120274e+02,7.089028284685918280e+00,1.008841929186218511e+00,0.000000000000000000e+00,-2.055622595256723528e+00
1.044500000000008200e+01,6.298530505720035535e+02,7.064541390526119180e+00,1.007578953321347059e+00,0.000000000000000000e+00,-1.908066026279761074e+00
1.044750000000008150e+01,6.298706980248171021e+02,7.040055478323486327e+00,1.006317777083576948e+00,0.000000000000000000e+00,-1.760662060869977452e+00
1.045000000000008100e+01,6.298882842634081953e+02,7.015570549381587639e+00,1.005058409047864032e+00,0.000000000000000000e+00,-1.613410370163071317e+00
1.045250000000008050e+01,6.299058092902357657e+02,6.991086605034531054e+00,1.003800861420759194e+00,0.000000000000000000e+00,-1.466310623180504757e+00
1.045500000000008001e+01,6.299232731077621565e+02,6.966603646647472559e+00,1.002545134692249151e+00,0.000000000000000000e+00,-1.319362488618746054e+00
1.045750000000007951e+01,6.299406757184528942e+02,6.942121675617070053e+00,1.001291248566878789e+00,0.000000000000000000e+00,-1.172565635424851704e+00
1.046000000000007901e+01,6.299580171247773706e+02,6.917640693371973626e+00,1.000039173072203580e+00,0.000000000000000000e+00,-1.025919731636536270e+00
1.046250000000007851e+01,6.299752973292082743e+02,6.893160701373228783e+00,9.987889325103971316e-01,0.000000000000000000e+00,-8.794244464295624120e-01
1.046500000000007802e+01,6.299925163342221595e+02,6.868681701114777383e+00,9.975405351955914934e-01,0.000000000000000000e+00,-7.330794483364093672e-01
1.046750000000007752e+01,6.300096741422991045e+02,6.844203694123965676e+00,9.962939792852436582e-01,0.000000000000000000e+00,-5.868844036579107248e-01
1.047000000000007702e+01,6.300267707559232804e+02,6.819726681961979509e+00,9.950492995248400030e-01,0.000000000000000000e+00,-4.408389785910829528e-01
1.047250000000007653e+01,6.300438061775826100e+02,6.795250666224405656e+00,9.938064552293344178e-01,0.000000000000000000e+00,-2.949428382147636363e-01
1.047500000000007603e+01,6.300607804097691087e+02,6.770775648541701663e+00,9.925654754237026589e-01,0.000000000000000000e+00,-1.491956483038768821e-01
1.047750000000007553e+01,6.300776934549788848e+02,6.746301630579705666e+00,9.913263683651412084e-01,0.000000000000000000e+00,-3.597073420688627707e-03
1.048000000000007503e+01,6.300945453157122529e+02,6.721828614040186167e+00,9.900891447528606948e-01,0.000000000000000000e+00,1.418532230449946752e-01
1.048250000000007454e+01,6.301113359944736203e+02,6.697356600661402481e+00,9.888537987768110105e-01,0.000000000000000000e+00,2.871555789915476997e-01
1.048500000000007404e+01,6.301280654937720556e+02,6.672885592218570139e+00,9.876203420976159553e-01,0.000000000000000000e+00,4.323103295742518060e-01
1.048750000000007354e+01,6.301447338161208336e+02,6.648415590524419549e+00,9.863887851144734764e-01,0.000000000000000000e+00,5.773178128344944593e-01
1.049000000000007304e+01,6.301613409640378904e+02,6.623946597429725358e+00,9.851591204287458714e-01,0.000000000000000000e+00,7.221783697809456282e-01
1.049250000000007255e+01,6.301778869400458234e+02,6.599478614823940603e+00,9.839313727508609553e-01,0.000000000000000000e+00,8.668923386641211870e-01
1.049500000000007205e+01,6.301943717466720045e+02,6.575011644635744723e+00,9.827055169131531098e-01,0.000000000000000000e+00,1.011460059584452065e+00
1.049750000000007155e+01,6.302107953864484671e+02,6.550545688833600444e+00,9.814815631799027607e-01,0.000000000000000000e+00,1.155881871452629550e+00
1.050000000000007105e+01,6.302271578619124739e+02,6.526080749426330208e+00,9.802595456655474049e-01,0.000000000000000000e+00,1.300158116591629165e+00
1.050250000000007056e+01,6.302434591756060627e+02,6.501616828463763653e+00,9.790394500801358202e-01,0.000000000000000000e+00,1.444289136534736562e+00
1.050500000000007006e+01,6.302596993300766144e+02,6.477153928037338027e+00,9.778212998463000627e-01,0.000000000000000000e+00,1.588275273877706839e+00
1.050750000000006956e+01,6.302758783278766259e+02,6.452692050280651515e+00,9.766050637391147093e-01,0.000000000000000000e+00,1.732116872576074496e+00
1.051000000000006906e+01,6.302919961715640511e+02,6.428231197370139149e+00,9.753907773732438669e-01,0.000000000000000000e+00,1.875814275374128481e+00
1.051250000000006857e+01,6.303080528637021871e+02,6.403771371525675882e+00,9.741784381204393606e-01,0.000000000000000000e+00,2.019367824265457578e+00
1.051500000000006807e+01,6.303240484068600153e+02,6.379312575011209852e+00,9.729680645872015310e-01,0.000000000000000000e+00,2.162777865591075432e+00
1.051750000000006757e+01,6.303399828036123154e+02,6.354854810135397436e+00,9.717596385805102877e-01,0.000000000000000000e+00,2.306044746480923280e+00
1.052000000000006708e+01,6.303558560565393236e+02,6.330398079252360866e+00,9.705531685865396163e-01,0.000000000000000000e+00,2.449168812407561457e+00
1.052250000000006658e+01,6.303716681682275293e+02,6.305942384762284192e+00,9.693486898209554559e-01,0.000000000000000000e+00,2.592150408364555680e+00
1.052500000000006608e+01,6.303874191412692198e+02,6.281487729112093632e+00,9.681461969032613135e-01,0.000000000000000000e+00,2.734989883473591732e+00
1.052750000000006558e+01,6.304031089782630488e+02,6.257034114796119262e+00,9.669456756674289499e-01,0.000000000000000000e+00,2.877687586140650566e+00
1.053000000000006509e+01,6.304187376818136954e+02,6.232581544356835757e+00,9.657471276793654358e-01,0.000000000000000000e+00,3.020243863117463068e+00
1.053250000000006459e+01,6.304343052545323189e+02,6.208130020385541847e+00,9.645505633829463132e-01,0.000000000000000000e+00,3.162659062002730170e+00
1.053500000000006409e+01,6.304498116990366725e+02,6.183679545523095733e+00,9.633560052542519125e-01,0.000000000000000000e+00,3.304933534715665200e+00
1.053750000000006359e+01,6.304652570179509894e+02,6.159230122460671808e+00,9.621634630542726940e-01,0.000000000000000000e+00,3.447067631113214681e+00
1.054000000000006310e+01,6.304806412139063241e+02,6.134781753940528048e+00,9.609729124420406388e-01,0.000000000000000000e+00,3.589061703724407248e+00
1.054250000000006260e+01,6.304959642895406660e+02,6.110334442756733431e+00,9.597843776053005538e-01,0.000000000000000000e+00,3.730916102029183001e+00
1.054500000000006210e+01,6.305112262474989393e+02,6.085888191755910448e+00,9.585978729823619870e-01,0.000000000000000000e+00,3.872631179973973214e+00
1.054750000000006160e+01,6.305264270904333443e+02,6.061443003838024701e+00,9.574133772723284475e-01,0.000000000000000000e+00,4.014207289917518295e+00
1.055000000000006111e+01,6.305415668210031299e+02,6.036998881957188701e+00,9.562309054904368777e-01,0.000000000000000000e+00,4.155644785521762863e+00
1.055250000000006061e+01,6.305566454418751619e+02,6.012555829122418594e+00,9.550504641033169539e-01,0.000000000000000000e+00,4.296944020268683495e+00
1.055500000000006011e+01,6.305716629557239230e+02,5.988113848398524119e+00,9.538720789030554759e-01,0.000000000000000000e+00,4.438105349715873338e+00
1.055750000000005961e+01,6.305866193652312859e+02,5.963672942906910635e+00,9.526957316009992960e-01,0.000000000000000000e+00,4.579129129399601261e+00
1.056000000000005912e+01,6.306015146730871948e+02,5.939233115826383802e+00,9.515214321392022612e-01,0.000000000000000000e+00,4.720015714940132945e+00
1.056250000000005862e+01,6.306163488819895520e+02,5.914794370393980039e+00,9.503491903256076068e-01,0.000000000000000000e+00,4.860765462604637932e+00
1.056500000000005812e+01,6.306311219946444453e+02,5.890356709905896437e+00,9.491790022831686491e-01,0.000000000000000000e+00,5.001378731291900692e+00
1.056750000000005763e+01,6.306458340137660343e+02,5.865920137718340754e+00,9.480108815914827236e-01,0.000000000000000000e+00,5.141855879086397074e+00
1.057000000000005713e+01,6.306604849420770051e+02,5.841484657248454226e+00,9.468448240884010936e-01,0.000000000000000000e+00,5.282197262747068578e+00
1.057250000000005663e+01,6.306750747823086840e+02,5.817050271975173992e+00,9.456808389725035457e-01,0.000000000000000000e+00,5.422403243833630704e+00
1.057500000000005613e+01,6.306896035372010374e+02,5.792616985440155908e+00,9.445189387278689619e-01,0.000000000000000000e+00,5.562474180438448990e+00
1.057750000000005564e+01,6.307040712095030131e+02,5.768184801248764870e+00,9.433591195238982818e-01,0.000000000000000000e+00,5.702410433075637108e+00
1.058000000000005514e+01,6.307184778019725400e+02,5.743753723070901707e+00,9.422013967650469946e-01,0.000000000000000000e+00,5.842212362953803861e+00
1.058250000000005464e+01,6.307328233173767558e+02,5.719323754642054780e+00,9.410457848924337343e-01,0.000000000000000000e+00,5.981880332053862048e+00
1.058500000000005414e+01,6.307471077584921204e+02,5.694894899764257445e+00,9.398922745848226068e-01,0.000000000000000000e+00,6.121414704080375913e+00
1.058750000000005365e+01,6.307613311281048709e+02,5.670467162307055276e+00,9.387408595819444201e-01,0.000000000000000000e+00,6.260815841281895722e+00
1.059000000000005315e+01,6.307754934290106803e+02,5.646040546208499933e+00,9.375915501389323614e-01,0.000000000000000000e+00,6.400084106670867357e+00
1.059250000000005265e+01,6.307895946640153397e+02,5.621615055476208767e+00,9.364443671915176903e-01,0.000000000000000000e+00,6.539219865638558282e+00
1.059500000000005215e+01,6.308036348359345311e+02,5.597190694188433291e+00,9.352992941610117628e-01,0.000000000000000000e+00,6.678223483447260911e+00
1.059750000000005166e+01,6.308176139475941682e+02,5.572767466495077038e+00,9.341563418379428274e-01,0.000000000000000000e+00,6.817095325094952862e+00
1.060000000000005116e+01,6.308315320018307375e+02,5.548345376618772917e+00,9.330155147464841425e-01,0.000000000000000000e+00,6.955835757772441674e+00
1.060250000000005066e+01,6.308453890014911849e+02,5.523924428855982782e+00,9.318768263738597124e-01,0.000000000000000000e+00,7.094445147245354022e+00
1.060500000000005016e+01,6.308591849494333701e+02,5.499504627578082783e+00,9.307402764925014615e-01,0.000000000000000000e+00,7.232923861540348831e+00
1.060750000000004967e+01,6.308729198485259531e+02,5.475085977232477141e+00,9.296058758706803316e-01,0.000000000000000000e+00,7.371272267708119941e+00
1.061000000000004917e+01,6.308865937016488488e+02,5.450668482343727028e+00,9.284736189385379701e-01,0.000000000000000000e+00,7.509490733686859265e+00
1.061250000000004867e+01,6.309002065116933409e+02,5.426252147514691870e+00,9.273435137508196924e-01,0.000000000000000000e+00,7.647579629925828293e+00
1.061500000000004817e+01,6.309137582815621954e+02,5.401836977427699971e+00,9.262155815250890933e-01,0.000000000000000000e+00,7.785539326468439825e+00
1.061750000000004768e+01,6.309272490141700018e+02,5.377422976845796398e+00,9.250897907845885282e-01,0.000000000000000000e+00,7.923370194093634744e+00
1.062000000000004718e+01,6.309406787124432867e+02,5.353010150613926044e+00,9.239661701141502759e-01,0.000000000000000000e+00,8.061072602383065444e+00
1.062250000000004668e+01,6.309540473793207411e+02,5.328598503660155750e+00,9.228447313287676534e-01,0.000000000000000000e+00,8.198646923718815316e+00
1.062500000000004619e+01,6.309673550177534480e+02,5.304188040996917763e+00,9.217254598445037139e-01,0.000000000000000000e+00,8.336093530395618956e+00
1.062750000000004569e+01,6.309806016307049958e+02,5.279778767722274502e+00,9.206083751329188214e-01,0.000000000000000000e+00,8.473412795188217217e+00
1.063000000000004519e+01,6.309937872211517060e+02,5.255370689021225949e+00,9.194934747648656481e-01,0.000000000000000000e+00,8.610605091908631437e+00
1.063250000000004469e+01,6.310069117920832014e+02,5.230963810166999295e+00,9.183807456009652759e-01,0.000000000000000000e+00,8.747670794611472900e+00
1.063500000000004420e+01,6.310199753465020649e+02,5.206558136522378533e+00,9.172702186471975994e-01,0.000000000000000000e+00,8.884610277477120732e+00
1.063750000000004370e+01,6.310329778874244084e+02,5.182153673541089134e+00,9.161618926577379529e-01,0.000000000000000000e+00,9.021423916309586843e+00
1.064000000000004320e+01,6.310459194178800999e+02,5.157750426769133867e+00,9.150557691548265593e-01,0.000000000000000000e+00,9.158112086275135511e+00
1.064250000000004270e+01,6.310587999409128770e+02,5.133348401846166809e+00,9.139518577514480491e-01,0.000000000000000000e+00,9.294675164375982845e+00
1.064500000000004221e+01,6.310716194595805746e+02,5.108947604506915319e+00,9.128501457480998615e-01,0.000000000000000000e+00,9.431113526859137508e+00
1.064750000000004171e+01,6.310843779769554658e+02,5.084548040582618889e+00,9.117506533884904840e-01,0.000000000000000000e+00,9.567427550512139334e+00
1.065000000000004121e+01,6.310970754961244893e+02,5.060149716002486642e+00,9.106533753518860630e-01,0.000000000000000000e+00,9.703617615566800580e+00
1.065250000000004071e+01,6.311097120201894768e+02,5.035752636795196580e+00,9.095583188154375831e-01,0.000000000000000000e+00,9.839684099816276230e+00
1.065500000000004022e+01,6.311222875522672666e+02,5.011356809090401043e+00,9.084654852271623060e-01,0.000000000000000000e+00,9.975627382372886487e+00
1.065750000000003972e+01,6.311348020954902722e+02,4.986962239120242835e+00,9.073748850483577266e-01,0.000000000000000000e+00,1.011144784290062404e+01
1.066000000000003922e+01,6.311472556530063684e+02,4.962568933219084322e+00,9.062865173774478089e-01,0.000000000000000000e+00,1.024714586147479167e+01
1.066250000000003872e+01,6.311596482279791189e+02,4.938176897064326276e+00,9.052003979317390092e-01,0.000000000000000000e+00,1.038272181857519882e+01
1.066500000000003823e+01,6.311719798235850476e+02,4.913786134920634652e+00,9.041165078757461560e-01,0.000000000000000000e+00,1.051817609609572202e+01
1.066750000000003773e+01,6.311842504430112513e+02,4.889396650903002239e+00,9.030348675320016838e-01,0.000000000000000000e+00,1.065350907608473996e+01
1.067000000000003723e+01,6.311964600894553996e+02,4.865008448982189648e+00,9.019554815455591568e-01,0.000000000000000000e+00,1.078872114191980103e+01
1.067250000000003674e+01,6.312086087661249394e+02,4.840621533136787669e+00,9.008783373098606662e-01,0.000000000000000000e+00,1.092381267617288287e+01
1.067500000000003624e+01,6.312206964762373218e+02,4.816235907368318969e+00,8.998034615714970430e-01,0.000000000000000000e+00,1.105878406169822625e+01
1.067750000000003574e+01,6.312327232230201162e+02,4.791851575701425503e+00,8.987308336309685064e-01,0.000000000000000000e+00,1.119363568368532391e+01
1.068000000000003524e+01,6.312446890097107826e+02,4.767468542184062130e+00,8.976604831858924216e-01,0.000000000000000000e+00,1.132836792588078723e+01
1.068250000000003475e+01,6.312565938395570129e+02,4.743086810887684024e+00,8.965923859847354516e-01,0.000000000000000000e+00,1.146298117469379285e+01
1.068500000000003425e+01,6.312684377158167308e+02,4.718706385907462497e+00,8.955265624851215245e-01,0.000000000000000000e+00,1.159747581418151086e+01
1.068750000000003375e+01,6.312802206417580919e+02,4.694327271362467968e+00,8.944630134000329802e-01,0.000000000000000000e+00,1.173185223219567241e+01
1.069000000000003325e+01,6.312919426206594835e+02,4.669949471395885787e+00,8.934017459204867118e-01,0.000000000000000000e+00,1.186611081533849266e+01
1.069250000000003276e+01,6.313036036558096384e+02,4.645572990175228512e+00,8.923427629191522659e-01,0.000000000000000000e+00,1.200025194959460961e+01
1.069500000000003226e+01,6.313152037505079761e+02,4.621197831892495778e+00,8.912860456117170926e-01,0.000000000000000000e+00,1.213427602237239356e+01
1.069750000000003176e+01,6.313267429080641477e+02,4.596824000764379470e+00,8.902316303361654803e-01,0.000000000000000000e+00,1.226818342252498439e+01
1.070000000000003126e+01,6.313382211317983774e+02,4.572451501032535504e+00,8.891795008666911748e-01,0.000000000000000000e+00,1.240197453792159799e+01
1.070250000000003077e+01,6.313496384250416895e+02,4.548080336963779224e+00,8.881296541406026313e-01,0.000000000000000000e+00,1.253564975860584063e+01
1.070500000000003027e+01,6.313609947911355675e+02,4.523710512850301235e+00,8.870821117256983968e-01,0.000000000000000000e+00,1.266920947365025185e+01
1.070750000000002977e+01,6.313722902334324090e+02,4.499342033009916086e+00,8.860368581588814463e-01,0.000000000000000000e+00,1.280265407185721749e+01
1.071000000000002927e+01,6.313835247552954115e+02,4.474974901786253234e+00,8.849939208615494879e-01,0.000000000000000000e+00,1.293598394489782422e+01
1.071250000000002878e+01,6.313946983600985732e+02,4.450609123548999513e+00,8.839532860477140597e-01,0.000000000000000000e+00,1.306919948364520323e+01
1.071500000000002828e+01,6.314058110512268058e+02,4.426244702694139832e+00,8.829149555913317071e-01,0.000000000000000000e+00,1.320230107892768778e+01
1.071750000000002778e+01,6.314168628320761627e+02,4.401881643644170339e+00,8.818789226210371757e-01,0.000000000000000000e+00,1.333528912200235972e+01
1.072000000000002728e+01,6.314278537060536109e+02,4.377519950848355990e+00,8.808446600964061624e-01,0.000000000000000000e+00,1.346816401305242472e+01
1.072250000000002679e+01,6.314387836765824886e+02,4.353159604389355231e+00,8.798048831433645800e-01,0.000000000000000000e+00,1.360092568447359440e+01
1.072500000000002629e+01,6.314496527467867963e+02,4.328800287658544299e+00,8.787564841249496661e-01,0.000000000000000000e+00,1.373357312522246509e+01
1.072750000000002579e+01,6.314604609191741247e+02,4.304441865708117376e+00,8.776989837907631653e-01,0.000000000000000000e+00,1.386610492523885974e+01
1.073000000000002530e+01,6.314712081959955867e+02,4.280084319458585362e+00,8.766321571797619505e-01,0.000000000000000000e+00,1.399851957522148815e+01
1.073250000000002480e+01,6.314818945794438605e+02,4.255727640236880660e+00,8.755561094775812236e-01,0.000000000000000000e+00,1.413081552077881575e+01
1.073500000000002430e+01,6.314925200716899099e+02,4.231371833968536222e+00,8.744709455745784954e-01,0.000000000000000000e+00,1.426299121914033918e+01
1.073750000000002380e+01,6.315030846749194779e+02,4.207016906609781337e+00,8.733767397544692779e-01,0.000000000000000000e+00,1.439504513808476283e+01
1.074000000000002331e+01,6.315135883913332009e+02,4.182662864147616233e+00,8.722736127887129598e-01,0.000000000000000000e+00,1.452697575732658564e+01
1.074250000000002281e+01,6.315240312231467215e+02,4.158309712599902674e+00,8.711616388344102235e-01,0.000000000000000000e+00,1.465878156637230312e+01
1.074500000000002231e+01,6.315344131725908028e+02,4.133957458015415476e+00,8.700409203595287355e-01,0.000000000000000000e+00,1.479046106475913902e+01
1.074750000000002181e+01,6.315447342419113284e+02,4.109606106473897569e+00,8.689115582629555190e-01,0.000000000000000000e+00,1.492201276239637942e+01
1.075000000000002132e+01,6.315549944333694157e+02,4.085255664086110627e+00,8.677736487779829089e-01,0.000000000000000000e+00,1.505343518151662785e+01
1.075250000000002082e+01,6.315651937492414163e+02,4.060906136993887472e+00,8.666272587802724692e-01,0.000000000000000000e+00,1.518472685179348858e+01
1.075500000000002032e+01,6.315753321918190295e+02,4.036557531370141838e+00,8.654724987869675257e-01,0.000000000000000000e+00,1.531588631396205002e+01
1.075750000000001982e+01,6.315854097634094160e+02,4.012209853418920780e+00,8.643094772964484696e-01,0.000000000000000000e+00,1.544691211981041334e+01
1.076000000000001933e+01,6.315954264663354252e+02,3.987863109375453519e+00,8.631382452862983445e-01,0.000000000000000000e+00,1.557780283010268541e+01
1.076250000000001883e+01,6.316053823029352543e+02,3.963517305506138566e+00,8.619589167054446666e-01,0.000000000000000000e+00,1.570855701459569254e+01
1.076500000000001833e+01,6.316152772755630167e+02,3.939172448108574365e+00,8.607715668119315655e-01,0.000000000000000000e+00,1.583917325312428304e+01
1.076750000000001783e+01,6.316251113865884008e+02,3.914828543511566838e+00,8.595762962414268404e-01,0.000000000000000000e+00,1.596965013514021869e+01
1.077000000000001734e+01,6.316348846383971249e+02,3.890485598075149376e+00,8.583731739244743197e-01,0.000000000000000000e+00,1.609998625899071456e+01
1.077250000000001684e+01,6.316445970333907098e+02,3.866143618190569953e+00,8.571622816982407134e-01,0.000000000000000000e+00,1.623018023260879872e+01
1.077500000000001634e+01,6.316542485739865924e+02,3.841802610280293351e+00,8.559437191716682269e-01,0.000000000000000000e+00,1.636023067263533548e+01
1.077750000000001585e+01,6.316638392626184668e+02,3.817462580798002048e+00,8.547175673620737157e-01,0.000000000000000000e+00,1.649013620510659450e+01
1.078000000000001535e+01,6.316733691017360570e+02,3.793123536228596215e+00,8.534838929193385715e-01,0.000000000000000000e+00,1.661989546368365822e+01
1.078250000000001485e+01,6.316828380938053442e+02,3.768785483088151533e+00,8.522427846378816119e-01,0.000000000000000000e+00,1.674950709146650496e+01
1.078500000000001435e+01,6.316922462413085668e+02,3.744448427923909417e+00,8.509943271454144531e-01,0.000000000000000000e+00,1.687896974005140294e+01
1.078750000000001386e+01,6.317015935467444478e+02,3.720112377314255703e+00,8.497386007439781119e-01,0.000000000000000000e+00,1.700828207024581573e+01
1.079000000000001336e+01,6.317108800126280812e+02,3.695777337868695334e+00,8.484756720816103437e-01,0.000000000000000000e+00,1.713744275053296562e+01
1.079250000000001286e+01,6.317201056414912728e+02,3.671443316227812392e+00,8.472056209297783580e-01,0.000000000000000000e+00,1.726645045780800558e+01
1.079500000000001236e+01,6.317292704358821993e+02,3.647110319063245232e+00,8.459285332300539029e-01,0.000000000000000000e+00,1.739530387607310047e+01
1.079750000000001187e+01,6.317383743983659770e+02,3.622778353077640290e+00,8.446444789274430986e-01,0.000000000000000000e+00,1.752400169964753829e+01
1.080000000000001137e+01,6.317474175315242064e+02,3.598447425004606348e+00,8.433535294991665321e-01,0.000000000000000000e+00,1.765254262882583447e+01
1.080250000000001087e+01,6.317563998379556551e+02,3.574117541608673232e+00,8.420557620678504884e-01,0.000000000000000000e+00,1.778092537198137890e+01
1.080500000000001037e+01,6.317653213202758025e+02,3.549788709685237187e+00,8.407512516219720622e-01,0.000000000000000000e+00,1.790914864419872288e+01
1.080750000000000988e+01,6.317741819811172945e+02,3.525460936060490269e+00,8.394400617100629125e-01,0.000000000000000000e+00,1.803721116860703688e+01
1.081000000000000938e+01,6.317829818231297168e+02,3.501134227591372827e+00,8.381222615611152449e-01,0.000000000000000000e+00,1.816511167661462522e+01
1.081250000000000888e+01,6.317917208489798213e+02,3.476808591165523321e+00,8.367979294571011861e-01,0.000000000000000000e+00,1.829284890651352313e+01
1.081500000000000838e+01,6.318003990613517544e+02,3.452484033701223698e+00,8.354671283856364150e-01,0.000000000000000000e+00,1.842042160310895582e+01
1.081750000000000789e+01,6.318090164629468291e+02,3.428160562147317236e+00,8.341299302641164148e-01,0.000000000000000000e+00,1.854782851844489855e+01
1.082000000000000739e+01,6.318175730564837522e+02,3.403838183483133051e+00,8.327864033176158864e-01,0.000000000000000000e+00,1.867506841161037912e+01
1.082250000000000689e+01,6.318260688446987388e+02,3.379516904718427472e+00,8.314366074717749466e-01,0.000000000000000000e+00,1.880214004924102511e+01
1.082500000000000639e+01,6.318345038303455112e+02,3.355196732893307665e+00,8.300806106671577700e-01,0.000000000000000000e+00,1.892904220314824570e+01
1.082750000000000590e+01,6.318428780161954137e+02,3.330877675078160127e+00,8.287184745807076869e-01,0.000000000000000000e+00,1.905577365205566664e+01
1.083000000000000540e+01,6.318511914050376390e+02,3.306559738373560542e+00,8.273502696012201563e-01,0.000000000000000000e+00,1.918233318143805022e+01
1.083250000000000490e+01,6.318594439996788878e+02,3.282242929910197393e+00,8.259760498346363500e-01,0.000000000000000000e+00,1.930871958273981548e+01
1.083500000000000441e+01,6.318676358029438234e+02,3.257927256848787145e+00,8.245958747488011387e-01,0.000000000000000000e+00,1.943493165350997032e+01
1.083750000000000391e+01,6.318757668176750713e+02,3.233612726379996083e+00,8.232098016808669927e-01,0.000000000000000000e+00,1.956096819678546339e+01
1.084000000000000341e+01,6.318838370467332197e+02,3.209299345724356822e+00,8.218178976307215500e-01,0.000000000000000000e+00,1.968682802275886701e+01
1.084250000000000291e+01,6.318918464929969332e+02,3.184987122132185267e+00,8.204202197557248777e-01,0.000000000000000000e+00,1.981250994562412870e+01
1.084500000000000242e+01,6.318997951593630660e+02,3.160676062883492232e+00,8.190168239938406813e-01,0.000000000000000000e+00,1.993801278681956646e+01
1.084750000000000192e+01,6.319076830487465486e+02,3.136366175287873315e+00,8.176077681239907191e-01,0.000000000000000000e+00,2.006333537281446766e+01
1.085000000000000142e+01,6.319155101640806151e+02,3.112057466684442719e+00,8.161931147658031405e-01,0.000000000000000000e+00,2.018847653470016823e+01
1.085250000000000092e+01,6.319232765083170307e+02,3.087749944441731564e+00,8.147729074734291199e-01,0.000000000000000000e+00,2.031343510942837227e+01
1.085500000000000043e+01,6.319309820844258638e+02,3.063443615957584854e+00,8.133471989451115380e-01,0.000000000000000000e+00,2.043820993964011024e+01
1.085749999999999993e+01,6.319386268953957142e+02,3.039138488659084203e+00,8.119160402177150182e-01,0.000000000000000000e+00,2.056279987206797699e+01
1.085999999999999943e+01,6.319462109442338260e+02,3.014834570002459913e+00,8.104794952704326150e-01,0.000000000000000000e+00,2.068720375799572864e+01
1.086249999999999893e+01,6.319537342339659745e+02,2.990531867472987937e+00,8.090375936461786655e-01,0.000000000000000000e+00,2.081142045442159016e+01
1.086499999999999844e+01,6.319611967676368067e+02,2.966230388584902844e+00,8.075904073921641446e-01,0.000000000000000000e+00,2.093544882166177601e+01
1.086749999999999794e+01,6.319685985483097284e+02,2.941930140881303224e+00,8.061379742023716544e-01,0.000000000000000000e+00,2.105928772527421700e+01
1.086999999999999744e+01,6.319759395790670169e+02,2.917631131934054878e+00,8.046803399108548582e-01,0.000000000000000000e+00,2.118293603487962784e+01
1.087249999999999694e+01,6.319832198630098219e+02,2.893333369343694450e+00,8.032197142594831307e-01,0.000000000000000000e+00,2.130639255275774246e+01
1.087499999999999645e+01,6.319904394032583923e+02,2.869036860739349493e+00,8.017642109532108208e-01,0.000000000000000000e+00,2.142965720126349538e+01
1.087749999999999595e+01,6.319975982029519628e+02,2.844741613778644762e+00,8.003158611352522156e-01,0.000000000000000000e+00,2.155273051389753292e+01
1.087999999999999545e+01,6.320046962652490947e+02,2.820447636147600967e+00,7.988758244646299023e-01,0.000000000000000000e+00,2.167561345322799937e+01
1.088249999999999496e+01,6.320117335933274489e+02,2.796154935560549504e+00,7.974440608873334391e-01,0.000000000000000000e+00,2.179830718174048343e+01
1.088499999999999446e+01,6.320187101903841267e+02,2.771863519760056960e+00,7.960205216737094025e-01,0.000000000000000000e+00,2.192081285530792201e+01
1.088749999999999396e+01,6.320256260596354423e+02,2.747573396516834521e+00,7.946051302127552507e-01,0.000000000000000000e+00,2.204313162076389787e+01
1.088999999999999346e+01,6.320324812043171505e+02,2.723284573629645156e+00,7.931978271706724426e-01,0.000000000000000000e+00,2.216526461430937900e+01
1.089249999999999297e+01,6.320392756276846740e+02,2.698997058925218351e+00,7.917985570960631714e-01,0.000000000000000000e+00,2.228721296338216362e+01
1.089499999999999247e+01,6.320460093330128757e+02,2.674710860258171063e+00,7.904072600448801555e-01,0.000000000000000000e+00,2.240897778556384523e+01
1.089749999999999197e+01,6.320526823235962866e+02,2.650425985510920235e+00,7.890238691403798077e-01,0.000000000000000000e+00,2.253056018993601128e+01
1.089999999999999147e+01,6.320592946027493326e+02,2.626142442593610404e+00,7.876483212091641706e-01,0.000000000000000000e+00,2.265196127550703764e+01
1.090249999999999098e+01,6.320658461738059941e+02,2.601860239444042211e+00,7.862805724492186732e-01,0.000000000000000000e+00,2.277318213252228674e+01
1.090499999999999048e+01,6.320723370401202601e+02,2.577579384027594234e+00,7.849205501680729391e-01,0.000000000000000000e+00,2.289422384224381801e+01
1.090749999999998998e+01,6.320787672050660149e+02,2.553299884337153713e+00,7.835681908705771637e-01,0.000000000000000000e+00,2.301508747637517516e+01
1.090999999999998948e+01,6.320851366720370379e+02,2.529021748393050384e+00,7.822234412073153509e-01,0.000000000000000000e+00,2.313577409663287554e+01
1.091249999999998899e+01,6.320914454444473449e+02,2.504744984243000960e+00,7.808862514069445648e-01,0.000000000000000000e+00,2.325628475605286383e+01
1.091499999999998849e+01,6.320976935257309606e+02,2.480469599962035421e+00,7.795565440742130425e-01,0.000000000000000000e+00,2.337662049879762094e+01
1.091749999999998799e+01,6.321038809193421457e+02,2.456195603652441051e+00,7.782342698522067836e-01,0.000000000000000000e+00,2.349678235927018122e+01
1.091999999999998749e+01,6.321100076287555112e+02,2.431923003443710929e+00,7.769193612030873552e-01,0.000000000000000000e+00,2.361677136295771007e+01
1.092249999999998700e+01,6.321160736574659040e+02,2.407651807492494189e+00,7.756117707972923769e-01,0.000000000000000000e+00,2.373658852527245955e+01
1.092499999999998650e+01,6.321220790089886350e+02,2.383382023982552056e+00,7.743114315352146448e-01,0.000000000000000000e+00,2.385623485337186267e+01
1.092749999999998600e+01,6.321280236868593647e+02,2.359113661124709882e+00,7.730182903320645948e-01,0.000000000000000000e+00,2.397571134515037272e+01
1.092999999999998550e+01,6.321339076946345585e+02,2.334846727156823398e+00,7.717322858550363929e-01,0.000000000000000000e+00,2.409501898860481006e+01
1.093249999999998501e+01,6.321397310358910318e+02,2.310581230343742742e+00,7.704533631922733106e-01,0.000000000000000000e+00,2.421415876361289676e+01
1.093499999999998451e+01,6.321454937142264043e+02,2.286317178977283593e+00,7.691814603080125989e-01,0.000000000000000000e+00,2.433313164049802069e+01
1.093749999999998401e+01,6.321511957332589873e+02,2.262054581376203188e+00,7.679165251912430934e-01,0.000000000000000000e+00,2.445193858056444824e+01
1.093999999999998352e+01,6.321568370966280099e+02,2.237793445886181232e+00,7.666584901753314973e-01,0.000000000000000000e+00,2.457058053569757305e+01
1.094249999999998302e+01,6.321624178079935064e+02,2.213533780879803459e+00,7.654073061629417252e-01,0.000000000000000000e+00,2.468905844857458121e+01
1.094499999999998252e+01,6.321679378710363153e+02,2.189275594756557641e+00,7.641629099046195472e-01,0.000000000000000000e+00,2.480737325363183032e+01
1.094749999999998202e+01,6.321733972894585349e+02,2.165018895942828259e+00,7.629252564601702868e-01,0.000000000000000000e+00,2.492552587529321428e+01
1.094999999999998153e+01,6.321787960669831818e+02,2.140763692891890724e+00,7.616942788253360241e-01,0.000000000000000000e+00,2.504351722955754411e+01
1.095249999999998103e+01,6.321841342073545320e+02,2.116509994083922930e+00,7.604699157229706241e-01,0.000000000000000000e+00,2.516134822352960754e+01
1.095499999999998053e+01,6.321894117143380072e+02,2.092257808026018573e+00,7.592521146735218274e-01,0.000000000000000000e+00,2.527901975525644218e+01
1.095749999999998003e+01,6.321946285917204023e+02,2.068007143252205360e+00,7.580408239742510990e-01,0.000000000000000000e+00,2.539653271283949820e+01
1.095999999999997954e+01,6.321997848433096578e+02,2.043758008323476982e+00,7.568359768411360156e-01,0.000000000000000000e+00,2.551388797649049422e+01
1.096249999999997904e+01,6.322048804729353151e+02,2.019510411827816654e+00,7.556375288789585198e-01,0.000000000000000000e+00,2.563108641611142247e+01
1.096499999999997854e+01,6.322099154844484019e+02,1.995264362380231971e+00,7.544454098158241973e-01,0.000000000000000000e+00,2.574812889388561388e+01
1.096749999999997804e+01,6.322148898817213194e+02,1.971019868622799542e+00,7.532595787025525569e-01,0.000000000000000000e+00,2.586501626219993000e+01
1.096999999999997755e+01,6.322198036686482965e+02,1.946776939224717839e+00,7.520799666485138424e-01,0.000000000000000000e+00,2.598174936519926703e+01
1.097249999999997705e+01,6.322246568491451626e+02,1.922535582882363148e+00,7.509065279423597916e-01,0.000000000000000000e+00,2.609832903718579544e+01
1.097499999999997655e+01,6.322294494271495751e+02,1.898295808319350852e+00,7.497392051881283104e-01,0.000000000000000000e+00,2.621475610382685062e+01
1.097749999999997605e+01,6.322341814066209054e+02,1.874057624286604495e+00,7.485779384879233112e-01,0.000000000000000000e+00,2.633103138258915266e+01
1.097999999999997556e+01,6.322388527915403529e+02,1.849821039562434155e+00,7.474226735279422273e-01,0.000000000000000000e+00,2.644715568106295933e+01
1.098249999999997506e+01,6.322434635859112859e+02,1.825586062952616828e+00,7.462733588557428632e-01,0.000000000000000000e+00,2.656312979788088668e+01
1.098499999999997456e+01,6.322480137937590143e+02,1.801352703290491908e+00,7.451299341112676000e-01,0.000000000000000000e+00,2.667895452408474455e+01
1.098749999999997407e+01,6.322525034191309032e+02,1.777120969437055997e+00,7.439923535725446735e-01,0.000000000000000000e+00,2.679463064020517749e+01
1.098999999999997357e+01,6.322569324660966004e+02,1.752890870281065050e+00,7.428605530474220453e-01,0.000000000000000000e+00,2.691015891883141364e+01
1.099249999999997307e+01,6.322613009387478087e+02,1.728662414739150721e+00,7.417344814398624253e-01,0.000000000000000000e+00,2.702554012322158528e+01
1.099499999999997257e+01,6.322656088411987412e+02,1.704435611755936275e+00,7.406140807277767912e-01,0.000000000000000000e+00,2.714077500826888922e+01
1.099749999999997208e+01,6.322698561775857797e+02,1.680210470304166481e+00,7.394993045222960637e-01,0.000000000000000000e+00,2.725586431949217214e+01
1.099999999999997158e+01,6.322740429520679299e+02,1.655986999384843950e+00,7.383900905658946634e-01,0.000000000000000000e+00,2.737080879393412403e+01
1.100249999999997108e+01,6.322781691688265937e+02,1.631765208027365244e+00,7.372863918657465154e-01,0.000000000000000000e+00,2.748560915861904164e+01
1.100499999999997058e+01,6.322822348320659103e+02,1.607545105289671650e+00,7.361881413283648534e-01,0.000000000000000000e+00,2.760026613320042799e+01
1.100749999999997009e+01,6.322862399460125289e+02,1.583326700258404385e+00,7.350953001526950858e-01,0.000000000000000000e+00,2.771478042776490724e+01
1.100999999999996959e+01,6.322901845149158362e+02,1.559110002049072019e+00,7.340078085305269395e-01,0.000000000000000000e+00,2.782915274375799797e+01
1.101249999999996909e+01,6.322940685430481835e+02,1.534895019806223004e+00,7.329256122942572338e-01,0.000000000000000000e+00,2.794338377362895898e+01
1.101499999999996859e+01,6.322978920347046596e+02,1.510681762703618869e+00,7.318486555776425595e-01,0.000000000000000000e+00,2.805747420090987632e+01
1.101749999999996810e+01,6.323016549942033180e+02,1.486470239944424954e+00,7.307768839173044428e-01,0.000000000000000000e+00,2.817142470061154214e+01
1.101999999999996760e+01,6.323053574258852905e+02,1.462260460761403813e+00,7.297102554012743214e-01,0.000000000000000000e+00,2.828523593877671516e+01
1.102249999999996710e+01,6.323089993341147874e+02,1.438052434417120162e+00,7.286487122327328647e-01,0.000000000000000000e+00,2.839890857283167946e+01
1.102499999999996660e+01,6.323125807232790976e+02,1.413846170204139829e+00,7.275761967540993469e-01,0.000000000000000000e+00,2.851244204932304172e+01
1.102749999999996611e+01,6.323161014655202052e+02,1.389558345967580655e+00,7.264889367755300587e-01,0.000000000000000000e+00,2.862583646666089976e+01
1.102999999999996561e+01,6.323195615051133700e+02,1.365169438331313101e+00,7.254027286606341551e-01,0.000000000000000000e+00,2.873908999776673667e+01
1.103249999999996511e+01,6.323229605726062346e+02,1.340762310262975987e+00,7.243210856633324202e-01,0.000000000000000000e+00,2.885220284250837253e+01
1.103499999999996461e+01,6.323262986224497126e+02,1.316355482984242320e+00,7.232439553392964182e-01,0.000000000000000000e+00,2.896517561271907226e+01
1.103749999999996412e+01,6.323295756553965248e+02,1.291948957872239401e+00,7.221712850145300955e-01,0.000000000000000000e+00,2.907800891153789635e+01
1.103999999999996362e+01,6.323327916722029158e+02,1.267542736326707775e+00,7.211030176615582654e-01,0.000000000000000000e+00,2.919070333292351549e+01
1.104249999999996312e+01,6.323359466736285412e+02,1.243136819770754853e+00,7.200391027099622976e-01,0.000000000000000000e+00,2.930325946236028400e+01
1.104499999999996263e+01,6.323390406604368081e+02,1.218731209651618519e+00,7.189794903848293339e-01,0.000000000000000000e+00,2.941567787694966896e+01
1.104749999999996213e+01,6.323420736333946479e+02,1.194325907441441181e+00,7.179241207930545654e-01,0.000000000000000000e+00,2.952795914475952799e+01
1.104999999999996163e+01,6.323450455932726300e+02,1.169920914638054255e+00,7.168729455689029084e-01,0.000000000000000000e+00,2.964010382496189422e+01
1.105249999999996113e+01,6.323479565408450753e+02,1.145516232765778630e+00,7.158259102694218834e-01,0.000000000000000000e+00,2.975211246851855762e+01
1.105499999999996064e+01,6.323508064768902841e+02,1.121111863376235362e+00,7.147829550514496200e-01,0.000000000000000000e+00,2.986398561765501114e+01
1.105749999999996014e+01,6.323535954021903081e+02,1.096707808049162125e+00,7.137440381110956578e-01,0.000000000000000000e+00,2.997572380554915483e+01
1.105999999999995964e+01,6.323563233175312917e+02,1.072304068393246101e+00,7.127091092703430331e-01,0.000000000000000000e+00,3.008732755762671829e+01
1.106249999999995914e+01,6.323589902237033584e+02,1.047900646046964424e+00,7.116781088259939159e-01,0.000000000000000000e+00,3.019879738998680807e+01
1.106499999999995865e+01,6.323615961215006109e+02,1.023497542679431938e+00,7.106509806444682997e-01,0.000000000000000000e+00,3.031013381000357398e+01
1.106749999999995815e+01,6.323641410117215855e+02,9.990947599912667343e-01,7.096276794267437626e-01,0.000000000000000000e+00,3.042133731707437860e+01
1.106999999999995765e+01,6.323666248951689113e+02,9.746922997154612300e-01,7.086081494700764427e-01,0.000000000000000000e+00,3.053240840159035230e+01
1.107249999999995715e+01,6.323690477726496511e+02,9.502901636182615741e-01,7.075923425053147753e-01,0.000000000000000000e+00,3.064334754522316473e+01
1.107499999999995666e+01,6.323714096449751878e+02,9.258883535000582699e-01,7.065802058898974503e-01,0.000000000000000000e+00,3.075415522112663425e+01
1.107749999999995616e+01,6.323737105129615657e+02,9.014868711962885639e-01,7.055716882941422963e-01,0.000000000000000000e+00,3.086483189402082417e+01
1.107999999999995566e+01,6.323759503774294899e+02,8.770857185783410559e-01,7.045667378434191663e-01,0.000000000000000000e+00,3.097537802064380585e+01
1.108249999999995516e+01,6.323781292392040996e+02,8.526848975544700782e-01,7.035653021521718342e-01,0.000000000000000000e+00,3.108579404831993998e+01
1.108499999999995467e+01,6.323802470991156497e+02,8.282844100707215107e-01,7.025673394906170044e-01,0.000000000000000000e+00,3.119608041646512575e+01
1.108749999999995417e+01,6.323823039579989427e+02,8.038842581118662567e-01,7.015727854419628873e-01,0.000000000000000000e+00,3.130623755590350399e+01
1.108999999999995367e+01,6.323842998166941243e+02,7.794844437023374928e-01,7.005815940885764537e-01,0.000000000000000000e+00,3.141626588876919612e+01
1.109249999999995318e+01,6.323862346760461151e+02,7.550849689071776893e-01,6.995937212747048717e-01,0.000000000000000000e+00,3.152616582885818630e+01
1.109499999999995268e+01,6.323881085369051789e+02,7.306858358329956227e-01,6.986091138737792194e-01,0.000000000000000000e+00,3.163593778196604589e+01
1.109749999999995218e+01,6.323899214001268092e+02,7.062870466289216109e-01,6.976277194427912276e-01,0.000000000000000000e+00,3.174558214471257500e+01
1.109999999999995168e+01,6.323916732665719564e+02,6.818886034875759616e-01,6.966494902944186940e-01,0.000000000000000000e+00,3.185509930609089579e+01
1.110249999999995119e+01,6.323933641371071417e+02,6.574905086460400838e-01,6.956743766787768513e-01,0.000000000000000000e+00,3.196448964569800566e+01
1.110499999999995069e+01,6.323949940126043430e+02,6.330927643868352606e-01,6.947023280999808925e-01,0.000000000000000000e+00,3.207375353589846867e+01
1.110749999999995019e+01,6.323965628939413364e+02,6.086953730389059736e-01,6.937332956728006206e-01,0.000000000000000000e+00,3.218289133998985818e+01
1.110999999999994969e+01,6.323980707820016960e+02,5.842983369786041159e-01,6.927672331477322532e-01,0.000000000000000000e+00,3.229190341301016076e+01
1.111249999999994920e+01,6.323995176776751350e+02,5.599016586306843068e-01,6.918040862056544782e-01,0.000000000000000000e+00,3.240079010170403961e+01
1.111499999999994870e+01,6.324009035818572784e+02,5.355053404692987629e-01,6.908438107064146516e-01,0.000000000000000000e+00,3.250955174463531705e+01
1.111749999999994820e+01,6.324022284954500037e+02,5.111093850189950549e-01,6.898863564425254946e-01,0.000000000000000000e+00,3.261818867208941697e+01
1.111999999999994770e+01,6.324034924193616689e+02,4.867137948557193061e-01,6.889316810811304537e-01,0.000000000000000000e+00,3.272670120591791942e+01
1.112249999999994721e+01,6.324046953545068845e+02,4.623185726078218316e-01,6.879797309020374563e-01,0.000000000000000000e+00,3.283508966041954125e+01
1.112499999999994671e+01,6.324058373018069688e+02,4.379237209570616129e-01,6.870304628136386649e-01,0.000000000000000000e+00,3.294335434090726267e+01
1.112749999999994621e+01,6.324069182621899472e+02,4.135292426396148247e-01,6.860838284083243810e-01,0.000000000000000000e+00,3.305149554560145475e+01
1.112999999999994571e+01,6.324079382365908941e+02,3.891351404470878572e-01,6.851397760124962044e-01,0.000000000000000000e+00,3.315951356338263878e+01
1.113249999999994522e+01,6.324088972259515913e+02,3.647414172275263433e-01,6.841982657230153420e-01,0.000000000000000000e+00,3.326740867593242257e+01
1.113499999999994472e+01,6.324097952312212101e+02,3.403480758864318445e-01,6.832592448978795918e-01,0.000000000000000000e+00,3.337518115608494895e+01
1.113749999999994422e+01,6.324106322533560842e+02,3.159551193877734865e-01,6.823226699378013294e-01,0.000000000000000000e+00,3.348283126902904172e+01
1.113999999999994373e+01,6.324114082933200507e+02,2.915625507550032025e-01,6.813884903370247548e-01,0.000000000000000000e+00,3.359035927200727656e+01
1.114249999999994323e+01,6.324121233520845635e+02,2.671703730720668135e-01,6.804566676776470091e-01,0.000000000000000000e+00,3.369776541411334136e+01
1.114499999999994273e+01,6.324127774306286938e+02,2.427785894844149972e-01,6.795271500373355478e-01,0.000000000000000000e+00,3.380504993633332589e+01
1.114749999999994223e+01,6.324133705299395842e+02,2.183872032000160890e-01,6.785998998254428871e-01,0.000000000000000000e+00,3.391221307176350308e+01
1.114999999999994174e+01,6.324139026510123358e+02,1.939962174903651360e-01,6.776748616494753241e-01,0.000000000000000000e+00,3.401925504580142956e+01
1.115249999999994124e+01,6.324143737948503485e+02,1.696056356914892871e-01,6.767519966740795923e-01,0.000000000000000000e+00,3.412617607586386015e+01
1.115499999999994074e+01,6.324147839624652079e+02,1.452154612049528504e-01,6.758312631045202412e-01,0.000000000000000000e+00,3.423297637146312411e+01
1.115749999999994024e+01,6.324151331548772532e+02,1.208256974988593524e-01,6.749126108405599789e-01,0.000000000000000000e+00,3.433965613436042474e+01
1.115999999999993975e+01,6.324154213731154641e+02,9.643634810884960107e-02,6.739959977399728741e-01,0.000000000000000000e+00,3.444621555866502405e+01
1.116249999999993925e+01,6.324156486182175740e+02,7.204741663909630667e-02,6.730813790315443024e-01,0.000000000000000000e+00,3.455265483045675978e+01
1.116499999999993875e+01,6.324158148912306388e+02,4.765890676329548326e-02,6.721687112820177168e-01,0.000000000000000000e+00,3.465897412845234982e+01
1.116749999999993825e+01,6.324159201932106953e+02,2.327082222565202141e-02,6.712579517456019884e-01,0.000000000000000000e+00,3.476517362288671364e+01
