Time (s),Altitude (m),Velocity (m/s),Angular Velocity (rad/s),Fin Tab Angle (deg),Angular Position (deg)
0.000000000000000000e+00,1.000000000000000021e-02,0.000000000000000000e+00,0.000000000000000000e+00,0.000000000000000000e+00,0.000000000000000000e+00
2.500000000000000052e-03,9.988416931170723823e-03,1.255370004369053480e-02,0.000000000000000000e+00,0.000000000000000000e+00,0.000000000000000000e+00
5.000000000000000104e-03,1.005026686577177066e-02,9.917803995733909250e-02,0.000000000000000000e+00,0.000000000000000000e+00,0.000000000000000000e+00
7.499999999999999722e-03,1.037073080896642324e-02,2.598807721099445356e-01,0.000000000000000000e+00,0.000000000000000000e+00,0.000000000000000000e+00
1.000000000000000021e-02,1.113951757246272635e-02,4.772269400804665107e-01,0.000000000000000000e+00,0.000000000000000000e+00,0.000000000000000000e+00
1.250000000000000069e-02,1.246262510410682013e-02,7.148768705257525502e-01,0.000000000000000000e+00,0.000000000000000000e+00,0.000000000000000000e+00
1.500000000000000118e-02,1.439095360188901059e-02,9.706212233791828847e-01,0.000000000000000000e+00,0.000000000000000000e+00,0.000000000000000000e+00
1.750000000000000167e-02,1.696564083339689721e-02,1.233561276660058326e+00,0.000000000000000000e+00,0.000000000000000000e+00,0.000000000000000000e+00
2.000000000000000042e-02,2.020023716856505017e-02,1.501009424874662379e+00,0.000000000000000000e+00,0.000000000000000000e+00,0.000000000000000000e+00
2.249999999999999917e-02,2.410601312726106185e-02,1.772966175614055340e+00,0.000000000000000000e+00,0.000000000000000000e+00,0.000000000000000000e+00
2.499999999999999792e-02,2.869424049788180456e-02,2.049432030077482203e+00,0.000000000000000000e+00,0.000000000000000000e+00,0.000000000000000000e+00
2.749999999999999667e-02,3.397619232821005170e-02,2.330407497088617941e+00,-3.181063477676441096e-16,0.000000000000000000e+00,0.000000000000000000e+00
2.999999999999999542e-02,3.996386431891021940e-02,2.613102639703915653e+00,1.623086140589357605e-15,0.000000000000000000e+00,4.903918249690973935e-16
3.249999999999999417e-02,4.665585810079273671e-02,2.891702310474367987e+00,-3.514189531005403718e-16,0.000000000000000000e+00,2.265638286229527072e-15
3.499999999999999639e-02,5.404193426229040448e-02,3.166044499232794962e+00,1.624289581379038483e-14,0.000000000000000000e+00,6.903617238424563969e-15
3.749999999999999861e-02,6.211144838569010451e-02,3.436127941188882318e+00,2.621204762834385442e-14,0.000000000000000000e+00,1.318731824880775053e-14
4.000000000000000083e-02,7.085375291494339089e-02,3.701951413963572968e+00,9.857121487266370609e-14,0.000000000000000000e+00,2.096074837266989575e-14
4.250000000000000305e-02,8.025819725780468372e-02,3.963513731919980465e+00,5.132224803718786395e-14,0.000000000000000000e+00,2.718033913275718362e-14
4.500000000000000527e-02,9.031412787508552587e-02,4.220813740330839003e+00,9.409064787859952241e-14,0.000000000000000000e+00,3.415954313172272227e-14
4.750000000000000749e-02,1.010108883555336234e-01,4.473850311304983229e+00,2.000279026127051030e-13,0.000000000000000000e+00,3.853351982703301827e-14
5.000000000000000971e-02,1.123378194810003144e-01,4.722622340252553563e+00,1.201917008211501182e-13,0.000000000000000000e+00,3.738555715803643422e-14
5.250000000000001193e-02,1.242842592830573911e-01,4.967214370310498950e+00,1.436960366993783457e-13,0.000000000000000000e+00,3.409811694706449173e-14
5.500000000000001416e-02,1.368404333867684619e-01,5.210723697896026962e+00,-1.788126941693880047e-14,0.000000000000000000e+00,3.409811694706449173e-14
5.750000000000001638e-02,1.500056100575661300e-01,5.454636908876374868e+00,7.138229281168460618e-14,0.000000000000000000e+00,3.409811694706449173e-14
6.000000000000001860e-02,1.637807989488646310e-01,5.698953905773151085e+00,3.206796628736693096e-13,0.000000000000000000e+00,3.409811694706449173e-14
6.250000000000001388e-02,1.781670094731922782e-01,5.943674595382359982e+00,3.782042630369337508e-13,0.000000000000000000e+00,3.409811694706449173e-14
6.500000000000001610e-02,1.931652508116272482e-01,6.188798887696044915e+00,2.712511184941102537e-13,0.000000000000000000e+00,3.409811694706449173e-14
6.750000000000001832e-02,2.087765319215818816e-01,6.434326695642412552e+00,5.776321210024410249e-13,0.000000000000000000e+00,2.460081128255090446e-14
7.000000000000002054e-02,2.250018615434414282e-01,6.680257938690872699e+00,4.827945910021736900e-14,0.000000000000000000e+00,2.590341063109483015e-14
7.250000000000002276e-02,2.418422482464021028e-01,6.926592582746945226e+00,-1.671424076849321637e-14,0.000000000000000000e+00,3.218806554467176450e-14
7.500000000000002498e-02,2.592987005435657411e-01,7.173330627168198248e+00,2.668561298085087620e-13,0.000000000000000000e+00,3.815651453598463924e-14
7.750000000000002720e-02,2.773722269340320734e-01,7.420472066742751061e+00,3.227929308960783315e-13,0.000000000000000000e+00,6.446810423283112488e-14
8.000000000000002942e-02,2.960638358955768878e-01,7.668016886872797144e+00,3.661364845013472776e-13,0.000000000000000000e+00,1.143312454735104391e-13
8.250000000000003164e-02,3.153745358649193142e-01,7.915965063580930661e+00,3.382622765409621698e-13,0.000000000000000000e+00,2.078320435679970436e-13
8.500000000000003386e-02,3.353053352142393306e-01,8.164316564397951836e+00,8.642356269282495509e-13,0.000000000000000000e+00,3.742001930886518051e-13
8.750000000000003608e-02,3.558572422297481275e-01,8.413071348555392959e+00,5.057307876076131049e-13,0.000000000000000000e+00,6.071036704256400278e-13
8.999999999999999667e-02,3.770312650920886743e-01,8.662229368553045816e+00,1.406301423422172561e-12,0.000000000000000000e+00,9.358130812176718889e-13
9.249999999999999889e-02,3.988284377301608563e-01,8.912204604551542175e+00,5.132566851590509798e-13,0.000000000000000000e+00,1.353830069502713695e-12
9.500000000000000111e-02,4.212512473902090826e-01,9.163411135829878873e+00,3.390379660897185441e-12,0.000000000000000000e+00,1.925087397446476428e-12
9.750000000000000333e-02,4.443027723625882497e-01,9.415849055451026572e+00,5.345865464934751532e-12,0.000000000000000000e+00,2.582509609560933829e-12
1.000000000000000056e-01,4.679860911669055379e-01,9.669518450410635069e+00,6.766709366850219973e-12,0.000000000000000000e+00,3.291822472909546387e-12
1.025000000000000078e-01,4.923042825370372855e-01,9.924419401971322330e+00,6.668265348835534030e-12,0.000000000000000000e+00,3.996618573925573541e-12
1.050000000000000100e-01,5.172604254069450569e-01,1.018055198591991228e+01,4.293669609263045564e-12,0.000000000000000000e+00,4.728610176782631657e-12
1.075000000000000122e-01,5.428575988971704458e-01,1.043791627293560786e+01,9.646019567597467686e-12,0.000000000000000000e+00,5.552596105824022545e-12
1.100000000000000006e-01,5.690988823021533305e-01,1.069651232871285629e+01,7.555732814152606056e-12,0.000000000000000000e+00,6.377012705004689134e-12
1.125000000000000028e-01,5.959873004791039763e-01,1.095546642467182785e+01,2.362316360872609685e-12,0.000000000000000000e+00,7.212067870126549876e-12
1.150000000000000050e-01,6.235228110274971813e-01,1.121390461565311014e+01,1.014014586316720820e-13,0.000000000000000000e+00,8.222045561377743254e-12
1.175000000000000072e-01,6.517041240326648666e-01,1.147182663404818470e+01,-9.096734319299789171e-12,0.000000000000000000e+00,9.414980092094483417e-12
1.200000000000000094e-01,6.805299489108562749e-01,1.172923221178645647e+01,9.398317169975565886e-12,0.000000000000000000e+00,1.100236960470136530e-11
1.225000000000000117e-01,7.099989942686317779e-01,1.198612081556591313e+01,1.098873894135234660e-11,0.000000000000000000e+00,1.271827186697135989e-11
1.250000000000000000e-01,7.401099672767944559e-01,1.224249186342686713e+01,8.030723727609231851e-12,0.000000000000000000e+00,1.463382705853000883e-11
1.275000000000000022e-01,7.708615739170886494e-01,1.249834505530408357e+01,4.112602252149870434e-12,0.000000000000000000e+00,1.679550743015696051e-11
1.300000000000000044e-01,8.022525193812487521e-01,1.275368007988425845e+01,8.490055309392691581e-12,0.000000000000000000e+00,1.919049878855413463e-11
1.325000000000000067e-01,8.342813715075716452e-01,1.300873483969114908e+01,5.253170728370552924e-12,0.000000000000000000e+00,2.185249639069326893e-11
1.350000000000000089e-01,8.669481902012999841e-01,1.326447503433747599e+01,-1.203758487498048742e-11,0.000000000000000000e+00,2.477973629947694425e-11
1.375000000000000111e-01,9.002548091919804207e-01,1.352100767614579802e+01,-3.854994706484131863e-11,0.000000000000000000e+00,2.828423018819835636e-11
1.400000000000000133e-01,9.342032095604927422e-01,1.377833270043541880e+01,-2.791566101352695725e-11,0.000000000000000000e+00,3.269613221893757392e-11
1.425000000000000155e-01,9.687953722244223576e-01,1.403645003971152327e+01,3.267806086377679720e-11,0.000000000000000000e+00,3.803576583488805203e-11
1.450000000000000178e-01,1.004033277931047463e+00,1.429535962370637492e+01,2.216846589061474981e-11,0.000000000000000000e+00,4.361646349575608295e-11
1.475000000000000200e-01,1.039918907250428237e+00,1.455506137941598688e+01,1.903998439055336510e-11,0.000000000000000000e+00,4.961511630758036130e-11
1.500000000000000222e-01,1.076454240568583742e+00,1.481555523113351747e+01,5.720100266175550538e-11,0.000000000000000000e+00,5.618092088356331235e-11
1.525000000000000244e-01,1.113641258080752205e+00,1.507684110047852677e+01,6.175763386621213685e-11,0.000000000000000000e+00,6.286530316546073885e-11
1.550000000000000266e-01,1.151481939784720465e+00,1.533891890642264677e+01,1.692951720392486387e-10,0.000000000000000000e+00,6.965335966530037815e-11
1.575000000000000289e-01,1.189978265474217700e+00,1.560178856531323177e+01,2.410922307892105919e-10,0.000000000000000000e+00,7.563042035543493222e-11
1.600000000000000311e-01,1.229132214732366668e+00,1.586544999089406893e+01,1.506550768115196545e-10,0.000000000000000000e+00,7.983237804082569302e-11
1.625000000000000333e-01,1.268945766925184016e+00,1.612990309432306546e+01,7.226418668114945310e-11,0.000000000000000000e+00,8.295159483157344349e-11
1.650000000000000355e-01,1.309420901195124998e+00,1.639514778418811858e+01,9.285966135493628082e-11,0.000000000000000000e+00,8.565716096065881254e-11
1.675000000000000377e-01,1.350559596454665501e+00,1.666118396652077394e+01,2.235759060014398569e-10,0.000000000000000000e+00,8.809305944671080348e-11
1.700000000000000400e-01,1.392363831379918260e+00,1.692801154480691750e+01,2.330582099385721282e-10,0.000000000000000000e+00,8.874948394335139190e-11
1.725000000000000422e-01,1.434835584404273279e+00,1.719563041999687059e+01,1.645944588090659503e-10,0.000000000000000000e+00,8.729762505751808530e-11
1.750000000000000444e-01,1.477976833712063787e+00,1.746404049051365348e+01,2.213436699212120747e-10,0.000000000000000000e+00,8.433232130986641669e-11
1.775000000000000466e-01,1.521789557232251289e+00,1.773321679199364098e+01,2.257321334425225661e-10,0.000000000000000000e+00,7.917869455594343724e-11
1.800000000000000488e-01,1.566275474149930291e+00,1.800225966731646920e+01,2.302109698072857906e-10,0.000000000000000000e+00,7.175225340362396841e-11
1.825000000000000511e-01,1.611433677285252886e+00,1.827073714069401333e+01,1.890432849888138333e-10,0.000000000000000000e+00,6.155271290622220344e-11
1.850000000000000533e-01,1.657262752943790884e+00,1.853864887803043260e+01,3.048063733957473472e-10,0.000000000000000000e+00,4.895514523046762138e-11
1.875000000000000555e-01,1.703761286596538360e+00,1.880599454638939960e+01,3.820916598814410534e-10,0.000000000000000000e+00,3.319386805559876459e-11
1.900000000000000577e-01,1.750927862882818653e+00,1.907277381400908922e+01,4.322477649295088597e-10,0.000000000000000000e+00,1.279244077429944871e-11
1.925000000000000600e-01,1.798761065613227572e+00,1.933898635031554392e+01,2.647717520440954835e-10,0.000000000000000000e+00,-1.229999398906229927e-11
1.950000000000000622e-01,1.847259477772609459e+00,1.960463182593312226e+01,1.282355018291166243e-10,0.000000000000000000e+00,-4.167070853629743027e-11
1.975000000000000644e-01,1.896421681523058123e+00,1.986970991269289044e+01,1.428797442439187697e-10,0.000000000000000000e+00,-7.461617843385632225e-11
2.000000000000000666e-01,1.946246258206937307e+00,2.013422028364097116e+01,6.203990793501191249e-10,0.000000000000000000e+00,-1.113410401923854790e-10
2.025000000000000688e-01,1.996731788349922709e+00,2.039818391361030692e+01,7.292534060885812762e-10,0.000000000000000000e+00,-1.554193203245653158e-10
2.050000000000000711e-01,2.047877073134857451e+00,2.066237122316134389e+01,3.052958245060617461e-10,0.000000000000000000e+00,-2.076431772264425652e-10
2.075000000000000733e-01,2.099683162997699082e+00,2.092715191063759050e+01,4.603595643833890447e-10,0.000000000000000000e+00,-2.656625573954803625e-10
2.100000000000000755e-01,2.152151541303922500e+00,2.119252583657860711e+01,4.687655812429835057e-10,0.000000000000000000e+00,-3.317370455909448121e-10
2.125000000000000777e-01,2.205283691069280128e+00,2.145849285962845698e+01,5.984745497256438415e-10,0.000000000000000000e+00,-4.049332104557118385e-10
2.150000000000000799e-01,2.259081094955054159e+00,2.172505283652711938e+01,1.089332433381448449e-09,0.000000000000000000e+00,-4.869248173519808012e-10
2.175000000000000822e-01,2.313545235263295474e+00,2.199220562210026486e+01,8.263957870410455180e-10,0.000000000000000000e+00,-5.816107893233305083e-10
2.200000000000000844e-01,2.368677593932027481e+00,2.225995106924852607e+01,1.225853832134755839e-09,0.000000000000000000e+00,-6.890123394586540917e-10
2.225000000000000866e-01,2.424479652530430407e+00,2.252828902893691421e+01,1.287151812283857298e-09,0.000000000000000000e+00,-8.103381564126152787e-10
2.250000000000000888e-01,2.480952892253993181e+00,2.279721935018055490e+01,1.514060177433163244e-09,0.000000000000000000e+00,-9.479220102001398956e-10
2.275000000000000910e-01,2.538098793919631557e+00,2.306674188003253789e+01,1.147954758391686533e-09,0.000000000000000000e+00,-1.103105503433481285e-09
2.300000000000000100e-01,2.595918837960775605e+00,2.333685646357103494e+01,1.845555007713480349e-09,0.000000000000000000e+00,-1.275333277719879651e-09
2.325000000000000122e-01,2.654414480409379884e+00,2.360717868513368600e+01,3.245925213727354155e-09,0.000000000000000000e+00,-1.469126199732128003e-09
2.350000000000000144e-01,2.713585827997804234e+00,2.387732405263852442e+01,3.499878757053715393e-09,0.000000000000000000e+00,-1.694293761566579317e-09
2.375000000000000167e-01,2.773432438435274427e+00,2.414729229182366055e+01,3.374171221257234913e-09,0.000000000000000000e+00,-1.952194017759211330e-09
2.400000000000000189e-01,2.833953868745439308e+00,2.441708312855545415e+01,3.562859353874591370e-09,0.000000000000000000e+00,-2.243277678561453233e-09
2.425000000000000211e-01,2.895149675266683431e+00,2.468669628881972855e+01,4.104833119198105908e-09,0.000000000000000000e+00,-2.570944714838362114e-09
2.450000000000000233e-01,2.957019413652423268e+00,2.495613149871367753e+01,3.415852975344882269e-09,0.000000000000000000e+00,-2.941417467899124677e-09
2.475000000000000255e-01,3.019562638871381655e+00,2.522538848443548432e+01,4.412694141536146182e-09,0.000000000000000000e+00,-3.351139589864976934e-09
2.500000000000000000e-01,3.082778905207830267e+00,2.549446697227240577e+01,4.747899631010409720e-09,0.000000000000000000e+00,-3.807353555648908203e-09
2.525000000000000022e-01,3.146667766261808108e+00,2.576336668858914436e+01,5.673768705295591196e-09,0.000000000000000000e+00,-4.314728471914651035e-09
2.550000000000000044e-01,3.211228774949307141e+00,2.603208735981811728e+01,6.659771740992039307e-09,0.000000000000000000e+00,-4.879784808193691073e-09
2.575000000000000067e-01,3.276461483502437488e+00,2.630062871244658851e+01,5.268879068562001823e-09,0.000000000000000000e+00,-5.509832447721518329e-09
2.600000000000000089e-01,3.342365443469553110e+00,2.656899047299919303e+01,6.540025472088615010e-09,0.000000000000000000e+00,-6.202462262022538323e-09
2.625000000000000111e-01,3.408940205715338845e+00,2.683717236802492678e+01,7.432495679733719306e-09,0.000000000000000000e+00,-6.964255479358271032e-09
2.650000000000000133e-01,3.476185320420861924e+00,2.710517412408411175e+01,7.646414668085309925e-09,0.000000000000000000e+00,-7.802203909327581207e-09
2.675000000000000155e-01,3.544100337083593288e+00,2.737299546773193271e+01,6.572912019777804506e-09,0.000000000000000000e+00,-8.721606808241872784e-09
2.700000000000000178e-01,3.612684804517383608e+00,2.764063612550269866e+01,5.140137321225134361e-09,0.000000000000000000e+00,-9.720789334121257008e-09
2.725000000000000200e-01,3.681938270852405104e+00,2.790809582389279342e+01,5.132856649632908166e-09,0.000000000000000000e+00,-1.079728388787856496e-08
2.750000000000000222e-01,3.751860283535043195e+00,2.817537428934348043e+01,6.819319715282747346e-09,0.000000000000000000e+00,-1.195467752791102596e-08
2.775000000000000244e-01,3.822450389327750386e+00,2.844247124822233630e+01,6.311854050567841627e-09,0.000000000000000000e+00,-1.320158145079435258e-08
2.800000000000000266e-01,3.893708134308852653e+00,2.870938642680496500e+01,6.633149194667502576e-09,0.000000000000000000e+00,-1.454038772169240724e-08
2.825000000000000289e-01,3.965633063872304742e+00,2.897611955125393735e+01,7.801012741058787807e-09,0.000000000000000000e+00,-1.597873036375387905e-08
2.850000000000000311e-01,4.038224722727399296e+00,2.924267034760134010e+01,8.411336254982408759e-09,0.000000000000000000e+00,-1.752236670566179893e-08
2.875000000000000333e-01,4.111482654898430233e+00,2.950903854172742768e+01,1.043404513401127671e-08,0.000000000000000000e+00,-1.918042424948089199e-08
2.899999999999999800e-01,4.185406403724297952e+00,2.977522385934048543e+01,1.065153338019930306e-08,0.000000000000000000e+00,-2.096592872530730236e-08
2.924999999999999822e-01,4.259995521053584255e+00,3.004137316386130507e+01,6.577339547784000320e-09,0.000000000000000000e+00,-2.287952733581222902e-08
2.949999999999999845e-01,4.335250074558638644e+00,3.030763334223517091e+01,6.082789775083855613e-09,0.000000000000000000e+00,-2.491244358657812184e-08
2.974999999999999867e-01,4.411170341288905838e+00,3.057400415611475353e+01,5.511683444142548794e-09,0.000000000000000000e+00,-2.706568690802145172e-08
2.999999999999999889e-01,4.487756597697330818e+00,3.084048536603202706e+01,3.437972279122796149e-09,0.000000000000000000e+00,-2.934129633240064273e-08
3.024999999999999911e-01,4.565009119637545076e+00,3.110707673137100571e+01,1.385918176160543855e-09,0.000000000000000000e+00,-3.173441167016399767e-08
3.049999999999999933e-01,4.642928182360980038e+00,3.137377801034251590e+01,-4.650066459793362217e-10,0.000000000000000000e+00,-3.424320224853804439e-08
3.074999999999999956e-01,4.721514060513920974e+00,3.164058895995639276e+01,-1.779600270997429375e-09,0.000000000000000000e+00,-3.686238778832769144e-08
3.099999999999999978e-01,4.800767028134484526e+00,3.190750933599182559e+01,-5.399673403738406874e-09,0.000000000000000000e+00,-3.959194212044045135e-08
3.125000000000000000e-01,4.880687358649529628e+00,3.217453889296889002e+01,-6.475162085135808049e-09,0.000000000000000000e+00,-4.242082871331051708e-08
3.150000000000000022e-01,4.961275324871490255e+00,3.244167738412074442e+01,-8.253340609332662514e-09,0.000000000000000000e+00,-4.534467355710282561e-08
3.175000000000000044e-01,5.042531198995145125e+00,3.270892456136287763e+01,-1.206712250931115439e-08,0.000000000000000000e+00,-4.836689234486222920e-08
3.200000000000000067e-01,5.124455252594302124e+00,3.297628017526245969e+01,-1.062856253309441758e-08,0.000000000000000000e+00,-5.146825342082031410e-08
3.225000000000000089e-01,5.207047756618412571e+00,3.324374397500752565e+01,-1.509414814076090155e-08,0.000000000000000000e+00,-5.465787037026886944e-08
3.250000000000000111e-01,5.290308981389105547e+00,3.351131570837630136e+01,-1.825856874017060840e-08,0.000000000000000000e+00,-5.792687535033188369e-08
3.275000000000000133e-01,5.374239196596644952e+00,3.377899512170652940e+01,-1.898096813263767280e-08,0.000000000000000000e+00,-6.126455657786176221e-08
3.300000000000000155e-01,5.458838671296311951e+00,3.404678195986322464e+01,-1.227020238462611215e-08,0.000000000000000000e+00,-6.467045218803647815e-08
3.325000000000000178e-01,5.544107673904703049e+00,3.431467596620638716e+01,-1.144152149977568730e-08,0.000000000000000000e+00,-6.817169704985463472e-08
3.350000000000000200e-01,5.630046472195950003e+00,3.458267688255846650e+01,-8.641994798272744863e-09,0.000000000000000000e+00,-7.177079894299147984e-08
3.375000000000000222e-01,5.716655333297858910e+00,3.485078444917159857e+01,-1.854022924072703935e-09,0.000000000000000000e+00,-7.548145571659671135e-08
3.400000000000000244e-01,5.803934523687962255e+00,3.511899840469417455e+01,-1.129803080104338532e-08,0.000000000000000000e+00,-7.933216964571268706e-08
3.425000000000000266e-01,5.891884309189493685e+00,3.538731848613767283e+01,-1.145967070136332993e-08,0.000000000000000000e+00,-8.329511056426821085e-08
3.450000000000000289e-01,5.980504954967274855e+00,3.565574442884364714e+01,-1.070640540173392466e-08,0.000000000000000000e+00,-8.737250931060710410e-08
3.475000000000000311e-01,6.069796725523523229e+00,3.592427596644908760e+01,-1.738350743170120116e-08,0.000000000000000000e+00,-9.157636948444256165e-08
3.500000000000000333e-01,6.159759884693570164e+00,3.619291283085229338e+01,-1.492004276869853040e-08,0.000000000000000000e+00,-9.587961481280815583e-08
3.525000000000000355e-01,6.250394695641493747e+00,3.646165475218040797e+01,-1.935918745669378626e-08,0.000000000000000000e+00,-1.002955391809656598e-07
3.550000000000000377e-01,6.341701420855674343e+00,3.673050145875442496e+01,-2.713807759103657440e-08,0.000000000000000000e+00,-1.048148713259857892e-07
3.575000000000000400e-01,6.433680322144258668e+00,3.699945267705446383e+01,-3.221671180145786349e-08,0.000000000000000000e+00,-1.094116172913887977e-07
3.600000000000000422e-01,6.526331660630538600e+00,3.726850813168679366e+01,-3.597581946953660336e-08,0.000000000000000000e+00,-1.140659049607274729e-07
3.625000000000000444e-01,6.619655696748244722e+00,3.753766754534920125e+01,-2.759409355122478450e-08,0.000000000000000000e+00,-1.187715585484366258e-07
3.650000000000000466e-01,6.713652690236759035e+00,3.780693063879703431e+01,-3.059976417488963911e-08,0.000000000000000000e+00,-1.235540521985578098e-07
3.675000000000000488e-01,6.808322900136237976e+00,3.807629713080800116e+01,-3.388540843198804027e-08,0.000000000000000000e+00,-1.284093173415268148e-07
3.700000000000000511e-01,6.903666584782650162e+00,3.834576673815041659e+01,-3.781591019125116917e-08,0.000000000000000000e+00,-1.333271856649913487e-07
3.725000000000000533e-01,6.999684001802731537e+00,3.861533917554908157e+01,-5.353118050800861480e-08,0.000000000000000000e+00,-1.383015523813373623e-07
3.750000000000000555e-01,7.096375408108857918e+00,3.888501415564729768e+01,-6.094224214275973537e-08,0.000000000000000000e+00,-1.432805287452397101e-07
3.775000000000000577e-01,7.193741059893823397e+00,3.915479138897843825e+01,-7.328597642820468606e-08,0.000000000000000000e+00,-1.482472111995721476e-07
3.800000000000000600e-01,7.291781212625548569e+00,3.942467058393297208e+01,-6.973158154321723158e-08,0.000000000000000000e+00,-1.531547705567323463e-07
3.825000000000000622e-01,7.390496121041699951e+00,3.969465144672341239e+01,-7.465333926785381337e-08,0.000000000000000000e+00,-1.580121704523178242e-07
3.850000000000000644e-01,7.489886039144229457e+00,3.996473368135498561e+01,-6.979761026098979230e-08,0.000000000000000000e+00,-1.628045412551951289e-07
3.875000000000000666e-01,7.589951220193841941e+00,4.023491698959686858e+01,-7.016464619024492968e-08,0.000000000000000000e+00,-1.675486040085668977e-07
3.900000000000000688e-01,7.690691916704382791e+00,4.050520107094503430e+01,-7.376388906197719460e-08,0.000000000000000000e+00,-1.722424129588788838e-07
3.925000000000000711e-01,7.792108380437134940e+00,4.077558562259252994e+01,-8.863124808968286344e-08,0.000000000000000000e+00,-1.768668560202610796e-07
3.950000000000000733e-01,7.894200862395051921e+00,4.104607033941005767e+01,-6.920453045872413166e-08,0.000000000000000000e+00,-1.813815070352735630e-07
3.975000000000000755e-01,7.996969612816935857e+00,4.131665491390627665e+01,-6.101075014613332283e-08,0.000000000000000000e+00,-1.858431656198874519e-07
4.000000000000000777e-01,8.100414881965932068e+00,4.158733211559174947e+01,-6.340240487776588070e-08,0.000000000000000000e+00,-1.902685467110827188e-07
4.025000000000000799e-01,8.204536877753451307e+00,4.185803920160454084e+01,-6.231778554042519536e-08,0.000000000000000000e+00,-1.946471153407098473e-07
4.050000000000000822e-01,8.309335649288865255e+00,4.212876045644914313e+01,-7.226699145798321202e-08,0.000000000000000000e+00,-1.989851990918877342e-07
4.075000000000000844e-01,8.414811231811214043e+00,4.239949555686257554e+01,-9.029678775411790578e-08,0.000000000000000000e+00,-2.032592681862223903e-07
4.100000000000000866e-01,8.520963659750135477e+00,4.267024417738443276e+01,-8.081808377860536360e-08,0.000000000000000000e+00,-2.074210973194175764e-07
4.125000000000000888e-01,8.627792966720363665e+00,4.294100599034314314e+01,-8.766005461749042269e-08,0.000000000000000000e+00,-2.114923982967043520e-07
4.150000000000000910e-01,8.735299185516197440e+00,4.321178066583777166e+01,-1.140146057932450866e-07,0.000000000000000000e+00,-2.154372001043665124e-07
4.175000000000000933e-01,8.843482348105901281e+00,4.348256787170240045e+01,-9.199118677438301679e-08,0.000000000000000000e+00,-2.191911152102819518e-07
4.200000000000000955e-01,8.952342485626036961e+00,4.375336727349848331e+01,-7.907856596048681649e-08,0.000000000000000000e+00,-2.228133207986404669e-07
4.225000000000000977e-01,9.061879628375782758e+00,4.402417853451108698e+01,-8.539168360861053955e-08,0.000000000000000000e+00,-2.263454517071865117e-07
4.250000000000000999e-01,9.172093805811229572e+00,4.429500131573018962e+01,-7.609983285492611564e-08,0.000000000000000000e+00,-2.297607412126128421e-07
4.275000000000001021e-01,9.282985046539630858e+00,4.456583527582450444e+01,-9.985900212251175019e-08,0.000000000000000000e+00,-2.330612854699225234e-07
4.300000000000001044e-01,9.394553378313586833e+00,4.483668007113734433e+01,-1.051723438709656354e-07,0.000000000000000000e+00,-2.362062545729393184e-07
4.325000000000001066e-01,9.506798828025251780e+00,4.510753535568192518e+01,-1.212316055129093461e-07,0.000000000000000000e+00,-2.391576050735693375e-07
4.350000000000001088e-01,9.619721421700472064e+00,4.537840078113061537e+01,-1.146500095892793164e-07,0.000000000000000000e+00,-2.418882156077337394e-07
4.375000000000001110e-01,9.733321184492941924e+00,4.564927599680647319e+01,-1.271065302986493815e-07,0.000000000000000000e+00,-2.443996086331987374e-07
4.400000000000001132e-01,9.847598140678346823e+00,4.592016064968952804e+01,-1.361260281958836547e-07,0.000000000000000000e+00,-2.466652305002273568e-07
4.425000000000001155e-01,9.962552313648469493e+00,4.619105438441520306e+01,-1.150104038363734495e-07,0.000000000000000000e+00,-2.486535267457834715e-07
4.450000000000001177e-01,1.007818372590537415e+01,4.646195684328620246e+01,-1.103408583349305747e-07,0.000000000000000000e+00,-2.504161347258548721e-07
4.475000000000001199e-01,1.019449239905555160e+01,4.673286766626769406e+01,-9.713977528519951321e-08,0.000000000000000000e+00,-2.519567406680545355e-07
4.500000000000001221e-01,1.031147835380406796e+01,4.700378649098139761e+01,-8.953487752531078015e-08,0.000000000000000000e+00,-2.533134058498474789e-07
4.525000000000001243e-01,1.042914160994873107e+01,4.727471295272655283e+01,-9.136774906377063968e-08,0.000000000000000000e+00,-2.544834400402936462e-07
4.550000000000001266e-01,1.054748218637427648e+01,4.754564668448119136e+01,-1.004774833159731063e-07,0.000000000000000000e+00,-2.554849774114197946e-07
4.575000000000001288e-01,1.066650010104655699e+01,4.781658731691194220e+01,-8.802635161534370717e-08,0.000000000000000000e+00,-2.562670434544044547e-07
4.600000000000001310e-01,1.078619537100680859e+01,4.808753447840470585e+01,-6.613931400804942856e-08,0.000000000000000000e+00,-2.568813241999765312e-07
4.625000000000001332e-01,1.090656801236594475e+01,4.835848779509633033e+01,-5.611425965034227042e-08,0.000000000000000000e+00,-2.573558580961274195e-07
4.650000000000001354e-01,1.102761804029892900e+01,4.862944689088097761e+01,-5.078568155427974895e-08,0.000000000000000000e+00,-2.577367595821885877e-07
4.675000000000001377e-01,1.114934546903920598e+01,4.890041138744410887e+01,-7.862873631609888273e-08,0.000000000000000000e+00,-2.580032805381851941e-07
4.700000000000001399e-01,1.127175031187321252e+01,4.917138090427182107e+01,-9.749378510368752685e-08,0.000000000000000000e+00,-2.581130517797689785e-07
4.725000000000001421e-01,1.139483258113481590e+01,4.944235505866335956e+01,-1.046656551304243315e-07,0.000000000000000000e+00,-2.579930241736167209e-07
4.750000000000001443e-01,1.151859228819991898e+01,4.971333346579246637e+01,-1.288482907198263696e-07,0.000000000000000000e+00,-2.576245994602644226e-07
4.775000000000001465e-01,1.164302944348117741e+01,4.998431573876136014e+01,-1.702817516050241851e-07,0.000000000000000000e+00,-2.569748860635815686e-07
4.800000000000001488e-01,1.176814405642285166e+01,5.025530148861846413e+01,-1.214415234017539208e-07,0.000000000000000000e+00,-2.559600909147834393e-07
4.825000000000001510e-01,1.189393610715912963e+01,5.052633974849617005e+01,-1.060488685726043671e-07,0.000000000000000000e+00,-2.546640699858867096e-07
4.850000000000001532e-01,1.202040588457643722e+01,5.079763053832465403e+01,-8.087211476931553138e-08,0.000000000000000000e+00,-2.531292875707552035e-07
4.875000000000001554e-01,1.214755404471216949e+01,5.106919568996054437e+01,-8.213175424025290643e-08,0.000000000000000000e+00,-2.514047740990832616e-07
4.900000000000001577e-01,1.227538127325039774e+01,5.134103481442346606e+01,-1.314401604277881559e-07,0.000000000000000000e+00,-2.494769034690886164e-07
4.925000000000001599e-01,1.240388825490114399e+01,5.161314751989235106e+01,-1.429856041452401573e-07,0.000000000000000000e+00,-2.472414312801070577e-07
4.950000000000001621e-01,1.253307567339322404e+01,5.188553341174726086e+01,-1.500457784039368648e-07,0.000000000000000000e+00,-2.446752782519090956e-07
4.975000000000001643e-01,1.266294421146738181e+01,5.215819209269898948e+01,-1.760014512686117867e-07,0.000000000000000000e+00,-2.417597030636715165e-07
5.000000000000001110e-01,1.279349455086964582e+01,5.243112316282368113e+01,-2.215504587271455077e-07,0.000000000000000000e+00,-2.384608000516857083e-07
5.025000000000000577e-01,1.292472737234473534e+01,5.270432621963013275e+01,-2.156738865305886772e-07,0.000000000000000000e+00,-2.346664252097744574e-07
5.050000000000000044e-01,1.305664335562973299e+01,5.297780085810325090e+01,-2.470189547188110735e-07,0.000000000000000000e+00,-2.303812207029644293e-07
5.074999999999999512e-01,1.318924317944773961e+01,5.325154667077179482e+01,-3.137441552667159976e-07,0.000000000000000000e+00,-2.255527924767129962e-07
5.099999999999998979e-01,1.332252752150182928e+01,5.352556324782609920e+01,-3.501059617413370155e-07,0.000000000000000000e+00,-2.200662457527950480e-07
5.124999999999998446e-01,1.345649705846927979e+01,5.379985017725856977e+01,-4.142551379759651725e-07,0.000000000000000000e+00,-2.138380945322732366e-07
5.149999999999997913e-01,1.359115246599606763e+01,5.407440704487152772e+01,-4.702128247090679032e-07,0.000000000000000000e+00,-2.067619337754709227e-07
5.174999999999997380e-01,1.372649441869153364e+01,5.434923343442396515e+01,-4.617595723635682026e-07,0.000000000000000000e+00,-1.987227319902979053e-07
5.199999999999996847e-01,1.386252359012325996e+01,5.462432892770402759e+01,-4.292927311529068724e-07,0.000000000000000000e+00,-1.897405440241921527e-07
5.224999999999996314e-01,1.399924065281217622e+01,5.489969310462691254e+01,-4.744897785072910475e-07,0.000000000000000000e+00,-1.798605481473919118e-07
5.249999999999995781e-01,1.413664627822801556e+01,5.517532554339945250e+01,-5.341488640876580737e-07,0.000000000000000000e+00,-1.690102579424038893e-07
5.274999999999995248e-01,1.427474119796109342e+01,5.545111911750957034e+01,-5.091986810361206744e-07,0.000000000000000000e+00,-1.570885299426036979e-07
5.299999999999994715e-01,1.441352547385976379e+01,5.572664073386554406e+01,-4.446077040629938319e-07,0.000000000000000000e+00,-1.441214974728955830e-07
5.324999999999994182e-01,1.455299837196267809e+01,5.600184199633123683e+01,-3.818773521300755727e-07,0.000000000000000000e+00,-1.302125004451626807e-07
5.349999999999993650e-01,1.469315909114228447e+01,5.627672247718160037e+01,-4.325506768823215136e-07,0.000000000000000000e+00,-1.154849900064935745e-07
5.374999999999993117e-01,1.483400682920236768e+01,5.655128174979314082e+01,-4.329477221193538947e-07,0.000000000000000000e+00,-9.985128036257909217e-08
5.399999999999992584e-01,1.497554078288081669e+01,5.682551938876610365e+01,-3.577670575608739552e-07,0.000000000000000000e+00,-8.329067381943332446e-08
5.424999999999992051e-01,1.511776014785274214e+01,5.709943497009201252e+01,-3.858628794675396910e-07,0.000000000000000000e+00,-6.593471695490298014e-08
5.449999999999991518e-01,1.526066411873411433e+01,5.737302807136834559e+01,-3.239791475350695971e-07,0.000000000000000000e+00,-4.775760503344830510e-08
5.474999999999990985e-01,1.540425188908582399e+01,5.764629827192300127e+01,-2.933404174858070471e-07,0.000000000000000000e+00,-2.884547997155534855e-08
5.499999999999990452e-01,1.554852265141816581e+01,5.791924515294712705e+01,-2.323373581638430119e-07,0.000000000000000000e+00,-9.239492074665314606e-09
5.524999999999989919e-01,1.569347559719595075e+01,5.819186829532529259e+01,-1.935483341275567572e-07,0.000000000000000000e+00,1.094243018920332544e-08
5.549999999999989386e-01,1.583910991683275959e+01,5.846416727713375394e+01,-2.989370327583654678e-07,0.000000000000000000e+00,3.160108169845856625e-08
5.574999999999988853e-01,1.598542479968866203e+01,5.873614167823971144e+01,-2.430573296024053913e-07,0.000000000000000000e+00,5.290150333259166555e-08
5.599999999999988320e-01,1.613241943407444978e+01,5.900779108085924918e+01,-1.592875687520024263e-07,0.000000000000000000e+00,7.476708251923040596e-08
5.624999999999987788e-01,1.628009300725779696e+01,5.927911506963889110e+01,-1.998733988648416763e-07,0.000000000000000000e+00,9.705613519604092410e-08
5.649999999999999467e-01,1.642844470546955193e+01,5.955011323188671213e+01,-3.051201501246461227e-07,0.000000000000000000e+00,1.198527205950888185e-07
5.674999999999998934e-01,1.657747373491583787e+01,5.982112114964152738e+01,-3.170867299758127482e-07,0.000000000000000000e+00,1.432753622532090187e-07
5.699999999999998401e-01,1.672718048018546000e+01,6.009247439522279421e+01,-3.314910533768129502e-07,0.000000000000000000e+00,1.673226610137919827e-07
5.724999999999997868e-01,1.687756580436069953e+01,6.036417255162065487e+01,-2.785040638074968181e-07,0.000000000000000000e+00,1.919991898478601228e-07
5.749999999999997335e-01,1.702863056948166687e+01,6.063621520278230292e+01,-2.893930197010537196e-07,0.000000000000000000e+00,2.172456836280593928e-07
5.774999999999996803e-01,1.718037563654912248e+01,6.090860193385993426e+01,-2.486769738421611895e-07,0.000000000000000000e+00,2.430853027811550586e-07
5.799999999999996270e-01,1.733280186552727642e+01,6.118133233123674586e+01,-2.771364846241865293e-07,0.000000000000000000e+00,2.694481130376989001e-07
5.824999999999995737e-01,1.748591011534715634e+01,6.145440598274250732e+01,-1.361459220529363715e-07,0.000000000000000000e+00,2.963271903026116573e-07
5.849999999999995204e-01,1.763970124391021699e+01,6.172782247797223931e+01,-2.238182613463673562e-07,0.000000000000000000e+00,3.235354281163691275e-07
5.874999999999994671e-01,1.779417610809299788e+01,6.200158140839690191e+01,-3.769140505429255459e-07,0.000000000000000000e+00,3.511736808934307080e-07
5.899999999999994138e-01,1.794933556375179506e+01,6.227568236761132425e+01,-3.305304375402158352e-07,0.000000000000000000e+00,3.794179179403187039e-07
5.924999999999993605e-01,1.810518046572817497e+01,6.255012495150286611e+01,-4.469618439098407995e-07,0.000000000000000000e+00,4.081960048467927861e-07
5.949999999999993072e-01,1.826171166785485411e+01,6.282490875856442614e+01,-2.723535882062087077e-07,0.000000000000000000e+00,4.376301284577955493e-07
5.974999999999992539e-01,1.841893002296228588e+01,6.310003338996905597e+01,-2.173784302079757326e-07,0.000000000000000000e+00,4.674952713451558893e-07
5.999999999999999778e-01,1.857683638288551720e+01,6.337549844985363734e+01,-3.263975208477070413e-07,0.000000000000000000e+00,4.977077747126954803e-07
6.024999999999999245e-01,1.873543157991102959e+01,6.365100667939739054e+01,-4.145873168234144527e-07,0.000000000000000000e+00,5.283753353568287118e-07
6.049999999999998712e-01,1.889471540328648302e+01,6.392626084168673373e+01,-3.799792692830250880e-07,0.000000000000000000e+00,5.596133701171979289e-07
6.074999999999998179e-01,1.905468721763616458e+01,6.420126057326646674e+01,-4.839376634682672066e-07,0.000000000000000000e+00,5.913528646839716646e-07
6.099999999999997646e-01,1.921534638667916539e+01,6.447600551652834611e+01,-4.287098218240876366e-07,0.000000000000000000e+00,6.236926880036616224e-07
6.124999999999997113e-01,1.937669227324378696e+01,6.475049531983815143e+01,-4.888098988435063205e-07,0.000000000000000000e+00,6.565050130510325263e-07
6.149999999999996581e-01,1.953872423928275737e+01,6.502472963788363813e+01,-5.119812897720928983e-07,0.000000000000000000e+00,6.898683374758739875e-07
6.174999999999996048e-01,1.970144164588923275e+01,6.529870813171230282e+01,-4.997621008466971160e-07,0.000000000000000000e+00,7.237887612677706762e-07
6.199999999999995515e-01,1.986484385331248959e+01,6.557243046885864146e+01,-6.108295236880180636e-07,0.000000000000000000e+00,7.581961185878030663e-07
6.224999999999994982e-01,2.002893022097454079e+01,6.584589632374846246e+01,-6.496645422264973717e-07,0.000000000000000000e+00,7.932020237939357491e-07
6.249999999999994449e-01,2.019370010748730948e+01,6.611910537777183094e+01,-5.674436691414791448e-07,0.000000000000000000e+00,8.288203605812174533e-07
6.274999999999993916e-01,2.035915287067040680e+01,6.639205731945105526e+01,-5.926422326745276350e-07,0.000000000000000000e+00,8.649218840411947561e-07
6.299999999999993383e-01,2.052528786756861479e+01,6.666475184457289060e+01,-6.655579164929851888e-07,0.000000000000000000e+00,9.015150215018590072e-07
6.324999999999992850e-01,2.069210445447048130e+01,6.693718865647498717e+01,-6.835787434225170578e-07,0.000000000000000000e+00,9.386231708527626831e-07
6.349999999999992317e-01,2.085960198692724177e+01,6.720936746625854141e+01,-7.334955614208433846e-07,0.000000000000000000e+00,9.762179604395910421e-07
6.374999999999991784e-01,2.102777981977231292e+01,6.748128799274954304e+01,-5.108846129764169459e-07,0.000000000000000000e+00,1.014327407106347073e-06
6.399999999999991251e-01,2.119663727868876535e+01,6.775306004297894447e+01,-5.854230907117171537e-07,0.000000000000000000e+00,1.052711280339114450e-06
6.424999999999990719e-01,2.136617421707088482e+01,6.802491271538755768e+01,-5.965694690766874320e-07,0.000000000000000000e+00,1.091353319307292976e-06
6.449999999999990186e-01,2.153639083631084361e+01,6.829685207635057509e+01,-5.882351558873772119e-07,0.000000000000000000e+00,1.130267807703887140e-06
6.474999999999989653e-01,2.170728735297671363e+01,6.856887785906674537e+01,-4.903785092493460309e-07,0.000000000000000000e+00,1.169451090223446249e-06
6.499999999999989120e-01,2.187886398297353097e+01,6.884098980413253344e+01,-3.991151508895748848e-07,0.000000000000000000e+00,1.208765876585484909e-06
6.524999999999988587e-01,2.205112094156218205e+01,6.911318765982497325e+01,-4.863752055444209657e-07,0.000000000000000000e+00,1.248074839151855917e-06
6.549999999999988054e-01,2.222405844337887260e+01,6.938547118250760093e+01,-4.619354499129999007e-07,0.000000000000000000e+00,1.287411423514063011e-06
6.574999999999987521e-01,2.239767670245519326e+01,6.965784013668796604e+01,-3.716561398389446867e-07,0.000000000000000000e+00,1.326750631043432995e-06
6.599999999999986988e-01,2.257197593223854071e+01,6.993029429497011051e+01,-8.068676721738591213e-08,0.000000000000000000e+00,1.365946192602680647e-06
6.624999999999986455e-01,2.274695634561270552e+01,7.020283343834755385e+01,3.119390317591787742e-08,0.000000000000000000e+00,1.404753455685366878e-06
6.649999999999985922e-01,2.292261815491863430e+01,7.047545735630400543e+01,-1.135254998391393970e-07,0.000000000000000000e+00,1.443065730856343096e-06
6.674999999999985389e-01,2.309896157197585254e+01,7.074816584678418963e+01,5.441340633448645783e-08,0.000000000000000000e+00,1.480952117886269776e-06
6.699999999999984857e-01,2.327598680810346465e+01,7.102095871599387067e+01,2.329413750475404438e-07,0.000000000000000000e+00,1.518260247343414725e-06
6.724999999999984324e-01,2.345369407414097651e+01,7.129383577898927626e+01,1.260566459305873587e-07,0.000000000000000000e+00,1.554825717264939341e-06
6.749999999999983791e-01,2.363208358047058155e+01,7.156679685985308481e+01,1.399222583188386432e-07,0.000000000000000000e+00,1.590684507025063590e-06
6.774999999999983258e-01,2.381115553703975252e+01,7.183984179150137095e+01,-5.311725624683139688e-08,0.000000000000000000e+00,1.625860953800968428e-06
6.799999999999982725e-01,2.399091015338322563e+01,7.211297041543504349e+01,1.108302952983332413e-07,0.000000000000000000e+00,1.660441776955464541e-06
6.824999999999982192e-01,2.417134763864430624e+01,7.238618258199531397e+01,7.172730541650575292e-08,0.000000000000000000e+00,1.694298814470647885e-06
6.849999999999981659e-01,2.435246820159737879e+01,7.265947815054970249e+01,-9.895563739225043241e-09,0.000000000000000000e+00,1.727443873647453968e-06
6.874999999999981126e-01,2.453427205067038486e+01,7.293285698965399888e+01,7.850250280944762541e-08,0.000000000000000000e+00,1.759882134800641236e-06
6.899999999999980593e-01,2.471675939396797617e+01,7.320631897707990277e+01,1.326516969920101251e-07,0.000000000000000000e+00,1.791539584860341251e-06
6.924999999999980060e-01,2.489993043929407435e+01,7.347986399925424905e+01,1.759137284907108715e-07,0.000000000000000000e+00,1.822365738313047208e-06
6.949999999999979527e-01,2.508378539417376984e+01,7.375349195167170535e+01,1.642889090405680445e-07,0.000000000000000000e+00,1.852339346054213535e-06
6.974999999999978995e-01,2.526832446587635062e+01,7.402720273898580672e+01,8.582896169509033549e-08,0.000000000000000000e+00,1.881424786986785779e-06
6.999999999999978462e-01,2.545354786143741066e+01,7.430099627461127909e+01,4.235047059886709592e-07,0.000000000000000000e+00,1.909656220464398639e-06
7.024999999999977929e-01,2.563945578768127120e+01,7.457487248075352682e+01,4.198627481792029140e-07,0.000000000000000000e+00,1.936843430159135917e-06
7.049999999999977396e-01,2.582604845124263448e+01,7.484883128820341369e+01,3.440543022574636601e-07,0.000000000000000000e+00,1.963001786579744510e-06
7.074999999999976863e-01,2.601332605858805636e+01,7.512287263673978543e+01,3.992029580258373747e-07,0.000000000000000000e+00,1.988155974374713867e-06
7.099999999999976330e-01,2.620128881603882931e+01,7.539699647467820398e+01,5.509896120496283035e-07,0.000000000000000000e+00,2.012244777138702163e-06
7.124999999999975797e-01,2.638993692979160244e+01,7.567120275890715675e+01,5.646097078553798422e-07,0.000000000000000000e+00,2.035210751636991801e-06
7.149999999999975264e-01,2.657927060594010626e+01,7.594549145470931251e+01,7.215499226254034223e-07,0.000000000000000000e+00,2.057026883815122423e-06
7.174999999999974731e-01,2.676929005049628785e+01,7.621986253562842251e+01,8.189366704261440132e-07,0.000000000000000000e+00,2.077649759624979024e-06
7.199999999999974198e-01,2.695999546940997860e+01,7.649431598317923431e+01,7.620975678113394457e-07,0.000000000000000000e+00,2.097056937501824424e-06
7.224999999999973666e-01,2.715138706858996187e+01,7.676885178674082510e+01,7.547814998619897204e-07,0.000000000000000000e+00,2.115268961601092541e-06
7.249999999999973133e-01,2.734346505392216997e+01,7.704346994346649069e+01,7.801879320432071666e-07,0.000000000000000000e+00,2.132330969163944396e-06
7.274999999999972600e-01,2.753622963129049950e+01,7.731817045829178880e+01,8.896955061071850674e-07,0.000000000000000000e+00,2.148229304595592517e-06
7.299999999999972067e-01,2.772968102666685297e+01,7.759287568377840216e+01,5.811864317039394914e-07,0.000000000000000000e+00,2.162958776017676142e-06
7.324999999999971534e-01,2.792381909329269263e+01,7.786742382992257205e+01,4.605941550230542331e-07,0.000000000000000000e+00,2.176600959432814599e-06
7.349999999999971001e-01,2.811864343849615011e+01,7.814181046479394865e+01,5.772299641705307243e-07,0.000000000000000000e+00,2.189206719225973207e-06
7.374999999999970468e-01,2.831415365852484101e+01,7.841603563691060685e+01,8.063267110381489098e-07,0.000000000000000000e+00,2.200746177813245715e-06
7.399999999999969935e-01,2.851034934975149326e+01,7.869009940118029078e+01,7.379234574789619001e-07,0.000000000000000000e+00,2.211184899674531367e-06
7.424999999999969402e-01,2.870723010868988823e+01,7.896400181875523572e+01,8.556868288438581512e-07,0.000000000000000000e+00,2.220556143578291639e-06
7.449999999999968869e-01,2.890479553201002716e+01,7.923774295706442672e+01,9.943689277480891246e-07,0.000000000000000000e+00,2.228860662723207087e-06
7.474999999999968336e-01,2.910304521655405452e+01,7.951132288964234363e+01,1.092621597069227178e-06,0.000000000000000000e+00,2.236098809644667339e-06
7.499999999999967804e-01,2.930197875935113316e+01,7.978474169517608061e+01,1.186797651090349261e-06,0.000000000000000000e+00,2.242276289273247293e-06
7.524999999999967271e-01,2.950159575763018438e+01,8.005799945765467385e+01,1.381728185218302313e-06,0.000000000000000000e+00,2.247423916654220516e-06
7.549999999999966738e-01,2.970189580883280911e+01,8.033109626576464279e+01,1.542148404397049086e-06,0.000000000000000000e+00,2.251557461204497392e-06
7.574999999999966205e-01,2.990287851062491598e+01,8.060403221232358817e+01,1.259812510454721223e-06,0.000000000000000000e+00,2.254708131133326527e-06
7.599999999999965672e-01,3.010454346090669020e+01,8.087680739448876466e+01,1.206921998003854217e-06,0.000000000000000000e+00,2.256948123562859446e-06
7.624999999999965139e-01,3.030689025782372781e+01,8.114942191276870176e+01,1.272326606248964406e-06,0.000000000000000000e+00,2.258321136729689721e-06
7.649999999999964606e-01,3.050991849977437553e+01,8.142187587071975940e+01,1.182632324891325421e-06,0.000000000000000000e+00,2.258872593861719744e-06
7.674999999999964073e-01,3.071362778542284033e+01,8.169416936963008880e+01,1.353561019780377591e-06,0.000000000000000000e+00,2.258872593861719744e-06
7.699999999999963540e-01,3.091801771372481156e+01,8.196630254029389562e+01,1.333286721585251287e-06,0.000000000000000000e+00,2.257917472794977134e-06
7.724999999999963007e-01,3.112308788382653191e+01,8.223827547262563087e+01,1.520987663214849228e-06,0.000000000000000000e+00,2.256258756990087279e-06
7.749999999999962474e-01,3.132883789524182561e+01,8.251008829193391136e+01,1.627734327160730647e-06,0.000000000000000000e+00,2.253961783203448318e-06
7.774999999999961942e-01,3.153526734776805540e+01,8.278174111319314932e+01,1.591713646534753388e-06,0.000000000000000000e+00,2.251090768039149759e-06
7.799999999999961409e-01,3.174237584146084856e+01,8.305323403912645119e+01,1.637575037834171996e-06,0.000000000000000000e+00,2.247707876555027947e-06
7.824999999999960876e-01,3.195016297664686178e+01,8.332456718383265581e+01,1.664417473263124501e-06,0.000000000000000000e+00,2.243882488886596822e-06
7.849999999999960343e-01,3.215862835393763675e+01,8.359574066066323894e+01,1.773577578537573939e-06,0.000000000000000000e+00,2.239681729918389571e-06
7.874999999999959810e-01,3.236777157422741880e+01,8.386675458191382404e+01,1.545182778732329481e-06,0.000000000000000000e+00,2.235180407015236827e-06
7.899999999999959277e-01,3.257759223869087606e+01,8.413760905860624462e+01,1.695458667326890977e-06,0.000000000000000000e+00,2.230413158752581090e-06
7.924999999999958744e-01,3.278808994877903160e+01,8.440830419992148848e+01,1.808611565689570428e-06,0.000000000000000000e+00,2.225461465208641994e-06
7.949999999999958211e-01,3.299926430621494688e+01,8.467884011289264379e+01,1.907477920603820887e-06,0.000000000000000000e+00,2.220417256114934614e-06
7.974999999999957678e-01,3.321111491298778162e+01,8.494921690168933992e+01,1.722410671947886065e-06,0.000000000000000000e+00,2.215362858717463744e-06
8.000000000000000444e-01,3.342364137134547519e+01,8.521943466716069793e+01,1.421917520413603561e-06,0.000000000000000000e+00,2.210350947427374375e-06
8.024999999999999911e-01,3.363684327926838336e+01,8.548942126737874503e+01,1.326321423984436310e-06,0.000000000000000000e+00,2.205361898336010081e-06
8.049999999999999378e-01,3.385071998141102512e+01,8.575910456401281579e+01,9.635964709299463347e-07,0.000000000000000000e+00,2.200425355156969078e-06
8.074999999999998845e-01,3.406527071957118835e+01,8.602848465458241378e+01,1.178448556807545513e-06,0.000000000000000000e+00,2.195477481451605288e-06
8.099999999999998312e-01,3.428049473578803941e+01,8.629756163176264749e+01,9.360374856968175222e-07,0.000000000000000000e+00,2.190635264554519284e-06
8.124999999999997780e-01,3.449639127232909175e+01,8.656633558283398600e+01,1.006444935768269537e-06,0.000000000000000000e+00,2.185870342950424642e-06
8.149999999999997247e-01,3.471295957167697566e+01,8.683480658892067083e+01,7.078132710301484341e-07,0.000000000000000000e+00,2.181244126537279087e-06
8.174999999999996714e-01,3.493019887651371391e+01,8.710297472451236445e+01,6.649272361531683241e-07,0.000000000000000000e+00,2.176682560160600943e-06
8.199999999999996181e-01,3.514810842970316429e+01,8.737084005702729428e+01,6.645462336509319542e-07,0.000000000000000000e+00,2.172236186096333384e-06
8.224999999999995648e-01,3.536668747427371073e+01,8.763840264636877464e+01,5.292219135624647388e-07,0.000000000000000000e+00,2.167855029382494937e-06
8.249999999999995115e-01,3.558593525339939134e+01,8.790566254462382290e+01,3.281504246934171031e-07,0.000000000000000000e+00,2.163555389789047383e-06
8.274999999999994582e-01,3.580585101037956974e+01,8.817261979555497931e+01,1.935322886068248867e-07,0.000000000000000000e+00,2.159271303074618944e-06
8.299999999999994049e-01,3.602643398861840751e+01,8.843927443408979627e+01,-2.265464410113020474e-07,0.000000000000000000e+00,2.154935201175228254e-06
8.324999999999993516e-01,3.624768343160193496e+01,8.870562648561086405e+01,-5.363214199938815007e-07,0.000000000000000000e+00,2.150372748664004394e-06
8.349999999999992983e-01,3.646959858287417688e+01,8.897167596612818841e+01,-6.222026149111335476e-07,0.000000000000000000e+00,2.145444767876464490e-06
8.374999999999992450e-01,3.669217868601413812e+01,8.923742288249010812e+01,-3.362470022882330173e-07,0.000000000000000000e+00,2.140099713581542511e-06
8.399999999999991918e-01,3.691542298461236271e+01,8.950286723144560597e+01,-2.559154676262202978e-07,0.000000000000000000e+00,2.134458609417533615e-06
8.424999999999991385e-01,3.713933072224557463e+01,8.976800899934394806e+01,-2.795397919251064721e-07,0.000000000000000000e+00,2.128561662414779213e-06
8.449999999999990852e-01,3.736390114245031668e+01,9.003284816151318637e+01,-5.985459574006585694e-08,0.000000000000000000e+00,2.122363630705921275e-06
8.474999999999990319e-01,3.758913348869479876e+01,9.029738468238669213e+01,-3.014880760885487091e-07,0.000000000000000000e+00,2.116023876823526879e-06
8.499999999999989786e-01,3.781502700435261488e+01,9.056161851499203408e+01,-2.155548330766246683e-07,0.000000000000000000e+00,2.109427637736077416e-06
8.524999999999989253e-01,3.804158093267269436e+01,9.082554960045655434e+01,-3.322439802426552465e-07,0.000000000000000000e+00,2.102562608388378886e-06
8.549999999999988720e-01,3.826879451675045374e+01,9.108917786815142392e+01,-3.570800122677759228e-07,0.000000000000000000e+00,2.095326059834320949e-06
8.574999999999988187e-01,3.849666699949775506e+01,9.135250323551640861e+01,-4.398215666914152004e-07,0.000000000000000000e+00,2.087780289573377051e-06
8.599999999999987654e-01,3.872519762361342543e+01,9.161552560746466156e+01,-3.016020626525309583e-07,0.000000000000000000e+00,2.079827505182091872e-06
8.624999999999987121e-01,3.895438563155126133e+01,9.187824487658136263e+01,-6.060560594207401773e-07,0.000000000000000000e+00,2.071553447892183193e-06
8.649999999999986589e-01,3.918423026548924071e+01,9.214066092273502306e+01,-5.664967252021004486e-07,0.000000000000000000e+00,2.062748061938796181e-06
8.674999999999986056e-01,3.941473076729842973e+01,9.240277361385028598e+01,-8.323468612544358932e-07,0.000000000000000000e+00,2.053461867691861344e-06
8.699999999999985523e-01,3.964588637851255015e+01,9.266458280508950907e+01,-1.135677710222079142e-06,0.000000000000000000e+00,2.043466456434979664e-06
8.724999999999984990e-01,3.987769634029599075e+01,9.292608833912514399e+01,-1.092532405385199501e-06,0.000000000000000000e+00,2.032560286836129478e-06
8.749999999999984457e-01,4.011015989341278498e+01,9.318729004590831266e+01,-8.054171562018715906e-07,0.000000000000000000e+00,2.020788924842668444e-06
8.774999999999983924e-01,4.034327627819432394e+01,9.344818774234501291e+01,-8.470706853885138669e-07,0.000000000000000000e+00,2.008287386031065449e-06
8.799999999999983391e-01,4.057704473450731086e+01,9.370878123279511840e+01,-9.734116799807557146e-07,0.000000000000000000e+00,1.995072335024490565e-06
8.824999999999982858e-01,4.081146450172163753e+01,9.396907030841397557e+01,-1.078422311946611686e-06,0.000000000000000000e+00,1.981019580546149108e-06
8.849999999999982325e-01,4.104653481867811138e+01,9.422905474809738280e+01,-1.272805809205623089e-06,0.000000000000000000e+00,1.966021205078135033e-06
8.874999999999981792e-01,4.128225492365796612e+01,9.448873431838899251e+01,-1.363428102391206002e-06,0.000000000000000000e+00,1.949895624275436021e-06
8.899999999999981259e-01,4.151862405435153391e+01,9.474810877387204755e+01,-1.342984326373197418e-06,0.000000000000000000e+00,1.932565186795668082e-06
8.924999999999980727e-01,4.175564144782901366e+01,9.500717785725319686e+01,-1.018467105960954929e-06,0.000000000000000000e+00,1.914075083330832807e-06
8.949999999999980194e-01,4.199330634051068500e+01,9.526594129896115248e+01,-9.708868471820253997e-07,0.000000000000000000e+00,1.894708803160139946e-06
8.974999999999979661e-01,4.223161796813550950e+01,9.552439881713080183e+01,-1.153896571810173069e-06,0.000000000000000000e+00,1.874486603115884706e-06
8.999999999999979128e-01,4.247057556573147963e+01,9.578255011857451962e+01,-1.107790969099564451e-06,0.000000000000000000e+00,1.853232087183069369e-06
9.024999999999978595e-01,4.271017836758738184e+01,9.604039489904180016e+01,-9.719591629132142324e-07,0.000000000000000000e+00,1.831003360137709806e-06
9.049999999999978062e-01,4.295042560722458802e+01,9.629793284340192372e+01,-1.136646512894265837e-06,0.000000000000000000e+00,1.807917124508552178e-06
9.074999999999977529e-01,4.319131651737111355e+01,9.655516362622732629e+01,-1.315842393559568501e-06,0.000000000000000000e+00,1.783901628610699064e-06
9.099999999999976996e-01,4.343285032993530592e+01,9.681208691163858759e+01,-1.256945864548725857e-06,0.000000000000000000e+00,1.758804039658538828e-06
9.124999999999976463e-01,4.367502627598037890e+01,9.706870235382739054e+01,-1.554603614825825669e-06,0.000000000000000000e+00,1.732638115488874198e-06
9.149999999999975930e-01,4.391784358569888269e+01,9.732500959740428925e+01,-1.260287079224259447e-06,0.000000000000000000e+00,1.705164770455470893e-06
9.174999999999975397e-01,4.416130148839021530e+01,9.758100827776340225e+01,-1.383432394013330971e-06,0.000000000000000000e+00,1.676688495642870751e-06
9.199999999999974865e-01,4.440539921243689037e+01,9.783669802146448546e+01,-1.493924827498480332e-06,0.000000000000000000e+00,1.647030851765915211e-06
9.224999999999974332e-01,4.465013598528327066e+01,9.809208214502261569e+01,-1.532290446838475792e-06,0.000000000000000000e+00,1.616087722709190203e-06
9.249999999999973799e-01,4.489551107181229384e+01,9.834729378924338050e+01,-1.579931648223096973e-06,0.000000000000000000e+00,1.583913734509092469e-06
9.274999999999973266e-01,4.514152412570620498e+01,9.860239663277467059e+01,-1.580784931727160465e-06,0.000000000000000000e+00,1.550512023216528844e-06
9.299999999999972733e-01,4.538817487473711765e+01,9.885739027353207575e+01,-1.639309582887017295e-06,0.000000000000000000e+00,1.515925407774395542e-06
9.324999999999972200e-01,4.563546304566730782e+01,9.911227430181467923e+01,-1.783773325011680037e-06,0.000000000000000000e+00,1.480101203004649200e-06
9.349999999999971667e-01,4.588338836423076117e+01,9.936704830052767079e+01,-1.785741714111036303e-06,0.000000000000000000e+00,1.443011363982519702e-06
9.374999999999971134e-01,4.613195055511475573e+01,9.962171184593890416e+01,-1.720827676748747186e-06,0.000000000000000000e+00,1.404664481499407114e-06
9.399999999999970601e-01,4.638114934194373262e+01,9.987626450816325985e+01,-1.679086581860484540e-06,0.000000000000000000e+00,1.365112264468599465e-06
9.424999999999970068e-01,4.663098444726382041e+01,1.001307058513105375e+02,-1.677535043170230743e-06,0.000000000000000000e+00,1.324527903565661816e-06
9.449999999999969535e-01,4.688145559252797767e+01,1.003850354339072481e+02,-1.686108304772343796e-06,0.000000000000000000e+00,1.282856576971151710e-06
9.474999999999969003e-01,4.713256249808281240e+01,1.006392528093747814e+02,-1.549938474183725672e-06,0.000000000000000000e+00,1.240209300156710692e-06
9.499999999999968470e-01,4.738430488315560751e+01,1.008933575265351834e+02,-1.553040675178570059e-06,0.000000000000000000e+00,1.196820014125792112e-06
9.524999999999967937e-01,4.763668246584329324e+01,1.011473491302205332e+02,-1.768592184937758135e-06,0.000000000000000000e+00,1.152750268865738626e-06
9.549999999999967404e-01,4.788969496310283347e+01,1.014012271619215966e+02,-1.335172142208451101e-06,0.000000000000000000e+00,1.107753179690341269e-06
9.574999999999966871e-01,4.814334209074269921e+01,1.016549911597627016e+02,-1.316952818787827676e-06,0.000000000000000000e+00,1.062373529310814074e-06
9.599999999999966338e-01,4.839762356341551452e+01,1.019086406590127893e+02,-1.576713003827389753e-06,0.000000000000000000e+00,1.016655425133481302e-06
9.624999999999965805e-01,4.865253909461013393e+01,1.021621751924466395e+02,-1.452472315462242306e-06,0.000000000000000000e+00,9.704318529144628941e-07
9.649999999999965272e-01,4.890808839664624941e+01,1.024155942909697075e+02,-1.648913004366999846e-06,0.000000000000000000e+00,9.238706529250278565e-07
9.674999999999964739e-01,4.916427118066997082e+01,1.026688974839660204e+02,-1.483997519298220502e-06,0.000000000000000000e+00,8.768916415968621727e-07
9.699999999999964206e-01,4.942108715664986818e+01,1.029220842995178913e+02,-1.530408506508661427e-06,0.000000000000000000e+00,8.296931033578786662e-07
9.724999999999963674e-01,4.967853603337410107e+01,1.031751542643910398e+02,-1.635284570886660719e-06,0.000000000000000000e+00,7.823307062322356933e-07
9.749999999999963141e-01,4.993661751844744856e+01,1.034281069050861674e+02,-1.353902870835932265e-06,0.000000000000000000e+00,7.347904029271128778e-07
9.774999999999962608e-01,5.019533131829057027e+01,1.036809417481885731e+02,-1.352241473984039402e-06,0.000000000000000000e+00,6.873728393889132936e-07
9.799999999999962075e-01,5.045467713049991687e+01,1.039337248890348491e+02,-1.449869373426000663e-06,0.000000000000000000e+00,6.401480763962101765e-07
9.824999999999961542e-01,5.071465505138696273e+01,1.041870563335445183e+02,-1.132382963321103289e-06,0.000000000000000000e+00,5.932083664694801388e-07
9.849999999999961009e-01,5.097526669586309112e+01,1.044410835902680077e+02,-1.269334079091795844e-06,0.000000000000000000e+00,5.467893363268532471e-07
9.874999999999960476e-01,5.123651380312984571e+01,1.046958060796349912e+02,-1.081213440010820386e-06,0.000000000000000000e+00,5.008784307563631971e-07
9.899999999999959943e-01,5.149839811093811193e+01,1.049512232199284227e+02,-9.281183261617840781e-07,0.000000000000000000e+00,4.556853555682793387e-07
9.924999999999959410e-01,5.176092135558355523e+01,1.052073344275542155e+02,-1.139434267837904420e-06,0.000000000000000000e+00,4.114420225032904201e-07
9.949999999999958877e-01,5.202408527190188892e+01,1.054641391167052120e+02,-1.006521678901487095e-06,0.000000000000000000e+00,3.680234377723009340e-07
9.974999999999958344e-01,5.228789159326291980e+01,1.057216366999042236e+02,-8.527066376601169629e-07,0.000000000000000000e+00,3.255760771610479538e-07
9.999999999999957812e-01,5.255234205640421408e+01,1.059797844467942838e+02,4.999999927676344669e+01,0.000000000000000000e+00,2.843111166848401217e-07
1.002499999999995728e+00,5.281743814343360555e+01,1.062382016346620901e+02,4.819960421663875394e+01,0.000000000000000000e+00,7.103576661543981707e+00
1.004999999999995675e+00,5.308318037394163724e+01,1.064967895759180436e+02,4.645927949587759542e+01,-7.499999999999840128e-01,1.395064651955610380e+01
1.007499999999995621e+00,5.334956916501468527e+01,1.067555249525923671e+02,4.464595452648224239e+01,-1.499999999999968026e+00,2.054557675570686825e+01
1.009999999999995568e+00,5.361660486925745062e+01,1.070143795738269006e+02,4.276144788419300369e+01,-2.249999999999952038e+00,2.687800449709084205e+01
1.012499999999995515e+00,5.388428776881112015e+01,1.072733256912419648e+02,4.080753127878967490e+01,-2.999999999999936051e+00,3.293781380266234748e+01
1.014999999999995461e+00,5.415261807699744878e+01,1.075323367171673397e+02,3.878593670554304396e+01,-3.749999999999920064e+00,3.871513107975888346e+01
1.017499999999995408e+00,5.442159594147743462e+01,1.077913875912495882e+02,3.669836708806221282e+01,-4.500000000001302958e+00,4.420032114876724449e+01
1.020000000000000018e+00,5.469122144820050124e+01,1.080504549545376705e+02,3.454650276063507164e+01,-5.250000000001286971e+00,4.938398357020057716e+01
1.022499999999999964e+00,5.496149459070851151e+01,1.083089576404726415e+02,3.233202662100524094e+01,-6.000000000001270983e+00,5.425695101796127062e+01
1.024999999999999911e+00,5.523241334548919923e+01,1.085663163995666025e+02,3.005661716934746863e+01,-6.750000000001254996e+00,5.881028869988263352e+01
1.027499999999999858e+00,5.550397484215571353e+01,1.088225132763989933e+02,2.772193866319055644e+01,-7.500000000001239897e+00,6.303529386304272464e+01
1.029999999999999805e+00,5.577617616633558129e+01,1.090775318331243824e+02,2.532964238947860736e+01,-8.250000000001222134e+00,6.692349432450866686e+01
1.032499999999999751e+00,5.604901436336709963e+01,1.093313569593289714e+02,2.288136702067325956e+01,-9.000000000001209699e+00,7.046664739839609126e+01
1.034999999999999698e+00,5.632248644149762384e+01,1.095839746542793023e+02,2.037874026504360714e+01,-9.750000000001190159e+00,7.365673928658168279e+01
1.037499999999999645e+00,5.659658937452786631e+01,1.098353717901293152e+02,1.782337663210698153e+01,-1.050000000000117595e+01,7.648598516790440272e+01
1.039999999999999591e+00,5.687132010385759173e+01,1.100855358662033723e+02,1.521687952996384929e+01,-1.125000000000115818e+01,7.894682997628041221e+01
1.042499999999999538e+00,5.714667553991268534e+01,1.103344547666441002e+02,1.256083384318128360e+01,-1.200000000000114397e+01,8.103194948846714851e+01
1.044999999999999485e+00,5.742265298581205002e+01,1.105804802757914871e+02,9.856955483035582333e+00,-1.275000000000112621e+01,8.273425870719620434e+01
1.047499999999999432e+00,5.769924186127161647e+01,1.108201922535074289e+02,7.107051690252767173e+00,-1.350000000000111200e+01,8.404693406364928876e+01
1.049999999999999378e+00,5.797642637705611435e+01,1.110534865438329888e+02,4.312938643339193412e+00,-1.425000000000109601e+01,8.496342980768658038e+01
1.052499999999999325e+00,5.825419048332423699e+01,1.112803530785374733e+02,1.476435643387060015e+00,-1.500000000000108002e+01,8.547748862781985224e+01
1.054999999999999272e+00,5.853251810492139384e+01,1.115007815017839619e+02,-1.399729066902527741e+00,-1.575000000000106226e+01,8.558321810826139142e+01
1.057499999999999218e+00,5.881139314061748280e+01,1.117147611134046201e+02,-4.315586574002534093e+00,-1.650000000000104805e+01,8.527496480036502646e+01
1.059999999999999165e+00,5.909079946222528434e+01,1.119222808608184039e+02,-7.268370796768193642e+00,-1.725000000000103029e+01,8.454733091888301999e+01
1.062499999999999112e+00,5.937072091373983085e+01,1.121233293972993437e+02,-1.025626299319621637e+01,-1.800000000000101608e+01,8.339531561355973110e+01
1.064999999999999059e+00,5.965114131337357151e+01,1.123178715056015875e+02,-1.327743859152643857e+01,-1.875000000000099831e+01,8.181425309761415576e+01
1.067499999999999005e+00,5.993204430812001249e+01,1.125056820663356660e+02,-1.633007013034492161e+01,-1.950000000000098410e+01,7.979981382479545005e+01
1.069999999999998952e+00,6.021341297589562913e+01,1.126866976792665582e+02,-1.941233222606492248e+01,-2.025000000000096634e+01,7.734799562834220410e+01
1.072499999999998899e+00,6.049523032349070917e+01,1.128609084056149499e+02,-2.252240873445220259e+01,-2.100000000000095213e+01,7.445510064149897289e+01
1.074999999999998845e+00,6.077747933338847730e+01,1.130283054879641895e+02,-2.565849234731333084e+01,-2.175000000000093436e+01,7.111769445872654671e+01
1.077499999999998792e+00,6.106014296701216892e+01,1.131888819189924220e+02,-2.881878562163296920e+01,-2.250000000000092015e+01,6.733254259278542975e+01
1.079999999999998739e+00,6.134320416945639209e+01,1.133426331111174079e+02,-3.200150809267987029e+01,-2.325000000000090239e+01,6.309652249967734861e+01
1.082499999999998685e+00,6.162664587594650811e+01,1.134895576612415198e+02,-3.520489372051120824e+01,-2.400000000000089173e+01,5.840650956255853998e+01
1.084999999999998632e+00,6.191045102026140512e+01,1.136296582039984457e+02,-3.842719700885213285e+01,-2.475000000000087041e+01,5.325924166494701240e+01
1.087499999999998579e+00,6.219460254533384358e+01,1.137629423281939154e+02,-4.166669762252541176e+01,-2.550000000000085265e+01,4.765117324798605125e+01
1.089999999999998526e+00,6.247908341617266359e+01,1.138894235330070757e+02,-4.492169408577092327e+01,-2.625000000000083844e+01,4.157833687595690719e+01
1.092499999999998472e+00,6.276387639530555163e+01,1.140095406112752556e+02,-4.819058772218028253e+01,-2.700000000000082068e+01,3.503624012522307396e+01
1.094999999999998419e+00,6.304896692230256150e+01,1.141250174224365992e+02,-5.147190592572221135e+01,-2.775000000000080647e+01,2.801982467370110186e+01
1.097499999999998366e+00,6.333434362495203374e+01,1.142360769349796783e+02,-5.476422439801255138e+01,-2.850000000000079581e+01,2.052355165424044969e+01
1.099999999999998312e+00,6.361999548258857828e+01,1.143427632923051647e+02,-5.806616135638582676e+01,-2.925000000000077804e+01,1.254165829041440006e+01
1.102499999999998259e+00,6.390591159035302127e+01,1.144451303702995801e+02,-6.137638141841008377e+01,-3.000000000000076383e+01,4.068619018684789701e+00
1.104999999999998206e+00,6.419208118365160942e+01,1.145432418323892421e+02,-6.469359225886367426e+01,-3.075000000000074607e+01,-4.900182257447099232e+00
1.107499999999998153e+00,6.447849366252826542e+01,1.146371707234354602e+02,-6.801654996863841518e+01,-3.150000000000133227e+01,-1.436761099808346387e+01
1.110000000000000098e+00,6.476513861472218991e+01,1.147269984987270135e+02,-7.134405279236199249e+01,-3.225000000000130740e+01,-2.433388679199785898e+01
1.112500000000000044e+00,6.505200590099171620e+01,1.148138527964858326e+02,-7.467504997183796434e+01,-3.300000000000129319e+01,-3.479584251311957388e+01
1.114999999999999991e+00,6.533908925393396316e+01,1.148988650989163602e+02,-7.800857468032796760e+01,-3.375000000000127898e+01,-4.574660714382157067e+01
1.117499999999999938e+00,6.562638412148569955e+01,1.149821288019488179e+02,-8.134367976052851645e+01,-3.450000000000126477e+01,-5.717599901178998323e+01
1.119999999999999885e+00,6.591388618487664530e+01,1.150637350406036461e+02,-8.467944042372911895e+01,-3.525000000000125056e+01,-6.907183305192748435e+01
1.122499999999999831e+00,6.620159135052932697e+01,1.151437681396630381e+02,-8.801493068817670462e+01,-3.600000000000122924e+01,-8.142215337574134537e+01
1.124999999999999778e+00,6.648949573030031956e+01,1.152223006434002315e+02,-9.134922305627348749e+01,-3.658341838539593027e+01,-9.421809367475636066e+01
1.127499999999999725e+00,6.677759560912244297e+01,1.152993882313057128e+02,-9.465435305833759116e+01,-3.658341838539593027e+01,-1.074558745929094528e+02
1.129999999999999671e+00,6.706588740000110249e+01,1.153750649254151313e+02,-9.783628869506915748e+01,-3.583341838539595159e+01,-1.211337218242183269e+02
1.132499999999999618e+00,6.735436758732795681e+01,1.154493390387975609e+02,-1.007768567809028895e+02,-3.508341838539595869e+01,-1.352441067155764074e+02
1.134999999999999565e+00,6.764303266063610920e+01,1.155221904056280664e+02,-1.034836914895948041e+02,-3.433341838539598001e+01,-1.497729356041354549e+02
1.137499999999999512e+00,6.793187904235770702e+01,1.155935695093033502e+02,-1.059641291640574110e+02,-3.358341838539599422e+01,-1.647085390216416556e+02
1.139999999999999458e+00,6.822090301465306084e+01,1.156633989506490110e+02,-1.082252462121042100e+02,-3.283341838539600843e+01,1.799649762584109283e+02
1.142499999999999405e+00,6.851010102730626272e+01,1.157309215539952731e+02,-1.102737664411330911e+02,-3.208341838539602975e+01,1.642739877119443008e+02
1.144999999999999352e+00,6.879946515521154993e+01,1.157933594651932196e+02,-1.121161053435489379e+02,-3.133341838539604041e+01,1.482587594779916742e+02
1.147499999999999298e+00,6.908898228505037764e+01,1.158502911498418229e+02,-1.137585333313761708e+02,-3.058341838539605817e+01,1.319718803951036818e+02
1.149999999999999245e+00,6.937863857874776841e+01,1.159015918670527725e+02,-1.152071926668323130e+02,-2.983341838539607593e+01,1.154713221071089038e+02
1.152499999999999192e+00,6.966841989086168496e+01,1.159474319719848836e+02,-1.164681677635400661e+02,-2.908341838539609014e+01,9.881010856391502273e+01
1.154999999999999138e+00,6.995831474300894115e+01,1.159979375535702246e+02,-1.175480498191200383e+02,-2.833341838539611146e+01,8.202646589891449480e+01
1.157499999999999085e+00,7.024834126421090730e+01,1.160579421133226532e+02,-1.184532957360041792e+02,-2.758341838539585567e+01,6.513857194909566317e+01
1.159999999999999920e+00,7.053852317215255141e+01,1.161274103391553467e+02,-1.191900630504731708e+02,-2.683341838539587698e+01,4.814624417415818414e+01
1.162499999999999867e+00,7.082888250920285600e+01,1.161806562330103390e+02,-1.197625774509324117e+02,-2.608341838539588764e+01,3.103931174471824050e+01
1.164999999999999813e+00,7.111934809216941744e+01,1.162040582444025887e+02,-1.201754937393847058e+02,-2.533341838539589830e+01,1.380977844086379669e+01
1.167499999999999760e+00,7.140986984998393439e+01,1.162227081894934599e+02,-1.204340670602569787e+02,-2.458341838539591961e+01,-3.536459065401444946e+00
1.169999999999999707e+00,7.170043596252314444e+01,1.162374142855291410e+02,-1.205433989119648004e+02,-2.383341838539593738e+01,-2.097260732378409287e+01
1.172499999999999654e+00,7.199103664265294356e+01,1.162483082720322187e+02,-1.205084007228521159e+02,-2.308341838539595159e+01,-3.845179257641242998e+01
1.174999999999999600e+00,7.228166240112255991e+01,1.162558359146437681e+02,-1.203338254341370828e+02,-2.233341838539596935e+01,-5.591607831016896313e+01
1.177499999999999547e+00,7.257230595468971046e+01,1.162629352397139115e+02,-1.200243453792377437e+02,-2.158341838539598356e+01,-7.331031991492436362e+01
1.179999999999999494e+00,7.286296744211408338e+01,1.162704004074924597e+02,-1.195844605040499147e+02,-2.083341838539600133e+01,-9.059503151751675887e+01
1.182499999999999440e+00,7.315364782571545277e+01,1.162783001063970545e+02,-1.190185106215096624e+02,-2.008341838539601554e+01,-1.077530181404225544e+02
1.184999999999999387e+00,7.344434821949504055e+01,1.162866657954162406e+02,-1.183306941503031879e+02,-1.933341838539602975e+01,-1.247876608591585352e+02
1.187499999999999334e+00,7.373506979381505744e+01,1.162954894960427197e+02,-1.175250814655326934e+02,-1.858341838539604751e+01,-1.417142872209556401e+02
1.189999999999999281e+00,7.402581367681756319e+01,1.163047255211456275e+02,-1.166056341131350820e+02,-1.783341838539606528e+01,-1.585482776363949426e+02
1.192499999999999227e+00,7.431658086233176164e+01,1.163142957285470658e+02,-1.155762064973521888e+02,-1.708341838539608304e+01,-1.752941183074600247e+02
1.194999999999999174e+00,7.460737213269804613e+01,1.163240975355165432e+02,-1.144405621975938487e+02,-1.633341838539609370e+01,1.680610537137359017e+02
1.197499999999999121e+00,7.489818800290365175e+01,1.163340137204992146e+02,-1.132023854205441040e+02,-1.558341838539584678e+01,1.515474164106005333e+02
1.199999999999999956e+00,7.518902868989708566e+01,1.163439229856398214e+02,-1.118652766411275650e+02,-1.483341838539585744e+01,1.352062090916496402e+02
1.202499999999999902e+00,7.547989408250327870e+01,1.163532966705506624e+02,-1.104327268791675465e+02,-1.408341838539587876e+01,1.190798596681186581e+02
1.204999999999999849e+00,7.577078233693191578e+01,1.163616223629634021e+02,-1.089081150431668732e+02,-1.333341838539589475e+01,1.032023612296876109e+02
1.207499999999999796e+00,7.606169078403006267e+01,1.163688250936385771e+02,-1.072947057049250077e+02,-1.258341838539590896e+01,8.759331512969977496e+01
1.209999999999999742e+00,7.635261658252437655e+01,1.163748585639838495e+02,-1.055956410909622605e+02,-1.183341838539592494e+01,7.225718242231113209e+01
1.212499999999999689e+00,7.664355679273772637e+01,1.163797075500590523e+02,-1.038139400345121715e+02,-1.108341838539594093e+01,5.718714191120253787e+01
1.214999999999999636e+00,7.693450845477208588e+01,1.163833876358709745e+02,-1.019524948222473455e+02,-1.033341838539595869e+01,4.237158439957851641e+01
1.217499999999999583e+00,7.722546866456141856e+01,1.163859425343626981e+02,-1.000140726686800008e+02,-9.583418385395972905e+00,2.780095215773072326e+01
1.219999999999999529e+00,7.751643464199084121e+01,1.163874394611458314e+02,-9.800131846015074188e+01,-8.833418385395988892e+00,1.347304755069639981e+01
1.222499999999999476e+00,7.780740378652284051e+01,1.163879631312145904e+02,-9.591676554589975012e+01,-8.083418385396004879e+00,-6.043217998811256653e-01
1.224999999999999423e+00,7.809837371723266131e+01,1.163876090097861891e+02,-9.376283879632198648e+01,-7.333418385396022643e+00,-1.441366315597663039e+01
1.227499999999999369e+00,7.838934229574211088e+01,1.163864764050286027e+02,-9.154186818849406393e+01,-6.583418385396037742e+00,-2.793060207490810853e+01
1.229999999999999316e+00,7.868030763199310229e+01,1.163846619115613663e+02,-8.925610201941280764e+01,-5.833418385396051953e+00,-4.112809594394737900e+01
1.232499999999999263e+00,7.897126807393061654e+01,1.163822536008668749e+02,-8.690772786897508695e+01,-5.083418385396068828e+00,-5.398073825304460627e+01
1.234999999999999210e+00,7.926222218321296964e+01,1.163793263439480512e+02,-8.449888350623322708e+01,-4.333418385396086592e+00,-6.646802174590413870e+01
1.237499999999999156e+00,7.955316869998019058e+01,1.163759385029060951e+02,-8.203166513234323531e+01,-3.583418385396100359e+00,-7.857594870046295910e+01
1.239999999999999103e+00,7.984410650015644251e+01,1.163721300443461075e+02,-7.950814056548999531e+01,-2.833418385396115013e+00,-9.029697151329192195e+01
1.242499999999999050e+00,8.013503454884035193e+01,1.163679220031230699e+02,-7.693035164767923106e+01,-2.083418385396129224e+00,-1.016286866226978418e+02
1.244999999999998996e+00,8.042595185306628025e+01,1.163633171214315354e+02,-7.430031744498121782e+01,-1.333418385396150541e+00,-1.125718875380053703e+02
1.247499999999998943e+00,8.071685741677219994e+01,1.163583014423428779e+02,-7.162003896415744464e+01,-5.834183853961648625e-01,-1.231285444114500081e+02
1.249999999999998890e+00,8.100775020019612782e+01,1.163528465800854121e+02,-6.889149855668492251e+01,1.665816146038210099e-01,-1.333001151059440872e+02
1.252499999999998836e+00,8.129862908526170884e+01,1.163469124080642700e+02,-6.611665286613737180e+01,9.165816146041337875e-01,-1.430863990478017342e+02
1.254999999999999893e+00,8.158949284782514155e+01,1.163404499306970763e+02,-6.329743952074873903e+01,1.666581614604119466e+00,-1.524849812271513940e+02
1.257499999999999840e+00,8.188034013249833265e+01,1.163333297882219597e+02,-6.043577121102355676e+01,2.416581614604105255e+00,-1.614911984682885020e+02
1.259999999999999787e+00,8.217116918287599958e+01,1.163254192805771936e+02,-5.753353379912916665e+01,3.166581614604091044e+00,-1.700984910634934977e+02
1.262499999999999734e+00,8.246197798943754265e+01,1.163166590790055039e+02,-5.459258423386707193e+01,3.916581614604069728e+00,-1.782989810276649507e+02
1.264999999999999680e+00,8.275276439447334553e+01,1.163069908946792737e+02,-5.161474989620263898e+01,4.666581614604055517e+00,1.739158745208205517e+02
1.267499999999999627e+00,8.304352609570348420e+01,1.162963591199056026e+02,-4.860182378108639512e+01,5.416581614604041306e+00,1.665546771678139066e+02
1.269999999999999574e+00,8.333426065378721148e+01,1.162847121197210214e+02,-4.555555997910153820e+01,6.166581614604026207e+00,1.596256067680730268e+02
1.272499999999999520e+00,8.362496550288814490e+01,1.162720031783227057e+02,-4.247767053952863847e+01,6.916581614604005779e+00,1.531360997621540605e+02
1.274999999999999467e+00,8.391563796340213344e+01,1.162581911124362364e+02,-3.936982859151063963e+01,7.666581614603991568e+00,1.470926836485815841e+02
1.277499999999999414e+00,8.420627525602846219e+01,1.162432405806530653e+02,-3.623366265263014441e+01,8.416581614603977357e+00,1.415009429287733553e+02
1.279999999999999361e+00,8.449687451647088210e+01,1.162271221468325848e+02,-3.307076150976166673e+01,9.166581614603963146e+00,1.363655800779110621e+02
1.282499999999999307e+00,8.478743281016669187e+01,1.162098121449306376e+02,-2.988267201471094836e+01,9.916581614603941830e+00,1.316905336703358387e+02
1.284999999999999254e+00,8.507794714657993040e+01,1.161912923990065849e+02,-2.667090141575571849e+01,1.066658161460392940e+01,1.274791199136922586e+02
1.287499999999999201e+00,8.536841449273113369e+01,1.161715498305765095e+02,-2.343692023388463497e+01,1.141658161460391163e+01,1.237341744769342853e+02
1.289999999999999147e+00,8.565883178568819289e+01,1.161505760071002840e+02,-2.018215622515152319e+01,1.216658161460390097e+01,1.204581767318515375e+02
1.292499999999999094e+00,8.594919594392372630e+01,1.161283666677823447e+02,-1.690800668393378459e+01,1.291658161460387788e+01,1.176533509240924502e+02
1.294999999999999041e+00,8.623950387746332069e+01,1.161049212425502759e+02,-1.361583211908259905e+01,1.366658161460386367e+01,1.153217402801857361e+02
1.297499999999998987e+00,8.652975249684777737e+01,1.160802423930051219e+02,-1.030695830364979138e+01,1.441658161460384946e+01,1.134652586599712123e+02
1.299999999999998934e+00,8.681993872096188625e+01,1.160543355967098194e+02,-6.982681788930931610e+00,1.516658161460383347e+01,1.120857229093979726e+02
1.302499999999998881e+00,8.711005948385341924e+01,1.160272087803100902e+02,-3.644264767688814910e+00,1.591658161460381393e+01,1.111848721463808971e+02
1.304999999999998828e+00,8.740011174066940214e+01,1.159988720111163474e+02,-2.929433988710927750e-01,1.666658161460380327e+01,1.107643797533652474e+02
1.307499999999998774e+00,8.769009247284860464e+01,1.159693372494593007e+02,3.070077310399835557e+00,1.741658161460378551e+01,1.108258624307960503e+02
1.309999999999998721e+00,8.797999869273431273e+01,1.159386181595053387e+02,6.443618949477023961e+00,1.816658161460377130e+01,1.113708911594790578e+02
1.312499999999998668e+00,8.826982744774500134e+01,1.159066968558979909e+02,9.826520753773937855e+00,1.891658161460374998e+01,1.124010065640512721e+02
1.314999999999998614e+00,8.855957547979836875e+01,1.158723918287570029e+02,1.321756438756544405e+01,1.966658161460373577e+01,1.139177345482572292e+02
1.317499999999998561e+00,8.884923607626245712e+01,1.158351474260471008e+02,1.661553819794433906e+01,2.041658161460371801e+01,1.159226060442795188e+02
1.319999999999998508e+00,8.913880190028028494e+01,1.157949847356909601e+02,2.001925497849190450e+01,2.116658161460370735e+01,1.184171850903978793e+02
1.322499999999998455e+00,8.942826566850415304e+01,1.157519262571720731e+02,2.342755113289537405e+01,2.191658161460368603e+01,1.214030995955329502e+02
1.324999999999998401e+00,8.971762015464183548e+01,1.157059959245185752e+02,2.683928728123132856e+01,2.266658161460367538e+01,1.248820641600767658e+02
1.327499999999998348e+00,9.000685819305185476e+01,1.156572191251608217e+02,3.025334591173832877e+01,2.341658161460365761e+01,1.288558857379678955e+02
1.329999999999998295e+00,9.029597268238656227e+01,1.156056226928768069e+02,3.366863339915062170e+01,2.416658161460364340e+01,1.333264381084030106e+02
1.332499999999998241e+00,9.058495658919223104e+01,1.155512348570039194e+02,3.708407969715418773e+01,2.491658161460415499e+01,1.382955916608447922e+02
1.334999999999999964e+00,9.087380295134774144e+01,1.154940851360002227e+02,4.049863462846228401e+01,2.566658161460414078e+01,1.437650801795913367e+02
1.337499999999999911e+00,9.116250496817929161e+01,1.154355937065389810e+02,4.391140535282971058e+01,2.641658161460413012e+01,1.497363049948835112e+02
1.339999999999999858e+00,9.145106079311551639e+01,1.153771806650503038e+02,4.732158171236682165e+01,2.716658161460411236e+01,1.562100677899237269e+02
1.342499999999999805e+00,9.173947063941386659e+01,1.153188767400959733e+02,5.072836570115592281e+01,2.791658161460409460e+01,1.631862373796219288e+02
1.344999999999999751e+00,9.202773479735145656e+01,1.152607127384083441e+02,5.413097707104243739e+01,2.866658161460408394e+01,1.706633818995774163e+02
1.347499999999999698e+00,9.231585363406965428e+01,1.152027188389720749e+02,5.752864883120067674e+01,2.941658161460405907e+01,1.786384414442961486e+02
1.349999999999999645e+00,9.260382759155105248e+01,1.151449237373738015e+02,6.092061676599601583e+01,3.016658161460404486e+01,-1.728934650048922208e+02
1.352499999999999591e+00,9.289165718238466241e+01,1.150873536500358654e+02,6.430612473723179789e+01,3.091658161460402710e+01,-1.639389830104230441e+02
1.354999999999999538e+00,9.317934298296195550e+01,1.150300311944756828e+02,6.768441339144176538e+01,3.166658161460401644e+01,-1.545061058738880035e+02
1.357499999999999485e+00,9.346688562381237375e+01,1.149729741899517137e+02,7.105471937196554677e+01,3.241658161460399867e+01,-1.446033269808044395e+02
1.359999999999999432e+00,9.375428577691536702e+01,1.149161944367549779e+02,7.441627155458748177e+01,3.316658161460398446e+01,-1.342383753357357250e+02
1.362499999999999378e+00,9.404154413996285200e+01,1.148596965497666673e+02,7.776828523361152179e+01,3.391658161460397025e+01,-1.234166683359724885e+02
1.364999999999999325e+00,9.432866141777807911e+01,1.148034769419372054e+02,8.110996069264307096e+01,3.466658161460395604e+01,-1.121397548329514393e+02
1.367499999999999272e+00,9.461563830129091457e+01,1.147475230595692750e+02,8.444048135359358298e+01,3.541658161460392762e+01,-1.004041392611060104e+02
1.369999999999999218e+00,9.490247544479571218e+01,1.146918129888922095e+02,8.775901567943722625e+01,3.616658161460391341e+01,-8.820093924370864613e+01
1.372499999999999165e+00,9.518917344246116841e+01,1.146363155475887368e+02,9.106471804065947140e+01,3.691658161460389920e+01,-7.551680195836590315e+01
1.374999999999999112e+00,9.547573280538769325e+01,1.145809909565920037e+02,9.435673427997460294e+01,3.766658161460388499e+01,-6.233634003288713643e+01
1.377499999999999059e+00,9.576215394069227216e+01,1.145257921888683654e+02,9.763420400373192365e+01,3.841658161460387788e+01,-4.864602162802941621e+01
1.379999999999999005e+00,9.604843713437718122e+01,1.144706670293109170e+02,1.008962708775799513e+02,3.916658161460385656e+01,-3.443892070855120124e+01
1.382499999999998952e+00,9.633458253975338437e+01,1.144155608433078868e+02,1.041420870061674719e+02,3.991658161460384235e+01,-1.971907691384178207e+01
1.384999999999998899e+00,9.662059017316683196e+01,1.143604199993975641e+02,1.073708332512938028e+02,4.066658161460382814e+01,-4.503668468893465615e+00
1.387499999999998845e+00,9.690645991863183895e+01,1.143051957839681023e+02,1.105817248123432535e+02,4.141658161460379972e+01,1.117878856923628028e+01
1.389999999999998792e+00,9.719219154245971026e+01,1.142498485272704301e+02,1.137740292689885848e+02,4.216658161460378551e+01,2.729500184969898768e+01
1.392499999999998739e+00,9.747778471820204516e+01,1.141943515480496956e+02,1.169470706348096485e+02,4.291658161460377130e+01,4.381705201831260865e+01
1.394999999999998685e+00,9.776323906121704965e+01,1.141386944655709783e+02,1.201002336668915120e+02,4.366658161460374998e+01,6.073285753212186222e+01
1.397499999999998632e+00,9.804855417100725390e+01,1.140828854061750661e+02,1.232329670911692290e+02,4.441658161460374288e+01,7.805265220299406792e+01
1.399999999999998579e+00,9.833372967830592870e+01,1.140269516528974236e+02,1.263447746777332554e+02,4.516658161460372867e+01,9.580788985939194902e+01
1.402499999999998526e+00,9.861876529276011638e+01,1.139709383795302386e+02,1.294352083825427258e+02,4.591658161460370735e+01,1.140412053687669385e+02
1.404999999999998472e+00,9.890366084629374654e+01,1.139149052961418391e+02,1.325038478860536202e+02,4.666658161460370735e+01,1.327891956702742675e+02
1.407499999999998419e+00,9.918841632688511822e+01,1.138589212622084972e+02,1.355502923883726396e+02,4.741658161460366472e+01,1.520634603048340523e+02
1.409999999999998366e+00,9.947303189779282206e+01,1.138030572168079857e+02,1.385741281987125717e+02,4.816658161460366472e+01,1.718386875200674808e+02
1.412499999999998312e+00,9.975750789833172405e+01,1.137473780487409556e+02,1.415749111278040004e+02,4.891658161460364340e+01,-1.679431784154328398e+02
1.414999999999998259e+00,1.000418448239533689e+02,1.136919343458711609e+02,1.445521401096696366e+02,4.966658161460363630e+01,-1.473499274309833424e+02
1.417499999999998206e+00,1.003260432859933928e+02,1.136367552042039790e+02,1.475052483539978141e+02,5.041658161460361498e+01,-1.264261494988857635e+02
1.419999999999998153e+00,1.006101039544298885e+02,1.135818432862553067e+02,1.504336007457677340e+02,5.116658161460360077e+01,-1.051681238395254212e+02
1.422499999999998099e+00,1.008940274899218821e+02,1.135271731417303016e+02,1.533365033936738087e+02,5.191658161460358656e+01,-8.352230054702748419e+01
1.424999999999998046e+00,1.011778144737526617e+02,1.134726934098321180e+02,1.562132264354224560e+02,5.266658161460357235e+01,-6.141162529095345946e+01
1.427499999999997993e+00,1.014614653455905966e+02,1.134183330310730895e+02,1.590630234780878141e+02,5.341658161460355103e+01,-3.877985223623704059e+01
1.429999999999997939e+00,1.017449803589786086e+02,1.133640109674966965e+02,1.618851614816587983e+02,5.416658161460352972e+01,-1.563167649557115624e+01
1.432499999999997886e+00,1.020283595628271058e+02,1.133096483403219565e+02,1.646789619024686715e+02,5.491658161460351550e+01,7.959017580538692016e+00
1.434999999999997833e+00,1.023116028141713514e+02,1.132551813275955510e+02,1.674438325399405585e+02,5.566658161460350129e+01,3.188781237625181930e+01
1.437499999999997780e+00,1.025947098229961512e+02,1.132005726297106634e+02,1.701792802362798227e+02,5.641658161460348708e+01,5.608676805912541852e+01
1.439999999999997726e+00,1.028776802241309838e+02,1.131458191566783000e+02,1.728849124188535313e+02,5.716658161460347998e+01,8.057320383699074284e+01
1.442499999999997673e+00,1.031605136655321076e+02,1.130909540333281740e+02,1.755604143968290600e+02,5.791658161460345156e+01,1.054421567407322300e+02
1.444999999999997620e+00,1.034432098978762724e+02,1.130360418835973491e+02,1.782055253154458399e+02,5.866658161460345156e+01,1.308021040640377635e+02
1.447499999999997566e+00,1.037257688484583582e+02,1.129811676333934827e+02,1.808200010887194651e+02,5.941658161460340892e+01,1.566915246486902049e+02
1.449999999999997513e+00,1.040081906637660438e+02,1.129264204731081378e+02,1.834035677379222022e+02,6.016658161460340892e+01,-1.769639623722345902e+02
1.452499999999997460e+00,1.042904757100187254e+02,1.128718758453348130e+02,1.859558743913161720e+02,6.091658161460338761e+01,-1.503076332262774031e+02
1.454999999999997407e+00,1.045726245285989080e+02,1.128175791651646875e+02,1.884764721988933331e+02,6.166658161460337340e+01,-1.234417314384607920e+02
1.457499999999997353e+00,1.048546377530714722e+02,1.127635351316447299e+02,1.909648161261031589e+02,6.241658161460336629e+01,-9.634214192342784600e+01
1.459999999999997300e+00,1.051365160037460242e+02,1.127097054889894565e+02,1.934202946147187276e+02,6.316658161460334497e+01,-6.887487367007462069e+01
1.462499999999997247e+00,1.054182597820496170e+02,1.126560163381180502e+02,1.958422659814969791e+02,6.391658161460333787e+01,-4.090748876181884697e+01
1.464999999999997193e+00,1.056998693885501979e+02,1.126023739850253094e+02,1.982300977885347493e+02,6.466658161460331655e+01,-1.243194866859829517e+01
1.467499999999997140e+00,1.059813448846989132e+02,1.125486862911136257e+02,2.005832331007975995e+02,6.541658161460328813e+01,1.641086760626541974e+01
1.469999999999997087e+00,1.062626861097605087e+02,1.124948849258102541e+02,2.029012241675756059e+02,6.616658161460327392e+01,4.544961267349608391e+01
1.472499999999997033e+00,1.065438927522480270e+02,1.124409430170270099e+02,2.051837492666859646e+02,6.691658161460327392e+01,7.464360967060703445e+01
1.474999999999996980e+00,1.068249644610580305e+02,1.123868831436235212e+02,2.074305857653048974e+02,6.766658161460324550e+01,1.041249886106443086e+02
1.477499999999996927e+00,1.071059009698047930e+02,1.123327727535954779e+02,2.098601591688007204e+02,6.841658161460323129e+01,1.340716128292550593e+02
1.479999999999996874e+00,1.073867022022100457e+02,1.122787073277401220e+02,2.123199393716542147e+02,6.916658161460321708e+01,1.645760335021100218e+02
1.482499999999996820e+00,1.076673683292395083e+02,1.122247851112495880e+02,2.147674313480452497e+02,6.991658161460320287e+01,-1.645209734730140383e+02
1.484999999999996767e+00,1.079478997602047201e+02,1.121710799380449544e+02,2.171743842445606560e+02,7.066658161460318865e+01,-1.334279686510228089e+02
1.487499999999996714e+00,1.082282970670158306e+02,1.121176195899584656e+02,2.195427017615886314e+02,7.141658161460316023e+01,-1.021905511533691424e+02
1.489999999999996660e+00,1.085085608600795126e+02,1.120643767144595984e+02,2.218742973759469805e+02,7.216658161460314602e+01,-7.063587076721675828e+01
1.492499999999996607e+00,1.087886916502346963e+02,1.120112756648826888e+02,2.241704043832405091e+02,7.291658161460313181e+01,-3.855850039898352577e+01
1.494999999999996554e+00,1.090686897370707982e+02,1.119582140562644526e+02,2.264319924958599017e+02,7.366658161460313181e+01,-5.958024231976743579e+00
1.497499999999996501e+00,1.093485551581589732e+02,1.119050933901599763e+02,2.286601402639798835e+02,7.441658161460310339e+01,2.693772115124697919e+01
1.499999999999996447e+00,1.096282877174763826e+02,1.118518499279629452e+02,2.308559576269357194e+02,7.516658161460308918e+01,5.992806297031513196e+01
1.502499999999996394e+00,1.099078870880102130e+02,1.117984758960155887e+02,2.330203354941146472e+02,7.591658161460307497e+01,9.308005850440027018e+01
1.504999999999996341e+00,1.101873529588445848e+02,1.117450232310284548e+02,2.351543878977059876e+02,7.666658161460306076e+01,1.266525546109002107e+02
1.507499999999996287e+00,1.104666851800687937e+02,1.116915874586119060e+02,2.372587191384614584e+02,7.741658161460303234e+01,1.607824805722134442e+02
1.509999999999996234e+00,1.107458838566483479e+02,1.116382760969367496e+02,2.393341187348603114e+02,7.816658161460301812e+01,-1.647045817267981249e+02
1.512499999999996181e+00,1.110249493572373467e+02,1.115851717107942278e+02,2.413808175030091547e+02,7.891658161460300391e+01,-1.300939393213856192e+02
1.514999999999996128e+00,1.113038822315237866e+02,1.115323024778996199e+02,2.433991500796589378e+02,7.966658161460300391e+01,-9.541649273417593236e+01
1.517499999999996074e+00,1.115826830624005339e+02,1.114796313425685241e+02,2.453892041109766922e+02,8.041658161460296128e+01,-6.040641182278826449e+01
1.519999999999996021e+00,1.118613523041034199e+02,1.114270684024890130e+02,2.473505085487763608e+02,8.116658161460296128e+01,-2.484680430551727781e+01
1.522499999999995968e+00,1.121398901644103177e+02,1.113745028652921718e+02,2.492832089092299839e+02,8.191658161460293286e+01,1.112679487721781513e+01
1.524999999999995914e+00,1.124182965750514711e+02,1.113218437536509384e+02,2.511868341441470989e+02,8.230728577970188553e+01,4.718941685716303169e+01
1.527499999999995861e+00,1.126965712644452964e+02,1.112690546189572416e+02,2.530528566532135244e+02,8.230728577970188553e+01,8.327395871137311190e+01
1.529999999999995808e+00,1.129747139088858177e+02,1.112161684485058117e+02,2.548728696265615099e+02,8.155728577970191395e+01,1.196664060102264528e+02
1.532499999999995755e+00,1.132527243062387043e+02,1.111632757734670207e+02,2.566296777377844478e+02,8.080728577970191395e+01,1.566052980555564602e+02
1.534999999999995701e+00,1.135306025043983169e+02,1.111104894968567862e+02,2.583234797202003961e+02,8.005728577970194237e+01,-1.660786435091496003e+02
1.537499999999995648e+00,1.138083488318823555e+02,1.110578996849116180e+02,2.599551240472278550e+02,7.930728577970194237e+01,-1.287454045196019194e+02
1.539999999999995595e+00,1.140859638152875988e+02,1.110055365757417007e+02,2.615244768847166483e+02,7.855728577970197080e+01,-9.142735051119279888e+01
1.542499999999995541e+00,1.143634480148664778e+02,1.109533575926698035e+02,2.630315339160855501e+02,7.780728577970198501e+01,-5.378925119141175770e+01
1.544999999999995488e+00,1.146408018448131969e+02,1.109012643793139006e+02,2.644766283446661532e+02,7.705728577970201343e+01,-1.563303355935489058e+01
1.547499999999995435e+00,1.149180254526670666e+02,1.108491434115074554e+02,2.658592303819355607e+02,7.630728577970201343e+01,2.277917469831318442e+01
1.549999999999995381e+00,1.151951187092578266e+02,1.107969139004784296e+02,2.671794230659235154e+02,7.555728577970202764e+01,6.110245755070464213e+01
1.552499999999995328e+00,1.154720813162162187e+02,1.107445628267097391e+02,2.684376536795751917e+02,7.480728577970204185e+01,9.943415010493886541e+01
1.554999999999995275e+00,1.157489129874633562e+02,1.106921511905885041e+02,2.696335509169606439e+02,7.405728577970205606e+01,1.381553290707051929e+02
1.557499999999995222e+00,1.160256136268106530e+02,1.106397877028456094e+02,2.707670294525322561e+02,7.330728577970208448e+01,1.773275459477510196e+02
1.559999999999995168e+00,1.163021834230606260e+02,1.105875807834806750e+02,2.718383389610428935e+02,7.255728577970209869e+01,-1.434341966599662612e+02
1.562499999999995115e+00,1.165786228188301834e+02,1.105355899937024304e+02,2.728470449903178405e+02,7.180728577970211290e+01,-1.043664093465712313e+02
1.564999999999995062e+00,1.168549323652361807e+02,1.104837990488117754e+02,2.737925905256171859e+02,7.105728577970212712e+01,-6.519069745650804748e+01
1.567499999999995008e+00,1.171311125273149827e+02,1.104321230326642507e+02,2.746744759326769554e+02,7.030728577970215554e+01,-2.556995556675188652e+01
1.569999999999994955e+00,1.174071635280269703e+02,1.103804467340808486e+02,2.754926384051631203e+02,6.955728577970215554e+01,1.433105176789717916e+01
1.572499999999994902e+00,1.176830853016240610e+02,1.103286771144091745e+02,2.762467209675722870e+02,6.880728577970216975e+01,5.408863459196221157e+01
1.574999999999994849e+00,1.179588775789526522e+02,1.102767862715092377e+02,2.769363376584254297e+02,6.805728577970218396e+01,9.370529946266661625e+01
1.577499999999994795e+00,1.182345400670823210e+02,1.102248246038266188e+02,2.775610785109475387e+02,6.730728577970221238e+01,1.335918899936393984e+02
1.579999999999994742e+00,1.185100726404208160e+02,1.101728973091312582e+02,2.781205502985485509e+02,6.655728577970222659e+01,1.738819855827130141e+02
1.582499999999994689e+00,1.187854754535472352e+02,1.101211148575471839e+02,2.786144035351742332e+02,6.580728577970224080e+01,-1.458155291042368731e+02
1.584999999999994635e+00,1.190607489220141417e+02,1.100695407353937156e+02,2.790424727423747413e+02,6.505728577970225501e+01,-1.057830949891191779e+02
1.587499999999994582e+00,1.193358935795242957e+02,1.100181614839973321e+02,2.794043445066918707e+02,6.430728577970225501e+01,-6.573902969625819992e+01
1.589999999999994529e+00,1.196109098796254528e+02,1.099668933619307012e+02,2.796995471933001909e+02,6.355728577970228343e+01,-2.532250442417116787e+01
1.592499999999994476e+00,1.198857980361208888e+02,1.099156221901735648e+02,2.799276086733697184e+02,6.280728577970229054e+01,1.528741129105779528e+01
1.594999999999994422e+00,1.201605579772919299e+02,1.098642575427161461e+02,2.800881166983986077e+02,6.205728577970231186e+01,5.565059522153854488e+01
1.597499999999994369e+00,1.204351894357803019e+02,1.098127758183091629e+02,2.801806954879305067e+02,6.130728577970233317e+01,9.579682723735832894e+01
1.599999999999994316e+00,1.207096921317428269e+02,1.097612313621220892e+02,2.802049757163766230e+02,6.055728577970234738e+01,1.361559535428035304e+02
1.602499999999994262e+00,1.209840659613611393e+02,1.097097300213505662e+02,2.801606046875818379e+02,5.980728577970236870e+01,1.768234247673255197e+02
1.604999999999994209e+00,1.212583110998903351e+02,1.096583779330702555e+02,2.800472324610095143e+02,5.905728577970239002e+01,-1.426242431728618101e+02
1.607499999999994156e+00,1.215324279698524919e+02,1.096072304432449442e+02,2.798645244947827564e+02,5.830728577970239712e+01,-1.024294590908731237e+02
1.609999999999994102e+00,1.218064170903936656e+02,1.095562659657979623e+02,2.796121917642468020e+02,5.755728577970241844e+01,-6.226641708903112971e+01
1.612499999999994049e+00,1.220802788817236575e+02,1.095053970200343372e+02,2.792899817853181048e+02,5.680728577970242554e+01,-2.180678817893572941e+01
1.614999999999993996e+00,1.223540135186094489e+02,1.094545123838740608e+02,2.788976582868635887e+02,5.605728577970245397e+01,1.871395448045660359e+01
1.617499999999993943e+00,1.226276209015680081e+02,1.094035300538040190e+02,2.784349926853063266e+02,5.530728577970246107e+01,5.887514424229296139e+01
1.619999999999993889e+00,1.229011007585404940e+02,1.093524360113071054e+02,2.779017352764505517e+02,5.455728577970247528e+01,9.876358674011061112e+01
1.622499999999993836e+00,1.231744528278554043e+02,1.093012903090074133e+02,2.772976106692433973e+02,5.380728577970249660e+01,1.388035154380593212e+02
1.624999999999993783e+00,1.234476770345690539e+02,1.092501978087533274e+02,2.766223666099165257e+02,5.305728577970251791e+01,1.790387512172053164e+02
1.627499999999993729e+00,1.237207735763800542e+02,1.091992580211637147e+02,2.758757929206591371e+02,5.230728577970252502e+01,-1.409595563279260091e+02
1.629999999999993676e+00,1.239937428795778516e+02,1.091485182517822068e+02,2.750580054223367483e+02,5.155728577970253923e+01,-1.013947353625308807e+02
1.632499999999993623e+00,1.242665854478638039e+02,1.090979522099368637e+02,2.741692856608933084e+02,5.080728577970255344e+01,-6.193609692997482341e+01
1.634999999999993570e+00,1.245393016773463160e+02,1.090474733357634705e+02,2.732096657746755000e+02,5.005728577970257476e+01,-2.228089222285170123e+01
1.637499999999993516e+00,1.248118917241764052e+02,1.089969754526278649e+02,2.721792061466837822e+02,4.930728577970258186e+01,1.734035463172495994e+01
1.639999999999993463e+00,1.250843554840366210e+02,1.089463815340151598e+02,2.710778971807046105e+02,4.855728577970260318e+01,5.652598254679580947e+01
1.642499999999993410e+00,1.253566926908817010e+02,1.088956784039296792e+02,2.699057164161387163e+02,4.780728577970262450e+01,9.533798913760864480e+01
1.644999999999993356e+00,1.256289030879381556e+02,1.088449217813287504e+02,2.686631063960765573e+02,4.705728577970263871e+01,1.341730187063132291e+02
1.647499999999993303e+00,1.259009865918796294e+02,1.087942100370046603e+02,2.673501978317612497e+02,4.630728577970266002e+01,1.731201327316045990e+02
1.649999999999993250e+00,1.261729433762153150e+02,1.087436394084870983e+02,2.659670635151358624e+02,4.555728577970266713e+01,-1.481930919823988120e+02
1.652499999999993197e+00,1.264447738384643856e+02,1.086932613294296459e+02,2.645139615727125602e+02,4.480728577970268134e+01,-1.100252524836930803e+02
1.654999999999993143e+00,1.267164784687241621e+02,1.086430608024068221e+02,2.629918463593315892e+02,4.405728577970270265e+01,-7.214472901325288490e+01
1.657499999999993090e+00,1.269880576806534691e+02,1.085929643574137913e+02,2.614013150585150811e+02,4.330728577970272397e+01,-3.421292467869528053e+01
1.659999999999993037e+00,1.272595116791761853e+02,1.085428726284802678e+02,2.597428260828884845e+02,4.255728577970273108e+01,3.692194537466272575e+00
1.662499999999992983e+00,1.275308404196198211e+02,1.084927027389282301e+02,2.580175472341787781e+02,4.180728577970275239e+01,4.118587343198925765e+01
1.664999999999992930e+00,1.278020436726262261e+02,1.084424226060543646e+02,2.562260129337926173e+02,4.105728577970277371e+01,7.814561975314596509e+01
1.667499999999992877e+00,1.280731211648116243e+02,1.083920631674224637e+02,2.543686898521302737e+02,4.030728577970278792e+01,1.148624672197541798e+02
1.669999999999992824e+00,1.283440727345526682e+02,1.083417042623590021e+02,2.524466298150904606e+02,3.955728577970279503e+01,1.515961963332892992e+02
1.672499999999992770e+00,1.286148984384541336e+02,1.082914411140512385e+02,2.504602039605435380e+02,3.880728577970280924e+01,-1.718048403595995239e+02
1.674999999999992717e+00,1.288855985671456494e+02,1.082413458700558380e+02,2.484109382614736035e+02,3.805728577970283055e+01,-1.356925578160075929e+02
1.677499999999992664e+00,1.291561735673699616e+02,1.081914398301668427e+02,2.462997303752533469e+02,3.730728577970284476e+01,-1.001328298573256461e+02
1.679999999999992610e+00,1.294266239050837157e+02,1.081416867215046409e+02,2.441283578102768388e+02,3.655728577970285897e+01,-6.484645367898785651e+01
1.682499999999992557e+00,1.296969499253208937e+02,1.080920081684033960e+02,2.418982301189475379e+02,3.580728577970288029e+01,-2.960822952815174602e+01
1.684999999999992504e+00,1.299671517618378402e+02,1.080423139979695861e+02,2.396113143861350068e+02,3.505728577970289450e+01,5.448037851983062119e+00
1.687499999999992450e+00,1.302372293273418222e+02,1.079925354812128830e+02,2.372689815127249915e+02,3.430728577970290871e+01,4.000693948416121515e+01
1.689999999999992397e+00,1.305071823844649543e+02,1.079426494859780945e+02,2.348730114815092804e+02,3.355728577970293003e+01,7.397865896206864988e+01
1.692499999999992344e+00,1.307770106685870530e+02,1.078926853459813060e+02,2.324247009359574463e+02,3.280728577970293713e+01,1.075858666298658619e+02
1.694999999999992291e+00,1.310467140165785622e+02,1.078427129809458052e+02,2.299260630218423103e+02,3.205728577970295845e+01,1.410641314649565459e+02
1.697499999999992237e+00,1.313162924561802356e+02,1.077928176093750636e+02,2.273787937081544044e+02,3.130728577970297621e+01,1.743700703794535798e+02
1.699999999999992184e+00,1.315857462273480962e+02,1.077430705779304390e+02,2.247846841982742774e+02,3.055728577970299042e+01,-1.527643740954847260e+02
1.702499999999992131e+00,1.318550757318209037e+02,1.076935063678193671e+02,2.221465056010177079e+02,2.980728577970301174e+01,-1.205114925124312037e+02
1.704999999999992077e+00,1.321242814315612293e+02,1.076441129288974281e+02,2.194665586974418261e+02,2.905728577970301885e+01,-8.876652162691391368e+01
1.707499999999992024e+00,1.323933637319525189e+02,1.075948372983768735e+02,2.167476405168394251e+02,2.830728577970304016e+01,-5.729279675455358500e+01
1.709999999999991971e+00,1.326623228872591085e+02,1.075456033298991798e+02,2.139925247155287593e+02,2.755728577970305082e+01,-2.599035620566301930e+01
1.712499999999991918e+00,1.329311589554720570e+02,1.074963351583099040e+02,2.112042017220221339e+02,2.680728577970306148e+01,4.999330034285434543e+00
1.714999999999991864e+00,1.331998718127083805e+02,1.074469792026028756e+02,2.083856987395727458e+02,2.605728577970308635e+01,3.545150524731177910e+01
1.717499999999991811e+00,1.334684612196570868e+02,1.073975185631079086e+02,2.055398015913242205e+02,2.530728577970310056e+01,6.529192515855265810e+01
1.719999999999991758e+00,1.337369269181160689e+02,1.073479762783962315e+02,2.026692937334943565e+02,2.455728577970311477e+01,9.465219111669112806e+01
1.722499999999991704e+00,1.340052687288940945e+02,1.072984074252093762e+02,1.997770052841178199e+02,2.380728577970313609e+01,1.237221906846011308e+02
1.724999999999991651e+00,1.342734866242886653e+02,1.072488831533274549e+02,1.967497691418911643e+02,2.305728577970315385e+01,1.525557164056009469e+02
1.727499999999991598e+00,1.345415807575465124e+02,1.071994716047086200e+02,1.935645830926927999e+02,2.230728577970316806e+01,-1.789656896728979518e+02
1.729999999999991545e+00,1.348095514446103493e+02,1.071502209229851701e+02,1.903467318194253437e+02,2.155728577970317872e+01,-1.510439834653697631e+02
1.732499999999991491e+00,1.350773991059848527e+02,1.071011484460249790e+02,1.871239927095249982e+02,2.080728577970319293e+01,-1.237643977412400460e+02
1.734999999999991438e+00,1.353451241861945959e+02,1.070522382675249702e+02,1.838962075950067288e+02,2.005728577970321425e+01,-9.705454982857197876e+01
1.737499999999991385e+00,1.356127270719926230e+02,1.070034466568005627e+02,1.806633194246920198e+02,1.930728577970322846e+01,-7.076493665625353913e+01
1.739999999999991331e+00,1.358802080280277664e+02,1.069547131129932040e+02,1.774253057229740591e+02,1.855728577970324267e+01,-4.479228089752223951e+01
1.742499999999991278e+00,1.361475671624080235e+02,1.069059739761513583e+02,1.741821215878742635e+02,1.780728577970326398e+01,-1.915336027300748256e+01
1.744999999999991225e+00,1.364148044266976285e+02,1.068571755424127758e+02,1.709336592047438614e+02,1.705728577970327819e+01,6.037282750412621191e+00
1.747499999999991172e+00,1.366819196475692024e+02,1.068082841522332842e+02,1.676797319244439279e+02,1.630728577970329241e+01,3.065963745294912357e+01
1.749999999999991118e+00,1.369489125812827979e+02,1.067592915612093520e+02,1.644200693865741130e+02,1.555728577970330662e+01,5.467244908712213203e+01
1.752499999999991065e+00,1.372157829785852527e+02,1.067102150609115370e+02,1.611543414816337645e+02,1.480728577970332083e+01,7.812983126699170100e+01
1.754999999999991012e+00,1.374825306469965938e+02,1.066610929291779541e+02,1.578821916821368632e+02,1.405728577970333681e+01,1.011340629274244094e+02
1.757499999999990958e+00,1.377491554994358296e+02,1.066119765898592533e+02,1.546032832701669122e+02,1.330728577970336346e+01,1.237678664519101517e+02
1.759999999999990905e+00,1.380156575819322029e+02,1.065629212677025350e+02,1.513173355006596523e+02,1.255728577970337767e+01,1.460480554196146272e+02
1.762499999999990852e+00,1.382820370777196786e+02,1.065139769069806164e+02,1.480241524552477870e+02,1.180728577970339188e+01,1.679222845490280349e+02
1.764999999999990798e+00,1.385482942892730307e+02,1.064651808026607824e+02,1.447236396917610932e+02,1.105728577970340609e+01,-1.706948024963094781e+02
1.767499999999990745e+00,1.388144296032734530e+02,1.064165529224220421e+02,1.414158112838979662e+02,1.030728577970341853e+01,-1.498720189929787807e+02
1.769999999999990692e+00,1.390804434456030378e+02,1.063680942819682400e+02,1.381007796449355851e+02,9.557285779703434514e+00,-1.296291774306270383e+02
1.772499999999990639e+00,1.393463362340030187e+02,1.063197881597541397e+02,1.347787460715533427e+02,8.807285779703448725e+00,-1.099356022857648014e+02
1.774999999999990585e+00,1.396121083352230698e+02,1.062716035299608421e+02,1.314499746459723042e+02,8.057285779703462936e+00,-9.073254395875589751e+01
1.777499999999990532e+00,1.398777600317544909e+02,1.062234998920050373e+02,1.281147628690312956e+02,7.307285779703478035e+00,-7.196311081002416188e+01
1.779999999999990479e+00,1.401432915011570230e+02,1.061754326534881585e+02,1.247734180689850803e+02,6.557285779703505568e+00,-5.359564853474700641e+01
1.782499999999990425e+00,1.404087028089054172e+02,1.061273583442514052e+02,1.214262323672811732e+02,5.807285779703520667e+00,-3.563306390577355387e+01
1.784999999999990372e+00,1.406739939139673083e+02,1.060792391177031817e+02,1.180734745410740629e+02,5.057285779703533990e+00,-1.810722243615112959e+01
1.787499999999990319e+00,1.409391646851165376e+02,1.060310461594319094e+02,1.147153723571983619e+02,4.307285779703548201e+00,-1.063168255645225990e+00
1.789999999999990266e+00,1.412042149250425211e+02,1.059827617747570372e+02,1.113521170829242379e+02,3.557285779703562856e+00,1.545879769546388083e+01
1.792499999999990212e+00,1.414691443988972708e+02,1.059343801366176336e+02,1.079838602040283320e+02,2.807285779703576623e+00,3.143575235736069473e+01
1.794999999999990159e+00,1.417339528639809032e+02,1.058859068251366864e+02,1.046107214851718226e+02,2.057285779703590833e+00,4.686602772115855231e+01
1.797499999999990106e+00,1.419986400976557661e+02,1.058373574026622777e+02,1.012328002499548205e+02,1.307285779703619255e+00,6.176535301115858800e+01
1.799999999999990052e+00,1.422632059212431841e+02,1.057887553156195963e+02,9.785018277296578049e+01,5.572857797036335770e-01,7.615880303850529742e+01
1.802499999999989999e+00,1.425276502183932905e+02,1.057401294360809487e+02,9.446295857175603317e+01,-1.927142202963523232e-01,9.007221805713027152e+01
1.804999999999989946e+00,1.427919729471974222e+02,1.056915115187181868e+02,9.107122381805665157e+01,-9.427142202963382234e-01,1.035255716631576206e+02
1.807499999999989893e+00,1.430561741459775931e+02,1.056429338089530461e+02,8.767510277297117227e+01,-1.692714220296323901e+00,1.165293645369151392e+02
1.809999999999989839e+00,1.433202539332462777e+02,1.055944269705540250e+02,8.427474220059924903e+01,-2.442714220296309691e+00,1.290840547184083391e+02
1.812499999999989786e+00,1.435842125026999838e+02,1.055460184195191431e+02,8.087032435992838941e+01,-3.192714220296295480e+00,1.411818563559563131e+02
1.814999999999989733e+00,1.438480501142987009e+02,1.054977311303597105e+02,7.746206580985733581e+01,-3.942714220296281269e+00,1.528098994230161338e+02
1.817499999999989679e+00,1.441117670826378401e+02,1.054495829172309556e+02,7.405021856207773112e+01,-4.692714220296267058e+00,1.639536988615841722e+02
1.819999999999989626e+00,1.443753637637856286e+02,1.054015861436407420e+02,7.063507097755145026e+01,-5.442714220296238636e+00,1.746000861036853848e+02
1.822499999999989573e+00,1.446388405416167302e+02,1.053537478064247637e+02,6.721694405153129992e+01,-6.192714220296225314e+00,-1.752608813736141542e+02
1.824999999999989519e+00,1.449021978145459855e+02,1.053060699017938759e+02,6.379618773266911802e+01,-6.942714220296210215e+00,-1.656351324030490275e+02
1.827499999999989466e+00,1.451654359833048886e+02,1.052585499931827684e+02,6.037318121853417807e+01,-7.692714220296196892e+00,-1.565247272688860392e+02
1.829999999999989413e+00,1.454285554402335094e+02,1.052111819020649364e+02,5.694832627523761914e+01,-8.442714220296181793e+00,-1.479286033616849352e+02
1.832499999999989360e+00,1.456915565603375171e+02,1.051639564505645836e+02,5.352204255608164374e+01,-9.192714220296167582e+00,-1.398435827364056365e+02
1.834999999999989306e+00,1.459544396942169726e+02,1.051168622024846542e+02,5.009476853044031230e+01,-9.942714220296153371e+00,-1.322653748948437737e+02
1.837499999999989253e+00,1.462172051628326415e+02,1.050698861658565733e+02,4.666695182222499483e+01,-1.069271422029612495e+01,-1.251894116014168645e+02
1.839999999999989200e+00,1.464798532539922178e+02,1.050230144214847599e+02,4.323904954227509023e+01,-1.144271422029611074e+01,-1.186114449482505364e+02
1.842499999999989146e+00,1.467423842203639879e+02,1.049762326685003018e+02,3.981152579279611814e+01,-1.219271422029609653e+01,-1.125279039246287738e+02
1.844999999999989093e+00,1.470047982788036052e+02,1.049295266806812776e+02,3.638484929312514993e+01,-1.294271422029608054e+01,-1.069360467767205307e+02
1.847499999999989040e+00,1.472670956107683651e+02,1.048828826692027434e+02,3.295949013847718589e+01,-1.369271422029606988e+01,-1.018339615470807473e+02
1.849999999999988987e+00,1.475292763635901849e+02,1.048362875643652785e+02,2.953591857111041108e+01,-1.444271422029605567e+01,-9.722046877496804029e+01
1.852499999999988933e+00,1.477913406524074844e+02,1.047897292211415561e+02,2.611460518004153641e+01,-1.519271422029603968e+01,-9.309497261985066530e+01
1.854999999999988880e+00,1.480532885625720780e+02,1.047431965625583814e+02,2.269601913058401621e+01,-1.594271422029602547e+01,-8.945729562181159622e+01
1.857499999999988827e+00,1.483151201523810414e+02,1.046966796695535891e+02,1.928062899611492043e+01,-1.669271422029601126e+01,-8.630752090113934116e+01
1.859999999999988773e+00,1.485768354560094906e+02,1.046501698318333951e+02,1.586890091462898411e+01,-1.744271422029598284e+01,-8.364585608856873478e+01
1.862499999999988720e+00,1.488384344865503124e+02,1.046036595687789656e+02,1.246129813729740121e+01,-1.819271422029596863e+01,-8.147252364262821800e+01
1.864999999999988667e+00,1.490999172390935996e+02,1.045571426266974981e+02,9.058280883095774172e+00,-1.894271422029595442e+01,-7.978767904495548180e+01
1.867499999999988614e+00,1.493612836937853388e+02,1.045106139616268166e+02,5.660308297722650650e+00,-1.969271422029594376e+01,-7.859135252206806399e+01
1.869999999999988560e+00,1.496225338188385479e+02,1.044640697121130160e+02,2.267836401021575021e+00,-2.044271422029592600e+01,-7.788340924846275470e+01
1.872499999999988507e+00,1.498836675734727919e+02,1.044175071703554352e+02,-1.116401706352142753e+00,-2.119271422029591179e+01,-7.766355157776548879e+01
1.874999999999988454e+00,1.501446849107827290e+02,1.043709247561862412e+02,-4.496600354973173452e+00,-2.194271422029589758e+01,-7.793086773507324949e+01
1.877499999999988400e+00,1.504055857805421397e+02,1.043243219924665794e+02,-7.869947681771859216e+00,-2.269271422029586915e+01,-7.868497362221573610e+01
1.879999999999988347e+00,1.506663701319502309e+02,1.042776994886316402e+02,-1.123600372251484991e+01,-2.344271422029585494e+01,-7.992489477260383524e+01
1.882499999999988294e+00,1.509270379163407654e+02,1.042310589316111020e+02,-1.459432837093441648e+01,-2.419271422029584073e+01,-8.164942614368555951e+01
1.884999999999988241e+00,1.511875890898732564e+02,1.041844030821964395e+02,-1.794448771518138841e+01,-2.494271422029583007e+01,-8.385712933334198738e+01
1.887499999999988187e+00,1.514480236162168012e+02,1.041377357741239393e+02,-2.128605238027012803e+01,-2.569271422029581231e+01,-8.654633582006938752e+01
1.889999999999988134e+00,1.517083414692320957e+02,1.040910619134600950e+02,-2.461859497563940380e+01,-2.644271422029579810e+01,-8.971515898097089803e+01
1.892499999999988081e+00,1.519685426356504081e+02,1.040443874735315575e+02,-2.794169551555881270e+01,-2.719271422029578034e+01,-9.336152077072276256e+01
1.894999999999988027e+00,1.522286271177381707e+02,1.039977194813102273e+02,-3.125493557037724912e+01,-2.794271422029576968e+01,-9.748319856084812329e+01
1.897499999999987974e+00,1.524885949359190533e+02,1.039510659883704875e+02,-3.455790230879121339e+01,-2.869271422029575547e+01,-1.020778977693949656e+02
1.899999999999987921e+00,1.527484461313131021e+02,1.039044360194824037e+02,-3.785018576820544922e+01,-2.944271422029572705e+01,-1.071433545030201060e+02
1.902499999999987867e+00,1.530081807681312398e+02,1.038578394897566284e+02,-4.113137999826845714e+01,-3.019271422029571283e+01,-1.126774686768055744e+02
1.904999999999987814e+00,1.532677989358442687e+02,1.038112870813452844e+02,-4.440107852271553668e+01,-3.094271422029569507e+01,-1.186784621554013626e+02
1.907499999999987761e+00,1.535273007510149341e+02,1.037647900744760108e+02,-4.765888151095958136e+01,-3.169271422029568086e+01,-1.251450486704922440e+02
1.909999999999987708e+00,1.537866863586839941e+02,1.037183601245332909e+02,-5.090438464413601594e+01,-3.244271422029567020e+01,-1.320765931662988635e+02
1.912499999999987654e+00,1.540459559331617072e+02,1.036720089782533591e+02,-5.413718372794856037e+01,-3.319271422029565599e+01,-1.394732235515207321e+02
1.914999999999987601e+00,1.543051096780768887e+02,1.036257481250053587e+02,-5.735686866468338962e+01,-3.394271422029564889e+01,-1.473358536756895774e+02
1.917499999999987548e+00,1.545641478255156471e+02,1.035795883925059258e+02,-6.056302289547166851e+01,-3.469271422029561336e+01,-1.556660661532799281e+02
1.919999999999987494e+00,1.548230706341209668e+02,1.035335394886214289e+02,-6.375521995588219681e+01,-3.544271422029559915e+01,-1.644658120317653243e+02
1.922499999999987441e+00,1.550818783860207475e+02,1.034876095056644374e+02,-6.693301930212405182e+01,-3.619271422029558494e+01,-1.737368993575492766e+02
1.924999999999987388e+00,1.553405713824964209e+02,1.034418044020872003e+02,-7.009596531904176686e+01,-3.694271422029557073e+01,1.765197163178609401e+02
1.927499999999987335e+00,1.555991499383547989e+02,1.033961274931637462e+02,-7.324358434326239831e+01,-3.769271422029555652e+01,1.663047691416438454e+02
1.929999999999987281e+00,1.558576143750393328e+02,1.033505789822181526e+02,-7.637538191448105351e+01,-3.844271422029554230e+01,1.556215013679363892e+02
1.932499999999987228e+00,1.561159650126031693e+02,1.033051555685957368e+02,-7.949084037502993283e+01,-3.919271422029552809e+01,1.444762403818450309e+02
1.934999999999987175e+00,1.563742021607589550e+02,1.032598501738943639e+02,-8.258942210157229624e+01,-3.994271422029551388e+01,1.328784684373594871e+02
1.937499999999987121e+00,1.566323261093257315e+02,1.032146518303569707e+02,-8.567056975282635278e+01,-4.069271422029549257e+01,1.208401446695116164e+02
1.939999999999987068e+00,1.568903371184980529e+02,1.031695457665775137e+02,-8.873371012711614014e+01,-4.144271422029547125e+01,1.083741685121997449e+02
1.942499999999987015e+00,1.571482354094565608e+02,1.031245137235015079e+02,-9.177826350352721363e+01,-4.219271422029545704e+01,9.549210603681089538e+01
1.944999999999986962e+00,1.574060211559030336e+02,1.030795345232645985e+02,-9.480364666628270243e+01,-4.294271422029544993e+01,8.220158925530904526e+01
1.947499999999986908e+00,1.576636944771690878e+02,1.030345849045336877e+02,-9.780928046102481233e+01,-4.369271422029543572e+01,6.850405685245715404e+01
1.949999999999986855e+00,1.579212554335662162e+02,1.029896406257267358e+02,-1.007945887550675224e+02,-4.444271422029541441e+01,5.439362736592019587e+01
1.952499999999986802e+00,1.581787040246436788e+02,1.029446778242106717e+02,-1.037590099343268548e+02,-4.519271422029540730e+01,3.985780957251834167e+01
1.954999999999986748e+00,1.584360401909764278e+02,1.028996745971918614e+02,-1.067020146750291900e+02,-4.594271422029538599e+01,2.488042205543148100e+01
1.957499999999986695e+00,1.586932638200251802e+02,1.028546127138528448e+02,-1.096231136917937050e+02,-4.669271422029536467e+01,9.446536349523956488e+00
1.959999999999986642e+00,1.589503747563005049e+02,1.028094792970502311e+02,-1.125218611943683271e+02,-4.744271422029535756e+01,-6.451524328217763227e+00
1.962499999999986589e+00,1.592073728156564414e+02,1.027642682873410962e+02,-1.153978570898649423e+02,-4.819271422029532914e+01,-2.280895695176169724e+01
1.964999999999986535e+00,1.594642578030596098e+02,1.027189814909873462e+02,-1.182507484581144155e+02,-4.894271422029532914e+01,-3.960639496109681090e+01
1.967499999999986482e+00,1.597210295326778748e+02,1.026736290248819330e+02,-1.210802226810118896e+02,-4.969271422029530072e+01,-5.681296288236399761e+01
1.969999999999986429e+00,1.599776878486877649e+02,1.026282290057881994e+02,-1.238859992353629735e+02,-5.044271422029526519e+01,-7.439475485390933329e+01
1.972499999999986375e+00,1.602342326448347194e+02,1.025828063868391951e+02,-1.266678188357971209e+02,-5.119271422029527230e+01,-9.232638858252563807e+01
1.974999999999986322e+00,1.604906638805895511e+02,1.025373909424057786e+02,-1.294254247154051427e+02,-5.194271422029524388e+01,-1.106011085813298109e+02
1.977499999999986269e+00,1.607469815918025233e+02,1.024920145099004003e+02,-1.321585603091299674e+02,-5.269271422029525098e+01,-1.292346305302967835e+02
1.979999999999986215e+00,1.610031858941010796e+02,1.024467077128917651e+02,-1.348669432212387846e+02,-5.344271422029521545e+01,-1.482598707345300113e+02
1.982499999999986162e+00,1.612592769778927675e+02,1.024014964885228380e+02,-1.375502445784251222e+02,-5.419271422029522256e+01,-1.677130958009583992e+02
1.984999999999986109e+00,1.615152550946862675e+02,1.023563988471777293e+02,-1.402080789738739952e+02,-5.494271422029518703e+01,1.723841119688885328e+02
1.987499999999986056e+00,1.617711205356046378e+02,1.023114223476546556e+02,-1.428399941198628937e+02,-5.569271422029515861e+01,1.520393254849454934e+02
1.989999999999986002e+00,1.620268736041348632e+02,1.022665627054140742e+02,-1.454454827414323859e+02,-5.644271422029515861e+01,1.312914528125739935e+02
1.992499999999985949e+00,1.622825145861545764e+02,1.022218038311869748e+02,-1.480239960533050692e+02,-5.719271422029513730e+01,1.101960180404041267e+02
1.994999999999985896e+00,1.625380437209308866e+02,1.021771194200439083e+02,-1.505749740485809696e+02,-5.794271422029513730e+01,8.879838530585274725e+01
1.997499999999985842e+00,1.627934611769686910e+02,1.021324760087765497e+02,-1.530978607290854825e+02,-5.869271422029509466e+01,6.710895378266106093e+01
1.999999999999985789e+00,1.630487670362743131e+02,1.020878372305227657e+02,-1.555921102453870901e+02,-5.944271422029510177e+01,4.509553918239107162e+01
2.002499999999985736e+00,1.633039612898146800e+02,1.020431688381512743e+02,-1.580572305572016489e+02,-6.019271422029508045e+01,2.269969183501911303e+01
2.004999999999985683e+00,1.635590438458006020e+02,1.019984439010587920e+02,-1.604928047838674274e+02,-6.094271422029507335e+01,-1.290265368927826783e-01
2.007499999999985629e+00,1.638140145508523915e+02,1.019536473561948213e+02,-1.628984990877790722e+02,-6.169271422029505203e+01,-2.339802479606842311e+01
2.009999999999985576e+00,1.640688732218691541e+02,1.019087790005965388e+02,-1.652740527526312917e+02,-6.244271422029501650e+01,-4.705840211852859056e+01
2.012499999999985523e+00,1.643236196842218817e+02,1.018638541868184006e+02,-1.676192617860750431e+02,-6.319271422029501650e+01,-7.102788826999739058e+01
2.014999999999985469e+00,1.645782538102039041e+02,1.018189018304698408e+02,-1.699339527113322106e+02,-6.394271422029498808e+01,-9.524060904360091229e+01
2.017499999999985416e+00,1.648327755509385497e+02,1.017739598282263529e+02,-1.722179618001869983e+02,-6.469271422029498808e+01,-1.196906624228258522e+02
2.019999999999985363e+00,1.650871849554964683e+02,1.017290685162105461e+02,-1.744711065960885037e+02,-6.544271422029495966e+01,-1.444370302361880931e+02
2.022499999999985310e+00,1.653414821728533752e+02,1.016842632656799736e+02,-1.766931457804066099e+02,-6.619271422029495966e+01,-1.695630892220835904e+02
2.024999999999985256e+00,1.655956674352554217e+02,1.016395676071918501e+02,-1.788837541486751661e+02,-6.694271422029491703e+01,1.648855425690641709e+02
2.027499999999985203e+00,1.658497410251660824e+02,1.015949883540039451e+02,-1.810425198298686666e+02,-6.769271422029493124e+01,1.389424757324470363e+02
2.029999999999985150e+00,1.661037032315943804e+02,1.015505138679597650e+02,-1.831689706689849686e+02,-6.844271422029490282e+01,1.127045715407948876e+02
2.032499999999985096e+00,1.663575543041248466e+02,1.015061159759535911e+02,-1.852626190009903837e+02,-6.919271422029487439e+01,8.626158815951644954e+01
2.034999999999985043e+00,1.666112944138293415e+02,1.014617553016953337e+02,-1.873229824648408908e+02,-6.994271422029487439e+01,5.962505277130014036e+01
2.037499999999984990e+00,1.668649236292370404e+02,1.014173891145700992e+02,-1.893496029650145260e+02,-7.069271422029484597e+01,3.271725070944195579e+01
2.039999999999984936e+00,1.671184419129531875e+02,1.013729803102449694e+02,-1.916457048795599292e+02,-7.144271422029486018e+01,5.420227347981262156e+00
2.042499999999984883e+00,1.673718491408714328e+02,1.013285057558830573e+02,-1.938325058382047530e+02,-7.219271422029481755e+01,-2.233196199103786128e+01
2.044999999999984830e+00,1.676251451412607878e+02,1.012839620026406351e+02,-1.960063026036319513e+02,-7.294271422029481755e+01,-5.046346650963285896e+01
2.047499999999984777e+00,1.678783297460323922e+02,1.012393667480548771e+02,-1.981442757369898118e+02,-7.369271422029478913e+01,-7.884499931894775671e+01
2.049999999999984723e+00,1.681314028428506901e+02,1.011947552586613028e+02,-2.002479644663069678e+02,-7.444271422029476071e+01,-1.073945387557273961e+02
2.052499999999984670e+00,1.683843644154229935e+02,1.011501722460627093e+02,-2.023188196454586887e+02,-7.519271422029476071e+01,-1.361541987065083106e+02
2.054999999999984617e+00,1.686372145613207749e+02,1.011056609709304013e+02,-2.043579813589330172e+02,-7.594271422029473229e+01,-1.652515768654280066e+02
2.057499999999984563e+00,1.688899534817712151e+02,1.010612522345036410e+02,-2.063666487544983283e+02,-7.669271422029473229e+01,1.652213580438569238e+02
2.059999999999984510e+00,1.691425814447833602e+02,1.010169561994768799e+02,-2.083453902877492396e+02,-7.744271422029470386e+01,1.353052163833543489e+02
2.062499999999984457e+00,1.693950987303384466e+02,1.009727594113808067e+02,-2.102948908838042996e+02,-7.819271422029471807e+01,1.051454382603335631e+02
2.064999999999984404e+00,1.696475055716063878e+02,1.009286279898879002e+02,-2.122153418389956983e+02,-7.894271422029467544e+01,7.485103618522626334e+01
2.067499999999984350e+00,1.698998021076326097e+02,1.008845163143018340e+02,-2.141071615985590313e+02,-7.969271422029464702e+01,4.438215568454822346e+01
2.069999999999984297e+00,1.701519883603500318e+02,1.008403791424775591e+02,-2.159706487707775011e+02,-8.044271422029464702e+01,1.358839932085289881e+01
2.072499999999984244e+00,1.704040642429549450e+02,1.007961841990164800e+02,-2.178060145739955260e+02,-8.119271422029463281e+01,-1.763436019040705816e+01
2.074999999999984190e+00,1.706560295989935980e+02,1.007519217524713184e+02,-2.196136743791811341e+02,-8.194271422029461860e+01,-4.922259285558838116e+01
2.077499999999984137e+00,1.709078842625241066e+02,1.007076080321179177e+02,-2.213936875546099543e+02,-8.269271422029459018e+01,-8.099827641088221242e+01
2.079999999999984084e+00,1.711596281225506573e+02,1.006632809685315380e+02,-2.231465598502088312e+02,-8.344271422029459018e+01,-1.128579629475526929e+02
2.082499999999984031e+00,1.714112611724000885e+02,1.006189891136486807e+02,-2.248722034559449696e+02,-8.419271422029456176e+01,-1.448861510153554377e+02
2.084999999999983977e+00,1.716627835282875196e+02,1.005747768822194672e+02,-2.265709447141171324e+02,-8.494271422029454754e+01,-1.772602424590425017e+02
2.087499999999983924e+00,1.719141954102627778e+02,1.005306706510282311e+02,-2.282423716808575307e+02,-8.569271422029454754e+01,1.499537543709465410e+02
2.089999999999983871e+00,1.721654970904131119e+02,1.004866702639140073e+02,-2.298864961112560366e+02,-8.644271422029449070e+01,1.168892295453815535e+02
2.092499999999983817e+00,1.724166888241619802e+02,1.004427488578580494e+02,-2.315026542213528842e+02,-8.719271422029450491e+01,8.373087514798315567e+01
2.094999999999983764e+00,1.726677707862841942e+02,1.003988611835447955e+02,-2.330907449198786026e+02,-8.794271422029447649e+01,5.049374714679241549e+01
2.097499999999983711e+00,1.729187430320540955e+02,1.003549579421823097e+02,-2.346500256340899000e+02,-8.869271422029447649e+01,1.700305792469916355e+01
2.099999999999983658e+00,1.731696054964256177e+02,1.003110018856642824e+02,-2.361804635060177588e+02,-8.944271422029444807e+01,-1.689459100244690148e+01
2.102499999999983604e+00,1.734203580329264867e+02,1.002669805702285117e+02,-2.376813883464093067e+02,-9.019271422029444807e+01,-5.113219324807240440e+01
2.104999999999983551e+00,1.736710004808488748e+02,1.002229111010439908e+02,-2.391528879021223872e+02,-9.094271422029441965e+01,-8.548861294884935091e+01
2.107499999999983498e+00,1.739215327385931573e+02,1.001788346726372794e+02,-2.405946210869805384e+02,-9.169271422029441965e+01,-1.198605658822099400e+02
2.109999999999983444e+00,1.741719548175505565e+02,1.001348023801489120e+02,-2.420061018660854870e+02,-9.244271422029440544e+01,-1.543905231934645883e+02
2.112499999999983391e+00,1.744222668567716994e+02,1.000908571260616071e+02,-2.433872089173354425e+02,-9.319271422029434859e+01,1.707180870339188061e+02
2.114999999999983338e+00,1.746724690921935803e+02,1.000470181352641248e+02,-2.447371009476337065e+02,-9.394271422029436280e+01,1.354704027014169299e+02
2.117499999999983284e+00,1.749225617907425203e+02,1.000032738980315656e+02,-2.460550913359768970e+02,-9.469271422029433438e+01,1.000866438442242554e+02
2.119999999999983231e+00,1.751725451729813301e+02,9.995958623253892483e+01,-2.473408242671744972e+02,-9.544271422029433438e+01,6.471317931646984789e+01
2.122499999999983178e+00,1.754224193522784105e+02,9.991590402732400378e+01,-2.485933109709251312e+02,-9.619271422029430596e+01,2.922533221468816933e+01
2.124999999999983125e+00,1.756721843126281328e+02,9.987218190821954522e+01,-2.498118573907426594e+02,-9.694271422029432017e+01,-6.604434375122224310e+00
2.127499999999983071e+00,1.759218399339640371e+02,9.982839732108389796e+01,-2.509962370420700211e+02,-9.769271422029426333e+01,-4.279084456959930804e+01
2.129999999999983018e+00,1.761713860570902170e+02,9.978455948225833083e+01,-2.521457682782811958e+02,-9.844271422029424912e+01,-7.909663736364200304e+01
2.132499999999982965e+00,1.764208225645299990e+02,9.974070622112219553e+01,-2.532597403163750869e+02,-9.919271422029426333e+01,-1.153504813985667994e+02
2.134999999999982911e+00,1.766701494461730135e+02,9.969688947286458358e+01,-2.543378789016460644e+02,-9.994271422029423491e+01,-1.516799339738921901e+02
2.137499999999982858e+00,1.769193668234705967e+02,9.965315491302708040e+01,-2.553797277866641195e+02,-1.006927142202942207e+02,1.716734334590663593e+02
2.139999999999982805e+00,1.771684749218673858e+02,9.960952383123616016e+01,-2.563843788980835257e+02,-1.014427142202941923e+02,1.347020166726885577e+02
2.142499999999982752e+00,1.774174740018569878e+02,9.956598466141107906e+01,-2.573508725420983296e+02,-1.021927142202941923e+02,9.765656047930949057e+01
2.144999999999982698e+00,1.776663642761504605e+02,9.952249760380894372e+01,-2.582786068235093921e+02,-1.029427142202941639e+02,6.068880653684982462e+01
2.147499999999982645e+00,1.779151458458796071e+02,9.947901041800473365e+01,-2.591670318988133772e+02,-1.036927142202941354e+02,2.363288463822429719e+01
2.149999999999982592e+00,1.781638186810549485e+02,9.943547930564588455e+01,-2.600152887728644373e+02,-1.044427142202941212e+02,-1.375042817831596587e+01
2.152499999999982538e+00,1.784123826536557260e+02,9.939188683847332584e+01,-2.608226108805121726e+02,-1.051927142202941212e+02,-5.141382290933700716e+01
2.154999999999982485e+00,1.786608376112111500e+02,9.934824943465851277e+01,-2.615882673308394146e+02,-1.059427142202941070e+02,-8.907329204176390647e+01
2.157499999999982432e+00,1.789091834612196976e+02,9.930461076975352341e+01,-2.623118632032639539e+02,-1.066927142202940928e+02,-1.266188522727939443e+02
2.159999999999982379e+00,1.791574202310794988e+02,9.926102354725088617e+01,-2.629929594977589886e+02,-1.074427142202940786e+02,-1.642675102510781642e+02
2.162499999999982325e+00,1.794055480778223455e+02,9.921752726477434692e+01,-2.636307836943528287e+02,-1.081927142202940502e+02,1.577687700663762200e+02
2.164999999999982272e+00,1.796535672430639465e+02,9.917413153192869402e+01,-2.642245009376563871e+02,-1.089427142202940502e+02,1.196113210118851669e+02
2.167499999999982219e+00,1.799014779722963340e+02,9.913081215027575865e+01,-2.647732865802818765e+02,-1.096927142202940217e+02,8.154262486719544256e+01
2.169999999999982165e+00,1.801492804329649573e+02,9.908752145531620670e+01,-2.652763324607192885e+02,-1.104427142202939933e+02,4.357948431959265179e+01
2.172499999999982112e+00,1.803969746657153053e+02,9.904420841574098233e+01,-2.657328706126198199e+02,-1.111927142202939791e+02,5.453813035411247512e+00
2.174999999999982059e+00,1.806445605890487798e+02,9.900084030406119950e+01,-2.661424365973481372e+02,-1.119427142202939791e+02,-3.297219196025486099e+01
2.177499999999982006e+00,1.808920380561266370e+02,9.895741689694817467e+01,-2.665044887831297160e+02,-1.126927142202939649e+02,-7.147791007759828119e+01
2.179999999999981952e+00,1.811394069401146965e+02,9.891397072820889491e+01,-2.668183876103002490e+02,-1.134427142202939507e+02,-1.098070506581260446e+02
2.182499999999981899e+00,1.813866672111659568e+02,9.887055294884214618e+01,-2.670834958256634764e+02,-1.141927142202939365e+02,-1.480501374604622526e+02
2.184999999999981846e+00,1.816338189711251232e+02,9.882721092369020255e+01,-2.672991630435752199e+02,-1.149427142202939081e+02,1.735097182357665417e+02
2.187499999999981792e+00,1.818808624305487456e+02,9.878396752881563714e+01,-2.674647068110250530e+02,-1.156927142202939223e+02,1.348423094485326317e+02
2.189999999999981739e+00,1.821277978382771607e+02,9.874081137657320539e+01,-2.675794682713071211e+02,-1.164427142202938654e+02,9.622949809464640225e+01
2.192499999999981686e+00,1.823746253949874472e+02,9.869770207333232293e+01,-2.676428240162643988e+02,-1.171927142202938512e+02,5.783234745735263971e+01
2.194999999999981632e+00,1.826213451883906203e+02,9.865458784622467192e+01,-2.676541568693944555e+02,-1.179427142202938654e+02,1.944884162026308516e+01
2.197499999999981579e+00,1.828679571774893304e+02,9.861142795000942840e+01,-2.676128915394777437e+02,-1.186927142202938370e+02,-1.916313448881963311e+01
2.199999999999981526e+00,1.831144612326006325e+02,9.856821044738588000e+01,-2.675184714518321698e+02,-1.194427142202938370e+02,-5.789754917742813234e+01
2.202499999999981473e+00,1.833608572142298669e+02,9.852495748251867269e+01,-2.673703381155058878e+02,-1.201927142202937944e+02,-9.644658561240204619e+01
2.204999999999981419e+00,1.836071450562710083e+02,9.848171546555794009e+01,-2.671679575612484996e+02,-1.209427142202937944e+02,-1.347657770410199873e+02
2.207499999999981366e+00,1.838533248166507690e+02,9.843853450720939691e+01,-2.669108267497916245e+02,-1.216927142202937659e+02,-1.731232832445838596e+02
2.209999999999981313e+00,1.840993966730899274e+02,9.839544636848664538e+01,-2.665984455120979533e+02,-1.224427142202937517e+02,1.483269838569608510e+02
2.212499999999981259e+00,1.843453608662769909e+02,9.835245079887819486e+01,-2.662303509118887064e+02,-1.231927142202937233e+02,1.097937953713572625e+02
2.214999999999981206e+00,1.845912176163226377e+02,9.830951610172631661e+01,-2.658061421825036632e+02,-1.239427142202937233e+02,7.153264372336225563e+01
2.217499999999981153e+00,1.848369670493217427e+02,9.826659314295015690e+01,-2.653254166707071704e+02,-1.246927142202937233e+02,3.345870753164431477e+01
2.219999999999981100e+00,1.850826091650662590e+02,9.822363649408303843e+01,-2.647877742443676539e+02,-1.254427142202936949e+02,-4.708284437533247768e+00
2.222499999999981046e+00,1.853281438589303889e+02,9.818062389047562988e+01,-2.641928015902969378e+02,-1.261927142202936665e+02,-4.300447865877652731e+01
2.224999999999980993e+00,1.855735709885638016e+02,9.813756574336902361e+01,-2.635400572991266586e+02,-1.269427142202936523e+02,-8.115034995762557912e+01
2.227499999999980940e+00,1.858188904565601263e+02,9.809450046529981648e+01,-2.628291121550849425e+02,-1.276927142202936238e+02,-1.189636920485491345e+02
2.229999999999980886e+00,1.860641022732117449e+02,9.805147770308749955e+01,-2.620598565850859245e+02,-1.284427142202936238e+02,-1.566159060052150380e+02
2.232499999999980833e+00,1.863092065724099768e+02,9.800853696883052635e+01,-2.612320782041460348e+02,-1.291927142202935670e+02,1.656458819434367911e+02
2.234999999999980780e+00,1.865542035745572775e+02,9.796569103840182891e+01,-2.603455492747937114e+02,-1.299427142202935954e+02,1.278785934616674780e+02
2.237499999999980727e+00,1.867990935134849906e+02,9.792292110706956976e+01,-2.594001149296727249e+02,-1.306927142202935670e+02,9.036566173148322889e+01
2.239999999999980673e+00,1.870438765592258505e+02,9.788018518444619076e+01,-2.583956407954985366e+02,-1.314427142202935954e+02,5.319942143569991799e+01
2.242499999999980620e+00,1.872885527685681382e+02,9.783743563817925804e+01,-2.573319620104121555e+02,-1.321927142202935386e+02,1.616062142062297013e+01
2.244999999999980567e+00,1.875331220825239882e+02,9.779463865115512533e+01,-2.562091947650438897e+02,-1.329427142202935102e+02,-2.094596644039769018e+01
2.247499999999980513e+00,1.877775843710016943e+02,9.775178788279553999e+01,-2.550274709979073293e+02,-1.336927142202935102e+02,-5.799616371849686658e+01
2.249999999999980460e+00,1.880219395060683212e+02,9.770890677294806892e+01,-2.537865020182894682e+02,-1.344427142202934817e+02,-9.471403253533907218e+01
2.252499999999980407e+00,1.882661874335220489e+02,9.766603865835648435e+01,-2.524860581382119165e+02,-1.351927142202934817e+02,-1.310554689475553687e+02
2.254999999999980353e+00,1.885103282136552139e+02,9.762322903810583341e+01,-2.511262029231394877e+02,-1.359427142202934533e+02,-1.672461432993117114e+02
2.257499999999980300e+00,1.887543620154523296e+02,9.758050744705643353e+01,-2.497074199181307677e+02,-1.366927142202934533e+02,1.565522535470444723e+02
2.259999999999980247e+00,1.889982890678033698e+02,9.753787625010755846e+01,-2.482297848711518213e+02,-1.374427142202934249e+02,1.204743409655488193e+02
2.262499999999980194e+00,1.892421095885307238e+02,9.749531044513439326e+01,-2.466935805805766222e+02,-1.381927142202934533e+02,8.476735399884593392e+01
2.264999999999980140e+00,1.894858237195658717e+02,9.745276782086902756e+01,-2.450996048396968661e+02,-1.389427142202933965e+02,4.945732199814504781e+01
2.267499999999980087e+00,1.897294314923255172e+02,9.741020505065615964e+01,-2.434482011196238886e+02,-1.396927142202933965e+02,1.433296534904786412e+01
2.269999999999980034e+00,1.899729328348070112e+02,9.736759372583162531e+01,-2.417396728555239633e+02,-1.404427142202933680e+02,-2.075762156614120357e+01
2.272499999999979980e+00,1.902163276168083712e+02,9.732493059006492331e+01,-2.399747094700900050e+02,-1.411927142202933396e+02,-5.569765495437911085e+01
2.274999999999979927e+00,1.904596157158354117e+02,9.728223829590453420e+01,-2.381534226930934324e+02,-1.419427142202933396e+02,-9.024761489137978288e+01
2.277499999999979874e+00,1.907027970789905282e+02,9.723955667345636300e+01,-2.362763063060950230e+02,-1.426927142202933112e+02,-1.243452550704631392e+02
2.279999999999979821e+00,1.909458717584197984e+02,9.719692809177784909e+01,-2.343442448458300191e+02,-1.434427142202933112e+02,-1.581612965677031184e+02
2.282499999999979767e+00,1.911888399085047183e+02,9.715438248065815685e+01,-2.323576941808778713e+02,-1.441927142202932828e+02,1.681327427463711786e+02
2.284999999999979714e+00,1.914317017472745874e+02,9.711192736978075857e+01,-2.303178885475886375e+02,-1.449427142202933112e+02,1.345816699863862596e+02
2.287499999999979661e+00,1.916744574971730799e+02,9.706954610679851214e+01,-2.282256813186564841e+02,-1.456927142202932544e+02,1.013920412368066053e+02
2.289999999999979607e+00,1.919171073264033112e+02,9.702720417853966239e+01,-2.260825902755413779e+02,-1.464427142202932259e+02,6.868334504219582470e+01
2.292499999999979554e+00,1.921596513100489574e+02,9.698486088305413944e+01,-2.238896267100821831e+02,-1.471927142202932259e+02,3.636026539518596934e+01
2.294999999999979501e+00,1.924020894221864637e+02,9.694248237589762596e+01,-2.216482860360476650e+02,-1.479427142202932259e+02,4.241370649409242688e+00
2.297499999999979448e+00,1.926444215600750738e+02,9.690005211081189884e+01,-2.193596643133038242e+02,-1.486927142202931975e+02,-2.772622080932111999e+01
2.299999999999979394e+00,1.928866475918141248e+02,9.685757554832731842e+01,-2.170251477357414558e+02,-1.494427142202931691e+02,-5.940449073922346201e+01
2.302499999999979341e+00,1.931287674117995721e+02,9.681507789228297156e+01,-2.146459245523324171e+02,-1.501927142202931691e+02,-9.061577941153124982e+01
2.304999999999979288e+00,1.933707809866283753e+02,9.677259592199263238e+01,-2.122231489007116920e+02,-1.509427142202931407e+02,-1.213268962990365623e+02
2.307499999999979234e+00,1.936126883779857053e+02,9.673016677516186235e+01,-2.097587387072763931e+02,-1.516927142202931122e+02,-1.516641479723467967e+02
2.309999999999979181e+00,1.938544897368996658e+02,9.668781723024983421e+01,-2.072541827389938760e+02,-1.524427142202931122e+02,1.782323645431416139e+02
2.312499999999979128e+00,1.940961852725780545e+02,9.664555659044877700e+01,-2.047115118782974434e+02,-1.531927142202930838e+02,1.483535509777540824e+02
2.314999999999979075e+00,1.943377752062814068e+02,9.660337490554060480e+01,-2.021328294690281950e+02,-1.539427142202930838e+02,1.188272094433647084e+02
2.317499999999979021e+00,1.945792597239865245e+02,9.656124647274386064e+01,-1.995206969368946943e+02,-1.546927142202930838e+02,8.978912387182404586e+01
2.319999999999978968e+00,1.948206389404499248e+02,9.651913710202487096e+01,-1.968774454779313032e+02,-1.554427142202930554e+02,6.125751637194706944e+01
2.322499999999978915e+00,1.950619128829066540e+02,9.647701295519694042e+01,-1.942054767485916216e+02,-1.561927142202930270e+02,3.313009507182321300e+01
2.324999999999978861e+00,1.953030814970163931e+02,9.643484878582468411e+01,-1.915072004817462528e+02,-1.569427142202930270e+02,5.287262851558273802e+00
2.327499999999978808e+00,1.955441446724572643e+02,9.639263371184981111e+01,-1.887850706468901478e+02,-1.576927142202930270e+02,-2.230059926354383393e+01
2.329999999999978755e+00,1.957851022810266102e+02,9.635037326848691919e+01,-1.860415628111587978e+02,-1.584427142202929701e+02,-4.955001007440790772e+01
2.332499999999978701e+00,1.960259542175437559e+02,9.630808750637697813e+01,-1.832791872343003945e+02,-1.591927142202929701e+02,-7.633807412510226698e+01
2.334999999999978648e+00,1.962667004338861716e+02,9.626580588762502089e+01,-1.805004615893269602e+02,-1.599427142202929417e+02,-1.026020963841494194e+02
2.337499999999978595e+00,1.965073409588511311e+02,9.622356042390920550e+01,-1.776152855469274812e+02,-1.606927142202929417e+02,-1.283706623299740102e+02
2.339999999999978542e+00,1.967478759004080473e+02,9.618137874641539042e+01,-1.746057036859347420e+02,-1.614427142202929133e+02,-1.537372204122313519e+02
2.342499999999978488e+00,1.969883054311200112e+02,9.613927861763706062e+01,-1.715713949164686483e+02,-1.621927142202929133e+02,-1.787630555870811975e+02
2.344999999999978435e+00,1.972286297610302483e+02,9.609726490467930660e+01,-1.685345004476157555e+02,-1.629427142202928849e+02,1.565476723185613821e+02
2.347499999999978382e+00,1.974688491046340744e+02,9.605532941288092275e+01,-1.654949219522808903e+02,-1.636927142202928849e+02,1.322583849208744198e+02
2.349999999999978328e+00,1.977089636489961606e+02,9.601345318535055640e+01,-1.624526429138266224e+02,-1.644427142202928565e+02,1.084531702047801076e+02
2.352499999999978275e+00,1.979489735287967562e+02,9.597161047443769633e+01,-1.594076850622570589e+02,-1.651927142202928280e+02,8.517906225530741438e+01
2.354999999999978222e+00,1.981888788119592846e+02,9.592977345203263440e+01,-1.563600442563424338e+02,-1.659427142202928280e+02,6.242073523077286978e+01
2.357499999999978169e+00,1.984286794971804682e+02,9.588791682444008302e+01,-1.533096824636820656e+02,-1.666927142202927996e+02,4.011731148268595604e+01
2.359999999999978115e+00,1.986683755227111590e+02,9.584602169466059252e+01,-1.502565035306194261e+02,-1.674427142202927996e+02,1.820249833947553597e+01
2.362499999999978062e+00,1.989079667841994592e+02,9.580407814443320547e+01,-1.472003512535668506e+02,-1.681927142202927712e+02,-3.358319274779862251e+00
2.364999999999978009e+00,1.991474531581156953e+02,9.576208623960705779e+01,-1.441410172087361161e+02,-1.689427142202927996e+02,-2.455258445073135221e+01
2.367499999999977955e+00,1.993868345267642326e+02,9.572005547161364802e+01,-1.410782606533684316e+02,-1.696927142202927428e+02,-4.533151077959784203e+01
2.369999999999977902e+00,1.996261108010699559e+02,9.567800289461507646e+01,-1.380118286302233059e+02,-1.704427142202927143e+02,-6.563821330643698104e+01
2.372499999999977849e+00,1.998652819380896233e+02,9.563595038428016437e+01,-1.349414833055216150e+02,-1.711927142202927428e+02,-8.543573237655948560e+01
2.374999999999977796e+00,2.001043479513261332e+02,9.559392151318981234e+01,-1.318670286049187439e+02,-1.719427142202926575e+02,-1.047207198993388459e+02
2.377499999999977742e+00,2.003433089131751785e+02,9.555193851990267717e+01,-1.287883321157019623e+02,-1.726927142202926859e+02,-1.235193714811701966e+02
2.379999999999977689e+00,2.005821649499869181e+02,9.551001975367593388e+01,-1.257053280949582472e+02,-1.734427142202926859e+02,-1.418717315582266565e+02
2.382499999999977636e+00,2.008209162310980673e+02,9.546817785640261889e+01,-1.226180232102606880e+02,-1.741927142202926859e+02,-1.598136562201938204e+02
2.384999999999977582e+00,2.010595629538030380e+02,9.542641881402293791e+01,-1.195264926800159770e+02,-1.749427142202926575e+02,-1.773637917207278463e+02
2.387499999999977529e+00,2.012981053264564935e+02,9.538474185908248160e+01,-1.164308755841914405e+02,-1.756927142202926007e+02,1.654808357797432734e+02
2.389999999999977476e+00,2.015365435517857406e+02,9.534314009503299303e+01,-1.133313635762739153e+02,-1.764427142202926007e+02,1.487407410910079477e+02
2.392499999999977423e+00,2.017748778121145961e+02,9.530160164364639286e+01,-1.102281944814944836e+02,-1.771927142202926007e+02,1.324444440710254298e+02
2.394999999999977369e+00,2.020131082576831716e+02,9.526011109544437261e+01,-1.071216394210219249e+02,-1.779427142202925438e+02,1.166179243652552913e+02
2.397499999999977316e+00,2.022512349986964750e+02,9.521865105687626851e+01,-1.040119885836366791e+02,-1.786927142202925438e+02,1.012769788131173243e+02
2.399999999999977263e+00,2.024892581012372830e+02,9.517720363691692853e+01,-1.008995254019424550e+02,-1.794427142202925438e+02,8.642438916492911005e+01
2.402499999999977209e+00,2.027271775868241264e+02,9.513575177367700064e+01,-9.778452442758013774e+01,-1.801927142202925438e+02,7.205157557037414051e+01
2.404999999999977156e+00,2.029649934351679406e+02,9.509428034704627919e+01,-9.466724507959047230e+01,-1.809427142202924870e+02,5.814300224725302257e+01
2.407499999999977103e+00,2.032027055895864862e+02,9.505277703199978134e+01,-9.154792587713099294e+01,-1.816927142202924870e+02,4.468133557092524200e+01
2.409999999999977049e+00,2.034403139643827956e+02,9.501123284698995519e+01,-8.842678116976156844e+01,-1.824427142202925154e+02,3.165182491748845450e+01
2.412499999999976996e+00,2.036778184534159664e+02,9.496964240189235795e+01,-8.530400769955909368e+01,-1.831927142202924301e+02,1.904508160056310118e+01
2.414999999999976943e+00,2.039152189391287209e+02,9.492800387823280062e+01,-8.217978398829261266e+01,-1.839427142202924585e+02,6.858061579157990195e+00
2.417499999999976890e+00,2.041525153013900251e+02,9.488631878966312172e+01,-7.905427560595406078e+01,-1.846927142202924017e+02,-4.906491391560642512e+00
2.419999999999976836e+00,2.043897074256291546e+02,9.484459157651765793e+01,-7.592764088786374543e+01,-1.854427142202924301e+02,-1.624163459711417445e+01
2.422499999999976783e+00,2.046267952098811804e+02,9.480282909014523796e+01,-7.280003440565931783e+01,-1.861927142202924017e+02,-2.713825822305876656e+01
2.424999999999976730e+00,2.048637785704985674e+02,9.476104002044669983e+01,-6.967161193989521450e+01,-1.869427142202924017e+02,-3.758703644393374788e+01
2.427499999999976676e+00,2.051006574464131234e+02,9.471923431111451919e+01,-6.654253222992039696e+01,-1.876927142202923733e+02,-4.757993390627000707e+01
2.429999999999976623e+00,2.053374318019450300e+02,9.467742260397132270e+01,-6.341296605046683510e+01,-1.884427142202923164e+02,-5.711110259994050153e+01
2.432499999999976570e+00,2.055741016282483145e+02,9.463561573958588724e+01,-6.028309265083532154e+01,-1.891927142202923164e+02,-6.617718123206464043e+01
2.434999999999976517e+00,2.058106669435453853e+02,9.459382432862631163e+01,-5.715310640295528088e+01,-1.899427142202923164e+02,-7.477712611255218178e+01
2.437499999999976463e+00,2.060471277923359423e+02,9.455205840821541585e+01,-5.402321826774849001e+01,-1.906927142202923164e+02,-8.291175127306016179e+01
2.439999999999976410e+00,2.062834842437951863e+02,9.451032718275173750e+01,-5.089365681759533544e+01,-1.914427142202922596e+02,-9.058314850229793080e+01
2.442499999999976357e+00,2.065197363895720173e+02,9.446863884443051518e+01,-4.776466721719274489e+01,-1.921927142202922596e+02,-9.779411760528658704e+01
2.444999999999976303e+00,2.067558843411800069e+02,9.442700046428531380e+01,-4.463650982853291538e+01,-1.929138030777563984e+02,-1.045476875146001845e+02
2.447499999999976250e+00,2.069919282271533234e+02,9.438541794704609345e+01,-4.151326123153610581e+01,-1.929138030777563984e+02,-1.108468884916567987e+02
2.449999999999976197e+00,2.072278681901242692e+02,9.434389603796607560e+01,-3.848956815680971744e+01,-1.921638030777564268e+02,-1.166978851484639392e+02
2.452499999999976144e+00,2.074637043839410637e+02,9.430243836903592580e+01,-3.566071997710210439e+01,-1.914138030777564268e+02,-1.221199298537470099e+02
2.454999999999976090e+00,2.076994369709242108e+02,9.426104754217020343e+01,-3.302066161926985188e+01,-1.906638030777564836e+02,-1.271421302907599085e+02
2.457499999999976037e+00,2.079350661193472831e+02,9.421972523728749138e+01,-3.056352541761757635e+01,-1.899138030777564836e+02,-1.317922801186592778e+02
2.459999999999975984e+00,2.081705920011983153e+02,9.417847232642095889e+01,-2.828362452174095409e+01,-1.891638030777564836e+02,-1.360969802323629665e+02
2.462499999999975930e+00,2.084060147902227413e+02,9.413728898416147217e+01,-2.617544418970457087e+01,-1.884138030777564552e+02,-1.400817551669163947e+02
2.464999999999975877e+00,2.086413346602417391e+02,9.409617479075410529e+01,-2.423363395675541909e+01,-1.876638030777565405e+02,-1.437711558323968859e+02
2.467499999999975824e+00,2.088765517837209984e+02,9.405512882470436864e+01,-2.245300197680422727e+01,-1.869138030777565689e+02,-1.471888462925508350e+02
2.469999999999975770e+00,2.091116663305658960e+02,9.401414974699828520e+01,-2.082850778924370516e+01,-1.861638030777565405e+02,-1.503576751177014046e+02
2.472499999999975717e+00,2.093466784671220466e+02,9.397323587402998157e+01,-1.935525809279362619e+01,-1.854138030777565689e+02,-1.532997326293577487e+02
2.474999999999975664e+00,2.095815883553526078e+02,9.393238524139879075e+01,-1.802850025735138573e+01,-1.846638030777565689e+02,-1.560363967500564968e+02
2.477499999999975611e+00,2.098163961521685508e+02,9.389159565913097083e+01,-1.684361832023870065e+01,-1.839138030777565973e+02,-1.585883693445481413e+02
2.479999999999975557e+00,2.100511020088943042e+02,9.385086475990169674e+01,-1.579612703905566917e+01,-1.831638030777565973e+02,-1.609757058616081906e+02
2.482499999999975504e+00,2.102857060708497272e+02,9.381019004012705409e+01,-1.488166879763692485e+01,-1.824138030777566257e+02,-1.632178395686414376e+02
2.484999999999975451e+00,2.105202084770301099e+02,9.376956889588907984e+01,-1.409600744393137361e+01,-1.816638030777566257e+02,-1.653336019936571404e+02
2.487499999999975397e+00,2.107546093598746495e+02,9.372899865393769403e+01,-1.343502738084217896e+01,-1.809138030777566541e+02,-1.673412406782840378e+02
2.489999999999975344e+00,2.109889088451089094e+02,9.368847659797489769e+01,-1.289472714922142593e+01,-1.801638030777566826e+02,-1.692584354289576538e+02
2.492499999999975291e+00,2.112231070516507714e+02,9.364799999080952375e+01,-1.247121683710746431e+01,-1.794138030777566826e+02,-1.711023128632652117e+02
2.494999999999975238e+00,2.114572040915693094e+02,9.360756609130936567e+01,-1.216071304473915937e+01,-1.786638030777567110e+02,-1.728894603933395615e+02
2.497499999999975184e+00,2.116912000700828855e+02,9.356717216584995356e+01,-1.195953406088135473e+01,-1.779138030777567394e+02,-1.746359391822392695e+02
2.499999999999975131e+00,2.119250950855824556e+02,9.352681549480891476e+01,-1.186409913076310652e+01,-1.771638030777567678e+02,-1.763572967874293909e+02
2.502499999999975078e+00,2.121588892296688016e+02,9.348649337351784538e+01,-1.187092396015755114e+01,-1.764138030777567678e+02,-1.780685794180804464e+02
2.504999999999975024e+00,2.123925825871889117e+02,9.344620311022859482e+01,-1.197661886885238758e+01,-1.756638030777567394e+02,-1.797843440385785243e+02
2.507499999999974971e+00,2.126261752362667607e+02,9.340594202305987892e+01,-1.217788447409707864e+01,-1.749138030777567394e+02,1.784813300226669526e+02
2.509999999999974918e+00,2.128596672483262182e+02,9.336570743801372885e+01,-1.247150985895168773e+01,-1.741638030777568247e+02,1.767148297195485043e+02
2.512499999999974865e+00,2.130930586881103181e+02,9.332549668857812719e+01,-1.285436844193975858e+01,-1.734138030777568531e+02,1.749029976209808694e+02
2.514999999999974811e+00,2.133263496137002448e+02,9.328530711706369516e+01,-1.332341516045133467e+01,-1.726638030777568247e+02,1.730331214799382167e+02
2.517499999999974758e+00,2.135595400765385534e+02,9.324513607740088617e+01,-1.387568429861061503e+01,-1.719138030777568531e+02,1.710929244702957419e+02
2.519999999999974705e+00,2.137926301214605473e+02,9.320498093936733142e+01,-1.450828665281413521e+01,-1.711638030777568531e+02,1.690705559833516247e+02
2.522499999999974651e+00,2.140256197867363994e+02,9.316483909364990268e+01,-1.521840793056597718e+01,-1.704138030777568815e+02,1.669545829227119782e+02
2.524999999999974598e+00,2.142585091041266026e+02,9.312470795767340803e+01,-1.600330505600946651e+01,-1.696638030777568815e+02,1.647339817157440507e+02
2.527499999999974545e+00,2.144912980989523987e+02,9.308458498246554313e+01,-1.686030542591838000e+01,-1.689138030777569099e+02,1.623981309867684786e+02
2.529999999999974492e+00,2.147239867901839432e+02,9.304446766014829961e+01,-1.778680293780235999e+01,-1.681638030777569384e+02,1.599368047888011404e+02
2.532499999999974438e+00,2.149565751905475395e+02,9.300435353267725702e+01,-1.878025837114780572e+01,-1.674138030777569384e+02,1.573401664653684975e+02
2.534999999999974385e+00,2.151890633066555836e+02,9.296424020171801317e+01,-1.983819425531166303e+01,-1.666638030777569668e+02,1.545987629583958380e+02
2.537499999999974332e+00,2.154214511391617464e+02,9.292412533996937896e+01,-2.095819529636714051e+01,-1.659138030777569668e+02,1.517035194063250003e+02
2.539999999999974278e+00,2.156537386829456580e+02,9.288400670423136773e+01,-2.213790514850425240e+01,-1.651638030777570236e+02,1.486457337676610280e+02
2.542499999999974225e+00,2.158859259273309590e+02,9.284388215020241830e+01,-2.337502554007846811e+01,-1.644138030777570236e+02,1.454170711785910157e+02
2.544999999999974172e+00,2.161180128563415508e+02,9.280374964952986261e+01,-2.466731426593646503e+01,-1.636638030777570521e+02,1.420095574082702115e+02
2.547499999999974118e+00,2.163499994490019276e+02,9.276360730889552997e+01,-2.601258284936349696e+01,-1.629138030777570521e+02,1.384155710933283103e+02
2.549999999999974065e+00,2.165818856796860246e+02,9.272345339173405421e+01,-2.740869573701129625e+01,-1.621638030777570521e+02,1.346278338031099224e+02
2.552499999999974012e+00,2.168136715185226251e+02,9.268328634241656516e+01,-2.885356910681137776e+01,-1.614138030777571089e+02,1.306393973128183745e+02
2.554999999999973959e+00,2.170453569318619316e+02,9.264310481304646316e+01,-3.034516896755722115e+01,-1.606638030777570805e+02,1.264436271698189671e+02
2.557499999999973905e+00,2.172769418828108883e+02,9.260290769268802080e+01,-3.188150960104761467e+01,-1.599138030777571089e+02,1.220341817027563707e+02
2.559999999999973852e+00,2.175084263318428270e+02,9.256269413882145614e+01,-3.346065325664089585e+01,-1.591638030777571089e+02,1.174049858000028479e+02
2.562499999999973799e+00,2.177398102374870348e+02,9.252246361044689138e+01,-3.508070882067336527e+01,-1.584138030777571373e+02,1.125501991826640591e+02
2.564999999999973745e+00,2.179710935571017671e+02,9.248221590281089277e+01,-3.673983039803398754e+01,-1.576638030777571657e+02,1.074641788323519052e+02
2.567499999999973692e+00,2.182022762477347442e+02,9.244195118236295627e+01,-3.843621636444563450e+01,-1.569138030777571657e+02,1.021414365687909509e+02
2.569999999999973639e+00,2.184333582670711280e+02,9.240167002145891217e+01,-4.016810980497815819e+01,-1.561638030777571657e+02,9.657659352573416811e+01
2.572499999999973586e+00,2.186643395744674763e+02,9.236137343095658991e+01,-4.193379671706423295e+01,-1.554138030777571942e+02,9.076433359960913094e+01
2.574999999999973532e+00,2.188952201320653330e+02,9.232106288948789086e+01,-4.373160555700696506e+01,-1.546638030777572510e+02,8.469936051475434624e+01
2.577499999999973479e+00,2.191259999059763572e+02,9.228074036809442759e+01,-4.555990601609921242e+01,-1.539138030777572226e+02,7.837636381721870293e+01
2.579999999999973426e+00,2.193566788675249768e+02,9.224040834675061262e+01,-4.741710854316064427e+01,-1.531638030777572510e+02,7.179000042295875517e+01
2.582499999999973372e+00,2.195872569945276780e+02,9.220006982136415274e+01,-4.930166357327156135e+01,-1.524138030777572794e+02,6.493489958318980371e+01
2.584999999999973319e+00,2.198177342725828964e+02,9.215972829757639317e+01,-5.121206279617846491e+01,-1.516638030777572794e+02,5.780569871047431718e+01
2.587499999999973266e+00,2.200481106963368916e+02,9.211938776880717228e+01,-5.314683690005100658e+01,-1.509138030777572794e+02,5.039711718419816577e+01
2.589999999999973213e+00,2.202783862706862408e+02,9.207905267742724220e+01,-5.510455623335515440e+01,-1.501638030777573078e+02,4.270407329188362411e+01
2.592499999999973159e+00,2.205085610118721888e+02,9.203872785594710138e+01,-5.708382958630335935e+01,-1.494138030777573363e+02,3.472184320530870139e+01
2.594999999999973106e+00,2.207386349484152106e+02,9.199841844528332047e+01,-5.908330331849538908e+01,-1.486638030777573363e+02,2.644625588061299837e+01
2.597499999999973053e+00,2.209686081218336824e+02,9.195812979162256795e+01,-6.110166171150336112e+01,-1.479138030777573931e+02,1.787390715409574327e+01
2.599999999999972999e+00,2.211984805870907849e+02,9.191786731981832759e+01,-6.313762362708416731e+01,-1.471638030777573647e+02,9.002366714589626895e+00
2.602499999999972946e+00,2.214282524127129079e+02,9.187763638589147774e+01,-6.518994352381226065e+01,-1.464138030777573931e+02,-1.696595429833070434e-01
2.604999999999972893e+00,2.216579236805271762e+02,9.183744210964556487e+01,-6.725740800426243027e+01,-1.456638030777573647e+02,-9.642256377927575173e+00
2.607499999999972840e+00,2.218874944849709152e+02,9.179728919377657803e+01,-6.933883633363741694e+01,-1.449138030777574215e+02,-1.941436055585690923e+01
2.609999999999972786e+00,2.221169649319433859e+02,9.175718173539959821e+01,-7.143307625176825582e+01,-1.441638030777574500e+02,-2.948399294649848912e+01
2.612499999999972733e+00,2.223463351371840986e+02,9.171712303892377349e+01,-7.353900232992954500e+01,-1.434138030777574500e+02,-3.984867564137910989e+01
2.614999999999972680e+00,2.225756052241868019e+02,9.167711544146641245e+01,-7.565551293568481128e+01,-1.426638030777574784e+02,-5.050601440588979330e+01
2.617499999999972626e+00,2.228047753216892204e+02,9.163716016226291572e+01,-7.778152541665818376e+01,-1.419138030777574784e+02,-6.145438415528793996e+01
2.619999999999972573e+00,2.230338455608025754e+02,9.159725719094633689e+01,-7.991597166088673987e+01,-1.411638030777575068e+02,-7.269361275155596047e+01
2.622499999999972520e+00,2.232628160718894321e+02,9.155740522649698221e+01,-8.205779065860829746e+01,-1.404138030777575068e+02,-8.422552545284412417e+01
2.624999999999972466e+00,2.234916869813204983e+02,9.151760167280755809e+01,-8.420592914691920328e+01,-1.396638030777575352e+02,-9.605420059005530220e+01
2.627499999999972413e+00,2.237204584082517727e+02,9.147784268787982853e+01,-8.635935651530290613e+01,-1.389138030777575636e+02,-1.081858076216949200e+02
2.629999999999972360e+00,2.239491304615525848e+02,9.143812327545515473e+01,-8.851705140516321535e+01,-1.381638030777575636e+02,-1.206279528511600603e+02
2.632499999999972307e+00,2.241777032369817846e+02,9.139843741422708945e+01,-9.067799173408246816e+01,-1.374138030777575636e+02,-1.333885369228423770e+02
2.634999999999972253e+00,2.244061768147125804e+02,9.135877823529168040e+01,-9.284115766778015200e+01,-1.366638030777575921e+02,-1.464742549962185763e+02
2.637499999999972200e+00,2.246345512573317933e+02,9.131913826474047369e+01,-9.500553513441705888e+01,-1.359138030777576489e+02,-1.598890078156551340e+02
2.639999999999972147e+00,2.248628266084892289e+02,9.127950974401706219e+01,-9.717011946728507610e+01,-1.351638030777576205e+02,-1.736326112374215427e+02
2.642499999999972093e+00,2.250910028923921118e+02,9.123988502263665623e+01,-9.933391806989202166e+01,-1.344138030777576489e+02,1.722997524590072942e+02
2.644999999999972040e+00,2.253190801143179556e+02,9.120025700505566135e+01,-1.014959542054060648e+02,-1.336638030777576773e+02,1.579169696907072478e+02
2.647499999999971987e+00,2.255470582622675124e+02,9.116061962361052906e+01,-1.036552724069854747e+02,-1.329138030777576773e+02,1.432301855669800830e+02
2.649999999999971934e+00,2.257749373098048409e+02,9.112096830200981401e+01,-1.058109425796564125e+02,-1.321638030777577058e+02,1.282500012228422861e+02
2.652499999999971880e+00,2.260027172200379084e+02,9.108130036825690468e+01,-1.079620654792742869e+02,-1.314138030777577058e+02,1.129833452429219989e+02
2.654999999999971827e+00,2.262303979505886957e+02,9.104161537071217936e+01,-1.101077755758176551e+02,-1.306638030777577342e+02,9.743096272261708179e+01
2.657499999999971774e+00,2.264579794592846724e+02,9.100191525336593656e+01,-1.122472406515713743e+02,-1.299138030777577342e+02,8.158646437396473061e+01
2.659999999999971720e+00,2.266854617101946303e+02,9.096220434997120208e+01,-1.143796600000901833e+02,-1.291638030777577910e+02,6.543755593393919412e+01
2.662499999999971667e+00,2.269128446795369314e+02,9.092248916641207757e+01,-1.165042706215165680e+02,-1.284138030777577910e+02,4.896947960249063669e+01
2.664999999999971614e+00,2.271401283609157531e+02,9.088277794034897283e+01,-1.186203506284459195e+02,-1.276638030777577768e+02,3.216996883778013938e+01
2.667499999999971561e+00,2.273673127693314484e+02,9.084307999295157288e+01,-1.207272136566877094e+02,-1.269138030777578052e+02,1.503430119506475471e+01
2.669999999999971507e+00,2.275943979434622690e+02,9.080340491769887024e+01,-1.228242092427286849e+02,-1.261638030777578479e+02,-2.431430826078690099e+00
2.672499999999971454e+00,2.278213839458457812e+02,9.076376167670659356e+01,-1.249107112025057660e+02,-1.254138030777578336e+02,-2.021057567819209666e+01
2.674999999999971401e+00,2.280482708607750908e+02,9.072415770160323234e+01,-1.269861093781949677e+02,-1.246638030777578479e+02,-3.828042458387901803e+01
2.677499999999971347e+00,2.282750587899849961e+02,9.068459810632231211e+01,-1.290497927992525149e+02,-1.239138030777578763e+02,-5.661989947739193241e+01
2.679999999999971294e+00,2.285017478464670830e+02,9.064508511699351345e+01,-1.311011325828043539e+02,-1.231638030777578905e+02,-7.521760248661250614e+01
2.682499999999971241e+00,2.287283381470145400e+02,9.060561779816906380e+01,-1.331394832701845417e+02,-1.224138030777579189e+02,-9.407670329245897278e+01
2.684999999999971187e+00,2.289548298042655574e+02,9.056619210079132642e+01,-1.351642043536367623e+02,-1.216638030777579047e+02,-1.132140707970042683e+02
2.687499999999971134e+00,2.291812229190440462e+02,9.052680120967211508e+01,-1.371746341554748199e+02,-1.209138030777579189e+02,-1.326532645125149088e+02
2.689999999999971081e+00,2.294075175737270342e+02,9.048743615869099699e+01,-1.391700838986837425e+02,-1.201638030777579473e+02,-1.524136147580848615e+02
2.692499999999971028e+00,2.296337138272988909e+02,9.044808670069056689e+01,-1.411498510795970844e+02,-1.194138030777579758e+02,-1.724998053354194099e+02
2.694999999999970974e+00,2.298598117127204432e+02,9.040874240320424349e+01,-1.431132353502546835e+02,-1.186638030777579758e+02,1.671028480445831406e+02
2.697499999999970921e+00,2.300858112371460891e+02,9.036939388136515561e+01,-1.450595514776474886e+02,-1.179138030777579900e+02,1.464238846839789403e+02
2.699999999999970868e+00,2.303117123852616714e+02,9.033003402235920021e+01,-1.469881423916220058e+02,-1.171638030777580184e+02,1.254947400595842453e+02
2.702499999999970814e+00,2.305375151256233437e+02,9.029065902203157634e+01,-1.488983899713489052e+02,-1.164138030777580326e+02,1.043332689436778793e+02
2.704999999999970761e+00,2.307632194194226543e+02,9.025126905295707047e+01,-1.507897130010465787e+02,-1.156638030777580610e+02,8.293414251690261096e+01
2.707499999999970708e+00,2.309888252306592733e+02,9.021186841400160006e+01,-1.526615632908360567e+02,-1.149138030777580752e+02,6.127115131409626514e+01
2.709999999999970655e+00,2.312143325363570057e+02,9.017246507191956084e+01,-1.545134393311399492e+02,-1.141638030777580610e+02,3.931144774414041621e+01
2.712499999999970601e+00,2.314397413352739363e+02,9.013306959877725433e+01,-1.563448885071848622e+02,-1.134138030777580894e+02,1.703526509571505088e+01
2.714999999999970548e+00,2.316650516536360271e+02,9.009369362665232472e+01,-1.581554999150760068e+02,-1.126638030777581037e+02,-5.549459216248090243e+00
2.717499999999970495e+00,2.318902635467943583e+02,9.005434805109970853e+01,-1.599448863159880148e+02,-1.119138030777581321e+02,-2.840731507291838298e+01
2.719999999999970441e+00,2.321153770963407794e+02,9.001504128988509024e+01,-1.617126598221564109e+02,-1.111638030777581463e+02,-5.149284161142379190e+01
2.722499999999970388e+00,2.323403924030055236e+02,8.997577791551560722e+01,-1.634583999892978738e+02,-1.104138030777581605e+02,-7.477611536345163756e+01
2.724999999999970335e+00,2.325653095764440081e+02,8.993655791437718960e+01,-1.651816632534119833e+02,-1.096638030777581747e+02,-9.826039616428651868e+01
2.727499999999970282e+00,2.327901287235824839e+02,8.989737667927576581e+01,-1.668820015045625667e+02,-1.089138030777582031e+02,-1.219795814536943084e+02
2.729999999999970228e+00,2.330148499373572406e+02,8.985822569488637157e+01,-1.685589253545377346e+02,-1.081638030777582173e+02,-1.459756313531860314e+02
2.732499999999970175e+00,2.332394732875332011e+02,8.981909381925744640e+01,-1.704480095604754979e+02,-1.074138030777582173e+02,-1.702792787596213202e+02
2.734999999999970122e+00,2.334639988150375984e+02,8.977996904926780530e+01,-1.722551977312268150e+02,-1.066638030777582316e+02,1.651086086800987687e+02
2.737499999999970068e+00,2.336884265309294051e+02,8.974084055857346698e+01,-1.740546406519081870e+02,-1.059138030777582458e+02,1.402420404097935887e+02
2.739999999999970015e+00,2.339127564205305987e+02,8.970170069000731417e+01,-1.758280704619381538e+02,-1.051638030777582742e+02,1.151672423048837004e+02
2.742499999999969962e+00,2.341369884523978158e+02,8.966254651695589928e+01,-1.775761021842980654e+02,-1.044138030777583026e+02,8.989820023728006504e+01
2.744999999999969909e+00,2.343611225908144888e+02,8.962338058200430169e+01,-1.792994468448223699e+02,-1.036638030777583026e+02,6.440389365615486383e+01
2.747499999999969855e+00,2.345851588095669058e+02,8.958421057369587004e+01,-1.809987018708509652e+02,-1.029138030777583168e+02,3.863136687735161701e+01
2.749999999999969802e+00,2.348090971042663284e+02,8.954504790299898787e+01,-1.826744467064669379e+02,-1.021638030777583452e+02,1.254743807733381189e+01
2.752499999999969749e+00,2.350329375005199495e+02,8.950590540733401212e+01,-1.843272528293611003e+02,-1.014138030777583452e+02,-1.383090518632708132e+01
2.754999999999969695e+00,2.352566800559941953e+02,8.946679466141566195e+01,-1.859574036735758398e+02,-1.006638030777583594e+02,-4.044336924885162432e+01
2.757499999999969642e+00,2.354803248557211077e+02,8.942772351213129411e+01,-1.875653591694432407e+02,-9.991380307775838787e+01,-6.722959556517051283e+01
2.759999999999969589e+00,2.357038720015744673e+02,8.938869442063409565e+01,-1.891513677867943102e+02,-9.916380307775840208e+01,-9.417555796899091547e+01
2.762499999999969535e+00,2.359273215982114777e+02,8.934970396528477465e+01,-1.907155295052408235e+02,-9.841380307775841629e+01,-1.213239239690349081e+02
2.764999999999969482e+00,2.361506737384745804e+02,8.931074354383029856e+01,-1.922579727247036487e+02,-9.766380307775843050e+01,-1.487378192817615172e+02
2.767499999999969429e+00,2.363739284911912364e+02,8.927180111213830571e+01,-1.937784573256720080e+02,-9.691380307775844472e+01,-1.764453757395961588e+02
2.769999999999969376e+00,2.365970858938470656e+02,8.923286370864610717e+01,-1.952770585220099235e+02,-9.616380307775847314e+01,1.555890662229651866e+02
2.772499999999969322e+00,2.368201459519105185e+02,8.919392033972337686e+01,-1.967534289623834241e+02,-9.541380307775847314e+01,1.274387716039954910e+02
2.774999999999969269e+00,2.370431086453957050e+02,8.915496459929634909e+01,-1.982076371188345263e+02,-9.466380307775848735e+01,9.915192590296054220e+01
2.777499999999969216e+00,2.372659739416003504e+02,8.911599634317536811e+01,-1.996393062819971362e+02,-9.391380307775850156e+01,7.070877560826581032e+01
2.779999999999969162e+00,2.374887418112934085e+02,8.907702189542921190e+01,-2.010485018879107031e+02,-9.316380307775852998e+01,4.203948668751594653e+01
2.782499999999969109e+00,2.377114122444746727e+02,8.903805260409353650e+01,-2.024348550284643125e+02,-9.241380307775854419e+01,1.308943931365430124e+01
2.784999999999969056e+00,2.379339852616069493e+02,8.899910202086927313e+01,-2.037984754225986705e+02,-9.166380307775855840e+01,-1.612508397009698768e+01
2.787499999999969003e+00,2.381564609171974212e+02,8.896018242627803829e+01,-2.051389604515202336e+02,-9.091380307775857261e+01,-4.552485152136377877e+01
2.789999999999968949e+00,2.383788392946202634e+02,8.892130166756574283e+01,-2.064563156820423728e+02,-9.016380307775857261e+01,-7.503803178256444539e+01
2.792499999999968896e+00,2.386011204935285548e+02,8.888246118829809461e+01,-2.077499929087574628e+02,-8.941380307775861525e+01,-1.046666479802857879e+02
2.794999999999968843e+00,2.388233046132330344e+02,8.884365571702068110e+01,-2.090198172918373700e+02,-8.866380307775861525e+01,-1.344825502996024795e+02
2.797499999999968789e+00,2.390453917362789866e+02,8.880487458811093404e+01,-2.102654284429674476e+02,-8.791380307775864367e+01,-1.645547904474682070e+02
2.799999999999968736e+00,2.392673819161829556e+02,8.876610438937261449e+01,-2.114861465523094068e+02,-8.716380307775865788e+01,1.651232544502855148e+02
2.802499999999968683e+00,2.394892751724137554e+02,8.872733242148051147e+01,-2.126817252022275966e+02,-8.641380307775867209e+01,1.346330592716012404e+02
2.804999999999968630e+00,2.397110714942623417e+02,8.868855015647950779e+01,-2.138515176224177026e+02,-8.566380307775868630e+01,1.040513552818234473e+02
2.807499999999968576e+00,2.399327708530468044e+02,8.864975571817650746e+01,-2.149950239730649741e+02,-8.491380307775871472e+01,7.337219217108203395e+01
2.809999999999968523e+00,2.401543732196587655e+02,8.861095456609670862e+01,-2.161120425846963258e+02,-8.416380307775871472e+01,4.251412543263291610e+01
2.812499999999968470e+00,2.403758785826140354e+02,8.857215803853360114e+01,-2.172019613268385569e+02,-8.341380307775871472e+01,1.140765051095696947e+01
2.814999999999968416e+00,2.405972869612508021e+02,8.853338008062870301e+01,-2.182643527447551719e+02,-8.266380307775874314e+01,-1.992535423748754297e+01
2.817499999999968363e+00,2.408185984099600319e+02,8.849463313243677476e+01,-2.192990687505857750e+02,-8.191380307775875735e+01,-5.138657902260980848e+01
2.819999999999968310e+00,2.410398130120684641e+02,8.845592448571863997e+01,-2.203055116045339901e+02,-8.116380307775878578e+01,-8.290133707598357660e+01
2.822499999999968257e+00,2.412609308653026403e+02,8.841725423663797301e+01,-2.212830345844379849e+02,-8.041380307775879999e+01,-1.144956299798589328e+02
2.824999999999968203e+00,2.414819520632919136e+02,8.837861533827273774e+01,-2.222313293258564499e+02,-7.966380307775881420e+01,-1.462638637933711721e+02
2.827499999999968150e+00,2.417028766784050333e+02,8.833999561129368772e+01,-2.231498608795106122e+02,-7.891380307775882841e+01,-1.782610337750811311e+02
2.829999999999968097e+00,2.419237047506111082e+02,8.830138121877298829e+01,-2.240378814572980275e+02,-7.816380307775884262e+01,1.495644750428621421e+02
2.832499999999968043e+00,2.421444362856444741e+02,8.826276076594487563e+01,-2.248946529346659418e+02,-7.741380307775885683e+01,1.173188065134303741e+02
2.834999999999967990e+00,2.423650712634263016e+02,8.822412884501275698e+01,-2.257198784856250597e+02,-7.666380307775888525e+01,8.504531039617494059e+01
2.837499999999967937e+00,2.425856096546235108e+02,8.818548784334046786e+01,-2.265130115701975342e+02,-7.591380307775889946e+01,5.267766692871107637e+01
2.839999999999967883e+00,2.428060514404270123e+02,8.814684729634693383e+01,-2.272734470056218754e+02,-7.516380307775891367e+01,2.011895210401625178e+01
2.842499999999967830e+00,2.430263966292247630e+02,8.810822087045406192e+01,-2.280005942723744852e+02,-7.441380307775892788e+01,-1.264120246413133231e+01
2.844999999999967777e+00,2.432466452645875563e+02,8.806962194113006603e+01,-2.286939616974054275e+02,-7.366380307775895631e+01,-4.550534255693725783e+01
2.847499999999967724e+00,2.434667974218615996e+02,8.803105929950670827e+01,-2.293532382690201246e+02,-7.291380307775895631e+01,-7.837407876200353485e+01
2.849999999999967670e+00,2.436868531946292933e+02,8.799253444847018102e+01,-2.299778790700958382e+02,-7.216380307775897052e+01,-1.112566140650343982e+02
2.852499999999967617e+00,2.439068126756695278e+02,8.795404125274500018e+01,-2.305672753641522092e+02,-7.141380307775898473e+01,-1.442536896658236287e+02
2.854999999999967564e+00,2.441266759384356533e+02,8.791556787649312810e+01,-2.311207477580349234e+02,-7.066380307775899894e+01,-1.774331372581575010e+02
2.857499999999967510e+00,2.443464430245528263e+02,8.787710044972666878e+01,-2.316376306994558547e+02,-6.991380307775901315e+01,1.492573717630168346e+02
2.859999999999967457e+00,2.445661139412131604e+02,8.783862748718625824e+01,-2.321173325279418407e+02,-6.916380307775904157e+01,1.159341545729296570e+02
2.862499999999967404e+00,2.447856886696422123e+02,8.780014369593294532e+01,-2.325594715023737535e+02,-6.841380307775905578e+01,8.264152791368508133e+01
2.864999999999967351e+00,2.450051671822658932e+02,8.776165183059138997e+01,-2.329635165941669754e+02,-6.766380307775906999e+01,4.930288437323453365e+01
2.867499999999967297e+00,2.452245494630577980e+02,8.772316183367414055e+01,-2.333289334404190924e+02,-6.691380307775909841e+01,1.581844304006209789e+01
2.869999999999967244e+00,2.454438355241185548e+02,8.768468745986457691e+01,-2.336552070094615203e+02,-6.616380307775909841e+01,-1.780679177173573535e+01
2.872499999999967191e+00,2.456630254126532122e+02,8.764624156780882913e+01,-2.339418259776642230e+02,-6.541380307775911263e+01,-5.145925734969323884e+01
2.874999999999967137e+00,2.458821192059579914e+02,8.760783181051456836e+01,-2.341882501977005404e+02,-6.466380307775912684e+01,-8.504714743926271581e+01
2.877499999999967084e+00,2.461011169964277769e+02,8.756945822752628317e+01,-2.343939748505508760e+02,-6.391380307775916947e+01,-1.186046286128545546e+02
2.879999999999967031e+00,2.463200188719506230e+02,8.753111337578290829e+01,-2.345584792156853950e+02,-6.316380307775916236e+01,-1.522416100196763864e+02
2.882499999999966978e+00,2.465388248980750916e+02,8.749278477533279386e+01,-2.346812338173323553e+02,-6.241380307775919078e+01,1.739976561017153074e+02
2.884999999999966924e+00,2.467575351074404466e+02,8.745445895915419499e+01,-2.347617369574975612e+02,-6.166380307775918368e+01,1.401961425110272614e+02
2.887499999999966871e+00,2.469761494999296474e+02,8.741612595267638142e+01,-2.347995246151028255e+02,-6.091380307775921210e+01,1.064678249449992649e+02
2.889999999999966818e+00,2.471946680538008820e+02,8.737778269766658923e+01,-2.347941314743663668e+02,-6.016380307775924052e+01,7.282219260259599025e+01
2.892499999999966764e+00,2.474130907443042702e+02,8.733943415568194268e+01,-2.347450952321267152e+02,-5.941380307775923342e+01,3.915960113498270800e+01
2.894999999999966711e+00,2.476314175634574326e+02,8.730109160323780770e+01,-2.346519975036499943e+02,-5.866380307775927605e+01,5.400929180976691057e+00
2.897499999999966658e+00,2.478496485339993001e+02,8.726276868178733537e+01,-2.345144498885745179e+02,-5.791380307775926894e+01,-2.840655049333327042e+01
2.899999999999966604e+00,2.480677837125808480e+02,8.722447667337640098e+01,-2.343320505093473685e+02,-5.716380307775929737e+01,-6.213774914039825603e+01
2.902499999999966551e+00,2.482858231812914198e+02,8.718622075535611771e+01,-2.341044015188311107e+02,-5.641380307775929737e+01,-9.573514781384089645e+01
2.904999999999966498e+00,2.485037670308864222e+02,8.714799846615467516e+01,-2.338311526922957455e+02,-5.566380307775931868e+01,-1.292690592404657366e+02
2.907499999999966445e+00,2.487216153416307520e+02,8.710980065184706689e+01,-2.335119449419029536e+02,-5.491380307775934710e+01,-1.628418063992285170e+02
2.909999999999966391e+00,2.489393681678404846e+02,8.707161446207450695e+01,-2.331464385881980093e+02,-5.416380307775935421e+01,1.635446002129656335e+02
2.912499999999966338e+00,2.491570255308665764e+02,8.703342754398754266e+01,-2.327343278368525716e+02,-5.341380307775938263e+01,1.299976686118091607e+02
2.914999999999966285e+00,2.493745874228818877e+02,8.699523215441219293e+01,-2.322753251668014798e+02,-5.266380307775938263e+01,9.660861541802836427e+01
2.917499999999966231e+00,2.495920538204324259e+02,8.695702778772820807e+01,-2.317691120552363486e+02,-5.191380307775941816e+01,6.334843781560499565e+01
2.919999999999966178e+00,2.498094247033151021e+02,8.691882134793763726e+01,-2.312153724359544924e+02,-5.116380307775941816e+01,3.011210405932349943e+01
2.922499999999966125e+00,2.500267000723268893e+02,8.688062475500943549e+01,-2.306138188289025663e+02,-5.041380307775943947e+01,-3.146980597441299210e+00
2.924999999999966072e+00,2.502438799597270815e+02,8.684245084498290623e+01,-2.299641760594254833e+02,-4.966380307775943947e+01,-3.635252779751557739e+01
2.927499999999966018e+00,2.504609644289269568e+02,8.680430908692707703e+01,-2.292661528384726068e+02,-4.891380307775946790e+01,-6.938816865392061572e+01
2.929999999999965965e+00,2.506779535639075789e+02,8.676620263071468742e+01,-2.285195967539515323e+02,-4.816380307775949632e+01,-1.022268634207234186e+02
2.932499999999965912e+00,2.508948474523961920e+02,8.672812752402313663e+01,-2.277245711268581942e+02,-4.741380307775949632e+01,-1.349509070082749531e+02
2.934999999999965858e+00,2.511116461683924967e+02,8.669007408696565165e+01,-2.268809491089936898e+02,-4.666380307775953185e+01,-1.676451162844287524e+02
2.937499999999965805e+00,2.513283497592437072e+02,8.665202994806709569e+01,-2.259886341766658688e+02,-4.591380307775952474e+01,1.597090588272810692e+02
2.939999999999965752e+00,2.515449582410373921e+02,8.661398390836954775e+01,-2.250475320091768481e+02,-4.516380307775955316e+01,1.272174302875276766e+02
2.942499999999965699e+00,2.517614716037833773e+02,8.657592947514889659e+01,-2.240575455534002458e+02,-4.441380307775956027e+01,9.495567108380552668e+01
2.944999999999965645e+00,2.519778898248400765e+02,8.653786691244468443e+01,-2.230188959328637850e+02,-4.366380307775958158e+01,6.289064707147433353e+01
2.947499999999965592e+00,2.521942128863198604e+02,8.649980310725985078e+01,-2.219316252241403618e+02,-4.291380307775958158e+01,3.092818975418283856e+01
2.949999999999965539e+00,2.524104407908259020e+02,8.646174929227919392e+01,-2.207956361070917524e+02,-4.216380307775961001e+01,-9.728694933763591957e-01
2.952499999999965485e+00,2.526265735704457143e+02,8.642371742651681643e+01,-2.196108242185933932e+02,-4.141380307775963843e+01,-3.274767855982958764e+01
2.954999999999965432e+00,2.528426112863164690e+02,8.638571650573274496e+01,-2.183774902726734979e+02,-4.066380307775964553e+01,-6.429055461007158101e+01
2.957499999999965379e+00,2.530585540193624468e+02,8.634775000882760310e+01,-2.170958374610048907e+02,-3.991380307775966685e+01,-9.556294560374909963e+01
2.959999999999965326e+00,2.532744018555910088e+02,8.630981512440645531e+01,-2.157659103331690176e+02,-3.916380307775967395e+01,-1.266234661881021282e+02
2.962499999999965272e+00,2.534901548705172445e+02,8.627190372738608914e+01,-2.143880357062161295e+02,-3.841380307775969527e+01,-1.575541642140437659e+02
2.964999999999965219e+00,2.537058131169300168e+02,8.623400472464045663e+01,-2.129628507435288043e+02,-3.766380307775969527e+01,1.716330290006865198e+02
2.967499999999965166e+00,2.539213766191464856e+02,8.619610718247919579e+01,-2.114904976299685870e+02,-3.691380307775973080e+01,1.410129062809875791e+02
2.969999999999965112e+00,2.541368453752885728e+02,8.615820340226858320e+01,-2.099715865048690091e+02,-3.616380307775975211e+01,1.106725259630421760e+02
2.972499999999965059e+00,2.543522193669221281e+02,8.612029106156749947e+01,-2.084067161832974762e+02,-3.541380307775975211e+01,8.062766813228940066e+01
2.974999999999965006e+00,2.545674985732682103e+02,8.608237379578996240e+01,-2.067961412329580924e+02,-3.466380307775977343e+01,5.081654892389437350e+01
2.977499999999964952e+00,2.547826829858669555e+02,8.604446006737411778e+01,-2.051405798086380798e+02,-3.391380307775978054e+01,2.117012812744952299e+01
2.979999999999964899e+00,2.549977726194931904e+02,8.600656070021216237e+01,-2.034403187004272979e+02,-3.316380307775980896e+01,-8.314268155165231988e+00
2.982499999999964846e+00,2.552127675163685865e+02,8.596868587178330756e+01,-2.016962005041294219e+02,-3.241380307775980896e+01,-3.756608292262561832e+01
2.984999999999964793e+00,2.554276677428480014e+02,8.593084247897897399e+01,-1.999086192884265074e+02,-3.166380307775983738e+01,-6.650483294221479014e+01
2.987499999999964739e+00,2.556424733800054980e+02,8.589303257352203502e+01,-1.980785927773666515e+02,-3.091380307775986580e+01,-9.510894836910597405e+01
2.989999999999964686e+00,2.558571845110527647e+02,8.585525310638823271e+01,-1.962067986196682909e+02,-3.016380307775986935e+01,-1.234254192790047000e+02
2.992499999999964633e+00,2.560718012088393039e+02,8.581749682785394384e+01,-1.942943831782795598e+02,-2.941380307775989422e+01,-1.515180706026791313e+02
2.994999999999964579e+00,2.562863235261793307e+02,8.577975406518879709e+01,-1.923422455893270921e+02,-2.866380307775989777e+01,-1.794057439868612960e+02
2.997499999999964526e+00,2.565007514910220721e+02,8.574201500589794023e+01,-1.903516959909584045e+02,-2.791380307775992620e+01,1.529561191830242137e+02
2.999999999999964473e+00,2.567150851074685534e+02,8.570427197402248964e+01,-2.183238956972166136e+02,-2.716380307775992264e+01,1.256380528406765791e+02
3.002499999999964420e+00,2.569293243622946648e+02,8.566652116153966290e+01,-2.158025253492533864e+02,-2.641380307775994751e+01,9.439986878059970365e+01
3.004999999999964366e+00,2.571434692365356227e+02,8.562879093758834870e+01,-2.132399854876774441e+02,-2.566380307775995107e+01,6.356789320557334833e+01
3.007499999999964313e+00,2.573575198151851851e+02,8.559111631782258200e+01,-2.106368453704094179e+02,-2.491380307775998304e+01,3.308103774509551442e+01
3.009999999999964260e+00,2.575714762404318208e+02,8.555349742713406158e+01,-2.079938463295903546e+02,-2.416380307776000791e+01,2.910037883062690511e+00
3.012499999999964206e+00,2.577853386478591347e+02,8.551592327448675235e+01,-2.053125408120805844e+02,-2.341380307776000791e+01,-2.691099368558915472e+01
3.014999999999964153e+00,2.579991071399931570e+02,8.547837475241964000e+01,-2.025945162752052795e+02,-2.266380307776003988e+01,-5.631873775600501375e+01
3.017499999999964100e+00,2.582127817682694513e+02,8.544082932233324357e+01,-1.998416872816158332e+02,-2.191380307776003633e+01,-8.528010157907161215e+01
3.019999999999964047e+00,2.584263625275893332e+02,8.540326653967974835e+01,-1.970563280588810642e+02,-2.116380307776006475e+01,-1.138172808308504500e+02
3.022499999999963993e+00,2.586398493646704537e+02,8.536567306898807317e+01,-1.942407058085361768e+02,-2.041380307776006475e+01,-1.419796536553224371e+02
3.024999999999963940e+00,2.588532421982740743e+02,8.532804602034752861e+01,-1.913968243858143410e+02,-1.966380307776009317e+01,-1.697943501088876985e+02
3.027499999999963887e+00,2.590665409464702975e+02,8.529039365172948806e+01,-1.885265678202870845e+02,-1.891380307776009317e+01,1.627596337067437275e+02
3.029999999999963833e+00,2.592797455539588327e+02,8.525273311643550755e+01,-1.856317907482754208e+02,-1.816380307776012160e+01,1.357345372231302179e+02
3.032499999999963780e+00,2.594928560121217060e+02,8.521508585832815186e+01,-1.827144826424153337e+02,-1.741380307776015002e+01,1.091728725340691284e+02
3.034999999999963727e+00,2.597058723666187916e+02,8.517747206544801486e+01,-1.797768323116362694e+02,-1.666380307776015002e+01,8.307863793137856590e+01
3.037499999999963674e+00,2.599187947111227004e+02,8.513990589458275338e+01,-1.768209359301264385e+02,-1.591380307776017844e+01,5.742133323278392965e+01
3.039999999999963620e+00,2.601316231701082415e+02,8.510239304168005958e+01,-1.738487043102236385e+02,-1.516380307776018022e+01,3.216444401345920312e+01
3.042499999999963567e+00,2.603443578773916443e+02,8.506493118398678632e+01,-1.708624702986551256e+02,-1.441380307776020686e+01,7.293808858972352205e+00
3.044999999999963514e+00,2.605569989569040672e+02,8.502751132166230263e+01,-1.678649554877419803e+02,-1.366380307776020686e+01,-1.717387806663636951e+01
3.047499999999963460e+00,2.607695465066163933e+02,8.499011930876754661e+01,-1.648591903665135021e+02,-1.291380307776023706e+01,-4.120514705247432374e+01
3.049999999999963407e+00,2.609820005869194688e+02,8.495273830476912735e+01,-1.618489510483182130e+02,-1.216380307776026370e+01,-6.477347042488020179e+01
3.052499999999963354e+00,2.611943612154540233e+02,8.491535153474673336e+01,-1.588373519391098228e+02,-1.141380307776026548e+01,-8.787555506251530346e+01
3.054999999999963300e+00,2.614066283688326280e+02,8.487794492923181622e+01,-1.557397975359404541e+02,-1.066380307776029213e+01,-1.105243003420412293e+02
3.057499999999963247e+00,2.616188019908042861e+02,8.484050931753455416e+01,-1.525764554997995504e+02,-9.913803077760292126e+00,-1.327431469929141201e+02
3.059999999999963194e+00,2.618308820055319757e+02,8.480304181957941978e+01,-1.494063152233096616e+02,-9.163803077760320548e+00,-1.545417087217575443e+02
3.062499999999963141e+00,2.620428683337947291e+02,8.476554616644747853e+01,-1.462460749185631528e+02,-8.413803077760320548e+00,-1.759205177007614793e+02
3.064999999999963087e+00,2.622547609093387564e+02,8.472803189826413472e+01,-1.430952835325164472e+02,-7.663803077760349858e+00,1.631348496702809996e+02
3.067499999999963034e+00,2.624665596925965474e+02,8.469051260511132284e+01,-1.399534049910265594e+02,-6.913803077760378279e+00,1.426465715550905031e+02
3.069999999999962981e+00,2.626782646795749088e+02,8.465300359933276297e+01,-1.368198644868832616e+02,-6.163803077760377391e+00,1.226326633658125189e+02
3.072499999999962927e+00,2.628898759047469298e+02,8.461551947958264464e+01,-1.336941087498088905e+02,-5.413803077760405813e+00,1.030990285065065706e+02
3.074999999999962874e+00,2.631013934379393504e+02,8.457807202345217945e+01,-1.305757005932894117e+02,-4.663803077760405813e+00,8.403837806843388591e+01
3.077499999999962821e+00,2.633128173762610231e+02,8.454066876523735630e+01,-1.274642674205195192e+02,-3.913803077760433791e+00,6.543496176180686064e+01
3.079999999999962768e+00,2.635241478329531901e+02,8.450331260971927350e+01,-1.243590300734044547e+02,-3.163803077760434679e+00,4.727185839391470523e+01
3.082499999999962714e+00,2.637353849260856009e+02,8.446600275976993544e+01,-1.212593887794094343e+02,-2.413803077760462656e+00,2.953736278519212277e+01
3.084999999999962661e+00,2.639465287700806471e+02,8.442873549521802090e+01,-1.181651340358701106e+02,-1.663803077760462878e+00,1.222803305932684559e+01
3.087499999999962608e+00,2.641575794683240588e+02,8.439150430477303644e+01,-1.150761973860665961e+02,-9.138030777604910782e-01,-4.651886688555310734e+00
3.089999999999962554e+00,2.643685371065482741e+02,8.435430062188113709e+01,-1.119925604278225535e+02,-1.638030777605194999e-01,-2.109357468591890239e+01
3.092499999999962501e+00,2.645794017481733817e+02,8.431711461278614195e+01,-1.089142652445683126e+02,5.861969222394805001e-01,-3.708768619784372333e+01
3.094999999999962448e+00,2.647901734315494195e+02,8.427993590178189720e+01,-1.058414138287774904e+02,1.336196922239452078e+00,-5.262777744315558692e+01
3.097499999999962395e+00,2.650008521690059524e+02,8.424275427576047548e+01,-1.027741555904518265e+02,2.086196922239452078e+00,-6.771211774173558240e+01
3.099999999999962341e+00,2.652114379476483350e+02,8.420556034334011031e+01,-9.971267251437049595e+01,2.836196922239423657e+00,-8.234370963351494765e+01
3.102499999999962288e+00,2.654219307317633252e+02,8.416834610496103153e+01,-9.665716187922677705e+01,3.586196922239423657e+00,-9.652896123951718721e+01
3.104999999999962235e+00,2.656323304665851310e+02,8.413110539276343047e+01,-9.360782058065574063e+01,4.336196922239396123e+00,-1.102757325652981706e+02
3.107499999999962181e+00,2.658426370830760561e+02,8.409383415093556380e+01,-9.056483040014934716e+01,5.086196922239395235e+00,-1.235914371274891579e+02
3.109999999999962128e+00,2.660528505033117312e+02,8.405653054463297735e+01,-8.752834009192456222e+01,5.836196922239366813e+00,-1.364816597283688964e+02
3.112499999999962075e+00,2.662629706460410830e+02,8.401919490177719752e+01,-8.449845332798354036e+01,6.586196922239338392e+00,-1.489494837761436372e+02
3.114999999999962021e+00,2.664729974320111978e+02,8.398182950438352634e+01,-8.147523635375056017e+01,7.336196922239338392e+00,-1.609954979053996738e+02
3.117499999999961968e+00,2.666829307886902711e+02,8.394443825730905928e+01,-7.845872361161265474e+01,8.086196922239309970e+00,-1.726183032547494065e+02
3.119999999999961915e+00,2.668927706541055613e+02,8.390702627798104629e+01,-7.544892189450423814e+01,8.836196922239309970e+00,1.761847157897074396e+02
3.122499999999961862e+00,2.671025169796256478e+02,8.386959945045090592e+01,-7.244581885754989514e+01,9.586196922239281548e+00,1.654165817794363136e+02
3.124999999999961808e+00,2.673121697316208270e+02,8.383216398116850598e+01,-6.944938839105320483e+01,1.033619692223928155e+01,1.550800424095897085e+02
3.127499999999961755e+00,2.675217288920242709e+02,8.379472598696004582e+01,-6.645959841926888600e+01,1.108619692223925490e+01,1.451771075561332225e+02
3.129999999999961702e+00,2.677311944578894440e+02,8.375729113677620319e+01,-6.347641966759749721e+01,1.183619692223922470e+01,1.357088247274007529e+02
3.132499999999961648e+00,2.679405664400872524e+02,8.371986435878874033e+01,-6.049983020633582242e+01,1.258619692223922470e+01,1.266752600161358657e+02
3.134999999999961595e+00,2.681498448613105552e+02,8.368244961781233826e+01,-5.752982211861221629e+01,1.333619692223919628e+01,1.180756248306361158e+02
3.137499999999961542e+00,2.683590297535608897e+02,8.364504975693621702e+01,-5.456639847995005965e+01,1.408619692223919628e+01,1.099084819752800399e+02
3.139999999999961489e+00,2.685681211552734453e+02,8.360766639454642757e+01,-5.160955974613828090e+01,1.483619692223916964e+01,1.021719755531755993e+02
3.142499999999961435e+00,2.687771191082111386e+02,8.357029986751710737e+01,-4.865928295802727632e+01,1.558619692223916608e+01,9.486404397631109475e+01
3.144999999999961382e+00,2.689860236542419898e+02,8.353294923907454006e+01,-4.571556252524125341e+01,1.633619692223913944e+01,8.798259004429439756e+01
3.147499999999961329e+00,2.691948348321934645e+02,8.349561244108201663e+01,-4.277840872411015738e+01,1.708619692223911102e+01,8.152559935779451905e+01
3.149999999999961275e+00,2.694035526751678731e+02,8.345828659350419798e+01,-3.984785758836117964e+01,1.783619692223911457e+01,7.549121443119294383e+01
3.152499999999961222e+00,2.696121772087255977e+02,8.342096834048410869e+01,-3.692401313824272080e+01,1.858619692223908260e+01,6.987775673455247727e+01
3.154999999999961169e+00,2.698207084498471886e+02,8.338365399382308851e+01,-3.400702255180445377e+01,1.933619692223908260e+01,6.468371774354257298e+01
3.157499999999961116e+00,2.700291464061095326e+02,8.334633951931888873e+01,-3.109705425173714843e+01,2.008619692223905773e+01,5.990773552652341039e+01
3.159999999999961062e+00,2.702374910747920467e+02,8.330902049268061660e+01,-2.819429174635263990e+01,2.083619692223905417e+01,5.554856292174382304e+01
3.162499999999961009e+00,2.704457424418803271e+02,8.327169206750122044e+01,-2.529893191696823251e+01,2.158619692223902575e+01,5.160503303725872115e+01
3.164999999999960956e+00,2.706539004809965263e+02,8.323434895367491038e+01,-2.241118736954587476e+01,2.233619692223902575e+01,4.807602724449365894e+01
3.167499999999960902e+00,2.708619651522808454e+02,8.319698540052804958e+01,-1.953128440211986927e+01,2.308619692223900088e+01,4.496044730839126657e+01
3.169999999999960849e+00,2.710699364012307342e+02,8.315959518115707283e+01,-1.665946258773480793e+01,2.383619692223896536e+01,4.225719452563090783e+01
3.172499999999960796e+00,2.712778141575019504e+02,8.312217157598888662e+01,-1.379597620349591125e+01,2.458619692223896891e+01,3.996515543825769612e+01
3.174999999999960743e+00,2.714855983336668714e+02,8.308470735603590640e+01,-1.094109151985863448e+01,2.533619692223894404e+01,3.808319375687958797e+01
3.177499999999960689e+00,2.716932888239320505e+02,8.304719476655317578e+01,-8.095087292354804731e+00,2.608619692223894049e+01,3.661014814941970741e+01
3.179999999999960636e+00,2.719008855028140488e+02,8.300962551171276971e+01,-5.258254566722840195e+00,2.683619692223891207e+01,3.554483478774972127e+01
3.182499999999960583e+00,2.721083882237796274e+02,8.297199074311534162e+01,-2.430893347353840550e+00,2.758619692223891207e+01,3.488605335061281210e+01
3.184999999999960529e+00,2.723157968178589954e+02,8.293428105333978806e+01,3.866843216626318913e-01,2.833619692223888364e+01,3.463259608459182459e+01
3.187499999999960476e+00,2.725231110922464381e+02,8.289648647738310672e+01,3.194157745409505811e+00,2.908619692223888720e+01,3.478325832055129752e+01
3.189999999999960423e+00,2.727303308289103825e+02,8.285859650546936450e+01,5.991196794783125057e+00,2.983619692223885522e+01,3.533684963955780489e+01
3.192499999999960369e+00,2.729374557832432515e+02,8.282060011013790302e+01,8.777462898205023123e+00,3.058619692223883035e+01,3.629220423866142653e+01
3.194999999999960316e+00,2.731444856827871490e+02,8.278248579065113688e+01,1.155260950526611552e+01,3.133619692223882680e+01,3.764818919417005816e+01
3.197499999999960263e+00,2.733514202260822117e+02,8.274424163984976133e+01,1.431628215501947743e+01,3.208619692223879838e+01,3.940370828328680375e+01
3.199999999999960210e+00,2.735582590816966331e+02,8.270585543772541826e+01,1.706811935168453687e+01,3.283619692223879838e+01,4.155769947900825656e+01
3.202499999999960156e+00,2.737650018875062869e+02,8.266731477431271458e+01,1.980775435404844131e+01,3.358619692223876996e+01,4.410912325022466263e+01
3.204999999999960103e+00,2.739716482502989834e+02,8.262860720680086501e+01,2.253481520405411942e+01,3.433619692223876996e+01,4.705693918809808451e+01
3.207499999999960050e+00,2.741781977457939661e+02,8.258972045575799825e+01,2.524892528606562436e+01,3.508619692223874154e+01,5.040006761353437525e+01
3.209999999999959996e+00,2.743846499191738530e+02,8.255064264397502427e+01,2.794970450083870617e+01,3.583619692223871311e+01,5.413733442569959919e+01
3.212499999999959943e+00,2.745910042862391265e+02,8.251136257911193184e+01,3.063677312132954356e+01,3.658619692223871311e+01,5.826739775557655321e+01
3.214999999999959890e+00,2.747972603352949932e+02,8.247187008172113565e+01,3.330974960211902669e+01,3.733619692223869180e+01,6.278865784173800080e+01
3.217499999999959837e+00,2.750034175298825971e+02,8.243215635852952516e+01,3.596825680720421303e+01,3.808619692223868469e+01,6.769915387774159399e+01
3.219999999999959783e+00,2.752094753124707722e+02,8.239221441771655918e+01,3.861192069738745403e+01,3.883619692223865627e+01,7.299645649486853927e+01
3.222499999999959730e+00,2.754154331092062193e+02,8.235203951971078595e+01,4.124037516314959362e+01,3.958619692223865627e+01,7.867756896621592944e+01
3.224999999999959677e+00,2.756212903358092490e+02,8.231162965631402528e+01,4.385326345775796142e+01,4.033619692223862785e+01,8.473885569561872444e+01
3.227499999999959623e+00,2.758270464046803454e+02,8.227098604299801821e+01,4.645024285417422050e+01,4.108619692223860653e+01,9.117602073046396072e+01
3.229999999999959570e+00,2.760327007332393805e+02,8.223011360857161378e+01,4.903098495289290071e+01,4.183619692223859943e+01,9.798416129545131525e+01
3.232499999999959517e+00,2.762382527534800829e+02,8.218902145940009518e+01,5.159518212228078227e+01,4.258619692223857101e+01,1.051579190080705075e+02
3.234999999999959464e+00,2.764437019226654115e+02,8.214772329074163792e+01,5.414254882950010739e+01,4.333619692223857101e+01,1.126917441720869846e+02
3.237499999999959410e+00,2.766490477350101855e+02,8.210623771475323451e+01,5.667282487686556891e+01,4.408619692223854258e+01,1.205802739763021378e+02
3.239999999999959357e+00,2.768542897341255298e+02,8.206458847025130865e+01,5.918577642678103956e+01,4.483619692223854969e+01,1.288188049066580163e+02
3.242499999999959304e+00,2.770594275259115307e+02,8.202280447594584700e+01,6.168119963998397282e+01,4.558619692223850706e+01,1.374038142030460108e+02
3.244999999999959250e+00,2.772644607914788821e+02,8.198091968656203221e+01,6.415892008356534859e+01,4.633619692223851416e+01,1.463334591768192467e+02
3.247499999999959197e+00,2.774693892995903184e+02,8.193897271460454590e+01,6.661878983220336181e+01,4.708619692223848574e+01,1.556079593489899082e+02
3.249999999999959144e+00,2.776742129180090615e+02,8.189700618528843279e+01,6.906066933402219377e+01,4.783619692223845732e+01,1.652297521304186319e+02
3.252499999999959091e+00,2.778789316230797226e+02,8.185506579138069583e+01,7.148443522753724721e+01,4.812303815903159432e+01,1.752033119580226810e+02
3.254999999999959037e+00,2.780835455067648354e+02,8.181319900840495052e+01,7.385912315274751450e+01,4.812303815903159432e+01,-1.744664519003646603e+02
3.257499999999958984e+00,2.782880547802585625e+02,8.177145348766791244e+01,7.616703357264402996e+01,4.887303815903158011e+01,-1.637782679273564099e+02
3.259999999999958931e+00,2.784924597734230360e+02,8.172987516838195177e+01,7.845994681389964853e+01,4.962303815903156590e+01,-1.527322792900916681e+02
3.262499999999958877e+00,2.786967609293590726e+02,8.168850618875691794e+01,8.073769563533544158e+01,5.037303815903154458e+01,-1.413256740928409840e+02
3.264999999999958824e+00,2.789009587936864705e+02,8.164738273816470837e+01,8.300011247746193987e+01,5.112303815903152326e+01,-1.295600500505239552e+02
3.267499999999958771e+00,2.791050539984535703e+02,8.160653295769043325e+01,8.524701995660696241e+01,5.187303815903152326e+01,-1.174425320877916619e+02
3.269999999999958717e+00,2.793090472408679830e+02,8.156597502965584567e+01,8.747821983199018803e+01,5.262303815903150195e+01,-1.049859503611889124e+02
3.272499999999958664e+00,2.795129392574042413e+02,8.152571560897897029e+01,8.969348163056281464e+01,5.337303815903148063e+01,-9.220771549904262088e+01
3.274999999999958611e+00,2.797167307942335697e+02,8.148574875249252614e+01,9.189253056464981739e+01,5.412303815903146642e+01,-7.912729962948147033e+01
3.277499999999958558e+00,2.799204225753080664e+02,8.144605548397916550e+01,9.407503156308185055e+01,5.487303815903145932e+01,-6.576264610617018036e+01
3.279999999999958504e+00,2.801240152697530448e+02,8.140660410081345333e+01,9.624057837883566435e+01,5.562303815903143800e+01,-5.212626090853489558e+01
3.282499999999958451e+00,2.803275094604753122e+02,8.136735128015318708e+01,9.838869503244127657e+01,5.637303815903141668e+01,-3.822201294822090745e+01
3.284999999999958398e+00,2.805309056159943566e+02,8.132824398113658049e+01,1.005188556412825278e+02,5.712303815903140247e+01,-2.404365981417110731e+01
3.287499999999958344e+00,2.807342040674670329e+02,8.128922208520432946e+01,1.026305553979375844e+02,5.787303815903139537e+01,-9.575802674083236710e+00
3.289999999999958291e+00,2.809374049927017722e+02,8.125022169853401977e+01,1.047232674673521586e+02,5.862303815903137405e+01,5.202551120022895326e+00
3.292499999999958238e+00,2.811405084087693353e+02,8.121117904143591204e+01,1.067964303877374590e+02,5.937303815903135984e+01,2.031223269732046433e+01
3.294999999999958185e+00,2.813435141746759882e+02,8.117203472253609675e+01,1.088494639278165579e+02,6.012303815903133852e+01,3.576708650324824390e+01
3.297499999999958131e+00,2.815464220048196466e+02,8.113273808275560839e+01,1.108817960189487764e+02,6.087303815903133142e+01,5.156792254630957473e+01
3.299999999999958078e+00,2.817492314932482600e+02,8.109325129423164924e+01,1.128928918703511783e+02,6.162303815903131010e+01,6.769952676241675249e+01
3.302499999999958025e+00,2.819519421479182029e+02,8.105355285160531764e+01,1.148822815887883735e+02,6.237303815903128879e+01,8.413266656811627797e+01
3.304999999999957971e+00,2.821545534332121292e+02,8.101364007598787964e+01,1.168495775406435513e+02,6.312303815903127457e+01,1.008315497789245825e+02
3.307499999999957918e+00,2.823570648180398734e+02,8.097353026922286290e+01,1.187944866981175096e+02,6.387303815903125326e+01,1.177648886232975229e+02
3.309999999999957865e+00,2.825594758259543937e+02,8.093326022598958502e+01,1.207168128307049670e+02,6.462303815903123905e+01,1.349167162572623511e+02
3.312499999999957812e+00,2.827617860830460472e+02,8.089288393428364543e+01,1.226164371135787974e+02,6.537303815903122484e+01,1.522926483447648422e+02
3.314999999999957758e+00,2.829639953590391315e+02,8.085246845697427887e+01,1.244932510654722080e+02,6.612303815903119641e+01,1.699186888217283240e+02
3.317499999999957705e+00,2.831661035970971625e+02,8.081208816804549144e+01,1.263471662784578911e+02,6.687303815903119641e+01,-1.721678179231782906e+02
3.319999999999957652e+00,2.833681109283913884e+02,8.077181768323801236e+01,1.281781285201556102e+02,6.762303815903118220e+01,-1.539327879412143716e+02
3.322499999999957598e+00,2.835700176683559448e+02,8.073172413803821712e+01,1.299861066708045598e+02,6.837303815903115378e+01,-1.353608999472812968e+02
3.324999999999957545e+00,2.837718242935747526e+02,8.069185976079616296e+01,1.317710645219252399e+02,6.912303815903115378e+01,-1.164657621642298864e+02
3.327499999999957492e+00,2.839735314005782243e+02,8.065225570476729899e+01,1.335329290052553119e+02,6.987303815903112536e+01,-9.728888335999901926e+01
3.329999999999957438e+00,2.841751396502340867e+02,8.061291801010281688e+01,1.352715460903862947e+02,7.062303815903111115e+01,-7.788545328597631112e+01
3.332499999999957385e+00,2.843766497034925465e+02,8.057382633601902455e+01,1.369866454161280558e+02,7.137303815903109694e+01,-5.830174484835091420e+01
3.334999999999957332e+00,2.845780621556772871e+02,8.053493575716940711e+01,1.386778270473079715e+02,7.212303815903109694e+01,-3.855461287599081288e+01
3.337499999999957279e+00,2.847793774770186701e+02,8.049618150442906028e+01,1.403446406293989526e+02,7.287303815903106852e+01,-1.862355419894664266e+01
3.339999999999957225e+00,2.849805959665927162e+02,8.045748615383544688e+01,1.419866708063875649e+02,7.362303815903105431e+01,1.540091329232129880e+00
3.342499999999957172e+00,2.851817177253703335e+02,8.041876856562782905e+01,1.436034504560519167e+02,7.437303815903104010e+01,2.198994606837601040e+01
3.344999999999957119e+00,2.853827426524110820e+02,8.037995371981094195e+01,1.451944736274710124e+02,7.512303815903101167e+01,4.275670648988050004e+01
3.347499999999957065e+00,2.855836704658445910e+02,8.034098227562647310e+01,1.467592497606653694e+02,7.587303815903101167e+01,6.382855286000445005e+01
3.349999999999957012e+00,2.857845007471589724e+02,8.030181859497254493e+01,1.482973647822748546e+02,7.662303815903098325e+01,8.515192995376246188e+01
3.352499999999956959e+00,2.859852330042907056e+02,8.026245608107684859e+01,1.498085213449958815e+02,7.737303815903096904e+01,1.066559684853259142e+02
3.354999999999956906e+00,2.861858667462010430e+02,8.022291889079852467e+01,1.514775060008940670e+02,7.812303815903095483e+01,1.282973340297733387e+02
3.357499999999956852e+00,2.863864015594343186e+02,8.018325946650008973e+01,1.530748116451961778e+02,7.887303815903095483e+01,1.500872267052441487e+02
3.359999999999956799e+00,2.865868371760834634e+02,8.014355194045592157e+01,1.546586835281998162e+02,7.962303815903092641e+01,1.720681519056257116e+02
3.362499999999956746e+00,2.867871735230612558e+02,8.010388199762317640e+01,1.562151736839717557e+02,8.037303815903091220e+01,-1.656872142717851091e+02
3.364999999999956692e+00,2.869874107442764171e+02,8.006433420429949877e+01,1.577452007534479321e+02,8.112303815903089799e+01,-1.431247815571583715e+02
3.367499999999956639e+00,2.871875491901569717e+02,8.002497879066537223e+01,1.592495339394519647e+02,8.187303815903086956e+01,-1.202429761263073260e+02
3.369999999999956586e+00,2.873875893745604344e+02,7.998586018653071505e+01,1.607290974913694868e+02,8.262303815903085535e+01,-9.710076000727404733e+01
3.372499999999956533e+00,2.875875319047667631e+02,7.994698945954093006e+01,1.621843433444672655e+02,8.337303815903084114e+01,-7.378732044144102531e+01
3.374999999999956479e+00,2.877873773953663203e+02,7.990834213800083319e+01,1.636155970698497413e+02,8.412303815903082693e+01,-5.036893385383847033e+01
3.377499999999956426e+00,2.879871263800610564e+02,7.986986191138583990e+01,1.650230250169047679e+02,8.487303815903082693e+01,-2.684763729622762085e+01
3.379999999999956373e+00,2.881867792359893770e+02,7.983146961827070243e+01,1.664067409436805463e+02,8.562303815903079851e+01,-3.160224885904899583e+00
3.382499999999956319e+00,2.883863361331277702e+02,7.979307608991261702e+01,1.677666306136076173e+02,8.637303815903078430e+01,2.078090517044807584e+01
3.384999999999956266e+00,2.885857970173879039e+02,7.975459697361898748e+01,1.691027256924006963e+02,8.712303815903075588e+01,4.502897432738417649e+01
3.387499999999956213e+00,2.887851616313486716e+02,7.971596723020257969e+01,1.704148705216837243e+02,8.787303815903075588e+01,6.956207716114147388e+01
3.389999999999956160e+00,2.889844295701681176e+02,7.967715277182496436e+01,1.717029020649927986e+02,8.862303815903072746e+01,9.429150760953582733e+01
3.392499999999956106e+00,2.891836003642061996e+02,7.963815708514465541e+01,1.729669795430520480e+02,8.937303815903071325e+01,1.191199139003290099e+02
3.394999999999956053e+00,2.893826735747758221e+02,7.959902135476659168e+01,1.742070337154221420e+02,9.012303815903069903e+01,1.440094524367014515e+02
3.397499999999956000e+00,2.895816488862209894e+02,7.955981763839719179e+01,1.754233777659011650e+02,9.087303815903069903e+01,1.690085397481145151e+02
3.399999999999955946e+00,2.897805261770962488e+02,7.952063591940847687e+01,1.766158467913375887e+02,9.162303815903068482e+01,-1.657827697316990623e+02
3.402499999999955893e+00,2.899793055560604671e+02,7.948156705768194286e+01,1.777847744189078014e+02,9.237303815903065640e+01,-1.402857822538303765e+02
3.404999999999955840e+00,2.901779873535797947e+02,7.944268480312621250e+01,1.789301164075254462e+02,9.312303815903064219e+01,-1.145056181256612433e+02
3.407499999999955786e+00,2.903765720693810977e+02,7.940403079973461331e+01,1.800518988310384714e+02,9.387303815903061377e+01,-8.853540477204431625e+01
3.409999999999955733e+00,2.905750602853538567e+02,7.936560597949865326e+01,1.811501764356748936e+02,9.462303815903059956e+01,-6.249083546299609537e+01
3.412499999999955680e+00,2.907734525614246195e+02,7.932737030368863884e+01,1.822244176799099478e+02,9.537303815903058535e+01,-3.642284171044536123e+01
3.414999999999955627e+00,2.909717493357853186e+02,7.928925088077042460e+01,1.832744489869366760e+02,9.612303815903057114e+01,-1.027957844921229302e+01
3.417499999999955573e+00,2.911699508497907232e+02,7.925115668586505535e+01,1.842997490890838890e+02,9.687303815903054272e+01,1.605203040387683799e+01
3.419999999999955520e+00,2.913680571124923517e+02,7.921299701557232709e+01,1.852998639215759624e+02,9.762303815903055693e+01,4.265653950273907213e+01
3.422499999999955467e+00,2.915660679125253409e+02,7.917470020410964082e+01,1.862744957233648790e+02,9.837303815903054272e+01,6.951796719971018490e+01
3.424999999999955413e+00,2.917639828756840075e+02,7.913622876889924385e+01,1.872229906903054086e+02,9.912303815903051429e+01,9.652537655731745758e+01
3.427499999999955360e+00,2.919618015571478509e+02,7.909758773939076093e+01,1.881451090022646326e+02,9.987303815903050008e+01,1.235600312444080657e+02
3.429999999999955307e+00,2.921595235498174929e+02,7.905882413106196793e+01,1.890408743294480303e+02,1.006230381590304717e+02,1.505927332338726217e+02
3.432499999999955254e+00,2.923571485859674226e+02,7.902001725317690273e+01,1.899098575524701289e+02,1.013730381590304575e+02,1.777064007143500532e+02
3.434999999999955200e+00,2.925546766097671139e+02,7.898126151762710379e+01,1.907518230538356931e+02,1.021230381590304432e+02,-1.549741950794156935e+02
3.437499999999955147e+00,2.927521078035085225e+02,7.894264519327448681e+01,1.915668074240315946e+02,1.028730381590304290e+02,-1.273892339472766935e+02
3.439999999999955094e+00,2.929494425596997189e+02,7.890422999819375605e+01,1.923545388840972521e+02,1.036230381590304006e+02,-9.960179913152262543e+01
3.442499999999955040e+00,2.931466814044235321e+02,7.886603672631257211e+01,1.931146539240579614e+02,1.043730381590304006e+02,-7.175139871240710931e+01
3.444999999999954987e+00,2.933438248896458731e+02,7.882804053858400550e+01,1.938468285707110113e+02,1.051230381590303864e+02,-4.393597991399236236e+01
3.447499999999954934e+00,2.935408734799486297e+02,7.879017697553925359e+01,1.945507077796409874e+02,1.058730381590303722e+02,-1.612903774583765326e+01
3.449999999999954881e+00,2.937378274601521753e+02,7.875235701069257743e+01,1.952257634613414439e+02,1.066230381590303438e+02,1.179372846292963573e+01
3.452499999999954827e+00,2.939346868846449752e+02,7.871448758687526492e+01,1.958713836806697088e+02,1.073730381590303296e+02,3.994341618507556291e+01
3.454999999999954774e+00,2.941314515799053879e+02,7.867649316213869781e+01,1.964870131756990475e+02,1.081230381590303153e+02,6.831523225634991547e+01
3.457499999999954721e+00,2.943281211999446327e+02,7.863833340827937946e+01,1.970723354888772008e+02,1.088730381590303011e+02,9.678524425041965173e+01
3.459999999999954667e+00,2.945246953222693946e+02,7.860001291110258137e+01,1.976269444758433167e+02,1.096230381590303011e+02,1.252182914734970467e+02
3.462499999999954614e+00,2.947211735624998141e+02,7.856158039977685803e+01,1.981505155708008203e+02,1.103730381590302585e+02,1.535889187131323865e+02
3.464999999999954561e+00,2.949175556807455791e+02,7.852311734136388566e+01,1.986426313522299267e+02,1.111230381590302585e+02,-1.779993332042760699e+02
3.467499999999954508e+00,2.951138416539047284e+02,7.848471825993523510e+01,1.991029061417425794e+02,1.118730381590302443e+02,-1.494109168832500814e+02
3.469999999999954454e+00,2.953100316952919115e+02,7.844646730749217056e+01,1.995312230435306446e+02,1.126230381590302301e+02,-1.206053953657900877e+02
3.472499999999954401e+00,2.955061262152514701e+02,7.840841711730925567e+01,1.999274132071636529e+02,1.133730381590302017e+02,-9.168254812778380369e+01
3.474999999999954348e+00,2.957021257323098098e+02,7.837057573348090500e+01,2.002911142750500630e+02,1.141230381590301874e+02,-6.279641447208471305e+01
3.477499999999954294e+00,2.958980307577360236e+02,7.833290503149189021e+01,2.006218197759980058e+02,1.148730381590301732e+02,-3.401477977301043154e+01
3.479999999999954241e+00,2.960938416831470477e+02,7.829533072340801425e+01,2.009191017831477097e+02,1.156230381590301590e+02,-5.261238027404065321e+00
3.482499999999954188e+00,2.962895586990605352e+02,7.825776101368394677e+01,2.011825596351357035e+02,1.163730381590301306e+02,2.360854952574639753e+01
3.484999999999954134e+00,2.964851817635494626e+02,7.822010926210265325e+01,2.014117033866847919e+02,1.171230381590301306e+02,5.266914973299095948e+01
3.487499999999954081e+00,2.966807106283498001e+02,7.818231533321950621e+01,2.016060478211567784e+02,1.178730381590300880e+02,8.184926610740832587e+01
3.489999999999954028e+00,2.968761449157696575e+02,7.814436045311863666e+01,2.017652032933876001e+02,1.186230381590300880e+02,1.109929134915882685e+02
3.492499999999953975e+00,2.970714842276090621e+02,7.810627192012404407e+01,2.018889442081286916e+02,1.193730381590300880e+02,1.400047299419335900e+02
3.494999999999953921e+00,2.972667282593340587e+02,7.806811633706956854e+01,2.019770118353462749e+02,1.201230381590300595e+02,1.689355223241491331e+02
3.497499999999953868e+00,2.974618768909289201e+02,7.802998282194450042e+01,2.020290103176376988e+02,1.208730381590300453e+02,-1.620718055388285563e+02
3.499999999999953815e+00,2.976569302311508523e+02,7.799196018464122915e+01,2.020446288710122644e+02,1.216230381590300311e+02,-1.329204589432759178e+02
3.502499999999953761e+00,2.978518886028668931e+02,7.795411393712763015e+01,2.020236311110901966e+02,1.223730381590300311e+02,-1.036569276416088030e+02
3.504999999999953708e+00,2.980467524729751290e+02,7.791646953616775306e+01,2.019657683830528754e+02,1.231230381590299885e+02,-7.443408868679247803e+01
3.507499999999953655e+00,2.982415223458195328e+02,7.787900640004507125e+01,2.018706957758266469e+02,1.238730381590299885e+02,-4.536964207119632420e+01
3.509999999999953602e+00,2.984361986486310343e+02,7.784166393820642327e+01,2.017381016120174309e+02,1.246230381590299601e+02,-1.644001339863113031e+01
3.512499999999953548e+00,2.986307816385483420e+02,7.780435744291960987e+01,2.015677956162649025e+02,1.253730381590299459e+02,1.248919261269485936e+01
3.514999999999953495e+00,2.988252713536594456e+02,7.776699949443687387e+01,2.013595097635858622e+02,1.261230381590299459e+02,4.153197073364159309e+01
3.517499999999953442e+00,2.990196676191802680e+02,7.772952168456090760e+01,2.011129260080540462e+02,1.268730381590299174e+02,7.067016893114116272e+01
3.519999999999953388e+00,2.992139701064077144e+02,7.769189143590753588e+01,2.008277663486908011e+02,1.276230381590299032e+02,9.976476096228795143e+01
3.522499999999953335e+00,2.994081784293764485e+02,7.765411988308311209e+01,2.005038248044713214e+02,1.283730381590298748e+02,1.286840931307537801e+02
3.524999999999953282e+00,2.996022922552176624e+02,7.761625890361059987e+01,2.001409261268202044e+02,1.291230381590298748e+02,1.574232206875633722e+02
3.527499999999953229e+00,2.997963114008190928e+02,7.757838797828611632e+01,1.997388285312007383e+02,1.298730381590298464e+02,-1.738999852552015568e+02
3.529999999999953175e+00,2.999902358916403387e+02,7.754059405008383976e+01,1.992972548990526889e+02,1.306230381590298180e+02,-1.451601680678092805e+02
3.532499999999953122e+00,3.001840659675825123e+02,7.750294942318386404e+01,1.988160363989232451e+02,1.313730381590298180e+02,-1.163446004528863114e+02
3.534999999999953069e+00,3.003778020343219737e+02,7.746549362856983123e+01,1.982950499671448199e+02,1.321230381590298180e+02,-8.757080751306200739e+01
3.537499999999953015e+00,3.005714445734412834e+02,7.742822411097294832e+01,1.977341438802546350e+02,1.328730381590298180e+02,-5.898195180522312597e+01
3.539999999999952962e+00,3.007649940353692273e+02,7.739109782907902968e+01,1.971331530635425224e+02,1.336230381590297611e+02,-3.061961145028580589e+01
3.542499999999952909e+00,3.009584507425569200e+02,7.735404271287589495e+01,1.964920844454731821e+02,1.343730381590297611e+02,-2.395236428110564031e+00
3.544999999999952855e+00,3.011518148259740997e+02,7.731697555581236259e+01,1.958109586635587220e+02,1.351230381590297611e+02,2.582169838601575407e+01
3.547499999999952802e+00,3.013450862085868494e+02,7.727982193127971300e+01,1.950899328095777605e+02,1.358730381590297327e+02,5.408246087867080121e+01
3.549999999999952749e+00,3.015382646384385339e+02,7.724253358453475471e+01,1.943290197196254496e+02,1.366230381590297043e+02,8.230904177761435392e+01
3.552499999999952696e+00,3.017313497623079570e+02,7.720509938323290555e+01,1.935281843329253491e+02,1.373730381590297043e+02,1.103607130026361745e+02
3.554999999999952642e+00,3.019243412220920959e+02,7.716754747431133410e+01,1.926873862451250261e+02,1.381230381590296759e+02,1.381563979322334319e+02
3.557499999999952589e+00,3.021172387512062301e+02,7.712993827393925983e+01,1.918064746868665509e+02,1.388730381590296474e+02,1.657383347968079192e+02
3.559999999999952536e+00,3.023100422485582612e+02,7.709235000431134210e+01,1.908855041302493305e+02,1.396230381590296759e+02,-1.667740716252899063e+02
3.562499999999952482e+00,3.025027518131028614e+02,7.705486016464124077e+01,1.899244263857117119e+02,1.403730381590296474e+02,-1.392920523023210251e+02
3.564999999999952429e+00,3.026953677309901423e+02,7.701752739774096312e+01,1.889232091496166674e+02,1.411230381590295906e+02,-1.118366125918876293e+02
3.567499999999952376e+00,3.028878904191834636e+02,7.698037830823436423e+01,1.878819359345970383e+02,1.418730381590295906e+02,-8.452417988244336300e+01
3.569999999999952323e+00,3.030803203401937367e+02,7.694340227710422653e+01,1.868009639867004239e+02,1.426230381590295906e+02,-5.747068853298542024e+01
3.572499999999952269e+00,3.032726579089407437e+02,7.690655501163951158e+01,1.856804713154267574e+02,1.433730381590295622e+02,-3.070006047208894984e+01
3.574999999999952216e+00,3.034649034132089582e+02,7.686976931360574383e+01,1.845207853673169041e+02,1.441230381590295337e+02,-4.134531443047093191e+00
3.577499999999952163e+00,3.036570569642502733e+02,7.683297012620586486e+01,1.833225993777155338e+02,1.448730381590295337e+02,2.233411984328741084e+01
3.579999999999952109e+00,3.038491184863615899e+02,7.679609053389347650e+01,1.820862832026358546e+02,1.456230381590295337e+02,4.875434345348296716e+01
3.582499999999952056e+00,3.040410877460331562e+02,7.675908547761579825e+01,1.808121630356927483e+02,1.463730381590295053e+02,7.507418702304620695e+01
3.584999999999952003e+00,3.042329644130680322e+02,7.672194053235833167e+01,1.795008326241497230e+02,1.471230381590294769e+02,1.011809457953061155e+02
3.587499999999951950e+00,3.044247481401923778e+02,7.668467421583788735e+01,1.781525297041585532e+02,1.478730381590294769e+02,1.269875272018616670e+02
3.589999999999951896e+00,3.046164386445199739e+02,7.664733358576106070e+01,1.767677276245087228e+02,1.486230381590294485e+02,1.524934295212702011e+02
3.592499999999951843e+00,3.048080357743950799e+02,7.660998421675363090e+01,1.753467199863433450e+02,1.493730381590294201e+02,1.777757760208538969e+02
3.594999999999951790e+00,3.049995395485998984e+02,7.657269669673026158e+01,1.738896865928960835e+02,1.501230381590294201e+02,-1.570745503237632192e+02
3.597499999999951736e+00,3.051909501606223785e+02,7.653553243111836935e+01,1.723971955556997955e+02,1.508730381590294201e+02,-1.320217965941296256e+02
3.599999999999951683e+00,3.053822679479945350e+02,7.649853179350928656e+01,1.708696299189954573e+02,1.516230381590293916e+02,-1.071123632144538220e+02
3.602499999999951630e+00,3.055734933342766340e+02,7.646170703510762223e+01,1.693077912416663366e+02,1.523730381590293916e+02,-8.244242984255799911e+01
3.604999999999951577e+00,3.057646267565564244e+02,7.642504106979592393e+01,1.677122942925118707e+02,1.531230381590293632e+02,-5.809163884779289333e+01
3.607499999999951523e+00,3.059556685933268909e+02,7.638849185212929171e+01,1.660840945769104451e+02,1.538730381590293348e+02,-3.407322058912093610e+01
3.609999999999951470e+00,3.061466191061363702e+02,7.635200092659799509e+01,1.644243066113868963e+02,1.546230381590293064e+02,-1.033353511910312328e+01
3.612499999999951417e+00,3.063374784043502927e+02,7.631550418483735143e+01,1.627339440451994790e+02,1.553730381590293064e+02,1.320561673960304816e+01
3.614999999999951363e+00,3.065282464374157030e+02,7.627894289626433988e+01,1.610141983772844867e+02,1.561230381590293064e+02,3.659363859061475210e+01
3.617499999999951310e+00,3.067189230143333134e+02,7.624227323549422408e+01,1.592662036316389162e+02,1.568730381590292779e+02,5.981933280152905041e+01
3.619999999999951257e+00,3.069095078455376324e+02,7.620547289162993820e+01,1.574910676814253918e+02,1.576230381590292495e+02,8.281850515230524934e+01
3.622499999999951203e+00,3.071000005993039963e+02,7.616854393870389117e+01,1.556899621425970395e+02,1.583730381590292495e+02,1.055141316078514961e+02
3.624999999999951150e+00,3.072904009630630071e+02,7.613151174776696450e+01,1.538639286530174104e+02,1.591230381590292495e+02,1.278612534398499747e+02
3.627499999999951097e+00,3.074807086998037562e+02,7.609442033301927211e+01,1.520139982013611473e+02,1.598730381590291927e+02,1.498682279489920859e+02
3.629999999999951044e+00,3.076709236910589311e+02,7.605732505065182636e+01,1.501412441034701715e+02,1.606230381590291927e+02,1.715853236316430355e+02
3.632499999999950990e+00,3.078610459605264964e+02,7.602028388196704611e+01,1.482467619003610650e+02,1.613730381590291927e+02,-1.669278176786135930e+02
3.634999999999950937e+00,3.080510756754886756e+02,7.598334868463558678e+01,1.463316621454624453e+02,1.621230381590291643e+02,-1.456359876737826085e+02
3.637499999999950884e+00,3.082410131268016471e+02,7.594655783771780477e+01,1.443972029903269174e+02,1.628730381590291358e+02,-1.245466050511242031e+02
3.639999999999950830e+00,3.084308586917128991e+02,7.590993136797558805e+01,1.424447904780286365e+02,1.636230381590291358e+02,-1.037045738840257201e+02
3.642499999999950777e+00,3.086206127861449318e+02,7.587346908616746077e+01,1.404179565641456975e+02,1.643730381590291358e+02,-8.316429205811654413e+01
3.644999999999950724e+00,3.088102758140869355e+02,7.583715169539618728e+01,1.383090527276209230e+02,1.651230381590291074e+02,-6.298910936759340018e+01
3.647499999999950671e+00,3.089998481213224863e+02,7.580094435481588278e+01,1.361765382292850575e+02,1.658730381590290790e+02,-4.318955886596899774e+01
3.649999999999950617e+00,3.091893299592393305e+02,7.576480190657991898e+01,1.340341462896547569e+02,1.666230381590290790e+02,-2.374330066246052695e+01
3.652499999999950564e+00,3.093787214623263253e+02,7.572867480583506961e+01,1.318822476293133263e+02,1.673730381590290506e+02,-4.608127457537808169e+00
3.654999999999950511e+00,3.095680226406173574e+02,7.569251502161108647e+01,1.297211896832274078e+02,1.681230381590290222e+02,1.425576155879442375e+01
3.657499999999950457e+00,3.097572333867105385e+02,7.565628127322651153e+01,1.275512854284402238e+02,1.688730381590289937e+02,3.286908473473527437e+01
3.659999999999950404e+00,3.099463534952926125e+02,7.561994309850602747e+01,1.253728065880427351e+02,1.696230381590289937e+02,5.122640787972289900e+01
3.662499999999950351e+00,3.101353826920540087e+02,7.558348347244891841e+01,1.231859865927927586e+02,1.703730381590290222e+02,6.930026494366219936e+01
3.664999999999950298e+00,3.103243206682727759e+02,7.554689986301984561e+01,1.209910136778163690e+02,1.711230381590289937e+02,8.705354501779967791e+01
3.667499999999950244e+00,3.105131671171452581e+02,7.551020376700161307e+01,1.187880279866722333e+02,1.718730381590289937e+02,1.044541086204597775e+02
3.669999999999950191e+00,3.107019217681413465e+02,7.547341891652349943e+01,1.165771210581892774e+02,1.726230381590289369e+02,1.214854664692638835e+02
3.672499999999950138e+00,3.108905844162062522e+02,7.543657845713966026e+01,1.143583268453474489e+02,1.733730381590289369e+02,1.381501185902141344e+02
3.674999999999950084e+00,3.110791549434380840e+02,7.539972146789639851e+01,1.121316055421987556e+02,1.741230381590289085e+02,1.544658317495034794e+02
3.677499999999950031e+00,3.112676333318232764e+02,7.536288920303857708e+01,1.098968971795709564e+02,1.748730381590289085e+02,1.704576309733105290e+02
3.679999999999949978e+00,3.114560196665257763e+02,7.532612140084749797e+01,1.076541518560736819e+02,1.756230381590288800e+02,-1.738510636189726313e+02
3.682499999999949925e+00,3.116443141300860020e+02,7.528945301621332931e+01,1.054033495567065586e+02,1.763730381590288516e+02,-1.584453916961918480e+02
3.684999999999949871e+00,3.118325169888076402e+02,7.525291166473668625e+01,1.031445138460809119e+02,1.771230381590288516e+02,-1.433225225330418482e+02
3.687499999999949818e+00,3.120206285732250535e+02,7.521651593781325573e+01,1.008777192591565068e+02,1.778730381590288516e+02,-1.284912817687725237e+02
3.689999999999949765e+00,3.122086492548777983e+02,7.518027462969440933e+01,9.860309220288050369e+01,1.786230381590287948e+02,-1.139686452088298410e+02
3.692499999999949711e+00,3.123965794216651943e+02,7.514418682383444548e+01,9.632080852364579471e+01,1.793730381590287948e+02,-9.977455968023873822e+01
3.694999999999949658e+00,3.125844194538693728e+02,7.510824270537503367e+01,9.403108512543433051e+01,1.801230381590287948e+02,-8.592679861338523040e+01
3.697499999999949605e+00,3.127721697025679077e+02,7.507242491926956518e+01,9.173417353662219398e+01,1.808730381590287379e+02,-7.243724483683612902e+01
3.699999999999949551e+00,3.129598304716877806e+02,7.503671027189072618e+01,8.943035579426631898e+01,1.816230381590287379e+02,-5.931029070702012973e+01
3.702499999999949498e+00,3.131474020044432791e+02,7.500107157792939461e+01,8.711996300760480949e+01,1.823730381590287095e+02,-4.654328750377458590e+01
3.704999999999949445e+00,3.133348844744131725e+02,7.496547948304097986e+01,8.480339279164098798e+01,1.831230381590287379e+02,-3.412844213459302267e+01
3.707499999999949392e+00,3.135222779811109604e+02,7.492990415213189692e+01,8.248105764191794265e+01,1.838730381590286811e+02,-2.205536720513367399e+01
3.709999999999949338e+00,3.137095825496863881e+02,7.489431676888303002e+01,8.015336954687073501e+01,1.846230381590287095e+02,-1.031359100096296366e+01
3.712499999999949285e+00,3.138967981342567555e+02,7.485869078692446976e+01,7.782073162750083384e+01,1.853730381590286811e+02,1.105448377053825038e+00
3.714999999999949232e+00,3.140839246242036324e+02,7.482300290276963040e+01,7.548354089875535067e+01,1.861230381590286527e+02,1.220716662089406945e+01
3.717499999999949178e+00,3.142709618527425732e+02,7.478723375158061515e+01,7.314218281227979901e+01,1.868730381590286527e+02,2.299339520709146356e+01
3.719999999999949125e+00,3.144579096070776814e+02,7.475136833931560432e+01,7.079703147031979427e+01,1.876230381590286527e+02,3.346263126576876346e+01
3.722499999999949072e+00,3.146447676394936366e+02,7.471539623225136495e+01,6.844844651441349015e+01,1.883730381590286242e+02,4.361077604673960906e+01
3.724999999999949019e+00,3.148315356787914538e+02,7.467931153065002547e+01,6.609677193125480699e+01,1.891230381590285674e+02,5.343212758021422104e+01
3.727499999999948965e+00,3.150182134415453561e+02,7.464311265927138095e+01,6.374233560407107291e+01,1.898730381590285674e+02,6.292040661672221802e+01
3.729999999999948912e+00,3.152048006427448286e+02,7.460680201273899570e+01,6.138544795663919018e+01,1.906230381590285674e+02,7.206964393512944866e+01
3.732499999999948859e+00,3.153912970054793732e+02,7.457038549439820940e+01,5.902640231551007588e+01,1.913730381590285674e+02,8.087482460678030805e+01
3.734999999999948805e+00,3.155777022694226730e+02,7.453387198522479196e+01,5.666547708118034876e+01,1.921230381590285106e+02,8.933225343338096991e+01
3.737499999999948752e+00,3.157640161979605296e+02,7.449727277659144420e+01,5.430293630794230353e+01,1.928730381590285106e+02,9.743966201698214036e+01
3.739999999999948699e+00,3.159502385838903251e+02,7.446060099830954471e+01,5.193903217183630261e+01,1.936230381590285390e+02,1.051961133965134678e+02
3.742499999999948646e+00,3.161363692536963299e+02,7.442387106443759137e+01,4.957400702444400054e+01,1.943730381590284537e+02,1.126017751137812581e+02
3.744999999999948592e+00,3.163224080704565040e+02,7.438709815689747984e+01,4.720809549648954828e+01,1.951230381590284537e+02,1.196576287399977474e+02
3.747499999999948539e+00,3.165083549354845331e+02,7.435029775961959331e+01,4.484152477975043638e+01,1.958730381590284253e+02,1.263651718681317107e+02
3.749999999999948486e+00,3.166942097888388616e+02,7.431348525244627012e+01,4.247451578312968934e+01,1.966230381590284537e+02,1.327261505214364661e+02
3.752499999999948432e+00,3.168799726088531088e+02,7.427667556564162510e+01,4.010728866511009016e+01,1.973730381590284253e+02,1.387423442939917777e+02
3.754999999999948379e+00,3.170656434108344115e+02,7.423988289257280826e+01,3.774006493605032375e+01,1.981230381590283969e+02,1.444154119714745832e+02
3.757499999999948326e+00,3.172512222450767467e+02,7.420312046355739710e+01,3.537307108509122600e+01,1.988730381590283969e+02,1.497467960692733584e+02
3.759999999999948272e+00,3.174367091943449282e+02,7.416640037904163307e+01,3.300653748436842250e+01,1.996230381590283685e+02,1.547376785874698726e+02
3.762499999999948219e+00,3.176221043709726359e+02,7.412973349707117166e+01,3.064070071297487274e+01,2.003730381590283685e+02,1.593889759874982985e+02
3.764999999999948166e+00,3.178074079137091417e+02,7.409312936794948712e+01,2.827580447123827412e+01,2.011230381590283685e+02,1.637013630015682679e+02
3.767499999999948113e+00,3.179926199844264829e+02,7.405659620890457973e+01,2.591209928082604463e+01,2.018730381590283400e+02,1.676753132066511398e+02
3.769999999999948059e+00,3.181777407647830955e+02,7.402014091037040089e+01,2.354984310721226137e+01,2.026230381590282832e+02,1.713111486897498708e+02
3.772499999999948006e+00,3.183627704529196762e+02,7.398376906767701655e+01,2.118930232973103145e+01,2.033730381590282832e+02,1.746090911080452770e+02
3.774999999999947953e+00,3.185477092602454832e+02,7.394748503081694935e+01,1.883075031358108831e+01,2.041230381590282832e+02,1.775693098486646022e+02
3.777499999999947899e+00,3.187325574083577635e+02,7.391129196552809333e+01,1.647446801591621224e+01,2.048730381590282263e+02,-1.798080358292963012e+02
3.779999999999947846e+00,3.189173151261184103e+02,7.387519192215194153e+01,1.412074425589637272e+01,2.056230381590282263e+02,-1.775227621901835846e+02
3.782499999999947793e+00,3.191019826469060945e+02,7.383918590611132515e+01,1.176987541817755201e+01,2.063730381590282263e+02,-1.755746341130528947e+02
3.784999999999947740e+00,3.192865602060435890e+02,7.380327394779502015e+01,9.422164542376526342e+00,2.071230381590282548e+02,-1.739633460445141395e+02
3.787499999999947686e+00,3.194710480383988056e+02,7.376745516865346985e+01,7.077923162420161063e+00,2.078730381590281695e+02,-1.726885102221563386e+02
3.789999999999947633e+00,3.196554463761484044e+02,7.373172784093287646e+01,4.737468946801630665e+00,2.086230381590281979e+02,-1.717496507327550717e+02
3.792499999999947580e+00,3.198397554466864108e+02,7.369608944028857422e+01,2.401126299162668509e+00,2.093730381590281979e+02,-1.711462036930889496e+02
3.794999999999947526e+00,3.200239754706598205e+02,7.366053669076744370e+01,6.922633578658743403e-02,2.101230381590281127e+02,-1.708775222922131150e+02
3.797499999999947473e+00,3.202081066601124917e+02,7.362506560084194973e+01,-2.258072642782592787e+00,2.108730381590280842e+02,-1.709428855051091887e+02
3.799999999999947420e+00,3.203921492167145857e+02,7.358967149246572603e+01,-4.580064582376513371e+00,2.116230381590281127e+02,-1.713415419690098531e+02
3.802499999999947367e+00,3.205761033300594818e+02,7.355434902165397659e+01,-6.896583287227689318e+00,2.123730381590281127e+02,-1.720726454497001612e+02
3.804999999999947313e+00,3.207599691760088376e+02,7.351909219283267305e+01,-9.207273923797901105e+00,2.131230381590280842e+02,-1.731353597916796900e+02
3.807499999999947260e+00,3.209437469150695961e+02,7.348389436702147748e+01,-1.151177492832227856e+01,2.138730381590280842e+02,-1.745288594429013642e+02
3.809999999999947207e+00,3.211274366907882722e+02,7.344874826640285903e+01,-1.380972159983839553e+01,2.146230381590280558e+02,-1.762523610602327722e+02
3.812499999999947153e+00,3.213110386281562114e+02,7.341364597677882387e+01,-1.610074391463409071e+01,2.153730381590280558e+02,-1.783051588265546172e+02
3.814999999999947100e+00,3.214945528320191670e+02,7.337857894992569641e+01,-1.838446863748040272e+01,2.161230381590279990e+02,1.793133385480116999e+02
3.817499999999947047e+00,3.216779793854944955e+02,7.334353800888318631e+01,-2.066051811513273506e+01,2.168730381590279990e+02,1.766035704462724993e+02
3.819999999999946994e+00,3.218613183484035858e+02,7.330851335980599970e+01,-2.292851060092755588e+01,2.176230381590279706e+02,1.735657910200380059e+02
3.822499999999946940e+00,3.220445697557390190e+02,7.327349461336800118e+01,-2.518805825210733929e+01,2.183730381590279421e+02,1.702000435846299808e+02
3.824999999999946887e+00,3.222277336161923813e+02,7.323847082049636015e+01,-2.743876680467617746e+01,2.191230381590279421e+02,1.665061484917564769e+02
3.827499999999946834e+00,3.224108099107791077e+02,7.320343053030367741e+01,-2.968024049203309644e+01,2.198730381590279706e+02,1.624837101611424828e+02
3.829999999999946780e+00,3.225937985916258981e+02,7.316836187924427293e+01,-3.191208288750587485e+01,2.206230381590279706e+02,1.581321530804285658e+02
3.832499999999946727e+00,3.227766995810007415e+02,7.313325271162906915e+01,-3.413390011329395435e+01,2.213730381590278853e+02,1.534507945458407221e+02
3.834999999999946674e+00,3.229595127706604671e+02,7.309809073012085889e+01,-3.634529752332025510e+01,2.221230381590279137e+02,1.484389621643355497e+02
3.837499999999946620e+00,3.231422380215916519e+02,7.306286367818053407e+01,-3.854588566577840680e+01,2.228730381590279137e+02,1.430961615103002771e+02
3.839999999999946567e+00,3.233248751642263983e+02,7.302755955476966676e+01,-4.073527811637852380e+01,2.236230381590278000e+02,1.374222931886493484e+02
3.842499999999946514e+00,3.235074239992121079e+02,7.299216686066579030e+01,-4.291309419127772173e+01,2.243730381590278284e+02,1.314179122349090960e+02
3.844999999999946461e+00,3.236898842988166507e+02,7.295667487736515966e+01,-4.507896224744004599e+01,2.251230381590278284e+02,1.250845122166378474e+02
3.847499999999946407e+00,3.238722558090474877e+02,7.292107397586707407e+01,-4.723252131824227007e+01,2.258730381590278284e+02,1.184248036402409241e+02
3.849999999999946354e+00,3.240545382525589844e+02,7.288535594973062359e+01,-4.937342271155102935e+01,2.266230381590278000e+02,1.114429432985585606e+02
3.852499999999946301e+00,3.242367313324036786e+02,7.284951436539374470e+01,-5.150133551010785027e+01,2.273730381590277716e+02,1.041446602637387855e+02
3.854999999999946247e+00,3.244188347366670087e+02,7.281354491961705833e+01,-5.361594620094768970e+01,2.281230381590277716e+02,9.653721928092160454e+01
3.857499999999946194e+00,3.246008481439949946e+02,7.277744579066151687e+01,-5.571696106158763229e+01,2.288730381590277148e+02,8.862916814326992210e+01
3.859999999999946141e+00,3.247827712299921927e+02,7.274121796634686632e+01,-5.780410995855412182e+01,2.296230381590277148e+02,8.042983566633436965e+01
3.862499999999946088e+00,3.249646036744210846e+02,7.270486553106350414e+01,-5.987714550049127382e+01,2.303730381590277148e+02,7.194858097844732470e+01
3.864999999999946034e+00,3.251463451690883630e+02,7.266839588965916619e+01,-6.193584491232169142e+01,2.311230381590277432e+02,6.319384137580684779e+01
3.867499999999945981e+00,3.253279954262496858e+02,7.263181990575372993e+01,-6.398000821535620020e+01,2.318730381590276579e+02,5.417207495330229960e+01
3.869999999999945928e+00,3.255095541873033653e+02,7.259515193271201383e+01,-6.600945895917151063e+01,2.326230381590276579e+02,4.488673794087085867e+01
3.872499999999945874e+00,3.256910212314940622e+02,7.255840971325966393e+01,-6.802404112008449033e+01,2.333730381590276863e+02,3.533746577715279358e+01
3.874999999999945821e+00,3.258723963842841158e+02,7.252161412921844885e+01,-7.002361553489559753e+01,2.341230381590276011e+02,2.551963405344210400e+01
3.877499999999945768e+00,3.260536795250100681e+02,7.248478878795999947e+01,-7.200805669119483809e+01,2.348730381590276295e+02,1.542446367731082368e+01
3.879999999999945715e+00,3.262348705934082318e+02,7.244795943748742673e+01,-7.397724825868061771e+01,2.356230381590276011e+02,5.039799086412486417e+00
3.882499999999945661e+00,3.264159695945818385e+02,7.241115321093479906e+01,-7.593107945472861786e+01,2.363730381590276011e+02,-5.648369502982667711e+00
3.884999999999945608e+00,3.265969766019827034e+02,7.237439770870686573e+01,-7.786943785748285052e+01,2.371230381590275158e+02,-1.665366261215846677e+01
3.887499999999945555e+00,3.267778917580146754e+02,7.233771992989859712e+01,-7.979220230283588933e+01,2.378730381590275442e+02,-2.798651793041203817e+01
3.889999999999945501e+00,3.269587152718780771e+02,7.230114509438092796e+01,-8.169923489118754389e+01,2.386230381590275442e+02,-3.965122379778567563e+01
3.892499999999945448e+00,3.271394474144321975e+02,7.226469542195718532e+01,-8.359037164725073410e+01,2.393730381590275442e+02,-5.164338728571689785e+01
3.894999999999945395e+00,3.273200885100029609e+02,7.222838894158697087e+01,-8.546541698384289987e+01,2.401230381590275158e+02,-6.394862225287658930e+01
3.897499999999945342e+00,3.275006389252542363e+02,7.219223840567326533e+01,-8.732413688137542351e+01,2.408730381590275158e+02,-7.654322613651022778e+01
3.899999999999945288e+00,3.276810990554280352e+02,7.215625038842695460e+01,-8.916625511245669600e+01,2.416230381590275442e+02,-8.939727213029330244e+01
3.902499999999945235e+00,3.278614693084622331e+02,7.212042464620867577e+01,-9.099145269330928443e+01,2.423730381590274305e+02,-1.024798783352215708e+02
3.904999999999945182e+00,3.280417500876774284e+02,7.208475380283213951e+01,-9.279936945225117029e+01,2.431230381590274305e+02,-1.157656299367871071e+02
3.907499999999945128e+00,3.282219417738806442e+02,7.204922341036355249e+01,-9.458961313363185752e+01,2.438730381590274305e+02,-1.292405771932400000e+02
3.909999999999945075e+00,3.284020447078459028e+02,7.201381241211380768e+01,-9.636176593543599722e+01,2.446230381590274590e+02,-1.429061768186660686e+02
3.912499999999945022e+00,3.285820591741826320e+02,7.197849401150338622e+01,-9.811539611386402271e+01,2.453730381590273737e+02,-1.567799825688888973e+02
3.914999999999944968e+00,3.287619853876058755e+02,7.194323693098959893e+01,-9.985006296788613156e+01,2.461230381590274021e+02,-1.708925802148800130e+02
3.917499999999944915e+00,3.289418234825643594e+02,7.190800702443235082e+01,-1.015653198116911682e+02,2.468730381590274021e+02,1.747190359088143339e+02
3.919999999999944862e+00,3.291215735070862252e+02,7.187276919103199191e+01,-1.032607295105174785e+02,2.476230381590273737e+02,1.600207603475413407e+02
3.922499999999944809e+00,3.293012354215508708e+02,7.183748954336496695e+01,-1.049358861245627423e+02,2.483730381590272884e+02,1.449916833998471759e+02
3.924999999999944755e+00,3.294808091030291735e+02,7.180213773377570874e+01,-1.065904227176513359e+02,2.491230381590273169e+02,1.296328155564177678e+02
3.927499999999944702e+00,3.296602943554707394e+02,7.176668924511217540e+01,-1.082240206260119066e+02,2.498730381590273169e+02,1.139708964272794560e+02
3.929999999999944649e+00,3.298396909255302489e+02,7.173112744145974773e+01,-1.098364158983786183e+02,2.506230381590272600e+02,9.805438348374822510e+01
3.932499999999944595e+00,3.300189985233183165e+02,7.169544517626478353e+01,-1.114274057087472869e+02,2.513730381590272600e+02,8.194111157920744404e+01
3.934999999999944542e+00,3.301982168468581449e+02,7.165964576655795781e+01,-1.129968471025570409e+02,2.521230381590272600e+02,6.568087947383021685e+01
3.937499999999944489e+00,3.303773456085623934e+02,7.162374317242876032e+01,-1.145446524782079365e+02,2.528730381590272316e+02,4.929914130273525785e+01
3.939999999999944436e+00,3.305563845616669596e+02,7.158776128065106548e+01,-1.160707762932659364e+02,2.536230381590272316e+02,3.278797133494035876e+01
3.942499999999944382e+00,3.307353335243475954e+02,7.155173226537064579e+01,-1.175752001086586631e+02,2.543730381590272316e+02,1.610766178082801758e+01
3.944999999999944329e+00,3.309141923992247598e+02,7.151569409439719038e+01,-1.190579177476027297e+02,2.551230381590271747e+02,-8.012505046581079871e-01
3.947499999999944276e+00,3.310929611861893704e+02,7.147968734702850213e+01,-1.205189231804893950e+02,2.558730381590271463e+02,-1.799843555150446761e+01
3.949999999999944222e+00,3.312716399869593147e+02,7.144375158282780092e+01,-1.219581872748196645e+02,2.566230381590271463e+02,-3.552160425811941735e+01
3.952499999999944169e+00,3.314502290003826488e+02,7.140792157409563856e+01,-1.233756392023902748e+02,2.573730381590271463e+02,-5.336871565099452397e+01
3.954999999999944116e+00,3.316287285083571987e+02,7.137222381689360873e+01,-1.247711493040575590e+02,2.581230381590270895e+02,-7.149280110582658665e+01
3.957499999999944063e+00,3.318071388533340951e+02,7.133667374265631622e+01,-1.261445215707475569e+02,2.588730381590270895e+02,-8.981511123679075581e+01
3.959999999999944009e+00,3.319854604093663966e+02,7.130127397061254158e+01,-1.274954979722595709e+02,2.596230381590270895e+02,-1.082541930400375918e+02
3.962499999999943956e+00,3.321636935494680642e+02,7.126601382771363546e+01,-1.288237699898339770e+02,2.603730381590270895e+02,-1.267588339215938760e+02
3.964999999999943903e+00,3.323418386125384814e+02,7.123087022110732391e+01,-1.301289984629010803e+02,2.611230381590270326e+02,-1.453294609824537815e+02
3.967499999999943849e+00,3.325198958732331107e+02,7.119580980148505489e+01,-1.314108310364506735e+02,2.618730381590270326e+02,-1.640184790039910467e+02
3.969999999999943796e+00,3.326978655179297562e+02,7.116079222861726805e+01,-1.327196617899342357e+02,2.626230381590270326e+02,1.770936664421138289e+02
3.972499999999943743e+00,3.328757476294027242e+02,7.112577425366214356e+01,-1.340642155352773557e+02,2.633730381590270326e+02,1.579080861565941518e+02
3.974999999999943689e+00,3.330535421820536612e+02,7.109071429447618584e+01,-1.353946241865425009e+02,2.641230381590269758e+02,1.383817698125904485e+02
3.977499999999943636e+00,3.332312490487525451e+02,7.105557709310518533e+01,-1.366998408012275377e+02,2.648730381590269758e+02,1.185354336950976943e+02
3.979999999999943583e+00,3.334088680192538163e+02,7.102033796330361781e+01,-1.379803974892482472e+02,2.656230381590269758e+02,9.845305561652050130e+01
3.982499999999943530e+00,3.335863988287773623e+02,7.098498600606809816e+01,-1.392366744514138759e+02,2.663730381590269758e+02,7.824566567766774483e+01
3.984999999999943476e+00,3.337638411938745548e+02,7.094952581069000530e+01,-1.404691117958310826e+02,2.671230381590269758e+02,5.799898105503122281e+01
3.987499999999943423e+00,3.339411948515538029e+02,7.091397729740801026e+01,-1.416782585866281750e+02,2.678730381590268621e+02,3.773154189763477007e+01
3.989999999999943370e+00,3.341184595968888971e+02,7.087837358523363207e+01,-1.428645394994625804e+02,2.686230381590269189e+02,1.738585777869781168e+01
3.992499999999943316e+00,3.342956353141925092e+02,7.084275704180959110e+01,-1.440282826787770887e+02,2.693730381590268621e+02,-3.144198974982708172e+00
3.994999999999943263e+00,3.344727219973876231e+02,7.080717394730685044e+01,-1.451699536227729368e+02,2.701230381590268621e+02,-2.396255379448446021e+01
3.997499999999943210e+00,3.346497197564473254e+02,7.077166841230713601e+01,-1.462898922584780053e+02,2.708730381590268621e+02,-4.511693706341468868e+01
3.999999999999943157e+00,3.348266288084236066e+02,7.073627635264583091e+01,-1.473881816934760138e+02,2.716230381590269758e+02,-6.656700905890994591e+01
4.002499999999943547e+00,3.350034494537284218e+02,7.070102044620307424e+01,-1.484650079796058719e+02,2.723730381590270895e+02,-8.819730982494603211e+01
4.004999999999943938e+00,3.351801820406586785e+02,7.066590687724698228e+01,-1.495202342794052868e+02,2.731230381590272032e+02,-1.098761588094618276e+02
4.007499999999944329e+00,3.353568269230002556e+02,7.063092437600978712e+01,-1.505538885214336347e+02,2.738730381590273169e+02,-1.315283694776347545e+02
4.009999999999944720e+00,3.355333844166292465e+02,7.059604569999052615e+01,-1.515656858482666394e+02,2.746230381590274305e+02,-1.531765026757780674e+02
4.012499999999945111e+00,3.357098547611763593e+02,7.056123134451726742e+01,-1.525555666312743313e+02,2.753730381590275442e+02,-1.749279121475140357e+02
4.014999999999945501e+00,3.358862380921037811e+02,7.052643498251924825e+01,-1.535231464160815165e+02,2.761230381590276579e+02,1.630831130539760352e+02
4.017499999999945892e+00,3.360625344271585959e+02,7.049160995860647461e+01,-1.544683866096686984e+02,2.768730381590277716e+02,1.407699800173326707e+02
4.019999999999946283e+00,3.362387436694093026e+02,7.045671607220035071e+01,-1.553909786939500748e+02,2.776230381590278853e+02,1.181492380596532570e+02
4.022499999999946674e+00,3.364148656271819391e+02,7.042172569753206801e+01,-1.562907728008885613e+02,2.783730381590280558e+02,9.534089650950959083e+01
4.024999999999947065e+00,3.365909000485560796e+02,7.038662821189393526e+01,-1.571678095530632504e+02,2.791230381590281695e+02,7.250208394722447736e+01
4.027499999999947455e+00,3.367668466656736541e+02,7.035143193109732351e+01,-1.580218470843983880e+02,2.798730381590282263e+02,4.973196126231562886e+01
4.029999999999947846e+00,3.369427052422755651e+02,7.031616310517019031e+01,-1.588530157365881905e+02,2.806230381590283969e+02,2.701255158360517683e+01
4.032499999999948237e+00,3.371184756170027867e+02,7.028086199507355047e+01,-1.596612148534985920e+02,2.813730381590285106e+02,4.221815541523443294e+00
4.034999999999948628e+00,3.372941577353421394e+02,7.024557656371339931e+01,-1.604463464656637939e+02,2.821230381590286242e+02,-1.879337297624193681e+01
4.037499999999949019e+00,3.374697516647103726e+02,7.021035474344043337e+01,-1.612084684292694021e+02,2.828730381590287379e+02,-4.212441405918041681e+01
4.039999999999949409e+00,3.376452575897777137e+02,7.017523651776664906e+01,-1.619473756217392690e+02,2.836230381590288516e+02,-6.573768850372186989e+01
4.042499999999949800e+00,3.378206757882888951e+02,7.014024721699350096e+01,-1.626627610600099842e+02,2.843730381590289653e+02,-8.948599703274246053e+01
4.044999999999950191e+00,3.379960065912771370e+02,7.010539327891235928e+01,-1.633544992736765948e+02,2.851230381590290790e+02,-1.131998626747700456e+02
4.047499999999950582e+00,3.381712503343902085e+02,7.007066121592990271e+01,-1.640222446214852994e+02,2.858730381590291927e+02,-1.367985359079004866e+02
4.049999999999950973e+00,3.383464073085762607e+02,7.003601991872812960e+01,-1.646655815521064028e+02,2.866230381590293064e+02,-1.603402065352366037e+02
4.052499999999951363e+00,3.385214777183442152e+02,7.000142584776118326e+01,-1.652841329281887397e+02,2.873730381590294201e+02,1.760180985362332251e+02
4.054999999999951754e+00,3.386964616544074147e+02,6.996683024154418717e+01,-1.658776875537107287e+02,2.881230381590295906e+02,1.521205856422315321e+02
4.057499999999952145e+00,3.388713590851388062e+02,6.993218726746343350e+01,-1.664458717474520881e+02,2.888730381590297043e+02,1.279159365199864311e+02
4.059999999999952536e+00,3.390461698686032150e+02,6.989746189639403440e+01,-1.669883338161704387e+02,2.896230381590297611e+02,1.035010439385987837e+02
4.062499999999952927e+00,3.392208937837010581e+02,6.986263611485692593e+01,-1.675047643630654477e+02,2.903730381590298748e+02,7.906406532840134105e+01
4.064999999999953317e+00,3.393955305754469691e+02,6.982771227074015030e+01,-1.679950898937661066e+02,2.911230381590299885e+02,5.475653593497393956e+01
4.067499999999953708e+00,3.395700800066824740e+02,6.979271283826884087e+01,-1.684591325870713661e+02,2.918730381590301022e+02,3.059094146650932089e+01
4.069999999999954099e+00,3.397445419070565436e+02,6.975767652566753441e+01,-1.688966820579005059e+02,2.926230381590302727e+02,6.437665933842486865e+00
4.072499999999954490e+00,3.399189162103144213e+02,6.972265135300571615e+01,-1.693075062125678869e+02,2.933730381590303864e+02,-1.788562419106151324e+01
4.074999999999954881e+00,3.400932029728957104e+02,6.968768592848873311e+01,-1.696913648852300014e+02,2.941230381590305001e+02,-4.249124286058216882e+01
4.077499999999955271e+00,3.402674023701886767e+02,6.965282050809702241e+01,-1.700480491401267216e+02,2.948730381590306138e+02,-6.733833921905953446e+01
4.079999999999955662e+00,3.404415146708194015e+02,6.961807957600780128e+01,-1.703773925938965874e+02,2.956230381590307275e+02,-9.225176015260703366e+01
4.082499999999956053e+00,3.406155401938175373e+02,6.958346743696947101e+01,-1.706790681669596381e+02,2.963730381590308411e+02,-1.170433820430890535e+02
4.084999999999956444e+00,3.407894792568289972e+02,6.954896761587660592e+01,-1.709527465269825939e+02,2.971230381590309548e+02,-1.416456938980856535e+02
4.087499999999956835e+00,3.409633321250859126e+02,6.951454605627617411e+01,-1.711981043462883179e+02,2.978730381590310685e+02,-1.661539134492163896e+02
4.089999999999957225e+00,3.411370989703807481e+02,6.948015740972657284e+01,-1.714148240068317648e+02,2.986230381590311822e+02,1.692448517160990775e+02
4.092499999999957616e+00,3.413107798471837668e+02,6.944575324874683986e+01,-1.716026084641112277e+02,2.993730381590312959e+02,1.444009138868677553e+02
4.094999999999958007e+00,3.414843746899362600e+02,6.941129086072177756e+01,-1.717611841697989234e+02,3.001230381590314096e+02,1.193105165212033398e+02
4.097499999999958398e+00,3.416578833322659534e+02,6.937674114121273305e+01,-1.718902979247732219e+02,3.008730381590315233e+02,9.412858521713145876e+01
4.099999999999958789e+00,3.418313055449000331e+02,6.934209405893493283e+01,-1.719897232330815768e+02,3.016230381590316370e+02,6.906208697932591178e+01
4.102499999999959179e+00,3.420046410854256465e+02,6.930736059088336276e+01,-1.720593022032141164e+02,3.023730381590318075e+02,4.422057465872453008e+01
4.104999999999959570e+00,3.421778897506479780e+02,6.927257068519682548e+01,-1.720988375188776160e+02,3.031230381590319212e+02,1.954372526123943388e+01
4.107499999999959961e+00,3.423510514216088723e+02,6.923776758738780757e+01,-1.721081129799979408e+02,3.038730381590319780e+02,-5.148104092911115259e+00
4.109999999999960352e+00,3.425241260926189852e+02,6.920299960810699247e+01,-1.720869132813099327e+02,3.046230381590320917e+02,-3.002670927650826727e+01
4.112499999999960743e+00,3.426971138787354789e+02,6.916831090821220585e+01,-1.720350176792310322e+02,3.053730381590322054e+02,-5.513366272507722954e+01
4.114999999999961133e+00,3.428700150001765223e+02,6.913373310305814812e+01,-1.719521989576602437e+02,3.061230381590323191e+02,-8.034277379672548136e+01
4.117499999999961524e+00,3.430428297467998391e+02,6.909927940374547006e+01,-1.718382343950554798e+02,3.068730381590323759e+02,-1.054459663259469124e+02
4.119999999999961915e+00,3.432155584298411100e+02,6.906494241301572856e+01,-1.716929269291446474e+02,3.076230381590326033e+02,-1.303044603028626511e+02
4.122499999999962306e+00,3.433882013304134944e+02,6.903069584805859904e+01,-1.715161201374602626e+02,3.083730381590327170e+02,-1.549437160886935771e+02
4.124999999999962697e+00,3.435607586544678043e+02,6.899649967131288975e+01,-1.713076810877803950e+02,3.091230381590328307e+02,-1.795262968163374637e+02
4.127499999999963087e+00,3.437332305022201808e+02,6.896230754696016163e+01,-1.710674858283483104e+02,3.098730381590329443e+02,1.557646999004153088e+02
4.129999999999963478e+00,3.439056168571126477e+02,6.892807530332487431e+01,-1.707954372367375129e+02,3.106230381590330580e+02,1.308537541217339424e+02
4.132499999999963869e+00,3.440779175960810790e+02,6.889376900518666957e+01,-1.704914745861566985e+02,3.113730381590332286e+02,1.058325258554149002e+02
4.134999999999964260e+00,3.442501325193403545e+02,6.885937117023786413e+01,-1.701554882899455379e+02,3.121230381590333423e+02,8.090104440114292572e+01
4.137499999999964650e+00,3.444222613941899453e+02,6.882488393258560677e+01,-1.697873497855239862e+02,3.128730381590334559e+02,5.622532551031751069e+01
4.139999999999965041e+00,3.445943040047158092e+02,6.879032854787804752e+01,-1.693869072991448093e+02,3.136230381590335128e+02,3.182399264379334625e+01
4.142499999999965432e+00,3.447662601981164698e+02,6.875574133180722924e+01,-1.689539925566817828e+02,3.143730381590336265e+02,7.566365120489488838e+00
4.144999999999965823e+00,3.449381299190248455e+02,6.872116682474647575e+01,-1.684884410505192136e+02,3.151230381590337402e+02,-1.673157030988750194e+01
4.147499999999966214e+00,3.451099132255433801e+02,6.868664950243508827e+01,-1.679901013869477708e+02,3.158730381590338538e+02,-4.118203246309657573e+01
4.149999999999966604e+00,3.452816102842252235e+02,6.865222559870721852e+01,-1.674588448701299512e+02,3.166230381590340244e+02,-6.574587530720521045e+01
4.152499999999966995e+00,3.454532213451594771e+02,6.861791662210504228e+01,-1.668946174514649954e+02,3.173730381590340812e+02,-9.025420398439383973e+01
4.154999999999967386e+00,3.456247467022932938e+02,6.858372579027169991e+01,-1.662975275853148958e+02,3.181230381590341949e+02,-1.145245446643586718e+02
4.157499999999967777e+00,3.457961866467579171e+02,6.854963790109229649e+01,-1.656676363787739774e+02,3.188730381590343086e+02,-1.384846476182405013e+02
4.159999999999968168e+00,3.459675414218452261e+02,6.851562244113985400e+01,-1.650050456828205085e+02,3.196230381590344791e+02,-1.622117708040632067e+02
4.162499999999968558e+00,3.461388111874040305e+02,6.848163916822794306e+01,-1.643098583923475360e+02,3.203730381590345928e+02,1.741277559913331459e+02
4.164999999999968949e+00,3.463099959992794652e+02,6.844764510054797313e+01,-1.635822293726536429e+02,3.211230381590347065e+02,1.503886802659911837e+02
4.167499999999969340e+00,3.464810958066340163e+02,6.841360179597138824e+01,-1.628224581899558814e+02,3.218730381590348770e+02,1.265416458674066860e+02
4.169999999999969731e+00,3.466521104673273044e+02,6.837948179441980301e+01,-1.620306588641179530e+02,3.226230381590349907e+02,1.026966922605835890e+02
4.172499999999970122e+00,3.468230397785410446e+02,6.834527312200251004e+01,-1.612068702205779118e+02,3.233730381590350476e+02,7.903375578192994055e+01
4.174999999999970512e+00,3.469938835172601443e+02,6.831098110949383795e+01,-1.603511393569972938e+02,3.241230381590351612e+02,5.568540292769147015e+01
4.177499999999970903e+00,3.471646414836241092e+02,6.827662725927329745e+01,-1.594636559537147775e+02,3.248730381590352749e+02,3.265789493342850847e+01
4.179999999999971294e+00,3.473353135397879896e+02,6.824224541297051871e+01,-1.585443823782606785e+02,3.256230381590353886e+02,9.839168880313996723e+00
4.182499999999971685e+00,3.475058996378522238e+02,6.820787594612592386e+01,-1.575933083541904125e+02,3.263730381590355023e+02,-1.292521388474319899e+01
4.184999999999972076e+00,3.476763998324685758e+02,6.817355903035782205e+01,-1.566106679436588252e+02,3.271230381590356728e+02,-3.573829179163051606e+01
4.187499999999972466e+00,3.478468142764414779e+02,6.813932810724773503e+01,-1.555965551388947290e+02,3.278730381590357297e+02,-5.858918355746549622e+01
4.189999999999972857e+00,3.480171432004756298e+02,6.810520468708311626e+01,-1.545511589326409876e+02,3.286230381590357865e+02,-8.135755616829719372e+01
4.192499999999973248e+00,3.481873868810081945e+02,6.807119531636558918e+01,-1.534749315211108467e+02,3.293730381590359571e+02,-1.038864694259700627e+02
4.194999999999973639e+00,3.483575456018687646e+02,6.803729106651158531e+01,-1.523681463928008100e+02,3.301230381590360139e+02,-1.260760335457177774e+02
4.197499999999974030e+00,3.485276196161069038e+02,6.800346941526339606e+01,-1.512314231215035534e+02,3.308730381590361844e+02,-1.479351197137679321e+02
4.199999999999974420e+00,3.486976091137585172e+02,6.796969801598977767e+01,-1.500653601629038292e+02,3.316230381590363550e+02,-1.695657072552707803e+02
4.202499999999974811e+00,3.488675141998932645e+02,6.793593964251425632e+01,-1.488704979043274648e+02,3.323730381590364686e+02,1.688998578484406323e+02
4.204999999999975202e+00,3.490373348854433857e+02,6.790215756779409162e+01,-1.476475878273220417e+02,3.331230381590365823e+02,1.473714049245641036e+02
4.207499999999975593e+00,3.492070710914935603e+02,6.786832069787014632e+01,-1.463971155842186249e+02,3.338730381590367529e+02,1.258495721282838247e+02
4.209999999999975984e+00,3.493767226660881988e+02,6.783440778253023495e+01,-1.451197660474905717e+02,3.346230381590368097e+02,1.044264251513070292e+02
4.212499999999976374e+00,3.495462894108098908e+02,6.780041012492505104e+01,-1.438159619072822295e+02,3.353730381590369802e+02,8.323556554777691474e+01
4.214999999999976765e+00,3.497157711131436031e+02,6.776633247403269422e+01,-1.424862989425434137e+02,3.361230381590370371e+02,6.238073458719418340e+01
4.217499999999977156e+00,3.498851675799912755e+02,6.773219205069838722e+01,-1.411312737459690823e+02,3.368730381590372076e+02,4.188660015052237640e+01
4.219999999999977547e+00,3.500544786677307911e+02,6.769801592414896163e+01,-1.397513236717571203e+02,3.376230381590372644e+02,2.169588516181536164e+01
4.222499999999977938e+00,3.502237043048985470e+02,6.766383718039409700e+01,-1.383469707913123727e+02,3.383730381590373213e+02,1.705383231760447815e+00
4.224999999999978328e+00,3.503928445047824880e+02,6.762969047047160132e+01,-1.369186853918070028e+02,3.391230381590374918e+02,-1.818229965181303243e+01
4.227499999999978719e+00,3.505618993667440577e+02,6.759560755408146804e+01,-1.354672368639320723e+02,3.398730381590375487e+02,-3.801403873622322749e+01
4.229999999999979110e+00,3.507308690665674362e+02,6.756161342189879804e+01,-1.339932444994125262e+02,3.406230381590377192e+02,-5.776552931352045306e+01
4.232499999999979501e+00,3.508997538376269745e+02,6.752772350192577733e+01,-1.324975485193388067e+02,3.413730381590378897e+02,-7.735347258222236633e+01
4.234999999999979892e+00,3.510685539458107201e+02,6.749394223605698073e+01,-1.309810591297409132e+02,3.421230381590379466e+02,-9.667534913846206734e+01
4.237499999999980282e+00,3.512372696617056818e+02,6.746026307368026664e+01,-1.294448892586744364e+02,3.428730381590380603e+02,-1.156557225943834482e+02
4.239999999999980673e+00,3.514059012335440002e+02,6.742666972663444369e+01,-1.278901344512761256e+02,3.436230381590381739e+02,-1.342753694374878819e+02
4.242499999999981064e+00,3.515744488639217025e+02,6.739313839052670119e+01,-1.263179613058338902e+02,3.443730381590383445e+02,-1.525723128718366013e+02
4.244999999999981455e+00,3.517429126925061951e+02,6.735964057091129575e+01,-1.247297023902614512e+02,3.451230381590385150e+02,-1.706201640662861223e+02
4.247499999999981846e+00,3.519112927860361424e+02,6.732614615887096932e+01,-1.229988561700575360e+02,3.458730381590385718e+02,1.715090618655447088e+02
4.249999999999982236e+00,3.520795891360360201e+02,6.729262646390324676e+01,-1.212862489502859944e+02,3.466230381590387424e+02,1.537737806800129192e+02
4.252499999999982627e+00,3.522478016640289411e+02,6.725905696767078723e+01,-1.195526089435940520e+02,3.473730381590387992e+02,1.361629772738351392e+02
4.254999999999983018e+00,3.524159302333937376e+02,6.722541952471686955e+01,-1.178084672360355256e+02,3.481230381590388561e+02,1.187143607040585636e+02
4.257499999999983409e+00,3.525839746663164078e+02,6.719170380425684641e+01,-1.160539854062791960e+02,3.488730381590390266e+02,1.014940510057044918e+02
4.259999999999983800e+00,3.527519347638943827e+02,6.715790792718195235e+01,-1.142892703603915265e+02,3.496230381590391971e+02,8.457266225983750019e+01
4.262499999999984190e+00,3.529198103273608922e+02,6.712403828713526366e+01,-1.125143805572932081e+02,3.503730381590392540e+02,6.800077692011515751e+01
4.264999999999984581e+00,3.530876011784179695e+02,6.709010863885454512e+01,-1.107293340250341771e+02,3.511230381590394245e+02,5.179487649911799707e+01
4.267499999999984972e+00,3.532553071769140729e+02,6.705613859749705341e+01,-1.089341217070259944e+02,3.518730381590394813e+02,3.593697802315550405e+01
4.269999999999985363e+00,3.534229282344916783e+02,6.702215173531524783e+01,-1.071287208508780679e+02,3.526230381590395382e+02,2.038496964464595251e+01
4.272499999999985754e+00,3.535904643233141087e+02,6.698817348399185789e+01,-1.053131119588865232e+02,3.533730381590397087e+02,5.087948163759932640e+00
4.274999999999986144e+00,3.537579154795030263e+02,6.695422904134481712e+01,-1.034872976771598161e+02,3.541230381590398224e+02,-9.998622295295419349e+00
4.277499999999986535e+00,3.539252818014085733e+02,6.692034144871301748e+01,-1.016513139354744766e+02,3.548730381590399361e+02,-2.490146946132112404e+01
4.279999999999986926e+00,3.540925634432047104e+02,6.688652998324963050e+01,-9.980523787431010874e+01,3.556230381590401066e+02,-3.962385090730158765e+01
4.282499999999987317e+00,3.542597606046934402e+02,6.685280898209411760e+01,-9.794919264260714442e+01,3.563730381590402772e+02,-5.414643053514264892e+01
4.284999999999987708e+00,3.544268735184386401e+02,6.681918714874036880e+01,-9.608334998631710278e+01,3.571230381590403340e+02,-6.843397165484402933e+01
4.287499999999988098e+00,3.545939024354431126e+02,6.678566733666876587e+01,-9.420792976086288206e+01,3.578730381590403908e+02,-8.244555502654924339e+01
4.289999999999988489e+00,3.547608476105453406e+02,6.675224676140875602e+01,-9.232320068400113655e+01,3.586230381590405614e+02,-9.614505073165284443e+01
4.292499999999988880e+00,3.549277092885668026e+02,6.671891756323303468e+01,-9.042947486586081141e+01,3.593730381590407319e+02,-1.095088337190618972e+02
4.294999999999989271e+00,3.550944876920360116e+02,6.668566762462677389e+01,-8.852710564188323872e+01,3.601230381590407887e+02,-1.225291300512982104e+02
4.297499999999989662e+00,3.552611830110693631e+02,6.665248154398963720e+01,-8.661647839509502944e+01,3.608730381590409593e+02,-1.352130911200011951e+02
4.299999999999990052e+00,3.554277953957439422e+02,6.661934167520200845e+01,-8.469799580204232825e+01,3.616230381590410161e+02,-1.475788715171052559e+02
4.302499999999990443e+00,3.555943249510813757e+02,6.658622916043916007e+01,-8.277206441514655921e+01,3.623730381590410730e+02,-1.596503365559260033e+02
4.304999999999990834e+00,3.557607717345904916e+02,6.655312490048711993e+01,-8.083909085203069367e+01,3.631230381590412435e+02,-1.714517828039815868e+02
4.307499999999991225e+00,3.559271357561826790e+02,6.652001043417995163e+01,-7.889947630681115243e+01,3.638730381590414140e+02,1.769964060672847381e+02
4.309999999999991616e+00,3.560934169802345082e+02,6.648686871221714512e+01,-7.695360328825861984e+01,3.646230381590414709e+02,1.656806980243178486e+02
4.312499999999992006e+00,3.562596153295207841e+02,6.645368473219193106e+01,-7.500182927067955063e+01,3.653730381590416414e+02,1.545957947280830354e+02
4.314999999999992397e+00,3.564257306906414442e+02,6.642044601306807294e+01,-7.304448549486744469e+01,3.661230381590416982e+02,1.437445202469300511e+02
4.317499999999992788e+00,3.565917629205422941e+02,6.638714290867733325e+01,-7.108187700912094442e+01,3.668730381590418119e+02,1.331364630471642556e+02
4.319999999999993179e+00,3.567577118537300294e+02,6.635376876955008640e+01,-6.911428365021619413e+01,3.676230381590419256e+02,1.227857691189303893e+02
4.322499999999993570e+00,3.569235773098091613e+02,6.632031996454271905e+01,-6.714196323789234100e+01,3.683730381590420961e+02,1.127085750642504109e+02
4.324999999999993960e+00,3.570893591009988768e+02,6.628679578000452466e+01,-6.516515282952300936e+01,3.691230381590422667e+02,1.029205683735496990e+02
4.327499999999994351e+00,3.572550570393344174e+02,6.625319821633797801e+01,-6.318407023777332654e+01,3.698730381590423235e+02,9.343505927134454225e+01
4.329999999999994742e+00,3.574206709433081528e+02,6.621953170383932274e+01,-6.119891818701066200e+01,3.706230381590424940e+02,8.426177776470640879e+01
4.332499999999995133e+00,3.575862006437627656e+02,6.618580276164045983e+01,-5.920988481972941031e+01,3.713730381590425509e+02,7.540642538741177248e+01
4.334999999999995524e+00,3.577516459889060343e+02,6.615201962162512928e+01,-5.721714796439321304e+01,3.721230381590426077e+02,6.687086474943585301e+01
4.337499999999995914e+00,3.579170068483732621e+02,6.611819183858845861e+01,-5.522087812547633234e+01,3.728730381590427783e+02,5.865375093785738159e+01
4.339999999999996305e+00,3.580822831163123396e+02,6.608432990391916917e+01,-5.322124180500270541e+01,3.736230381590429488e+02,5.075139367669633828e+01
4.342499999999996696e+00,3.582474747135109965e+02,6.605044487815185050e+01,-5.121840256444586004e+01,3.743730381590430056e+02,4.315866901887655160e+01
4.344999999999997087e+00,3.584125815886199575e+02,6.601654805441732776e+01,-4.921252612027242179e+01,3.751230381590431762e+02,3.586985310772877966e+01
4.347499999999997478e+00,3.585776037185550535e+02,6.598265065954295494e+01,-4.720377990625895848e+01,3.758730381590432330e+02,2.887930165546443462e+01
4.349999999999997868e+00,3.587425411081753737e+02,6.594876359851551229e+01,-4.519233786770222849e+01,3.766230381590433467e+02,2.218194650768732501e+01
4.352499999999998259e+00,3.589073937893482480e+02,6.591489724384626925e+01,-4.317838165140658901e+01,3.773730381590434604e+02,1.577360912962739370e+01
4.354999999999998650e+00,3.590721618195128144e+02,6.588106126848221322e+01,-4.116209990532245655e+01,3.781230381590436309e+02,9.651153792213047922e+00
4.357499999999999041e+00,3.592368452798498879e+02,6.584726451974758277e+01,-3.914369145598276134e+01,3.788730381590436878e+02,3.812510350201061105e+00
4.359999999999999432e+00,3.594014442731588588e+02,6.581351493294764055e+01,-3.712336362199753381e+01,3.796230381590438583e+02,-1.743399575224687137e+00
4.362499999999999822e+00,3.595659589215404708e+02,6.577981948169318116e+01,-3.510133266387099837e+01,3.803730381590440288e+02,-7.016799850290117213e+00
4.365000000000000213e+00,3.597303893639757462e+02,6.574618415994625309e+01,-3.307782639395554725e+01,3.811230381590440857e+02,-1.200723195572581403e+01
4.367500000000000604e+00,3.598947357538751817e+02,6.571261399071190112e+01,-3.105308024898937802e+01,3.818730381590441425e+02,-1.671373881347223289e+01
4.370000000000000995e+00,3.600589982566640401e+02,6.567911305632175356e+01,-2.902733946280806165e+01,3.826230381590443130e+02,-2.113504112166422289e+01
4.372500000000001386e+00,3.602231770474536461e+02,6.564568454477776527e+01,-2.700085645122283395e+01,3.833730381590444836e+02,-2.526969545131939299e+01
4.375000000000001776e+00,3.603872723088356338e+02,6.561233080819179975e+01,-2.497389187242902509e+01,3.841230381590445404e+02,-2.911622591060187304e+01
4.377500000000002167e+00,3.605512842288288198e+02,6.557905342894152056e+01,-2.294671307197386767e+01,3.848730381590447109e+02,-3.267322699212301274e+01
4.380000000000002558e+00,3.607152129989937066e+02,6.554585328996486737e+01,-2.091959370370961935e+01,3.856230381590447678e+02,-3.593943789849779336e+01
4.382500000000002949e+00,3.608790588127245087e+02,6.551273064646825617e+01,-1.889281344207726221e+01,3.863730381590448246e+02,-3.891379086359619066e+01
4.385000000000003340e+00,3.610428218637205759e+02,6.547968519671975685e+01,-1.686665474500668438e+01,3.871230381590449952e+02,-4.159543745596158715e+01
4.387500000000003730e+00,3.612065023446331224e+02,6.544671614975004559e+01,-1.484140737320485037e+01,3.878730381590451657e+02,-4.398375749742247365e+01
4.390000000000004121e+00,3.613701004458795865e+02,6.541382228848493696e+01,-1.281736220065045373e+01,3.886230381590452225e+02,-4.607835534754232754e+01
4.392500000000004512e+00,3.615336163546123771e+02,6.538100202786556281e+01,-1.079481404698372060e+01,3.893730381590453362e+02,-4.787904730302660283e+01
4.395000000000004903e+00,3.616970502538297296e+02,6.534825346714900718e+01,-8.774060594337427688e+00,3.901230381590454499e+02,-4.938584409225420302e+01
4.397500000000005294e+00,3.618604023216147993e+02,6.531557443607813696e+01,-6.755400296784650038e+00,3.908730381590455636e+02,-5.059893108324104816e+01
4.400000000000005684e+00,3.620236727304857141e+02,6.528296253499304669e+01,-4.739133462175495026e+00,3.916230381590456773e+02,-5.151864831335930717e+01
4.402500000000006075e+00,3.621868616468429991e+02,6.525041516966318511e+01,-2.725561866257780519e+00,3.923730381590458478e+02,-5.214547175779344457e+01
4.405000000000006466e+00,3.623499692305015856e+02,6.521792958077121227e+01,-7.149889702173988226e-01,3.931230381590460183e+02,-5.247999698263731716e+01
4.407500000000006857e+00,3.625129956342927358e+02,6.518550286861491827e+01,1.292284738368274510e+00,3.938730381590460752e+02,-5.252295026440075532e+01
4.410000000000007248e+00,3.626759410037260523e+02,6.515313201433411905e+01,3.295945769980447082e+00,3.946230381590462457e+02,-5.227507629780860299e+01
4.412500000000007638e+00,3.628388054767024755e+02,6.512081389749815230e+01,5.295689380937545820e+00,3.953730381590463026e+02,-5.173728159655378533e+01
4.415000000000008029e+00,3.630015891832694024e+02,6.508854531093956552e+01,7.291205459673358646e+00,3.961230381590463594e+02,-5.091052549648077274e+01
4.417500000000008420e+00,3.631642922454113318e+02,6.505632297274014775e+01,9.282179372285192187e+00,3.968730381590465299e+02,-4.979584014988149931e+01
4.420000000000008811e+00,3.633269147768688754e+02,6.502414353518943813e+01,1.126829822289439065e+01,3.976230381590467005e+02,-4.839432576256295704e+01
4.422500000000009202e+00,3.634894568829782315e+02,6.499200358923454246e+01,1.324925627688322294e+01,3.983730381590467573e+02,-4.670714536806992356e+01
4.425000000000009592e+00,3.636519186605185041e+02,6.495989966476693667e+01,1.522474682299587556e+01,3.991230381590468710e+02,-4.473551828361598837e+01
4.427500000000009983e+00,3.638143001975580546e+02,6.492782822689810018e+01,1.719446105902657962e+01,3.998730381590469847e+02,-4.248071189407468751e+01
4.430000000000010374e+00,3.639766015732894289e+02,6.489578566834912010e+01,1.915808633693823992e+01,4.006230381590470984e+02,-3.994403054582610224e+01
4.432500000000010765e+00,3.641388228578427402e+02,6.486376829902367547e+01,2.111530676443911858e+01,4.013730381590472120e+02,-3.712680133538152916e+01
4.435000000000011156e+00,3.643009641120723927e+02,6.483177233558527064e+01,2.306580399046467633e+01,4.021230381590473826e+02,-3.403035598266187378e+01
4.437500000000011546e+00,3.644630253873185666e+02,6.479979389378210897e+01,2.500925759672363213e+01,4.028730381590474394e+02,-3.065600841291900380e+01
4.440000000000011937e+00,3.646250067251519908e+02,6.476782898552880852e+01,2.694534471041894719e+01,4.036230381590476100e+02,-2.700502842480296550e+01
4.442500000000012328e+00,3.647869081571143965e+02,6.473587352218136459e+01,2.887374066956774854e+01,4.043730381590477805e+02,-2.307861186329690639e+01
4.445000000000012719e+00,3.649487297044713614e+02,6.470392332513746680e+01,3.079411998950832086e+01,4.051230381590478373e+02,-1.887784898128827038e+01
4.447500000000013110e+00,3.651104713779956228e+02,6.467197414436340352e+01,3.270615577447743760e+01,4.058730381590478942e+02,-1.440369254670342691e+01
4.450000000000013500e+00,3.652721331778018339e+02,6.464002168537408011e+01,3.460951950389747367e+01,4.066230381590480647e+02,-9.656929339635432541e+00
4.452500000000013891e+00,3.654337150932533973e+02,6.460806164512712257e+01,3.650388137861807536e+01,4.073730381590482352e+02,-4.638158871726439259e+00
4.455000000000014282e+00,3.655952171029642841e+02,6.457608975729064582e+01,3.838891108488265047e+01,4.081230381590482921e+02,6.522160736266744419e-01
4.457500000000014673e+00,3.657566391749193713e+02,6.454410184672521211e+01,4.026427774681226168e+01,4.088730381590483489e+02,6.213981492178651145e+00
4.460000000000015064e+00,3.659179812667364899e+02,6.451209389358096757e+01,4.212965002302070161e+01,4.096230381590485194e+02,1.204708124432963778e+01
4.462500000000015454e+00,3.660792433260936036e+02,6.448006210670853022e+01,4.398469772073212170e+01,4.103730381590486331e+02,1.815155813812542362e+01
4.465000000000015845e+00,3.662404252913453320e+02,6.444800300554254591e+01,4.582909173352685173e+01,4.111230381590487468e+02,2.452746363316083844e+01
4.467500000000016236e+00,3.664015270923479193e+02,6.441591350957590123e+01,4.766250556559381124e+01,4.118730381590489174e+02,3.117473496384033282e+01
4.470000000000016627e+00,3.665625486515126568e+02,6.438379103377447166e+01,4.948461585380843530e+01,4.126230381590489742e+02,3.809304299744587041e+01
4.472500000000017017e+00,3.667234898850995819e+02,6.435163358770577702e+01,5.129510409933853055e+01,4.133730381590490879e+02,4.528161938508560524e+01
4.475000000000017408e+00,3.668843507047614025e+02,6.431943987547408881e+01,5.309365741354251611e+01,4.141230381590492016e+02,5.273907786497377259e+01
4.477500000000017799e+00,3.670451310193354857e+02,6.428720939277222612e+01,5.487997071553900241e+01,4.148730381590493153e+02,6.046325189758206875e+01
4.480000000000018190e+00,3.672058307368764645e+02,6.425494251650420097e+01,5.665374741782434853e+01,4.156230381590495426e+02,6.845107647664924855e+01
4.482500000000018581e+00,3.673664497669067259e+02,6.422264058224021710e+01,5.841470110502246627e+01,4.163730381590495995e+02,7.669854551367028250e+01
4.485000000000018971e+00,3.675269880228520378e+02,6.419030594401547773e+01,6.016255656219826875e+01,4.171230381590497700e+02,8.520077494764112203e+01
4.487500000000019362e+00,3.676874454246151913e+02,6.415794201009792630e+01,6.189705174108595287e+01,4.178730381590498268e+02,9.395219429518276399e+01
4.490000000000019753e+00,3.678478219012227441e+02,6.412555324868478124e+01,6.361793768795496362e+01,4.186230381590498837e+02,1.029468743566062443e+02
4.492500000000020144e+00,3.680081173934678418e+02,6.409314515785854383e+01,6.532497270350505403e+01,4.193730381590500542e+02,1.121789775477534903e+02
4.495000000000020535e+00,3.681683318564554952e+02,6.406072419402195806e+01,6.701792450212866470e+01,4.201230381590501111e+02,1.216432913171159385e+02
4.497500000000020925e+00,3.683284652619441886e+02,6.402829765204212720e+01,6.869657323402716997e+01,4.208730381590502816e+02,1.313357806172802213e+02
4.500000000000021316e+00,3.684885176003575680e+02,6.399587349400052005e+01,7.036071260847441522e+01,4.216230381590504521e+02,1.412540762477885323e+02
4.502500000000021707e+00,3.686484888823391657e+02,6.396346012817463134e+01,7.201014940086504623e+01,4.223730381590505090e+02,1.513978071595164181e+02
4.505000000000022098e+00,3.688083791397278901e+02,6.393106614268805998e+01,7.364470375290262893e+01,4.231230381590506227e+02,1.617686892958623730e+02
4.507500000000022489e+00,3.689681884258430387e+02,6.389870000058648714e+01,7.526420751925255104e+01,4.238730381590507363e+02,1.723703023854329501e+02
4.510000000000022879e+00,3.691279168149886232e+02,6.386636970718335249e+01,7.686850302501672161e+01,4.246230381590508500e+02,-1.767924796630360902e+02
4.512500000000023270e+00,3.692875644011144232e+02,6.383408246462268920e+01,7.845744162326577964e+01,4.253730381590509637e+02,-1.657143904253651669e+02
4.515000000000023661e+00,3.694471312956109728e+02,6.380184433100879460e+01,8.003087926171444622e+01,4.261230381590511342e+02,-1.543909284521706127e+02
4.517500000000024052e+00,3.696066176242617303e+02,6.376965990491650871e+01,8.158867448130000355e+01,4.268730381590511911e+02,-1.428196225950696316e+02
4.520000000000024443e+00,3.697660235234273500e+02,6.373753205699269131e+01,8.313068135641361778e+01,4.276230381590513616e+02,-1.310011865952308199e+02
4.522500000000024833e+00,3.699253491355927963e+02,6.370546173044513694e+01,8.465674458384188483e+01,4.283730381590514185e+02,-1.189402941669422944e+02
4.525000000000025224e+00,3.700845946044613584e+02,6.367344782891382238e+01,8.616668999118624583e+01,4.291230381590515890e+02,-1.066457068734737845e+02
4.527500000000025615e+00,3.702437600698225992e+02,6.364148720534262083e+01,8.766032034567271580e+01,4.298730381590517595e+02,-9.412956676852948590e+01
4.530000000000026006e+00,3.704028456624531600e+02,6.360957475675408546e+01,8.913741325969235163e+01,4.306230381590518164e+02,-8.140583481307865554e+01
4.532500000000026397e+00,3.705618514993134909e+02,6.357770361958897354e+01,9.059773901858994805e+01,4.313730381590519869e+02,-6.848808444722315869e+01
4.535000000000026787e+00,3.707207776792867548e+02,6.354586545277447129e+01,9.204108052273181784e+01,4.321230381590520437e+02,-5.538707727519903301e+01
4.537500000000027178e+00,3.708796242796686329e+02,6.351405079628521122e+01,9.346720110585947339e+01,4.328730381590521574e+02,-4.210867332936775398e+01
4.540000000000027569e+00,3.710383913535956708e+02,6.348224949700290409e+01,9.487584012603933559e+01,4.336230381590522711e+02,-2.865262275032072026e+01
4.542500000000027960e+00,3.711970789285742853e+02,6.345045118994887190e+01,9.626671860393359736e+01,4.343730381590523848e+02,-1.501263571995933788e+01
4.545000000000028351e+00,3.713556870062389521e+02,6.341864582242040171e+01,9.763954752206025489e+01,4.351230381590524985e+02,-1.177868586790541627e+00
4.547500000000028741e+00,3.715142155634412688e+02,6.338682420522397365e+01,9.899403571198283203e+01,4.358730381590526690e+02,1.286433877303387163e+01
4.550000000000029132e+00,3.716726645547257135e+02,6.335497856539384998e+01,1.003298997534715085e+02,4.366230381590527259e+02,2.712494139606497612e+01
4.552500000000029523e+00,3.718310339161777165e+02,6.332310306538158073e+01,1.016468697448754739e+02,4.373730381590528395e+02,4.160962147330738503e+01
4.555000000000029914e+00,3.719893235705386019e+02,6.329119424807911543e+01,1.029446959430333663e+02,4.381230381590529532e+02,5.631609744366883064e+01
4.557500000000030305e+00,3.721475334333774185e+02,6.325925136510555546e+01,1.042231530602885101e+02,4.388730381590530669e+02,7.123323172526488634e+01
4.560000000000030695e+00,3.723056634200039525e+02,6.322727654799342645e+01,1.054820437173437426e+02,4.396230381590532943e+02,8.634254571634060937e+01
4.562500000000031086e+00,3.724637134527092144e+02,6.319527478927525266e+01,1.067211976355441294e+02,4.403730381590533511e+02,1.016220935663147884e+02
4.565000000000031477e+00,3.726216834678421606e+02,6.316325371143256007e+01,1.079404516859540024e+02,4.411230381590535217e+02,1.170518100815337732e+02
4.567500000000031868e+00,3.727795734221846260e+02,6.313122311704866263e+01,1.091396539547795186e+02,4.418730381590535785e+02,1.326187834008310062e+02
4.570000000000032259e+00,3.729373832980797943e+02,6.309919432773547499e+01,1.103186772473831354e+02,4.426230381590536354e+02,1.483207565019981757e+02
4.572500000000032649e+00,3.730951131067907909e+02,6.306717934630902533e+01,1.114774192593022946e+02,4.433730381590538059e+02,1.641666290509370185e+02
4.575000000000033040e+00,3.732527628896834244e+02,6.303518990820748513e+01,1.126158015743603045e+02,4.441230381590539764e+02,-1.798264028485235997e+02
4.577500000000033431e+00,3.734103327169993918e+02,6.300323650617398386e+01,1.137337626334231828e+02,4.448730381590540333e+02,-1.636384768499001154e+02
4.580000000000033822e+00,3.735678226842059075e+02,6.297132748231062038e+01,1.148312497026456640e+02,4.456230381590542038e+02,-1.472540488572771835e+02
4.582500000000034213e+00,3.737252329061433329e+02,6.293946828196047960e+01,1.159082031222106792e+02,4.463730381590542606e+02,-1.306682286431212958e+02
4.585000000000034603e+00,3.738825635094290192e+02,6.290766095357496823e+01,1.169645410695722063e+02,4.471230381590543743e+02,-1.138902754821166923e+02
4.587500000000034994e+00,3.740398146237726564e+02,6.287590395249188191e+01,1.180001455015623151e+02,4.478730381590544880e+02,-9.694256332746702753e+01
4.590000000000035385e+00,3.741969863729855206e+02,6.284419226983493445e+01,1.191273041048832226e+02,4.486230381590546017e+02,-7.984975048392092845e+01
4.592500000000035776e+00,3.743540788664950583e+02,6.281251786507464629e+01,1.202068637639153224e+02,4.493730381590547154e+02,-6.263031761664150565e+01
4.595000000000036167e+00,3.745110921920962141e+02,6.278087034405599809e+01,1.212738304646741341e+02,4.501230381590548859e+02,-4.530340285562721192e+01
4.597500000000036557e+00,3.746680264105125957e+02,6.274923782299769215e+01,1.223194746711797478e+02,4.508730381590549428e+02,-2.786859746680942607e+01
4.600000000000036948e+00,3.748248815522186419e+02,6.271760793402978607e+01,1.233439249891277285e+02,4.516230381590551133e+02,-1.031053322903415648e+01
4.602500000000037339e+00,3.749816576168279880e+02,6.268596889414157403e+01,1.243474062176243535e+02,4.523730381590551701e+02,7.396364870628041821e+00
4.605000000000037730e+00,3.751383545751710926e+02,6.265431057147317517e+01,1.253300270658093609e+02,4.531230381590553407e+02,2.527775358211868806e+01
4.607500000000038121e+00,3.752949723740117065e+02,6.262262546184258838e+01,1.262917949154141724e+02,4.538730381590555112e+02,4.334849496185442774e+01
4.610000000000038511e+00,3.754515109431226847e+02,6.259090947675914407e+01,1.272328664111289669e+02,4.546230381590555680e+02,6.160506783145593346e+01
4.612500000000038902e+00,3.756079702041934070e+02,6.255916244485973010e+01,1.281532368999595235e+02,4.553730381590557386e+02,8.002462338213018711e+01
4.615000000000039293e+00,3.757643500807990904e+02,6.252738824644936244e+01,1.290530825283327090e+02,4.561230381590557954e+02,9.857206543195941606e+01
4.617500000000039684e+00,3.759206505084787295e+02,6.249559453173540646e+01,1.299323784558370392e+02,4.568730381590559091e+02,1.172128652710422756e+02
4.620000000000040075e+00,3.760768714438639222e+02,6.246379201558391969e+01,1.307912596220986643e+02,4.576230381590560228e+02,1.359263892444873818e+02
4.622500000000040465e+00,3.762330128718142532e+02,6.243199338814584820e+01,1.316296801448461053e+02,4.583730381590561365e+02,1.547138056237839692e+02
4.625000000000040856e+00,3.763890748096270613e+02,6.240021193835726621e+01,1.324477986441765722e+02,4.591230381590561933e+02,1.735970386435635078e+02
4.627500000000041247e+00,3.765450573076901151e+02,6.236846005282865235e+01,1.332455705590514015e+02,4.598730381590563638e+02,-1.673909818056812355e+02
4.630000000000041638e+00,3.767009604463697769e+02,6.233674778036134256e+01,1.340231564553126020e+02,4.606230381590564207e+02,-1.482210812704304601e+02
4.632500000000042029e+00,3.768567843294105160e+02,6.230508165424438261e+01,1.347804577749043347e+02,4.613730381590566481e+02,-1.288819285406039796e+02
4.635000000000042419e+00,3.770125290745942834e+02,6.227346393465304430e+01,1.355175750938859949e+02,4.621230381590567049e+02,-1.093873156709482828e+02
4.637500000000042810e+00,3.771681948027860471e+02,6.224189237272577913e+01,1.362343543921818139e+02,4.628730381590568754e+02,-8.977254748154469155e+01
4.640000000000043201e+00,3.773237816267027824e+02,6.221036051309798154e+01,1.369306674265610297e+02,4.636230381590569323e+02,-7.008051300718170751e+01
4.642500000000043592e+00,3.774792896407308831e+02,6.217885846835951469e+01,1.376065276017508836e+02,4.643730381590570460e+02,-5.034340638598494166e+01
4.645000000000043983e+00,3.776347189129107278e+02,6.214737405056246899e+01,1.382616939148841197e+02,4.651230381590572165e+02,-3.056898884722675547e+01
4.647500000000044373e+00,3.777900694799163261e+02,6.211589413721615927e+01,1.388959861161584683e+02,4.658730381590573870e+02,-1.073802099670326093e+01
4.650000000000044764e+00,3.779453413455467512e+02,6.208440614353650489e+01,1.395093122921875022e+02,4.666230381590575007e+02,9.185962185183186079e+00
4.652500000000045155e+00,3.781005344829137584e+02,6.205289946537052259e+01,1.401013627891554734e+02,4.673730381590575576e+02,2.923879104418395869e+01
4.655000000000045546e+00,3.782556488401759225e+02,6.202136674656530602e+01,1.406719156777052433e+02,4.681230381590577281e+02,4.943741981900817706e+01
4.657500000000045937e+00,3.784106843492921826e+02,6.198980481635394568e+01,1.412209016100027839e+02,4.688730381590577849e+02,6.976967290835321478e+01
4.660000000000046327e+00,3.785656409368838240e+02,6.195821515874585828e+01,1.417481262882844817e+02,4.696230381590579555e+02,9.019759128255805081e+01
4.662500000000046718e+00,3.787205185359679831e+02,6.192660382041003686e+01,1.422533781236543291e+02,4.703730381590580123e+02,1.106739545852687883e+02
4.665000000000047109e+00,3.788753170971239115e+02,6.189498072927013084e+01,1.427364904618511900e+02,4.711230381590581260e+02,1.311641360526829772e+02
4.667500000000047500e+00,3.790300365976301009e+02,6.186335847194088444e+01,1.431974144565107849e+02,4.718730381590582397e+02,1.516619658889354412e+02
4.670000000000047891e+00,3.791846770472639037e+02,6.183175066158928956e+01,1.436359625446567065e+02,4.726230381590583534e+02,1.721914397521070157e+02
4.672500000000048281e+00,3.793392384898477872e+02,6.180017011975742491e+01,1.440519758290730579e+02,4.733730381590584102e+02,-1.672063348040374251e+02
4.675000000000048672e+00,3.794937210002300390e+02,6.176862714350568240e+01,1.444453016158846026e+02,4.741230381590585807e+02,-1.464946641718628655e+02
4.677500000000049063e+00,3.796481246770704843e+02,6.173712812343099188e+01,1.448159247059111863e+02,4.748730381590586376e+02,-1.256613035986979980e+02
4.680000000000049454e+00,3.798024496324475763e+02,6.170567472358670358e+01,1.451636956047348690e+02,4.756230381590588649e+02,-1.047271189077496700e+02
4.682500000000049845e+00,3.799566959797857066e+02,6.167426373465246314e+01,1.454883917015452255e+02,4.763730381590589786e+02,-8.373802557823957216e+01
4.685000000000050235e+00,3.801108638218076976e+02,6.164288758686506497e+01,1.457898009759297793e+02,4.771230381590590923e+02,-6.274332540916712020e+01
4.687500000000050626e+00,3.802649532401155739e+02,6.161153540219589786e+01,1.460677318819289212e+02,4.778730381590592060e+02,-4.177181634049117065e+01
4.690000000000051017e+00,3.804189642876508515e+02,6.158019441897580037e+01,1.463219628700816486e+02,4.786230381590592629e+02,-2.081868177692285116e+01
4.692500000000051408e+00,3.805728969848830729e+02,6.154885161894507206e+01,1.465523281369331983e+02,4.793730381590594334e+02,1.501642963368760020e-01
4.695000000000051799e+00,3.807267513201225029e+02,6.151749538075118551e+01,1.467586575813637921e+02,4.801230381590596608e+02,2.117900135723759902e+01
4.697500000000052189e+00,3.808805272539258340e+02,6.148611698199242426e+01,1.469407323415196345e+02,4.808730381590597176e+02,4.229803105754245252e+01
4.700000000000052580e+00,3.810342247271121323e+02,6.145471176605686736e+01,1.470983594336348119e+02,4.816230381590597744e+02,6.350574660523770376e+01
4.702500000000052971e+00,3.811878436714490022e+02,6.142327980702523860e+01,1.472313741523005888e+02,4.823730381590599450e+02,8.476728232315846867e+01
4.705000000000053362e+00,3.813413840216701374e+02,6.139182595565119982e+01,1.473396205985619929e+02,4.831230381590600018e+02,1.060306057919677869e+02
4.707500000000053753e+00,3.814948457272342353e+02,6.136035922821773170e+01,1.474229137923520341e+02,4.838730381590601155e+02,1.272523441044656778e+02
4.710000000000054143e+00,3.816482287621898877e+02,6.132889159058519368e+01,1.474810813105117973e+02,4.846230381590602292e+02,1.484188881772971058e+02
4.712500000000054534e+00,3.818015331316896095e+02,6.129743628366190222e+01,1.475139766839693607e+02,4.853730381590603429e+02,1.695513376032385224e+02
4.715000000000054925e+00,3.819547588741206710e+02,6.126600593633352787e+01,1.475214810918890009e+02,4.861230381590604566e+02,-1.693076263306786302e+02
4.717500000000055316e+00,3.821079060584928584e+02,6.123461076592035823e+01,1.475034919269976115e+02,4.868730381590605703e+02,-1.481176719050315853e+02
4.720000000000055707e+00,3.822609747774742459e+02,6.120325715397648025e+01,1.474599009218565584e+02,4.876230381590607976e+02,-1.268636384825318544e+02
4.722500000000056097e+00,3.824139651371621653e+02,6.117194681853730742e+01,1.473905727282886744e+02,4.883730381590608545e+02,-1.055657393900282983e+02
4.725000000000056488e+00,3.825668772451742257e+02,6.114067668850894677e+01,1.472953506870034346e+02,4.891230381590609682e+02,-8.427118500509445198e+01
4.727500000000056879e+00,3.827197111988305664e+02,6.110943945032678215e+01,1.471741268512515717e+02,4.898730381590610818e+02,-6.303105340521452149e+01
4.730000000000057270e+00,3.828724670750482915e+02,6.107822462632748994e+01,1.470268185447352778e+02,4.906230381590611955e+02,-4.187514054252338269e+01
4.732500000000057661e+00,3.830251449231715242e+02,6.104702000208793322e+01,1.468533239227103309e+02,4.913730381590613092e+02,-2.079872642875401567e+01
4.735000000000058051e+00,3.831777447615192500e+02,6.101581322394591211e+01,1.466535338734115896e+02,4.921230381590614229e+02,2.322743320706710801e-01
4.737500000000058442e+00,3.833302665779634140e+02,6.098459338852881473e+01,1.464273498185245899e+02,4.928730381590614797e+02,2.126145969557218152e+01
4.740000000000058833e+00,3.834827103344212560e+02,6.095335245144593017e+01,1.461746947926195901e+02,4.936230381590616503e+02,4.231774385816964212e+01
4.742500000000059224e+00,3.836350759747107872e+02,6.092208628400452852e+01,1.458955152359139618e+02,4.943730381590618776e+02,6.339865433041316578e+01
4.745000000000059615e+00,3.837873634347973280e+02,6.089079523183575304e+01,1.455897759558750124e+02,4.951230381590619345e+02,8.446964363012457966e+01
4.747500000000060005e+00,3.839395726541160911e+02,6.085948408430243006e+01,1.452574337709472729e+02,4.958730381590619913e+02,1.054802403698894011e+02
4.750000000000060396e+00,3.840917035864692366e+02,6.082816144056518937e+01,1.448984080221378861e+02,4.966230381590621619e+02,1.263885350807093886e+02
4.752500000000060787e+00,3.842437562090096321e+02,6.079683854049622482e+01,1.445126181163971069e+02,4.973730381590622187e+02,1.471805588051180678e+02
4.755000000000061178e+00,3.843957305280325727e+02,6.076552771083640181e+01,1.441000326758662595e+02,4.981230381590623324e+02,1.678745652023767718e+02
4.757500000000061569e+00,3.845476265807269556e+02,6.073424065652184112e+01,1.436607104971764386e+02,4.988730381590625029e+02,-1.714908702363929081e+02
4.760000000000061959e+00,3.846994444326527400e+02,6.070298686317472203e+01,1.431946485809994272e+02,4.996230381590626735e+02,-1.508781393796959662e+02
4.762500000000062350e+00,3.848511841713713011e+02,6.067177235360394860e+01,1.427018388230976029e+02,5.003730381590627871e+02,-1.302708906004327218e+02
4.765000000000062741e+00,3.850028458972356589e+02,6.064059897595625159e+01,1.421822436513948560e+02,5.011230381590628440e+02,-1.096837836573911460e+02
4.767500000000063132e+00,3.851544297127417735e+02,6.060946429984775108e+01,1.416358144431516735e+02,5.018730381590630145e+02,-8.915683969538959275e+01
4.770000000000063523e+00,3.853059357119665833e+02,6.057836208212901141e+01,1.410626222500257256e+02,5.026230381590630714e+02,-6.873709600434122535e+01
4.772500000000063913e+00,3.854573639714598698e+02,6.054728317421372452e+01,1.404628716771636618e+02,5.033730381590631850e+02,-4.845719104567479718e+01
4.775000000000064304e+00,3.856087145435998877e+02,6.051621671172939898e+01,1.398366202587278906e+02,5.041230381590632987e+02,-2.832200239032345124e+01
4.777500000000064695e+00,3.857599874530423563e+02,6.048515143994817578e+01,1.391839327716095909e+02,5.048730381590634124e+02,-8.309336509533084225e+00
4.780000000000065086e+00,3.859111826965127534e+02,6.045407703711206437e+01,1.385049322866074704e+02,5.056230381590635261e+02,1.161689940117670083e+01
4.782500000000065477e+00,3.860623002458643214e+02,6.042298530879951812e+01,1.377998855220492089e+02,5.063730381590636398e+02,3.148798605995254007e+01
4.785000000000065867e+00,3.862133400540090520e+02,6.039187113013980479e+01,1.370689309035079475e+02,5.071230381590636966e+02,5.131455612983046422e+01
4.787500000000066258e+00,3.863643020630236151e+02,6.036073302835801258e+01,1.363122042018224818e+02,5.078730381590638672e+02,7.108050956903872475e+01
4.790000000000066649e+00,3.865151862134790690e+02,6.032957333357909846e+01,1.355300262127460940e+02,5.086230381590639809e+02,9.074932135199173899e+01
4.792500000000067040e+00,3.866659924538892597e+02,6.029839787672436557e+01,1.347225997875022188e+02,5.093730381590641514e+02,1.102796576014125947e+02
4.795000000000067431e+00,3.868167207491511590e+02,6.026721526803169127e+01,1.338899946986086320e+02,5.101230381590642651e+02,1.296425414332011883e+02
4.797500000000067821e+00,3.869673710869664660e+02,6.023603584026529489e+01,1.330325224065410055e+02,5.108730381590643788e+02,1.488319500204279962e+02
4.800000000000068212e+00,3.871179434814617935e+02,6.020487038891095466e+01,1.321503466230146273e+02,5.116230381590644924e+02,1.678646453053302707e+02
4.802500000000068603e+00,3.872684379735980542e+02,6.017372888264729625e+01,1.312436572576644949e+02,5.123730381590646630e+02,-1.732296073168698456e+02
4.805000000000068994e+00,3.874188546283963319e+02,6.014261931664916006e+01,1.303128091928760171e+02,5.131230381590647767e+02,-1.544224007593302019e+02
4.807500000000069384e+00,3.875691935294296968e+02,6.011154685404679299e+01,1.293579645710752857e+02,5.138730381590648904e+02,-1.356997071886146102e+02
4.810000000000069775e+00,3.877194547713701240e+02,6.008051335225605527e+01,1.283795310033306407e+02,5.146230381590650040e+02,-1.170684877715260228e+02
4.812500000000070166e+00,3.878696384515889122e+02,6.004951730520959785e+01,1.273777012635218426e+02,5.153730381590651177e+02,-9.855449527957503619e+01
4.815000000000070557e+00,3.880197446618444701e+02,6.001855416484242767e+01,1.263529362065112451e+02,5.161230381590652314e+02,-8.019245580555103459e+01
4.817500000000070948e+00,3.881697734809649774e+02,5.998761695121431359e+01,1.253055915635621318e+02,5.168730381590653451e+02,-6.201304320972487005e+01
4.820000000000071338e+00,3.883197249691824595e+02,5.995669704428815550e+01,1.242362358973381902e+02,5.176230381590655725e+02,-4.403238456364066167e+01
4.822500000000071729e+00,3.884695991645205595e+02,5.992578506484708356e+01,1.231452950364081289e+02,5.183730381590655725e+02,-2.624806354265137642e+01
4.825000000000072120e+00,3.886193960814101729e+02,5.989487176795709900e+01,1.220333521473434928e+02,5.191230381590657998e+02,-8.642457118787614689e+00
4.827500000000072511e+00,3.887691157115227725e+02,5.986394888344477039e+01,1.209009001183824381e+02,5.198730381590657998e+02,8.808760147983758060e+00
4.830000000000072902e+00,3.889187580266556097e+02,5.983300984337209627e+01,1.197485948105211691e+02,5.206230381590659135e+02,2.612656452916662531e+01
4.832500000000073292e+00,3.890683229833528571e+02,5.980205034007347820e+01,1.185770439280094308e+02,5.213730381590660272e+02,4.332044012804890087e+01
4.835000000000073683e+00,3.892178105288090819e+02,5.977106866932764007e+01,1.173869253772168832e+02,5.221230381590661409e+02,6.038475645304897199e+01
4.837500000000074074e+00,3.893672206074979272e+02,5.974006583207136600e+01,1.161788788470237535e+02,5.228730381590662546e+02,7.730059280898682061e+01
4.840000000000074465e+00,3.895165531679140258e+02,5.970904539128206778e+01,1.149535963588477756e+02,5.236230381590663683e+02,9.404199734802260480e+01
4.842500000000074856e+00,3.896658081688217408e+02,5.967801310356259847e+01,1.137117192114265833e+02,5.243730381590664820e+02,1.105842968980701357e+02
4.845000000000075246e+00,3.898149855844661715e+02,5.964697636406015846e+01,1.124539602303008792e+02,5.251230381590664820e+02,1.269112726095750503e+02
4.847500000000075637e+00,3.899640854083055501e+02,5.961594351850000351e+01,1.111228824189410602e+02,5.258730381590667093e+02,1.430195935518931663e+02
4.850000000000076028e+00,3.901131076549664272e+02,5.958492311269944253e+01,1.097590252539538085e+02,5.266230381590668230e+02,1.589045020263415893e+02
4.852500000000076419e+00,3.902620523603143283e+02,5.955392315667349834e+01,1.083827388376271159e+02,5.273730381590669367e+02,1.745823263169795894e+02
4.855000000000076810e+00,3.904109195797125267e+02,5.952295047125105043e+01,1.069863498662262060e+02,5.281230381590670504e+02,-1.699292695984391628e+02
4.857500000000077200e+00,3.905597093847225665e+02,5.949201018790925133e+01,1.055779987124328301e+02,5.288730381590672778e+02,-1.546174350530935158e+02
4.860000000000077591e+00,3.907084218586507518e+02,5.946110542752023775e+01,1.041577997729696818e+02,5.296230381590672778e+02,-1.394759151502466636e+02
4.862500000000077982e+00,3.908570570914011455e+02,5.943023717466805778e+01,1.027258721632583587e+02,5.303730381590675051e+02,-1.245077549176705674e+02
4.865000000000078373e+00,3.910056151741258077e+02,5.939940433815000631e+01,1.012823398474161110e+02,5.311230381590675051e+02,-1.097242125500544603e+02
4.867500000000078764e+00,3.911540961941236674e+02,5.936860396649005622e+01,9.982733997132348236e+01,5.318730381590676188e+02,-9.514157054078289377e+01
4.870000000000079154e+00,3.913025002303531892e+02,5.933783157275892961e+01,9.836105654887374783e+01,5.326230381590677325e+02,-8.077692853509523729e+01
4.872500000000079545e+00,3.914508273498021254e+02,5.930708151976355680e+01,9.688370677054723501e+01,5.333730381590678462e+02,-6.664424136700533552e+01
4.875000000000079936e+00,3.915990776048399766e+02,5.927634742790313993e+01,9.539551679182679322e+01,5.341230381590679599e+02,-5.275162409993011181e+01
4.877500000000080327e+00,3.917472510315961927e+02,5.924562258103026835e+01,9.389672268176241232e+01,5.348730381590680736e+02,-3.910042761357541252e+01
4.880000000000080718e+00,3.918953476493443304e+02,5.921490031225707185e+01,9.238757110668976225e+01,5.356230381590683010e+02,-2.568601597657191604e+01
4.882500000000081108e+00,3.920433674608354977e+02,5.918417435801580240e+01,9.086831943524472877e+01,5.363730381590684146e+02,-1.249975867446150701e+01
4.885000000000081499e+00,3.921913104534950776e+02,5.915343916881683839e+01,8.933923448591696115e+01,5.371230381590686420e+02,4.684237249936785696e-01
4.887500000000081890e+00,3.923391766013679671e+02,5.912269016480922801e+01,8.780058793324941746e+01,5.378730381590686420e+02,1.322758769030134118e+01
4.890000000000082281e+00,3.924869658676682320e+02,5.909192392670790639e+01,8.625265368403756838e+01,5.386230381590687557e+02,2.578384237341886021e+01
4.892500000000082672e+00,3.926346782077666830e+02,5.906113831629428290e+01,8.469570338865862880e+01,5.393730381590688694e+02,3.813925080020220548e+01
4.895000000000083062e+00,3.927823135724391364e+02,5.903033252507278661e+01,8.313000414484407941e+01,5.401230381590689831e+02,5.029163728333580963e+01
4.897500000000083453e+00,3.929298719111956757e+02,5.899950705408651430e+01,8.155581579708925233e+01,5.408730381590690968e+02,6.223520731357525193e+01
4.900000000000083844e+00,3.930773531755222621e+02,5.896866363104434328e+01,7.997338877986736350e+01,5.416230381590692105e+02,7.396175003119050473e+01
4.902500000000084235e+00,3.932247573218825210e+02,5.893780507440360594e+01,7.838296035820803809e+01,5.423730381590693241e+02,8.546211558980576228e+01
4.905000000000084626e+00,3.933720843143526622e+02,5.890693511562310647e+01,7.678474732439330808e+01,5.431230381590694378e+02,9.672765205356400031e+01
4.907500000000085016e+00,3.935193341267924438e+02,5.887605819139903218e+01,7.517895314274181828e+01,5.438730381590695515e+02,1.077513454972933431e+02
4.910000000000085407e+00,3.936665067444836836e+02,5.884517921687363895e+01,7.356577264177997222e+01,5.446230381590695515e+02,1.185285116429073895e+02
4.912500000000085798e+00,3.938136021651932879e+02,5.881430335309006807e+01,7.194539359158619618e+01,5.453730381590697789e+02,1.290570049751028705e+02
4.915000000000086189e+00,3.939606203996575005e+02,5.878343578246587953e+01,7.031799950368655061e+01,5.461230381590700063e+02,1.393370082089562061e+02
4.917500000000086580e+00,3.941075614715125539e+02,5.875258150253472422e+01,6.868377065526350123e+01,5.468730381590700063e+02,1.493705244685794185e+02
4.920000000000086970e+00,3.942544254167231088e+02,5.872174514640556708e+01,6.704288717957561516e+01,5.476230381590701199e+02,1.591607135517630240e+02
4.922500000000087361e+00,3.944012122825791948e+02,5.869093083565972790e+01,6.539552937259362864e+01,5.483730381590702336e+02,1.687112021377011217e+02
4.925000000000087752e+00,3.945479221263449290e+02,5.866014206891416194e+01,6.374188166756576379e+01,5.491230381590703473e+02,1.780254675841794096e+02
4.927500000000088143e+00,3.946945550136497332e+02,5.862938164697321497e+01,6.208213126120820391e+01,5.498730381590704610e+02,-1.728936405965721121e+02
4.930000000000088534e+00,3.948411110167127731e+02,5.859865163392683485e+01,6.041647144213460052e+01,5.506230381590705747e+02,-1.640442123806508903e+02
4.932500000000088924e+00,3.949875902124902041e+02,5.856795335146135528e+01,5.874509954967182779e+01,5.513730381590706884e+02,-1.554254201340674229e+02
4.935000000000089315e+00,3.951339926808257701e+02,5.853728740266105035e+01,5.706821861708586141e+01,5.521230381590708021e+02,-1.470375122127390171e+02
4.937500000000089706e+00,3.952803185026763231e+02,5.850665372035044243e+01,5.538603606525019529e+01,5.528730381590709158e+02,-1.388816885071517220e+02
4.940000000000090097e+00,3.954265677584700711e+02,5.847605163463321531e+01,5.369876357246068466e+01,5.536230381590710294e+02,-1.309598965907430284e+02
4.942500000000090488e+00,3.955727405266434857e+02,5.844547995392593975e+01,5.200661611884165580e+01,5.543730381590711431e+02,-1.232745868870688497e+02
4.945000000000090878e+00,3.957188368823858013e+02,5.841493705293098770e+01,5.030981282625157291e+01,5.551230381590712568e+02,-1.158284617563991219e+02
4.947500000000091269e+00,3.958648568966055450e+02,5.838442096116907010e+01,4.860857915005765051e+01,5.558730381590714842e+02,-1.086242464622744279e+02
4.950000000000091660e+00,3.960108006351167091e+02,5.835392944618280353e+01,4.690315627634161899e+01,5.566230381590714842e+02,-1.016645012906781744e+02
4.952500000000092051e+00,3.961566681580283671e+02,5.832346008726358377e+01,4.519379870235601970e+01,5.573730381590717116e+02,-9.495148534586870426e+01
4.955000000000092442e+00,3.963024595193120376e+02,5.829301033826602918e+01,4.348076431742261860e+01,5.581230381590717116e+02,-8.848707310730614495e+01
4.957500000000092832e+00,3.964481747665204807e+02,5.826257758004759069e+01,4.176431367986607768e+01,5.588730381590718252e+02,-8.227271903722100888e+01
4.960000000000093223e+00,3.965938139406319465e+02,5.823215916409428417e+01,4.004471114783079599e+01,5.596230381590720526e+02,-7.630946215460190274e+01
4.962500000000093614e+00,3.967393770759992435e+02,5.820175244942203108e+01,3.832222493636678706e+01,5.603730381590720526e+02,-7.059796039478968055e+01
4.965000000000094005e+00,3.968848642003874829e+02,5.817135483428289433e+01,3.659712715213520795e+01,5.611230381590721663e+02,-6.513854417151097209e+01
4.967500000000094396e+00,3.970302753350887883e+02,5.814096378331272774e+01,3.486969340863796418e+01,5.618730381590722800e+02,-5.993127943097843513e+01
4.970000000000094786e+00,3.971756104951022621e+02,5.811057685012031016e+01,3.314020241554903379e+01,5.626230381590723937e+02,-5.497603236271921645e+01
4.972500000000095177e+00,3.973208696893678393e+02,5.808019169541238114e+01,3.140893522539300164e+01,5.633730381590725074e+02,-5.027252987258896155e+01
4.975000000000095568e+00,3.974660529210427171e+02,5.804980610059843116e+01,2.967617415151509164e+01,5.641230381590726211e+02,-4.582041229259461801e+01
4.977500000000095959e+00,3.976111601878096167e+02,5.801941797705924131e+01,2.794220331843072813e+01,5.648730381590726211e+02,-4.161927631762001312e+01
4.980000000000096350e+00,3.977561914822055087e+02,5.798902537139972679e+01,2.620730715596695504e+01,5.656230381590730758e+02,-3.766870754492607887e+01
4.982500000000096740e+00,3.979011467919614233e+02,5.795862646716081912e+01,2.447177011921254319e+01,5.663730381590730758e+02,-3.396830335921259802e+01
4.985000000000097131e+00,3.980460261003449318e+02,5.792821958347421685e+01,2.273587686176844613e+01,5.671230381590731895e+02,-3.051768705299390305e+01
4.987500000000097522e+00,3.981908293864973416e+02,5.789780317109710239e+01,2.099991125753118837e+01,5.678730381590733032e+02,-2.731651473443100997e+01
4.990000000000097913e+00,3.983355566257596365e+02,5.786737580637968392e+01,1.926415678509512119e+01,5.686230381590734169e+02,-2.436447652923602192e+01
4.992500000000098304e+00,3.984802077899827850e+02,5.783693618363341926e+01,1.752889589541443627e+01,5.693730381590735306e+02,-2.166129362019837146e+01
4.995000000000098694e+00,3.986247828478176416e+02,5.780648310631008258e+01,1.579441006101651190e+01,5.701230381590736442e+02,-1.920671236076474742e+01
4.997500000000099085e+00,3.987692817649826225e+02,5.777601547745779698e+01,1.406097949395905999e+01,5.708730381590737579e+02,-1.700049678211089343e+01
5.000000000000099476e+00,3.989137045045071090e+02,5.774553228981985598e+01,1.232888299982901614e+01,5.716230381590738716e+02,-1.504242014351030576e+01
5.002500000000099867e+00,3.990580510269500110e+02,5.771503261576748400e+01,1.059839849584810523e+01,5.723730381590739853e+02,-1.333225647035682471e+01
5.005000000000100258e+00,3.992023212905931473e+02,5.768451559753685842e+01,8.869801786326565463e+00,5.731230381590740990e+02,-1.186977222584492964e+01
5.007500000000100648e+00,3.993465152516104695e+02,5.765398043787673998e+01,7.143368075083960989e+00,5.738730381590742127e+02,-1.065471886421148362e+01
5.010000000000101039e+00,3.994906328642142626e+02,5.762342639142278244e+01,5.419370163390758499e+00,5.746230381590743264e+02,-9.686825878558069647e+00
5.012500000000101430e+00,3.996346740807802007e+02,5.759285275693893880e+01,3.698079873208492963e+00,5.753730381590745537e+02,-8.965794990319121638e+00
5.015000000000101821e+00,3.997786388519537013e+02,5.756225887059024160e+01,1.979767348016673312e+00,5.761230381590745537e+02,-8.491294952764130599e+00
5.017500000000102212e+00,3.999225271267397943e+02,5.753164410034838738e+01,2.647010023402762702e-01,5.768730381590747811e+02,-8.262957206394556664e+00
5.020000000000102602e+00,4.000663388525798609e+02,5.750100784176260049e+01,-1.446852249655651956e+00,5.776230381590747811e+02,-8.280372191474425492e+00
5.022500000000102993e+00,4.002100739754187657e+02,5.747034951512434731e+01,-3.154626905676896520e+00,5.783730381590748948e+02,-8.543086243490689569e+00
5.025000000000103384e+00,4.003537324397655652e+02,5.743966856419778111e+01,-4.858359781457177284e+00,5.791230381590750085e+02,-9.050598888082994620e+00
5.027500000000103775e+00,4.004973141887517158e+02,5.740896445655540248e+01,-6.557788933017631550e+00,5.798730381590751222e+02,-9.802360713108708268e+00
5.030000000000104166e+00,4.006408191641917256e+02,5.737823668550275613e+01,-8.252654071924867552e+00,5.806230381590752359e+02,-1.079777132164280928e+01
5.032500000000104556e+00,4.007842473066486377e+02,5.734748477374719755e+01,-9.942696930406436095e+00,5.813730381590753495e+02,-1.203617785780408589e+01
5.035000000000104947e+00,4.009275985555104853e+02,5.731670827901561438e+01,-1.162766091055826401e+01,5.821230381590754632e+02,-1.351687370436051339e+01
5.037500000000105338e+00,4.010708728490816384e+02,5.728590680137429558e+01,-1.330729181681571127e+01,5.828730381590755769e+02,-1.523909777349651051e+01
5.040000000000105729e+00,4.012140701246930803e+02,5.725507999253645863e+01,-1.498133650640024683e+01,5.836230381590756906e+02,-1.720203428028201742e+01
5.042500000000106120e+00,4.013571903188376950e+02,5.722422756663492294e+01,-1.664954463737018386e+01,5.843730381590759180e+02,-1.940481309803070786e+01
5.045000000000106510e+00,4.015002333673327257e+02,5.719334931313767356e+01,-1.831166756488137182e+01,5.851230381590759180e+02,-2.184651129449049378e+01
5.047500000000106901e+00,4.016431992055161686e+02,5.716244511144150664e+01,-1.996745874734972759e+01,5.858730381590761453e+02,-2.452615555385044388e+01
5.050000000000107292e+00,4.017860877684803427e+02,5.713151494676251474e+01,-2.161667400775291625e+01,5.866230381590761453e+02,-2.744272611149128949e+01
5.052500000000107683e+00,4.019288989913457613e+02,5.710055892774551012e+01,-2.325907120298941066e+01,5.873730381590762590e+02,-3.059516227616892792e+01
5.055000000000108074e+00,4.020716328095803078e+02,5.706957730504471016e+01,-2.489441051210327416e+01,5.881230381590763727e+02,-3.398236974293922685e+01
5.057500000000108464e+00,4.022142891593649097e+02,5.703857049072858132e+01,-2.652245445774201116e+01,5.888730381590764864e+02,-3.760322971423551053e+01
5.060000000000108855e+00,4.023568679780082675e+02,5.700753907806522136e+01,-2.814296783577522376e+01,5.896230381590767138e+02,-4.145660994054282611e+01
5.062500000000109246e+00,4.024993692044113232e+02,5.697648386157143108e+01,-2.975571765518682099e+01,5.903730381590768275e+02,-4.554137731426889957e+01
5.065000000000109637e+00,4.026417927795814080e+02,5.694540585632329766e+01,-3.136047332710886337e+01,5.911230381590769412e+02,-4.985641167272265761e+01
5.067500000000110028e+00,4.027841386471944816e+02,5.691430631620281133e+01,-3.295700652220453719e+01,5.918730381590770548e+02,-5.440061989065088000e+01
5.070000000000110418e+00,4.029264067542018211e+02,5.688318675011443304e+01,-3.454509079962141982e+01,5.926230381590770548e+02,-5.917294942035657357e+01
5.072500000000110809e+00,4.030685970514762175e+02,5.685204893570681861e+01,-3.612450225151220451e+01,5.933730381590772822e+02,-6.417239958477695438e+01
5.075000000000111200e+00,4.032107094944904588e+02,5.682089492939811493e+01,-3.769501847528875516e+01,5.941230381590773959e+02,-6.939802929540752530e+01
5.077500000000111591e+00,4.033527440440188343e+02,5.678972707225488392e+01,-3.925641937134367510e+01,5.948730381590775096e+02,-7.484895891648893951e+01
5.080000000000111982e+00,4.034947006668504059e+02,5.675854799046460641e+01,-4.080848616621592129e+01,5.956230381590776233e+02,-8.052436457580199658e+01
5.082500000000112372e+00,4.036365793365004038e+02,5.672736058948824223e+01,-4.235100177154922818e+01,5.963730381590778507e+02,-8.642346281476649494e+01
5.085000000000112763e+00,4.037783800339026925e+02,5.669616804090502882e+01,-4.388375021106200791e+01,5.971230381590778507e+02,-9.254548432791507651e+01
5.087500000000113154e+00,4.039201027480654034e+02,5.666497376168351252e+01,-4.540651645341813492e+01,5.978730381590779643e+02,-9.888963580628694672e+01
5.090000000000113545e+00,4.040617474766700639e+02,5.663378138459300004e+01,-4.691908676467800632e+01,5.986230381590780780e+02,-1.054550504222844580e+02
5.092500000000113936e+00,4.042033142265913739e+02,5.660259471949444787e+01,-4.842124737810239310e+01,5.993730381590781917e+02,-1.122407289175656189e+02
5.095000000000114326e+00,4.043448030143152323e+02,5.657141770521518254e+01,-4.991278538650532681e+01,6.001230381590783054e+02,-1.192454746527352967e+02
5.097500000000114717e+00,4.044862138662307416e+02,5.654025435178451886e+01,-5.139348797929242352e+01,6.008730381590784191e+02,-1.264678287080795371e+02
5.100000000000115108e+00,4.046275468187726005e+02,5.650910867357366385e+01,-5.286314384150190904e+01,6.016230381590785328e+02,-1.339060123188982629e+02
5.102500000000115499e+00,4.047688019183913184e+02,5.647798461351064248e+01,-5.432154163869021346e+01,6.023730381590786465e+02,-1.415578861187084954e+02
5.105000000000115890e+00,4.049099792213289675e+02,5.644688595873662251e+01,-5.576846944841559406e+01,6.031230381590787601e+02,-1.494209357562602065e+02
5.107500000000116280e+00,4.050510787931794425e+02,5.641581625001859379e+01,-5.720371476734891303e+01,6.038730381590789875e+02,-1.574922934880562480e+02
5.110000000000116671e+00,4.051921007082195842e+02,5.638477868723905573e+01,-5.862706403710180325e+01,6.046230381590789875e+02,-1.657688025763330302e+02
5.112500000000117062e+00,4.053330450485026972e+02,5.635377603389859047e+01,-6.003830267182024727e+01,6.053730381590792149e+02,-1.742471273047158604e+02
5.115000000000117453e+00,4.054739119027138372e+02,5.632281052350161588e+01,-6.143721483592518950e+01,6.061230381590792149e+02,1.770760946799773308e+02
5.117500000000117844e+00,4.056147013647928361e+02,5.629188377186497405e+01,-6.282358416201749662e+01,6.068730381590793286e+02,1.682040681439574143e+02
5.120000000000118234e+00,4.057554135323430273e+02,5.626099669881741505e+01,-6.419719332569913206e+01,6.076230381590794423e+02,1.591396420851547191e+02
5.122500000000118625e+00,4.058960485048504552e+02,5.623014946295570837e+01,-6.555782464962408085e+01,6.083730381590795560e+02,1.498851221854502569e+02
5.125000000000119016e+00,4.060366063817486406e+02,5.619934141364961988e+01,-6.690526072573985061e+01,6.091230381590796696e+02,1.404421226586720763e+02
5.127500000000119407e+00,4.061770872603745488e+02,5.616857106393214849e+01,-6.823928489872182013e+01,6.098730381590797833e+02,1.308114871127839649e+02
5.130000000000119798e+00,4.063174912338694185e+02,5.613783608757520938e+01,-6.955968231995609585e+01,6.106230381590798970e+02,1.209933044476817372e+02
5.132500000000120188e+00,4.064578183890873220e+02,5.610713334323297374e+01,-7.086624069444519591e+01,6.113730381590798970e+02,1.109870373020433902e+02
5.135000000000120579e+00,4.065980688045797820e+02,5.607645892769006934e+01,-7.215875109528309395e+01,6.121230381590801244e+02,1.007917675784173355e+02
5.137500000000120970e+00,4.067382425487309092e+02,5.604580825953498646e+01,-7.343700952469754384e+01,6.128730381590803518e+02,9.040654612625961306e+01
5.140000000000121361e+00,4.068783396781188912e+02,5.601517619378703472e+01,-7.470081750268762733e+01,6.136230381590804654e+02,7.983081355062168427e+01
5.142500000000121751e+00,4.070183602361818771e+02,5.598455716635907464e+01,-7.594998319959559296e+01,6.143730381590805791e+02,6.906483890555060157e+01
5.145000000000122142e+00,4.071583042522610185e+02,5.595394536627366477e+01,-7.718432099768352828e+01,6.151230381590806928e+02,5.811010574157667463e+01
5.147500000000122533e+00,4.072981717410889360e+02,5.592333493215491558e+01,-7.840364973623840683e+01,6.158730381590808065e+02,4.696956614598997248e+01
5.150000000000122924e+00,4.074379627027821584e+02,5.589272016796867604e+01,-7.960779242756463248e+01,6.166230381590809202e+02,3.564768886528290892e+01
5.152500000000123315e+00,4.075776771233811360e+02,5.586209577244327562e+01,-8.079658022073392942e+01,6.173730381590810339e+02,2.415025121240049799e+01
5.155000000000123705e+00,4.077173149759705666e+02,5.583145707314265138e+01,-8.196985301368741261e+01,6.181230381590811476e+02,1.248386658881949707e+01
5.157500000000124096e+00,4.078568762223836757e+02,5.580080025247548292e+01,-8.312745927404702684e+01,6.188730381590812613e+02,6.552934855012353399e-01
5.160000000000124487e+00,4.079963608154620829e+02,5.577012255181075773e+01,-8.426925647334137182e+01,6.196230381590813749e+02,-1.132937226486309967e+01
5.162500000000124878e+00,4.081357687018097522e+02,5.573942244029609583e+01,-8.539510878876671995e+01,6.203730381590814886e+02,-2.346547688353523498e+01
5.165000000000125269e+00,4.082750998249444478e+02,5.570869973513087103e+01,-8.650488645856358971e+01,6.211230381590816023e+02,-3.575039744635544992e+01
5.167500000000125659e+00,4.084143541287183439e+02,5.567795566188664935e+01,-8.759846413831138534e+01,6.218730381590818297e+02,-4.818379459484676630e+01
5.170000000000126050e+00,4.085535315608525480e+02,5.564719284603030758e+01,-8.867571886260658687e+01,6.226230381590818297e+02,-6.076743419349983810e+01
5.172500000000126441e+00,4.086926320764088700e+02,5.561641523025419787e+01,-8.973652860548502019e+01,6.233730381590820571e+02,-7.350455920674862398e+01
5.175000000000126832e+00,4.088316556410124463e+02,5.558562791706384587e+01,-9.078077029708994417e+01,6.241230381590820571e+02,-8.639888292697325767e+01
5.177500000000127223e+00,4.089706022336385445e+02,5.555483694009994622e+01,-9.180831955221559326e+01,6.248730381590821708e+02,-9.945336434865858166e+01
5.180000000000127613e+00,4.091094718487899513e+02,5.552404897327377142e+01,-9.281904943517392326e+01,6.256230381590822844e+02,-1.126690004263342502e+02
5.182500000000128004e+00,4.092482644979152724e+02,5.549327099072242930e+01,-9.381283175434090538e+01,6.263730381590823981e+02,-1.260439086838049150e+02
5.185000000000128395e+00,4.093869802099542312e+02,5.546250989485732674e+01,-9.478954019490352323e+01,6.271230381590825118e+02,-1.395729583058438266e+02
5.187500000000128786e+00,4.095256190309414137e+02,5.543177213168662831e+01,-9.574904647338372854e+01,6.278730381590826255e+02,-1.532481203195994226e+02
5.190000000000129177e+00,4.096641810226470284e+02,5.540106331400409090e+01,-9.669121861704118714e+01,6.286230381590827392e+02,-1.670595522200495964e+02
5.192500000000129567e+00,4.098026662602867987e+02,5.537038787719364308e+01,-9.761592045497555148e+01,6.293730381590828529e+02,1.790027642254835030e+02
5.195000000000129958e+00,4.099410748293982465e+02,5.533974879300053829e+01,-9.852301306361788136e+01,6.301230381590829666e+02,1.649471934349701883e+02
5.197500000000130349e+00,4.100794068220420172e+02,5.530914736263396492e+01,-9.941235517052321313e+01,6.308730381590829666e+02,1.507788830439233152e+02
5.200000000000130740e+00,4.102176623325366336e+02,5.527858310569738620e+01,-1.002838056896574415e+02,6.316230381590831939e+02,1.364988982613791677e+02
5.202500000000131131e+00,4.103558414529740617e+02,5.524805375603260416e+01,-1.011372260987923255e+02,6.323730381590834213e+02,1.221043336712184839e+02
5.205000000000131521e+00,4.104939442687880842e+02,5.521755536897413918e+01,-1.019724820458820602e+02,6.331230381590834213e+02,1.075894515365219917e+02
5.207500000000131912e+00,4.106319708546538436e+02,5.518708253747168158e+01,-1.027894466093692074e+02,6.338730381590835350e+02,9.294764137691693406e+01
5.210000000000132303e+00,4.107699212709874814e+02,5.515662870856912292e+01,-1.035880022252661519e+02,6.346230381590836487e+02,7.817377163325804190e+01
5.212500000000132694e+00,4.109077955612900155e+02,5.512618658438669428e+01,-1.044539472830038278e+02,6.353730381590837624e+02,6.326257799247699154e+01
5.215000000000133085e+00,4.110455937505356019e+02,5.509574858631312111e+01,-1.052810140837695627e+02,6.361230381590838761e+02,4.821041819080378588e+01
5.217500000000133475e+00,4.111833158447470282e+02,5.506530735335857685e+01,-1.060958106727471915e+02,6.368730381590839897e+02,3.302740894773287295e+01
5.220000000000133866e+00,4.113209618318272192e+02,5.503485624914626584e+01,-1.068916355928634374e+02,6.376230381590842171e+02,1.772504374677018291e+01
5.222500000000134257e+00,4.114585316836586912e+02,5.500438985031681227e+01,-1.076687008454723582e+02,6.383730381590843308e+02,2.316986955320398334e+00
5.225000000000134648e+00,4.115960253593967195e+02,5.497390436623088306e+01,-1.084271728440939881e+02,6.391230381590844445e+02,-1.318500981164596730e+01
5.227500000000135039e+00,4.117334428097610157e+02,5.494339795425866413e+01,-1.091671129545064645e+02,6.398730381590845582e+02,-2.877384041477867882e+01
5.230000000000135429e+00,4.118707839820447703e+02,5.491287089762361973e+01,-1.098886952284911587e+02,6.406230381590847855e+02,-4.444855460778590128e+01
5.232500000000135820e+00,4.120080488254816942e+02,5.488232562274718873e+01,-1.105919444640689733e+02,6.413730381590848992e+02,-6.021409258260317188e+01
5.235000000000136211e+00,4.121452372965604241e+02,5.485176654719759881e+01,-1.112770049326943678e+02,6.421230381590848992e+02,-7.607926693412208863e+01
5.237500000000136602e+00,4.122823493638626928e+02,5.482119976423651764e+01,-1.119438508263576182e+02,6.428730381590851266e+02,-9.205345068935177721e+01
5.240000000000136993e+00,4.124193850120252023e+02,5.479063258463397545e+01,-1.125925936321218757e+02,6.436230381590851266e+02,-1.081429239575359134e+02
5.242500000000137383e+00,4.125563442444840803e+02,5.476007297042347943e+01,-1.132231677802819831e+02,6.443730381590852403e+02,-1.243479474186046900e+02
5.245000000000137774e+00,4.126932270847560176e+02,5.472952890517609603e+01,-1.138356177382016483e+02,6.451230381590853540e+02,-1.406615502577350298e+02
5.247500000000138165e+00,4.128300335761244355e+02,5.469900775130411574e+01,-1.144299575177673489e+02,6.458730381590854677e+02,-1.570706232595849769e+02
5.250000000000138556e+00,4.129667637797284669e+02,5.466851564456024448e+01,-1.150060908299488602e+02,6.466230381590855814e+02,-1.735590983520715440e+02
5.252500000000138947e+00,4.131034177711735538e+02,5.463805697921362992e+01,-1.155640459808254548e+02,6.473730381590856950e+02,1.698876702632612137e+02
5.255000000000139337e+00,4.132399956359244584e+02,5.460763403218801670e+01,-1.161036940024169155e+02,6.481230381590858087e+02,1.532788356343686189e+02
5.257500000000139728e+00,4.133764974638498302e+02,5.457724676069142333e+01,-1.166249562231664640e+02,6.488730381590859224e+02,1.366156864829977451e+02
5.260000000000140119e+00,4.135129233433677882e+02,5.454689279265217294e+01,-1.171278327998117987e+02,6.496230381590860361e+02,1.198918352649465362e+02
5.262500000000140510e+00,4.136492733556796679e+02,5.451656761246423599e+01,-1.176121656168237024e+02,6.503730381590862635e+02,1.030960079988605713e+02
5.265000000000140901e+00,4.137855475695764085e+02,5.448626492820279310e+01,-1.180778576139072271e+02,6.511230381590862635e+02,8.621657490654514788e+01
5.267500000000141291e+00,4.139217460372591404e+02,5.445597719262774916e+01,-1.185249060674675832e+02,6.518730381590864909e+02,6.924637999957498380e+01
5.270000000000141682e+00,4.140578687915379987e+02,5.442569623783696642e+01,-1.189531848073253002e+02,6.526230381590864909e+02,5.218631654806724640e+01
5.272500000000142073e+00,4.141939158446672877e+02,5.439541397395080935e+01,-1.193625539792868153e+02,6.533730381590867182e+02,3.504628443159896278e+01
5.275000000000142464e+00,4.143298871889464294e+02,5.436512309698068179e+01,-1.197529614941450262e+02,6.541230381590867182e+02,1.784299367159875516e+01
5.277500000000142855e+00,4.144657827990779992e+02,5.433481774814877241e+01,-1.201243843909230122e+02,6.548730381590868319e+02,5.952023961750165792e-01
5.280000000000143245e+00,4.146016026361284048e+02,5.430449406003361901e+01,-1.204766951839726090e+02,6.556230381590869456e+02,-1.668194093926065591e+01
5.282500000000143636e+00,4.147373466527682808e+02,5.427415052998486544e+01,-1.208097767571046433e+02,6.563730381590869456e+02,-3.398137775873650668e+01
5.285000000000144027e+00,4.148730147993319974e+02,5.424378817770176653e+01,-1.211235518318360818e+02,6.571230381590871730e+02,-5.130577704228678471e+01
5.287500000000144418e+00,4.150086070301393875e+02,5.421341046538527308e+01,-1.214180085796444644e+02,6.578730381590872867e+02,-6.866572334726770066e+01
5.290000000000144809e+00,4.151441233094802783e+02,5.418302298352540447e+01,-1.216930400048583749e+02,6.586230381590874003e+02,-8.607504875571032699e+01
5.292500000000145199e+00,4.152795636166865734e+02,5.415263293084849039e+01,-1.219485269801511436e+02,6.593730381590875140e+02,-1.035449230589580054e+02
5.295000000000145590e+00,4.154149279498013243e+02,5.412224843838276200e+01,-1.221843412337063057e+02,6.601230381590876277e+02,-1.210787422279465062e+02
5.297500000000145981e+00,4.155502163274886129e+02,5.409187780415343383e+01,-1.224003626309192754e+02,6.608730381590877414e+02,-1.386696859130580037e+02
5.300000000000146372e+00,4.156854287890026285e+02,5.406152871218757383e+01,-1.225965128974834357e+02,6.616230381590879688e+02,-1.563019888623218776e+02
5.302500000000146763e+00,4.158205653922201464e+02,5.403120750840164987e+01,-1.227727483382183635e+02,6.623730381590880825e+02,-1.739556356162008512e+02
5.305000000000147153e+00,4.159556262099146693e+02,5.400091860302352842e+01,-1.229289466630647922e+02,6.631230381590883098e+02,1.683872271261120943e+02
5.307500000000147544e+00,4.160906113246310269e+02,5.397066406030985775e+01,-1.230649868975037009e+02,6.638730381590884235e+02,1.507366227368796956e+02
5.310000000000147935e+00,4.162255208226555965e+02,5.394044341420410404e+01,-1.231807479432692674e+02,6.646230381590884235e+02,1.330920077332278026e+02
5.312500000000148326e+00,4.163603547876617199e+02,5.391025372408485339e+01,-1.232761156752037977e+02,6.653730381590885372e+02,1.154434775530751267e+02
5.315000000000148717e+00,4.164951132946304710e+02,5.388008986182323667e+01,-1.233509853343870759e+02,6.661230381590886509e+02,9.777642383569086348e+01
5.317500000000149107e+00,4.166297964046134439e+02,5.384994500042819965e+01,-1.234052635088820153e+02,6.668730381590886509e+02,8.007794998624642346e+01
5.320000000000149498e+00,4.167644041608184011e+02,5.381981125789073417e+01,-1.234388674524279423e+02,6.676230381590888783e+02,6.234276244079911322e+01
5.322500000000149889e+00,4.168989365863756689e+02,5.378968043787526909e+01,-1.234517153513268255e+02,6.683730381590889920e+02,4.457638094438337362e+01
5.325000000000150280e+00,4.170333936839907665e+02,5.375954480102397071e+01,-1.234437260529865625e+02,6.691230381590892193e+02,2.679436737569137961e+01
5.327500000000150671e+00,4.171677754375199925e+02,5.372939780028918477e+01,-1.234148276098429875e+02,6.698730381590893330e+02,9.017721204724814754e+00
5.330000000000151061e+00,4.173020818153453320e+02,5.369923471172668172e+01,-1.233649588124199994e+02,6.706230381590893330e+02,-8.733855275139827512e+00
5.332500000000151452e+00,4.174363127752434934e+02,5.366905309264743096e+01,-1.232940651562714436e+02,6.713730381590894467e+02,-2.644819582396732827e+01
5.335000000000151843e+00,4.175704682702834134e+02,5.363885301619782098e+01,-1.232020972160139394e+02,6.721230381590895604e+02,-4.412399933266853225e+01
5.337500000000152234e+00,4.177045482551716304e+02,5.360863705674725566e+01,-1.230890068225446328e+02,6.728730381590897878e+02,-6.177006393345953938e+01
5.340000000000152625e+00,4.178385526924164424e+02,5.357841002694626553e+01,-1.229547452635281388e+02,6.736230381590897878e+02,-7.940083744575210289e+01
5.342500000000153015e+00,4.179724815576996093e+02,5.354817849501845473e+01,-1.227992637319152323e+02,6.743730381590899015e+02,-9.702998162767543988e+01
5.345000000000153406e+00,4.181063348439305400e+02,5.351795013491101116e+01,-1.226225142261085495e+02,6.751230381590900151e+02,-1.146642641459951477e+02
5.347500000000153797e+00,4.182401125636016559e+02,5.348773297796027038e+01,-1.224244580328703904e+02,6.758730381590900151e+02,-1.322999645497222900e+02
5.350000000000154188e+00,4.183738147492407506e+02,5.345753464258083909e+01,-1.222050676231873751e+02,6.766230381590902425e+02,-1.499231426735022410e+02
5.352500000000154579e+00,4.185074414519501147e+02,5.342736161535108153e+01,-1.219643193383729169e+02,6.773730381590903562e+02,-1.675137320699763563e+02
5.355000000000154969e+00,4.186409927381980083e+02,5.339721865022982428e+01,-1.217021927387355902e+02,6.781230381590904699e+02,1.749480730648917586e+02
5.357500000000155360e+00,4.187744686851954725e+02,5.336710834426563821e+01,-1.214186711132239509e+02,6.788730381590906973e+02,1.574756104233081260e+02
5.360000000000155751e+00,4.189078693753278344e+02,5.333703092625768249e+01,-1.211137431593701592e+02,6.796230381590906973e+02,1.400720770552530041e+02
5.362500000000156142e+00,4.190411948901851247e+02,5.330698427051898847e+01,-1.207874038006671356e+02,6.803730381590908110e+02,1.227306486742095757e+02
5.365000000000156533e+00,4.191744453047543857e+02,5.327696412584847252e+01,-1.204396568075863740e+02,6.811230381590909246e+02,1.054381648866202994e+02
5.367500000000156923e+00,4.193076206822992162e+02,5.324696453091806347e+01,-1.200705948758272541e+02,6.818730381590911520e+02,8.818093518301292022e+01
5.370000000000157314e+00,4.194407210703716373e+02,5.321697837279617005e+01,-1.196802847992965297e+02,6.826230381590911520e+02,7.095061459542897353e+01
5.372500000000157705e+00,4.195737464982855727e+02,5.318699803582144625e+01,-1.192687633814253445e+02,6.833730381590912657e+02,5.374816762806842974e+01
5.375000000000158096e+00,4.197066969762457234e+02,5.315701608368564024e+01,-1.188360588331441079e+02,6.841230381590913794e+02,3.658454642057203898e+01
5.377500000000158487e+00,4.198395724961818019e+02,5.312702591800404406e+01,-1.183821991524570905e+02,6.848730381590914931e+02,1.947784195351055914e+01
5.380000000000158877e+00,4.199723730341988812e+02,5.309702235949664129e+01,-1.179072581769070496e+02,6.856230381590917204e+02,2.447952605335803167e+00
5.382500000000159268e+00,4.201050985544209198e+02,5.306700209812449742e+01,-1.174113879569230221e+02,6.863730381590917204e+02,-1.448926992317322870e+01
5.385000000000159659e+00,4.202377490138682674e+02,5.303696396865402818e+01,-1.168946517754519903e+02,6.871230381590919478e+02,-3.132625110017284342e+01
5.387500000000160050e+00,4.203703243679149182e+02,5.300690902755383149e+01,-1.163571107590760079e+02,6.878730381590921752e+02,-4.806492773829506859e+01
5.390000000000160441e+00,4.205028245758215348e+02,5.297684042745986943e+01,-1.157988534618824161e+02,6.886230381590922889e+02,-6.471476286657684796e+01
5.392500000000160831e+00,4.206352496058424322e+02,5.294676310625248306e+01,-1.152200651021729954e+02,6.893730381590924026e+02,-8.128843245944871398e+01
5.395000000000161222e+00,4.207675994394593317e+02,5.291668332572128719e+01,-1.146208327852127553e+02,6.901230381590924026e+02,-9.779666044453021811e+01
5.397500000000161613e+00,4.208998740743905387e+02,5.288660810813864543e+01,-1.140012344892236200e+02,6.908730381590925163e+02,-1.142438878750694755e+02
5.400000000000162004e+00,4.210320735261505547e+02,5.285654462580993140e+01,-1.133614936178611714e+02,6.916230381590926299e+02,-1.306260914565876021e+02
5.402500000000162395e+00,4.211641978280751459e+02,5.282649959956680874e+01,-1.127017906760690522e+02,6.923730381590928573e+02,-1.469313937215992496e+02
5.405000000000162785e+00,4.212962470298650146e+02,5.279647875522157108e+01,-1.120222400654279085e+02,6.931230381590928573e+02,-1.631431666820923851e+02
5.407500000000163176e+00,4.214282211948161034e+02,5.276648637999353042e+01,-1.113231364640498668e+02,6.938730381590929710e+02,-1.792445697732929943e+02
5.410000000000163567e+00,4.215601203960103476e+02,5.273652501342532872e+01,-1.106046664207561179e+02,6.946230381590930847e+02,1.647770283932298128e+02
5.412500000000163958e+00,4.216919447118184507e+02,5.270659529199193116e+01,-1.098670430437456389e+02,6.953730381590930847e+02,1.489271991928280556e+02
5.415000000000164349e+00,4.218236942211040059e+02,5.267669595037597219e+01,-1.091105926144633145e+02,6.961230381590933121e+02,1.332038916199561527e+02
5.417500000000164739e+00,4.219553689985181677e+02,5.264682396891677740e+01,-1.083355087387127469e+02,6.968730381590934257e+02,1.175991876514866306e+02
5.420000000000165130e+00,4.220869691102400338e+02,5.261697484654749957e+01,-1.075421629448795215e+02,6.976230381590936531e+02,1.021026110534888574e+02
5.422500000000165521e+00,4.222184946104627556e+02,5.258714297059754728e+01,-1.067307817469244355e+02,6.983730381590937668e+02,8.670495523664804693e+01
5.425000000000165912e+00,4.223499455388485444e+02,5.255732205089653775e+01,-1.059017787351910016e+02,6.991230381590937668e+02,7.140155403910891607e+01
5.427500000000166303e+00,4.224813219190950235e+02,5.252750558441028517e+01,-1.050554224260166762e+02,6.998730381590938805e+02,5.619411170390483790e+01
5.430000000000166693e+00,4.226126237586699403e+02,5.249768731743198913e+01,-1.041921268579440891e+02,7.006230381590939942e+02,4.109071096499579312e+01
5.432500000000167084e+00,4.227438510496892263e+02,5.246786167573863935e+01,-1.033121911543344282e+02,7.013730381590942216e+02,2.610403187947197878e+01
5.435000000000167475e+00,4.228750037708445575e+02,5.243802413690844588e+01,-1.024160271993925591e+02,7.021230381590942216e+02,1.124840146100636140e+01
5.437500000000167866e+00,4.230060818902213668e+02,5.240817151946382069e+01,-1.015039671128085388e+02,7.028730381590943352e+02,-3.463432376882591868e+00
5.440000000000168257e+00,4.231370853687843123e+02,5.237830216896391278e+01,-1.005764525659728292e+02,7.036230381590944489e+02,-1.802292080777364802e+01
5.442500000000168647e+00,4.232680141642657645e+02,5.234841603140438338e+01,-9.963387718971434026e+01,7.043730381590945626e+02,-3.242702597181424551e+01
5.445000000000169038e+00,4.233988682351719035e+02,5.231851461361711131e+01,-9.867669713193963332e+01,7.051230381590946763e+02,-4.667806572047512503e+01
5.447500000000169429e+00,4.235296475446278919e+02,5.228860083927181535e+01,-9.770533623319759897e+01,7.058730381590947900e+02,-6.078228918736915176e+01
5.450000000000169820e+00,4.236603520638078635e+02,5.225867881665396197e+01,-9.664378497321237660e+01,7.066230381590949037e+02,-7.474426109912346305e+01
5.452500000000170211e+00,4.237909817747409988e+02,5.222875354034662365e+01,-9.558770998770285132e+01,7.073730381590950174e+02,-8.856485931683442914e+01
5.455000000000170601e+00,4.239215366723411762e+02,5.219883054965541902e+01,-9.451363712048302546e+01,7.081230381590952447e+02,-1.022499177838588906e+02
5.457500000000170992e+00,4.240520167655662931e+02,5.216891557130833235e+01,-9.342783017889416897e+01,7.088730381590952447e+02,-1.157991019747347821e+02
5.460000000000171383e+00,4.241824220776865673e+02,5.213901417641142899e+01,-9.233043967134442198e+01,7.096230381590954721e+02,-1.292086913834178858e+02
5.462500000000171774e+00,4.243127526457073486e+02,5.210913146585763656e+01,-9.122162623390427427e+01,7.103730381590955858e+02,-1.424714452251480452e+02
5.465000000000172165e+00,4.244430085190290924e+02,5.207927180231811093e+01,-9.010155749745072740e+01,7.111230381590956995e+02,-1.555780546922863721e+02
5.467500000000172555e+00,4.245731897574661389e+02,5.204943860028171798e+01,-8.897040744852668581e+01,7.118730381590959269e+02,-1.685189212805266550e+02
5.470000000000172946e+00,4.247032964287776622e+02,5.201963418307362730e+01,-8.782835631535401433e+01,7.126230381590959269e+02,1.787141628488747926e+02
5.472500000000173337e+00,4.248333286058806948e+02,5.198985970928155353e+01,-8.667558975552189793e+01,7.133730381590960405e+02,1.661267847792496184e+02
5.475000000000173728e+00,4.249632863639181437e+02,5.196011516598378677e+01,-8.551229811048764873e+01,7.141230381590961542e+02,1.537213333721379058e+02
5.477500000000174118e+00,4.250931697773463611e+02,5.193039942229448513e+01,-8.433867552896316511e+01,7.148730381590961542e+02,1.414971026192347665e+02
5.480000000000174509e+00,4.252229789171879588e+02,5.190071033432803205e+01,-8.315492034386123521e+01,7.156230381590963816e+02,1.294509575049760031e+02
5.482500000000174900e+00,4.253527138485731030e+02,5.187104489059700541e+01,-8.196123300041149662e+01,7.163730381590964953e+02,1.175783554667218169e+02
5.485000000000175291e+00,4.254823746286635355e+02,5.184139938634660894e+01,-8.075781661847534565e+01,7.171230381590967227e+02,1.058744900426348892e+02
5.487500000000175682e+00,4.256119613050250905e+02,5.181176961553382654e+01,-7.954487513875137950e+01,7.178730381590968364e+02,9.433534493806864418e+01
5.490000000000176072e+00,4.257414739144869600e+02,5.178215106986844063e+01,-7.832261331608133048e+01,7.186230381590968364e+02,8.295849837483800115e+01
5.492500000000176463e+00,4.258709124824990795e+02,5.175253913575324560e+01,-7.709123460290911112e+01,7.193730381590969500e+02,7.174358205441917846e+01
5.495000000000176854e+00,4.260002770229783664e+02,5.172292928115012245e+01,-7.585093909926388278e+01,7.201230381590970637e+02,6.069236594006166285e+01
5.497500000000177245e+00,4.261295675386140829e+02,5.169331722591270051e+01,-7.460192011388133437e+01,7.208730381590972911e+02,4.980850126983894910e+01
5.500000000000177636e+00,4.262587840215876440e+02,5.166369909162856544e+01,-7.334436844438299374e+01,7.216230381590972911e+02,3.909700339571195116e+01
5.502500000000178026e+00,4.263879264546549166e+02,5.163407152749437756e+01,-7.207847344759107955e+01,7.223730381590974048e+02,2.856358737062020126e+01
5.505000000000178417e+00,4.265169948125284805e+02,5.160443180844720956e+01,-7.080442320124636524e+01,7.231230381590975185e+02,1.821397778923499544e+01
5.507500000000178808e+00,4.266459890634882299e+02,5.157477790293460629e+01,-6.952240471200397565e+01,7.238730381590975185e+02,8.053300601147110882e+00
5.510000000000179199e+00,4.267749091711438609e+02,5.154510850999663063e+01,-6.823260385994899480e+01,7.246230381590977458e+02,-1.914365351807098214e+00
5.512500000000179590e+00,4.269037550962727892e+02,5.151542306670332749e+01,-6.693520573144941466e+01,7.253730381590978595e+02,-1.168623767818715997e+01
5.515000000000179980e+00,4.270325267986603990e+02,5.148572172837548777e+01,-6.563039472674719832e+01,7.261230381590979732e+02,-2.126087913359255310e+01
5.517500000000180371e+00,4.271612242388765139e+02,5.145600532480436584e+01,-6.431835498559024700e+01,7.268730381590982006e+02,-3.063807424015924497e+01
5.520000000000180762e+00,4.272898473799298813e+02,5.142627529661230312e+01,-6.299927057700948296e+01,7.276230381590982006e+02,-3.981858125585889496e+01
5.522500000000181153e+00,4.274183961887537180e+02,5.139653361656814212e+01,-6.167332582499242477e+01,7.283730381590983143e+02,-4.880381371979233052e+01
5.525000000000181544e+00,4.275468706374876433e+02,5.136678270024734161e+01,-6.034070605508674134e+01,7.291230381590984280e+02,-5.759550299135594997e+01
5.527500000000181934e+00,4.276752707045315560e+02,5.133702531098226274e+01,-5.900159830020777463e+01,7.298730381590986553e+02,-6.619538453693671443e+01
5.530000000000182325e+00,4.278035963753603710e+02,5.130726446315647848e+01,-5.765619143907449029e+01,7.306230381590987690e+02,-7.460493793572126719e+01
5.532500000000182716e+00,4.279318476430967166e+02,5.127750332746551720e+01,-5.630467716072854500e+01,7.313730381590987690e+02,-8.282519828897532932e+01
5.535000000000183107e+00,4.280600245088496081e+02,5.124774514127388869e+01,-5.494724907536814129e+01,7.321230381590988827e+02,-9.085664493045595691e+01
5.537500000000183498e+00,4.281881269818321698e+02,5.121799312632621337e+01,-5.358410474534378665e+01,7.328730381590989964e+02,-9.869916422399101918e+01
5.540000000000183888e+00,4.283161550792788717e+02,5.118825041591713898e+01,-5.221544449635427299e+01,7.336230381590992238e+02,-1.063520762666397843e+02
5.542500000000184279e+00,4.284441088261862092e+02,5.115851999235817260e+01,-5.084147281162046994e+01,7.343730381590992238e+02,-1.138142108133010311e+02
5.545000000000184670e+00,4.285719882549032604e+02,5.112880463521415919e+01,-4.946239897376167249e+01,7.351230381590994511e+02,-1.210840162815900811e+02
5.547500000000185061e+00,4.286997934045990064e+02,5.109910688027410686e+01,-4.807843521748419846e+01,7.358730381590995648e+02,-1.281596852151319865e+02
5.550000000000185452e+00,4.288275243206327900e+02,5.106942898861705515e+01,-4.668979657023744778e+01,7.366230381590997922e+02,-1.350392818148007734e+02
5.552500000000185842e+00,4.289551810538530958e+02,5.103977292569731361e+01,-4.529670079561507379e+01,7.373730381590999059e+02,-1.417208597344431098e+02
5.555000000000186233e+00,4.290827636598499453e+02,5.101014034988591561e+01,-4.389936826532884595e+01,7.381230381590999059e+02,-1.482025618534370039e+02
5.557500000000186624e+00,4.292102721981831905e+02,5.098053260933035347e+01,-4.249802144542412918e+01,7.388730381591000196e+02,-1.544826970225905143e+02
5.560000000000187015e+00,4.293377067316077387e+02,5.095095074615260700e+01,-4.109288466917263349e+01,7.396230381591001333e+02,-1.605597920401470446e+02
5.562500000000187406e+00,4.294650673253130435e+02,5.092139550703468132e+01,-3.968418446353196316e+01,7.403730381591003606e+02,-1.664326198913507255e+02
5.565000000000187796e+00,4.295923540461920993e+02,5.089186735858638855e+01,-3.827214850258261691e+01,7.411230381591003606e+02,-1.721002070582886461e+02
5.567500000000188187e+00,4.297195669621513616e+02,5.086236650653555103e+01,-3.685700598471278511e+01,7.418730381591004743e+02,-1.775618239468197146e+02
5.570000000000188578e+00,4.298467061414704631e+02,5.083289291781697017e+01,-3.543898736975553021e+01,7.426230381591005880e+02,1.771830370522630460e+02
5.572500000000188969e+00,4.299737716522183746e+02,5.080344634446363727e+01,-3.401832384194852210e+01,7.433730381591005880e+02,1.721346914418455754e+02
5.575000000000189360e+00,4.301007635617301048e+02,5.077402634840489526e+01,-3.259524707770370355e+01,7.441230381591007017e+02,1.672932963793965939e+02
5.577500000000189750e+00,4.302276819361457001e+02,5.074463232655331524e+01,-3.116998961670724810e+01,7.448730381591009291e+02,1.626588851738100914e+02
5.580000000000190141e+00,4.303545268400117720e+02,5.071526353550834187e+01,-2.974278417888953996e+01,7.456230381591011565e+02,1.582313998214466437e+02
5.582500000000190532e+00,4.304812983359446434e+02,5.068591911547828488e+01,-2.831386366234370655e+01,7.463730381591012701e+02,1.540107200623231449e+02
5.585000000000190923e+00,4.306079964843524408e+02,5.065659811283558156e+01,-2.688346100255746052e+01,7.471230381591012701e+02,1.499966878077077013e+02
5.587500000000191314e+00,4.307346213432129503e+02,5.062729950127491918e+01,-2.545180926706359159e+01,7.478730381591013838e+02,1.461891265882863706e+02
5.590000000000191704e+00,4.308611729679033147e+02,5.059802220121992633e+01,-2.401914094982145542e+01,7.486230381591014975e+02,1.425878560104527537e+02
5.592500000000192095e+00,4.309876514110772519e+02,5.056876509737547565e+01,-2.258568867425109872e+01,7.493730381591017249e+02,1.391927017015053991e+02
5.595000000000192486e+00,4.311140567225852465e+02,5.053952705443752080e+01,-2.115168458699059073e+01,7.501230381591017249e+02,1.360035010575864760e+02
5.597500000000192877e+00,4.312403889494327700e+02,5.051030693099971813e+01,-1.971736022897669827e+01,7.508730381591018386e+02,1.330201057437265888e+02
5.600000000000193268e+00,4.313666481357722660e+02,5.048110359154466664e+01,-1.828294700266586048e+01,7.516230381591019523e+02,1.302423814652276803e+02
5.602500000000193658e+00,4.314928343229242387e+02,5.045191591687308375e+01,-1.684867540651029572e+01,7.523730381591020659e+02,1.276702056719665705e+02
5.605000000000194049e+00,4.316189475494234102e+02,5.042274281280487713e+01,-1.541477534398328331e+01,7.531230381591020659e+02,1.253034639371566925e+02
5.607500000000194440e+00,4.317449878510856252e+02,5.039358321752278869e+01,-1.398147654080260871e+01,7.538730381591022933e+02,1.231420453523931826e+02
5.610000000000194831e+00,4.318709552610925471e+02,5.036443610758488632e+01,-1.254900747291373442e+01,7.546230381591024070e+02,1.211858374717414222e+02
5.612500000000195222e+00,4.319968498100907937e+02,5.033530050271799894e+01,-1.111759633785796453e+01,7.553730381591026344e+02,1.194347211325605258e+02
5.615000000000195612e+00,4.321226715263019287e+02,5.030617546965989817e+01,-9.687470487123235330e+00,7.561230381591027481e+02,1.178885653031127276e+02
5.617500000000196003e+00,4.322484204356420605e+02,5.027706012504876298e+01,-8.258856365534679611e+00,7.568730381591027481e+02,1.165472222753505207e+02
5.620000000000196394e+00,4.323740965618479208e+02,5.024795363758293831e+01,-6.831979780123790036e+00,7.576230381591029754e+02,1.154105231816441801e+02
5.622500000000196785e+00,4.324996999266080024e+02,5.021885522963485471e+01,-5.407065719909695645e+00,7.583730381591030891e+02,1.144782738736576562e+02
5.625000000000197176e+00,4.326252305496976192e+02,5.018976417829625802e+01,-3.984338254366600385e+00,7.591230381591032028e+02,1.137502512635960272e+02
5.627500000000197566e+00,4.327506884491160690e+02,5.016067981608799187e+01,-2.564020395001462838e+00,7.598730381591034302e+02,1.132262000526489345e+02
5.630000000000197957e+00,4.328760736412255028e+02,5.013160153138250763e+01,-1.146334666109500633e+00,7.606230381591034302e+02,1.129058298694152711e+02
5.632500000000198348e+00,4.330013861408907019e+02,5.010252876864029759e+01,2.684977442888523136e-01,7.613730381591035439e+02,1.127888126097150661e+02
5.635000000000198739e+00,4.331266259616194247e+02,5.007346102853185243e+01,1.680256351777400736e+00,7.621230381591036576e+02,1.128747801493617828e+02
5.637500000000199130e+00,4.332517931157030944e+02,5.004439786795461487e+01,3.088722087655315640e+00,7.628730381591036576e+02,1.131633222538443277e+02
5.640000000000199520e+00,4.333768876143570878e+02,5.001533890005375582e+01,4.493676926805104443e+00,7.636230381591038849e+02,1.136539847789755413e+02
5.642500000000199911e+00,4.335019094678615943e+02,4.998628379435051272e+01,5.894904132684785303e+00,7.643730381591039986e+02,1.143462679728719991e+02
5.645000000000200302e+00,4.336268586857025866e+02,4.995723227691706825e+01,7.292187789880649973e+00,7.651230381591042260e+02,1.152396251178770825e+02
5.647500000000200693e+00,4.337517352767134184e+02,4.992818413064725291e+01,8.685313420703625553e+00,7.658730381591043397e+02,1.163334613713402348e+02
5.650000000000201084e+00,4.338765392492168189e+02,4.989913919559725741e+01,1.007406827422384055e+01,7.666230381591043397e+02,1.176271329938357724e+02
5.652500000000201474e+00,4.340012706111683087e+02,4.987009736935114290e+01,1.145824061837755004e+01,7.673730381591044534e+02,1.191199470890800995e+02
5.655000000000201865e+00,4.341259293703000139e+02,4.984105860752168837e+01,1.283762048165898939e+01,7.681230381591045671e+02,1.208111618215268237e+02
5.657500000000202256e+00,4.342505155342661283e+02,4.981202292431083833e+01,1.421199950149905966e+01,7.688730381591045671e+02,1.226999874763623097e+02
5.660000000000202647e+00,4.343750291107897965e+02,4.978299039303288964e+01,1.558117111489258733e+01,7.696230381591047944e+02,1.247855884275305556e+02
5.662500000000203038e+00,4.344994701078110211e+02,4.975396114661981528e+01,1.694493029169769827e+01,7.703730381591049081e+02,1.270670862189625296e+02
5.665000000000203428e+00,4.346238385336361034e+02,4.972493537805593888e+01,1.830307398422583987e+01,7.711230381591050218e+02,1.295435639237937266e+02
5.667500000000203819e+00,4.347481343970879948e+02,4.969591334059824561e+01,1.965540126986598324e+01,7.718730381591051355e+02,1.322140720705328931e+02
5.670000000000204210e+00,4.348723577076568176e+02,4.966689534771735737e+01,2.100171265570776313e+01,7.726230381591051355e+02,1.350776361746373766e+02
5.672500000000204601e+00,4.349965084756505576e+02,4.963788177272967772e+01,2.234181157608979618e+01,7.733730381591053629e+02,1.381332658484115825e+02
5.675000000000204992e+00,4.351205867123441067e+02,4.960887304795657826e+01,2.367550299129069558e+01,7.741230381591055902e+02,1.413799658708226445e+02
5.677500000000205382e+00,4.352445924301262608e+02,4.957986966333747603e+01,2.500259471042019044e+01,7.748730381591057039e+02,1.448167485267362053e+02
5.680000000000205773e+00,4.353685256426427372e+02,4.955087216440823283e+01,2.632289606983626840e+01,7.756230381591058176e+02,1.484426473420420223e+02
5.682500000000206164e+00,4.354923863649338500e+02,4.952188114950077846e+01,2.763621940823915679e+01,7.763730381591058176e+02,1.522567314015643944e+02
5.685000000000206555e+00,4.356161746135646240e+02,4.949289726602480499e+01,2.894237933485377923e+01,7.771230381591059313e+02,1.562581198611244986e+02
5.687500000000206946e+00,4.357398904067450189e+02,4.946392120580247109e+01,3.024119255654466798e+01,7.778730381591060450e+02,1.604459954257120557e+02
5.690000000000207336e+00,4.358635337644381025e+02,4.943495369931167005e+01,3.153247856517207381e+01,7.786230381591062724e+02,1.648196156923474121e+02
5.692500000000207727e+00,4.359871047084529323e+02,4.940599550875030133e+01,3.281605908298757868e+01,7.793730381591062724e+02,1.693783210284912570e+02
5.695000000000208118e+00,4.361106032625197031e+02,4.937704741992701685e+01,3.409175788597647738e+01,7.801230381591063860e+02,1.741215373049199400e+02
5.697500000000208509e+00,4.362340294523436910e+02,4.934811023284735398e+01,3.535940142797703345e+01,7.808730381591064997e+02,1.790487718789631799e+02
5.700000000000208900e+00,4.363573833056349827e+02,4.931918475099637078e+01,3.661881821979936547e+01,7.816230381591067271e+02,-1.758403987232050554e+02
5.702500000000209290e+00,4.364806648521108627e+02,4.929027176951361611e+01,3.786983853886732732e+01,7.823730381591069545e+02,-1.705463510318407998e+02
5.705000000000209681e+00,4.366038741234676195e+02,4.926137206219791409e+01,3.911229490213244020e+01,7.831230381591069545e+02,-1.650694476676248144e+02
5.707500000000210072e+00,4.367270111533197792e+02,4.923248636738788520e+01,4.034602146808357048e+01,7.838730381591070682e+02,-1.594100815475585762e+02
5.710000000000210463e+00,4.368500759771029607e+02,4.920361537308910016e+01,4.157085399411074889e+01,7.846230381591072955e+02,-1.535687308874953771e+02
5.712500000000210854e+00,4.369730686319394408e+02,4.917475970155146570e+01,4.278662936369375558e+01,7.853730381591074092e+02,-1.475460231634682202e+02
5.715000000000211244e+00,4.370959891564649524e+02,4.914591989349325019e+01,4.399318570518402538e+01,7.861230381591074092e+02,-1.413428049409552898e+02
5.717500000000211635e+00,4.372188375906158626e+02,4.911709639248927317e+01,4.519036200922711544e+01,7.868730381591075229e+02,-1.349602129727910835e+02
5.720000000000212026e+00,4.373416139753775838e+02,4.908828952992922012e+01,4.637799837139962733e+01,7.876230381591076366e+02,-1.283997401700502508e+02
5.722500000000212417e+00,4.374643183524957522e+02,4.905949951096388162e+01,4.755593567341896488e+01,7.883730381591076366e+02,-1.216632888911601356e+02
5.725000000000212808e+00,4.375869507641533573e+02,4.903072640219027534e+01,4.872401560415297439e+01,7.891230381591078640e+02,-1.147532031035665483e+02
5.727500000000213198e+00,4.377095112526177445e+02,4.900197012186766443e+01,4.988208057927475636e+01,7.898730381591079777e+02,-1.076722708270384317e+02
5.730000000000213589e+00,4.378319998598654479e+02,4.897323043371595475e+01,5.102997357022363190e+01,7.906230381591080913e+02,-1.004236893052189288e+02
5.732500000000213980e+00,4.379544166271936092e+02,4.894450694565974658e+01,5.216753324011327919e+01,7.913730381591080913e+02,-9.301098743662271318e+01
5.735000000000214371e+00,4.380767615948316802e+02,4.891579911510692114e+01,5.329458812833998849e+01,7.921230381591082050e+02,-8.543790376749805660e+01
5.737500000000214762e+00,4.381990348015706900e+02,4.888710626070399456e+01,5.441096743695394622e+01,7.928730381591084324e+02,-7.770822383219557139e+01
5.740000000000215152e+00,4.383212362844244581e+02,4.885842757543739623e+01,5.551651261750665611e+01,7.936230381591085461e+02,-6.982558682409961648e+01
5.742500000000215543e+00,4.384433660783211053e+02,4.882976213270646326e+01,5.661105534157060504e+01,7.943730381591087735e+02,-6.179327599808448923e+01
5.745000000000215934e+00,4.385654242158042848e+02,4.880110888379468292e+01,5.769442147344975069e+01,7.951230381591087735e+02,-5.361401377679921865e+01
5.747500000000216325e+00,4.386874107267250338e+02,4.877246665549995441e+01,5.876643582769968077e+01,7.958730381591088872e+02,-4.528978484487681300e+01
5.750000000000216716e+00,4.388093256379311242e+02,4.874383415588525992e+01,5.982692412459152109e+01,7.966230381591090008e+02,-3.682171015961108651e+01
5.752500000000217106e+00,4.389311689729769910e+02,4.871520998938799352e+01,6.087571238060453283e+01,7.973730381591091145e+02,-2.820999359755601432e+01
5.755000000000217497e+00,4.390529407518756102e+02,4.868659267963030146e+01,6.191262753287666953e+01,7.981230381591093419e+02,-1.945395888351722391e+01
5.757500000000217888e+00,4.391746409909117688e+02,4.865798069832682415e+01,6.293749731063216757e+01,7.988730381591093419e+02,-1.055218795176529234e+01
5.760000000000218279e+00,4.392962697025302532e+02,4.862937249921421312e+01,6.395015089356228799e+01,7.996230381591094556e+02,-1.502762381465631680e+00
5.762500000000218670e+00,4.394178268953114639e+02,4.860076655613415397e+01,6.495041897079583748e+01,8.003730381591095693e+02,7.696401779579847613e+00
5.765000000000219060e+00,4.395393125740445157e+02,4.857216140427062356e+01,6.593813552342396633e+01,8.011230381591095693e+02,1.704714865129135859e+01
5.767500000000219451e+00,4.396607267399047601e+02,4.854355568334574400e+01,6.691313760625335760e+01,8.018730381591097967e+02,2.655064364249100706e+01
5.770000000000219842e+00,4.397820693907398777e+02,4.851494818142018062e+01,6.787526696967432827e+01,8.026230381591099103e+02,3.620695043907588939e+01
5.772500000000220233e+00,4.399033405214655090e+02,4.848633787770009462e+01,6.882437021412103206e+01,8.033730381591101377e+02,4.601468390507283601e+01
5.775000000000220624e+00,4.400245401245667836e+02,4.845772398251018132e+01,6.976029980938872654e+01,8.041230381591102514e+02,5.597080151918395785e+01
5.777500000000221014e+00,4.401456681906973927e+02,4.842910597256013716e+01,7.068291456972319509e+01,8.048730381591102514e+02,6.607058949381172397e+01
5.780000000000221405e+00,4.402667247093637570e+02,4.840048361946840316e+01,7.159208020712182474e+01,8.056230381591104788e+02,7.630788008809516043e+01
5.782500000000221796e+00,4.403877096696759281e+02,4.837185700970326252e+01,7.248766949128268777e+01,8.063730381591105925e+02,8.667550452931429561e+01
5.785000000000222187e+00,4.405086230611431120e+02,4.834322655421612325e+01,7.336956022945780376e+01,8.071230381591107061e+02,9.716594554210445267e+01
5.787500000000222578e+00,4.406294648744865867e+02,4.831459298622625198e+01,7.423763465218941349e+01,8.078730381591107061e+02,1.077721116886814059e+02
5.790000000000222968e+00,4.407502351024403424e+02,4.828595734601393730e+01,7.509178230355227868e+01,8.086230381591109335e+02,1.184881231095891820e+02
5.792500000000223359e+00,4.408709337405056772e+02,4.825732095201036032e+01,7.593189954158640376e+01,8.093730381591110472e+02,1.293099834797264407e+02
5.795000000000223750e+00,4.409915607876259855e+02,4.822868535844883553e+01,7.675788886025105739e+01,8.101230381591111609e+02,1.402360197543677032e+02
5.797500000000224141e+00,4.411121162467480303e+02,4.820005230066269064e+01,7.756965956234888893e+01,8.108730381591111609e+02,1.512669996037845408e+02
5.800000000000224532e+00,4.412326001252402534e+02,4.817142362976287728e+01,7.836712621478199026e+01,8.116230381591113883e+02,1.624058802610679209e+02
5.802500000000224922e+00,4.413530124351419772e+02,4.814280123910986475e+01,7.915020853633359366e+01,8.123730381591115020e+02,1.736571940656370145e+02
5.805000000000225313e+00,4.414733531932255914e+02,4.811418698572347807e+01,7.991883074509829044e+01,8.131230381591116156e+02,-1.749738693658675857e+02
5.807500000000225704e+00,4.415936224208601288e+02,4.808558261043793181e+01,8.067292079311954467e+01,8.138730381591118430e+02,-1.634825733486145509e+02
5.810000000000226095e+00,4.417138201436757754e+02,4.805698966090920976e+01,8.141240934297910314e+01,8.146230381591118430e+02,-1.518657815539370972e+02
5.812500000000226485e+00,4.418339463910392055e+02,4.802840942183459561e+01,8.213722899297791002e+01,8.153730381591119567e+02,-1.401229556689253002e+02
5.815000000000226876e+00,4.419540011953596945e+02,4.799984285690179320e+01,8.284731190835212544e+01,8.161230381591120704e+02,-1.282568081149338752e+02
5.817500000000227267e+00,4.420739845912581245e+02,4.797129056671798963e+01,8.354258656063434785e+01,8.168730381591121841e+02,-1.162734413602521499e+02
5.820000000000227658e+00,4.421938966146415169e+02,4.794275276623265825e+01,8.422297089132189285e+01,8.176230381591122978e+02,-1.041818764220474804e+02
5.822500000000228049e+00,4.423137373017326581e+02,4.791422928294876726e+01,8.488837325327969552e+01,8.183730381591124114e+02,-9.199298715795215742e+01
5.825000000000228439e+00,4.424335066881070020e+02,4.788571957287032888e+01,8.553871449942187155e+01,8.191230381591125251e+02,-7.971799356315024454e+01
5.827500000000228830e+00,4.425532048077769787e+02,4.785722274640488649e+01,8.617391667182796766e+01,8.198730381591126388e+02,-6.736678505534005978e+01
5.830000000000229221e+00,4.426728316923440048e+02,4.782873759808243364e+01,8.679389129318371943e+01,8.206230381591126388e+02,-5.494640563518833432e+01
5.832500000000229612e+00,4.427923873702266633e+02,4.780026264265551106e+01,8.739854548491638297e+01,8.213730381591128662e+02,-4.246002012123656044e+01
5.835000000000230003e+00,4.429118718659854039e+02,4.777179616478475310e+01,8.798778596010789954e+01,8.221230381591129799e+02,-2.990658865284434853e+01
5.837500000000230393e+00,4.430312851997805978e+02,4.774333628583504918e+01,8.856152142838463703e+01,8.228730381591132073e+02,-1.728133797490728085e+01
5.840000000000230784e+00,4.431506273870077166e+02,4.771488104576824441e+01,8.911966317816516892e+01,8.236230381591133209e+02,-4.576969429415214563e+00
5.842500000000231175e+00,4.432698984381441392e+02,4.768642849556266583e+01,8.968417157803722262e+01,8.243730381591133209e+02,8.216622044608239861e+00
5.845000000000231566e+00,4.433890983588314612e+02,4.765797679475237913e+01,9.026002772207345970e+01,8.251230381591134346e+02,2.110714831498903621e+01
5.847500000000231957e+00,4.435082271502029130e+02,4.762952430848515206e+01,9.082464952745807807e+01,8.258730381591135483e+02,3.410252931374543550e+01
5.850000000000232347e+00,4.436272848094506003e+02,4.760106969780927244e+01,9.137310130439617240e+01,8.266230381591137757e+02,4.720273270794956488e+01
5.852500000000232738e+00,4.437462713306138653e+02,4.757261199868716517e+01,9.190539188841941609e+01,8.273730381591137757e+02,6.040198249525928986e+01
5.855000000000233129e+00,4.438651867055563685e+02,4.754415068338595063e+01,9.242162456888466693e+01,8.281230381591138894e+02,7.368998419499715169e+01
5.857500000000233520e+00,4.439840309250852783e+02,4.751568569942550369e+01,9.292179002697127999e+01,8.288730381591140031e+02,8.705345471627150289e+01
5.860000000000233911e+00,4.441028039801533396e+02,4.748721748217188576e+01,9.340597511915160567e+01,8.296230381591143441e+02,1.004784460233212400e+02
5.862500000000234301e+00,4.442215058630770272e+02,4.745874693862626970e+01,9.387414337701453348e+01,8.303730381591144578e+02,1.139529129930148912e+02
5.865000000000234692e+00,4.443401365686969484e+02,4.743027540165179090e+01,9.432636997687252745e+01,8.311230381591144578e+02,1.274689571545870024e+02
5.867500000000235083e+00,4.444586960954073902e+02,4.740180455613614185e+01,9.476266977550994852e+01,8.318730381591145715e+02,1.410241991267518529e+02
5.870000000000235474e+00,4.445771844459861200e+02,4.737333634102543556e+01,9.518302325647870532e+01,8.326230381591146852e+02,1.546219204287022251e+02
5.872500000000235865e+00,4.446956016281674806e+02,4.734487283330066987e+01,9.558749573799225630e+01,8.333730381591149126e+02,1.682699682677469468e+02
5.875000000000236255e+00,4.448139476549172855e+02,4.731641612142351505e+01,9.597606434429272326e+01,8.341230381591149126e+02,-1.780213938137829075e+02
5.877500000000236646e+00,4.449322225443880257e+02,4.728796817694007615e+01,9.634871765237716090e+01,8.348730381591150262e+02,-1.642422381747453812e+02
5.880000000000237037e+00,4.450504263195550152e+02,4.725953073362403956e+01,9.670551154564834917e+01,8.356230381591151399e+02,-1.503857517483972970e+02
5.882500000000237428e+00,4.451685590075575760e+02,4.723110518335614216e+01,9.704642020742103625e+01,8.363730381591151399e+02,-1.364504577285994458e+02
5.885000000000237819e+00,4.452866206387922148e+02,4.720269249709276949e+01,9.737139432508323011e+01,8.371230381591153673e+02,-1.224413049225968848e+02
5.887500000000238209e+00,4.454046112458250946e+02,4.717429317718622173e+01,9.768042939140860881e+01,8.378730381591154810e+02,-1.083692724850074001e+02
5.890000000000238600e+00,4.455225308622041780e+02,4.714590724304668612e+01,9.797352451226882408e+01,8.386230381591155947e+02,-9.424946417899855078e+01
5.892500000000238991e+00,4.456403795212539194e+02,4.711753424524183487e+01,9.825061491805098512e+01,8.393730381591157084e+02,-8.009810724096330148e+01
5.895000000000239382e+00,4.457581572549180464e+02,4.708917329821000664e+01,9.851163474708333467e+01,8.401230381591158221e+02,-6.592918478267930027e+01
5.897500000000239773e+00,4.458758640926916428e+02,4.706082312536069168e+01,9.875654580335269372e+01,8.408730381591159357e+02,-5.175156589130427420e+01
5.900000000000240163e+00,4.459935000606732842e+02,4.703248211995605033e+01,9.898534806706756228e+01,8.416230381591160494e+02,-3.756737679227194349e+01
5.902500000000240554e+00,4.461110651807805425e+02,4.700414842728517328e+01,9.919796369077228348e+01,8.423730381591162768e+02,-2.337202498710520260e+01
5.905000000000240945e+00,4.462285594701837113e+02,4.697582004781428822e+01,9.939432044367939056e+01,8.431230381591163905e+02,-9.155837214523346645e+00
5.907500000000241336e+00,4.463459829410081738e+02,4.694749495540431639e+01,9.957434733147434258e+01,8.438730381591163905e+02,5.093097516500626476e+00
5.910000000000241727e+00,4.464633356003380413e+02,4.691917122235030035e+01,9.973798564497842278e+01,8.446230381591165042e+02,1.938552512517355098e+01
5.912500000000242117e+00,4.465806174505336799e+02,4.689084714237977636e+01,9.988523031722552048e+01,8.453730381591166179e+02,3.372783829678837009e+01
5.915000000000242508e+00,4.466978284898527249e+02,4.686252134274248249e+01,1.000160444754713467e+02,8.461230381591168452e+02,4.811985447446173936e+01
5.917500000000242899e+00,4.468149687133422390e+02,4.683419287704371214e+01,1.001303832824651892e+02,8.468730381591168452e+02,6.255414858025828551e+01
5.920000000000243290e+00,4.469320381139497727e+02,4.680586129151574681e+01,1.002282002501125220e+02,8.476230381591169589e+02,7.701720537451510040e+01
5.922500000000243681e+00,4.470490366837827878e+02,4.677752665908068508e+01,1.003094503191424423e+02,8.483730381591170726e+02,9.149217767742239005e+01
5.925000000000244071e+00,4.471659644154338480e+02,4.674918957768307592e+01,1.003740877647268519e+02,8.491230381591170726e+02,1.059625631001604376e+02
5.927500000000244462e+00,4.472828213032804570e+02,4.672085113184920857e+01,1.004220720662290489e+02,8.498730381591173000e+02,1.204158116781813135e+02
5.930000000000244853e+00,4.473996073446684250e+02,4.669251281919370911e+01,1.004533673455648568e+02,8.506230381591174137e+02,1.348458926766399202e+02
5.932500000000245244e+00,4.475163225408923608e+02,4.666417644698706368e+01,1.004679430318938955e+02,8.513730381591176410e+02,1.492541689607880073e+02
5.935000000000245635e+00,4.476329668979030885e+02,4.663584400669394370e+01,1.004657737592451241e+02,8.521230381591177547e+02,1.636484125722035401e+02
5.937500000000246025e+00,4.477495404266917944e+02,4.660751753601055469e+01,1.004468399638150231e+02,8.528730381591177547e+02,1.780402655892491168e+02
5.940000000000246416e+00,4.478660431433253848e+02,4.657919897936253761e+01,1.004111272806805601e+02,8.536230381591179821e+02,-1.675582118000647824e+02
5.942500000000246807e+00,4.479824750686359494e+02,4.655089005800262214e+01,1.003586257227099594e+02,8.543730381591180958e+02,-1.531380925661457013e+02
5.945000000000247198e+00,4.480988362275942904e+02,4.652259216029588629e+01,1.002893265836497960e+02,8.551230381591182095e+02,-1.386964026090384436e+02
5.947500000000247589e+00,4.482151266484237340e+02,4.649430626110670772e+01,1.002032173285991803e+02,8.558730381591182095e+02,-1.242375124288324457e+02
5.950000000000247979e+00,4.483313463615313594e+02,4.646603287589280740e+01,1.001002760592419492e+02,8.566230381591184369e+02,-1.097727022764980092e+02
5.952500000000248370e+00,4.484474953983451542e+02,4.643777204953680382e+01,9.998048699773165993e+01,8.573730381591185505e+02,-9.531795148250917293e+01
5.955000000000248761e+00,4.485635737901411630e+02,4.640952337273063222e+01,9.984385561669367348e+01,8.581230381591186642e+02,-8.089050193859100091e+01
5.957500000000249152e+00,4.486795815669235026e+02,4.638128601558974395e+01,9.969038303419243618e+01,8.588730381591188916e+02,-6.650511510924444281e+01
5.960000000000249543e+00,4.487955187563961204e+02,4.635305877444246647e+01,9.952007030142657129e+01,8.596230381591188916e+02,-5.217103078075165001e+01
5.962500000000249933e+00,4.489113853830593825e+02,4.632484013603300355e+01,9.933292251830140174e+01,8.603730381591190053e+02,-3.789040258864419286e+01
5.965000000000250324e+00,4.490271814674792381e+02,4.629662836234773238e+01,9.912895127267893258e+01,8.611230381591191190e+02,-2.365853183792411940e+01
5.967500000000250715e+00,4.491429070257796070e+02,4.626842159311834735e+01,9.890817503862794524e+01,8.618730381591193463e+02,-9.465738539412930308e+00
5.970000000000251106e+00,4.492585620693994315e+02,4.624021795904229037e+01,9.867061871552387231e+01,8.626230381591193463e+02,4.699657661726946323e+00
5.972500000000251497e+00,4.493741466051361044e+02,4.621201569767936235e+01,9.841631337816666303e+01,8.633730381591194600e+02,1.884797056611009936e+01
5.975000000000251887e+00,4.494896606354776623e+02,4.618381326388580277e+01,9.814529539015990167e+01,8.641230381591195737e+02,3.298515915066828086e+01
5.977500000000252278e+00,4.496051041592052684e+02,4.615560942709923609e+01,9.785762557539933937e+01,8.648730381591196874e+02,4.711089035718409690e+01
5.980000000000252669e+00,4.497204771722294936e+02,4.612740334876053083e+01,9.755340732884674537e+01,8.656230381591199148e+02,6.121811506034117656e+01
5.982500000000253060e+00,4.498357796686066195e+02,4.609919463436435194e+01,9.723270106973834004e+01,8.663730381591199148e+02,7.529425770910843596e+01
5.985000000000253451e+00,4.499510116416694814e+02,4.607098335641223485e+01,9.689556200623077586e+01,8.671230381591200285e+02,8.932374500825179098e+01
5.987500000000253841e+00,4.500661730851984430e+02,4.604277004659026318e+01,9.654203676683540891e+01,8.678730381591201422e+02,1.032912243071982346e+02
5.990000000000254232e+00,4.501812639945549677e+02,4.601455565750042354e+01,9.617217502358950298e+01,8.686230381591203695e+02,1.171846378359367691e+02
5.992500000000254623e+00,4.502962843677030946e+02,4.598634149665246440e+01,9.578610760391389078e+01,8.693730381591203695e+02,1.309973946326839211e+02
5.995000000000255014e+00,4.504112342060512901e+02,4.595812913786853215e+01,9.538392008317306647e+01,8.701230381591204832e+02,1.447291655190534243e+02
5.997500000000255405e+00,4.505261135150618657e+02,4.592992031690902621e+01,9.496567743421768171e+01,8.708730381591207106e+02,1.583852020533739164e+02
6.000000000000255795e+00,4.506409223045934596e+02,4.590171681918047142e+01,9.453144153295177432e+01,8.716230381591208243e+02,1.719744596808979225e+02
6.002500000000256186e+00,4.507556605889601542e+02,4.587352036785181042e+01,9.408137446623889844e+01,8.723730381591208243e+02,-1.744929831490407821e+02
6.005000000000256577e+00,4.508703283867145615e+02,4.584533252060113284e+01,9.361559221223245686e+01,8.731230381591209380e+02,-1.610086264193412831e+02
6.007500000000256968e+00,4.509849257201794899e+02,4.581715458239035144e+01,9.313417665126675615e+01,8.738730381591210516e+02,-1.475678330390481108e+02
6.010000000000257359e+00,4.510994526147731563e+02,4.578898754031238383e+01,9.263725864465388327e+01,8.746230381591210516e+02,-1.341712194876350281e+02
6.012500000000257749e+00,4.512139090981857521e+02,4.576083202448432985e+01,9.212502192179650251e+01,8.753730381591212790e+02,-1.208248710824624368e+02
6.015000000000258140e+00,4.513282951994732457e+02,4.573268829528547741e+01,9.159753959947228452e+01,8.761230381591213927e+02,-1.075393775600424533e+02
6.017500000000258531e+00,4.514426109481338472e+02,4.570455625192312965e+01,9.105498410378372398e+01,8.768730381591215064e+02,-9.432791482279922946e+01
6.020000000000258922e+00,4.515568563732146004e+02,4.567643545362626867e+01,9.049758255899590154e+01,8.776230381591218475e+02,-8.120381552507933520e+01
6.022500000000259313e+00,4.516710315024760689e+02,4.564832514741069502e+01,8.992545761791750181e+01,8.783730381591219611e+02,-6.817822851557890829e+01
6.025000000000259703e+00,4.517851363616290996e+02,4.562022430404009299e+01,8.933885358572102575e+01,8.791230381591219611e+02,-5.525836461962577317e+01
6.027500000000260094e+00,4.518991709736684470e+02,4.559213166649990256e+01,8.873793211998975039e+01,8.798730381591220748e+02,-4.244666695889755914e+01
6.030000000000260485e+00,4.520131353583350347e+02,4.556404581129455522e+01,8.812294829719769496e+01,8.806230381591221885e+02,-2.974099715507865582e+01
6.032500000000260876e+00,4.521270295317381169e+02,4.553596521917030060e+01,8.749414912444561310e+01,8.813730381591224159e+02,-1.713567982404594758e+01
6.035000000000261267e+00,4.522408535061581460e+02,4.550788835069251803e+01,8.685176028729306097e+01,8.821230381591224159e+02,-4.623148029890360000e+00
6.037500000000261657e+00,4.523546072900398372e+02,4.547981372211347662e+01,8.619608986417611618e+01,8.828730381591225296e+02,7.804197311768144907e+00
6.040000000000262048e+00,4.524682908881736125e+02,4.545173997735813742e+01,8.552737514647441230e+01,8.836230381591226433e+02,2.015224209584468440e+01
6.042500000000262439e+00,4.525819043020535446e+02,4.542366595237383819e+01,8.484594176834815471e+01,8.843730381591227570e+02,3.242383293293731583e+01
6.045000000000262830e+00,4.526954475303909362e+02,4.539559072860832600e+01,8.409463355260133710e+01,8.851230381591228706e+02,4.461553594189328464e+01
6.047500000000263221e+00,4.528089205697543775e+02,4.536751367305664218e+01,8.334517596287304286e+01,8.858730381591229843e+02,5.671792931940565552e+01
6.050000000000263611e+00,4.529223234153016051e+02,4.533943446304085256e+01,8.258000802787626071e+01,8.866230381591230980e+02,6.872437710679402301e+01
6.052500000000264002e+00,4.530356560615642252e+02,4.531135309461871685e+01,8.180385049252888052e+01,8.873730381591233254e+02,8.062479134478950016e+01
6.055000000000264393e+00,4.531489185032443174e+02,4.528326987498845568e+01,8.101683613084891533e+01,8.881230381591234391e+02,9.240935894195727940e+01
6.057500000000264784e+00,4.532621107359829580e+02,4.525518539979545807e+01,8.021909446237580710e+01,8.888730381591234391e+02,1.040693106546296747e+02
6.060000000000265175e+00,4.533752327570639977e+02,4.522710051708593681e+01,7.941075304861342943e+01,8.896230381591235528e+02,1.155980551568706574e+02
6.062500000000265565e+00,4.534882845660206954e+02,4.519901628044677011e+01,7.859193688314890380e+01,8.903730381591237801e+02,1.269918480562485570e+02
6.065000000000265956e+00,4.536012661651203643e+02,4.517093389443637363e+01,7.776276983682809885e+01,8.911230381591238938e+02,1.382499342539498173e+02
6.067500000000266347e+00,4.537141775597089577e+02,4.514285465558671717e+01,7.692337458723253008e+01,8.918730381591238938e+02,1.493742061526956206e+02
6.070000000000266738e+00,4.538270187584067230e+02,4.511477989225620888e+01,7.607387423434502693e+01,8.926230381591240075e+02,1.603684949872788081e+02
6.072500000000267129e+00,4.539397897731540183e+02,4.508671090652605784e+01,7.521439232117717211e+01,8.933730381591241212e+02,1.712376507348841983e+02
6.075000000000267519e+00,4.540524906191138257e+02,4.505864892099040020e+01,7.434505414993596162e+01,8.941230381591241212e+02,-1.780134295731422753e+02
6.077500000000267910e+00,4.541651213144451162e+02,4.503059503287228438e+01,7.346598801808751489e+01,8.948730381591243486e+02,-1.673806842603104315e+02
6.080000000000268301e+00,4.542776818799658258e+02,4.500255017744040487e+01,7.257732446992716291e+01,8.956230381591244623e+02,-1.568615714328363993e+02
6.082500000000268692e+00,4.543901723387307925e+02,4.497451510222856541e+01,7.167919613710557769e+01,8.963730381591245759e+02,-1.464554860552895263e+02
6.085000000000269083e+00,4.545025927155513159e+02,4.494649035301070938e+01,7.077173521989129767e+01,8.971230381591248033e+02,-1.361638807511369578e+02
6.087500000000269473e+00,4.546149430364866930e+02,4.491847627153792644e+01,6.985507008643510574e+01,8.978730381591248033e+02,-1.259901015928071644e+02
6.090000000000269864e+00,4.547272233283366063e+02,4.489047300325164969e+01,6.892933255212297183e+01,8.986230381591249170e+02,-1.159389862641373128e+02
6.092500000000270255e+00,4.548394336181569315e+02,4.486248051055130048e+01,6.799467099584042273e+01,8.993730381591250307e+02,-1.060163017647874142e+02
6.095000000000270646e+00,4.549515739328103336e+02,4.483449858609721872e+01,6.705123728741045852e+01,9.001230381591252581e+02,-9.622811453664888859e+01
6.097500000000271037e+00,4.550636442985485814e+02,4.480652686353167979e+01,6.609918483663678046e+01,9.008730381591252581e+02,-8.658018374300061737e+01
6.100000000000271427e+00,4.551756447406204984e+02,4.477856482854436848e+01,6.513867164422615019e+01,9.016230381591254854e+02,-7.707745599151881777e+01
6.102500000000271818e+00,4.552875752829092448e+02,4.475061183399998299e+01,6.416986238526730801e+01,9.023730381591255991e+02,-6.772371462957774213e+01
6.105000000000272209e+00,4.553994359476106979e+02,4.472266711978176801e+01,6.319292671892822000e+01,9.031230381591257128e+02,-5.852140595688987190e+01
6.107500000000272600e+00,4.555112267549633884e+02,4.469472983597191273e+01,6.220803993888335270e+01,9.038730381591257128e+02,-4.947163688558348582e+01
6.110000000000272991e+00,4.556229477230379530e+02,4.466679906781918419e+01,6.121538096957404917e+01,9.046230381591259402e+02,-4.057431698076400295e+01
6.112500000000273381e+00,4.557345988675894546e+02,4.463887386124182655e+01,6.021513262478562467e+01,9.053730381591260539e+02,-3.182840550354994846e+01
6.115000000000273772e+00,4.558461802019735956e+02,4.461095324793165418e+01,5.920748040096093945e+01,9.061230381591262812e+02,-2.323221894951623412e+01
6.117500000000274163e+00,4.559576917371249465e+02,4.458303626935111907e+01,5.819261233795119637e+01,9.068730381591263949e+02,-1.478375707368947545e+01
6.120000000000274554e+00,4.560691334815946902e+02,4.455512199898906545e+01,5.717071854893242033e+01,9.076230381591265086e+02,-6.481011672137602986e+00
6.122500000000274945e+00,4.561805054416424241e+02,4.452720956239348737e+01,5.614199029597340740e+01,9.083730381591265086e+02,1.677768661715510312e+00
6.125000000000275335e+00,4.562918076213770746e+02,4.449929815458786209e+01,5.510661992890574368e+01,9.091230381591266223e+02,9.693875114248021063e+00
6.127500000000275726e+00,4.564030400229393649e+02,4.447138705458787911e+01,5.406480006556861895e+01,9.098730381591268497e+02,1.756800523973712913e+01
6.130000000000276117e+00,4.565142026467192977e+02,4.444347563686171299e+01,5.301672360699785713e+01,9.106230381591269634e+02,2.530020008488268246e+01
6.132500000000276508e+00,4.566252954916000704e+02,4.441556337964836843e+01,5.196258270724754880e+01,9.113730381591269634e+02,3.288984668576483017e+01
6.135000000000276899e+00,4.567363185552213736e+02,4.438764987016750041e+01,5.090256924320940612e+01,9.121230381591270771e+02,4.033573548712858781e+01
6.137500000000277289e+00,4.568472718342537746e+02,4.435973480688308968e+01,4.983687351865695803e+01,9.128730381591271907e+02,4.763615960895635482e+01
6.140000000000277680e+00,4.569581553246771364e+02,4.433181799899335829e+01,4.876568507769886196e+01,9.136230381591271907e+02,5.478904122035665836e+01
6.142500000000278071e+00,4.570689690220565353e+02,4.430389936340264256e+01,4.768919199699895017e+01,9.143730381591274181e+02,6.179207038034952149e+01
6.145000000000278462e+00,4.571797129218088571e+02,4.427597891952089526e+01,4.660757970051687948e+01,9.151230381591275318e+02,6.864284291989201847e+01
6.147500000000278852e+00,4.572903870194555793e+02,4.424805678222528371e+01,4.552103197591288364e+01,9.158730381591277592e+02,7.533898642421048919e+01
6.150000000000279243e+00,4.574009913108569663e+02,4.422013315327399141e+01,4.442973061390188860e+01,9.166230381591278729e+02,8.187826615164334498e+01
6.152500000000279634e+00,4.575115257924239245e+02,4.419220831154325424e+01,4.333385633656053670e+01,9.173730381591278729e+02,8.825866604109491220e+01
6.155000000000280025e+00,4.576219904613049607e+02,4.416428260245922388e+01,4.223358837376422770e+01,9.181230381591279865e+02,9.447844299356579256e+01
6.157500000000280416e+00,4.577323853155464803e+02,4.413635642698165640e+01,4.112910460877836272e+01,9.188730381591281002e+02,1.005361552411428363e+02
6.160000000000280806e+00,4.578427103542251189e+02,4.410843023046426481e+01,4.002058180904025164e+01,9.196230381591283276e+02,1.064306675818507699e+02
6.162500000000281197e+00,4.579529655775526180e+02,4.408050449166053397e+01,3.890819598743617291e+01,9.203730381591283276e+02,1.121611376595151341e+02
6.165000000000281588e+00,4.580631509869530191e+02,4.405257971210750867e+01,3.779212194527886481e+01,9.211230381591284413e+02,1.177269879703376887e+02
6.167500000000281979e+00,4.581732665851139359e+02,4.402465640611121955e+01,3.667253390415042702e+01,9.218730381591285550e+02,1.231278684706899185e+02
6.170000000000282370e+00,4.582833123760129297e+02,4.399673509144044914e+01,3.554960587006493000e+01,9.226230381591285550e+02,1.283636142215564178e+02
6.172500000000282760e+00,4.583932883649210339e+02,4.396881628087384541e+01,3.442351146261990635e+01,9.233730381591287824e+02,1.334342018528321887e+02
6.175000000000283151e+00,4.585031945583860420e+02,4.394090047467273052e+01,3.329442349747463226e+01,9.241230381591288960e+02,1.383397079090523505e+02
6.177500000000283542e+00,4.586130309641969802e+02,4.391298815404060463e+01,3.216251513548296970e+01,9.248730381591290097e+02,1.430802711551961295e+02
6.180000000000283933e+00,4.587227975913332898e+02,4.388507977550771244e+01,3.102795957101512059e+01,9.256230381591293508e+02,1.476560603413568344e+02
6.182500000000284324e+00,4.588324944499001390e+02,4.385717576626690573e+01,2.989093006808679931e+01,9.263730381591294645e+02,1.520672480979862371e+02
6.185000000000284714e+00,4.589421215510526508e+02,4.382927652043049704e+01,2.875160007309658994e+01,9.271230381591294645e+02,1.563139910969407538e+02
6.187500000000285105e+00,4.590516789069116044e+02,4.380138239616400853e+01,2.761014358686638914e+01,9.278730381591295782e+02,1.603964161581050689e+02
6.190000000000285496e+00,4.591611665304719736e+02,4.377349371359835573e+01,2.646673475465862779e+01,9.286230381591296918e+02,1.643146119490342016e+02
6.192500000000285887e+00,4.592705844355070326e+02,4.374561075346203154e+01,2.532154827360653826e+01,9.293730381591299192e+02,1.680686251984041348e+02
6.195000000000286278e+00,4.593799326364692206e+02,4.371773375632321290e+01,2.417475962534780010e+01,9.301230381591300329e+02,1.716584608725092949e+02
6.197500000000286668e+00,4.594892111483895292e+02,4.368986292235511826e+01,2.302654516641901949e+01,9.308730381591300329e+02,1.750840853798300998e+02
6.200000000000287059e+00,4.595984199867764914e+02,4.366199841157781947e+01,2.187708140579811200e+01,9.316230381591301466e+02,1.783454319624031541e+02
6.202500000000287450e+00,4.597075591675160808e+02,4.363414034446806511e+01,2.072654598483974198e+01,9.323730381591302603e+02,-1.785575925513482218e+02
6.205000000000287841e+00,4.598166287067733151e+02,4.360628880280193442e+01,1.957511784221614448e+01,9.331230381591302603e+02,-1.756251000398726205e+02
6.207500000000288232e+00,4.599256286208960205e+02,4.357844383064383464e+01,1.842297683483105786e+01,9.338730381591304877e+02,-1.728572129668061734e+02
6.210000000000288622e+00,4.600345589263212105e+02,4.355060543535124395e+01,1.727030360158566324e+01,9.346230381591306013e+02,-1.702540565281180989e+02
6.212500000000289013e+00,4.601434196394836817e+02,4.352277358842906807e+01,1.611727640120859206e+01,9.353730381591307150e+02,-1.678157511055688360e+02
6.215000000000289404e+00,4.602522107767269972e+02,4.349494822610208900e+01,1.496406806180130111e+01,9.361230381591307150e+02,-1.655424059270051487e+02
6.217500000000289795e+00,4.603609323542152083e+02,4.346712925060924704e+01,1.381085191067114870e+01,9.368730381591308287e+02,-1.634341140199248628e+02
6.220000000000290186e+00,4.604695843878496362e+02,4.343931653556297334e+01,1.265779777012335217e+01,9.376230381591310561e+02,-1.614909468852634689e+02
6.222500000000290576e+00,4.605781668932027628e+02,4.341150993709704409e+01,1.150508111492548835e+01,9.383730381591311698e+02,-1.597129504081500215e+02
6.225000000000290967e+00,4.606866798854813396e+02,4.338370930196161623e+01,1.035288585646995507e+01,9.391230381591311698e+02,-1.581001405999934377e+02
6.227500000000291358e+00,4.607951233795042185e+02,4.335591446619392286e+01,9.201397567266269562e+00,9.398730381591316245e+02,-1.566525000593615005e+02
6.230000000000291749e+00,4.609034973896726797e+02,4.332812525070083609e+01,8.050800308958285356e+00,9.406230381591316245e+02,-1.553699757050601704e+02
6.232500000000292140e+00,4.610118019299305843e+02,4.330034145860764028e+01,6.901277296553887552e+00,9.413730381591317382e+02,-1.542524775162882236e+02
6.235000000000292530e+00,4.611200370137188997e+02,4.327256287423820424e+01,5.753011371856840306e+00,9.421230381591318519e+02,-1.532998776660050453e+02
6.237500000000292921e+00,4.612282026539287472e+02,4.324478926285499369e+01,4.606184585068294979e+00,9.428730381591318519e+02,-1.525120101401646480e+02
6.240000000000293312e+00,4.613362988628535390e+02,4.321702037072763858e+01,3.460979033363860147e+00,9.436230381591319656e+02,-1.518886707324515726e+02
6.242500000000293703e+00,4.614443256521416288e+02,4.318925592533677360e+01,2.317576417343202522e+00,9.443730381591321930e+02,-1.514296173550984861e+02
6.245000000000294094e+00,4.615522830327495285e+02,4.316149563562071023e+01,1.176158668409689634e+00,9.451230381591323066e+02,-1.511345707215142511e+02
6.247500000000294484e+00,4.616601710148956954e+02,4.313373919219026220e+01,3.690730007168219196e-02,9.458730381591323066e+02,-1.510032151695493781e+02
6.250000000000294875e+00,4.617679896080147159e+02,4.310598626757469987e+01,-1.099375946863969222e+00,9.466230381591324203e+02,-1.510351860526310475e+02
6.252500000000295266e+00,4.618757388207124563e+02,4.307823651648422469e+01,-2.233758541636408523e+00,9.473730381591325340e+02,-1.512300377911282112e+02
6.255000000000295657e+00,4.619834186607214406e+02,4.305048957611663241e+01,-3.365430744371936900e+00,9.481230381591327614e+02,-1.515874298690482078e+02
6.257500000000296048e+00,4.620910291348574788e+02,4.302274506649758479e+01,-4.494211700432314771e+00,9.488730381591327614e+02,-1.521069157587164113e+02
6.260000000000296438e+00,4.621985702489767505e+02,4.299500259087028553e+01,-5.619920865093656737e+00,9.496230381591329888e+02,-1.527880212916404332e+02
6.262500000000296829e+00,4.623060420079342521e+02,4.296726173620835709e+01,-6.742378161536761283e+00,9.503730381591332161e+02,-1.536302473932527448e+02
6.265000000000297220e+00,4.624134444155433243e+02,4.293952207382518083e+01,-7.861403599977879075e+00,9.511230381591333298e+02,-1.546330731968433838e+02
6.267500000000297611e+00,4.625207774745369420e+02,4.291178316016164729e+01,-8.976817765456440057e+00,9.518730381591334435e+02,-1.557959594864865949e+02
6.270000000000298002e+00,4.626280411865311066e+02,4.288404453772909619e+01,-1.008844158613727338e+01,9.526230381591335572e+02,-1.571183526143453548e+02
6.272500000000298392e+00,4.627352355519904563e+02,4.285630573625907402e+01,-1.119609664649363800e+01,9.533730381591335572e+02,-1.585996887998468594e+02
6.275000000000298783e+00,4.628423605701971155e+02,4.282856627409012873e+01,-1.229960502331085692e+01,9.541230381591337846e+02,-1.602393988092427151e+02
6.277500000000299174e+00,4.629494162392231829e+02,4.280082565982498011e+01,-1.339878933015468476e+01,9.548730381591338983e+02,-1.620369129103634123e+02
6.280000000000299565e+00,4.630564025559073116e+02,4.277308339431071715e+01,-1.449347255953715319e+01,9.556230381591340119e+02,-1.639916660704863034e+02
6.282500000000299956e+00,4.631633195158365197e+02,4.274533897292542406e+01,-1.558347899882948973e+01,9.563730381591340119e+02,-1.661031031762360897e+02
6.285000000000300346e+00,4.632701671133339119e+02,4.271759188821236819e+01,-1.666863320725182618e+01,9.571230381591341256e+02,-1.683706842886167294e+02
6.287500000000300737e+00,4.633769453414533928e+02,4.268984163294046397e+01,-1.774876077972415089e+01,9.578730381591342393e+02,-1.707938893246451642e+02
6.290000000000301128e+00,4.634836541919818274e+02,4.266208770357402358e+01,-1.882368834557625803e+01,9.586230381591344667e+02,-1.733722222627143594e+02
6.292500000000301519e+00,4.635902936554506368e+02,4.263432960413526729e+01,-1.989324308082638737e+01,9.593730381591344667e+02,-1.761052142330675849e+02
6.295000000000301910e+00,4.636968637211567739e+02,4.260656685055707982e+01,-2.095725368277547673e+01,9.601230381591345804e+02,-1.789924251686156538e+02
6.297500000000302300e+00,4.638033643771952370e+02,4.257879897543971026e+01,-2.201554983882264693e+01,9.608730381591346941e+02,1.779665563346234194e+02
6.300000000000302691e+00,4.639097956105036360e+02,4.255102553328066506e+01,-2.306796265203993457e+01,9.616230381591346941e+02,1.747721156053359834e+02
6.302500000000303082e+00,4.640161574069199446e+02,4.252324610616370393e+01,-2.411432419876218702e+01,9.623730381591349214e+02,1.714246174030269287e+02
6.305000000000303473e+00,4.641224497512548055e+02,4.249546030986302725e+01,-2.515446857740564468e+01,9.631230381591350351e+02,1.679244147244904184e+02
6.307500000000303864e+00,4.642286726273794102e+02,4.246766780032116628e+01,-2.618823125774492411e+01,9.638730381591351488e+02,1.642718614445908258e+02
6.310000000000304254e+00,4.643348260183296361e+02,4.243986828047939497e+01,-2.721544928134546737e+01,9.646230381591351488e+02,1.604673290006550417e+02
6.312500000000304645e+00,4.644409099064276347e+02,4.241206150738774028e+01,-2.823596186845864864e+01,9.653730381591352625e+02,1.565112274664013796e+02
6.315000000000305036e+00,4.645469242734210980e+02,4.238424729952588876e+01,-2.924961023259905346e+01,9.661230381591353762e+02,1.524040306192883634e+02
6.317500000000305427e+00,4.646528691006410554e+02,4.235642554416469352e+01,-3.025623736986505108e+01,9.668730381591356036e+02,1.481463048389583435e+02
6.320000000000305818e+00,4.647587443691779754e+02,4.232859620479751328e+01,-3.125568891478639344e+01,9.676230381591356036e+02,1.437387410245648027e+02
6.322500000000306208e+00,4.648645500600765672e+02,4.230075932837659991e+01,-3.224781278991369504e+01,9.683730381591358309e+02,1.391821881454480376e+02
6.325000000000306599e+00,4.649702861545484893e+02,4.227291505221585766e+01,-3.323245962611761684e+01,9.691230381591360583e+02,1.344776868944032060e+02
6.327500000000306990e+00,4.650759526342019399e+02,4.224506361049407843e+01,-3.420948242045781740e+01,9.698730381591361720e+02,1.296265011707572228e+02
6.330000000000307381e+00,4.651815494812874476e+02,4.221720534004112579e+01,-3.517873760180070519e+01,9.706230381591362857e+02,1.246301446743360799e+02
6.332500000000307772e+00,4.652870766789573054e+02,4.218934068523730474e+01,-3.614008393952523335e+01,9.713730381591362857e+02,1.194903997080787690e+02
6.335000000000308162e+00,4.653925342115372246e+02,4.216147020186322436e+01,-3.709338330753275415e+01,9.721230381591363994e+02,1.142093249215584621e+02
6.337500000000308553e+00,4.654979220648063460e+02,4.213359455962417854e+01,-3.803850099549300268e+01,9.728730381591366267e+02,1.087892489406648338e+02
6.340000000000308944e+00,4.656032402262831056e+02,4.210571454311224926e+01,-3.897530529917129627e+01,9.736230381591367404e+02,1.032327471543754172e+02
6.342500000000309335e+00,4.657084886855126342e+02,4.207783105103032995e+01,-3.990366793311821425e+01,9.743730381591368541e+02,9.754259972783627575e+01
6.345000000000309726e+00,4.658136674343507480e+02,4.204994509343927689e+01,-4.082346334514345187e+01,9.751230381591368541e+02,9.172173000790111530e+01
6.347500000000310116e+00,4.659187764672403205e+02,4.202205778681794612e+01,-4.173456792311836239e+01,9.758730381591369678e+02,8.577312404861012851e+01
6.350000000000310507e+00,4.660238157814736724e+02,4.199417034675904858e+01,-4.263686137424571143e+01,9.766230381591373089e+02,7.969973358764326576e+01
6.352500000000310898e+00,4.661287853774355767e+02,4.196628407791941129e+01,-4.353022596337307704e+01,9.773730381591374226e+02,7.350436688920038364e+01
6.355000000000311289e+00,4.662336852588191505e+02,4.193840036127041770e+01,-4.441454715427751410e+01,9.781230381591375362e+02,6.718957337645996120e+01
6.357500000000311680e+00,4.663385154328087197e+02,4.191052063870994715e+01,-4.528971321691940233e+01,9.788730381591377636e+02,6.075752977559817225e+01
6.360000000000312070e+00,4.664432759102225532e+02,4.188264639510706644e+01,-4.615561561176778582e+01,9.796230381591377636e+02,5.420993620537761615e+01
6.362500000000312461e+00,4.665479667056092694e+02,4.185477913793503291e+01,-4.701214803137687426e+01,9.803730381591378773e+02,4.754793168568667738e+01
6.365000000000312852e+00,4.666525878372921738e+02,4.182692037472623525e+01,-4.785920673830646166e+01,9.811230381591379910e+02,4.077203807854866113e+01
6.367500000000313243e+00,4.667571393273559011e+02,4.179907158863768046e+01,-4.869669013236294575e+01,9.818730381591379910e+02,3.388214089960352027e+01
6.370000000000313634e+00,4.668616212015711540e+02,4.177123421253414648e+01,-4.952449894487538273e+01,9.826230381591381047e+02,2.687751405089436219e+01
6.372500000000314024e+00,4.669660334892540163e+02,4.174340960213935858e+01,-5.034253580854475274e+01,9.833730381591383320e+02,1.975689331796345627e+01
6.375000000000314415e+00,4.670703762230574512e+02,4.171559900880921390e+01,-5.115070465444964043e+01,9.841230381591384457e+02,1.251860088107228819e+01
6.377500000000314806e+00,4.671746494386952122e+02,4.168780355261070270e+01,-5.194891084344466492e+01,9.848730381591384457e+02,5.160719809123480495e+00
6.380000000000315197e+00,4.672788531745983960e+02,4.166002419642823185e+01,-5.273706078530842234e+01,9.856230381591385594e+02,-2.318686850167934743e+00
6.382500000000315588e+00,4.673829874715083861e+02,4.163226172190842789e+01,-5.351506174601381360e+01,9.863730381591386731e+02,-9.921322235655779309e+00
6.385000000000315978e+00,4.674870523720109077e+02,4.160451670801741386e+01,-5.428282128432930165e+01,9.871230381591389005e+02,-1.764838267703425601e+01
6.387500000000316369e+00,4.675910479200179566e+02,4.157678951296034597e+01,-5.504024682311921879e+01,9.878730381591389005e+02,-2.550028613652024845e+01
6.390000000000316760e+00,4.676949741602070958e+02,4.154908026025385936e+01,-5.578724578434535175e+01,9.886230381591390142e+02,-3.347642828132004666e+01
6.392500000000317151e+00,4.677988311374280670e+02,4.152138882962039190e+01,-5.652372428310994934e+01,9.893730381591391279e+02,-4.157499569173221232e+01
6.395000000000317542e+00,4.679026188960899049e+02,4.149371485321830022e+01,-5.724958725335373799e+01,9.901230381591391279e+02,-4.979286616753917372e+01
6.397500000000317932e+00,4.680063374795416848e+02,4.146605771755687186e+01,-5.796473803605087483e+01,9.908730381591392415e+02,-5.812562306580436200e+01
6.400000000000318323e+00,4.681099869294612290e+02,4.143841657118863253e+01,-5.866907819342247166e+01,9.916230381591394689e+02,-6.656770134840628828e+01
6.402500000000318714e+00,4.682135672852664356e+02,4.141079033814713029e+01,-5.936250717461768289e+01,9.923730381591395826e+02,-7.511266959559961265e+01
6.405000000000319105e+00,4.683170785835633865e+02,4.138317773675145617e+01,-6.004492293287585625e+01,9.931230381591396963e+02,-8.375363429329428300e+01
6.407500000000319496e+00,4.684205208576443056e+02,4.135557730332739368e+01,-6.071622741190857653e+01,9.938730381591396963e+02,-9.248373415333561809e+01
6.410000000000319886e+00,4.685238941370473640e+02,4.132798742022590233e+01,-6.137632561843906842e+01,9.946230381591398100e+02,-1.012966759916092343e+02
6.412500000000320277e+00,4.686271984471888459e+02,4.130040634801959243e+01,-6.202512204902588877e+01,9.953730381591400374e+02,-1.101872536513324548e+02
6.415000000000320668e+00,4.687304338090784768e+02,4.127283226159816110e+01,-6.266252036917431667e+01,9.961230381591401510e+02,-1.191517887538612968e+02
6.417500000000321059e+00,4.688336002391265538e+02,4.124526328927630914e+01,-6.328842349786013699e+01,9.968730381591403784e+02,-1.281884373826317187e+02
6.420000000000321450e+00,4.689366977490506088e+02,4.121769755446408112e+01,-6.390273503110510944e+01,9.976230381591406058e+02,-1.372973201235825513e+02
6.422500000000321840e+00,4.690397263458875159e+02,4.119013321943815242e+01,-6.450535923789239234e+01,9.983730381591406058e+02,-1.464804508295862036e+02
6.425000000000322231e+00,4.691426860321159324e+02,4.116256853050442288e+01,-6.509620236496492396e+01,9.991230381591407195e+02,-1.557414591652682248e+02
6.427500000000322622e+00,4.692455768058924264e+02,4.113500186370816181e+01,-6.567517294177577014e+01,9.998730381591408332e+02,-1.650851217130208113e+02
6.430000000000323013e+00,4.693483986614015180e+02,4.110743176989266345e+01,-6.624218344540979331e+01,1.000623038159140833e+03,-1.745167348989949403e+02
6.432500000000323404e+00,4.694511515893178171e+02,4.107985701768612330e+01,-6.679715055050490946e+01,1.001373038159141061e+03,1.759586198641705153e+02
6.435000000000323794e+00,4.695538355773739454e+02,4.105227663291427120e+01,-6.733999504728775776e+01,1.002123038159141174e+03,1.663368521821394950e+02
6.437500000000324185e+00,4.696564506110244110e+02,4.102468993277962284e+01,-6.787064340973870458e+01,1.002873038159141288e+03,1.566155982839706553e+02
6.440000000000324576e+00,4.697589966741913940e+02,4.099709655315171375e+01,-6.838902720369307531e+01,1.003623038159141288e+03,1.467948239882312578e+02
6.442500000000324967e+00,4.698614737500745377e+02,4.096949646755597740e+01,-6.889508360697931266e+01,1.004373038159141402e+03,1.368772012216249152e+02
6.445000000000325358e+00,4.699638818220028043e+02,4.094188999651910166e+01,-6.938875552902253219e+01,1.005123038159141515e+03,1.268681763186409341e+02
6.447500000000325748e+00,4.700662208743041788e+02,4.091427780623751431e+01,-6.986999070095758668e+01,1.005873038159141856e+03,1.167756793989142210e+02
6.450000000000326139e+00,4.701684908931654832e+02,4.088666089585181851e+01,-7.033874253670366272e+01,1.006623038159141970e+03,1.066094734242464170e+02
6.452500000000326530e+00,4.702706918674538770e+02,4.085904057307783432e+01,-7.079496832132774387e+01,1.007373038159141970e+03,9.638020228026375946e+01
6.455000000000326921e+00,4.703728237894707718e+02,4.083141841831718466e+01,-7.123862590581406096e+01,1.008123038159142197e+03,8.609825659014234134e+01
6.457500000000327312e+00,4.704748866556096800e+02,4.080379623782869913e+01,-7.166967570707051038e+01,1.008873038159142311e+03,7.577261800390840563e+01
6.460000000000327702e+00,4.705768804668912253e+02,4.077617600676951071e+01,-7.208808213806304366e+01,1.009623038159142425e+03,6.540985524332924683e+01
6.462500000000328093e+00,4.706788052293497913e+02,4.074855980372235820e+01,-7.249381289803122286e+01,1.010373038159142425e+03,5.501342411329270021e+01
6.465000000000328484e+00,4.707806609542529372e+02,4.072094973936130202e+01,-7.288683891899030698e+01,1.011123038159142538e+03,4.458337549628352292e+01
6.467500000000328875e+00,4.708824476581398812e+02,4.069334788203116915e+01,-7.326713448852791544e+01,1.011873038159142766e+03,3.411651413670659849e+01
6.470000000000329266e+00,4.709841653626728544e+02,4.066575618315241769e+01,-7.363467620056346163e+01,1.012623038159142880e+03,2.360698987744849120e+01
6.472500000000329656e+00,4.710858140943032595e+02,4.063817640562475475e+01,-7.398944310076849717e+01,1.013373038159142880e+03,1.304725177582362150e+01
6.475000000000330047e+00,4.711873938837612172e+02,4.061061005830001847e+01,-7.433141554129372253e+01,1.014123038159142993e+03,2.429255738011722787e+00
6.477500000000330438e+00,4.712889047653857801e+02,4.058305833949182784e+01,-7.466057529079509436e+01,1.014873038159143107e+03,-8.254212533306720445e+00
6.480000000000330829e+00,4.713903467763200865e+02,4.055552209209074732e+01,-7.497690450750239677e+01,1.015623038159143221e+03,-1.900825922200400697e+01
6.482500000000331219e+00,4.714917199556012406e+02,4.052800177242153978e+01,-7.528038507690834535e+01,1.016373038159143334e+03,-2.983482090973724610e+01
6.485000000000331610e+00,4.715930243431811277e+02,4.050049743422382420e+01,-7.557099732688845961e+01,1.017123038159143448e+03,-4.073198931561356773e+01
6.487500000000332001e+00,4.716942599789156816e+02,4.047300872836117946e+01,-7.586449891253020894e+01,1.017873038159143562e+03,-5.169533360270213507e+01
6.490000000000332392e+00,4.717954269015626210e+02,4.044553491803684864e+01,-7.616444505246057872e+01,1.018623038159143675e+03,-6.271603598249738809e+01
6.492500000000332783e+00,4.718965251478257414e+02,4.041807490837189221e+01,-7.645469335202315619e+01,1.019373038159143675e+03,-7.378514668266483056e+01
6.495000000000333173e+00,4.719975547514803225e+02,4.039062728803565960e+01,-7.673165065266081797e+01,1.020123038159143903e+03,-8.489014518063329717e+01
6.497500000000333564e+00,4.720985157426092655e+02,4.036319038130052661e+01,-7.699537454910570489e+01,1.020873038159144016e+03,-9.601865168822607188e+01
6.500000000000333955e+00,4.721994081469744629e+02,4.033576230849025990e+01,-7.724585316497636711e+01,1.021623038159144244e+03,-1.071605864051613253e+02
6.502500000000334346e+00,4.723002319855432347e+02,4.030834105311581084e+01,-7.748308260906013345e+01,1.022373038159144471e+03,-1.183094642434654133e+02
6.505000000000334737e+00,4.724009872741863774e+02,4.028092453352715552e+01,-7.770710172858113651e+01,1.023123038159144585e+03,-1.294631379973583876e+02
6.507500000000335127e+00,4.725016740235568591e+02,4.025351067691035922e+01,-7.791790630449365551e+01,1.023873038159144585e+03,-1.406238668257488200e+02
6.510000000000335518e+00,4.726022922391541670e+02,4.022609749374364441e+01,-7.811547838067131977e+01,1.024623038159144699e+03,-1.517977175495626341e+02
6.512500000000335909e+00,4.727028419215745316e+02,4.019868315067787279e+01,-7.829980175320986291e+01,1.025373038159145153e+03,-1.629934029211273696e+02
6.515000000000336300e+00,4.728033230669417435e+02,4.017126603945547458e+01,-7.847090782234245410e+01,1.026123038159144926e+03,-1.742207294362525261e+02
6.517500000000336691e+00,4.729037356675073056e+02,4.014384483916479951e+01,-7.862879639274677857e+01,1.026873038159145153e+03,1.745111404033882252e+02
6.520000000000337081e+00,4.730040797124012215e+02,4.011641856917676563e+01,-7.877345831481099481e+01,1.027623038159145153e+03,1.631953812535566044e+02
6.522500000000337472e+00,4.731043551885094871e+02,4.008898663014785768e+01,-7.890488264111408512e+01,1.028373038159145608e+03,1.518289062721073890e+02
6.525000000000337863e+00,4.732045620814462268e+02,4.006154883083713969e+01,-7.902306335497922873e+01,1.029123038159145381e+03,1.404132507151970799e+02
6.527500000000338254e+00,4.733047003765843215e+02,4.003410539904687937e+01,-7.912801823857788008e+01,1.029873038159145608e+03,1.289547583454715891e+02
6.530000000000338645e+00,4.734047700601038855e+02,4.000665697564208756e+01,-7.921978413662539253e+01,1.030623038159145608e+03,1.174639842323924483e+02
6.532500000000339035e+00,4.735047711200162439e+02,3.997920459134861915e+01,-7.929836307243512294e+01,1.031373038159145835e+03,1.059543724179985986e+02
6.535000000000339426e+00,4.736047035471198683e+02,3.995174962676132679e+01,-7.936375707695901838e+01,1.032123038159145835e+03,9.444040681482569255e+01
6.537500000000339817e+00,4.737045673358473437e+02,3.992429375697289373e+01,-7.941596586560942228e+01,1.032873038159146063e+03,8.293555455807300802e+01
6.540000000000340208e+00,4.738043624849659068e+02,3.989683888256794830e+01,-7.945499109816923067e+01,1.033623038159145835e+03,7.145038070631385096e+01
6.542500000000340599e+00,4.739040889980979614e+02,3.986938704964590841e+01,-7.948083742052877199e+01,1.034373038159146290e+03,5.999117169559604434e+01
6.545000000000340989e+00,4.740037468840367296e+02,3.984194036272803174e+01,-7.949351239603285535e+01,1.035123038159146290e+03,4.855929049877030224e+01
6.547500000000341380e+00,4.741033361568415785e+02,3.981450089485944233e+01,-7.949302573467558375e+01,1.035873038159146518e+03,3.715133639547407540e+01
6.550000000000341771e+00,4.742028568357081895e+02,3.978707059926473733e+01,-7.947939048210619717e+01,1.036623038159146745e+03,2.576004133447828082e+01
6.552500000000342162e+00,4.743023089446203358e+02,3.975965122679426145e+01,-7.945262212806308355e+01,1.037373038159146745e+03,1.437573089774713431e+01
6.555000000000342553e+00,4.744016925117996948e+02,3.973224425312464803e+01,-7.941273867133645581e+01,1.038123038159146745e+03,2.988118511644211495e+00
6.557500000000342943e+00,4.745010075689805262e+02,3.970485081924982751e+01,-7.935976012482892372e+01,1.038873038159146972e+03,-8.411824614145706036e+00
6.560000000000343334e+00,4.746002541505438899e+02,3.967747168790400991e+01,-7.929370772736864126e+01,1.039623038159146972e+03,-1.983018423556156051e+01
6.562500000000343725e+00,4.746994322925527854e+02,3.965010721765413848e+01,-7.921460361649850768e+01,1.040373038159146972e+03,-3.126884761902164200e+01
6.565000000000344116e+00,4.747985420317329499e+02,3.962275735542377220e+01,-7.912247019547332627e+01,1.041123038159147200e+03,-4.272488281737562232e+01
6.567500000000344507e+00,4.748975834044451858e+02,3.959542164699332290e+01,-7.901732974019579103e+01,1.041873038159147427e+03,-5.419068060612330129e+01
6.570000000000344897e+00,4.749965564456940115e+02,3.956809926400320876e+01,-7.889920448981553136e+01,1.042623038159147427e+03,-6.565486994595971737e+01
6.572500000000345288e+00,4.750954611882124823e+02,3.954078904502286207e+01,-7.876811994481285240e+01,1.043373038159147882e+03,-7.710387448475064787e+01
6.575000000000345679e+00,4.751942976616566057e+02,3.951348954773444433e+01,-7.862411269663776636e+01,1.044123038159147654e+03,-8.852384296276981956e+01
6.577500000000346070e+00,4.752930658919354983e+02,3.948619910934834820e+01,-7.846722407872358929e+01,1.044873038159147882e+03,-9.990260411817813235e+01
6.580000000000346461e+00,4.753917659006965550e+02,3.945891591293813150e+01,-7.829749671155349233e+01,1.045623038159148109e+03,-1.112312962013332225e+02
6.582500000000346851e+00,4.754903977049793298e+02,3.943163805727314752e+01,-7.811497453742613573e+01,1.046373038159148109e+03,-1.225054004771026115e+02
6.585000000000347242e+00,4.755889613170449479e+02,3.940436362773056800e+01,-7.791970293973727735e+01,1.047123038159148336e+03,-1.337250402705749650e+02
6.587500000000347633e+00,4.756874567443825867e+02,3.937709076641968409e+01,-7.771172920006382867e+01,1.047873038159148336e+03,-1.448945502687008684e+02
6.590000000000348024e+00,4.757858839898908059e+02,3.934981773968159047e+01,-7.749111864870619115e+01,1.048623038159148564e+03,-1.560214369734052866e+02
6.592500000000348415e+00,4.758842430522249174e+02,3.932254300086614052e+01,-7.725796355605011456e+01,1.049373038159148564e+03,-1.671149282577229656e+02
6.595000000000348805e+00,4.759825339262982880e+02,3.929526524627436146e+01,-7.701232746717901989e+01,1.050123038159148564e+03,-1.781843258646937613e+02
6.597500000000349196e+00,4.760807566039188146e+02,3.926798346213497126e+01,-7.675427827658150193e+01,1.050873038159148791e+03,1.707626067531856506e+02
6.600000000000349587e+00,4.761789110745372682e+02,3.924069696072101010e+01,-7.648388272162097223e+01,1.051623038159149019e+03,1.597210094205558164e+02
6.602500000000349978e+00,4.762769973260789698e+02,3.921340540411711828e+01,-7.620121566852994022e+01,1.052373038159149019e+03,1.486898631567491691e+02
6.605000000000350369e+00,4.763750153458277055e+02,3.918610881455609274e+01,-7.590640102552556812e+01,1.053123038159149473e+03,1.376723623838448418e+02
6.607500000000350759e+00,4.764729651213276611e+02,3.915880757092495656e+01,-7.559953300762558115e+01,1.053873038159149246e+03,1.266756623936030337e+02
6.610000000000351150e+00,4.765708466412686448e+02,3.913150239156576049e+01,-7.528069512733311797e+01,1.054623038159149473e+03,1.157100352742273088e+02
6.612500000000351541e+00,4.766686598963206620e+02,3.910419430410603070e+01,-7.494996797244695586e+01,1.055373038159149473e+03,1.047875576151353272e+02
6.615000000000351932e+00,4.767664048798863519e+02,3.907688460366325245e+01,-7.460748924045302033e+01,1.056123038159149701e+03,9.392054486497896448e+01
6.617500000000352323e+00,4.768640815887424651e+02,3.904957480107255918e+01,-7.425335645260510375e+01,1.056873038159149701e+03,8.311999677698047151e+01
6.620000000000352713e+00,4.769616900235472485e+02,3.902226656311122355e+01,-7.388765126458056898e+01,1.057623038159150155e+03,7.239431644452545811e+01
6.622500000000353104e+00,4.770592301891941247e+02,3.899496164733443493e+01,-7.351048854378605313e+01,1.058373038159149928e+03,6.174847697804973023e+01
6.625000000000353495e+00,4.771567020950006395e+02,3.896766183463664390e+01,-7.312201925789658219e+01,1.059123038159150155e+03,5.118372319649095203e+01
6.627500000000353886e+00,4.772541057547284140e+02,3.894036886248316165e+01,-7.272232149089866482e+01,1.059873038159150155e+03,4.069781519498344124e+01
6.630000000000354277e+00,4.773514411864375688e+02,3.891308436165414264e+01,-7.226953053316493936e+01,1.060623038159150383e+03,3.028756395875889140e+01
6.632500000000354667e+00,4.774487084121856242e+02,3.888580979906378587e+01,-7.181593532977190364e+01,1.061373038159150383e+03,1.994960186427227455e+01
6.635000000000355058e+00,4.775459074575877594e+02,3.885854642847005636e+01,-7.134868408987436794e+01,1.062123038159150610e+03,9.675695891525615266e+00
6.637500000000355449e+00,4.776430383512589515e+02,3.883129525124825676e+01,-7.087120088145222496e+01,1.062873038159150838e+03,-5.406748208005131007e-01
6.640000000000355840e+00,4.777401011241645392e+02,3.880405698927136626e+01,-7.038357071706263923e+01,1.063623038159150838e+03,-1.070493393338588994e+01
6.642500000000356231e+00,4.778370958089096803e+02,3.877683206915486380e+01,-6.988588072757488590e+01,1.064373038159150838e+03,-2.082014548578375468e+01
6.645000000000356621e+00,4.779340224389959531e+02,3.874962061828799875e+01,-6.937821986971152910e+01,1.065123038159151065e+03,-3.088654961619418060e+01
6.647500000000357012e+00,4.780308810480747752e+02,3.872242247187829634e+01,-6.886067889516750995e+01,1.065873038159151292e+03,-4.090146345720786059e+01
6.650000000000357403e+00,4.781276716692242417e+02,3.869523718983117533e+01,-6.833335036375774507e+01,1.066623038159151292e+03,-5.085954940031332683e+01
6.652500000000357794e+00,4.782243943342731995e+02,3.866806408181192012e+01,-6.779632906326874320e+01,1.067373038159151292e+03,-6.075340682008730653e+01
6.655000000000358185e+00,4.783210490731921141e+02,3.864090223851990658e+01,-6.724971405870992669e+01,1.068123038159151520e+03,-7.057439894866251962e+01
6.657500000000358575e+00,4.784176359135649363e+02,3.861375056720314092e+01,-6.669361428316928198e+01,1.068873038159151520e+03,-8.031359419320872917e+01
6.660000000000358966e+00,4.785141548801515228e+02,3.858660782970098069e+01,-6.612814441565527090e+01,1.069623038159151747e+03,-8.996268909783945844e+01
6.662500000000359357e+00,4.786106059945461197e+02,3.855947268178006482e+01,-6.555342079415426326e+01,1.070373038159151974e+03,-9.951479181484498326e+01
6.665000000000359748e+00,4.787069892749349833e+02,3.853234371276339942e+01,-6.496956194784065985e+01,1.071123038159151974e+03,-1.089649761048992502e+02
6.667500000000360139e+00,4.788033047359522811e+02,3.850521948433599562e+01,-6.437668838841985064e+01,1.071873038159152202e+03,-1.183105587674680805e+02
6.670000000000360529e+00,4.788995523886328556e+02,3.847809856797955064e+01,-6.377492217455162660e+01,1.072623038159152429e+03,-1.275510980924068889e+02
6.672500000000360920e+00,4.789957322404572437e+02,3.845097958052536313e+01,-6.316438752605606766e+01,1.073373038159152429e+03,-1.366881481057980068e+02
6.675000000000361311e+00,4.790918442954846341e+02,3.842386121729948911e+01,-6.254521091461638349e+01,1.074123038159152429e+03,-1.457248278254418494e+02
6.677500000000361702e+00,4.791878885545669959e+02,3.839674228223061903e+01,-6.191752075879072947e+01,1.074873038159152657e+03,-1.546652751440865359e+02
6.680000000000362093e+00,4.792838650156364224e+02,3.836962171432043078e+01,-6.128144674967614947e+01,1.075623038159152884e+03,-1.635140546126550021e+02
6.682500000000362483e+00,4.793797736740567643e+02,3.834249860994659542e+01,-6.063712041322194324e+01,1.076373038159152884e+03,-1.722755806109192633e+02
6.685000000000362874e+00,4.794756145230281845e+02,3.831537224050838120e+01,-5.998467394455822443e+01,1.077123038159152884e+03,1.790463935594307543e+02
6.687500000000363265e+00,4.795713875540331514e+02,3.828824206513442618e+01,-5.932424013213036318e+01,1.077873038159153111e+03,1.704491829916889003e+02
6.690000000000363656e+00,4.796670927573114227e+02,3.826110773829343259e+01,-5.865595218589740512e+01,1.078623038159153111e+03,1.619314493623771511e+02
6.692500000000364047e+00,4.797627301223511154e+02,3.823396911230966566e+01,-5.797994298394488766e+01,1.079373038159153111e+03,1.534933370064736948e+02
6.695000000000364437e+00,4.798582996383829595e+02,3.820682623495646624e+01,-5.729634491514028838e+01,1.080123038159153339e+03,1.451364661042775026e+02
6.697500000000364828e+00,4.799538012948664232e+02,3.817967934241804784e+01,-5.660528975656731632e+01,1.080873038159153566e+03,1.368637940119726011e+02
6.700000000000365219e+00,4.800492350819549756e+02,3.815252884805448730e+01,-5.590690821358942486e+01,1.081623038159153793e+03,1.286793670372219083e+02
6.702500000000365610e+00,4.801446009909317354e+02,3.812537532748377345e+01,-5.520132974400963377e+01,1.082373038159154021e+03,1.205879936955523561e+02
6.705000000000366001e+00,4.802398990146053848e+02,3.809821950055077622e+01,-5.448868228514560741e+01,1.083123038159154021e+03,1.125948763650575586e+02
6.707500000000366391e+00,4.803351291476597567e+02,3.807106221083143538e+01,-5.376909072439560333e+01,1.083873038159154021e+03,1.047052396194945061e+02
6.710000000000366782e+00,4.804302913869508416e+02,3.804390440328803180e+01,-5.304267793836056910e+01,1.084623038159154248e+03,9.692399054731964725e+01
6.712500000000367173e+00,4.805253857317472921e+02,3.801674710066603780e+01,-5.230956589874504914e+01,1.085373038159154248e+03,8.925543929227970352e+01
6.715000000000367564e+00,4.806204121839109575e+02,3.798959137921368523e+01,-5.156987594510772510e+01,1.086123038159154476e+03,8.170309842990198490e+01
6.717500000000367955e+00,4.807153707480169373e+02,3.796243834456634403e+01,-5.082372882896247290e+01,1.086873038159154476e+03,7.426956888804659229e+01
6.720000000000368345e+00,4.808102614314136076e+02,3.793528910844101176e+01,-5.007124501557136398e+01,1.087623038159154703e+03,6.695651028275878502e+01
6.722500000000368736e+00,4.809050842442248950e+02,3.790814476657529752e+01,-4.931254504977573561e+01,1.088373038159154703e+03,5.976468561229771836e+01
6.725000000000369127e+00,4.809998391992983784e+02,3.788100637845876406e+01,-4.854774965053887570e+01,1.089123038159155158e+03,5.269406498490113933e+01
6.727500000000369518e+00,4.810945263121037101e+02,3.785387494918148832e+01,-4.777697973819080346e+01,1.089873038159154930e+03,4.574397077459137506e+01
6.730000000000369909e+00,4.811891456005871532e+02,3.782675141366420490e+01,-4.700035720028002117e+01,1.090623038159155158e+03,3.891324624584518688e+01
6.732500000000370299e+00,4.812836970849879776e+02,3.779963662344638919e+01,-4.621800471922842490e+01,1.091373038159155158e+03,3.220043162308243012e+01
6.735000000000370690e+00,4.813781807876234211e+02,3.777253133615909775e+01,-4.543004550384491580e+01,1.092123038159155385e+03,2.560393410993032504e+01
6.737500000000371081e+00,4.814725967326487535e+02,3.774543620767299501e+01,-4.463660433248819714e+01,1.092873038159155385e+03,1.912218157899307514e+01
6.740000000000371472e+00,4.815669449457992073e+02,3.771835178686097834e+01,-4.383780731038784495e+01,1.093623038159155612e+03,1.275375277275046138e+01
6.742500000000371863e+00,4.816612254541204834e+02,3.769127851290257070e+01,-4.303378182479765712e+01,1.094373038159155612e+03,6.497479716023219609e+00
6.745000000000372253e+00,4.817554382856935717e+02,3.766421671491318790e+01,-4.222465661367547085e+01,1.095123038159155840e+03,3.525207735209412441e-01
6.747500000000372644e+00,4.818495834693603115e+02,3.763716661371632455e+01,-4.141056222679113574e+01,1.095873038159155840e+03,-5.681595441233555199e+00
6.750000000000373035e+00,4.819436610344540668e+02,3.761012832553552698e+01,-4.059163048841024590e+01,1.096623038159156067e+03,-1.160495353573231370e+01
6.752500000000373426e+00,4.820376710105409757e+02,3.758310186732673941e+01,-3.976799458037148582e+01,1.097373038159156067e+03,-1.741725872912416762e+01
6.755000000000373817e+00,4.821316134271754095e+02,3.755608716348534415e+01,-3.893978920893978568e+01,1.098123038159156295e+03,-2.311786456106782595e+01
6.757500000000374207e+00,4.822254883136725425e+02,3.752908405359353594e+01,-3.810715008646933910e+01,1.098873038159156295e+03,-2.870581628915322270e+01
6.760000000000374598e+00,4.823192956989010440e+02,3.750209230097085111e+01,-3.727021443784983035e+01,1.099623038159156522e+03,-3.417990541872723043e+01
6.762500000000374989e+00,4.824130356110975413e+02,3.747511160167189104e+01,-3.642912023483648909e+01,1.100373038159156749e+03,-3.953873073929081983e+01
6.765000000000375380e+00,4.825067080777035926e+02,3.744814159365938622e+01,-3.558400698556395980e+01,1.101123038159156749e+03,-4.478076163220479344e+01
6.767500000000375771e+00,4.826003131252256253e+02,3.742118186582515449e+01,-3.473501480034209976e+01,1.101873038159156977e+03,-4.990439993178596012e+01
6.770000000000376161e+00,4.826938507791173265e+02,3.739423196661626747e+01,-3.388228578488688925e+01,1.102623038159156977e+03,-5.490803715135073304e+01
6.772500000000376552e+00,4.827873210636831232e+02,3.736729141206670590e+01,-3.302596554392322048e+01,1.103373038159156977e+03,-5.979010474576055856e+01
6.775000000000376943e+00,4.828807240020016707e+02,3.734035969308124692e+01,-3.216620227982077296e+01,1.104123038159157204e+03,-6.454911587043064003e+01
6.777500000000377334e+00,4.829740596158666790e+02,3.731343628197276274e+01,-3.130314495923098050e+01,1.104873038159157431e+03,-6.918369775783422426e+01
6.780000000000377725e+00,4.830673279257440527e+02,3.728652063830697472e+01,-3.043694342837921241e+01,1.105623038159157431e+03,-7.369261476896417662e+01
6.782500000000378115e+00,4.831605289507431849e+02,3.725961221400533674e+01,-2.956774778671897863e+01,1.106373038159157659e+03,-7.807478256332964861e+01
6.785000000000378506e+00,4.832536627086003591e+02,3.723271045781237376e+01,-2.869570870712894006e+01,1.107123038159157659e+03,-8.232927423954882329e+01
6.787500000000378897e+00,4.833467292156731787e+02,3.720581481922882006e+01,-2.782097756074146133e+01,1.107873038159157886e+03,-8.645531956017202901e+01
6.790000000000379288e+00,4.834397284869446594e+02,3.717892475199520419e+01,-2.694370619284778812e+01,1.108623038159157886e+03,-9.045229858485494390e+01
6.792500000000379679e+00,4.835326605360355643e+02,3.715203971719558496e+01,-2.606404691130614992e+01,1.109373038159158114e+03,-9.431973103464171970e+01
6.795000000000380069e+00,4.836255253752244130e+02,3.712515918600170295e+01,-2.518215251146632028e+01,1.110123038159158114e+03,-9.805726270579172876e+01
6.797500000000380460e+00,4.837183230154742546e+02,3.709828264209709658e+01,-2.429817616640767142e+01,1.110873038159158341e+03,-1.016646501475342035e+02
6.800000000000380851e+00,4.838110534664650118e+02,3.707140958376413664e+01,-2.341227136777402862e+01,1.111623038159158568e+03,-1.051417446019713964e+02
6.802500000000381242e+00,4.839037167366313383e+02,3.704453952564507802e+01,-2.252459177799888224e+01,1.112373038159158568e+03,-1.084884760903932062e+02
6.805000000000381633e+00,4.839963128332041720e+02,3.701767200019627069e+01,-2.163529141116798726e+01,1.113123038159158568e+03,-1.117048382464838312e+02
6.807500000000382023e+00,4.840888417622560951e+02,3.699080655882753632e+01,-2.074452415045845299e+01,1.113873038159158796e+03,-1.147908744696504613e+02
6.810000000000382414e+00,4.841813035287493108e+02,3.696394277274976048e+01,-1.985244390342912624e+01,1.114623038159158796e+03,-1.177466655776696598e+02
6.812500000000382805e+00,4.842736981365854376e+02,3.693708023354881931e+01,-1.895920455415013350e+01,1.115373038159159023e+03,-1.205723192419140162e+02
6.815000000000383196e+00,4.843660255886567825e+02,3.691021855349196557e+01,-1.806495962347594286e+01,1.116123038159159023e+03,-1.232679612168136458e+02
6.817500000000383586e+00,4.844582858868980111e+02,3.688335736560274114e+01,-1.716986253380430227e+01,1.116873038159159250e+03,-1.258337282922614406e+02
6.820000000000383977e+00,4.845504790323382167e+02,3.685649632352141225e+01,-1.627406624523770873e+01,1.117623038159159250e+03,-1.282697629326713411e+02
6.822500000000384368e+00,4.846426050251521360e+02,3.682963510117934902e+01,-1.537772353776255052e+01,1.118373038159159705e+03,-1.305762093919804840e+02
6.825000000000384759e+00,4.847346638647106829e+02,3.680277339231751199e+01,-1.448098672935435971e+01,1.119123038159159478e+03,-1.327532112007521334e+02
6.827500000000385150e+00,4.848266555496301748e+02,3.677591090985431777e+01,-1.358400748211656861e+01,1.119873038159159705e+03,-1.348009097856405845e+02
6.830000000000385540e+00,4.849185800778199109e+02,3.674904738515306946e+01,-1.268693727549130301e+01,1.120623038159159705e+03,-1.367194440181857829e+02
6.832500000000385931e+00,4.850104374465277601e+02,3.672218256720326934e+01,-1.178992665871546563e+01,1.121373038159160160e+03,-1.385089505877694762e+02
6.835000000000386322e+00,4.851022276523838173e+02,3.669531622172539898e+01,-1.089312589985560109e+01,1.122123038159159933e+03,-1.401695649126267256e+02
6.837500000000386713e+00,4.851939506914416143e+02,3.666844813022325411e+01,-9.996684403440609046e+00,1.122873038159160160e+03,-1.417014225789476143e+02
6.840000000000387104e+00,4.852856065592171149e+02,3.664157808902249513e+01,-9.100751217375284696e+00,1.123623038159160160e+03,-1.431046610166886524e+02
6.842500000000387494e+00,4.853771952507252081e+02,3.661470590828636062e+01,-8.205474634034999326e+00,1.124373038159160387e+03,-1.443794214688213344e+02
6.845000000000387885e+00,4.854687167605137006e+02,3.658783141105056558e+01,-7.311002020490763087e+00,1.125123038159160387e+03,-1.455258509888397214e+02
6.847500000000388276e+00,4.855601710826949784e+02,3.656095443228269914e+01,-6.417480287083684232e+00,1.125873038159160615e+03,-1.465441044910021446e+02
6.850000000000388667e+00,4.856515582109753382e+02,3.653407481796003253e+01,-5.525055584204559445e+00,1.126623038159160615e+03,-1.474343467914235362e+02
6.852500000000389058e+00,4.857428781386819310e+02,3.650719242421056521e+01,-4.633873091306384140e+00,1.127373038159160842e+03,-1.481967545220274474e+02
6.855000000000389448e+00,4.858341308587877165e+02,3.648030711650778102e+01,-3.744077440548813751e+00,1.128123038159160842e+03,-1.488315179674352748e+02
6.857500000000389839e+00,4.859253163639344280e+02,3.645341876891646393e+01,-2.855812350948760070e+00,1.128873038159161069e+03,-1.493388427580898110e+02
6.860000000000390230e+00,4.860164346464535470e+02,3.642652726342512892e+01,-1.969220832033056645e+00,1.129623038159161297e+03,-1.497189513625627342e+02
6.862500000000390621e+00,4.861074856983859149e+02,3.639963248937742435e+01,-1.084444884707377543e+00,1.130373038159161297e+03,-1.499720844872020677e+02
6.865000000000391012e+00,4.861984695114996384e+02,3.637273434297451757e+01,-2.016257953150993876e-01,1.131123038159161524e+03,-1.500985021820015675e+02
6.867500000000391402e+00,4.862893860773071424e+02,3.634583272687072508e+01,6.790928598089976953e-01,1.131873038159161524e+03,-1.500984462547033331e+02
6.870000000000391793e+00,4.863802353870809725e+02,3.631892754985859284e+01,1.557578034465150862e+00,1.132623038159161752e+03,-1.499722961718328236e+02
6.872500000000392184e+00,4.864710174318690861e+02,3.629201872671975337e+01,2.433687882553828175e+00,1.133373038159161752e+03,-1.497203363080655834e+02
6.875000000000392575e+00,4.865617322025097451e+02,3.626510617810804149e+01,3.307284690602291022e+00,1.134123038159161979e+03,-1.493429124638043959e+02
6.877500000000392966e+00,4.866523796896461249e+02,3.623818983056823839e+01,4.178231770304404513e+00,1.134873038159161979e+03,-1.488403929993197892e+02
6.880000000000393356e+00,4.867429598837412072e+02,3.621126961668420563e+01,5.046393446380598391e+00,1.135623038159162206e+03,-1.482131689156457526e+02
6.882500000000393747e+00,4.868334727750927868e+02,3.618434547532974221e+01,5.911634971006725969e+00,1.136373038159161979e+03,-1.474616537032903523e+02
6.885000000000394138e+00,4.869239183538496150e+02,3.615741735203876317e+01,6.773822614937349940e+00,1.137123038159162434e+03,-1.465862830329419353e+02
6.887500000000394529e+00,4.870142966100281683e+02,3.613048519947332693e+01,7.632823503757152572e+00,1.137873038159162434e+03,-1.455875142096859349e+02
6.890000000000394920e+00,4.871046075335307819e+02,3.610354897801500584e+01,8.488506061773680500e+00,1.138623038159162661e+03,-1.444658254145453782e+02
6.892500000000395310e+00,4.871948511141653171e+02,3.607660865647062565e+01,9.340739522321442223e+00,1.139373038159162661e+03,-1.432217147269118982e+02
6.895000000000395701e+00,4.872850273416665914e+02,3.604966421288212786e+01,1.018939441025593595e+01,1.140123038159162888e+03,-1.418556988797076315e+02
6.897500000000396092e+00,4.873751362057201391e+02,3.602271563546561595e+01,1.103434222575542023e+01,1.140873038159162888e+03,-1.403683117674538039e+02
6.900000000000396483e+00,4.874651776959880749e+02,3.599576292361658858e+01,1.187545563614515487e+01,1.141623038159163116e+03,-1.387601027786748773e+02
6.902500000000396874e+00,4.875551518021376864e+02,3.596880608903428111e+01,1.271260847113784642e+01,1.142373038159163116e+03,-1.370316348078169426e+02
6.905000000000397264e+00,4.876450585138727547e+02,3.594184515693945059e+01,1.354567548300276414e+01,1.143123038159163343e+03,-1.351834820728652460e+02
6.907500000000397655e+00,4.877348978209682855e+02,3.591488016732638044e+01,1.437453306898381200e+01,1.143873038159163571e+03,-1.332162277885969104e+02
6.910000000000398046e+00,4.878246697133079692e+02,3.588791117632939631e+01,1.519905836146194922e+01,1.144623038159163571e+03,-1.311304615626723660e+02
6.912500000000398437e+00,4.879143741809255062e+02,3.586093825760971754e+01,1.601912983554169045e+01,1.145373038159163571e+03,-1.289267768107459915e+02
6.915000000000398828e+00,4.880040112140490010e+02,3.583396150377861744e+01,1.683462724002089672e+01,1.146123038159164025e+03,-1.266057680345790430e+02
6.917500000000399218e+00,4.880935808031493366e+02,3.580698102785392933e+01,1.764543156863413387e+01,1.146873038159163798e+03,-1.241680281500754717e+02
6.920000000000399609e+00,4.881830829389920154e+02,3.577999696471376723e+01,1.845142478623239413e+01,1.147623038159164253e+03,-1.216141460087947905e+02
6.922500000000400000e+00,4.882725176126924680e+02,3.575300947250650552e+01,1.925249046403666497e+01,1.148373038159164025e+03,-1.189447041605974533e+02
6.925000000000400391e+00,4.883618848157752268e+02,3.572601873406887307e+01,2.004851322321485796e+01,1.149123038159164253e+03,-1.161602769615903981e+02
6.927500000000400782e+00,4.884511845402362269e+02,3.569902495824099731e+01,2.083937888349518275e+01,1.149873038159164253e+03,-1.132614293803129613e+02
6.930000000000401172e+00,4.885404167786087442e+02,3.567202838106284446e+01,2.162497462669783843e+01,1.150623038159164707e+03,-1.102487164154742914e+02
6.932500000000401563e+00,4.886295815240318348e+02,3.564502926687419659e+01,2.240518877979754464e+01,1.151373038159164480e+03,-1.071226834996987947e+02
6.935000000000401954e+00,4.887186787703218442e+02,3.561802790924408413e+01,2.317991086076082752e+01,1.152123038159164707e+03,-1.038838679644325964e+02
6.937500000000402345e+00,4.888077085120457923e+02,3.559102463171257114e+01,2.394903165277406032e+01,1.152873038159164707e+03,-1.005328018510763286e+02
6.940000000000402736e+00,4.888966707445967472e+02,3.556401978832158051e+01,2.471244333803166171e+01,1.153623038159164935e+03,-9.707001601869690433e+01
6.942500000000403126e+00,4.889855654642703371e+02,3.553701376388777078e+01,2.547003904385899986e+01,1.154373038159165162e+03,-9.349604592877078346e+01
6.945000000000403517e+00,4.890743926683416021e+02,3.551000697396786876e+01,2.622171320476984491e+01,1.155123038159165162e+03,-8.981143898511636792e+01
6.947500000000403908e+00,4.891631523551419605e+02,3.548299986449907806e+01,2.696736132841182965e+01,1.155873038159165390e+03,-8.601676357795857086e+01
6.950000000000404299e+00,4.892518445241345830e+02,3.545599291110262641e+01,2.770688015381045233e+01,1.156623038159165390e+03,-8.211261962820960036e+01
6.952500000000404690e+00,4.893404691759883463e+02,3.542898661799631554e+01,2.844016758815304868e+01,1.157373038159165844e+03,-7.809965060769081902e+01
6.955000000000405080e+00,4.894290263126484319e+02,3.540198151649186542e+01,2.916712250245372928e+01,1.158123038159165617e+03,-7.397855665607177400e+01
6.957500000000405471e+00,4.895175159374030613e+02,3.537497816305515386e+01,2.988764497734196368e+01,1.158873038159165844e+03,-6.975010842888978857e+01
6.960000000000405862e+00,4.896059380549452271e+02,3.534797713690399235e+01,3.060163593925011227e+01,1.159623038159165844e+03,-6.541516113479362104e+01
6.962500000000406253e+00,4.896942926714280588e+02,3.532097903713436438e+01,3.130899766294647080e+01,1.160373038159166299e+03,-6.097466807698089752e+01
6.965000000000406644e+00,4.897825797945126283e+02,3.529398447939198746e+01,3.200963304103672868e+01,1.161123038159166072e+03,-5.642969286619120339e+01
6.967500000000407034e+00,4.898707994334073987e+02,3.526699409202632296e+01,3.270344632702880006e+01,1.161873038159166299e+03,-5.178141947102421483e+01
6.970000000000407425e+00,4.899589515988976132e+02,3.524000851181465066e+01,3.339034244656185280e+01,1.162623038159166299e+03,-4.703115910607409944e+01
6.972500000000407816e+00,4.900470363033638819e+02,3.521302837921543727e+01,3.407022731751114009e+01,1.163373038159166526e+03,-4.218035294068065610e+01
6.975000000000408207e+00,4.901350535607884353e+02,3.518605433314794340e+01,3.474300795022872990e+01,1.164123038159166526e+03,-3.723056975804284008e+01
6.977500000000408598e+00,4.902230033867481893e+02,3.515908700543378984e+01,3.540859219229339772e+01,1.164873038159166754e+03,-3.218349773344974807e+01
6.980000000000408988e+00,4.903108857983938265e+02,3.513212701483607248e+01,3.606688942106413265e+01,1.165623038159166526e+03,-2.704092974723573306e+01
6.982500000000409379e+00,4.903987008144136439e+02,3.510517496076599286e+01,3.671780977009886726e+01,1.166373038159166981e+03,-2.180474195808275795e+01
6.985000000000409770e+00,4.904864484549813710e+02,3.507823141671438094e+01,3.736126449303401387e+01,1.167123038159166981e+03,-1.647686571633653330e+01
6.987500000000410161e+00,4.905741287416877867e+02,3.505129692346694270e+01,3.799716567880940943e+01,1.167873038159167209e+03,-1.105925336283006644e+01
6.990000000000410552e+00,4.906617416974549428e+02,3.502437198226438397e+01,3.862542636149526487e+01,1.168623038159167436e+03,-5.553838931348281882e+00
6.992500000000410942e+00,4.907492873464333911e+02,3.499745704797201995e+01,3.924596040504653871e+01,1.169373038159167436e+03,3.750473183468691629e-02
6.995000000000411333e+00,4.908367657138825280e+02,3.497055252239922396e+01,3.985868256046243374e+01,1.170123038159167436e+03,5.713010447380196588e+00
6.997500000000411724e+00,4.909241768260340564e+02,3.494365874786934256e+01,4.046350866412178249e+01,1.170873038159167663e+03,1.147106047050954025e+01
7.000000000000412115e+00,4.910115207099398731e+02,3.491677600117549218e+01,4.106035543719026037e+01,1.171623038159167663e+03,1.731022685406061612e+01
7.002500000000412506e+00,4.910987973933048920e+02,3.488990448801485655e+01,4.164914063316669512e+01,1.172373038159167891e+03,2.322930570807756112e+01
7.005000000000412896e+00,4.911860069043063390e+02,3.486304433805999281e+01,4.222978310166440252e+01,1.173123038159167891e+03,2.922734255926049229e+01
7.007500000000413287e+00,4.912731492714011097e+02,3.483619560075830179e+01,4.280220271377823593e+01,1.173873038159168118e+03,3.530364630164430650e+01
7.010000000000413678e+00,4.913602245231231223e+02,3.480935824199123374e+01,4.336632060846288539e+01,1.174623038159168118e+03,4.145778949210118469e+01
7.012500000000414069e+00,4.914472326878727699e+02,3.478253214168498886e+01,4.392205913815338647e+01,1.175373038159168573e+03,4.768959337766921891e+01
7.015000000000414460e+00,4.915341737937009157e+02,3.475571709249452113e+01,4.446934210458656622e+01,1.176123038159168345e+03,5.399909667210143738e+01
7.017500000000414850e+00,4.916210478680904430e+02,3.472891279963214117e+01,4.500809451561821106e+01,1.176873038159168573e+03,6.038650791184792865e+01
7.020000000000415241e+00,4.917078549377378067e+02,3.470211888189372473e+01,4.553824325675870455e+01,1.177623038159168800e+03,6.685214224412840167e+01
7.022500000000415632e+00,4.917945950283380512e+02,3.467533487398637959e+01,4.605971658876195818e+01,1.178373038159168800e+03,7.339634453409229309e+01
7.025000000000416023e+00,4.918812681643763653e+02,3.464856023012862352e+01,4.657244484200557366e+01,1.179123038159169027e+03,8.001940169428593208e+01
7.027500000000416414e+00,4.919678743689291309e+02,3.462179432899464615e+01,4.707635987274077394e+01,1.179873038159169027e+03,8.672144859684634355e+01
7.030000000000416804e+00,4.920544136634784422e+02,3.459503647996712772e+01,4.757139590776431248e+01,1.180623038159169255e+03,9.350237272592364945e+01
7.032500000000417195e+00,4.921408860677427128e+02,3.456828593070894584e+01,4.805748922495023834e+01,1.181373038159169255e+03,1.003617239355843935e+02
7.035000000000417586e+00,4.922272915995272342e+02,3.454154187598830816e+01,4.853457820006575929e+01,1.182123038159169255e+03,1.072986362451153326e+02
7.037500000000417977e+00,4.923136302745971307e+02,3.451480346767807816e+01,4.900260373596979235e+01,1.182873038159169482e+03,1.143117690147814045e+02
7.040000000000418368e+00,4.923999021065763486e+02,3.448806982586951619e+01,4.946150932412640344e+01,1.183623038159169710e+03,1.213992744211574006e+02
7.042500000000418758e+00,4.924861071068745559e+02,3.446134005099779074e+01,4.991124056104249007e+01,1.184373038159169710e+03,1.285587970990314375e+02
7.045000000000419149e+00,4.925722452846455326e+02,3.443461323682236497e+01,5.035174581747193656e+01,1.185123038159170164e+03,1.357875099933407341e+02
7.047500000000419540e+00,4.926583166467776778e+02,3.440788848412640988e+01,5.078297577402575769e+01,1.185873038159169937e+03,1.430821878569036585e+02
7.050000000000419931e+00,4.927443211979198736e+02,3.438116491496062821e+01,5.120488292754026105e+01,1.186623038159170164e+03,1.504393164973009505e+02
7.052500000000420322e+00,4.928302589405427057e+02,3.435444168722582958e+01,5.161742130168500609e+01,1.187373038159170164e+03,1.578552323803883155e+02
7.055000000000420712e+00,4.929161298750363471e+02,3.432771800942162344e+01,5.202054689289799683e+01,1.188123038159170392e+03,1.653262837201341426e+02
7.057500000000421103e+00,4.930019339998456189e+02,3.430099315532918069e+01,5.241421837338243250e+01,1.188873038159170392e+03,1.728490013299941381e+02
7.060000000000421494e+00,4.930876713116412589e+02,3.427426647825437556e+01,5.279839660795984457e+01,1.189623038159170619e+03,-1.795797341814605375e+02
7.062500000000421885e+00,4.931733418055267180e+02,3.424753742445896165e+01,5.317304525669328541e+01,1.190373038159170619e+03,-1.719625429880900640e+02
7.065000000000422276e+00,4.932589454752777556e+02,3.422080554534408492e+01,5.353813016028036031e+01,1.191123038159170846e+03,-1.643014275793600518e+02
7.067500000000422666e+00,4.933444823136118771e+02,3.419407050808808179e+01,5.389361959385735901e+01,1.191873038159170846e+03,-1.565976964892084311e+02
7.070000000000423057e+00,4.934299523124830671e+02,3.416733210436719048e+01,5.423948376599636134e+01,1.192623038159171074e+03,-1.488519383032632106e+02
7.072500000000423448e+00,4.935153554633974977e+02,3.414059025685354243e+01,5.457569521563915771e+01,1.193373038159171074e+03,-1.410640503471086618e+02
7.075000000000423839e+00,4.936006917577437889e+02,3.411384502321749324e+01,5.490222836175219356e+01,1.194123038159171301e+03,-1.332333223931888995e+02
7.077500000000424230e+00,4.936859611871320226e+02,3.408709659738304509e+01,5.521905912085837542e+01,1.194873038159171529e+03,-1.253585716133194268e+02
7.080000000000424620e+00,4.937711637437342347e+02,3.406034530790027759e+01,5.552616524933451814e+01,1.195623038159171529e+03,-1.174383213253482268e+02
7.082500000000425011e+00,4.938562994206191092e+02,3.403359161336329919e+01,5.582352560354877369e+01,1.196373038159171529e+03,-1.094710123275586966e+02
7.085000000000425402e+00,4.939413682120734279e+02,3.400683609487468573e+01,5.611112035130992126e+01,1.197123038159171756e+03,-1.014552326761723720e+02
7.087500000000425793e+00,4.940263701139033969e+02,3.398007944564146499e+01,5.638893084739096651e+01,1.197873038159171983e+03,-9.338994914963740257e+01
7.090000000000426184e+00,4.941113051237078935e+02,3.395332245785429137e+01,5.665693924339101528e+01,1.198623038159171983e+03,-8.527472199828928012e+01
7.092500000000426574e+00,4.941961732411178332e+02,3.392656600711640635e+01,5.691512878625711380e+01,1.199373038159171983e+03,-7.710988369265486142e+01
7.095000000000426965e+00,4.942809744679951223e+02,3.389981103474939061e+01,5.716348345777588946e+01,1.200123038159172211e+03,-6.889666331541029365e+01
7.097500000000427356e+00,4.943657088085863052e+02,3.387305852834791864e+01,5.740198831136920177e+01,1.200873038159172438e+03,-6.063724099063372819e+01
7.100000000000427747e+00,4.944503762696267586e+02,3.384630950105592007e+01,5.763062912569407104e+01,1.201623038159172438e+03,-5.233472154134121013e+01
7.102500000000428138e+00,4.945349768603924758e+02,3.381956496996052408e+01,5.784939272343730465e+01,1.202373038159172665e+03,-4.399302353641582641e+01
7.105000000000428528e+00,4.946195105926976794e+02,3.379282593421719838e+01,5.805826698354488258e+01,1.203123038159172665e+03,-3.561668845229011993e+01
7.107500000000428919e+00,4.947039774808373522e+02,3.376609335333586159e+01,5.825724168357495358e+01,1.203873038159172893e+03,-2.721062372370211691e+01
7.110000000000429310e+00,4.947883775414760521e+02,3.373936812616722136e+01,5.844630866909604805e+01,1.204623038159173120e+03,-1.877980182621334038e+01
7.112500000000429701e+00,4.948727107934847709e+02,3.371265107104619574e+01,5.862546088986168513e+01,1.205373038159173120e+03,-1.032894355498663685e+01
7.115000000000430092e+00,4.949569772577286813e+02,3.368594290741214081e+01,5.879469249885472948e+01,1.206123038159173120e+03,-1.862216691918722633e+00
7.117500000000430482e+00,4.950411769568101477e+02,3.365924423961996581e+01,5.895399875992305994e+01,1.206873038159173348e+03,6.617019804091285096e+00
7.120000000000430873e+00,4.951253099147725720e+02,3.363255554336062403e+01,5.910337633729433549e+01,1.207623038159173575e+03,1.510640056537759257e+01
7.122500000000431264e+00,4.952093761567718957e+02,3.360587715497866412e+01,5.924282305536764426e+01,1.208373038159173575e+03,2.360464956286620009e+01
7.125000000000431655e+00,4.952933757087232038e+02,3.357920926398405470e+01,5.937233819786152367e+01,1.209123038159173575e+03,3.211157797766773569e+01
7.127500000000432046e+00,4.953773085969303906e+02,3.355255190892590633e+01,5.949192253803748542e+01,1.209873038159173802e+03,4.062798477753410964e+01
7.130000000000432436e+00,4.954611748477074116e+02,3.352590497671801728e+01,5.960157841071094964e+01,1.210623038159173802e+03,4.915546914427071812e+01
7.132500000000432827e+00,4.955449744870001041e+02,3.349926820539246108e+01,5.970130996877016827e+01,1.211373038159174030e+03,5.769617107459804117e+01
7.135000000000433218e+00,4.956287075400164213e+02,3.347264119021736661e+01,5.979112305226686175e+01,1.212123038159174030e+03,6.625246194832398317e+01
7.137500000000433609e+00,4.957123740308741162e+02,3.344602339297140503e+01,5.987102543625181283e+01,1.212873038159174257e+03,7.482661048352203181e+01
7.140000000000434000e+00,4.957959739822731535e+02,3.341941415415642069e+01,5.994102720104164206e+01,1.213623038159174257e+03,8.342045192445584689e+01
7.142500000000434390e+00,4.958795074152004076e+02,3.339281270787151357e+01,6.000114050707022528e+01,1.214373038159174712e+03,9.203508883159496179e+01
7.145000000000434781e+00,4.959629743486727875e+02,3.336621819895450614e+01,6.005137957730497789e+01,1.215123038159174484e+03,1.006706507088802312e+02
7.147500000000435172e+00,4.960463747995244148e+02,3.333962970200896336e+01,6.009176121026754913e+01,1.215873038159174712e+03,1.093261365561490805e+02
7.150000000000435563e+00,4.961297087822424032e+02,3.331304624194387287e+01,6.012230432180123785e+01,1.216623038159174712e+03,1.179993586861125578e+02
7.152500000000435953e+00,4.962129763088546497e+02,3.328646681557304277e+01,6.014303008130341510e+01,1.217373038159174939e+03,1.266869976625205680e+02
7.155000000000436344e+00,4.962961773888720813e+02,3.325989041379968825e+01,6.015396198612493350e+01,1.218123038159174939e+03,1.353847675421859833e+02
7.157500000000436735e+00,4.963793120292865524e+02,3.323331604398819650e+01,6.015512516050957004e+01,1.218873038159175167e+03,1.440876786296196883e+02
7.160000000000437126e+00,4.964623802346246180e+02,3.320674275201006509e+01,6.014654548108021714e+01,1.219623038159175167e+03,1.527903732709845599e+02
7.162500000000437517e+00,4.965453820070561619e+02,3.318016964354402631e+01,6.012824943060788030e+01,1.220373038159175394e+03,1.614875008799226066e+02
7.165000000000437907e+00,4.966283173465556047e+02,3.315359590428806058e+01,6.010026497302475690e+01,1.221123038159175394e+03,1.701740931025738064e+02
7.167500000000438298e+00,4.967111862511130767e+02,3.312702081861144165e+01,6.006262191213735946e+01,1.221873038159175621e+03,1.788459000142033517e+02
7.170000000000438689e+00,4.967939887169910094e+02,3.310044378606325211e+01,6.001535193904604881e+01,1.222623038159175394e+03,-1.725003464917722056e+02
7.172500000000439080e+00,4.968767247390207444e+02,3.307386433524690261e+01,5.995848814915605374e+01,1.223373038159175849e+03,-1.638667668604464041e+02
7.175000000000439471e+00,4.969593943109321117e+02,3.304728213463361186e+01,5.989206552219516055e+01,1.224123038159175849e+03,-1.552542786631343006e+02
7.177500000000439861e+00,4.970419974257081321e+02,3.302069700004381048e+01,5.981612038605751280e+01,1.224873038159176076e+03,-1.466626531036081076e+02
7.180000000000440252e+00,4.971245340759566602e+02,3.299410889851064610e+01,5.973069050811963621e+01,1.225623038159176303e+03,-1.380906737877246542e+02
7.182500000000440643e+00,4.972070042542893020e+02,3.296751794841343042e+01,5.963581498502907152e+01,1.226373038159176303e+03,-1.295363794450633463e+02
7.185000000000441034e+00,4.972894079536987988e+02,3.294092441590466080e+01,5.953153379514022703e+01,1.227123038159176531e+03,-1.209973667993489101e+02
7.187500000000441425e+00,4.973717451679252122e+02,3.291432870768883845e+01,5.941788806551495838e+01,1.227873038159176531e+03,-1.124711261082521503e+02
7.190000000000441815e+00,4.974540158918021007e+02,3.288773136040439482e+01,5.929491982362564784e+01,1.228623038159176758e+03,-1.039553807891160915e+02
7.192500000000442206e+00,4.975362201215743312e+02,3.286113302691086346e+01,5.916267190922447128e+01,1.229373038159176758e+03,-9.544840298255584798e+01
7.195000000000442597e+00,4.976183578551799656e+02,3.283453445990053865e+01,5.902118814462404828e+01,1.230123038159176986e+03,-8.694927894275723190e+01
7.197500000000442988e+00,4.977004290924898555e+02,3.280793649332103001e+01,5.887051331561773537e+01,1.230873038159176986e+03,-7.845810179786039384e+01
7.200000000000443379e+00,4.977824338354994893e+02,3.278134002214450504e+01,5.871069308288117838e+01,1.231623038159177213e+03,-6.997607460247169797e+01
7.202500000000443769e+00,4.978643720884699064e+02,3.275474598102479007e+01,5.854177422387221696e+01,1.232373038159177440e+03,-6.150551375398126908e+01
7.205000000000444160e+00,4.979462438580143271e+02,3.272815532243432557e+01,5.836380481338738946e+01,1.233123038159177440e+03,-5.304975160104761045e+01
7.207500000000444551e+00,4.980280491531304392e+02,3.270156899487472657e+01,5.817683428863943362e+01,1.233873038159177668e+03,-4.461294682615810814e+01
7.210000000000444942e+00,4.981097879851781727e+02,3.267498792165640964e+01,5.798091342841407680e+01,1.234623038159177668e+03,-3.619982063805995409e+01
7.212500000000445333e+00,4.981914603678049502e+02,3.264841298078096088e+01,5.777609571619548490e+01,1.235373038159177668e+03,-2.781534481961397987e+01
7.215000000000445723e+00,4.982730663168215415e+02,3.262184498636023733e+01,5.756243683576074943e+01,1.236123038159177895e+03,-1.946441269832120824e+01
7.217500000000446114e+00,4.983546058500321578e+02,3.259528467187024603e+01,5.733999422584298600e+01,1.236873038159178122e+03,-1.115152536958327900e+01
7.220000000000446505e+00,4.984360789870243025e+02,3.256873267554042428e+01,5.710882682230246843e+01,1.237623038159178122e+03,-2.880522770751362760e+00
7.222500000000446896e+00,4.985174857489228089e+02,3.254218952827704925e+01,5.686899534696267011e+01,1.238373038159178122e+03,5.345616999249927837e+00
7.225000000000447287e+00,4.985988261581156848e+02,3.251565564433247602e+01,5.662056181955826872e+01,1.239123038159178350e+03,1.352489529535884394e+01
7.227500000000447677e+00,4.986801002379581291e+02,3.248913131484223982e+01,5.636359001159173943e+01,1.239873038159178350e+03,2.165632217012251104e+01
7.230000000000448068e+00,4.987613080124618818e+02,3.246261670424661361e+01,5.609814513582053763e+01,1.240623038159178577e+03,2.973986072227885558e+01
7.232500000000448459e+00,4.988424495059773562e+02,3.243611184953488902e+01,5.582429421239971390e+01,1.241373038159178577e+03,3.777629747368779078e+01
7.235000000000448850e+00,4.989235247428754292e+02,3.240961666222533921e+01,5.554210555816280959e+01,1.242123038159178805e+03,4.576705472473214797e+01
7.237500000000449241e+00,4.990045337472358824e+02,3.238313093285808719e+01,5.525164892953187490e+01,1.242873038159178805e+03,5.371396379974376600e+01
7.240000000000449631e+00,4.990854765425480650e+02,3.235665433781120015e+01,5.495299585484433180e+01,1.243623038159179259e+03,6.161901907937797773e+01
7.242500000000450022e+00,4.991663531514300871e+02,3.233018644816896625e+01,5.464621931340662542e+01,1.244373038159179032e+03,6.948413220588486183e+01
7.245000000000450413e+00,4.992471635953712621e+02,3.230372674030400759e+01,5.433139347168024358e+01,1.245123038159179259e+03,7.731090409179145695e+01
7.247500000000450804e+00,4.993279078945016636e+02,3.227727460788483427e+01,5.400859409100247888e+01,1.245873038159179259e+03,8.510043002903972820e+01
7.250000000000451195e+00,4.994085860673927755e+02,3.225082937500989289e+01,5.367789843696670005e+01,1.246623038159179714e+03,9.285315036741270944e+01
7.252500000000451585e+00,4.994891981308911113e+02,3.222439031013622213e+01,5.333938475649332389e+01,1.247373038159179487e+03,1.005687555243671341e+02
7.255000000000451976e+00,4.995697440999873038e+02,3.219795664048546513e+01,5.299313285922956851e+01,1.248123038159179941e+03,1.082461502392886672e+02
7.257500000000452367e+00,4.996502239877211764e+02,3.217152756667554314e+01,5.263922347726234108e+01,1.248873038159179714e+03,1.158834778877119760e+02
7.260000000000452758e+00,4.997306378051237061e+02,3.214510227727019043e+01,5.227773855529048319e+01,1.249623038159180169e+03,1.234782009182608249e+02
7.262500000000453149e+00,4.998109855611948547e+02,3.211867996302839856e+01,5.190876090838169432e+01,1.250373038159179941e+03,1.310272294657901000e+02
7.265000000000453539e+00,4.998912672629171539e+02,3.209225983062385978e+01,5.153237398783313949e+01,1.251123038159180396e+03,1.385270863169967299e+02
7.267500000000453930e+00,4.999714829153030564e+02,3.206584111565118889e+01,5.114866168706268468e+01,1.251873038159180396e+03,1.459740938193972397e+02
7.270000000000454321e+00,5.000516325214743460e+02,3.203942309456123638e+01,5.075770724188620164e+01,1.252623038159180624e+03,1.533645669408746812e+02
7.272500000000454712e+00,5.001317160827700263e+02,3.201300509549393780e+01,5.035959400708930644e+01,1.253373038159180396e+03,1.606949969856895279e+02
7.275000000000455103e+00,5.002117335988829723e+02,3.198658650904427958e+01,4.995440581828577820e+01,1.254123038159180851e+03,1.679622122291260098e+02
7.277500000000455493e+00,5.002916850680205130e+02,3.196016679663004112e+01,4.954222702149670710e+01,1.254873038159180851e+03,1.751635048244231143e+02
7.280000000000455884e+00,5.003715704870861600e+02,3.193374549773687576e+01,4.912314251439533308e+01,1.255623038159181078e+03,-1.777032827879160095e+02
7.282500000000456275e+00,5.004513898518782753e+02,3.190732223558493885e+01,4.869723797961154332e+01,1.256373038159180851e+03,-1.706397146509594336e+02
7.285000000000456666e+00,5.005311431573022674e+02,3.188089672125159169e+01,4.826459935500248122e+01,1.257123038159181306e+03,-1.636467601872559214e+02
7.287500000000457057e+00,5.006108303975919966e+02,3.185446875613618545e+01,4.782531332755297626e+01,1.257873038159181078e+03,-1.567248310636178417e+02
7.290000000000457447e+00,5.006904515665365238e+02,3.182803823282058175e+01,4.737946704508394902e+01,1.258623038159181533e+03,-1.498738494037983457e+02
7.292500000000457838e+00,5.007700066577079383e+02,3.180160513436456071e+01,4.692714797278183170e+01,1.259373038159181306e+03,-1.430933396550705936e+02
7.295000000000458229e+00,5.008494956646868559e+02,3.177516953206647088e+01,4.646844433915544670e+01,1.260123038159181988e+03,-1.363825357278121544e+02
7.297500000000458620e+00,5.009289185812810388e+02,3.174873158186860422e+01,4.600344457769276119e+01,1.260873038159181533e+03,-1.297404951866355418e+02
7.300000000000459011e+00,5.010082754017348634e+02,3.172229151949043313e+01,4.553223772865445795e+01,1.261623038159181988e+03,-1.231662131730651595e+02
7.302500000000459401e+00,5.010875661209253735e+02,3.169584965445839586e+01,4.505491340673746237e+01,1.262373038159181760e+03,-1.166587295222032168e+02
7.305000000000459792e+00,5.011667907345432695e+02,3.166940636321754710e+01,4.457156161311039000e+01,1.263123038159182215e+03,-1.102172238998743410e+02
7.307500000000460183e+00,5.012459492392559355e+02,3.164296208149508516e+01,4.408227304951778081e+01,1.263873038159181988e+03,-1.038410950191725277e+02
7.310000000000460574e+00,5.013250416328511392e+02,3.161651729610775874e+01,4.358713889973315503e+01,1.264623038159182443e+03,-9.753002121471335784e+01
7.312500000000460965e+00,5.014040679143600414e+02,3.159007253638874246e+01,4.308625099122695445e+01,1.265373038159182215e+03,-9.128400090906207254e+01
7.315000000000461355e+00,5.014830280841584909e+02,3.156362836543197403e+01,4.257970208532629641e+01,1.266123038159182670e+03,-8.510337270232507478e+01
7.317500000000461746e+00,5.015619221440464344e+02,3.153718537131400623e+01,4.206758529357896492e+01,1.266873038159182443e+03,-7.898881569735962671e+01
7.320000000000462137e+00,5.016407500973053857e+02,3.151074415843550369e+01,4.154999494933985460e+01,1.267623038159182897e+03,-7.294133192049483227e+01
7.322500000000462528e+00,5.017195119487345210e+02,3.148430533914445562e+01,4.102702596323327811e+01,1.268373038159182670e+03,-6.696221306253293903e+01
7.325000000000462919e+00,5.017982077046657992e+02,3.145786952574791329e+01,4.049877432124318943e+01,1.269123038159183125e+03,-6.105299485065408049e+01
7.327500000000463309e+00,5.018768373729595282e+02,3.143143732301026461e+01,3.996533679415183826e+01,1.269873038159182897e+03,-5.521540235820506126e+01
7.330000000000463700e+00,5.019554009629814004e+02,3.140500932125098998e+01,3.942681132716637649e+01,1.270623038159183352e+03,-4.945129006814784844e+01
7.332500000000464091e+00,5.020338984855626450e+02,3.137858609008326027e+01,3.888329678401308342e+01,1.271373038159183125e+03,-4.376258027418388963e+01
7.335000000000464482e+00,5.021123299529449469e+02,3.135216817283358282e+01,3.833489304427487099e+01,1.272123038159183579e+03,-3.815120320498821371e+01
7.337500000000464873e+00,5.021906953787118368e+02,3.132575608167055492e+01,3.778170121217226551e+01,1.272873038159183579e+03,-3.261904185507226828e+01
7.340000000000465263e+00,5.022689947777082580e+02,3.129935029348516551e+01,3.722382388357813454e+01,1.273623038159183807e+03,-2.716788382169318794e+01
7.342500000000465654e+00,5.023472281659501277e+02,3.127295124646332880e+01,3.666136460452992196e+01,1.274373038159183807e+03,-2.179938185024512975e+01
7.345000000000466045e+00,5.024253955605260558e+02,3.124655933733387769e+01,3.609442773533250204e+01,1.275123038159184034e+03,-1.651502403852023093e+01
7.347500000000466436e+00,5.025034969794922404e+02,3.122017491930021649e+01,3.552311859881625367e+01,1.275873038159183807e+03,-1.131611401583960586e+01
7.350000000000466827e+00,5.025815324417626471e+02,3.119379830065188841e+01,3.494754326312764192e+01,1.276623038159184262e+03,-6.203760786094137281e+00
7.352500000000467217e+00,5.026595019669962880e+02,3.116742974403966571e+01,3.436780867753501667e+01,1.277373038159184262e+03,-1.178877461756245415e+00
7.355000000000467608e+00,5.027374055754827396e+02,3.114106946632133344e+01,3.378402243114655334e+01,1.278123038159184489e+03,3.757812256969409237e+00
7.357500000000467999e+00,5.028152432880278866e+02,3.111471763894794762e+01,3.319629289944489159e+01,1.278873038159184489e+03,8.605761260430707438e+00
7.360000000000468390e+00,5.028930151258406909e+02,3.108837438886059701e+01,3.260472905889640316e+01,1.279623038159184716e+03,1.336458132305260094e+01
7.362500000000468781e+00,5.029707211104226303e+02,3.106203979979415664e+01,3.200944065017105800e+01,1.280373038159184716e+03,1.803402202609104066e+01
7.365000000000469171e+00,5.030483612634604924e+02,3.103571391396712187e+01,3.141053782277626638e+01,1.281123038159184944e+03,2.261394775420401615e+01
7.367500000000469562e+00,5.031259356067237150e+02,3.100939673406839958e+01,3.080813112917888930e+01,1.281873038159184944e+03,2.710431392279670604e+01
7.370000000000469953e+00,5.032034441619666723e+02,3.098308822550177055e+01,3.020233192647584275e+01,1.282623038159185398e+03,3.150514363071858526e+01
7.372500000000470344e+00,5.032808869508369298e+02,3.095678831885714999e+01,2.959325182997989856e+01,1.283373038159185171e+03,3.581650559158480007e+01
7.375000000000470735e+00,5.033582639947895814e+02,3.093049691250138622e+01,2.898100269703183329e+01,1.284123038159185398e+03,4.003849393284297520e+01
7.377500000000471125e+00,5.034355753150081796e+02,3.090421387527468511e+01,2.836569687913315718e+01,1.284873038159185398e+03,4.417121041511568791e+01
7.380000000000471516e+00,5.035128209323325450e+02,3.087793904925809585e+01,2.774744697889109091e+01,1.285623038159185853e+03,4.821474933894062076e+01
7.382500000000471907e+00,5.035900008671933961e+02,3.085167225254908985e+01,2.712636580883987847e+01,1.286373038159185626e+03,5.216918525102163784e+01
7.385000000000472298e+00,5.036671151395539141e+02,3.082541328201686071e+01,2.650256643263937661e+01,1.287123038159185853e+03,5.603456344955380075e+01
7.387500000000472689e+00,5.037441637688583569e+02,3.079916191601173026e+01,2.587616200183753534e+01,1.287873038159185853e+03,5.981089323094329302e+01
7.390000000000473079e+00,5.038211467739871523e+02,3.077291791699702017e+01,2.524726572941054670e+01,1.288623038159186081e+03,6.349814358133838965e+01
7.392500000000473470e+00,5.038980641732187564e+02,3.074668103408435726e+01,2.461599105730605430e+01,1.289373038159186081e+03,6.709624117988002467e+01
7.395000000000473861e+00,5.039749159841974802e+02,3.072045100546266383e+01,2.398245145093027020e+01,1.290123038159186308e+03,7.060507036072863229e+01
7.397500000000474252e+00,5.040517022239077960e+02,3.069422756068587077e+01,2.334676018494021221e+01,1.290873038159186535e+03,7.402447475239794983e+01
7.400000000000474643e+00,5.041284229086537607e+02,3.066801042281752387e+01,2.270903073019015395e+01,1.291623038159186535e+03,7.735426021035220856e+01
7.402500000000475033e+00,5.042050780540440655e+02,3.064179931042776772e+01,2.206937634055789843e+01,1.292373038159186535e+03,8.059419890190177682e+01
7.405000000000475424e+00,5.042816676749819180e+02,3.061559393943709750e+01,2.142791027264564363e+01,1.293123038159186763e+03,8.374403404595808809e+01
7.407500000000475815e+00,5.043581917856593577e+02,3.058939402481282954e+01,2.078474569953274553e+01,1.293873038159186990e+03,8.680348522734279015e+01
7.410000000000476206e+00,5.044346503995557782e+02,3.056319928210150749e+01,2.013999564386162788e+01,1.294623038159187217e+03,8.977225391741269789e+01
7.412500000000476597e+00,5.045110435294402578e+02,3.053700942880042746e+01,1.949377298326812635e+01,1.295373038159186990e+03,9.265002906612288314e+01
7.415000000000476987e+00,5.045873711873770731e+02,3.051082418558637244e+01,1.884619029036236526e+01,1.296123038159187672e+03,9.543649255742855075e+01
7.417500000000477378e+00,5.046636333847343963e+02,3.048464327740276048e+01,1.819736003830018589e+01,1.296873038159187217e+03,9.813132441156014352e+01
7.420000000000477769e+00,5.047398301321954364e+02,3.045846643440644996e+01,1.754739439997136330e+01,1.297623038159187672e+03,1.007342076285254819e+02
7.422500000000478160e+00,5.048159614397720816e+02,3.043229339278265044e+01,1.689640542696662351e+01,1.298373038159187445e+03,1.032448325734898305e+02
7.425000000000478551e+00,5.048920273168203039e+02,3.040612389544645211e+01,1.624450476775177066e+01,1.299123038159188127e+03,1.056629008818038642e+02
7.427500000000478941e+00,5.049680277720573827e+02,3.037995769261682710e+01,1.559180389675968925e+01,1.299873038159187672e+03,1.079881288220664004e+02
7.430000000000479332e+00,5.050439628135803787e+02,3.035379454230097451e+01,1.493841412357148002e+01,1.300623038159188127e+03,1.102202501479380459e+02
7.432500000000479723e+00,5.051198324488860294e+02,3.032763421066897891e+01,1.428444615272037765e+01,1.301373038159187900e+03,1.123590184204012559e+02
7.435000000000480114e+00,5.051956366848910989e+02,3.030147647233939523e+01,1.363001054747253349e+01,1.302123038159188354e+03,1.144042088353326250e+02
7.437500000000480505e+00,5.052713755279538645e+02,3.027532111059686315e+01,1.297521750475685032e+01,1.302873038159188127e+03,1.163556195974254166e+02
7.440000000000480895e+00,5.053470489838957178e+02,3.024916791753717504e+01,1.232017690701760060e+01,1.303623038159188582e+03,1.182130728586251962e+02
7.442500000000481286e+00,5.054226570580233329e+02,3.022301669414645531e+01,1.166499825227297826e+01,1.304373038159188354e+03,1.199764153052380493e+02
7.445000000000481677e+00,5.054981997551509494e+02,3.019686725033332308e+01,1.100979062655711793e+01,1.305123038159189036e+03,1.216455183853584572e+02
7.447500000000482068e+00,5.055736770796225414e+02,3.017071940490640714e+01,1.035466271969464813e+01,1.305873038159188582e+03,1.232202782764887274e+02
7.450000000000482459e+00,5.056490890353342138e+02,3.014457298551128517e+01,9.699722788485550140e+00,1.306623038159189036e+03,1.247006156184916676e+02
7.452500000000482849e+00,5.057244356257561435e+02,3.011842782855341838e+01,9.045078905493372901e+00,1.307373038159188809e+03,1.260864750417825348e+02
7.455000000000483240e+00,5.057997168539544077e+02,3.009228377908479857e+01,8.390838442352341886e+00,1.308123038159189264e+03,1.273778245578040185e+02
7.457500000000483631e+00,5.058749327226126411e+02,3.006614069066210604e+01,7.737108437808655204e+00,1.308873038159188809e+03,1.285746548299544827e+02
7.460000000000484022e+00,5.059500832340531247e+02,3.003999842519540664e+01,7.083995576633193458e+00,1.309623038159189491e+03,1.296769783702848144e+02
7.462500000000484413e+00,5.060251683902575905e+02,3.001385685278679460e+01,6.431605882506800320e+00,1.310373038159189264e+03,1.306848286821239356e+02
7.465000000000484803e+00,5.061001881928875719e+02,2.998771585157054531e+01,5.780044975777245853e+00,1.311123038159189491e+03,1.315982593796321964e+02
7.467500000000485194e+00,5.061751426433045253e+02,2.996157530754433296e+01,5.129418023930415238e+00,1.311873038159189491e+03,1.324173433044290960e+02
7.470000000000485585e+00,5.062500317425892717e+02,2.993543511441458804e+01,4.479829748141566981e+00,1.312623038159189946e+03,1.331421716584817148e+02
7.472500000000485976e+00,5.063248554915612090e+02,2.990929517343659683e+01,3.831384129816229667e+00,1.313373038159189718e+03,1.337728531676644081e+02
7.475000000000486367e+00,5.063996138907970703e+02,2.988315539327214054e+01,3.184184732296720721e+00,1.314123038159190173e+03,1.343095132917813999e+02
7.477500000000486757e+00,5.064743069406494556e+02,2.985701568985571441e+01,2.538334575133798676e+00,1.314873038159190173e+03,1.347522934878100216e+02
7.480000000000487148e+00,5.065489346412649070e+02,2.983087598628673121e+01,1.893936176906790170e+00,1.315623038159190628e+03,1.351013505419477099e+02
7.482500000000487539e+00,5.066234969926016447e+02,2.980473621273202411e+01,1.251091425593900963e+00,1.316373038159190173e+03,1.353568559726964793e+02
7.485000000000487930e+00,5.066979939944473585e+02,2.977859630634016597e+01,6.099016878493328520e-01,1.317123038159190855e+03,1.355189955159316924e+02
7.487500000000488320e+00,5.067724256464365453e+02,2.975245621118685690e+01,-2.953228050456502274e-02,1.317873038159190401e+03,1.355879686968810915e+02
7.490000000000488711e+00,5.068467919480677892e+02,2.972631587823438792e+01,-6.669502742127499939e-01,1.318623038159190855e+03,1.355639924312158655e+02
7.492500000000489102e+00,5.069210928987209286e+02,2.970017526531234608e+01,-1.302574567220153412e+00,1.319373038159190628e+03,1.354473083256699226e+02
7.495000000000489493e+00,5.069953284976743362e+02,2.967403433712992467e+01,-1.936144603015948817e+00,1.320123038159191083e+03,1.352381361305672272e+02
7.497500000000489884e+00,5.070694987441220292e+02,2.964789306530388657e+01,-2.567562250124028722e+00,1.320873038159190855e+03,1.349367282279214635e+02
7.500000000000490274e+00,5.071436036371910063e+02,2.962175142841655884e+01,-3.196729913664789979e+00,1.321623038159191310e+03,1.345433501867202324e+02
7.502500000000490665e+00,5.072176431759586990e+02,2.959560941209935336e+01,-3.823550876491963457e+00,1.322373038159191310e+03,1.340582809939370463e+02
7.505000000000491056e+00,5.072916173594706493e+02,2.956946700913373505e+01,-4.447928992032723627e+00,1.323123038159191765e+03,1.334818134187431440e+02
7.507500000000491447e+00,5.073655261867584159e+02,2.954332421957776234e+01,-5.069768993171196669e+00,1.323873038159191310e+03,1.328142545131397014e+02
7.510000000000491838e+00,5.074393696568578775e+02,2.951718105092002276e+01,-5.688976229825495778e+00,1.324623038159191765e+03,1.320559262604561468e+02
7.512500000000492228e+00,5.075131477688278778e+02,2.949103751825123609e+01,-6.305456928500769109e+00,1.325373038159191765e+03,1.312071663659630190e+02
7.515000000000492619e+00,5.075868605217693812e+02,2.946489364444525094e+01,-6.919118216810535849e+00,1.326123038159191992e+03,1.302683292025700155e+02
7.517500000000493010e+00,5.076605079148450272e+02,2.943874946038350515e+01,-7.529867849265493795e+00,1.326873038159192220e+03,1.292397869045313712e+02
7.520000000000493401e+00,5.077340899472992533e+02,2.941260500517632792e+01,-8.137614410328662728e+00,1.327623038159192220e+03,1.281219306090596035e+02
7.522500000000493792e+00,5.078076066184789852e+02,2.938646032639527661e+01,-8.742267517842769564e+00,1.328373038159192447e+03,1.269151718398247652e+02
7.525000000000494182e+00,5.078810579278549540e+02,2.936031548032368477e+01,-9.343737555214493895e+00,1.329123038159192447e+03,1.256199440211089922e+02
7.527500000000494573e+00,5.079544438750435802e+02,2.933417053221209869e+01,-9.941935827299888118e+00,1.329873038159192674e+03,1.242367041051638665e+02
7.530000000000494964e+00,5.080277644598296547e+02,2.930802555654107877e+01,-1.053677455152744002e+01,1.330623038159192447e+03,1.227659342932618500e+02
7.532500000000495355e+00,5.081010196821894738e+02,2.928188063726962653e+01,-1.112816692408117447e+01,1.331373038159192674e+03,1.212081438196611032e+02
7.535000000000495746e+00,5.081742095423145997e+02,2.925573586809877824e+01,-1.171602715355052737e+01,1.332123038159192902e+03,1.195638707600251394e+02
7.537500000000496136e+00,5.082473340406364741e+02,2.922959135271061371e+01,-1.230027034921240592e+01,1.332873038159192902e+03,1.178336838246850391e+02
7.540000000000496527e+00,5.083203931778515425e+02,2.920344720499462809e+01,-1.288081266148902593e+01,1.333623038159193129e+03,1.160181840809368765e+02
7.542500000000496918e+00,5.083933869549467772e+02,2.917730354927195791e+01,-1.345757101504998232e+01,1.334373038159193129e+03,1.141180065296708221e+02
7.545000000000497309e+00,5.084663153732258820e+02,2.915116052046636952e+01,-1.403046359379428232e+01,1.335123038159193356e+03,1.121338214925459766e+02
7.547500000000497700e+00,5.085391784343359518e+02,2.912501826423975970e+01,-1.459940951503665119e+01,1.335873038159193584e+03,1.100663357189653340e+02
7.550000000000498090e+00,5.086119761402944164e+02,2.909887693709757173e+01,-1.516432907018641885e+01,1.336623038159193811e+03,1.079162931068868261e+02
7.552500000000498481e+00,5.086847084935160410e+02,2.907273670645015073e+01,-1.572514335266605379e+01,1.337373038159193584e+03,1.056844749998609387e+02
7.555000000000498872e+00,5.087573754968403819e+02,2.904659775061261229e+01,-1.628177480334418803e+01,1.338123038159193811e+03,1.033716999195082451e+02
7.557500000000499263e+00,5.088299771535589002e+02,2.902046025875008439e+01,-1.683414693724900602e+01,1.338873038159193811e+03,1.009788226481342832e+02
7.560000000000499654e+00,5.089025134674421338e+02,2.899432443074640631e+01,-1.738218418326893655e+01,1.339623038159194039e+03,9.850673261880295684e+01
7.562500000000500044e+00,5.089749844427662424e+02,2.896819047700856586e+01,-1.792581233658535567e+01,1.340373038159194039e+03,9.595635146922130332e+01
7.565000000000500435e+00,5.090473900843393835e+02,2.894205861817803793e+01,-1.846495817448156629e+01,1.341123038159194493e+03,9.332862974857302163e+01
7.567500000000500826e+00,5.091197303975270074e+02,2.891592908475909596e+01,-1.899954957575729253e+01,1.341873038159194039e+03,9.062454266579653961e+01
7.570000000000501217e+00,5.091920053882762431e+02,2.888980211665360187e+01,-1.952951561839544325e+01,1.342623038159194721e+03,8.784508494530435030e+01
7.572500000000501608e+00,5.092642150631390905e+02,2.886367796259076357e+01,-2.005478645305366570e+01,1.343373038159194493e+03,8.499126465506691375e+01
7.575000000000501998e+00,5.093363594292942480e+02,2.883755687946696256e+01,-2.057529364628675950e+01,1.344123038159195175e+03,8.206409613356906618e+01
7.577500000000502389e+00,5.094084384945670081e+02,2.881143913155418090e+01,-2.109096956583892535e+01,1.344873038159194721e+03,7.906459203492843812e+01
7.580000000000502780e+00,5.094804522674472764e+02,2.878532498961185837e+01,-2.160174795490723199e+01,1.345623038159195175e+03,7.599375463593605673e+01
7.582500000000503171e+00,5.095524007571052039e+02,2.875921472987797856e+01,-2.210756354335320140e+01,1.346373038159194948e+03,7.285256645525670649e+01
7.585000000000503562e+00,5.096242839734042605e+02,2.873310863294549478e+01,-2.260835229938971480e+01,1.347123038159195403e+03,6.964198045592002018e+01
7.587500000000503952e+00,5.096961019269115809e+02,2.870700698252157324e+01,-2.310405132984258358e+01,1.347873038159195403e+03,6.636290997359321864e+01
7.590000000000504343e+00,5.097678546289048427e+02,2.868091006406396559e+01,-2.359459891129328213e+01,1.348623038159195630e+03,6.301621871458360857e+01
7.592500000000504734e+00,5.098395420913759040e+02,2.865481816331758935e+01,-2.407993417477959852e+01,1.349373038159195403e+03,5.960271099835915720e+01
7.595000000000505125e+00,5.099111643270306899e+02,2.862873156474338288e+01,-2.455999771595977776e+01,1.350123038159195630e+03,5.612312269031463074e+01
7.597500000000505516e+00,5.099827213492849864e+02,2.860265054983546662e+01,-2.503473091224899605e+01,1.350873038159195630e+03,5.257811305300458571e+01
7.600000000000505906e+00,5.100542131722561976e+02,2.857657539535835056e+01,-2.550407643099300614e+01,1.351623038159196085e+03,4.896825797896335786e+01
7.602500000000506297e+00,5.101256398107502150e+02,2.855050637150533532e+01,-2.596797794306661444e+01,1.352373038159195858e+03,4.529404489430508107e+01
7.605000000000506688e+00,5.101970012802442511e+02,2.852444373997426652e+01,-2.642638002631302285e+01,1.353123038159196312e+03,4.155586973644390980e+01
7.607500000000507079e+00,5.102682975968642154e+02,2.849838775200875318e+01,-2.687922841931785811e+01,1.353873038159196312e+03,3.775403637853606398e+01
7.610000000000507470e+00,5.103395287773576570e+02,2.847233864639796863e+01,-2.732646991695571970e+01,1.354623038159196767e+03,3.388875875927540449e+01
7.612500000000507860e+00,5.104106948390613638e+02,2.844629664744538999e+01,-2.776805214764735652e+01,1.355373038159196312e+03,2.996016609759402272e+01
7.615000000000508251e+00,5.104817957998640168e+02,2.842026196295653051e+01,-2.820392395625954052e+01,1.356123038159196994e+03,2.596831138546935591e+01
7.617500000000508642e+00,5.105528316781638409e+02,2.839423478224957265e+01,-2.863403480593508021e+01,1.356873038159196540e+03,2.191318332170752825e+01
7.620000000000509033e+00,5.106238024928212553e+02,2.836821527422647193e+01,-2.905833534774955140e+01,1.357623038159196994e+03,1.779472185251788829e+01
7.622500000000509424e+00,5.106947082631068042e+02,2.834220358550507157e+01,-2.947677692175988895e+01,1.358373038159196767e+03,1.361283721275228764e+01
7.625000000000509814e+00,5.107655490086443137e+02,2.831619983865432744e+01,-2.988931196747405039e+01,1.359123038159197222e+03,9.367432423007889142e+00
7.627500000000510205e+00,5.108363247493499557e+02,2.829020413056703731e+01,-3.029589362151286025e+01,1.359873038159196994e+03,5.058428855517828282e+00
7.630000000000510596e+00,5.109070355053670482e+02,2.826421653098270070e+01,-3.069647595404928353e+01,1.360623038159197449e+03,6.857945915577289275e-01
7.632500000000510987e+00,5.109776812969975026e+02,2.823823708120441722e+01,-3.109101367157219897e+01,1.361373038159197222e+03,-3.750425202430940796e+00
7.635000000000511378e+00,5.110482621446299163e+02,2.821226579301883319e+01,-3.147946241036647663e+01,1.362123038159197904e+03,-8.250076596238189452e+00
7.637500000000511768e+00,5.111187780686653923e+02,2.818630264784197692e+01,-3.186177840291583863e+01,1.362873038159197449e+03,-1.281286501812716594e+01
7.640000000000512159e+00,5.111892290894411417e+02,2.816034759612741567e+01,-3.223791876502630060e+01,1.363623038159197904e+03,-1.743832433183661834e+01
7.642500000000512550e+00,5.112596152271528922e+02,2.813440055705103049e+01,-3.260784106632058865e+01,1.364373038159197677e+03,-2.212578829584403906e+01
7.645000000000512941e+00,5.113299365017764444e+02,2.810846141847254742e+01,-3.297150361185824607e+01,1.365123038159198131e+03,-2.687436592688289849e+01
7.647500000000513332e+00,5.114001929329896257e+02,2.808253003719919860e+01,-3.332886496305813750e+01,1.365873038159197904e+03,-3.168292238509383552e+01
7.650000000000513722e+00,5.114703845400948126e+02,2.805660623953837174e+01,-3.367988463659933984e+01,1.366623038159198359e+03,-3.655006695618381229e+01
7.652500000000514113e+00,5.115405113419431018e+02,2.803068982214071170e+01,-3.402452234690397859e+01,1.367373038159198359e+03,-4.147414964655978054e+01
7.655000000000514504e+00,5.116105733568607548e+02,2.800478055311156922e+01,-3.436273840555747228e+01,1.368123038159198586e+03,-4.645326758031381331e+01
7.657500000000514895e+00,5.116805706025785980e+02,2.797887817337983662e+01,-3.469449363531911956e+01,1.368873038159198359e+03,-5.148528208839696418e+01
7.660000000000515286e+00,5.117505030961647208e+02,2.795298239828747455e+01,-3.501974951455577667e+01,1.369623038159198586e+03,-5.656784688216121282e+01
7.662500000000515676e+00,5.118203708539617764e+02,2.792709291937834593e+01,-3.533846859085065262e+01,1.370373038159198586e+03,-6.169844706657900701e+01
7.665000000000516067e+00,5.118901738915283204e+02,2.790120940635680213e+01,-3.565061597539463634e+01,1.371123038159199041e+03,-6.687444819929648077e+01
7.667500000000516458e+00,5.119599122235854338e+02,2.787533150920064884e+01,-3.595615782781958103e+01,1.371873038159199041e+03,-7.209315384228409584e+01
7.670000000000516849e+00,5.120295858639686912e+02,2.784945886047548314e+01,-3.625506151014778311e+01,1.372623038159199268e+03,-7.735186958766378496e+01
7.672500000000517240e+00,5.120991948255859825e+02,2.782359107778966134e+01,-3.654729473202089451e+01,1.373373038159199268e+03,-8.264797095740831878e+01
7.675000000000517630e+00,5.121687391203815878e+02,2.779772776638905185e+01,-3.683282617411885695e+01,1.374123038159199723e+03,-8.797897217452839413e+01
7.677500000000518021e+00,5.122382187593066192e+02,2.777186852187968569e+01,-3.711162526393023597e+01,1.374873038159199723e+03,-9.334259257696260192e+01
7.680000000000518412e+00,5.123076337522968515e+02,2.774601293308795391e+01,-3.738366237036729700e+01,1.375623038159199950e+03,-9.873681746565300443e+01
7.682500000000518803e+00,5.123769841082569201e+02,2.772016058507478675e+01,-3.764890866052807183e+01,1.376373038159199723e+03,-1.041599503678422565e+02
7.685000000000519194e+00,5.124462698350532719e+02,2.769431106229684048e+01,-3.790733648938643796e+01,1.377123038159199950e+03,-1.096106540548742032e+02
7.687500000000519584e+00,5.125154909395139384e+02,2.766846395192148123e+01,-3.815891924451914718e+01,1.377873038159199950e+03,-1.150879781998590516e+02
7.690000000000519975e+00,5.125846474274375169e+02,2.764261884727162411e+01,-3.840363156593095084e+01,1.378623038159200178e+03,-1.205913721599535080e+02
7.692500000000520366e+00,5.126537393036106778e+02,2.761677535139213546e+01,-3.864144946144543269e+01,1.379373038159200178e+03,-1.261206819919971309e+02
7.695000000000520757e+00,5.127227665718341996e+02,2.759093308069354222e+01,-3.887235027133596788e+01,1.380123038159200405e+03,-1.316761314222983970e+02
7.697500000000521148e+00,5.127917292349586660e+02,2.756509166862917581e+01,-3.909631307205645356e+01,1.380873038159200178e+03,-1.372582871263675486e+02
7.700000000000521538e+00,5.128606272949291451e+02,2.753925076937806082e+01,-3.931331817463652811e+01,1.381623038159200860e+03,-1.428680092239403052e+02
7.702500000000521929e+00,5.129294607528390770e+02,2.751341006146830281e+01,-3.952334757970983503e+01,1.382373038159200632e+03,-1.485063882009942233e+02
7.705000000000522320e+00,5.129982296089930287e+02,2.748756925129720941e+01,-3.972638500384923077e+01,1.383123038159200860e+03,-1.541746702168810259e+02
7.707500000000522711e+00,5.130669338629785443e+02,2.746172807647266012e+01,-3.992241594064513066e+01,1.383873038159200860e+03,-1.598741729160746559e+02
7.710000000000523102e+00,5.131355735137458396e+02,2.743588630893911073e+01,-4.011142734312944214e+01,1.384623038159201087e+03,-1.656061943857957885e+02
7.712500000000523492e+00,5.132041485596953407e+02,2.741004375783769476e+01,-4.029340815854585856e+01,1.385373038159201315e+03,-1.713719182107845143e+02
7.715000000000523883e+00,5.132726589987723855e+02,2.738420027202717577e+01,-4.046834893396338373e+01,1.386123038159201315e+03,-1.771723181981711548e+02
7.717500000000524274e+00,5.133411048285676088e+02,2.735835574222630129e+01,-4.063624183699492676e+01,1.386873038159201542e+03,1.769919335223391670e+02
7.720000000000524665e+00,5.134094860464226713e+02,2.733251010272885750e+01,-4.079708095523903211e+01,1.387623038159201315e+03,1.711205507134170887e+02
7.722500000000525056e+00,5.134778026495401946e+02,2.730666333264552392e+01,-4.095086186488702396e+01,1.388373038159201542e+03,1.652137052052974866e+02
7.725000000000525446e+00,5.135460546350963114e+02,2.728081545664161212e+01,-4.109758192693799117e+01,1.389123038159201769e+03,1.592720825900109389e+02
7.727500000000525837e+00,5.136142420003546931e+02,2.725496654513844064e+01,-4.123724013068365224e+01,1.389873038159201769e+03,1.532969172017998005e+02
7.730000000000526228e+00,5.136823647427809192e+02,2.722911671395149824e+01,-4.136983702904937843e+01,1.390623038159202224e+03,1.472900028197898052e+02
7.732500000000526619e+00,5.137504228601555951e+02,2.720326612336168992e+01,-4.149537464202238368e+01,1.391373038159201997e+03,1.412536765009118369e+02
7.735000000000527010e+00,5.138184163506848563e+02,2.717741497660070493e+01,-4.161385657378863812e+01,1.392123038159202451e+03,1.351907743375925577e+02
7.737500000000527400e+00,5.138863452131067788e+02,2.715156351776812826e+01,-4.172528770426521305e+01,1.392873038159202451e+03,1.291045596884006557e+02
7.740000000000527791e+00,5.139542094467917650e+02,2.712571202918265456e+01,-4.182967391097611198e+01,1.393623038159202906e+03,1.229986263293630770e+02
7.742500000000528182e+00,5.140220090518370171e+02,2.709986082819004238e+01,-4.192702141856595688e+01,1.394373038159202451e+03,1.168767809232082016e+02
7.745000000000528573e+00,5.140897440291516887e+02,2.707401026344978590e+01,-4.201733762809177364e+01,1.395123038159203134e+03,1.107429109368230087e+02
7.747500000000528964e+00,5.141574143805330550e+02,2.704816071070760231e+01,-4.210063102156819070e+01,1.395873038159202679e+03,1.046008454785838637e+02
7.750000000000529354e+00,5.142250201087316555e+02,2.702231256813700710e+01,-4.217691146687873527e+01,1.396623038159203134e+03,9.845421718789836518e+01
7.752500000000529745e+00,5.142925612175047263e+02,2.699646625132057665e+01,-4.224618991206603624e+01,1.397373038159202906e+03,9.230633331922192042e+01
7.755000000000530136e+00,5.143600377116565596e+02,2.697062218794801325e+01,-4.230847822170776595e+01,1.398123038159203361e+03,8.616006349528520047e+01
7.757500000000530527e+00,5.144274495970657881e+02,2.694478081231469702e+01,-4.236378955667309043e+01,1.398873038159202906e+03,8.001775029934761108e+01
7.760000000000530918e+00,5.144947968806988001e+02,2.691894255970367666e+01,-4.241213811027222391e+01,1.399623038159203588e+03,7.388114714108587577e+01
7.762500000000531308e+00,5.145620795706090576e+02,2.689310786073983905e+01,-4.245353903636107873e+01,1.400373038159203361e+03,6.775138600399546362e+01
7.765000000000531699e+00,5.146292976759219755e+02,2.686727713580303956e+01,-4.248800836069723630e+01,1.401123038159204043e+03,6.162897577285625061e+01
7.767500000000532090e+00,5.146964512068065005e+02,2.684145078958914965e+01,-4.251556331075334327e+01,1.401873038159203588e+03,5.551383002831163083e+01
7.770000000000532481e+00,5.147635401744327055e+02,2.681562920590372912e+01,-4.253622209198262283e+01,1.402623038159204043e+03,4.940532190087070319e+01
7.772500000000532872e+00,5.148305645909166515e+02,2.678981274278292091e+01,-4.255000372967288058e+01,1.403373038159203816e+03,4.330236239362234585e+01
7.775000000000533262e+00,5.148975244692536535e+02,2.676400172800998334e+01,-4.255692821649096658e+01,1.404123038159204270e+03,3.720349803132447875e+01
7.777500000000533653e+00,5.149644198232397230e+02,2.673819645511138887e+01,-4.255701646922204162e+01,1.404873038159204270e+03,3.110702304131628537e+01
7.780000000000534044e+00,5.150312506673842563e+02,2.671239717988085971e+01,-4.255029037627381427e+01,1.405623038159204498e+03,2.501110127794131444e+01
7.782500000000534435e+00,5.150980170168137420e+02,2.668660411750897410e+01,-4.253677260258513115e+01,1.406373038159204270e+03,1.891389278501377191e+01
7.785000000000534826e+00,5.151647188871688741e+02,2.666081744032672773e+01,-4.251648661480163582e+01,1.407123038159204498e+03,1.281368019394850855e+01
7.787500000000535216e+00,5.152313562944963223e+02,2.663503727622251205e+01,-4.248945677082789274e+01,1.407873038159204498e+03,6.708989845845805711e+00
7.790000000000535607e+00,5.152979292551368644e+02,2.660926370772821414e+01,-4.245570804158301570e+01,1.408623038159204725e+03,5.987027212756128591e-01
7.792500000000535998e+00,5.153644377856118126e+02,2.658349677178342674e+01,-4.241526614195167610e+01,1.409373038159204725e+03,-5.517849476748588167e+00
7.795000000000536389e+00,5.154308819025090997e+02,2.655773646015763489e+01,-4.236815739859046204e+01,1.410123038159205180e+03,-1.164080778223543255e+01
7.797500000000536780e+00,5.154972616223706154e+02,2.653198272048979334e+01,-4.231440871187774633e+01,1.410873038159205180e+03,-1.776973295422573074e+01
7.800000000000537170e+00,5.155635769615828394e+02,2.650623545791120605e+01,-4.225404757517725329e+01,1.411623038159205635e+03,-2.390357935934476785e+01
7.802500000000537561e+00,5.156298279362716812e+02,2.648049453716969026e+01,-4.218710208378006854e+01,1.412373038159205407e+03,-3.004069797473492898e+01
7.805000000000537952e+00,5.156960145622027767e+02,2.645475978518493676e+01,-4.211360122927487737e+01,1.413123038159205862e+03,-3.617886941999916672e+01
7.807500000000538343e+00,5.157621368546884923e+02,2.642903099394492017e+01,-4.203357453429320145e+01,1.413873038159205407e+03,-4.231536607584763487e+01
7.810000000000538734e+00,5.158281948285024328e+02,2.640330792367392476e+01,-4.194705303053306977e+01,1.414623038159205862e+03,-4.844704062413866552e+01
7.812500000000539124e+00,5.158941884978017924e+02,2.637759030617210954e+01,-4.185407099798075592e+01,1.415373038159205635e+03,-5.457043648383591972e+01
7.815000000000539515e+00,5.159601178760581206e+02,2.635187784828753621e+01,-4.175466443842950781e+01,1.416123038159206089e+03,-6.068191396264636239e+01
7.817500000000539906e+00,5.160259829759972945e+02,2.632617023549182989e+01,-4.164887016858557445e+01,1.416873038159205862e+03,-6.677778489957736952e+01
7.820000000000540297e+00,5.160917838095476782e+02,2.630046713552932403e+01,-4.153672611562853234e+01,1.417623038159206317e+03,-7.285444801505553869e+01
7.822500000000540687e+00,5.161575203877982858e+02,2.627476820207698083e+01,-4.141827088277367608e+01,1.418373038159205862e+03,-7.890851713129582379e+01
7.825000000000541078e+00,5.162231927209654714e+02,2.624907307841143833e+01,-4.129354398803764070e+01,1.419123038159206544e+03,-8.493693509886890070e+01
7.827500000000541469e+00,5.162888008183689408e+02,2.622338140107307680e+01,-4.116258605104550128e+01,1.419873038159206317e+03,-9.093706754608490428e+01
7.830000000000541860e+00,5.163543446884173136e+02,2.619769280352178598e+01,-4.102543846250096493e+01,1.420623038159206999e+03,-9.690677221700117627e+01
7.832500000000542251e+00,5.164198243386019840e+02,2.617200691978404947e+01,-4.088214391754024035e+01,1.421373038159206772e+03,-1.028444415572668333e+02
7.835000000000542641e+00,5.164852397755012134e+02,2.614632338806519130e+01,-4.073274618404078495e+01,1.422123038159206999e+03,-1.087490180767040755e+02
7.837500000000543032e+00,5.165505910047919542e+02,2.612064185430694607e+01,-4.057729011846393519e+01,1.422873038159206999e+03,-1.146199836571220914e+02
7.840000000000543423e+00,5.166158780312717909e+02,2.609496197565183095e+01,-4.041582182238686016e+01,1.423623038159207226e+03,-1.204573252700764954e+02
7.842500000000543814e+00,5.166811008588883851e+02,2.606928342377869612e+01,-4.024838863533811661e+01,1.424373038159207454e+03,-1.262614806298007437e+02
7.845000000000544205e+00,5.167462594907779021e+02,2.604360588807601573e+01,-4.007503907646533037e+01,1.425123038159207454e+03,-1.320332677834476556e+02
7.847500000000544595e+00,5.168113539293110534e+02,2.601792907861126736e+01,-3.989582279756160688e+01,1.425873038159207681e+03,-1.377738029045633255e+02
7.850000000000544986e+00,5.168763841761463027e+02,2.599225272886043570e+01,-3.971079062588233910e+01,1.426623038159207454e+03,-1.434844105744580531e+02
7.852500000000545377e+00,5.169413502322898921e+02,2.596657659816468566e+01,-3.951999433108099424e+01,1.427373038159207681e+03,-1.491665305441573253e+02
7.855000000000545768e+00,5.170062520981616672e+02,2.594090047388295162e+01,-3.932348688457998520e+01,1.428123038159207908e+03,-1.548216246857688816e+02
7.857500000000546159e+00,5.170710897736665856e+02,2.591522417321414196e+01,-3.912132209958974016e+01,1.428873038159207908e+03,-1.604510875216138857e+02
7.860000000000546549e+00,5.171358632582698647e+02,2.588954754466780983e+01,-3.891355488343327096e+01,1.429623038159208136e+03,-1.660561631857951568e+02
7.862500000000546940e+00,5.172005725510762204e+02,2.586387046917254651e+01,-3.870024081764419321e+01,1.430373038159208136e+03,-1.716378714888024035e+02
7.865000000000547331e+00,5.172652176509112678e+02,2.583819286081295985e+01,-3.848143650770609980e+01,1.431123038159208591e+03,-1.771969451631464381e+02
7.867500000000547722e+00,5.173297985564047394e+02,2.581251466718854815e+01,-3.825719907225504812e+01,1.431873038159208591e+03,1.772662197935748338e+02
7.870000000000548113e+00,5.173943152660745000e+02,2.578683586940192285e+01,-3.802758627484055154e+01,1.432623038159208818e+03,1.717515994140757414e+02
7.872500000000548503e+00,5.174587677784101061e+02,2.576115648168181238e+01,-3.779265661989852276e+01,1.433373038159208591e+03,1.662595616308032618e+02
7.875000000000548894e+00,5.175231560919551157e+02,2.573547655064306738e+01,-3.755246919136443040e+01,1.434123038159208818e+03,1.607908703645235846e+02
7.877500000000549285e+00,5.175874802053878057e+02,2.570979615421213182e+01,-3.730708349592345030e+01,1.434873038159208818e+03,1.553466739282182516e+02
7.880000000000549676e+00,5.176517401175984787e+02,2.568411540023906880e+01,-3.705655941579595947e+01,1.435623038159209045e+03,1.499284785916591716e+02
7.882500000000550067e+00,5.177159358277635874e+02,2.565843442482666248e+01,-3.680095733869895014e+01,1.436373038159209045e+03,1.445381086012875187e+02
7.885000000000550457e+00,5.177800673354153105e+02,2.563275339037983613e+01,-3.654033784467903700e+01,1.437123038159209500e+03,1.391776546764385500e+02
7.887500000000550848e+00,5.178441346405058994e+02,2.560707248343339515e+01,-3.627476122804501557e+01,1.437873038159209045e+03,1.338494135369707578e+02
7.890000000000551239e+00,5.179081377434671367e+02,2.558139191227827069e+01,-3.600428786610814313e+01,1.438623038159209727e+03,1.285558213381725068e+02
7.892500000000551630e+00,5.179720766452628595e+02,2.555571190439783180e+01,-3.572897806969002943e+01,1.439373038159209500e+03,1.232993842089746295e+02
7.895000000000552021e+00,5.180359513474356845e+02,2.553003270376434486e+01,-3.544889257560025442e+01,1.440123038159210182e+03,1.180826091284626216e+02
7.897500000000552411e+00,5.180997618521466848e+02,2.550435456802683021e+01,-3.516409231869022278e+01,1.440873038159209727e+03,1.129079381951720222e+02
7.900000000000552802e+00,5.181635081622077905e+02,2.547867776563828457e+01,-3.487463849105858316e+01,1.441623038159210182e+03,1.077776890346192289e+02
7.902500000000553193e+00,5.182271902811074824e+02,2.545300257297235547e+01,-3.458059254735900367e+01,1.442373038159210182e+03,1.026940035389884400e+02
7.905000000000553584e+00,5.182908082130284129e+02,2.542732927145961952e+01,-3.428201610590686244e+01,1.443123038159210410e+03,9.765880656609959942e+01
7.907500000000553975e+00,5.183543619628591159e+02,2.540165814476319994e+01,-3.397897116733657441e+01,1.443873038159210410e+03,9.267377559296259903e+01
7.910000000000554365e+00,5.184178515361973041e+02,2.537598947605041744e+01,-3.367151996518140322e+01,1.444623038159210637e+03,8.774032158536697068e+01
7.912500000000554756e+00,5.184812769393478220e+02,2.535032354537374744e+01,-3.335972494801257682e+01,1.445373038159210410e+03,8.285958083884045777e+01
7.915000000000555147e+00,5.185446381793128694e+02,2.532466062719418787e+01,-3.304364894047198220e+01,1.446123038159210637e+03,7.803241705870293288e+01
7.917500000000555538e+00,5.186079352637768807e+02,2.529900098806823650e+01,-3.272335514987935312e+01,1.446873038159210637e+03,7.325943240025908665e+01
7.920000000000555929e+00,5.186711682010856066e+02,2.527334488451350580e+01,-3.239890679105094762e+01,1.447623038159210864e+03,6.854098616752462192e+01
7.922500000000556319e+00,5.187343370002196252e+02,2.524769256107668625e+01,-3.207036783085779064e+01,1.448373038159210864e+03,6.387721957332161082e+01
7.925000000000556710e+00,5.187974416707636465e+02,2.522204424861435967e+01,-3.173780223708613946e+01,1.449123038159211319e+03,5.926808486513425578e+01
7.927500000000557101e+00,5.188604822228711555e+02,2.519640016279731043e+01,-3.140127457851864179e+01,1.449873038159211319e+03,5.471337738593542355e+01
7.930000000000557492e+00,5.189234586672258729e+02,2.517076050283336741e+01,-3.106084975514969315e+01,1.450623038159211774e+03,5.021276908331956434e+01
7.932500000000557883e+00,5.189863710149998042e+02,2.514512545042792269e+01,-3.071659295204157303e+01,1.451373038159211319e+03,4.576584215290280611e+01
7.935000000000558273e+00,5.190492192778089020e+02,2.511949516897473345e+01,-3.036856990559706304e+01,1.452123038159212001e+03,4.137212181043450698e+01
7.937500000000558664e+00,5.191120034676672503e+02,2.509386980297113467e+01,-3.001684672886546323e+01,1.452873038159211546e+03,3.703110721562660501e+01
7.940000000000559055e+00,5.191747235969390886e+02,2.506824947764829759e+01,-2.966148987423297356e+01,1.453623038159212001e+03,3.274229988943869074e+01
7.942500000000559446e+00,5.192373796782909494e+02,2.504263429882288250e+01,-2.930256637942991560e+01,1.454373038159211774e+03,2.850522909185495024e+01
7.945000000000559837e+00,5.192999717246427736e+02,2.501702435294491167e+01,-2.894014374081607599e+01,1.455123038159212228e+03,2.431947374588345312e+01
7.947500000000560227e+00,5.193624997491197064e+02,2.499141970734084239e+01,-2.857428950843276638e+01,1.455873038159212001e+03,2.018468078242929664e+01
7.950000000000560618e+00,5.194249637650045770e+02,2.496582041062929846e+01,-2.820507209726477171e+01,1.456623038159212456e+03,1.610057978990598215e+01
7.952500000000561009e+00,5.194873637856912865e+02,2.494022649329304997e+01,-2.783256004085162871e+01,1.457373038159212001e+03,1.206699384816901421e+01
7.955000000000561400e+00,5.195496998246397879e+02,2.491463796839504852e+01,-2.745682232689622637e+01,1.458123038159212683e+03,8.083846854309516772e+00
7.957500000000561791e+00,5.196119718953332267e+02,2.488905483242018590e+01,-2.707792848992955825e+01,1.458873038159212456e+03,4.151167388436910244e+00
7.960000000000562181e+00,5.196741800112367855e+02,2.486347706622327181e+01,-2.669594806396548847e+01,1.459623038159212911e+03,2.690893705580769124e-01
7.962500000000562572e+00,5.197363241857592584e+02,2.483790463605534882e+01,-2.631095121052348418e+01,1.460373038159212683e+03,-3.562150111203880698e+00
7.965000000000562963e+00,5.197984044322171258e+02,2.481233749465652494e+01,-2.592300826222665933e+01,1.461123038159213138e+03,-7.342215571278019937e+00
7.967500000000563354e+00,5.198604207638014714e+02,2.478677558238147327e+01,-2.553218990383901144e+01,1.461873038159213138e+03,-1.107068009312802737e+01
7.970000000000563745e+00,5.199223731935475143e+02,2.476121882834137011e+01,-2.513856716269771852e+01,1.462623038159213365e+03,-1.474703408272196548e+01
7.972500000000564135e+00,5.199842617343074380e+02,2.473566715153974016e+01,-2.474221144717546395e+01,1.463373038159213365e+03,-1.837069544902299967e+01
7.975000000000564526e+00,5.200460863987253788e+02,2.471012046198091738e+01,-2.434319454237020963e+01,1.464123038159213593e+03,-2.194102082179038860e+01
7.977500000000564917e+00,5.201078471992157120e+02,2.468457866173498161e+01,-2.394158851411644306e+01,1.464873038159213365e+03,-2.545731736230717601e+01
7.980000000000565308e+00,5.201695441479440660e+02,2.465904164594518022e+01,-2.353746617715840372e+01,1.465623038159213593e+03,-2.891885486540011740e+01
7.982500000000565699e+00,5.202311772568100423e+02,2.463350930376097736e+01,-2.313090164597847931e+01,1.466373038159213593e+03,-3.232487780464288818e+01
7.985000000000566089e+00,5.202927465374332314e+02,2.460798151920327115e+01,-2.272196963358057431e+01,1.467123038159214047e+03,-3.567461698291388927e+01
7.987500000000566480e+00,5.203542520011403667e+02,2.458245817196204541e+01,-2.231074516902674532e+01,1.467873038159213820e+03,-3.896730050036351400e+01
7.990000000000566871e+00,5.204156936589554334e+02,2.455693913812199725e+01,-2.189730344810007878e+01,1.468623038159214275e+03,-4.220216392203635536e+01
7.992500000000567262e+00,5.204770715215906876e+02,2.453142429082312859e+01,-2.148171999366977758e+01,1.469373038159214275e+03,-4.537845943506907531e+01
7.995000000000567653e+00,5.205383855994398346e+02,2.450591350086578757e+01,-2.106407031685872155e+01,1.470123038159214730e+03,-4.849546389916353206e+01
7.997500000000568043e+00,5.205996359025723450e+02,2.448040663726259325e+01,-2.064443039366668842e+01,1.470873038159214730e+03,-5.155248572210364699e+01
8.000000000000568434e+00,5.206608224407293619e+02,2.445490356774958585e+01,-2.022287614657560439e+01,1.471623038159214275e+03,-5.454887051112320506e+01
8.002500000000567937e+00,5.207219452233209722e+02,2.442940415926486963e+01,-1.979948379452402207e+01,1.472373038159214275e+03,-5.748400550584418056e+01
8.005000000000567439e+00,5.207830042594240467e+02,2.440390827839644672e+01,-1.937432979515310549e+01,1.473123038159214047e+03,-6.035732284538040204e+01
8.007500000000566942e+00,5.208439995577821264e+02,2.437841579180215845e+01,-1.894749065466717397e+01,1.473873038159213820e+03,-6.316830171956332407e+01
8.010000000000566445e+00,5.209049311268054225e+02,2.435292656660910637e+01,-1.851904305926128202e+01,1.474623038159213820e+03,-6.591646950265705129e+01
8.012500000000565947e+00,5.209657989745722944e+02,2.432744047078830718e+01,-1.808906398363398083e+01,1.475373038159213593e+03,-6.860140197366686721e+01
8.015000000000565450e+00,5.210266031088317504e+02,2.430195737350270235e+01,-1.765763036227461669e+01,1.476123038159213365e+03,-7.122272274150930116e+01
8.017500000000564953e+00,5.210873435370064044e+02,2.427647714543412860e+01,-1.722481928959921404e+01,1.476873038159213138e+03,-7.378010199299595229e+01
8.020000000000564455e+00,5.211480202661966814e+02,2.425099965908457733e+01,-1.679070789347720094e+01,1.477623038159213138e+03,-7.627325468762977323e+01
8.022500000000563958e+00,5.212086333031851382e+02,2.422552478905098994e+01,-1.635537348902540700e+01,1.478373038159212911e+03,-7.870193831698827580e+01
8.025000000000563460e+00,5.212691826544422611e+02,2.420005241227470805e+01,-1.591889330913602052e+01,1.479123038159212683e+03,-8.106595034864976412e+01
8.027500000000562963e+00,5.213296683261323778e+02,2.417458240826323390e+01,-1.548134470525582351e+01,1.479873038159212683e+03,-8.336512543446950474e+01
8.030000000000562466e+00,5.213900903241197966e+02,2.414911465928708267e+01,-1.504280489276192867e+01,1.480623038159212228e+03,-8.559933251321655234e+01
8.032500000000561968e+00,5.214504486539764230e+02,2.412364905055010311e+01,-1.460335114319038041e+01,1.481373038159212228e+03,-8.776847184917275513e+01
8.035000000000561471e+00,5.215107433209888086e+02,2.409818547033409075e+01,-1.416306065044279094e+01,1.482123038159212228e+03,-8.987247210687996812e+01
8.037500000000560973e+00,5.215709743301658818e+02,2.407272381011823015e+01,-1.372201041121259024e+01,1.482873038159211774e+03,-9.191128750489208699e+01
8.040000000000560476e+00,5.216311416862472470e+02,2.404726396467371785e+01,-1.328027739770301885e+01,1.483623038159211774e+03,-9.388489507743508966e+01
8.042500000000559979e+00,5.216912453937112559e+02,2.402180583213650067e+01,-1.283793842121620443e+01,1.484373038159211774e+03,-9.579329213661011977e+01
8.045000000000559481e+00,5.217512854567835348e+02,2.399634931405640614e+01,-1.239507021255743346e+01,1.485123038159211546e+03,-9.763649388606117441e+01
8.047500000000558984e+00,5.218112618794456239e+02,2.397089431542616822e+01,-1.195174925271897060e+01,1.485873038159211319e+03,-9.941453126848290367e+01
8.050000000000558487e+00,5.218711746654433909e+02,2.394544074469420991e+01,-1.150805187292109366e+01,1.486623038159211546e+03,-1.011274490118895955e+02
8.052500000000557989e+00,5.219310238182957846e+02,2.391998851375748814e+01,-1.106405411068642941e+01,1.487373038159211092e+03,-1.027753039095229326e+02
8.055000000000557492e+00,5.219908093413034749e+02,2.389453753794016322e+01,-1.061983183052499236e+01,1.488123038159210864e+03,-1.043581632929901275e+02
8.057500000000556994e+00,5.220505312375573794e+02,2.386908773595525091e+01,-1.017546060574814604e+01,1.488873038159211092e+03,-1.058761037496408051e+02
8.060000000000556497e+00,5.221101895099470767e+02,2.384363902985565886e+01,-9.731015759350087890e+00,1.489623038159210637e+03,-1.073292100109368619e+02
8.062500000000556000e+00,5.221697841611692184e+02,2.381819134497111889e+01,-9.286572400288140017e+00,1.490373038159210410e+03,-1.087175740648350626e+02
8.065000000000555502e+00,5.222293151937356015e+02,2.379274460983810968e+01,-8.842205163808966262e+00,1.491123038159210637e+03,-1.100412944023519088e+02
8.067500000000555005e+00,5.222887826099810127e+02,2.376729875612079468e+01,-8.397988496870173236e+00,1.491873038159210182e+03,-1.113004754522510353e+02
8.070000000000554508e+00,5.223481864120714135e+02,2.374185371852187032e+01,-7.953996519850250024e+00,1.492623038159210182e+03,-1.124952271541505979e+02
8.072500000000554010e+00,5.224075266020109893e+02,2.371640943468934992e+01,-7.510302902657654656e+00,1.493373038159209955e+03,-1.136256646606371561e+02
8.075000000000553513e+00,5.224668031816497660e+02,2.369096584511906300e+01,-7.066981040164998618e+00,1.494123038159209955e+03,-1.146919081387687811e+02
8.077500000000553015e+00,5.225260161526905449e+02,2.366552289305314716e+01,-6.624103906962099053e+00,1.494873038159209727e+03,-1.156940826875518411e+02
8.080000000000552518e+00,5.225851655166958381e+02,2.364008052437637630e+01,-6.181744034332639970e+00,1.495623038159209500e+03,-1.166323183208709224e+02
8.082500000000552021e+00,5.226442512750942342e+02,2.361463868750993456e+01,-5.739973692189590970e+00,1.496373038159209500e+03,-1.175067500221344829e+02
8.085000000000551523e+00,5.227032734291868792e+02,2.358919733330501600e+01,-5.298864631640591405e+00,1.497123038159209045e+03,-1.183175178682637920e+02
8.087500000000551026e+00,5.227622319801532740e+02,2.356375641493868756e+01,-4.858488185674004534e+00,1.497873038159209045e+03,-1.190647671858881154e+02
8.090000000000550529e+00,5.228211269290573000e+02,2.353831588780925088e+01,-4.418915257715243072e+00,1.498623038159208818e+03,-1.197486487358193159e+02
8.092500000000550031e+00,5.228799582768524488e+02,2.351287570943576455e+01,-3.980216347634140117e+00,1.499373038159208591e+03,-1.203693189241417656e+02
8.095000000000549534e+00,5.229387260243871651e+02,2.348743583935730683e+01,-3.542461441297695579e+00,1.500123038159208591e+03,-1.209269400536665131e+02
8.097500000000549036e+00,5.229974301724099632e+02,2.346199623903935816e+01,-3.105720045502945226e+00,1.500873038159208136e+03,-1.214216805297258617e+02
8.100000000000548539e+00,5.230560707215739740e+02,2.343655687178372560e+01,-2.670061237000589838e+00,1.501623038159208363e+03,-1.218537151151602131e+02
8.102500000000548042e+00,5.231146476724416061e+02,2.341111770264166125e+01,-2.235553524091273836e+00,1.502373038159208136e+03,-1.222232251552429148e+02
8.105000000000547544e+00,5.231731610254888665e+02,2.338567869833367752e+01,-1.802264977901754106e+00,1.503123038159207681e+03,-1.225303988013640719e+02
8.107500000000547047e+00,5.232316107811095662e+02,2.336023982717312109e+01,-1.370263063160902295e+00,1.503873038159207908e+03,-1.227754312239200516e+02
8.110000000000546549e+00,5.232899969396191864e+02,2.333480105899880996e+01,-9.396148609538649277e-01,1.504623038159207681e+03,-1.229585247885606236e+02
8.112500000000546052e+00,5.233483195012584019e+02,2.330936236510963511e+01,-5.103868254772895297e-01,1.505373038159207454e+03,-1.230798892480444096e+02
8.115000000000545555e+00,5.234065784661972884e+02,2.328392371820931217e+01,-8.264494313442055651e-02,1.506123038159207454e+03,-1.231397418814179474e+02
8.117500000000545057e+00,5.234647738345381640e+02,2.325848509236004347e+01,3.433685950553541644e-01,1.506873038159207226e+03,-1.231383114884947645e+02
8.120000000000544560e+00,5.235229056063194548e+02,2.323304646294307929e+01,7.679439005543975405e-01,1.507623038159206999e+03,-1.230758483380581225e+02
8.122500000000544063e+00,5.235809737815186509e+02,2.320760780662373435e+01,1.190838593111527732e+00,1.508373038159206999e+03,-1.229525713102496525e+02
8.125000000000543565e+00,5.236389783600557166e+02,2.318216910132431963e+01,1.611988972711372980e+00,1.509123038159206999e+03,-1.227687287875278912e+02
8.127500000000543068e+00,5.236969193417961606e+02,2.315673032620560434e+01,2.031331913880769502e+00,1.509873038159206544e+03,-1.225245770485115173e+02
8.130000000000542570e+00,5.237547967265538773e+02,2.313129146165737282e+01,2.448804934900583152e+00,1.510623038159206544e+03,-1.222203802494744735e+02
8.132500000000542073e+00,5.238126105140946720e+02,2.310585248929709934e+01,2.864346023905594674e+00,1.511373038159206544e+03,-1.218564103906773113e+02
8.135000000000541576e+00,5.238703607041388750e+02,2.308041339197359321e+01,3.277893940590403954e+00,1.512123038159206089e+03,-1.214329472656799851e+02
8.137500000000541078e+00,5.239280472963648663e+02,2.305497415378373915e+01,3.689387932871874831e+00,1.512873038159206317e+03,-1.209502783434351869e+02
8.140000000000540581e+00,5.239856702904118038e+02,2.302953476009482614e+01,4.098767949745931283e+00,1.513623038159205862e+03,-1.204086986749840946e+02
8.142500000000540084e+00,5.240432296858830341e+02,2.300409519757344157e+01,4.505974527516622530e+00,1.514373038159205635e+03,-1.198085107404306200e+02
8.145000000000539586e+00,5.241007254823493895e+02,2.297865545422400047e+01,4.910948871944306404e+00,1.515123038159205862e+03,-1.191500242844465873e+02
8.147500000000539089e+00,5.241581576793523709e+02,2.295321551943234795e+01,5.313632790038734122e+00,1.515873038159205407e+03,-1.184335561237879233e+02
8.150000000000538591e+00,5.242155262764077861e+02,2.292777538401849569e+01,5.713968715627508743e+00,1.516623038159205407e+03,-1.176594299519226752e+02
8.152500000000538094e+00,5.242728312730093876e+02,2.290233504029663081e+01,6.111899839427399783e+00,1.517373038159205407e+03,-1.168279761025775656e+02
8.155000000000537597e+00,5.243300726686325106e+02,2.287689448214464605e+01,6.507369942498502091e+00,1.518123038159204953e+03,-1.159395312999823773e+02
8.157500000000537099e+00,5.243872504627380522e+02,2.285145370507364504e+01,6.900323454941906576e+00,1.518873038159204953e+03,-1.149944384084370768e+02
8.160000000000536602e+00,5.244443646547766775e+02,2.282601270630932433e+01,7.290705541932999800e+00,1.519623038159204953e+03,-1.139930461686774095e+02
8.162500000000536104e+00,5.245014152441932538e+02,2.280057148487897223e+01,7.678461966319392040e+00,1.520373038159204498e+03,-1.129357089086836226e+02
8.165000000000535607e+00,5.245584022304310565e+02,2.277513004170077338e+01,8.063539201002704715e+00,1.521123038159204498e+03,-1.118227862878353420e+02
8.167500000000535110e+00,5.246153256129367719e+02,2.274968837968064150e+01,8.445884513628477919e+00,1.521873038159204043e+03,-1.106546430035942450e+02
8.170000000000534612e+00,5.246721853911656126e+02,2.272424650381504208e+01,8.825445767798461461e+00,1.522623038159204043e+03,-1.094316485106743926e+02
8.172500000000534115e+00,5.247289815645865474e+02,2.269880442129284503e+01,9.202171487388421056e+00,1.523373038159204043e+03,-1.081541767747719263e+02
8.175000000000533618e+00,5.247857141326875308e+02,2.267336214160393837e+01,9.576011050131990388e+00,1.524123038159203816e+03,-1.068226060276427631e+02
8.177500000000533120e+00,5.248423830949818694e+02,2.264791967664935868e+01,9.946914422172739023e+00,1.524873038159203588e+03,-1.054373185328883125e+02
8.180000000000532623e+00,5.248989884510139063e+02,2.262247704085265099e+01,1.031483226409381437e+01,1.525623038159203361e+03,-1.039987004034486944e+02
8.182500000000532125e+00,5.249555302003655015e+02,2.259703425127296939e+01,1.067971604048788059e+01,1.526373038159203361e+03,-1.025071414319541674e+02
8.185000000000531628e+00,5.250120083426626252e+02,2.257159132771847965e+01,1.104151789054679078e+01,1.527123038159203134e+03,-1.009630349835002789e+02
8.187500000000531131e+00,5.250684228775825204e+02,2.254614829285933197e+01,1.140019071541910023e+01,1.527873038159203361e+03,-9.936677792237738061e+01
8.190000000000530633e+00,5.251247738048606379e+02,2.252070517234116664e+01,1.175568803700579679e+01,1.528623038159202906e+03,-9.771877058440038866e+01
8.192500000000530136e+00,5.251810611242982532e+02,2.249526199489141121e+01,1.210796422854259013e+01,1.529373038159202451e+03,-9.601941685812012395e+01
8.195000000000529639e+00,5.252372848357704243e+02,2.246981879242503410e+01,1.245697432740924882e+01,1.530123038159202679e+03,-9.426912426383233878e+01
8.197500000000529141e+00,5.252934449392336091e+02,2.244437560014829103e+01,1.280267415496367001e+01,1.530873038159202451e+03,-9.246830417341655561e+01
8.200000000000528644e+00,5.253495414347341921e+02,2.241893245665194812e+01,1.314502024724362172e+01,1.531623038159202451e+03,-9.061737206467626038e+01
8.202500000000528146e+00,5.254055743224171238e+02,2.239348940399990795e+01,1.348396982418566559e+01,1.532373038159202224e+03,-8.871674788244614263e+01
8.205000000000527649e+00,5.254615436025344479e+02,2.236804648780908522e+01,1.381948098163224614e+01,1.533123038159201997e+03,-8.676685649326461203e+01
8.207500000000527152e+00,5.255174492754542825e+02,2.234260375732276671e+01,1.415151239540423056e+01,1.533873038159201769e+03,-8.476812821397496123e+01
8.210000000000526654e+00,5.255732913416699148e+02,2.231716126547418000e+01,1.448002361515557368e+01,1.534623038159201769e+03,-8.272099944760005030e+01
8.212500000000526157e+00,5.256290698018090097e+02,2.229171906893370192e+01,1.480497484592992485e+01,1.535373038159201769e+03,-8.062591339628563958e+01
8.215000000000525660e+00,5.256847846566431599e+02,2.226627722814647115e+01,1.512632703787675048e+01,1.536123038159201315e+03,-7.848332086976307664e+01
8.217500000000525162e+00,5.257404359070972077e+02,2.224083580736230914e+01,1.544404192897684069e+01,1.536873038159201315e+03,-7.629368118842741353e+01
8.220000000000524665e+00,5.257960235542587952e+02,2.221539487464815821e+01,1.575808199477940619e+01,1.537623038159201315e+03,-7.405746313963499006e+01
8.222500000000524167e+00,5.258515475993876862e+02,2.218995450188133134e+01,1.606841045330509132e+01,1.538373038159200860e+03,-7.177514601270786443e+01
8.225000000000523670e+00,5.259070080439257708e+02,2.216451476472622772e+01,1.637499128145930172e+01,1.539123038159200860e+03,-6.944722067806553412e+01
8.227500000000523173e+00,5.259624048895061605e+02,2.213907574259733479e+01,1.667778910471437825e+01,1.539873038159200860e+03,-6.707419071965128410e+01
8.230000000000522675e+00,5.260177381379625103e+02,2.211363751860207572e+01,1.697676940375205135e+01,1.540623038159200405e+03,-6.465657356486525487e+01
8.232500000000522178e+00,5.260730077913383411e+02,2.208820017946763414e+01,1.727189840349444339e+01,1.541373038159200405e+03,-6.219490161662579197e+01
8.235000000000521680e+00,5.261282138518961347e+02,2.206276381544702758e+01,1.756314297772976118e+01,1.542123038159200178e+03,-5.968972336843128090e+01
8.237500000000521183e+00,5.261833563221258601e+02,2.203732852019905764e+01,1.785047080527773034e+01,1.542873038159200178e+03,-5.714160444702135777e+01
8.240000000000520686e+00,5.262384352047536140e+02,2.201189439065017339e+01,1.813385036465859201e+01,1.543623038159199950e+03,-5.455112857737215393e+01
8.242500000000520188e+00,5.262934505027494652e+02,2.198646152683934574e+01,1.841325079122842112e+01,1.544373038159199723e+03,-5.191889843422762851e+01
8.245000000000519691e+00,5.263484022193354122e+02,2.196103003173610446e+01,1.868864194839413528e+01,1.545123038159199723e+03,-4.924553634083770248e+01
8.247500000000519194e+00,5.264032903579925460e+02,2.193560001103692159e+01,1.895999449099183920e+01,1.545873038159199268e+03,-4.653168479493664478e+01
8.250000000000518696e+00,5.264581149224674164e+02,2.191017157294283280e+01,1.922727982264183311e+01,1.546623038159199268e+03,-4.377800676707065008e+01
8.252500000000518199e+00,5.265128759167787393e+02,2.188474482791277254e+01,1.949047004132246741e+01,1.547373038159199268e+03,-4.098518577060023915e+01
8.255000000000517701e+00,5.265675733452223994e+02,2.185931988839748641e+01,1.974953804328741214e+01,1.548123038159199268e+03,-3.815392565176175310e+01
8.257500000000517204e+00,5.266222072123764519e+02,2.183389686855072043e+01,2.000445739087262709e+01,1.548873038159198813e+03,-3.528495008075691430e+01
8.260000000000516707e+00,5.266767775231052156e+02,2.180847588392116165e+01,2.025520249239750115e+01,1.549623038159198813e+03,-3.237900172324828674e+01
8.262500000000516209e+00,5.267312842825625694e+02,2.178305705112454405e+01,2.050174843820237669e+01,1.550373038159198586e+03,-2.943684107502424396e+01
8.265000000000515712e+00,5.267857274961945677e+02,2.175764048749543988e+01,2.074407106720492422e+01,1.551123038159198359e+03,-2.645924495302994472e+01
8.267500000000515215e+00,5.268401071697406906e+02,2.173222631072464495e+01,2.098214696264437151e+01,1.551873038159198586e+03,-2.344700463557549597e+01
8.270000000000514717e+00,5.268944233092348668e+02,2.170681463847641623e+01,2.121595348130659175e+01,1.552623038159198131e+03,-2.040092366075271002e+01
8.272500000000514220e+00,5.269486759210050195e+02,2.168140558799585094e+01,2.144546871891030548e+01,1.553373038159197904e+03,-1.732181529405125175e+01
8.275000000000513722e+00,5.270028650116718154e+02,2.165599927569913774e+01,2.167067155641498033e+01,1.554123038159198131e+03,-1.421049969189178697e+01
8.277500000000513225e+00,5.270569905881462773e+02,2.163059581675080878e+01,2.189154156357169612e+01,1.554873038159197677e+03,-1.106780079310406251e+01
8.280000000000512728e+00,5.271110526576267148e+02,2.160519532463566961e+01,2.210805911656928302e+01,1.555623038159197449e+03,-7.894542977795182992e+00
8.282500000000512230e+00,5.271650512275938354e+02,2.157979791071925035e+01,2.232020531199078306e+01,1.556373038159197677e+03,-4.691547547227932213e+00
8.285000000000511733e+00,5.272189863058056289e+02,2.155440368380912375e+01,2.252796211335302701e+01,1.557123038159197222e+03,-1.459629078007834702e+00
8.287500000000511235e+00,5.272728579002903189e+02,2.152901274971012313e+01,2.273131233093515391e+01,1.557873038159197222e+03,1.800408279676485757e+00
8.290000000000510738e+00,5.273266660193388589e+02,2.150362521077266820e+01,2.293023963225565609e+01,1.558623038159196994e+03,5.087774491090112150e+00
8.292500000000510241e+00,5.273804106714961790e+02,2.147824116543928952e+01,2.312472828842011552e+01,1.559373038159196994e+03,8.401697247972618854e+00
8.295000000000509743e+00,5.274340918655506130e+02,2.145286070779161491e+01,2.331476350210618520e+01,1.560123038159196767e+03,1.174142538852472306e+01
8.297500000000509246e+00,5.274877096105234386e+02,2.142748392710666039e+01,2.350033125907775045e+01,1.560873038159196540e+03,1.510623209752464646e+01
8.300000000000508749e+00,5.275412639156560317e+02,2.140211090742663913e+01,2.368141824358861669e+01,1.561623038159196540e+03,1.849541777781018226e+01
8.302500000000508251e+00,5.275947547903967916e+02,2.137674172713302667e+01,2.385801193863112601e+01,1.562373038159196085e+03,2.190831249650056733e+01
8.305000000000507754e+00,5.276481822443868168e+02,2.135137645854362987e+01,2.403010063541879049e+01,1.563123038159196085e+03,2.534427799962175953e+01
8.307500000000507256e+00,5.277015462874444438e+02,2.132601516753047122e+01,2.419767344684743904e+01,1.563873038159195858e+03,2.880270916579860696e+01
8.310000000000506759e+00,5.277548469295488758e+02,2.130065791315517743e+01,2.436072027364567205e+01,1.564623038159195630e+03,3.228303488541218513e+01
8.312500000000506262e+00,5.278080841808230161e+02,2.127530474733137567e+01,2.451923175514752629e+01,1.565373038159195630e+03,3.578471830331229597e+01
8.315000000000505764e+00,5.278612580515153923e+02,2.124995571451253440e+01,2.467319940758529384e+01,1.566123038159195175e+03,3.930725638747639294e+01
8.317500000000505267e+00,5.279143685519813971e+02,2.122461085141236481e+01,2.482261549767900277e+01,1.566873038159195403e+03,4.285017882890588936e+01
8.320000000000504770e+00,5.279674156926637352e+02,2.119927018675437580e+01,2.496747316720456666e+01,1.567623038159195175e+03,4.641304621177520318e+01
8.322500000000504272e+00,5.280203994840721862e+02,2.117393374105518689e+01,2.510776626002183676e+01,1.568373038159194721e+03,4.999544753606033254e+01
8.325000000000503775e+00,5.280733199367632551e+02,2.114860152644642710e+01,2.524348953714653732e+01,1.569123038159194948e+03,5.359699701736662547e+01
8.327500000000503277e+00,5.281261770613190265e+02,2.112327354653166012e+01,2.537463850899701967e+01,1.569873038159194721e+03,5.721733029979520779e+01
8.330000000000502780e+00,5.281789708683254503e+02,2.109794979628628298e+01,2.550120958949562677e+01,1.570623038159194493e+03,6.085610005080198448e+01
8.332500000000502283e+00,5.282317013683513096e+02,2.107263026199268197e+01,2.562319988901463574e+01,1.571373038159194493e+03,6.451297104436950747e+01
8.335000000000501785e+00,5.282843685719259383e+02,2.104731492121793579e+01,2.574060744710914150e+01,1.572123038159194266e+03,6.818761478350292293e+01
8.337500000000501288e+00,5.283369724895177342e+02,2.102200374283635753e+01,2.585343107172194621e+01,1.572873038159194039e+03,7.187970379080705641e+01
8.340000000000500791e+00,5.283895131315124445e+02,2.099669668709038106e+01,2.596167042217856036e+01,1.573623038159194039e+03,7.558890561523652707e+01
8.342500000000500293e+00,5.284419905081914521e+02,2.097139370569413686e+01,2.606532597677531982e+01,1.574373038159194039e+03,7.931487671669646033e+01
8.345000000000499796e+00,5.284944046297106297e+02,2.094609474198262689e+01,2.616439907886287841e+01,1.575123038159193584e+03,8.305725632864891850e+01
8.347500000000499298e+00,5.285467555060795348e+02,2.092079973109861513e+01,2.625889181748635792e+01,1.575873038159193584e+03,8.681566042573531661e+01
8.350000000000498801e+00,5.285990431471409465e+02,2.089550860022023215e+01,2.634880715673105911e+01,1.576623038159193584e+03,9.058967593782860206e+01
8.352500000000498304e+00,5.286512675625511974e+02,2.087022126883096007e+01,2.643414891160252012e+01,1.577373038159193129e+03,9.437885534071929783e+01
8.355000000000497806e+00,5.287034287617610744e+02,2.084493764902677171e+01,2.651492164439719446e+01,1.578123038159193356e+03,9.818271177782678194e+01
8.357500000000497309e+00,5.287555267539975148e+02,2.081965764586060175e+01,2.659113086593300324e+01,1.578873038159192902e+03,1.020007148260686023e+02
8.360000000000496811e+00,5.288075615482462126e+02,2.079438115772469686e+01,2.666278276805952530e+01,1.579623038159192674e+03,1.058322870418116537e+02
8.362500000000496314e+00,5.288595331532351338e+02,2.076910807676215498e+01,2.672988447293597503e+01,1.580373038159192902e+03,1.096768013744580372e+02
8.365000000000495817e+00,5.289114415774191684e+02,2.074383828931266649e+01,2.679244387416635576e+01,1.581123038159192447e+03,1.135335796006980758e+02
8.367500000000495319e+00,5.289632868289660337e+02,2.071857167638713904e+01,2.685046964722932472e+01,1.581873038159192447e+03,1.174018917964207134e+02
8.370000000000494822e+00,5.290150689157430861e+02,2.069330811416773841e+01,2.690397130787257041e+01,1.582623038159192447e+03,1.212809569362585052e+02
8.372500000000494325e+00,5.290667878453054982e+02,2.066804747453460323e+01,2.695295918734663587e+01,1.583373038159191992e+03,1.251699446428067546e+02
8.375000000000493827e+00,5.291184436248857992e+02,2.064278962561674291e+01,2.699744439490622483e+01,1.584123038159191992e+03,1.290679780757415074e+02
8.377500000000493330e+00,5.291700362613851212e+02,2.061753443235651773e+01,2.703743880908008634e+01,1.584873038159191992e+03,1.329741379416730638e+02
8.380000000000492832e+00,5.292215657613651274e+02,2.059228175709316488e+01,2.707295512516335378e+01,1.585623038159191537e+03,1.368874675555742897e+02
8.382500000000492335e+00,5.292730321310421004e+02,2.056703146016218753e+01,2.710400684927628845e+01,1.586373038159191537e+03,1.408069788583290460e+02
8.385000000000491838e+00,5.293244353762821675e+02,2.054178340050352247e+01,2.713060813999171117e+01,1.587123038159191083e+03,1.447316592694343171e+02
8.387500000000491340e+00,5.293757755025982306e+02,2.051653743627623072e+01,2.715277404761222257e+01,1.587873038159191083e+03,1.486604792256873395e+02
8.390000000000490843e+00,5.294270525151483753e+02,2.049129342548146937e+01,2.717052024509879615e+01,1.588623038159191083e+03,1.525924002323865523e+02
8.392500000000490346e+00,5.294782664187357568e+02,2.046605122658726117e+01,2.718386323483185407e+01,1.589373038159190855e+03,1.565263832368242731e+02
8.395000000000489848e+00,5.295294172178101917e+02,2.044081069915277737e+01,2.719282020841035319e+01,1.590123038159190628e+03,1.604613971234227279e+02
8.397500000000489351e+00,5.295805049164711136e+02,2.041557170444924196e+01,2.719740903123424758e+01,1.590873038159190855e+03,1.643964271252053777e+02
8.400000000000488853e+00,5.296315295184724619e+02,2.039033410607289198e+01,2.719764831251473325e+01,1.591623038159190401e+03,1.683304829440975254e+02
8.402500000000488356e+00,5.296824910272284797e+02,2.036509777055156434e+01,2.719355737499087056e+01,1.592373038159190173e+03,1.722626063887836665e+02
8.405000000000487859e+00,5.297333894458217856e+02,2.033986256793765435e+01,2.718515614382718582e+01,1.593123038159190401e+03,1.761918783433464455e+02
8.407500000000487361e+00,5.297842247770121276e+02,2.031462837238471053e+01,2.717246503625322873e+01,1.593873038159189946e+03,-1.798825750951382929e+02
8.410000000000486864e+00,5.298349970232471833e+02,2.028939506270614146e+01,2.715550495127681074e+01,1.594623038159189491e+03,-1.759615774456710824e+02
8.412500000000486367e+00,5.298857061866744971e+02,2.026416252292094811e+01,2.713429737256925733e+01,1.595373038159189718e+03,-1.720458977646233905e+02
8.415000000000485869e+00,5.299363522691548951e+02,2.023893064278099985e+01,2.710886442716003231e+01,1.596123038159189491e+03,-1.681362477080978124e+02
8.417500000000485372e+00,5.299869352722766962e+02,2.021369931827523914e+01,2.707922882125236796e+01,1.596873038159189491e+03,-1.642332797994043574e+02
8.420000000000484874e+00,5.300374551973721964e+02,2.018846845210009988e+01,2.704541387116291773e+01,1.597623038159189264e+03,-1.603375869058897933e+02
8.422500000000484377e+00,5.300879120455341535e+02,2.016323795409822850e+01,2.700744352503428658e+01,1.598373038159189036e+03,-1.564497028983567191e+02
8.425000000000483880e+00,5.301383058176340910e+02,2.013800774165749630e+01,2.696534226422682323e+01,1.599123038159188809e+03,-1.525701044656470344e+02
8.427500000000483382e+00,5.301886365143416242e+02,2.011277774007006158e+01,2.691913515325697048e+01,1.599873038159188809e+03,-1.486992139977596707e+02
8.430000000000482885e+00,5.302389041361440150e+02,2.008754788284988280e+01,2.686884787079600656e+01,1.600623038159188809e+03,-1.448374034565572117e+02
8.432500000000482387e+00,5.302891086833670897e+02,2.006231811200459347e+01,2.681450663913872390e+01,1.601373038159188354e+03,-1.409849990991725974e+02
8.435000000000481890e+00,5.303392501561966128e+02,2.003708837825935518e+01,2.675613813717690803e+01,1.602123038159188354e+03,-1.371422869723900249e+02
8.437500000000481393e+00,5.303893285547000005e+02,2.001185864123121050e+01,2.669376972200010201e+01,1.602873038159188354e+03,-1.333095190115907087e+02
8.440000000000480895e+00,5.304393438788490585e+02,1.998662886955841600e+01,2.662742925280000961e+01,1.603623038159187900e+03,-1.294869195839295912e+02
8.442500000000480398e+00,5.304892961285421507e+02,1.996139904097551820e+01,2.655714509029201054e+01,1.604373038159187900e+03,-1.256746923755420511e+02
8.445000000000479901e+00,5.305391853036272778e+02,1.993616914233550119e+01,2.648294606969924203e+01,1.605123038159187900e+03,-1.218730274612218949e+02
8.447500000000479403e+00,5.305890114039245873e+02,1.991093916958012500e+01,2.640486159347873141e+01,1.605873038159187445e+03,-1.180821084084733741e+02
8.450000000000478906e+00,5.306387744292493380e+02,1.988570912766393661e+01,2.632292149290419658e+01,1.606623038159187445e+03,-1.143021192601839289e+02
8.452500000000478408e+00,5.306884743794341830e+02,1.986047903042792839e+01,2.623715618458072996e+01,1.607373038159187217e+03,-1.105332512894583061e+02
8.455000000000477911e+00,5.307381112543513382e+02,1.983524890042393096e+01,2.614759646736917986e+01,1.608123038159187217e+03,-1.067757093902910839e+02
8.457500000000477414e+00,5.307876850539342968e+02,1.981001876869017053e+01,2.605427365558217545e+01,1.608873038159186990e+03,-1.030297180071913630e+02
8.460000000000476916e+00,5.308371957781989749e+02,1.978478867448591672e+01,2.595721946664797741e+01,1.609623038159186763e+03,-9.929552646709551311e+01
8.462500000000476419e+00,5.308866434272638344e+02,1.975955866498166458e+01,2.585646615318940533e+01,1.610373038159186535e+03,-9.557341366046921394e+01
8.465000000000475922e+00,5.309360280013697775e+02,1.973432879491474878e+01,2.575204632603639254e+01,1.611123038159186308e+03,-9.186369197433134559e+01
8.467500000000475424e+00,5.309853495008986783e+02,1.970909912620465221e+01,2.564399307053269439e+01,1.611873038159186308e+03,-8.816671043181625578e+01
8.470000000000474927e+00,5.310346079263912316e+02,1.968386972754012021e+01,2.553233993662609791e+01,1.612623038159186308e+03,-8.448285697706666042e+01
8.472500000000474429e+00,5.310838032785634368e+02,1.965864067393430759e+01,2.541712083510591569e+01,1.613373038159186308e+03,-8.081255990085702479e+01
8.475000000000473932e+00,5.311329355583222878e+02,1.963341204625816161e+01,2.529837014592501987e+01,1.614123038159185853e+03,-7.715628839186663868e+01
8.477500000000473435e+00,5.311820047667802100e+02,1.960818393075191679e+01,2.517612258307493889e+01,1.614873038159185853e+03,-7.351455220981998195e+01
8.480000000000472937e+00,5.312310109052680218e+02,1.958295641851675128e+01,2.505041338401456485e+01,1.615623038159185626e+03,-6.988790052441801492e+01
8.482500000000472440e+00,5.312799539753468707e+02,1.955772960499768942e+01,2.492127807476316192e+01,1.616373038159185398e+03,-6.627691995539947811e+01
8.485000000000471942e+00,5.313288339788190342e+02,1.953250358945438947e+01,2.478875271744268716e+01,1.617123038159185626e+03,-6.268223186407298186e+01
8.487500000000471445e+00,5.313776509177366734e+02,1.950727847442805896e+01,2.465287363230471840e+01,1.617873038159185171e+03,-5.910448899058731342e+01
8.490000000000470948e+00,5.314264047944100184e+02,1.948205436520463607e+01,2.451367763001312738e+01,1.618623038159184944e+03,-5.554437151362209590e+01
8.492500000000470450e+00,5.314750956114140763e+02,1.945683136927981138e+01,2.437120192097259874e+01,1.619373038159185171e+03,-5.200258262001769083e+01
8.495000000000469953e+00,5.315237233715936327e+02,1.943160959583298819e+01,2.422548404753782592e+01,1.620123038159184716e+03,-4.847984370807287036e+01
8.497500000000469456e+00,5.315722880780671176e+02,1.940638915520384344e+01,2.407656203975346187e+01,1.620873038159184716e+03,-4.497688932111964988e+01
8.500000000000468958e+00,5.316207897342294473e+02,1.938117015838233925e+01,2.392447420339441777e+01,1.621623038159184716e+03,-4.149446192620942497e+01
8.502500000000468461e+00,5.316692283437530477e+02,1.935595271650986149e+01,2.376925926280845403e+01,1.622373038159184262e+03,-3.803330665909505370e+01
8.505000000000467963e+00,5.317176039105881955e+02,1.933073694040181678e+01,2.361095638480176007e+01,1.623123038159184262e+03,-3.459416612671475377e+01
8.507500000000467466e+00,5.317659164389619946e+02,1.930552294008588632e+01,2.344960501346600523e+01,1.623873038159184034e+03,-3.117777538593073672e+01
8.510000000000466969e+00,5.318141659333758753e+02,1.928031082436144672e+01,2.328524501536216462e+01,1.624623038159184034e+03,-2.778485718306615482e+01
8.512500000000466471e+00,5.318623523986026385e+02,1.925510070038060562e+01,2.311791664696952964e+01,1.625373038159183807e+03,-2.441611753594849077e+01
8.515000000000465974e+00,5.319104758396816806e+02,1.922989267325470664e+01,2.294766049753008730e+01,1.626123038159183579e+03,-2.107224173119540467e+01
8.517500000000465477e+00,5.319585362619139914e+02,1.920468684568464113e+01,2.277451751970227178e+01,1.626873038159183579e+03,-1.775389079106052748e+01
8.520000000000464979e+00,5.320065336708557879e+02,1.917948331761746061e+01,2.259852902743627823e+01,1.627623038159183125e+03,-1.446169845437010437e+01
8.522500000000464482e+00,5.320544680723116926e+02,1.915428218592920118e+01,2.241973668419279875e+01,1.628373038159183125e+03,-1.119626869504960887e+01
8.525000000000463984e+00,5.321023394723264346e+02,1.912908354413726641e+01,2.223818251368647481e+01,1.629123038159183125e+03,-7.958173793162709231e+00
8.527500000000463487e+00,5.321501478771767779e+02,1.910388748213811638e+01,2.205390887634329289e+01,1.629873038159182670e+03,-4.747952959937496331e+00
8.530000000000462990e+00,5.321978932933618580e+02,1.907869408597331784e+01,2.186695845429998641e+01,1.630623038159182670e+03,-1.566111502791229571e+00
8.532500000000462492e+00,5.322455757275938595e+02,1.905350343762192367e+01,2.167737435757898012e+01,1.631373038159182215e+03,1.586879494613657959e+00
8.535000000000461995e+00,5.322931951867874432e+02,1.902831561482216927e+01,2.148520003632366837e+01,1.632123038159182215e+03,4.710583012246370771e+00
8.537500000000461498e+00,5.323407516780492870e+02,1.900313069091372498e+01,2.129047927364679182e+01,1.632873038159182215e+03,7.804595487498947826e+00
8.540000000000461000e+00,5.323882452086667172e+02,1.897794873470490273e+01,2.109325613227712992e+01,1.633623038159181760e+03,1.086854581046738488e+01
8.542500000000460503e+00,5.324356757860965672e+02,1.895276981036345632e+01,2.089357487256029700e+01,1.634373038159181760e+03,1.390209397319531348e+01
8.545000000000460005e+00,5.324830434179534677e+02,1.892759397733393456e+01,2.069148011416102051e+01,1.635123038159181760e+03,1.690492942246050134e+01
8.547500000000459508e+00,5.325303481119977960e+02,1.890242129028279550e+01,2.048701674319264043e+01,1.635873038159181533e+03,1.987676917820010303e+01
8.550000000000459011e+00,5.325775898761240796e+02,1.887725179906586703e+01,2.028022984424615416e+01,1.636623038159181306e+03,2.281735575850261810e+01
8.552500000000458513e+00,5.326247687183487187e+02,1.885208554871425690e+01,2.007116475950476087e+01,1.637373038159181306e+03,2.572645495830956008e+01
8.555000000000458016e+00,5.326718846467979347e+02,1.882692257944614767e+01,1.985986703097010420e+01,1.638123038159181078e+03,2.860385356356827202e+01
8.557500000000457518e+00,5.327189376696956060e+02,1.880176292669877469e+01,1.964638244239256437e+01,1.638873038159181078e+03,3.144935699688915065e+01
8.560000000000457021e+00,5.327659277953517858e+02,1.877660662117830626e+01,1.943075702920921444e+01,1.639623038159181078e+03,3.426278699005139572e+01
8.562500000000456524e+00,5.328128550321504235e+02,1.875145368892966147e+01,1.921303695433392988e+01,1.640373038159180624e+03,3.704397928791659211e+01
8.565000000000456026e+00,5.328597193885381103e+02,1.872630415141789939e+01,1.899326856890685633e+01,1.641123038159180624e+03,3.979278141001551461e+01
8.567500000000455529e+00,5.329065208730123686e+02,1.870115802562692409e+01,1.877149840796666069e+01,1.641873038159180624e+03,4.250905053198428618e+01
8.570000000000455032e+00,5.329532594941108528e+02,1.867601532417452859e+01,1.854777321567321025e+01,1.642623038159180169e+03,4.519265148499940210e+01
8.572500000000454534e+00,5.329999352604002070e+02,1.865087605543717331e+01,1.832213984799404827e+01,1.643373038159180396e+03,4.784345490651038801e+01
8.575000000000454037e+00,5.330465481804657202e+02,1.862574022368485416e+01,1.809464529051544801e+01,1.644123038159179941e+03,5.046133554178098279e+01
8.577500000000453539e+00,5.330930982629009804e+02,1.860060782922512246e+01,1.786533667366328970e+01,1.644873038159179714e+03,5.304617071444607035e+01
8.580000000000453042e+00,5.331395855162983253e+02,1.857547886855732600e+01,1.763426123305855953e+01,1.645623038159179941e+03,5.559783899149810793e+01
8.582500000000452545e+00,5.331860099492389509e+02,1.855035333453336577e+01,1.740146632752015066e+01,1.646373038159179487e+03,5.811621900706866484e+01
8.585000000000452047e+00,5.332323715702844993e+02,1.852523121652253124e+01,1.716699944093700481e+01,1.647123038159179487e+03,6.060118848218569099e+01
8.587500000000451550e+00,5.332786703879678498e+02,1.850011250058312484e+01,1.693090803622755658e+01,1.647873038159179487e+03,6.305262342606585690e+01
8.590000000000451053e+00,5.333249064107852746e+02,1.847499716963532990e+01,1.669323979449819007e+01,1.648623038159179032e+03,6.547039748543903670e+01
8.592500000000450555e+00,5.333710796471887079e+02,1.844988520363758511e+01,1.645404238129692942e+01,1.649373038159179032e+03,6.785438149572928523e+01
8.595000000000450058e+00,5.334171901055782428e+02,1.842477657976431971e+01,1.621336347711075732e+01,1.650123038159179032e+03,7.020444316046257427e+01
8.597500000000449560e+00,5.334632377942955372e+02,1.839967127258289636e+01,1.597125089827108368e+01,1.650873038159178577e+03,7.252044688619835711e+01
8.600000000000449063e+00,5.335092227216171068e+02,1.837456925423204979e+01,1.572775245351680162e+01,1.651623038159178577e+03,7.480225375876321436e+01
8.602500000000448566e+00,5.335551448957485263e+02,1.834947049459768209e+01,1.548291591573216763e+01,1.652373038159178122e+03,7.704972163187538570e+01
8.605000000000448068e+00,5.336010043248188595e+02,1.832437496148622458e+01,1.523678914096909232e+01,1.653123038159178122e+03,7.926270532452998907e+01
8.607500000000447571e+00,5.336468010168755427e+02,1.829928262079774015e+01,1.498941994323848803e+01,1.653873038159178122e+03,8.144105692437814525e+01
8.610000000000447073e+00,5.336925349798797242e+02,1.827419343669439300e+01,1.474085615719084430e+01,1.654623038159177895e+03,8.358462616453007854e+01
8.612500000000446576e+00,5.337382062217021712e+02,1.824910737176596243e+01,1.449114556846831192e+01,1.655373038159177668e+03,8.569326087839651507e+01
8.615000000000446079e+00,5.337838147501191770e+02,1.822402438719001339e+01,1.424033595367605898e+01,1.656123038159177440e+03,8.776680750150576671e+01
8.617500000000445581e+00,5.338293605728091507e+02,1.819894444288759772e+01,1.398847501534612192e+01,1.656873038159177440e+03,8.980511162810077508e+01
8.620000000000445084e+00,5.338748436973497746e+02,1.817386749767515752e+01,1.373561047973998051e+01,1.657623038159177213e+03,9.180801859469426063e+01
8.622500000000444587e+00,5.339202641312150490e+02,1.814879350941027525e+01,1.348178991238733637e+01,1.658373038159176986e+03,9.377537409081173791e+01
8.625000000000444089e+00,5.339656218817733588e+02,1.812372243513105374e+01,1.322706088048902018e+01,1.659123038159176986e+03,9.570702477548901754e+01
8.627500000000443592e+00,5.340109169562849729e+02,1.809865423119154926e+01,1.297147088435562701e+01,1.659873038159176531e+03,9.760281890066789856e+01
8.630000000000443094e+00,5.340561493619009070e+02,1.807358885339124654e+01,1.271506729056480900e+01,1.660623038159176758e+03,9.946260693479649717e+01
8.632500000000442597e+00,5.341013191056612186e+02,1.804852625709593283e+01,1.245789733154144052e+01,1.661373038159176531e+03,1.012862421592133870e+02
8.635000000000442100e+00,5.341464261944943246e+02,1.802346639735500133e+01,1.220000825713339232e+01,1.662123038159176531e+03,1.030735812598894796e+02
8.637500000000441602e+00,5.341914706352160920e+02,1.799840922901352513e+01,1.194144709461391862e+01,1.662873038159176303e+03,1.048244848889358565e+02
8.640000000000441105e+00,5.342364524345294967e+02,1.797335470681598224e+01,1.168226080586517490e+01,1.663623038159176303e+03,1.065388181960691867e+02
8.642500000000440608e+00,5.342813715990240553e+02,1.794830278550480429e+01,1.142249623860693220e+01,1.664373038159175849e+03,1.082164513309360956e+02
8.645000000000440110e+00,5.343262281351765068e+02,1.792325341991262277e+01,1.116220003244700720e+01,1.665123038159175849e+03,1.098572599048263783e+02
8.647500000000439613e+00,5.343710220493505858e+02,1.789820656504875984e+01,1.090141871289486097e+01,1.665873038159175849e+03,1.114611254188834408e+02
8.650000000000439115e+00,5.344157533477975903e+02,1.787316217617942016e+01,1.064019867744999104e+01,1.666623038159175394e+03,1.130279356473300680e+02
8.652500000000438618e+00,5.344604220366574054e+02,1.784812020890411688e+01,1.037858610242626689e+01,1.667373038159175621e+03,1.145575849916750002e+02
8.655000000000438121e+00,5.345050281219588442e+02,1.782308061922549669e+01,1.011662707312793330e+01,1.668123038159175394e+03,1.160499747812215929e+02
8.657500000000437623e+00,5.345495716096212391e+02,1.779804336361278416e+01,9.854367450401188222e+00,1.668873038159174939e+03,1.175050135434792793e+02
8.660000000000437126e+00,5.345940525054551244e+02,1.777300839906150998e+01,9.591852880024124062e+00,1.669623038159174939e+03,1.189226172342727068e+02
8.662500000000436629e+00,5.346384708151640552e+02,1.774797568314733809e+01,9.329128894391111260e+00,1.670373038159174712e+03,1.203027094252936990e+02
8.665000000000436131e+00,5.346828265443457440e+02,1.772294517407538805e+01,9.066240766476251878e+00,1.671123038159174484e+03,1.216452214622970018e+02
8.667500000000435634e+00,5.347271196984938797e+02,1.769791683072532251e+01,8.803233568384618124e+00,1.671873038159174484e+03,1.229500925819405808e+02
8.670000000000435136e+00,5.347713502829996060e+02,1.767289061269115535e+01,8.540152184173935623e+00,1.672623038159174257e+03,1.242172700032897126e+02
8.672500000000434639e+00,5.348155183031535671e+02,1.764786648031778071e+01,8.277041247761582454e+00,1.673373038159174257e+03,1.254467089835172970e+02
8.675000000000434142e+00,5.348596237641477273e+02,1.762284439473310371e+01,8.013945209813982729e+00,1.674123038159174030e+03,1.266383728470424899e+02
8.677500000000433644e+00,5.349036666710773034e+02,1.759782431787669665e+01,7.750908244979897610e+00,1.674873038159173802e+03,1.277922329930345313e+02
8.680000000000433147e+00,5.349476470289426970e+02,1.757280621252466801e+01,7.487974303615332339e+00,1.675623038159173575e+03,1.289082688720331191e+02
8.682500000000432649e+00,5.349915648426518828e+02,1.754779004231082595e+01,7.225187063571500978e+00,1.676373038159173348e+03,1.299864679491585093e+02
8.685000000000432152e+00,5.350354201170224542e+02,1.752277577174588785e+01,6.962590000262357748e+00,1.677123038159173348e+03,1.310268256449914475e+02
8.687500000000431655e+00,5.350792128567836698e+02,1.749776336623356343e+01,6.700226291966086656e+00,1.677873038159173120e+03,1.320293452584780027e+02
8.690000000000431157e+00,5.351229430665788414e+02,1.747275279208353993e+01,6.438138828133826763e+00,1.678623038159173120e+03,1.329940378777073136e+02
8.692500000000430660e+00,5.351666107509674930e+02,1.744774401652108864e+01,6.176370311647655598e+00,1.679373038159172893e+03,1.339209222784350573e+02
8.695000000000430163e+00,5.352102159144278630e+02,1.742273700769671763e+01,5.914963068396564161e+00,1.680123038159172438e+03,1.348100248103419574e+02
8.697500000000429665e+00,5.352537585613590636e+02,1.739773173469193779e+01,5.653959253564340592e+00,1.680873038159172665e+03,1.356613792761534683e+02
8.700000000000429168e+00,5.352972386960833546e+02,1.737272816752295768e+01,5.393400581723978959e+00,1.681623038159172438e+03,1.364750268024987747e+02
8.702500000000428670e+00,5.353406563228487585e+02,1.734772627714308868e+01,5.133328619563697792e+00,1.682373038159171983e+03,1.372510157056370872e+02
8.705000000000428173e+00,5.353840114458309927e+02,1.732272603544398137e+01,4.873784555655594097e+00,1.683123038159172211e+03,1.379894013525872367e+02
8.707500000000427676e+00,5.354273040691360848e+02,1.729772741525580315e+01,4.614809278749500976e+00,1.683873038159171983e+03,1.386902460198911058e+02
8.710000000000427178e+00,5.354705341968027597e+02,1.727273039034473712e+01,4.356443399389288373e+00,1.684623038159171756e+03,1.393536187498120285e+02
8.712500000000426681e+00,5.355137018328045997e+02,1.724773493540945424e+01,4.098727154701068187e+00,1.685373038159171756e+03,1.399795952064066569e+02
8.715000000000426184e+00,5.355568069810525458e+02,1.722274102607756774e+01,3.841700478446851807e+00,1.686123038159171756e+03,1.405682575301928807e+02
8.717500000000425686e+00,5.355998496453971711e+02,1.719774863890079075e+01,3.585403021553425607e+00,1.686873038159171529e+03,1.411196941959694016e+02
8.720000000000425189e+00,5.356428298296307275e+02,1.717275775134965698e+01,3.329874039871114189e+00,1.687623038159171301e+03,1.416339998695892746e+02
8.722500000000424691e+00,5.356857475374898740e+02,1.714776834180703702e+01,3.075152438145039469e+00,1.688373038159171301e+03,1.421112752688131593e+02
8.725000000000424194e+00,5.357286027726576094e+02,1.712278038956169723e+01,2.821276865601435535e+00,1.689123038159171074e+03,1.425516270262944829e+02
8.727500000000423697e+00,5.357713955387657734e+02,1.709779387480153900e+01,2.568285530516035475e+00,1.689873038159171074e+03,1.429551675547758691e+02
8.730000000000423199e+00,5.358141258393970929e+02,1.707280877860558022e+01,2.316216355896291823e+00,1.690623038159170619e+03,1.433220149167242994e+02
8.732500000000422702e+00,5.358567936780875698e+02,1.704782508293621035e+01,2.065106811732618564e+00,1.691373038159170619e+03,1.436522926974317897e+02
8.735000000000422204e+00,5.358993990583285267e+02,1.702284277063126083e+01,1.814994125407393577e+00,1.692123038159170619e+03,1.439461298831083980e+02
8.737500000000421707e+00,5.359419419835689951e+02,1.699786182539655144e+01,1.565915083425774901e+00,1.692873038159170164e+03,1.442036607412692604e+02
8.740000000000421210e+00,5.359844224572176472e+02,1.697288223179777944e+01,1.317906073381287957e+00,1.693623038159170164e+03,1.444250247095133943e+02
8.742500000000420712e+00,5.360268404826450706e+02,1.694790397525148506e+01,1.071003153043125655e+00,1.694373038159170164e+03,1.446103662855259984e+02
8.745000000000420215e+00,5.360691960631859274e+02,1.692292704201797093e+01,8.252419589854792514e-01,1.695123038159169710e+03,1.447598349234157808e+02
8.747500000000419718e+00,5.361114892021410014e+02,1.689795141919326937e+01,5.806577630900839893e-01,1.695873038159169710e+03,1.448735849358265284e+02
8.750000000000419220e+00,5.361537199027792440e+02,1.687297709470128737e+01,3.372854568380234674e-01,1.696623038159169710e+03,1.449517753996090619e+02
8.752500000000418723e+00,5.361958881683398204e+02,1.684800405728718786e+01,9.515950826337790658e-02,1.697373038159169255e+03,1.449945700722650201e+02
8.755000000000418225e+00,5.362379940020343838e+02,1.682303229650922205e+01,-1.458276003052099978e-01,1.698123038159169255e+03,1.450021487165787448e+02
8.757500000000417728e+00,5.362800374070488942e+02,1.679806180273129357e+01,-3.852846348155368195e-01,1.698873038159168800e+03,1.449746461355868803e+02
8.760000000000417231e+00,5.363220183865456647e+02,1.677309256711656360e+01,-6.234858649159943367e-01,1.699623038159168800e+03,1.449122717812233532e+02
8.762500000000416733e+00,5.363639369436652942e+02,1.674812458162172391e+01,-8.602893399256678064e-01,1.700373038159168800e+03,1.448151993986652712e+02
8.765000000000416236e+00,5.364057930815287136e+02,1.672315783898919150e+01,-1.095680186564976122e+00,1.701123038159168573e+03,1.446836175947078118e+02
8.767500000000415739e+00,5.364475868032392327e+02,1.669819233274139592e+01,-1.329626436701598635e+00,1.701873038159168345e+03,1.445177166921068022e+02
8.770000000000415241e+00,5.364893181118844723e+02,1.667322805717459389e+01,-1.562096512581458319e+00,1.702623038159168118e+03,1.443176912515287995e+02
8.772500000000414744e+00,5.365309870105380696e+02,1.664826500735354742e+01,-1.793059294990808628e+00,1.703373038159168118e+03,1.440837400330082403e+02
8.775000000000414246e+00,5.365725935022619524e+02,1.662330317910548416e+01,-2.022484056178221135e+00,1.704123038159167891e+03,1.438160659674204283e+02
8.777500000000413749e+00,5.366141375901078163e+02,1.659834256901530836e+01,-2.250340519658555305e+00,1.704873038159168118e+03,1.435148761333825576e+02
8.780000000000413252e+00,5.366556192771193992e+02,1.657338317442046005e+01,-2.476598886194329996e+00,1.705623038159167663e+03,1.431803817422414511e+02
8.782500000000412754e+00,5.366970385663340721e+02,1.654842499340568551e+01,-2.701229757154089306e+00,1.706373038159167209e+03,1.428127981312575798e+02
8.785000000000412257e+00,5.367383954607851138e+02,1.652346802479801724e+01,-2.924204204154982722e+00,1.707123038159167436e+03,1.424123447623690311e+02
8.787500000000411760e+00,5.367796899635029604e+02,1.649851226816142358e+01,-3.145493791519864413e+00,1.707873038159167209e+03,1.419792452305257200e+02
8.790000000000411262e+00,5.368209220775175936e+02,1.647355772379273731e+01,-3.365070456840338231e+00,1.708623038159167436e+03,1.415137272797792036e+02
8.792500000000410765e+00,5.368620918058600182e+02,1.644860439271721475e+01,-3.582906634997791606e+00,1.709373038159166981e+03,1.410160228268816240e+02
8.795000000000410267e+00,5.369031991515643085e+02,1.642365227668312500e+01,-3.798975229357713257e+00,1.710123038159166754e+03,1.404863679916381329e+02
8.797500000000409770e+00,5.369442441176693137e+02,1.639870137815617923e+01,-4.013249599434631776e+00,1.710873038159166981e+03,1.399250031372030492e+02
8.800000000000409273e+00,5.369852267072204768e+02,1.637375170031476657e+01,-4.225703576733579325e+00,1.711623038159166526e+03,1.393321729145952190e+02
8.802500000000408775e+00,5.370261469232714262e+02,1.634880324704450416e+01,-4.436311494018894130e+00,1.712373038159166526e+03,1.387081263187243110e+02
8.805000000000408278e+00,5.370670047688860222e+02,1.632385602293264526e+01,-4.645048099889062421e+00,1.713123038159166526e+03,1.380531167484310231e+02
8.807500000000407780e+00,5.371078002471400623e+02,1.629891003326227761e+01,-4.851888654541699708e+00,1.713873038159166072e+03,1.373674020746612428e+02
8.810000000000407283e+00,5.371485333611227588e+02,1.627396528400597120e+01,-5.056808862951993611e+00,1.714623038159166072e+03,1.366512447142952738e+02
8.812500000000406786e+00,5.371892041139387857e+02,1.624902178181905654e+01,-5.259784948145055594e+00,1.715373038159165844e+03,1.359049117107211373e+02
8.815000000000406288e+00,5.372298125087098697e+02,1.622407953403194369e+01,-5.460793638355450064e+00,1.716123038159165617e+03,1.351286748187207536e+02
8.817500000000405791e+00,5.372703585485762687e+02,1.619913854864269354e+01,-5.659812029533845212e+00,1.716873038159165617e+03,1.343228105940475245e+02
8.820000000000405294e+00,5.373108422366988179e+02,1.617419883430853389e+01,-5.856817799951119952e+00,1.717623038159165390e+03,1.334876004868479242e+02
8.822500000000404796e+00,5.373512635762601803e+02,1.614926040033644128e+01,-6.051789145777954460e+00,1.718373038159165162e+03,1.326233309374301541e+02
8.825000000000404299e+00,5.373916225704667795e+02,1.612432325667332478e+01,-6.244704643680457856e+00,1.719123038159164935e+03,1.317302934739102795e+02
8.827500000000403801e+00,5.374319192225501638e+02,1.609938741389554906e+01,-6.435543483294116740e+00,1.719873038159164935e+03,1.308087848099185067e+02
8.830000000000403304e+00,5.374721535357688253e+02,1.607445288319699372e+01,-6.624285274310508953e+00,1.720623038159164707e+03,1.298591069418662869e+02
8.832500000000402807e+00,5.375123255134093370e+02,1.604951967637735066e+01,-6.810910106130911856e+00,1.721373038159164480e+03,1.288815672433316024e+02
8.835000000000402309e+00,5.375524351587883984e+02,1.602458780582865927e+01,-6.995398578555311886e+00,1.722123038159164480e+03,1.278764785563592739e+02
8.837500000000401812e+00,5.375924824752538598e+02,1.599965728452088243e+01,-7.177731827736432813e+00,1.722873038159164025e+03,1.268441592760660228e+02
8.840000000000401315e+00,5.376324674661863128e+02,1.597472812598556402e+01,-7.357891455610148235e+00,1.723623038159164025e+03,1.257849334293151173e+02
8.842500000000400817e+00,5.376723901350005690e+02,1.594980034429974047e+01,-7.535859511868468807e+00,1.724373038159164025e+03,1.246991307438862719e+02
8.845000000000400320e+00,5.377122504851469103e+02,1.592487395406856443e+01,-7.711618677836631797e+00,1.725123038159163571e+03,1.235870867064379865e+02
8.847500000000399822e+00,5.377520485201123392e+02,1.589994897040570798e+01,-7.885152021977263281e+00,1.725873038159163571e+03,1.224491426078336787e+02
8.850000000000399325e+00,5.377917842434220574e+02,1.587502540891357228e+01,-8.056443105873395183e+00,1.726623038159163571e+03,1.212856455750765434e+02
8.852500000000398828e+00,5.378314576586403746e+02,1.585010328566256455e+01,-8.225476072844289277e+00,1.727373038159163343e+03,1.200969485826963989e+02
8.855000000000398330e+00,5.378710687693721866e+02,1.582518261716734642e+01,-8.392235483897783510e+00,1.728123038159163116e+03,1.188834104482995428e+02
8.857500000000397833e+00,5.379106175792638851e+02,1.580026342036260623e+01,-8.556706486958098878e+00,1.728873038159163343e+03,1.176453958084209859e+02
8.860000000000397335e+00,5.379501040920043806e+02,1.577534571257819884e+01,-8.718874650457468789e+00,1.729623038159162888e+03,1.163832750662046749e+02
8.862500000000396838e+00,5.379895283113261257e+02,1.575042951151246129e+01,-8.878726099060566312e+00,1.730373038159162661e+03,1.150974243212920527e+02
8.865000000000396341e+00,5.380288902410061382e+02,1.572551483520429905e+01,-9.036247359561434322e+00,1.731123038159162888e+03,1.137882252696892209e+02
8.867500000000395843e+00,5.380681898848665696e+02,1.570060170200381577e+01,-9.191425609604802816e+00,1.731873038159162434e+03,1.124560650720733435e+02
8.870000000000395346e+00,5.381074272467756145e+02,1.567569013054104410e+01,-9.344248399864493848e+00,1.732623038159162206e+03,1.111013362004792100e+02
8.872500000000394849e+00,5.381466023306483066e+02,1.565078013969365678e+01,-9.494703812787701480e+00,1.733373038159162434e+03,1.097244362491253042e+02
8.875000000000394351e+00,5.381857151404468596e+02,1.562587174855450023e+01,-9.642780464318683187e+00,1.734123038159161979e+03,1.083257677162267925e+02
8.877500000000393854e+00,5.382247656801814628e+02,1.560096497639634450e+01,-9.788467377075763309e+00,1.734873038159161979e+03,1.069057377451008080e+02
8.880000000000393356e+00,5.382637539539105092e+02,1.557605984263626908e+01,-9.931754214785083690e+00,1.735623038159161752e+03,1.054647578489181825e+02
8.882500000000392859e+00,5.383026799657410493e+02,1.555115636679811608e+01,-1.007263098522088463e+01,1.736373038159161524e+03,1.040032435860317150e+02
8.885000000000392362e+00,5.383415437198289055e+02,1.552625456847563967e+01,-1.021108825180080970e+01,1.737123038159161524e+03,1.025216142114069129e+02
8.887500000000391864e+00,5.383803452203790130e+02,1.550135446729342981e+01,-1.034711707500653688e+01,1.737873038159161297e+03,1.010202922928963574e+02
8.890000000000391367e+00,5.384190844716453057e+02,1.547645608286636154e+01,-1.048070896764262194e+01,1.738623038159161297e+03,9.949970329260159474e+01
8.892500000000390870e+00,5.384577614779307169e+02,1.545155943475922200e+01,-1.061185594326053305e+01,1.739373038159160842e+03,9.796027512590396213e+01
8.895000000000390372e+00,5.384963762435871786e+02,1.542666454244474927e+01,-1.074055050201106276e+01,1.740123038159160842e+03,9.640243768203480101e+01
8.897500000000389875e+00,5.385349287730150536e+02,1.540177142526090392e+01,-1.086678564511420575e+01,1.740873038159160615e+03,9.482662233394580653e+01
8.900000000000389377e+00,5.385734190706630216e+02,1.537688010236844072e+01,-1.099055485323369474e+01,1.741623038159160387e+03,9.323326140005227103e+01
8.902500000000388880e+00,5.386118471410276243e+02,1.535199059270824407e+01,-1.111185205337650039e+01,1.742373038159160387e+03,9.162278760581600068e+01
8.905000000000388383e+00,5.386502129886525836e+02,1.532710291495732413e+01,-1.123067164351376057e+01,1.743123038159159933e+03,8.999563352037063169e+01
8.907500000000387885e+00,5.386885166181281193e+02,1.530221708748569043e+01,-1.134700852010403516e+01,1.743873038159160160e+03,8.835223097608054843e+01
8.910000000000387388e+00,5.387267580340902668e+02,1.527733312831251844e+01,-1.146085805651908274e+01,1.744623038159159933e+03,8.669301047807613259e+01
8.912500000000386891e+00,5.387649372412198545e+02,1.525245105506280474e+01,-1.157221604982421681e+01,1.745373038159159478e+03,8.501840060299505808e+01
8.915000000000386393e+00,5.388030542442413662e+02,1.522757088492450883e+01,-1.168107884732999757e+01,1.746123038159159705e+03,8.332882741074124056e+01
8.917500000000385896e+00,5.388411090479222594e+02,1.520269263460613196e+01,-1.178744314436103835e+01,1.746873038159159478e+03,8.162471383661493007e+01
8.920000000000385398e+00,5.388791016570713737e+02,1.517781632029522143e+01,-1.189130616259769724e+01,1.747623038159159250e+03,7.990647910953663313e+01
8.922500000000384901e+00,5.389170320765375664e+02,1.515294195761717511e+01,-1.199266554339090796e+01,1.748373038159159250e+03,7.817453816312858805e+01
8.925000000000384404e+00,5.389549003112086893e+02,1.512806956159528404e+01,-1.209151941190755686e+01,1.749123038159159023e+03,7.642930108875466999e+01
8.927500000000383906e+00,5.389927063660096564e+02,1.510319914661213936e+01,-1.218786634520889045e+01,1.749873038159158796e+03,7.467117257417817200e+01
8.930000000000383409e+00,5.390304502459009655e+02,1.507833072637222571e+01,-1.228170530472382893e+01,1.750623038159158796e+03,7.290055140269821266e+01
8.932500000000382911e+00,5.390681319558768791e+02,1.505346431386651673e+01,-1.237303573358549080e+01,1.751373038159158796e+03,7.111782995869475599e+01
8.935000000000382414e+00,5.391057515009639474e+02,1.502859992133882905e+01,-1.246185757576463615e+01,1.752123038159158341e+03,6.932339378308718381e+01
8.937500000000381917e+00,5.391433088862187333e+02,1.500373756025377503e+01,-1.254817106951209738e+01,1.752873038159158341e+03,6.751762115514070217e+01
8.940000000000381419e+00,5.391808041167261081e+02,1.497887724126718645e+01,-1.263197695299767531e+01,1.753623038159158341e+03,6.570088273465438533e+01
8.942500000000380922e+00,5.392182371975969772e+02,1.495401897419902504e+01,-1.271327640155386440e+01,1.754373038159157886e+03,6.387354123401430428e+01
8.945000000000380425e+00,5.392556081339664615e+02,1.492916276800853481e+01,-1.279207098332120651e+01,1.755123038159158114e+03,6.203595114483168516e+01
8.947500000000379927e+00,5.392929169309915096e+02,1.490430863077166279e+01,-1.286836265884029906e+01,1.755873038159157659e+03,6.018845852529140927e+01
8.950000000000379430e+00,5.393301635938488516e+02,1.487945656966214081e+01,-1.294215386785119470e+01,1.756623038159157659e+03,5.833140084165169981e+01
8.952500000000378932e+00,5.393673481277323845e+02,1.485460659093446090e+01,-1.301344740638223207e+01,1.757373038159157659e+03,5.646510685297771204e+01
8.955000000000378435e+00,5.394044705378513527e+02,1.482975869991103579e+01,-1.308224641854114445e+01,1.758123038159157204e+03,5.458989657848240284e+01
8.957500000000377938e+00,5.394415308294277338e+02,1.480491290097187296e+01,-1.314855452094706045e+01,1.758873038159157204e+03,5.270608131273846908e+01
8.960000000000377440e+00,5.394785290076939646e+02,1.478006919754665383e+01,-1.321237567441452754e+01,1.759623038159157204e+03,5.081396369502812860e+01
8.962500000000376943e+00,5.395154650778903260e+02,1.475522759210997847e+01,-1.327371421437248422e+01,1.760373038159156749e+03,4.891383785791229855e+01
8.965000000000376446e+00,5.395523390452628973e+02,1.473038808618081141e+01,-1.333257489606589985e+01,1.761123038159156749e+03,4.700598963161854016e+01
8.967500000000375948e+00,5.395891509150609409e+02,1.470555068032404655e+01,-1.338896277038478111e+01,1.761873038159156749e+03,4.509069679362509930e+01
8.970000000000375451e+00,5.396259006925346284e+02,1.468071537415505468e+01,-1.344288329012506367e+01,1.762623038159156295e+03,4.316822940378035867e+01
8.972500000000374953e+00,5.396625883829326540e+02,1.465588216634716012e+01,-1.349434228390365220e+01,1.763373038159156295e+03,4.123885016825095562e+01
8.975000000000374456e+00,5.396992139914999598e+02,1.463105105464206090e+01,-1.354334588513778570e+01,1.764123038159155840e+03,3.930281487923466699e+01
8.977500000000373959e+00,5.397357775234750079e+02,1.460622203586225254e+01,-1.358990063298448803e+01,1.764873038159155840e+03,3.736037289722318633e+01
8.980000000000373461e+00,5.397722789840881887e+02,1.458139510592592991e+01,-1.363401337676200598e+01,1.765623038159155840e+03,3.541176767973447426e+01
8.982500000000372964e+00,5.398087183785588650e+02,1.455657025986361397e+01,-1.367569131680625460e+01,1.766373038159155612e+03,3.345723735408084565e+01
8.985000000000372467e+00,5.398450957120936664e+02,1.453174749183686920e+01,-1.371494196908007801e+01,1.767123038159155385e+03,3.149701533751923677e+01
8.987500000000371969e+00,5.398814109898839888e+02,1.450692679515822014e+01,-1.375177318883343425e+01,1.767873038159155158e+03,2.953133099023980890e+01
8.990000000000371472e+00,5.399176642171041749e+02,1.448210816231204845e+01,-1.378619321411913390e+01,1.768623038159155158e+03,2.756041029033387701e+01
8.992500000000370974e+00,5.399538553989093543e+02,1.445729158497660904e+01,-1.381821054013346917e+01,1.769373038159154930e+03,2.558447654100920943e+01
8.995000000000370477e+00,5.399899845404331700e+02,1.443247705404638026e+01,-1.384783402782588269e+01,1.770123038159155158e+03,2.360375110137126597e+01
8.997500000000369980e+00,5.400260516467862999e+02,1.440766455965456494e+01,-1.387507287315323978e+01,1.770873038159154703e+03,2.161845411914931958e+01
9.000000000000369482e+00,5.400620567230542974e+02,1.438285409119559688e+01,-1.389993657860537901e+01,1.771623038159154248e+03,1.962880528109109690e+01
9.002500000000368985e+00,5.400979997742956584e+02,1.435804563734730976e+01,-1.392243505723622654e+01,1.772373038159154476e+03,1.763502456262391505e+01
9.005000000000368487e+00,5.401338808055402296e+02,1.433323918609297642e+01,-1.394257844912287680e+01,1.773123038159154248e+03,1.563733297036639236e+01
9.007500000000367990e+00,5.401696998217875034e+02,1.430843472474287381e+01,-1.396037729279954043e+01,1.773873038159154248e+03,1.363595328690693265e+01
9.010000000000367493e+00,5.402054568280047988e+02,1.428363223995482478e+01,-1.397584244506183815e+01,1.774518787076991430e+03,1.163111078315787239e+01
9.012500000000366995e+00,5.402411518291257835e+02,1.425883171775431357e+01,-1.398927750312890872e+01,0.000000000000000000e+00,9.623024404905450524e+00
9.015000000000366498e+00,5.402767848300486548e+02,1.423403314355386762e+01,-1.392619285587436728e+01,0.000000000000000000e+00,7.614312766216076334e+00
9.017500000000366001e+00,5.403123558356351168e+02,1.420923650217484813e+01,-1.386349092814982775e+01,0.000000000000000000e+00,5.613381909584616913e+00
9.020000000000365503e+00,5.403478648507083335e+02,1.418444177783777960e+01,-1.380116896939542848e+01,0.000000000000000000e+00,3.620111282636451655e+00
9.022500000000365006e+00,5.403833118800516786e+02,1.415964895418205316e+01,-1.373922427079065045e+01,0.000000000000000000e+00,1.634389588544129968e+00
9.025000000000364508e+00,5.404186969284074848e+02,1.413485801428946154e+01,-1.367765412920159740e+01,0.000000000000000000e+00,-3.438852089474490059e-01
9.027500000000364011e+00,5.404540200004754524e+02,1.411006894071110018e+01,-1.361645585319221041e+01,0.000000000000000000e+00,-2.314805920556497032e+00
9.030000000000363514e+00,5.404892811009111711e+02,1.408528171549366270e+01,-1.355562675103948855e+01,0.000000000000000000e+00,-4.278456198201645577e+00
9.032500000000363016e+00,5.405244802343253241e+02,1.406049632020508966e+01,-1.349516419546885970e+01,0.000000000000000000e+00,-6.234910653808323211e+00
9.035000000000362519e+00,5.405596174052819833e+02,1.403571273595979640e+01,-1.343506549347953261e+01,0.000000000000000000e+00,-8.184235008291048885e+00
9.037500000000362022e+00,5.405946926182980405e+02,1.401093094344372680e+01,-1.337532810790667881e+01,0.000000000000000000e+00,-1.012648627461586415e+01
9.040000000000361524e+00,5.406297058778416158e+02,1.398615092293909612e+01,-1.331594940153063966e+01,0.000000000000000000e+00,-1.206171300059323848e+01
9.042500000000361027e+00,5.406646571883314891e+02,1.396137265434961705e+01,-1.325692680426605463e+01,0.000000000000000000e+00,-1.398995550416852751e+01
9.045000000000360529e+00,5.406995465541358499e+02,1.393659611722590519e+01,-1.319825782479467335e+01,0.000000000000000000e+00,-1.591124616869287323e+01
9.047500000000360032e+00,5.407343739795717283e+02,1.391182129079086849e+01,-1.313993987019656728e+01,0.000000000000000000e+00,-1.782560975793310121e+01
9.050000000000359535e+00,5.407691394689039726e+02,1.388704815396549996e+01,-1.308197051157199375e+01,0.000000000000000000e+00,-1.973306374531664886e+01
9.052500000000359037e+00,5.408038430263445662e+02,1.386227668539481783e+01,-1.302434727223123012e+01,0.000000000000000000e+00,-2.163361868255965703e+01
9.055000000000358540e+00,5.408384846560519463e+02,1.383750686347393177e+01,-1.296706770086165683e+01,0.000000000000000000e+00,-2.352727857913783538e+01
9.057500000000358042e+00,5.408730643621304353e+02,1.381273866637438807e+01,-1.291012942639805594e+01,0.000000000000000000e+00,-2.541404130149488694e+01
9.060000000000357545e+00,5.409075821486295581e+02,1.378797207207062492e+01,-1.285353006583466318e+01,0.000000000000000000e+00,-2.729389898851985308e+01
9.062500000000357048e+00,5.409420380195438156e+02,1.376320705836643654e+01,-1.279726728263169377e+01,0.000000000000000000e+00,-2.916683847698413601e+01
9.065000000000356550e+00,5.409764319788121156e+02,1.373844360292151023e+01,-1.274133875315410869e+01,0.000000000000000000e+00,-3.103284173841506544e+01
9.067500000000356053e+00,5.410107640303173184e+02,1.371368168327767023e+01,-1.268574223489888730e+01,0.000000000000000000e+00,-3.289188632079896024e+01
9.070000000000355556e+00,5.410450341778861230e+02,1.368892127688506477e+01,-1.263047544333704053e+01,0.000000000000000000e+00,-3.474394580495017237e+01
9.072500000000355058e+00,5.410792424252889532e+02,1.366416236112811333e+01,-1.257553617040970018e+01,0.000000000000000000e+00,-3.658899024938079236e+01
9.075000000000354561e+00,5.411133887762395034e+02,1.363940491335118210e+01,-1.252092219675575890e+01,0.000000000000000000e+00,-3.842698664391573971e+01
9.077500000000354063e+00,5.411474732343949654e+02,1.361464891088377982e+01,-1.246663141095143779e+01,0.000000000000000000e+00,-4.025789936214604836e+01
9.080000000000353566e+00,5.411814958033556877e+02,1.358989433106534861e+01,-1.241266165712234049e+01,0.000000000000000000e+00,-4.208169060602050848e+01
9.082500000000353069e+00,5.412154564866655164e+02,1.356514115126969067e+01,-1.235901080741995095e+01,0.000000000000000000e+00,-4.389832084612179841e+01
9.085000000000352571e+00,5.412493552878116816e+02,1.354038934892881230e+01,-1.230567680627890681e+01,0.000000000000000000e+00,-4.570774924814537599e+01
9.087500000000352074e+00,5.412831922102250246e+02,1.351563890155613379e+01,-1.225265758958444273e+01,0.000000000000000000e+00,-4.750993410284677765e+01
9.090000000000351577e+00,5.413169672572802256e+02,1.349088978676913442e+01,-1.219995109364155894e+01,0.000000000000000000e+00,-4.930483322772950316e+01
9.092500000000351079e+00,5.413506804322961443e+02,1.346614198231152848e+01,-1.214755533184191982e+01,0.000000000000000000e+00,-5.109240436517854533e+01
9.095000000000350582e+00,5.413843317385360479e+02,1.344139546607451408e+01,-1.209546832115337445e+01,0.000000000000000000e+00,-5.287260556238023668e+01
9.097500000000350084e+00,5.414179211792080650e+02,1.341665021611752273e+01,-1.204368810408356083e+01,0.000000000000000000e+00,-5.464539553620703316e+01
9.100000000000349587e+00,5.414514487574654140e+02,1.339190621068827980e+01,-1.199221272666130389e+01,0.000000000000000000e+00,-5.641073401985969582e+01
9.102500000000349090e+00,5.414849144764071980e+02,1.336716342824216319e+01,-1.194104027151583125e+01,0.000000000000000000e+00,-5.816858209101363286e+01
9.105000000000348592e+00,5.415183183390787462e+02,1.334242184746084803e+01,-1.189016882631732841e+01,0.000000000000000000e+00,-5.991890247928579782e+01
9.107500000000348095e+00,5.415516603484722964e+02,1.331768144727025494e+01,-1.183959652364747939e+01,0.000000000000000000e+00,-6.166165985493051949e+01
9.110000000000347598e+00,5.415849405075273353e+02,1.329294220685771677e+01,-1.178932147938114028e+01,0.000000000000000000e+00,-6.339682109681415056e+01
9.112500000000347100e+00,5.416181588191317360e+02,1.326820410568851116e+01,-1.173934185814336217e+01,0.000000000000000000e+00,-6.512435553808771260e+01
9.115000000000346603e+00,5.416513152861219851e+02,1.324346712352170563e+01,-1.168965582636197631e+01,0.000000000000000000e+00,-6.684423519094507071e+01
9.117500000000346105e+00,5.416844099112843196e+02,1.321873124042524061e+01,-1.164026158229679275e+01,0.000000000000000000e+00,-6.855643494930963300e+01
9.120000000000345608e+00,5.417174426973551817e+02,1.319399643679034639e+01,-1.159115732884412076e+01,0.000000000000000000e+00,-7.026093277014595628e+01
9.122500000000345111e+00,5.417504136470222420e+02,1.316926269334524058e+01,-1.154234129910787843e+01,0.000000000000000000e+00,-7.195770983248497998e+01
9.125000000000344613e+00,5.417833227629250814e+02,1.314452999116818965e+01,-1.149381171473257623e+01,0.000000000000000000e+00,-7.364675067560641253e+01
9.127500000000344116e+00,5.418161700476563283e+02,1.311979831169985466e+01,-1.144556683639407524e+01,0.000000000000000000e+00,-7.532804331606503467e+01
9.130000000000343618e+00,5.418489555037624541e+02,1.309506763675499563e+01,-1.139760491504689099e+01,0.000000000000000000e+00,-7.700157934388541037e+01
9.132500000000343121e+00,5.418816791337444556e+02,1.307033794853350095e+01,-1.134992423172695375e+01,0.000000000000000000e+00,-7.866735399841330434e+01
9.135000000000342624e+00,5.419143409400593328e+02,1.304560922963073111e+01,-1.130252313431115319e+01,0.000000000000000000e+00,-8.032536622477059041e+01
9.137500000000342126e+00,5.419469409251205434e+02,1.302088146304720695e+01,-1.125539987296034106e+01,0.000000000000000000e+00,-8.197561871231815189e+01
9.140000000000341629e+00,5.419794790912994813e+02,1.299615463219780764e+01,-1.120855280021853773e+01,0.000000000000000000e+00,-8.361811791417039785e+01
9.142500000000341132e+00,5.420119554409261582e+02,1.297142872092022259e+01,-1.116198024188425642e+01,0.000000000000000000e+00,-8.525287405109189365e+01
9.145000000000340634e+00,5.420443699762905680e+02,1.294670371348280646e+01,-1.111568057250123154e+01,0.000000000000000000e+00,-8.687990109570343122e+01
9.147500000000340137e+00,5.420767226996434829e+02,1.292197959459193157e+01,-1.106965212604702664e+01,0.000000000000000000e+00,-8.849921674528665960e+01
9.150000000000339639e+00,5.421090136131978170e+02,1.289725634939864207e+01,-1.102389328799273116e+01,0.000000000000000000e+00,-9.011084237813250297e+01
9.152500000000339142e+00,5.421412427191295365e+02,1.287253396350476109e+01,-1.097840243004102057e+01,0.000000000000000000e+00,-9.171480299639759437e+01
9.155000000000338645e+00,5.421734100195789097e+02,1.284781242296848802e+01,-1.093317799479693875e+01,0.000000000000000000e+00,-9.331112715449299344e+01
9.157500000000338147e+00,5.422055155166516442e+02,1.282309171430928707e+01,-1.088821834403453437e+01,0.000000000000000000e+00,-9.489984688339660579e+01
9.160000000000337650e+00,5.422375592124199102e+02,1.279837182451238498e+01,-1.084352192303204276e+01,0.000000000000000000e+00,-9.648099759570204981e+01
9.162500000000337153e+00,5.422695411089235904e+02,1.277365274103274828e+01,-1.079908714740624731e+01,0.000000000000000000e+00,-9.805461798471890233e+01
9.165000000000336655e+00,5.423014612081715313e+02,1.274893445179841045e+01,-1.075491246686654279e+01,0.000000000000000000e+00,-9.962074991469874874e+01
9.167500000000336158e+00,5.423333195121427934e+02,1.272421694521326963e+01,-1.071099635633993508e+01,0.000000000000000000e+00,-1.011794383054531465e+02
9.170000000000335660e+00,5.423651160227875607e+02,1.269950021015944763e+01,-1.066733724967426689e+01,0.000000000000000000e+00,-1.027307310092367487e+02
9.172500000000335163e+00,5.423968507420285050e+02,1.267478423599928306e+01,-1.062393363431655402e+01,0.000000000000000000e+00,-1.042746786765205229e+02
9.175000000000334666e+00,5.424285236717619227e+02,1.265006901257664218e+01,-1.058078399049417762e+01,0.000000000000000000e+00,-1.058113346250707991e+02
9.177500000000334168e+00,5.424601348138592130e+02,1.262535453021774146e+01,-1.053788681111337411e+01,0.000000000000000000e+00,-1.073407547005877376e+02
9.180000000000333671e+00,5.424916841701676731e+02,1.260064077973162355e+01,-1.049524062203481733e+01,0.000000000000000000e+00,-1.088629971322264964e+02
9.182500000000333173e+00,5.425231717425119768e+02,1.257592775241013427e+01,-1.045284392433708121e+01,0.000000000000000000e+00,-1.103781223918872882e+02
9.185000000000332676e+00,5.425545975326951975e+02,1.255121544002744116e+01,-1.041069524110672440e+01,0.000000000000000000e+00,-1.118861930452695645e+02
9.187500000000332179e+00,5.425859615425001721e+02,1.252650383483920749e+01,-1.036879310785019825e+01,0.000000000000000000e+00,-1.133872736054030952e+02
9.190000000000331681e+00,5.426172637736907518e+02,1.250179292958134347e+01,-1.032713608020506868e+01,0.000000000000000000e+00,-1.148814303793273837e+02
9.192500000000331184e+00,5.426485042280128255e+02,1.247708271746821573e+01,-1.028572267565908938e+01,0.000000000000000000e+00,-1.163687313243068928e+02
9.195000000000330687e+00,5.426796829071955699e+02,1.245237319219046057e+01,-1.024455149023490463e+01,0.000000000000000000e+00,-1.178492458949544357e+02
9.197500000000330189e+00,5.427107998129527004e+02,1.242766434791237806e+01,-1.020362108436120607e+01,0.000000000000000000e+00,-1.193230449024167967e+02
9.200000000000329692e+00,5.427418549469834943e+02,1.240295617926910055e+01,-1.016293003575564313e+01,0.000000000000000000e+00,-1.207902003651051785e+02
9.202500000000329194e+00,5.427728483109741546e+02,1.237824868136335787e+01,-1.012247691493940138e+01,0.000000000000000000e+00,-1.222507853628862051e+02
9.205000000000328697e+00,5.428037799065989475e+02,1.235354184976179148e+01,-1.008226034573950258e+01,0.000000000000000000e+00,-1.237048738967218213e+02
9.207500000000328200e+00,5.428346497355213387e+02,1.232883568049084211e+01,-1.004227889733052947e+01,0.000000000000000000e+00,-1.251525407537905608e+02
9.210000000000327702e+00,5.428654577993950170e+02,1.230413017003252207e+01,-1.000253122696047114e+01,0.000000000000000000e+00,-1.265938613619232740e+02
9.212500000000327205e+00,5.428962040998652583e+02,1.227942531531969195e+01,-9.963015930875194215e+00,0.000000000000000000e+00,-1.280289116665931601e+02
9.215000000000326708e+00,5.429268886385697215e+02,1.225472111373092865e+01,-9.923731634585720940e+00,0.000000000000000000e+00,-1.294577679975496949e+02
9.217500000000326210e+00,5.429575114171400401e+02,1.223001756308540422e+01,-9.884676974905557856e+00,0.000000000000000000e+00,-1.308805069390000995e+02
9.220000000000325713e+00,5.429880724372023906e+02,1.220531466163724055e+01,-9.845850596907517627e+00,0.000000000000000000e+00,-1.322972052113430834e+02
9.222500000000325215e+00,5.430185717003789705e+02,1.218061240806940049e+01,-9.807251157885461978e+00,0.000000000000000000e+00,-1.337079395512158158e+02
9.225000000000324718e+00,5.430490092082887941e+02,1.215591080148757896e+01,-9.768877319460031572e+00,0.000000000000000000e+00,-1.351127865986352674e+02
9.227500000000324221e+00,5.430793849625490566e+02,1.213120984141370151e+01,-9.730727733788476996e+00,0.000000000000000000e+00,-1.365118227873707895e+02
9.230000000000323723e+00,5.431096989647759301e+02,1.210650952777921141e+01,-9.692801109694007877e+00,0.000000000000000000e+00,-1.379051242359634841e+02
9.232500000000323226e+00,5.431399512165855867e+02,1.208180986091804954e+01,-9.655096102859385354e+00,0.000000000000000000e+00,-1.392927666529510873e+02
9.235000000000322729e+00,5.431701417195953354e+02,1.205711084155954005e+01,-9.617611394104203626e+00,0.000000000000000000e+00,-1.406748252311175804e+02
9.237500000000322231e+00,5.432002704754244178e+02,1.203241247082090482e+01,-9.580345702125764973e+00,0.000000000000000000e+00,-1.420513745593129613e+02
9.240000000000321734e+00,5.432303374856951450e+02,1.200771475019941192e+01,-9.543297709678615348e+00,0.000000000000000000e+00,-1.434224885346447707e+02
9.242500000000321236e+00,5.432603427520338073e+02,1.198301768156445313e+01,-9.506466170178651254e+00,0.000000000000000000e+00,-1.447882402771086561e+02
9.245000000000320739e+00,5.432902862760715834e+02,1.195832126714945787e+01,-9.469849761647683550e+00,0.000000000000000000e+00,-1.461487020582044636e+02
9.247500000000320242e+00,5.433201680594454501e+02,1.193362550954380552e+01,-9.433447218747014418e+00,0.000000000000000000e+00,-1.475039452101539155e+02
9.250000000000319744e+00,5.433499881037989780e+02,1.190893041168426869e+01,-9.397257270139727225e+00,0.000000000000000000e+00,-1.488540400679113418e+02
9.252500000000319247e+00,5.433797464107682345e+02,1.188423594964906727e+01,-9.361278686242636482e+00,0.000000000000000000e+00,-1.501990558995067317e+02
9.255000000000318749e+00,5.434094429819256220e+02,1.185954210195696312e+01,-9.325510174760214710e+00,0.000000000000000000e+00,-1.515390608473711325e+02
9.257500000000318252e+00,5.434390778188123932e+02,1.183484887155216114e+01,-9.289950503989842900e+00,0.000000000000000000e+00,-1.528741218645457138e+02
9.260000000000317755e+00,5.434686509229743478e+02,1.181015626161907051e+01,-9.254598426889389273e+00,0.000000000000000000e+00,-1.542043046624168312e+02
9.262500000000317257e+00,5.434981622959652441e+02,1.178546427693213161e+01,-9.219452697064504321e+00,0.000000000000000000e+00,-1.555296736650822140e+02
9.265000000000316760e+00,5.435276119393510044e+02,1.176077292256303863e+01,-9.184512121532346640e+00,0.000000000000000000e+00,-1.568502919589089686e+02
9.267500000000316263e+00,5.435569998547103978e+02,1.173608220387115608e+01,-9.149775475940822744e+00,0.000000000000000000e+00,-1.581662212599993040e+02
9.270000000000315765e+00,5.435863260436358360e+02,1.171139212649402950e+01,-9.115241522449673894e+00,0.000000000000000000e+00,-1.594775218691521843e+02
9.272500000000315268e+00,5.436155905077338275e+02,1.168670269633775227e+01,-9.080909062371718576e+00,0.000000000000000000e+00,-1.607842526373485157e+02
9.275000000000314770e+00,5.436447932486258878e+02,1.166201391956690436e+01,-9.046776853240181993e+00,0.000000000000000000e+00,-1.620864709390427834e+02
9.277500000000314273e+00,5.436739342679489937e+02,1.163732580259453009e+01,-9.012843672672333994e+00,0.000000000000000000e+00,-1.633842326420022744e+02
9.280000000000313776e+00,5.437030135673564928e+02,1.161263835207184059e+01,-8.979108305485418384e+00,0.000000000000000000e+00,-1.646775920867333127e+02
9.282500000000313278e+00,5.437320311485182174e+02,1.158795157487769778e+01,-8.945569519412973847e+00,0.000000000000000000e+00,-1.659666020676792186e+02
9.285000000000312781e+00,5.437609870131216212e+02,1.156326547810807703e+01,-8.912226109081620606e+00,0.000000000000000000e+00,-1.672513138153761929e+02
9.287500000000312284e+00,5.437898811628717795e+02,1.153858006906533618e+01,-8.879076869635415648e+00,0.000000000000000000e+00,-1.685317769863901844e+02
9.290000000000311786e+00,5.438187135994921846e+02,1.151389535524750762e+01,-8.846120611025780178e+00,0.000000000000000000e+00,-1.698080396531998986e+02
9.292500000000311289e+00,5.438474843247252011e+02,1.148921134433783209e+01,-8.813356131163166296e+00,0.000000000000000000e+00,-1.710801482985004327e+02
9.295000000000310791e+00,5.438761933403326339e+02,1.146452804419397964e+01,-8.780782255354601773e+00,0.000000000000000000e+00,-1.723481478133005567e+02
9.297500000000310294e+00,5.439048406480958420e+02,1.143984546283736492e+01,-8.748397784139406497e+00,0.000000000000000000e+00,-1.736120814950119211e+02
9.300000000000309797e+00,5.439334262498164207e+02,1.141516360844264888e+01,-8.716201550192192116e+00,0.000000000000000000e+00,-1.748719910499447394e+02
9.302500000000309299e+00,5.439619501473164291e+02,1.139048248932701313e+01,-8.684192378471196960e+00,0.000000000000000000e+00,-1.761279165969971530e+02
9.305000000000308802e+00,5.439904123424388445e+02,1.136580211393948225e+01,-8.652369104909555020e+00,0.000000000000000000e+00,-1.773798966788941982e+02
9.307500000000308304e+00,5.440188128370479035e+02,1.134112249085042201e+01,-8.620730553999264245e+00,0.000000000000000000e+00,-1.786279682692643291e+02
9.310000000000307807e+00,5.440471516330291024e+02,1.131644362874110321e+01,-8.589275587256528510e+00,0.000000000000000000e+00,-1.798721667825039674e+02
9.312500000000307310e+00,5.440754287322899927e+02,1.129176553639310399e+01,-8.558003044971298934e+00,0.000000000000000000e+00,1.788874739051645690e+02
9.315000000000306812e+00,5.441036441367598400e+02,1.126708822267801580e+01,-8.526911783399102163e+00,0.000000000000000000e+00,1.776509214440461619e+02
9.317500000000306315e+00,5.441317978483904199e+02,1.124241169654705530e+01,-8.496000659737186211e+00,0.000000000000000000e+00,1.764181449874479028e+02
9.320000000000305818e+00,5.441598898691556769e+02,1.121773596702096043e+01,-8.465268556343863438e+00,0.000000000000000000e+00,1.751891151762577010e+02
9.322500000000305320e+00,5.441879202010522931e+02,1.119306104317977990e+01,-8.434714326964527942e+00,0.000000000000000000e+00,1.739638041119141860e+02
9.325000000000304823e+00,5.442158888460996877e+02,1.116838693415285100e+01,-8.404336842515375494e+00,0.000000000000000000e+00,1.727421853350245726e+02
9.327500000000304325e+00,5.442437958063401311e+02,1.114371364910896745e+01,-8.374135001674437362e+00,0.000000000000000000e+00,1.715242337975975602e+02
9.330000000000303828e+00,5.442716410838387446e+02,1.111904119724638562e+01,-8.344107695756836307e+00,0.000000000000000000e+00,1.703099258368699225e+02
9.332500000000303331e+00,5.442994246806836145e+02,1.109436958778333704e+01,-8.314253813122810755e+00,0.000000000000000000e+00,1.690992391428255246e+02
9.335000000000302833e+00,5.443271465989860189e+02,1.106969882994847687e+01,-8.284572252847469898e+00,0.000000000000000000e+00,1.678921527317748428e+02
9.337500000000302336e+00,5.443548068408803147e+02,1.104502893297142130e+01,-8.255061930364325562e+00,0.000000000000000000e+00,1.666886469106309505e+02
9.340000000000301839e+00,5.443824054085238231e+02,1.102035990607353355e+01,-8.225721747143383666e+00,0.000000000000000000e+00,1.654887032447146566e+02
9.342500000000301341e+00,5.444099423040970578e+02,1.099569175845895508e+01,-8.196550639885627376e+00,0.000000000000000000e+00,1.642923045265083601e+02
9.345000000000300844e+00,5.444374175298033833e+02,1.097102449930563850e+01,-8.167547507702586529e+00,0.000000000000000000e+00,1.630994347360496022e+02
9.347500000000300346e+00,5.444648310878691291e+02,1.094635813775646938e+01,-8.138711303158686405e+00,0.000000000000000000e+00,1.619100790089669601e+02
9.350000000000299849e+00,5.444921829805433617e+02,1.092169268291072726e+01,-8.110040953502597461e+00,0.000000000000000000e+00,1.607242235937459611e+02
9.352500000000299352e+00,5.445194732100981128e+02,1.089702814381557872e+01,-8.081535395240083020e+00,0.000000000000000000e+00,1.595418558177956072e+02
9.355000000000298854e+00,5.445467017788279236e+02,1.087236452945809262e+01,-8.053193577976781370e+00,0.000000000000000000e+00,1.583629640489439510e+02
9.357500000000298357e+00,5.445738686890496183e+02,1.084770184875690369e+01,-8.025014485733773739e+00,0.000000000000000000e+00,1.571875376542047320e+02
9.360000000000297860e+00,5.446009739431023036e+02,1.082304011055436810e+01,-7.996997061338266377e+00,0.000000000000000000e+00,1.560155669594705898e+02
9.362500000000297362e+00,5.446280175433472550e+02,1.079837932360912944e+01,-7.969140271497637151e+00,0.000000000000000000e+00,1.548470432121776810e+02
9.365000000000296865e+00,5.446549994921675761e+02,1.077371949658867223e+01,-7.941443078821239787e+00,0.000000000000000000e+00,1.536819585377077146e+02
9.367500000000296367e+00,5.446819197919679709e+02,1.074906063806195355e+01,-7.913904474493212327e+00,0.000000000000000000e+00,1.525203059007009756e+02
9.370000000000295870e+00,5.447087784451745165e+02,1.072440275649223196e+01,-7.886523453202223699e+00,0.000000000000000000e+00,1.513620790626528105e+02
9.372500000000295373e+00,5.447355754542343220e+02,1.069974586023013607e+01,-7.859298976371581702e+00,0.000000000000000000e+00,1.502072725398830642e+02
9.375000000000294875e+00,5.447623108216153014e+02,1.067508995750728396e+01,-7.832230076466136559e+00,0.000000000000000000e+00,1.490558815644176036e+02
9.377500000000294378e+00,5.447889845498059458e+02,1.065043505642968036e+01,-7.805315742862467765e+00,0.000000000000000000e+00,1.479079020412034140e+02
9.380000000000293880e+00,5.448155966413149827e+02,1.062578116497148351e+01,-7.778554998248221608e+00,0.000000000000000000e+00,1.467633305070148992e+02
9.382500000000293383e+00,5.448421470986709210e+02,1.060112829096902942e+01,-7.751946847065917190e+00,0.000000000000000000e+00,1.456221640891766071e+02
9.385000000000292886e+00,5.448686359244217101e+02,1.057647644211512095e+01,-7.725490327631013621e+00,0.000000000000000000e+00,1.444844004653359377e+02
9.387500000000292388e+00,5.448950631211346263e+02,1.055182562595337004e+01,-7.699184459784874868e+00,0.000000000000000000e+00,1.433500378225654117e+02
9.390000000000291891e+00,5.449214286913954766e+02,1.052717584987291843e+01,-7.673028289280929393e+00,0.000000000000000000e+00,1.422190748165197078e+02
9.392500000000291394e+00,5.449477326378087128e+02,1.050252712110332176e+01,-7.647020847744115279e+00,0.000000000000000000e+00,1.410915105323824150e+02
9.395000000000290896e+00,5.449739749629966354e+02,1.047787944670963789e+01,-7.621161203320613531e+00,0.000000000000000000e+00,1.399673444452639330e+02
9.397500000000290399e+00,5.450001556695991667e+02,1.045323283358769118e+01,-7.595448411318500348e+00,0.000000000000000000e+00,1.388465763816639367e+02
9.400000000000289901e+00,5.450262747602732816e+02,1.042858728845973104e+01,-7.569881520240721251e+00,0.000000000000000000e+00,1.377292064806040628e+02
9.402500000000289404e+00,5.450523322376926671e+02,1.040394281787029840e+01,-7.544459607053806138e+00,0.000000000000000000e+00,1.366152351569087955e+02
9.405000000000288907e+00,5.450783281045473814e+02,1.037929942818213824e+01,-7.519181753321122486e+00,0.000000000000000000e+00,1.355046630635312113e+02
9.407500000000288409e+00,5.451042623635431710e+02,1.035465712557237339e+01,-7.494047042758240629e+00,0.000000000000000000e+00,1.343974910558706597e+02
9.410000000000287912e+00,5.451301350174012441e+02,1.033001591602907432e+01,-7.469054557979027287e+00,0.000000000000000000e+00,1.332937201562484404e+02
9.412500000000287415e+00,5.451559460688574745e+02,1.030537580534801911e+01,-7.444203392722136492e+00,0.000000000000000000e+00,1.321933515193244091e+02
9.415000000000286917e+00,5.451816955206622879e+02,1.028073679912946581e+01,-7.419492644793501235e+00,0.000000000000000000e+00,1.310963863983968736e+02
9.417500000000286420e+00,5.452073833755799797e+02,1.025609890277535285e+01,-7.394921429116391387e+00,0.000000000000000000e+00,1.300028261125661118e+02
9.420000000000285922e+00,5.452330096363881466e+02,1.023146212148654577e+01,-7.370488868524978976e+00,0.000000000000000000e+00,1.289126720148301786e+02
9.422500000000285425e+00,5.452585743058773460e+02,1.020682646026055274e+01,-7.346194094623326620e+00,0.000000000000000000e+00,1.278259254612819547e+02
9.425000000000284928e+00,5.452840773868505266e+02,1.018219192388925975e+01,-7.322036232556498270e+00,0.000000000000000000e+00,1.267425877811114674e+02
9.427500000000284430e+00,5.453095188821224610e+02,1.015755851695715251e+01,-7.298014390700581444e+00,0.000000000000000000e+00,1.256626602475466399e+02
9.430000000000283933e+00,5.453348987945192903e+02,1.013292624383957374e+01,-7.274127744125848949e+00,0.000000000000000000e+00,1.245861440502767863e+02
9.432500000000283435e+00,5.453602171268778420e+02,1.010829510870106418e+01,-7.250375418858900467e+00,0.000000000000000000e+00,1.235130402682107871e+02
9.435000000000282938e+00,5.453854738820454031e+02,1.008366511549401068e+01,-7.226756563123408306e+00,0.000000000000000000e+00,1.224433498433625971e+02
9.437500000000282441e+00,5.454106690628790375e+02,1.005903626795758754e+01,-7.203270354119180929e+00,0.000000000000000000e+00,1.213770735573957040e+02
9.440000000000281943e+00,5.454358026722449040e+02,1.003440856961679373e+01,-7.179915967151230483e+00,0.000000000000000000e+00,1.203142120064701004e+02
9.442500000000281446e+00,5.454608747130179154e+02,1.000978202378181159e+01,-7.156692548173397839e+00,0.000000000000000000e+00,1.192547655801331672e+02
9.445000000000280949e+00,5.454858851880811699e+02,9.985156633547555671e+00,-7.133599288519085313e+00,0.000000000000000000e+00,1.181987344386037648e+02
9.447500000000280451e+00,5.455108341003252690e+02,9.960532401793290802e+00,-7.110635386868103147e+00,0.000000000000000000e+00,1.171461184939941944e+02
9.450000000000279954e+00,5.455357214526479765e+02,9.935909331182603665e+00,-7.087800032388565263e+00,0.000000000000000000e+00,1.160969173900396214e+02
9.452500000000279456e+00,5.455605472479536502e+02,9.911287424163626625e+00,-7.065092399465832784e+00,0.000000000000000000e+00,1.150511304846664729e+02
9.455000000000278959e+00,5.455853114891525593e+02,9.886666682969222464e+00,-7.042511699731783814e+00,0.000000000000000000e+00,1.140087568317967595e+02
9.457500000000278462e+00,5.456100141791604301e+02,9.862047109617492424e+00,-7.020057149114184547e+00,0.000000000000000000e+00,1.129697951680512347e+02
9.460000000000277964e+00,5.456346553208978776e+02,9.837428705912339311e+00,-6.997727952821053421e+00,0.000000000000000000e+00,1.119342438947415133e+02
9.462500000000277467e+00,5.456592349172900640e+02,9.812811473444423171e+00,-6.975523361178479931e+00,0.000000000000000000e+00,1.109021010673116052e+02
9.465000000000276970e+00,5.456837529712659034e+02,9.788195413592157834e+00,-6.953442560856313293e+00,0.000000000000000000e+00,1.098733643806527169e+02
9.467500000000276472e+00,5.457082094857576067e+02,9.763580527522956132e+00,-6.931484818324574526e+00,0.000000000000000000e+00,1.088480311585209392e+02
9.470000000000275975e+00,5.457326044637002269e+02,9.738966816194615461e+00,-6.909649360415231811e+00,0.000000000000000000e+00,1.078260983430087236e+02
9.472500000000275477e+00,5.457569379080310910e+02,9.714354280356788607e+00,-6.887935430175102347e+00,0.000000000000000000e+00,1.068075624848633680e+02
9.475000000000274980e+00,5.457812098216892309e+02,9.689742920552776084e+00,-6.866342289140437316e+00,0.000000000000000000e+00,1.057924197343988624e+02
9.477500000000274483e+00,5.458054202076149295e+02,9.665132737121298945e+00,-6.844869171623362725e+00,0.000000000000000000e+00,1.047806658362275414e+02
9.480000000000273985e+00,5.458295690687493789e+02,9.640523730198577113e+00,-6.823515358448159596e+00,0.000000000000000000e+00,1.037722961199164615e+02
9.482500000000273488e+00,5.458536564080337712e+02,9.615915899720382853e+00,-6.802280110739086005e+00,0.000000000000000000e+00,1.027673054976413454e+02
9.485000000000272991e+00,5.458776822284090713e+02,9.591309245424406882e+00,-6.781162666239056058e+00,0.000000000000000000e+00,1.017656884577180563e+02
9.487500000000272493e+00,5.459016465328155618e+02,9.566703766852725721e+00,-6.760162325190490762e+00,0.000000000000000000e+00,1.007674390624075613e+02
9.490000000000271996e+00,5.459255493241921613e+02,9.542099463354238864e+00,-6.739278371137050527e+00,0.000000000000000000e+00,9.977255094382111622e+01
9.492500000000271498e+00,5.459493906054761965e+02,9.517496334087336862e+00,-6.718510092760751284e+00,0.000000000000000000e+00,9.878101730070321196e+01
9.495000000000271001e+00,5.459731703796027205e+02,9.492894378022734614e+00,-6.697856764113677919e+00,0.000000000000000000e+00,9.779283090228044273e+01
9.497500000000270504e+00,5.459968886495040579e+02,9.468293593946478737e+00,-6.677317706631271221e+00,0.000000000000000000e+00,9.680798408393100374e+01
9.500000000000270006e+00,5.460205454181093501e+02,9.443693980462894544e+00,-6.656892198287123641e+00,0.000000000000000000e+00,9.582646874755039335e+01
9.502500000000269509e+00,5.460441406883443278e+02,9.419095535997712432e+00,-6.636579542641251273e+00,0.000000000000000000e+00,9.484827636408010676e+01
9.505000000000269011e+00,5.460676744631305155e+02,9.394498258801386115e+00,-6.616379041665659599e+00,0.000000000000000000e+00,9.387339797826196275e+01
9.507500000000268514e+00,5.460911467453850037e+02,9.369902146952330924e+00,-6.596290011509363893e+00,0.000000000000000000e+00,9.290182420775934702e+01
9.510000000000268017e+00,5.461145575380201080e+02,9.345307198360304213e+00,-6.576311788929920965e+00,0.000000000000000000e+00,9.193354524855838861e+01
9.512500000000267519e+00,5.461379068439426874e+02,9.320713410769874585e+00,-6.556443683573822234e+00,0.000000000000000000e+00,9.096855087549080565e+01
9.515000000000267022e+00,5.461611946660539161e+02,9.296120781764075858e+00,-6.536685015396357379e+00,0.000000000000000000e+00,9.000683045051944475e+01
9.517500000000266525e+00,5.461844210072488295e+02,9.271529308768048594e+00,-6.517035122305903982e+00,0.000000000000000000e+00,8.904837292913502722e+01
9.520000000000266027e+00,5.462075858704158691e+02,9.246938989052654989e+00,-6.497493320228834968e+00,0.000000000000000000e+00,8.809316686221359305e+01
9.522500000000265530e+00,5.462306892584366551e+02,9.222349819738280274e+00,-6.478058951371116869e+00,0.000000000000000000e+00,8.714120040373781251e+01
9.525000000000265032e+00,5.462537311741855319e+02,9.197761797798587935e+00,-6.458731371121921860e+00,0.000000000000000000e+00,8.619246132038658459e+01
9.527500000000264535e+00,5.462767116205292268e+02,9.173174920064361970e+00,-6.439509913193017354e+00,0.000000000000000000e+00,8.524693699581331430e+01
9.530000000000264038e+00,5.462996306003262816e+02,9.148589183227418431e+00,-6.420393917012568785e+00,0.000000000000000000e+00,8.430461443867152127e+01
9.532500000000263540e+00,5.463224881164271665e+02,9.124004583844605776e+00,-6.401382744286198800e+00,0.000000000000000000e+00,8.336548029248177727e+01
9.535000000000263043e+00,5.463452841716733701e+02,9.099421118341622261e+00,-6.382475743543550628e+00,0.000000000000000000e+00,8.242952084302727656e+01
9.537500000000262546e+00,5.463680187688976275e+02,9.074838783017032284e+00,-6.363672268578193680e+00,0.000000000000000000e+00,8.149672202609572480e+01
9.540000000000262048e+00,5.463906919109231239e+02,9.050257574046298714e+00,-6.344971668326506276e+00,0.000000000000000000e+00,8.056706943960872991e+01
9.542500000000261551e+00,5.464133036005636086e+02,9.025677487485690875e+00,-6.326373346657113039e+00,0.000000000000000000e+00,7.964054835412339628e+01
9.545000000000261053e+00,5.464358538406228263e+02,9.001098519276336418e+00,-6.307876632164561848e+00,0.000000000000000000e+00,7.871714371485354889e+01
9.547500000000260556e+00,5.464583426338942900e+02,8.976520665248257203e+00,-6.289480914269547362e+00,0.000000000000000000e+00,7.779684016156672044e+01
9.550000000000260059e+00,5.464807699831611671e+02,8.951943921124362546e+00,-6.271185550450098845e+00,0.000000000000000000e+00,7.687962203125111671e+01
9.552500000000259561e+00,5.465031358911955977e+02,8.927368282524444254e+00,-6.252989935638024299e+00,0.000000000000000000e+00,7.596547337439717751e+01
9.555000000000259064e+00,5.465254403607589211e+02,8.902793744969113021e+00,-6.234893432535544733e+00,0.000000000000000000e+00,7.505437796152445173e+01
9.557500000000258567e+00,5.465476833946012221e+02,8.878220303883797015e+00,-6.216895423379925845e+00,0.000000000000000000e+00,7.414631929675663002e+01
9.560000000000258069e+00,5.465698649954609891e+02,8.853647954602694270e+00,-6.198995303559431846e+00,0.000000000000000000e+00,7.324128062707292486e+01
9.562500000000257572e+00,5.465919851660651148e+02,8.829076692372646917e+00,-6.181192470064382327e+00,0.000000000000000000e+00,7.233924495460175308e+01
9.565000000000257074e+00,5.466140439091284406e+02,8.804506512357059833e+00,-6.163486292193194771e+00,0.000000000000000000e+00,7.144019504496014861e+01
9.567500000000256577e+00,5.466360412273538714e+02,8.779937409639780199e+00,-6.145876183406113746e+00,0.000000000000000000e+00,7.054411344359417058e+01
9.570000000000256080e+00,5.466579771234316922e+02,8.755369379228906013e+00,-6.128361520853119693e+00,0.000000000000000000e+00,6.965098248077499932e+01
9.572500000000255582e+00,5.466798516000397967e+02,8.730802416060564397e+00,-6.110941735474981762e+00,0.000000000000000000e+00,6.876078428940932952e+01
9.575000000000255085e+00,5.467016646598434590e+02,8.706236515002649057e+00,-6.093616211472614452e+00,0.000000000000000000e+00,6.787350080974410105e+01
9.577500000000254587e+00,5.467234163054951068e+02,8.681671670858502665e+00,-6.076384350840968729e+00,0.000000000000000000e+00,6.698911380457153086e+01
9.580000000000254090e+00,5.467451065396339800e+02,8.657107878370565501e+00,-6.059245581340789499e+00,0.000000000000000000e+00,6.610760486984501938e+01
9.582500000000253593e+00,5.467667353648861308e+02,8.632545132224002771e+00,-6.042199310278205004e+00,0.000000000000000000e+00,6.522895544404201473e+01
9.585000000000253095e+00,5.467883027838644239e+02,8.607983427050227121e+00,-6.025244964415886528e+00,0.000000000000000000e+00,6.435314682258990615e+01
9.587500000000252598e+00,5.468098087991683087e+02,8.583422757430398065e+00,-6.008381953042247758e+00,0.000000000000000000e+00,6.348016016383945015e+01
9.590000000000252101e+00,5.468312534133835925e+02,8.558863117898892980e+00,-5.991609693555176364e+00,0.000000000000000000e+00,6.260997650310365970e+01
9.592500000000251603e+00,5.468526366290823262e+02,8.534304502946673310e+00,-5.974927632153003820e+00,0.000000000000000000e+00,6.174257676577161646e+01
9.595000000000251106e+00,5.468739584488228047e+02,8.509746907024622331e+00,-5.958335193487503290e+00,0.000000000000000000e+00,6.087794177154576403e+01
9.597500000000250608e+00,5.468952188751494532e+02,8.485190324546808327e+00,-5.941831798096083084e+00,0.000000000000000000e+00,6.001605224920897541e+01
9.600000000000250111e+00,5.469164179105927133e+02,8.460634749893731765e+00,-5.925416915808810359e+00,0.000000000000000000e+00,5.915688884784386659e+01
9.602500000000249614e+00,5.469375555576689294e+02,8.436080177415467674e+00,-5.909089961488178666e+00,0.000000000000000000e+00,5.830043214244446403e+01
9.605000000000249116e+00,5.469586318188803489e+02,8.411526601434818673e+00,-5.892850415050737922e+00,0.000000000000000000e+00,5.744666264535351985e+01
9.607500000000248619e+00,5.469796466967150081e+02,8.386974016250364983e+00,-5.876697710566898714e+00,0.000000000000000000e+00,5.659556081715284392e+01
9.610000000000248122e+00,5.470006001936466191e+02,8.362422416139455805e+00,-5.860631307367009768e+00,0.000000000000000000e+00,5.574710707672796417e+01
9.612500000000247624e+00,5.470214923121346828e+02,8.337871795361190053e+00,-5.844650660235291895e+00,0.000000000000000000e+00,5.490128180807801073e+01
9.615000000000247127e+00,5.470423230546241484e+02,8.313322148159294045e+00,-5.828755240600673737e+00,0.000000000000000000e+00,5.405806537176989934e+01
9.617500000000246629e+00,5.470630924235458679e+02,8.288773468764953023e+00,-5.812944501720395785e+00,0.000000000000000000e+00,5.321743811011336334e+01
9.620000000000246132e+00,5.470838004213159138e+02,8.264225751399607134e+00,-5.797217939134067244e+00,0.000000000000000000e+00,5.237938036128714003e+01
9.622500000000245635e+00,5.471044470503361481e+02,8.239678990277683468e+00,-5.781575024733489165e+00,0.000000000000000000e+00,5.154387246133364187e+01
9.625000000000245137e+00,5.471250323129939943e+02,8.215133179609320990e+00,-5.766015224524319471e+00,0.000000000000000000e+00,5.071089475585788620e+01
9.627500000000244640e+00,5.471455562116622104e+02,8.190588313603001325e+00,-5.750538033732909504e+00,0.000000000000000000e+00,4.988042760960389899e+01
9.630000000000244142e+00,5.471660187486991163e+02,8.166044386468144012e+00,-5.735142963425935214e+00,0.000000000000000000e+00,4.905245141163015887e+01
9.632500000000243645e+00,5.471864199264487070e+02,8.141501392417664462e+00,-5.719829492580123187e+00,0.000000000000000000e+00,4.822694657947528185e+01
9.635000000000243148e+00,5.472067597472404259e+02,8.116959325670487502e+00,-5.704597106129115858e+00,0.000000000000000000e+00,4.740389357112275093e+01
9.637500000000242650e+00,5.472270382133891644e+02,8.092418180454032495e+00,-5.689445328355575704e+00,0.000000000000000000e+00,4.658327289485355038e+01
9.640000000000242153e+00,5.472472553271956031e+02,8.067877951006625636e+00,-5.674373670349581289e+00,0.000000000000000000e+00,4.576506510738403222e+01
9.642500000000241656e+00,5.472674110909457568e+02,8.043338631579896258e+00,-5.659381634894119273e+00,0.000000000000000000e+00,4.494925082521426418e+01
9.645000000000241158e+00,5.472875055069115433e+02,8.018800216441134054e+00,-5.644468750044596028e+00,0.000000000000000000e+00,4.413581073080985107e+01
9.647500000000240661e+00,5.473075385773504422e+02,7.994262699875612554e+00,-5.629634552756760613e+00,0.000000000000000000e+00,4.332472557674632441e+01
9.650000000000240163e+00,5.473275103045056085e+02,7.969726076188882402e+00,-5.614878543554295831e+00,0.000000000000000000e+00,4.251597619199662859e+01
9.652500000000239666e+00,5.473474206906059862e+02,7.945190339709020222e+00,-5.600200264897659430e+00,0.000000000000000000e+00,4.170954349118768079e+01
9.655000000000239169e+00,5.473672697378664225e+02,7.920655484788840184e+00,-5.585599256714424143e+00,0.000000000000000000e+00,4.090540847510440159e+01
9.657500000000238671e+00,5.473870574484876670e+02,7.896121505808079810e+00,-5.571075068517542306e+00,0.000000000000000000e+00,4.010355223788515389e+01
9.660000000000238174e+00,5.474067838246563724e+02,7.871588397175571572e+00,-5.556627244593775217e+00,0.000000000000000000e+00,3.930395596973831118e+01
9.662500000000237677e+00,5.474264488685453216e+02,7.847056153331383399e+00,-5.542255324890686730e+00,0.000000000000000000e+00,3.850660096406527799e+01
9.665000000000237179e+00,5.474460525823132002e+02,7.822524768748913893e+00,-5.527958876867704596e+00,0.000000000000000000e+00,3.771146862126457933e+01
9.667500000000236682e+00,5.474655949681051652e+02,7.797994237936977768e+00,-5.513737462925619504e+00,0.000000000000000000e+00,3.691854045568803855e+01
9.670000000000236184e+00,5.474850760280525037e+02,7.773464555441860213e+00,-5.499590637436360119e+00,0.000000000000000000e+00,3.612779809046034529e+01
9.672500000000235687e+00,5.475044957642729742e+02,7.748935715849340156e+00,-5.485517987802759343e+00,0.000000000000000000e+00,3.533922326888733778e+01
9.675000000000235190e+00,5.475238541788708062e+02,7.724407713786688667e+00,-5.471519082133991851e+00,0.000000000000000000e+00,3.455279785480806254e+01
9.677500000000234692e+00,5.475431512739367008e+02,7.699880543924640719e+00,-5.457593506578073850e+00,0.000000000000000000e+00,3.376850383556237034e+01
9.680000000000234195e+00,5.475623870515481713e+02,7.675354200979342956e+00,-5.443740847796481930e+00,0.000000000000000000e+00,3.298632332724827165e+01
9.682500000000233698e+00,5.475815615137695431e+02,7.650828679714291702e+00,-5.429960669818159502e+00,0.000000000000000000e+00,3.220623857585772498e+01
9.685000000000233200e+00,5.476006746626521817e+02,7.626303974942259423e+00,-5.416252575499823863e+00,0.000000000000000000e+00,3.142823196804675945e+01
9.687500000000232703e+00,5.476197265002342647e+02,7.601780081527193644e+00,-5.402616131854311554e+00,0.000000000000000000e+00,3.065228602442387640e+01
9.690000000000232205e+00,5.476387170285413504e+02,7.577256994386107891e+00,-5.389050962383714172e+00,0.000000000000000000e+00,2.987838341252814445e+01
9.692500000000231708e+00,5.476576462495862643e+02,7.552734708490964621e+00,-5.375556649387522867e+00,0.000000000000000000e+00,2.910650694037101260e+01
9.695000000000231211e+00,5.476765141653693263e+02,7.528213218870543066e+00,-5.362132775148028330e+00,0.000000000000000000e+00,2.833663956620011959e+01
9.697500000000230713e+00,5.476953207778784645e+02,7.503692520612291972e+00,-5.348778951230876544e+00,0.000000000000000000e+00,2.756876440167919640e+01
9.700000000000230216e+00,5.477140660890892150e+02,7.479172608864165461e+00,-5.335494780116310842e+00,0.000000000000000000e+00,2.680286471046803953e+01
9.702500000000229718e+00,5.477327501009651769e+02,7.454653478836455349e+00,-5.322279855410679161e+00,0.000000000000000000e+00,2.603892391094139214e+01
9.705000000000229221e+00,5.477513728154580122e+02,7.430135125803603025e+00,-5.309133797836411262e+00,0.000000000000000000e+00,2.527692558194174666e+01
9.707500000000228724e+00,5.477699342345074456e+02,7.405617545105998900e+00,-5.296056201164275556e+00,0.000000000000000000e+00,2.451685346094852491e+01
9.710000000000228226e+00,5.477884343600418333e+02,7.381100732151772981e+00,-5.283046686922670432e+00,0.000000000000000000e+00,2.375869145041629693e+01
9.712500000000227729e+00,5.478068731939779354e+02,7.356584682418567667e+00,-5.270104880926167468e+00,0.000000000000000000e+00,2.300242361467647001e+01
9.715000000000227232e+00,5.478252507382212571e+02,7.332069391455299900e+00,-5.257230384619628438e+00,0.000000000000000000e+00,2.224803418243297770e+01
9.717500000000226734e+00,5.478435669946661619e+02,7.307554854883903772e+00,-5.244422822818200380e+00,0.000000000000000000e+00,2.149550755264954560e+01
9.720000000000226237e+00,5.478618219651963273e+02,7.283041068401062468e+00,-5.231681824862273622e+00,0.000000000000000000e+00,2.074482829227956060e+01
9.722500000000225739e+00,5.478800156516844027e+02,7.258528027779925118e+00,-5.219006999805096747e+00,0.000000000000000000e+00,1.999598113753366491e+01
9.725000000000225242e+00,5.478981480559928059e+02,7.234015728871807660e+00,-5.206397991820625570e+00,0.000000000000000000e+00,1.924895099792403030e+01
9.727500000000224745e+00,5.479162191799734956e+02,7.209504167607877712e+00,-5.193854424630785616e+00,0.000000000000000000e+00,1.850372295208117279e+01
9.730000000000224247e+00,5.479342290254683121e+02,7.184993340000820794e+00,-5.181375937611921501e+00,0.000000000000000000e+00,1.776028225329015342e+01
9.732500000000223750e+00,5.479521775943090915e+02,7.160483242146492344e+00,-5.168962176281328702e+00,0.000000000000000000e+00,1.701861432579105937e+01
9.735000000000223253e+00,5.479700648883181202e+02,7.135973870225549298e+00,-5.156612755809793391e+00,0.000000000000000000e+00,1.627870476912915265e+01
9.737500000000222755e+00,5.479878909093081347e+02,7.111465220505058582e+00,-5.144327343881784032e+00,0.000000000000000000e+00,1.554053936027200855e+01
9.740000000000222258e+00,5.480056556590824357e+02,7.086957289340102939e+00,-5.132105569430004621e+00,0.000000000000000000e+00,1.480410404647376055e+01
9.742500000000221760e+00,5.480233591394354562e+02,7.062450073175355669e+00,-5.119947090656187250e+00,0.000000000000000000e+00,1.406938495348071250e+01
9.745000000000221263e+00,5.480410013521527617e+02,7.037943568546634054e+00,-5.107851543461358723e+00,0.000000000000000000e+00,1.333636837918503026e+01
9.747500000000220766e+00,5.480585822990112774e+02,7.013437772082440347e+00,-5.095818596314781068e+00,0.000000000000000000e+00,1.260504080101839186e+01
9.750000000000220268e+00,5.480761019817795159e+02,6.988932680505475226e+00,-5.083847903111848865e+00,0.000000000000000000e+00,1.187538886794502346e+01
9.752500000000219771e+00,5.480935604022179177e+02,6.964428290634142371e+00,-5.071939120565319037e+00,0.000000000000000000e+00,1.114739940538806628e+01
9.755000000000219273e+00,5.481109575620788519e+02,6.939924599384016624e+00,-5.060091906422214514e+00,0.000000000000000000e+00,1.042105941214409803e+01
9.757500000000218776e+00,5.481282934631072976e+02,6.915421603769297043e+00,-5.048305938571197693e+00,0.000000000000000000e+00,9.696356063762801014e+00
9.760000000000218279e+00,5.481455681070407309e+02,6.890919300904243094e+00,-5.036580871522190250e+00,0.000000000000000000e+00,8.973276706091137811e+00
9.762500000000217781e+00,5.481627814956093516e+02,6.866417688004577968e+00,-5.024916378695918340e+00,0.000000000000000000e+00,8.251808861171422649e+00
9.765000000000217284e+00,5.481799336305365387e+02,6.841916762388877693e+00,-5.013312130490214180e+00,0.000000000000000000e+00,7.531940222562610643e+00
9.767500000000216787e+00,5.481970245135390769e+02,6.817416521479937153e+00,-5.001767803648231592e+00,0.000000000000000000e+00,6.813658656583311490e+00
9.770000000000216289e+00,5.482140541463273848e+02,6.792916962806114789e+00,-4.990283075775115762e+00,0.000000000000000000e+00,6.096952200041209302e+00
9.772500000000215792e+00,5.482310225306055145e+02,6.768418084002647994e+00,-4.978857637427930527e+00,0.000000000000000000e+00,5.381809060782036802e+00
9.775000000000215294e+00,5.482479296680720608e+02,6.743919882812956068e+00,-4.967491166053586760e+00,0.000000000000000000e+00,4.668217614238179713e+00
9.777500000000214797e+00,5.482647755604197073e+02,6.719422357089902320e+00,-4.956183338485242729e+00,0.000000000000000000e+00,3.956166404723157726e+00
9.780000000000214300e+00,5.482815602093360212e+02,6.694925504797046401e+00,-4.944933856962745011e+00,0.000000000000000000e+00,3.245644145307181816e+00
9.782500000000213802e+00,5.482982836165033405e+02,6.670429324009868211e+00,-4.933742401572744463e+00,0.000000000000000000e+00,2.536639713688657150e+00
9.785000000000213305e+00,5.483149457835995690e+02,6.645933812916977601e+00,-4.922608676539537598e+00,0.000000000000000000e+00,1.829142153601089005e+00
9.787500000000212808e+00,5.483315467122978362e+02,6.621438969821289433e+00,-4.911532370708862949e+00,0.000000000000000000e+00,1.123140671151501513e+00
9.790000000000212310e+00,5.483480864042672920e+02,6.596944793141187091e+00,-4.900513182769394405e+00,0.000000000000000000e+00,4.186246369694400782e-01
9.792500000000211813e+00,5.483645648611731076e+02,6.572451281411652246e+00,-4.889550809611339588e+00,0.000000000000000000e+00,-2.844164186641581216e-01
9.795000000000211315e+00,5.483809820846769298e+02,6.547958433285385738e+00,-4.878644968697772200e+00,0.000000000000000000e+00,-9.859928041663491571e-01
9.797500000000210818e+00,5.483973380764371086e+02,6.523466247533892037e+00,-4.867795352796933095e+00,0.000000000000000000e+00,-1.686114671955286193e+00
9.800000000000210321e+00,5.484136328381088106e+02,6.498974723048547730e+00,-4.857001674003482705e+00,0.000000000000000000e+00,-2.384792015780382357e+00
9.802500000000209823e+00,5.484298663713447013e+02,6.474483858841644235e+00,-4.846263642532665727e+00,0.000000000000000000e+00,-3.082034674170184285e+00
9.805000000000209326e+00,5.484460386777949452e+02,6.449993654047422531e+00,-4.835580968171472094e+00,0.000000000000000000e+00,-3.777852332821522552e+00
9.807500000000208829e+00,5.484621497591077741e+02,6.425504107923068808e+00,-4.824953376729320453e+00,0.000000000000000000e+00,-4.472254523048574626e+00
9.810000000000208331e+00,5.484781996169293734e+02,6.401015219849703008e+00,-4.814380583452116724e+00,0.000000000000000000e+00,-5.165250628489154394e+00
9.812500000000207834e+00,5.484941882529045643e+02,6.376526989333343387e+00,-4.803862291278816699e+00,0.000000000000000000e+00,-5.856849882434529420e+00
9.815000000000207336e+00,5.485101156686770310e+02,6.352039416005832884e+00,-4.793398247486768682e+00,0.000000000000000000e+00,-6.547061369186588209e+00
9.817500000000206839e+00,5.485259818658896620e+02,6.327552499625785032e+00,-4.782988160852351456e+00,0.000000000000000000e+00,-7.235894031227831924e+00
9.820000000000206342e+00,5.485417868461847775e+02,6.303066240079473914e+00,-4.772631759059027701e+00,0.000000000000000000e+00,-7.923356663948633916e+00
9.822500000000205844e+00,5.485575306112043563e+02,6.278580637381717899e+00,-4.762328766490427689e+00,0.000000000000000000e+00,-8.609457921112117162e+00
9.825000000000205347e+00,5.485732131625907186e+02,6.254095691676764268e+00,-4.752078920628931336e+00,0.000000000000000000e+00,-9.294206316919961353e+00
9.827500000000204849e+00,5.485888345019864119e+02,6.229611403239132095e+00,-4.741881949598266921e+00,0.000000000000000000e+00,-9.977610225999040239e+00
9.830000000000204352e+00,5.486043946310347792e+02,6.205127772474445358e+00,-4.731737582878471571e+00,0.000000000000000000e+00,-1.065967788697479790e+01
9.832500000000203855e+00,5.486198935513804145e+02,6.180644799920257171e+00,-4.721645566572063579e+00,0.000000000000000000e+00,-1.134041740196292025e+01
9.835000000000203357e+00,5.486353312646691620e+02,6.156162486246854471e+00,-4.711605636948368314e+00,0.000000000000000000e+00,-1.201983674262326218e+01
9.837500000000202860e+00,5.486507077725486852e+02,6.131680832258040503e+00,-4.701617538239675653e+00,0.000000000000000000e+00,-1.269794374735644382e+01
9.840000000000202363e+00,5.486660230766686936e+02,6.107199838774768352e+00,-4.691681011488429753e+00,0.000000000000000000e+00,-1.337474612639941718e+01
9.842500000000201865e+00,5.486812771786801477e+02,6.082719504600030191e+00,-4.681795789344734615e+00,0.000000000000000000e+00,-1.405025146226497945e+01
9.845000000000201368e+00,5.486964700802290054e+02,6.058239826299788078e+00,-4.671961629012786332e+00,0.000000000000000000e+00,-1.472446721125095159e+01
9.847500000000200870e+00,5.487116017829528118e+02,6.033760800095929966e+00,-4.662178272644826649e+00,0.000000000000000000e+00,-1.539740070586464249e+01
9.850000000000200373e+00,5.487266722884796764e+02,6.009282422174664795e+00,-4.652445470340640377e+00,0.000000000000000000e+00,-1.606905915706954602e+01
9.852500000000199876e+00,5.487416815984281584e+02,5.984804688687364482e+00,-4.642762980572652687e+00,0.000000000000000000e+00,-1.673944965497156545e+01
9.855000000000199378e+00,5.487566297144070404e+02,5.960327595750863239e+00,-4.633130547785259346e+00,0.000000000000000000e+00,-1.740857917356154161e+01
9.857500000000198881e+00,5.487715166380155551e+02,5.935851139447787972e+00,-4.623547931113618503e+00,0.000000000000000000e+00,-1.807645456908563375e+01
9.860000000000198384e+00,5.487863423708430446e+02,5.911375315826923327e+00,-4.614014892856442174e+00,0.000000000000000000e+00,-1.874308258466719934e+01
9.862500000000197886e+00,5.488011069144688463e+02,5.886900120903634459e+00,-4.604531182364426378e+00,0.000000000000000000e+00,-1.940846985035965488e+01
9.865000000000197389e+00,5.488158102704625207e+02,5.862425550660311124e+00,-4.595096563716611016e+00,0.000000000000000000e+00,-2.007262288636362157e+01
9.867500000000196891e+00,5.488304524403835103e+02,5.837951601046861505e+00,-4.585710794478441876e+00,0.000000000000000000e+00,-2.073554810338930920e+01
9.870000000000196394e+00,5.488450334257809118e+02,5.813478267981221137e+00,-4.576373634930825496e+00,0.000000000000000000e+00,-2.139725180680354200e+01
9.872500000000195897e+00,5.488595532281939313e+02,5.789005547349919567e+00,-4.567084861686989683e+00,0.000000000000000000e+00,-2.205774019638469241e+01
9.875000000000195399e+00,5.488740118491512021e+02,5.764533435008652340e+00,-4.557844232062132406e+00,0.000000000000000000e+00,-2.271701936954340795e+01
9.877500000000194902e+00,5.488884092901711256e+02,5.740061926782892954e+00,-4.548651510488142868e+00,0.000000000000000000e+00,-2.337509532322651395e+01
9.880000000000194404e+00,5.489027455527615302e+02,5.715591018468541229e+00,-4.539506474692990956e+00,0.000000000000000000e+00,-2.403197395463270070e+01
9.882500000000193907e+00,5.489170206384197854e+02,5.691120705832582338e+00,-4.530408894208793669e+00,0.000000000000000000e+00,-2.468766106526717508e+01
9.885000000000193410e+00,5.489312345486326876e+02,5.666650984613777808e+00,-4.521358529614691868e+00,0.000000000000000000e+00,-2.534216235970395914e+01
9.887500000000192912e+00,5.489453872848763467e+02,5.642181850523384945e+00,-4.512355169923715437e+00,0.000000000000000000e+00,-2.599548345034099128e+01
9.890000000000192415e+00,5.489594788486161860e+02,5.617713299245913561e+00,-4.503398581217585850e+00,0.000000000000000000e+00,-2.664762985858192224e+01
9.892500000000191918e+00,5.489735092413067150e+02,5.593245326439859610e+00,-4.494488669891044452e+00,0.000000000000000000e+00,-2.729860701942026679e+01
9.895000000000191420e+00,5.489874784643550356e+02,5.568777820321435534e+00,-4.485625446472097266e+00,0.000000000000000000e+00,-2.794842032662590725e+01
9.897500000000190923e+00,5.490013865187657984e+02,5.544310573283030230e+00,-4.476808710572264260e+00,0.000000000000000000e+00,-2.859707512586888711e+01
9.900000000000190425e+00,5.490152334052006609e+02,5.519843575542158653e+00,-4.468038227442905352e+00,0.000000000000000000e+00,-2.924457668263993071e+01
9.902500000000189928e+00,5.490290191242836499e+02,5.495376828517740897e+00,-4.459313790130335242e+00,0.000000000000000000e+00,-2.989093017673049602e+01
9.905000000000189431e+00,5.490427436766423170e+02,5.470910333562513550e+00,-4.450635168731381874e+00,0.000000000000000000e+00,-3.053614070619225274e+01
9.907500000000188933e+00,5.490564070629075104e+02,5.446444091962693967e+00,-4.442002145936636559e+00,0.000000000000000000e+00,-3.118021328733192377e+01
9.910000000000188436e+00,5.490700092837132615e+02,5.421978104937744014e+00,-4.433414506807295652e+00,0.000000000000000000e+00,-3.182315285629747947e+01
9.912500000000187939e+00,5.490835503396967852e+02,5.397512373640188876e+00,-4.424872030808665535e+00,0.000000000000000000e+00,-3.246496427219046410e+01
9.915000000000187441e+00,5.490970302314979108e+02,5.373046899155494494e+00,-4.416374504684472235e+00,0.000000000000000000e+00,-3.310565231721508894e+01
9.917500000000186944e+00,5.491104489597593101e+02,5.348581682501999168e+00,-4.407921706065072165e+00,0.000000000000000000e+00,-3.374522169826026641e+01
9.920000000000186446e+00,5.491238065251261560e+02,5.324116724630931330e+00,-4.399513428965167172e+00,0.000000000000000000e+00,-3.438367704965668992e+01
9.922500000000185949e+00,5.491371029282457812e+02,5.299652026426463713e+00,-4.391149450186230929e+00,0.000000000000000000e+00,-3.502102293375706665e+01
9.925000000000185452e+00,5.491503381697679060e+02,5.275187588705793296e+00,-4.382829567091834910e+00,0.000000000000000000e+00,-3.565726384232274881e+01
9.927500000000184954e+00,5.491635122503440698e+02,5.250723412219340247e+00,-4.374553566341092825e+00,0.000000000000000000e+00,-3.629240419967594988e+01
9.930000000000184457e+00,5.491766251706278581e+02,5.226259497650930008e+00,-4.366321233641946797e+00,0.000000000000000000e+00,-3.692644836304565104e+01
9.932500000000183960e+00,5.491896769312743345e+02,5.201795845618038427e+00,-4.358132365831044019e+00,0.000000000000000000e+00,-3.755940062426981996e+01
9.935000000000183462e+00,5.492026675329401542e+02,5.177332456672084859e+00,-4.349986749653388607e+00,0.000000000000000000e+00,-3.819126521125972573e+01
9.937500000000182965e+00,5.492155969762833365e+02,5.152869331298763456e+00,-4.341884173307101413e+00,0.000000000000000000e+00,-3.882204628990345441e+01
9.940000000000182467e+00,5.492284652619630378e+02,5.128406469918432187e+00,-4.333824439038338028e+00,0.000000000000000000e+00,-3.945174796505476422e+01
9.942500000000181970e+00,5.492412723906394376e+02,5.103943872886522293e+00,-4.325807336897127264e+00,0.000000000000000000e+00,-4.008037428337237174e+01
9.945000000000181473e+00,5.492540183629735111e+02,5.079481540493964609e+00,-4.317832655155532606e+00,0.000000000000000000e+00,-4.070792923326328605e+01
9.947500000000180975e+00,5.492667031796270294e+02,5.055019472967680727e+00,-4.309900196281438944e+00,0.000000000000000000e+00,-4.133441674626828188e+01
9.950000000000180478e+00,5.492793268412623320e+02,5.030557670471108800e+00,-4.302009749448670206e+00,0.000000000000000000e+00,-4.195984070047054360e+01
9.952500000000179980e+00,5.492918893485419858e+02,5.006096133104762202e+00,-4.294161124821976649e+00,0.000000000000000000e+00,-4.258420491998212754e+01
9.955000000000179483e+00,5.493043907021287851e+02,4.981634860906777540e+00,-4.286354107038214067e+00,0.000000000000000000e+00,-4.320751317853468265e+01
9.957500000000178986e+00,5.493168309026856377e+02,4.957173853853511503e+00,-4.278588503427340761e+00,0.000000000000000000e+00,-4.382976919926751691e+01
9.960000000000178488e+00,5.493292099508754518e+02,4.932713111860144828e+00,-4.270864111247530737e+00,0.000000000000000000e+00,-4.445097665641255702e+01
9.962500000000177991e+00,5.493415278473606804e+02,4.908252634781344881e+00,-4.263180729827578119e+00,0.000000000000000000e+00,-4.507113917694086069e+01
9.965000000000177494e+00,5.493537845928035495e+02,4.883792422411947776e+00,-4.255538163007115848e+00,0.000000000000000000e+00,-4.569026034245138135e+01
9.967500000000176996e+00,5.493659801878657163e+02,4.859332474487641385e+00,-4.247936208331429597e+00,0.000000000000000000e+00,-4.630834368988901417e+01
9.970000000000176499e+00,5.493781146332080425e+02,4.834872790685668775e+00,-4.240374672762559527e+00,0.000000000000000000e+00,-4.692539271362995379e+01
9.972500000000176001e+00,5.493901879294905939e+02,4.810413370625562735e+00,-4.232853354576184834e+00,0.000000000000000000e+00,-4.754141086645061165e+01
9.975000000000175504e+00,5.494022000773725267e+02,4.785954213869876739e+00,-4.225372062140678509e+00,0.000000000000000000e+00,-4.815640156082603340e+01
9.977500000000175007e+00,5.494141510775118604e+02,4.761495319924965663e+00,-4.217930599603136876e+00,0.000000000000000000e+00,-4.877036817073339137e+01
9.980000000000174509e+00,5.494260409305652502e+02,4.737036688241747839e+00,-4.210528773202994124e+00,0.000000000000000000e+00,-4.938331403315619639e+01
9.982500000000174012e+00,5.494378696371879869e+02,4.712578318216492868e+00,-4.203166393461428285e+00,0.000000000000000000e+00,-4.999524244826272223e+01
9.985000000000173515e+00,5.494496371980338836e+02,4.688120209191622756e+00,-4.195843258850382007e+00,0.000000000000000000e+00,-5.060615668234799358e+01
9.987500000000173017e+00,5.494613436137549343e+02,4.663662360456529932e+00,-4.188559179799047349e+00,0.000000000000000000e+00,-5.121605996802790628e+01
9.990000000000172520e+00,5.494729888850015413e+02,4.639204771248397918e+00,-4.181313967665895248e+00,0.000000000000000000e+00,-5.182495550592822298e+01
9.992500000000172022e+00,5.494845730124220609e+02,4.614747440753028229e+00,-4.174107425120806347e+00,0.000000000000000000e+00,-5.243284646593408382e+01
9.995000000000171525e+00,5.494960959966626888e+02,4.590290368105690355e+00,-4.166939369441270635e+00,0.000000000000000000e+00,-5.303973598839607462e+01
9.997500000000171028e+00,5.495075578383675747e+02,4.565833552391977079e+00,-4.159809606851491814e+00,0.000000000000000000e+00,-5.364562718584121370e+01
1.000000000000017053e+01,5.495189585381784809e+02,4.541376992648642918e+00,-4.152717953238365567e+00,0.000000000000000000e+00,-5.425052314348254612e+01
1.000250000000017003e+01,5.495302980967347821e+02,4.516920687864474537e+00,-4.145664214163710781e+00,0.000000000000000000e+00,-5.485442692140355092e+01
1.000500000000016954e+01,5.495415765146733520e+02,4.492464636981146953e+00,-4.138648204894727733e+00,0.000000000000000000e+00,-5.545734155445919811e+01
1.000750000000016904e+01,5.495527937926282220e+02,4.468008838894107271e+00,-4.131669739673918151e+00,0.000000000000000000e+00,-5.605927005477194314e+01
1.001000000000016854e+01,5.495639499312306953e+02,4.443553292453447767e+00,-4.124728629790770817e+00,0.000000000000000000e+00,-5.666021541222590230e+01
1.001250000000016804e+01,5.495750449311092325e+02,4.419097996464781630e+00,-4.117824690604960480e+00,0.000000000000000000e+00,-5.726018059554084516e+01
1.001500000000016755e+01,5.495860787928892250e+02,4.394642949690125810e+00,-4.110957736960886955e+00,0.000000000000000000e+00,-5.785916855409633541e+01
1.001750000000016705e+01,5.495970515171929947e+02,4.370188150848786535e+00,-4.104127579546309690e+00,0.000000000000000000e+00,-5.845718221816908766e+01
1.002000000000016655e+01,5.496079631046396798e+02,4.345733598618233273e+00,-4.097334038312175686e+00,0.000000000000000000e+00,-5.905422450076108731e+01
1.002250000000016605e+01,5.496188135558450085e+02,4.321279291635003794e+00,-4.090576932675202393e+00,0.000000000000000000e+00,-5.965029829815903639e+01
1.002500000000016556e+01,5.496296028714212980e+02,4.296825228495577242e+00,-4.083856072803313531e+00,0.000000000000000000e+00,-6.024540649143823856e+01
1.002750000000016506e+01,5.496403310519772276e+02,4.272371407757270312e+00,-4.077171283604611673e+00,0.000000000000000000e+00,-6.083955194723976945e+01
1.003000000000016456e+01,5.496509980981180661e+02,4.247917827939121871e+00,-4.070522372139667056e+00,0.000000000000000000e+00,-6.143273751943063843e+01
1.003250000000016406e+01,5.496616040104452168e+02,4.223464487522759825e+00,-4.063909165948997426e+00,0.000000000000000000e+00,-6.202496604889761755e+01
1.003500000000016357e+01,5.496721487895563314e+02,4.199011384953293735e+00,-4.057331481784757443e+00,0.000000000000000000e+00,-6.261624036582535524e+01
1.003750000000016307e+01,5.496826324360450826e+02,4.174558518640199445e+00,-4.050789140084899209e+00,0.000000000000000000e+00,-6.320656328996575724e+01
1.004000000000016257e+01,5.496930549505011641e+02,4.150105886958179724e+00,-4.044281959416898609e+00,0.000000000000000000e+00,-6.379593763171610021e+01
1.004250000000016207e+01,5.497034163335101766e+02,4.125653488248061329e+00,-4.037809760831070349e+00,0.000000000000000000e+00,-6.438436619306746422e+01
1.004500000000016158e+01,5.497137165856536285e+02,4.101201320817650320e+00,-4.031372365714860351e+00,0.000000000000000000e+00,-6.497185176890585012e+01
1.004750000000016108e+01,5.497239557075088214e+02,4.076749382942609579e+00,-4.024969594867491729e+00,0.000000000000000000e+00,-6.555839714750173641e+01
1.005000000000016058e+01,5.497341336996485097e+02,4.052297672867298139e+00,-4.018601271247201900e+00,0.000000000000000000e+00,-6.614400511150012107e+01
1.005250000000016009e+01,5.497442505626412412e+02,4.027846188805646932e+00,-4.012267214813444838e+00,0.000000000000000000e+00,-6.672867843886096750e+01
1.005500000000015959e+01,5.497543062970510164e+02,4.003394928942003439e+00,-4.005967250526704326e+00,0.000000000000000000e+00,-6.731241990346410375e+01
1.005750000000015909e+01,5.497643009034371744e+02,3.978943891431992785e+00,-3.999701200067906637e+00,0.000000000000000000e+00,-6.789523227640432879e+01
1.006000000000015859e+01,5.497742343823546207e+02,3.954493074403356179e+00,-3.993468888544382533e+00,0.000000000000000000e+00,-6.847711832631409834e+01
1.006250000000015810e+01,5.497841067343534860e+02,3.930042475956793346e+00,-3.987270138664390728e+00,0.000000000000000000e+00,-6.905808082064622511e+01
1.006500000000015760e+01,5.497939179599791260e+02,3.905592094166789874e+00,-3.981104775613085511e+00,0.000000000000000000e+00,-6.963812252604031983e+01
1.006750000000015710e+01,5.498036680597720078e+02,3.881141927082439214e+00,-3.974972623556618512e+00,0.000000000000000000e+00,-7.021724620934392647e+01
1.007000000000015660e+01,5.498133570342678240e+02,3.856691972728261142e+00,-3.968873505199150831e+00,0.000000000000000000e+00,-7.079545463804701910e+01
1.007250000000015611e+01,5.498229848839971510e+02,3.832242229105031317e+00,-3.962807248997059162e+00,0.000000000000000000e+00,-7.137275058132190964e+01
1.007500000000015561e+01,5.498325516094857903e+02,3.807792694190586413e+00,-3.956773677700439418e+00,0.000000000000000000e+00,-7.194913681055906807e+01
1.007750000000015511e+01,5.498420572112543141e+02,3.783343365940623482e+00,-3.950772620080318820e+00,0.000000000000000000e+00,-7.252461609998111669e+01
1.008000000000015461e+01,5.498515016898181784e+02,3.758894242289500198e+00,-3.944803904942003836e+00,0.000000000000000000e+00,-7.309919122759855270e+01
1.008250000000015412e+01,5.498608850456877235e+02,3.734445321151025343e+00,-3.938867354512715302e+00,0.000000000000000000e+00,-7.367286497560712633e+01
1.008500000000015362e+01,5.498702072793679463e+02,3.709996600419212420e+00,-3.932962798621788547e+00,0.000000000000000000e+00,-7.424564013104622973e+01
1.008750000000015312e+01,5.498794683913587278e+02,3.685548077969063030e+00,-3.927090064012989323e+00,0.000000000000000000e+00,-7.481751948628428295e+01
1.009000000000015262e+01,5.498886683821544921e+02,3.661099751657340917e+00,-3.921248975845476270e+00,0.000000000000000000e+00,-7.538850583977423980e+01
1.009250000000015213e+01,5.498978072522444336e+02,3.636651619323336693e+00,-3.915439364888124718e+00,0.000000000000000000e+00,-7.595860199640654287e+01
1.009500000000015163e+01,5.499068850021121762e+02,3.612203678789621897e+00,-3.909661059351746903e+00,0.000000000000000000e+00,-7.652781076837953833e+01
1.009750000000015113e+01,5.499159016322360003e+02,3.587755927862798178e+00,-3.903913885056828015e+00,0.000000000000000000e+00,-7.709613497553291950e+01
1.010000000000015064e+01,5.499248571430886159e+02,3.563308364334214051e+00,-3.898197673537170171e+00,0.000000000000000000e+00,-7.766357744567810073e+01
1.010250000000015014e+01,5.499337515351372758e+02,3.538860985980707419e+00,-3.892512250941303265e+00,0.000000000000000000e+00,-7.823014101538680620e+01
1.010500000000014964e+01,5.499425848088436624e+02,3.514413790565333873e+00,-3.886857446070604016e+00,0.000000000000000000e+00,-7.879582853024081146e+01
1.010750000000014914e+01,5.499513569646637734e+02,3.489966775838078128e+00,-3.881233090320060697e+00,0.000000000000000000e+00,-7.936064284532517377e+01
1.011000000000014865e+01,5.499600680030481499e+02,3.465519939536568117e+00,-3.875639013743998440e+00,0.000000000000000000e+00,-7.992458682570273254e+01
1.011250000000014815e+01,5.499687179244414210e+02,3.441073279386783312e+00,-3.870075045110276779e+00,0.000000000000000000e+00,-8.048766334680769319e+01
1.011500000000014765e+01,5.499773067292827591e+02,3.416626793103732851e+00,-3.864541014715946243e+00,0.000000000000000000e+00,-8.104987529487091535e+01
1.011750000000014715e+01,5.499858344180055383e+02,3.392180478392136767e+00,-3.859036750007478034e+00,0.000000000000000000e+00,-8.161122556716711074e+01
1.012000000000014666e+01,5.499943009910373348e+02,3.367734332947100118e+00,-3.853562084681144029e+00,0.000000000000000000e+00,-8.217171707237662304e+01
1.012250000000014616e+01,5.500027064487999269e+02,3.343288354454801770e+00,-3.848116846153606385e+00,0.000000000000000000e+00,-8.273135273096571041e+01
1.012500000000014566e+01,5.500110507917094083e+02,3.318842540593167634e+00,-3.842700865940365862e+00,0.000000000000000000e+00,-8.329013547549199359e+01
1.012750000000014516e+01,5.500193340201760748e+02,3.294396889032519926e+00,-3.837313974245634807e+00,0.000000000000000000e+00,-8.384806825091996529e+01
1.013000000000014467e+01,5.500275561346043105e+02,3.269951397436228202e+00,-3.831956003492403173e+00,0.000000000000000000e+00,-8.440515401482228697e+01
1.013250000000014417e+01,5.500357171353925878e+02,3.245506063461355062e+00,-3.826626782913082891e+00,0.000000000000000000e+00,-8.496139573772695996e+01
1.013500000000014367e+01,5.500438170229336947e+02,3.221060884759293419e+00,-3.821326143692967747e+00,0.000000000000000000e+00,-8.551679640324900333e+01
1.013750000000014317e+01,5.500518557976145075e+02,3.196615858976393554e+00,-3.816053915480400072e+00,0.000000000000000000e+00,-8.607135900842953902e+01
1.014000000000014268e+01,5.500598334598159909e+02,3.172170983754590168e+00,-3.810809930683140667e+00,0.000000000000000000e+00,-8.662508656381670846e+01
1.014250000000014218e+01,5.500677500099130839e+02,3.147726256732009009e+00,-3.805594017865202350e+00,0.000000000000000000e+00,-8.717798209365183482e+01
1.014500000000014168e+01,5.500756054482750415e+02,3.123281675543607694e+00,-3.800406010549173708e+00,0.000000000000000000e+00,-8.773004863615409477e+01
1.014750000000014118e+01,5.500833997752650930e+02,3.098837237821776558e+00,-3.795245738909455380e+00,0.000000000000000000e+00,-8.828128924356870755e+01
1.015000000000014069e+01,5.500911329912404426e+02,3.074392941196925744e+00,-3.790113034134315662e+00,0.000000000000000000e+00,-8.883170698230840401e+01
1.015250000000014019e+01,5.500988050965526099e+02,3.049948783298090937e+00,-3.785007726731452138e+00,0.000000000000000000e+00,-8.938130493308506175e+01
1.015500000000013969e+01,5.501064160915469756e+02,3.025504761753516902e+00,-3.779929647873180087e+00,0.000000000000000000e+00,-8.993008619100744738e+01
1.015750000000013920e+01,5.501139659765631222e+02,3.001060874191246786e+00,-3.774878628759410937e+00,0.000000000000000000e+00,-9.047805386562423280e+01
1.016000000000013870e+01,5.501214547519346070e+02,2.976617118239694104e+00,-3.769854498761396666e+00,0.000000000000000000e+00,-9.102521108100206959e+01
1.016250000000013820e+01,5.501288824179890753e+02,2.952173491528244931e+00,-3.764857090265310902e+00,0.000000000000000000e+00,-9.157156097580110554e+01
1.016500000000013770e+01,5.501362489750482609e+02,2.927729991687819666e+00,-3.759886234793904602e+00,0.000000000000000000e+00,-9.211710670327967421e+01
1.016750000000013721e+01,5.501435544234280997e+02,2.903286616351426819e+00,-3.754941761519174026e+00,0.000000000000000000e+00,-9.266185143130182666e+01
1.017000000000013671e+01,5.501507987634383881e+02,2.878843363154724777e+00,-3.750023501323996200e+00,0.000000000000000000e+00,-9.320579834233744521e+01
1.017250000000013621e+01,5.501579819953831247e+02,2.854400229736579142e+00,-3.745131285198329607e+00,0.000000000000000000e+00,-9.374895063342873414e+01
1.017500000000013571e+01,5.501651041195605103e+02,2.829957213739634270e+00,-3.740264942035722129e+00,0.000000000000000000e+00,-9.429131151617890794e+01
1.017750000000013522e+01,5.501721651362626062e+02,2.805514312810860833e+00,-3.735424303800108259e+00,0.000000000000000000e+00,-9.483288421668387969e+01
1.018000000000013472e+01,5.501791650457759033e+02,2.781071524602104716e+00,-3.730609199798208930e+00,0.000000000000000000e+00,-9.537367197546960540e+01
1.018250000000013422e+01,5.501861038483807533e+02,2.756628846770635910e+00,-3.725819461549833900e+00,0.000000000000000000e+00,-9.591367804741308589e+01
1.018500000000013372e+01,5.501929815443518237e+02,2.732186276979686301e+00,-3.721054916811408653e+00,0.000000000000000000e+00,-9.645290570164101496e+01
1.018750000000013323e+01,5.501997981339577564e+02,2.707743812899000346e+00,-3.716315396068246901e+00,0.000000000000000000e+00,-9.699135822142295638e+01
1.019000000000013273e+01,5.502065536174616227e+02,2.683301452205367088e+00,-3.711600727528451937e+00,0.000000000000000000e+00,-9.752903890404616050e+01
1.019250000000013223e+01,5.502132479951205823e+02,2.658859192583179265e+00,-3.706910742347451215e+00,0.000000000000000000e+00,-9.806595106066363599e+01
1.019500000000013173e+01,5.502198812671858832e+02,2.634417031724961333e+00,-3.702241904928813554e+00,0.000000000000000000e+00,-9.860209808380631102e+01
1.019750000000013124e+01,5.502264534091676751e+02,2.609959488281299755e+00,-3.697593353014900774e+00,0.000000000000000000e+00,-9.913748333525470002e+01
1.020000000000013074e+01,5.502329644105745956e+02,2.585483180795265845e+00,-3.692968044095636948e+00,0.000000000000000000e+00,-9.967211032988372210e+01
1.020250000000013024e+01,5.502394142213496480e+02,2.561003670442076441e+00,-3.688366485079836554e+00,0.000000000000000000e+00,-1.002059824749169508e+02
1.020500000000012975e+01,5.502458028334848450e+02,2.536524400463705753e+00,-3.683788501656024561e+00,0.000000000000000000e+00,-1.007391031586538901e+02
1.020750000000012925e+01,5.502521302475799985e+02,2.512045368919097132e+00,-3.679233922104538923e+00,0.000000000000000000e+00,-1.012714757785889930e+02
1.021000000000012875e+01,5.502583964642300316e+02,2.487566573828329908e+00,-3.674702571336662338e+00,0.000000000000000000e+00,-1.018031037410447368e+02
1.021250000000012825e+01,5.502646014840249791e+02,2.463088013173196700e+00,-3.670194273466844681e+00,0.000000000000000000e+00,-1.023339904609679820e+02
1.021500000000012776e+01,5.502707453075497597e+02,2.438609684897792285e+00,-3.665708855887913398e+00,0.000000000000000000e+00,-1.028641393616087925e+02
1.021750000000012726e+01,5.502768279353840626e+02,2.414131586909122440e+00,-3.661246142189173547e+00,0.000000000000000000e+00,-1.033935538742823752e+02
1.022000000000012676e+01,5.502828493681024611e+02,2.389653717077716344e+00,-3.656805957144843688e+00,0.000000000000000000e+00,-1.039222374380535996e+02
1.022250000000012626e+01,5.502888096062741852e+02,2.365176073238265175e+00,-3.652388124840180605e+00,0.000000000000000000e+00,-1.044501934993800774e+02
1.022500000000012577e+01,5.502947086504628942e+02,2.340698653190263379e+00,-3.647992469219145661e+00,0.000000000000000000e+00,-1.049774255117963691e+02
1.022750000000012527e+01,5.503005465012267905e+02,2.316221454698665472e+00,-3.643618812961582965e+00,0.000000000000000000e+00,-1.055039369356800876e+02
1.023000000000012477e+01,5.503063231591183921e+02,2.291744475494561062e+00,-3.639266979607863384e+00,0.000000000000000000e+00,-1.060297312377462191e+02
1.023250000000012427e+01,5.503120386246847602e+02,2.267267713275864072e+00,-3.634936791429335567e+00,0.000000000000000000e+00,-1.065548118908644568e+02
1.023500000000012378e+01,5.503176928984669303e+02,2.242791165708012624e+00,-3.630628070611205960e+00,0.000000000000000000e+00,-1.070791823735670221e+02
1.023750000000012328e+01,5.503232859810002537e+02,2.218314830424690687e+00,-3.626340637735406158e+00,0.000000000000000000e+00,-1.076028461697840015e+02
1.024000000000012278e+01,5.503288178728140565e+02,2.193838705028561264e+00,-3.622074316147855910e+00,0.000000000000000000e+00,-1.081258067684409099e+02
1.024250000000012228e+01,5.503342885744316391e+02,2.169362787092020461e+00,-3.617828924893418563e+00,0.000000000000000000e+00,-1.086480676630351923e+02
1.024500000000012179e+01,5.503396980863702765e+02,2.144887074157961759e+00,-3.613604285235152869e+00,0.000000000000000000e+00,-1.091696323512759079e+02
1.024750000000012129e+01,5.503450464091411050e+02,2.120411563740561611e+00,-3.609400216663062100e+00,0.000000000000000000e+00,-1.096905043346996393e+02
1.025000000000012079e+01,5.503503335432488939e+02,2.095936253326080578e+00,-3.605216539355767580e+00,0.000000000000000000e+00,-1.102106871183150076e+02
1.025250000000012029e+01,5.503555594891922738e+02,2.071461140373688004e+00,-3.601053070896653274e+00,0.000000000000000000e+00,-1.107301842100011982e+02
1.025500000000011980e+01,5.503607242474633949e+02,2.046986222316296899e+00,-3.596909630614512743e+00,0.000000000000000000e+00,-1.112489991203179187e+02
1.025750000000011930e+01,5.503658278185481549e+02,2.022511496561420152e+00,-3.592786036151145890e+00,0.000000000000000000e+00,-1.117671353619423940e+02
1.026000000000011880e+01,5.503708702029256301e+02,1.998036960492051595e+00,-3.588682104957088725e+00,0.000000000000000000e+00,-1.122845964493319713e+02
1.026250000000011831e+01,5.503758514010686440e+02,1.973562611467558847e+00,-3.584597654206808759e+00,0.000000000000000000e+00,-1.128013858981959174e+02
1.026500000000011781e+01,5.503807714134433127e+02,1.949088446824603249e+00,-3.580532500067257207e+00,0.000000000000000000e+00,-1.133175072250982396e+02
1.026750000000011731e+01,5.503856302405090446e+02,1.924614463878074444e+00,-3.576486458284801717e+00,0.000000000000000000e+00,-1.138329639470278920e+02
1.027000000000011681e+01,5.503904278827185408e+02,1.900140659922047393e+00,-3.572459344047273611e+00,0.000000000000000000e+00,-1.143477595808015224e+02
1.027250000000011632e+01,5.503951643405176810e+02,1.875667032230760034e+00,-3.568450972148337286e+00,0.000000000000000000e+00,-1.148618976427240455e+02
1.027500000000011582e+01,5.503998396143456375e+02,1.851193578059611600e+00,-3.564461156171667700e+00,0.000000000000000000e+00,-1.153753816481916346e+02
1.027750000000011532e+01,5.504044537046345340e+02,1.826720294646186904e+00,-3.560489710739116020e+00,0.000000000000000000e+00,-1.158882151110229870e+02
1.028000000000011482e+01,5.504090066118097866e+02,1.802247179211301953e+00,-3.556536449293366431e+00,0.000000000000000000e+00,-1.164004015431223706e+02
1.028250000000011433e+01,5.504134983362897628e+02,1.777774228960066649e+00,-3.552601184428974435e+00,0.000000000000000000e+00,-1.169119444540774992e+02
1.028500000000011383e+01,5.504179288784857818e+02,1.753301441082979029e+00,-3.548683726984891873e+00,0.000000000000000000e+00,-1.174228473504425381e+02
1.028750000000011333e+01,5.504222982388021137e+02,1.728828812757037703e+00,-3.544783889393875231e+00,0.000000000000000000e+00,-1.179331137353371872e+02
1.029000000000011283e+01,5.504266064176360942e+02,1.704356341146877396e+00,-3.540901482233386410e+00,0.000000000000000000e+00,-1.184427471080644665e+02
1.029250000000011234e+01,5.504308534153778965e+02,1.679884023405931792e+00,-3.537036315665696762e+00,0.000000000000000000e+00,-1.189517509634930974e+02
1.029500000000011184e+01,5.504350392324106451e+02,1.655411856677623028e+00,-3.533188199205835822e+00,0.000000000000000000e+00,-1.194601287915510568e+02
1.029750000000011134e+01,5.504391638691101889e+02,1.630939838096571393e+00,-3.529356942693427701e+00,0.000000000000000000e+00,-1.199678840766794110e+02
1.030000000000011084e+01,5.504432273258452142e+02,1.606467964789829228e+00,-3.525542353916919502e+00,0.000000000000000000e+00,-1.204750202975134812e+02
1.030250000000011035e+01,5.504472296029772451e+02,1.581996233878143032e+00,-3.521744241260050146e+00,0.000000000000000000e+00,-1.209815409261566543e+02
1.030500000000010985e+01,5.504511707008607573e+02,1.557524642477244203e+00,-3.517962412405061912e+00,0.000000000000000000e+00,-1.214874494277585342e+02
1.030750000000010935e+01,5.504550506198428366e+02,1.533053187699163544e+00,-3.514196673598557030e+00,0.000000000000000000e+00,-1.219927492600416201e+02
1.031000000000010886e+01,5.504588693602632929e+02,1.508581866653569747e+00,-3.510446831204284024e+00,0.000000000000000000e+00,-1.224974438725956105e+02
1.031250000000010836e+01,5.504626269224550015e+02,1.484110676449140742e+00,-3.506712691424298978e+00,0.000000000000000000e+00,-1.230015367065552851e+02
1.031500000000010786e+01,5.504663233067432202e+02,1.459639614194955692e+00,-3.502994058740835026e+00,0.000000000000000000e+00,-1.235050311939866816e+02
1.031750000000010736e+01,5.504699585134463860e+02,1.435168677001917414e+00,-3.499290738029628312e+00,0.000000000000000000e+00,-1.240079307573436154e+02
1.032000000000010687e+01,5.504735325428753185e+02,1.410697861984202772e+00,-3.495602532822004171e+00,0.000000000000000000e+00,-1.245102388089112253e+02
1.032250000000010637e+01,5.504770453953340166e+02,1.386227166260739940e+00,-3.491929247303112049e+00,0.000000000000000000e+00,-1.250119587502804563e+02
1.032500000000010587e+01,5.504804970711189753e+02,1.361756586956711867e+00,-3.488270683747368484e+00,0.000000000000000000e+00,-1.255130939720454109e+02
1.032750000000010537e+01,5.504838875705196415e+02,1.337286121205093714e+00,-3.484626644831462006e+00,0.000000000000000000e+00,-1.260136478528717134e+02
1.033000000000010488e+01,5.504872168938181858e+02,1.312815766148214047e+00,-3.480996931779692272e+00,0.000000000000000000e+00,-1.265136237592118817e+02
1.033250000000010438e+01,5.504904850412898440e+02,1.288345518939343792e+00,-3.477381346771715176e+00,0.000000000000000000e+00,-1.270130250447097069e+02
1.033500000000010388e+01,5.504936920132025762e+02,1.263875376744314716e+00,-3.473779689887253941e+00,0.000000000000000000e+00,-1.275118550496910359e+02
1.033750000000010338e+01,5.504968378098172934e+02,1.239405336743167885e+00,-3.470191760887000765e+00,0.000000000000000000e+00,-1.280101171005759682e+02
1.034000000000010289e+01,5.504999224313879722e+02,1.214935396131828327e+00,-3.466617359659383002e+00,0.000000000000000000e+00,-1.285078145092878970e+02
1.034250000000010239e+01,5.505029458781614267e+02,1.190465552123810999e+00,-3.463056285096037357e+00,0.000000000000000000e+00,-1.290049505728112536e+02
1.034500000000010189e+01,5.505059081503776497e+02,1.165995801951954514e+00,-3.459508336324958577e+00,0.000000000000000000e+00,-1.295015285725752392e+02
1.034750000000010139e+01,5.505088092482695856e+02,1.141526142870181504e+00,-3.455973310913831309e+00,0.000000000000000000e+00,-1.299975517740411703e+02
1.035000000000010090e+01,5.505116491720634713e+02,1.117056572155287641e+00,-3.452451007573219322e+00,0.000000000000000000e+00,-1.304930234260114332e+02
1.035250000000010040e+01,5.505144279219787222e+02,1.092587087108762400e+00,-3.448941223157931280e+00,0.000000000000000000e+00,-1.309879467602560510e+02
1.035500000000009990e+01,5.505171454982279329e+02,1.068117685058635580e+00,-3.445443753721646019e+00,0.000000000000000000e+00,-1.314823249908599223e+02
1.035750000000009940e+01,5.505198019010172175e+02,1.043648363361351361e+00,-3.441958395840090557e+00,0.000000000000000000e+00,-1.319761613136654432e+02
1.036000000000009891e+01,5.505223971305458690e+02,1.019179119403672784e+00,-3.438484945628458966e+00,0.000000000000000000e+00,-1.324694589057526741e+02
1.036250000000009841e+01,5.505249311870068141e+02,9.947099506046135353e-01,-3.435023198616595774e+00,0.000000000000000000e+00,-1.329622209250109961e+02
1.036500000000009791e+01,5.505274040705864991e+02,9.702408544173932725e-01,-3.431572950425533453e+00,0.000000000000000000e+00,-1.334544505095180682e+02
1.036750000000009742e+01,5.505298157814650040e+02,9.457718283314233698e-01,-3.428133995170364656e+00,0.000000000000000000e+00,-1.339461507771008257e+02
1.037000000000009692e+01,5.505321663198161559e+02,9.213028698743190859e-01,-3.424706127006790890e+00,0.000000000000000000e+00,-1.344373248245937873e+02
1.037250000000009642e+01,5.505344556858076430e+02,8.968339766139352687e-01,-3.421289140496725167e+00,0.000000000000000000e+00,-1.349279757275817246e+02
1.037500000000009592e+01,5.505366838796011280e+02,8.723651461604303714e-01,-3.417882829259210276e+00,0.000000000000000000e+00,-1.354181065397003749e+02
1.037750000000009543e+01,5.505388509013523617e+02,8.478963761683566691e-01,-3.414486986952756542e+00,0.000000000000000000e+00,-1.359077202922247523e+02
1.038000000000009493e+01,5.505409567512111835e+02,8.234276643387732353e-01,-3.411101406720605134e+00,0.000000000000000000e+00,-1.363968199935412997e+02
1.038250000000009443e+01,5.505430014293216345e+02,7.989590084213807897e-01,-3.407725881283660385e+00,0.000000000000000000e+00,-1.368854086285343215e+02
1.038500000000009393e+01,5.505449849358222991e+02,7.744904062166836356e-01,-3.404360203615937053e+00,0.000000000000000000e+00,-1.373734891582179216e+02
1.038750000000009344e+01,5.505469072708463045e+02,7.500218555781714702e-01,-3.401004166267330486e+00,0.000000000000000000e+00,-1.378610645191698723e+02
1.039000000000009294e+01,5.505487684345213211e+02,7.255533544145259528e-01,-3.397657560725143799e+00,0.000000000000000000e+00,-1.383481376229788111e+02
1.039250000000009244e+01,5.505505684269699032e+02,7.010849006918468129e-01,-3.394320180133834519e+00,0.000000000000000000e+00,-1.388347113557904891e+02
1.039500000000009194e+01,5.505523072483094893e+02,6.766164924358967214e-01,-3.390991816948771387e+00,0.000000000000000000e+00,-1.393207885779563924e+02
1.039750000000009145e+01,5.505539848986527431e+02,6.521481277343693650e-01,-3.387672262273934809e+00,0.000000000000000000e+00,-1.398063721234481136e+02
1.040000000000009095e+01,5.505556013781074398e+02,6.276798047391730639e-01,-3.384361307980146893e+00,0.000000000000000000e+00,-1.402914647992556070e+02
1.040250000000009045e+01,5.505571566867768070e+02,6.032115216687302661e-01,-3.381058745981406766e+00,0.000000000000000000e+00,-1.407760693849862434e+02
1.040500000000008995e+01,5.505586508247597521e+02,5.787432768102963587e-01,-3.377764368190514954e+00,0.000000000000000000e+00,-1.412601886324632687e+02
1.040750000000008946e+01,5.505600837921508628e+02,5.542750685222908036e-01,-3.374477966466824519e+00,0.000000000000000000e+00,-1.417438252652726476e+02
1.041000000000008896e+01,5.505614555890407473e+02,5.298068952366441486e-01,-3.371199332739029941e+00,0.000000000000000000e+00,-1.422269819782289630e+02
1.041250000000008846e+01,5.505627662155160351e+02,5.053387554611572519e-01,-3.367928258753825954e+00,0.000000000000000000e+00,-1.427096614369380347e+02
1.041500000000008797e+01,5.505640156716596039e+02,4.808706477818743830e-01,-3.364664536287302443e+00,0.000000000000000000e+00,-1.431918662773843209e+02
1.041750000000008747e+01,5.505652039575510344e+02,4.564025708654611546e-01,-3.361407955785042034e+00,0.000000000000000000e+00,-1.436735991053791963e+02
1.042000000000008697e+01,5.505663310732664968e+02,4.319345234615923901e-01,-3.358158308651531421e+00,0.000000000000000000e+00,-1.441548624961431528e+02
1.042250000000008647e+01,5.505673970188792055e+02,4.074665044053372709e-01,-3.354915385686869200e+00,0.000000000000000000e+00,-1.446356589938772288e+02
1.042500000000008598e+01,5.505684017944593052e+02,3.829985126195464828e-01,-3.351678977132445336e+00,0.000000000000000000e+00,-1.451159911113106773e+02
1.042750000000008548e+01,5.505693454000744396e+02,3.585305471172471892e-01,-3.348448873934946945e+00,0.000000000000000000e+00,-1.455958613292971791e+02
1.043000000000008498e+01,5.505702278357898649e+02,3.340626070040345064e-01,-3.345224867152484460e+00,0.000000000000000000e+00,-1.460752720964601110e+02
1.043250000000008448e+01,5.505710491016685637e+02,3.095946914804625916e-01,-3.342006748977859765e+00,0.000000000000000000e+00,-1.465542258287518393e+02
1.043500000000008399e+01,5.505718091977716995e+02,2.851267998444400598e-01,-3.338794310102311869e+00,0.000000000000000000e+00,-1.470327249093128898e+02
1.043750000000008349e+01,5.505725081241585031e+02,2.606589314936209600e-01,-3.335587343257752746e+00,0.000000000000000000e+00,-1.475107716877661517e+02
1.044000000000008299e+01,5.505731458808870684e+02,2.361910859277906449e-01,-3.332385640163994633e+00,0.000000000000000000e+00,-1.479883684801871198e+02
1.044250000000008249e+01,5.505737224680140116e+02,2.117232627512442011e-01,-3.329188993698964261e+00,0.000000000000000000e+00,-1.484655175684868595e+02
1.044500000000008200e+01,5.505742378855952666e+02,1.872554616751598011e-01,-3.325997197229699331e+00,0.000000000000000000e+00,-1.489422212003169932e+02
1.044750000000008150e+01,5.505746921336859714e+02,1.627876825199615907e-01,-3.322810043126502855e+00,0.000000000000000000e+00,-1.494184815885562045e+02
1.045000000000008100e+01,5.505750852123408094e+02,1.383199252176707250e-01,-3.319627326157452707e+00,0.000000000000000000e+00,-1.498943009109770799e+02
1.045250000000008050e+01,5.505754171216145778e+02,1.138521898142392519e-01,-3.316448840600345171e+00,0.000000000000000000e+00,-1.503696813101252872e+02
1.045500000000008001e+01,5.505756878615619598e+02,8.938447647187253153e-02,-3.313274381408357172e+00,0.000000000000000000e+00,-1.508446248928799491e+02
1.045750000000007951e+01,5.505758974322384347e+02,6.491678547133217236e-02,-3.310103744343863230e+00,0.000000000000000000e+00,-1.513191337301370254e+02
1.046000000000007901e+01,5.505760458337000500e+02,4.044911721422149442e-02,-3.306936725403148092e+00,0.000000000000000000e+00,-1.517932098566379295e+02
1.046250000000007851e+01,5.505761330660038766e+02,1.598147222524535713e-02,-3.303773121521240252e+00,0.000000000000000000e+00,-1.522668552705585228e+02
